dataset,scenario,model,signal,metric,spearman_mean,spearman_std,pearson_mean,pearson_std,n_seeds_valid
lsac,no_drift,lr,global_mean,DI_star,-0.00575218542382071,0.21309308764142662,-0.024340966427961387,0.204080286832464,20
lsac,no_drift,lr,global_mean,AOD_star,0.05390977443609022,0.23365744081774853,0.05614745854319427,0.23714308124575487,20
lsac,no_drift,lr,global_mean,BalAcc,0.04864661654135336,0.24650523574776248,0.06492164294426642,0.22929152715991913,20
lsac,no_drift,lr,global_ewma,DI_star,0.06769720233171364,0.28310706306371686,0.04836948746465662,0.28278102601128313,20
lsac,no_drift,lr,global_ewma,AOD_star,0.056616541353383475,0.23730699093883123,0.052786801379903756,0.25109462012721795,20
lsac,no_drift,lr,global_ewma,BalAcc,-0.02383458646616541,0.20530158829425119,-0.03452507000413416,0.20504068995230046,20
lsac,no_drift,lr,global_std,DI_star,-0.040209714177263045,0.21669760449424683,-0.023259119805356148,0.19400672177820735,20
lsac,no_drift,lr,global_std,AOD_star,0.01827067669172932,0.2156315866814075,0.034030556233830764,0.2110146719447433,20
lsac,no_drift,lr,global_std,BalAcc,0.01142857142857141,0.23070600043195685,0.027620113083221366,0.21288431304688274,20
lsac,no_drift,lr,subgroup_violation_diff,DI_star,-0.10392422853239691,0.22105091477228953,-0.11512078392509087,0.2078757975382061,20
lsac,no_drift,lr,subgroup_violation_diff,AOD_star,-0.14533834586466166,0.2619544016466067,-0.15180654344580416,0.22849810194126757,20
lsac,no_drift,lr,subgroup_violation_diff,BalAcc,-0.09706766917293234,0.27066811807641245,-0.05866695436978473,0.2912070343658896,20
lsac,no_drift,lr,max_subgroup_deviation,DI_star,-0.03238435049819135,0.24489563366609027,-0.022904812329640728,0.2400746492102287,20
lsac,no_drift,lr,max_subgroup_deviation,AOD_star,0.049548872180451134,0.24880674014129228,0.052233508543078885,0.2662980525146952,20
lsac,no_drift,lr,max_subgroup_deviation,BalAcc,0.045112781954887216,0.1997612912046138,0.031115789339626675,0.20141065435712371,20
lsac,no_drift,lr,assignment_proportion_drift,DI_star,0.07267330838766282,0.22436897870542344,0.06919859590388036,0.2142576815287552,20
lsac,no_drift,lr,assignment_proportion_drift,AOD_star,0.05497173910924587,0.22080741127215445,0.06194267708174678,0.2194410578828681,20
lsac,no_drift,lr,assignment_proportion_drift,BalAcc,0.04789493481683089,0.230240856576962,0.03268865749936795,0.23895157075280557,20
lsac,no_drift,lr,ks_statistic,DI_star,-0.025336041878549587,0.2563793809497842,-0.04489532770102661,0.25824619612472444,20
lsac,no_drift,lr,ks_statistic,AOD_star,-0.030977443609022548,0.29343867864771905,-0.03232997492268255,0.2721882204580981,20
lsac,no_drift,lr,ks_statistic,BalAcc,0.02947368421052631,0.19790319245139115,0.0386299497429587,0.20088802894757948,20
lsac,no_drift,lr,kl_divergence,DI_star,-0.013858390648292213,0.20355622511264082,-0.022448611136376327,0.198162909012589,20
lsac,no_drift,lr,kl_divergence,AOD_star,-0.013984962406015045,0.18527518025633508,-0.024657999895815554,0.18710488999634092,20
lsac,no_drift,lr,kl_divergence,BalAcc,0.04105263157894736,0.22274534754389522,0.05100604197294221,0.20374855751831966,20
lsac,no_drift,lr,per_subgroup_ewma[min_neg],DI_star,0.014667856753212999,0.2739688575570782,0.024507050011976866,0.26250512696976236,20
lsac,no_drift,lr,per_subgroup_ewma[min_neg],AOD_star,0.006917293233082709,0.2244576380381672,0.0315608302956079,0.2245563871426398,20
lsac,no_drift,lr,per_subgroup_ewma[min_neg],BalAcc,-0.021428571428571422,0.2160556766244804,-0.000940541525924651,0.22470516882939107,20
lsac,no_drift,lr,per_subgroup_baseline_relative[min_neg],DI_star,-0.06864081353688704,0.21203614374365243,-0.07584451600954273,0.1832972018277781,20
lsac,no_drift,lr,per_subgroup_baseline_relative[min_neg],AOD_star,-0.01669172932330826,0.21921898173688467,-0.007955847902330749,0.2072347493345676,20
lsac,no_drift,lr,per_subgroup_baseline_relative[min_neg],BalAcc,0.03721804511278195,0.23849115611491337,0.07088399683093849,0.24004334843573513,20
lsac,no_drift,lr,per_subgroup_ewma[min_pos],DI_star,-0.00716743022167988,0.2154757109472783,-0.02159650192237763,0.22444461394070309,20
lsac,no_drift,lr,per_subgroup_ewma[min_pos],AOD_star,0.010451127819548878,0.2378106345449071,0.02726960829631504,0.2478042771341105,20
lsac,no_drift,lr,per_subgroup_ewma[min_pos],BalAcc,-0.022255639097744355,0.2588902507019736,-0.012132724208773536,0.2636960870206274,20
lsac,no_drift,lr,per_subgroup_baseline_relative[min_pos],DI_star,-0.033494379963872986,0.1868678606550867,-0.034848654035991806,0.1736003246855264,20
lsac,no_drift,lr,per_subgroup_baseline_relative[min_pos],AOD_star,0.01586466165413533,0.24484346798936957,0.010471567783789562,0.22748043708905616,20
lsac,no_drift,lr,per_subgroup_baseline_relative[min_pos],BalAcc,-0.0032330827067669154,0.2745031435232975,-0.03175877396569593,0.2628952985570139,20
lsac,no_drift,lr,per_subgroup_ewma[maj_neg],DI_star,0.05938437892167503,0.33126753797769054,0.08164563581423931,0.3012164212250469,20
lsac,no_drift,lr,per_subgroup_ewma[maj_neg],AOD_star,0.0412781954887218,0.28446282114489885,0.07887407787274589,0.28403008989674083,20
lsac,no_drift,lr,per_subgroup_ewma[maj_neg],BalAcc,-0.001428571428571418,0.22316695105551987,-0.02956555825905821,0.24322277193423347,20
lsac,no_drift,lr,per_subgroup_baseline_relative[maj_neg],DI_star,-0.01468531020304904,0.26939501002584804,-0.005662270284888914,0.23644187108851542,20
lsac,no_drift,lr,per_subgroup_baseline_relative[maj_neg],AOD_star,0.047293233082706776,0.25419782788244405,0.06881484564359133,0.265626511591984,20
lsac,no_drift,lr,per_subgroup_baseline_relative[maj_neg],BalAcc,0.11015037593984962,0.28613300343138587,0.10380568177448568,0.310767305976477,20
lsac,no_drift,lr,per_subgroup_ewma[maj_pos],DI_star,0.09697944707845295,0.2521832002755653,0.09411211128209038,0.22817351846624354,20
lsac,no_drift,lr,per_subgroup_ewma[maj_pos],AOD_star,0.0824812030075188,0.23983490420808126,0.07573271835657844,0.2447924881586042,20
lsac,no_drift,lr,per_subgroup_ewma[maj_pos],BalAcc,-0.003834586466165414,0.18089261469694293,0.006854105094796244,0.18927308984201885,20
lsac,no_drift,lr,per_subgroup_baseline_relative[maj_pos],DI_star,0.11477693283789432,0.2217624384328829,0.12096265949441842,0.21931888407584305,20
lsac,no_drift,lr,per_subgroup_baseline_relative[maj_pos],AOD_star,0.16240601503759394,0.23548891385544166,0.1591215860212976,0.24467172913098212,20
lsac,no_drift,lr,per_subgroup_baseline_relative[maj_pos],BalAcc,0.03969924812030075,0.23657648310661233,0.025271885484666457,0.24623644575978718,20
lsac,no_drift,xgb,global_mean,DI_star,-0.0657142857142857,0.20703501416085668,-0.05021451311041214,0.2217933226355628,20
lsac,no_drift,xgb,global_mean,AOD_star,-0.0969924812030075,0.20966930828465352,-0.0785034848746998,0.21480422419682269,20
lsac,no_drift,xgb,global_mean,BalAcc,-0.03533834586466165,0.18185761396650255,-0.032661292766537155,0.20844789620489423,20
lsac,no_drift,xgb,global_ewma,DI_star,0.051127819548872175,0.2266175890930771,0.05316875755515562,0.2301379449115492,20
lsac,no_drift,xgb,global_ewma,AOD_star,0.002857142857142858,0.2121867389017342,-0.007680609537320765,0.18570490879452076,20
lsac,no_drift,xgb,global_ewma,BalAcc,-0.06,0.14940581809046427,-0.04288804061436245,0.15242616920042235,20
lsac,no_drift,xgb,global_std,DI_star,-0.07774436090225563,0.20298640937310553,-0.05130211579890105,0.21364980841297487,20
lsac,no_drift,xgb,global_std,AOD_star,-0.10774436090225563,0.22452304961359787,-0.08280780885362952,0.21829788962574248,20
lsac,no_drift,xgb,global_std,BalAcc,-0.0537593984962406,0.1531347497100888,-0.050989235204332774,0.169311800594887,20
lsac,no_drift,xgb,subgroup_violation_diff,DI_star,0.0413533834586466,0.20227408586252782,0.02979134935970289,0.21014349666801313,20
lsac,no_drift,xgb,subgroup_violation_diff,AOD_star,-0.011203007518796994,0.20764215304994746,-0.02751858228736413,0.21814723056752763,20
lsac,no_drift,xgb,subgroup_violation_diff,BalAcc,-0.05654135338345865,0.24572891794350632,-0.05215138907070822,0.2593446336519637,20
lsac,no_drift,xgb,max_subgroup_deviation,DI_star,-0.07436090225563909,0.14736111306108796,-0.049449918463408134,0.1773202305145699,20
lsac,no_drift,xgb,max_subgroup_deviation,AOD_star,-0.01676691729323308,0.2002261568294254,-0.012076049957276697,0.20522079837589158,20
lsac,no_drift,xgb,max_subgroup_deviation,BalAcc,0.014511278195488711,0.23676178373058324,-0.0010628684121996607,0.22278779106616292,20
lsac,no_drift,xgb,assignment_proportion_drift,DI_star,0.024206425410758563,0.15705308730138223,-0.0014786552796359764,0.15525094414066615,20
lsac,no_drift,xgb,assignment_proportion_drift,AOD_star,0.03792793295994831,0.17520387921697314,0.02784421987887916,0.1906048296685885,20
lsac,no_drift,xgb,assignment_proportion_drift,BalAcc,0.007333669419087139,0.15453066191612042,0.023963189915559215,0.14873749371163003,20
lsac,no_drift,xgb,ks_statistic,DI_star,0.02496240601503759,0.3240573242728678,-0.01647115962608523,0.25079917250818784,20
lsac,no_drift,xgb,ks_statistic,AOD_star,0.06142857142857142,0.23694031857912196,0.0037417616795327596,0.22149293614416418,20
lsac,no_drift,xgb,ks_statistic,BalAcc,-0.052030075187969926,0.26172041334977597,-0.046070665587026216,0.229259858421513,20
lsac,no_drift,xgb,kl_divergence,DI_star,-0.09225563909774434,0.2806444837297728,-0.09539487810507777,0.28525704792136986,20
lsac,no_drift,xgb,kl_divergence,AOD_star,-0.08451127819548869,0.27990355542435297,-0.08517947027545132,0.27779177115153736,20
lsac,no_drift,xgb,kl_divergence,BalAcc,-0.03661654135338345,0.21278927429691727,-0.04505043255345971,0.19756660225325262,20
lsac,no_drift,xgb,per_subgroup_ewma[min_neg],DI_star,0.027744360902255644,0.25028378940484536,0.02694535358135956,0.22809162457098506,20
lsac,no_drift,xgb,per_subgroup_ewma[min_neg],AOD_star,-0.014436090225563913,0.15789788754464779,-0.026168321239275455,0.13951378726526867,20
lsac,no_drift,xgb,per_subgroup_ewma[min_neg],BalAcc,-0.07488721804511277,0.21099603881632092,-0.05911030825757738,0.21444311583770762,20
lsac,no_drift,xgb,per_subgroup_baseline_relative[min_neg],DI_star,-0.04203007518796993,0.20194401182234908,-0.05854724174412564,0.216804772105236,20
lsac,no_drift,xgb,per_subgroup_baseline_relative[min_neg],AOD_star,-0.07105263157894737,0.15546419652132965,-0.0839701370566294,0.16195918510554386,20
lsac,no_drift,xgb,per_subgroup_baseline_relative[min_neg],BalAcc,0.01007518796992482,0.2679124095470881,-0.02605963804801898,0.278668371894861,20
lsac,no_drift,xgb,per_subgroup_ewma[min_pos],DI_star,0.03548872180451128,0.24894890124266103,0.05018048731502693,0.2583628451090492,20
lsac,no_drift,xgb,per_subgroup_ewma[min_pos],AOD_star,0.03421052631578946,0.27490098639446753,0.040978073787125625,0.2540144894528053,20
lsac,no_drift,xgb,per_subgroup_ewma[min_pos],BalAcc,-0.06789473684210526,0.2223064411299824,-0.023364092188904347,0.20799520598052412,20
lsac,no_drift,xgb,per_subgroup_baseline_relative[min_pos],DI_star,-0.022781954887218042,0.196967383466935,0.0006348352471397901,0.2104494883863863,20
lsac,no_drift,xgb,per_subgroup_baseline_relative[min_pos],AOD_star,-0.026842105263157896,0.23789847957665314,-0.012315499776075624,0.23437984940092124,20
lsac,no_drift,xgb,per_subgroup_baseline_relative[min_pos],BalAcc,-0.060225563909774425,0.18368005559764544,-0.0729627593229719,0.16862671005866947,20
lsac,no_drift,xgb,per_subgroup_ewma[maj_neg],DI_star,-0.07654135338345863,0.25829531134223627,-0.07527894840686093,0.2462431737230453,20
lsac,no_drift,xgb,per_subgroup_ewma[maj_neg],AOD_star,-0.07834586466165414,0.21722318510875635,-0.05379171993993541,0.21339143458637488,20
lsac,no_drift,xgb,per_subgroup_ewma[maj_neg],BalAcc,-0.028646616541353375,0.19951916590507665,0.0013913992803241508,0.2115164565418359,20
lsac,no_drift,xgb,per_subgroup_baseline_relative[maj_neg],DI_star,-0.09225563909774435,0.31902966222179585,-0.07064342381618463,0.2785774826208684,20
lsac,no_drift,xgb,per_subgroup_baseline_relative[maj_neg],AOD_star,-0.03263157894736842,0.23588808932092267,-0.00924643889597403,0.2017166143835019,20
lsac,no_drift,xgb,per_subgroup_baseline_relative[maj_neg],BalAcc,0.019097744360902252,0.2652117915246772,0.05341444102521729,0.28241711847394857,20
lsac,no_drift,xgb,per_subgroup_ewma[maj_pos],DI_star,0.03977443609022555,0.24170539761621757,0.033697588164948486,0.2282665609015719,20
lsac,no_drift,xgb,per_subgroup_ewma[maj_pos],AOD_star,0.010150375939849628,0.2434134901719571,-0.0016948122300110848,0.23663786887911425,20
lsac,no_drift,xgb,per_subgroup_ewma[maj_pos],BalAcc,0.0024060150375939796,0.14403738812747738,0.01138463409524997,0.13495303329626807,20
lsac,no_drift,xgb,per_subgroup_baseline_relative[maj_pos],DI_star,-0.03872180451127819,0.18379475866672199,-0.011532009377603463,0.1803127658938228,20
lsac,no_drift,xgb,per_subgroup_baseline_relative[maj_pos],AOD_star,-0.022932330827067672,0.20650612398022586,0.0008641394904485011,0.1989392737250541,20
lsac,no_drift,xgb,per_subgroup_baseline_relative[maj_pos],BalAcc,0.03353383458646616,0.20846905673783628,-0.0026690065399942093,0.20465341280255983,20
lsac,gradual_group_mag0.5,lr,global_mean,DI_star,0.13827368849847488,0.24367087717734717,0.12559081800039593,0.30380875484182074,20
lsac,gradual_group_mag0.5,lr,global_mean,AOD_star,0.16548872180451127,0.23427272011220743,0.16449915115823732,0.28643194021901086,20
lsac,gradual_group_mag0.5,lr,global_mean,BalAcc,0.07533834586466165,0.22406615524072296,0.060145584906084106,0.21039790987477133,20
lsac,gradual_group_mag0.5,lr,global_ewma,DI_star,0.3217965035709917,0.4274506405896421,0.2913992435047722,0.4304894103616342,20
lsac,gradual_group_mag0.5,lr,global_ewma,AOD_star,0.34285714285714286,0.4240156218289341,0.2895465299001935,0.4268556016228234,20
lsac,gradual_group_mag0.5,lr,global_ewma,BalAcc,-0.019699248120300744,0.2279740412666217,-0.009410184968869941,0.22608463302342857,20
lsac,gradual_group_mag0.5,lr,global_std,DI_star,0.11091008628325368,0.280936961774697,0.08366941303104766,0.3119881589399539,20
lsac,gradual_group_mag0.5,lr,global_std,AOD_star,0.10533834586466165,0.28021961255837613,0.10638051917163001,0.3037622083980137,20
lsac,gradual_group_mag0.5,lr,global_std,BalAcc,0.03556390977443609,0.24308598589845268,0.03072115571491054,0.21571179512072472,20
lsac,gradual_group_mag0.5,lr,subgroup_violation_diff,DI_star,-0.19144292167628257,0.25507007260388,-0.1814474272727113,0.2851369104901639,20
lsac,gradual_group_mag0.5,lr,subgroup_violation_diff,AOD_star,-0.23165413533834583,0.2171958961945656,-0.2209486529070941,0.24540481732346953,20
lsac,gradual_group_mag0.5,lr,subgroup_violation_diff,BalAcc,-0.035789473684210524,0.2716867536797653,-0.018160248454679156,0.2934243387715472,20
lsac,gradual_group_mag0.5,lr,max_subgroup_deviation,DI_star,0.24246582531368738,0.3356528956956015,0.22073838058582215,0.3355957066092668,20
lsac,gradual_group_mag0.5,lr,max_subgroup_deviation,AOD_star,0.25263157894736843,0.31566091188988726,0.24177447551156828,0.31984785257435466,20
lsac,gradual_group_mag0.5,lr,max_subgroup_deviation,BalAcc,-0.0243609022556391,0.2668279422617991,-0.040780761404830855,0.26320269039056193,20
lsac,gradual_group_mag0.5,lr,assignment_proportion_drift,DI_star,0.19463682315764813,0.224279472011591,0.18744204574213127,0.21864851232170063,20
lsac,gradual_group_mag0.5,lr,assignment_proportion_drift,AOD_star,0.1853421922307596,0.2149830551937843,0.16083470938916464,0.2187775318689833,20
lsac,gradual_group_mag0.5,lr,assignment_proportion_drift,BalAcc,-0.01845727493451376,0.18663254409800492,-0.023397963683625282,0.17985205751819777,20
lsac,gradual_group_mag0.5,lr,ks_statistic,DI_star,0.11616470488127421,0.22941408298552507,0.15465947741974667,0.1863462196045241,20
lsac,gradual_group_mag0.5,lr,ks_statistic,AOD_star,0.08609022556390976,0.24565228462846628,0.1055609157940911,0.21668872279634202,20
lsac,gradual_group_mag0.5,lr,ks_statistic,BalAcc,-0.02060150375939849,0.2475560227445152,-0.023454929559907134,0.24168975660822636,20
lsac,gradual_group_mag0.5,lr,kl_divergence,DI_star,0.32413693284748946,0.2134415655653595,0.33682615304780017,0.17869476385394603,20
lsac,gradual_group_mag0.5,lr,kl_divergence,AOD_star,0.29872180451127817,0.20198980489656587,0.30075428409333693,0.19405009100491563,20
lsac,gradual_group_mag0.5,lr,kl_divergence,BalAcc,-0.015939849624060146,0.21329458162748124,-0.011180214775013953,0.22761801256921174,20
lsac,gradual_group_mag0.5,lr,per_subgroup_ewma[min_neg],DI_star,0.33340702137761224,0.3745758869909592,0.32424651588610565,0.37131512255621046,20
lsac,gradual_group_mag0.5,lr,per_subgroup_ewma[min_neg],AOD_star,0.34142857142857136,0.37288638905717764,0.3309107767066883,0.3517152560247133,20
lsac,gradual_group_mag0.5,lr,per_subgroup_ewma[min_neg],BalAcc,-0.027969924812030072,0.24394824613387053,0.00042563724915954947,0.25614641028138646,20
lsac,gradual_group_mag0.5,lr,per_subgroup_baseline_relative[min_neg],DI_star,0.07349461070061494,0.22661672982876685,0.0687965500715342,0.2492649953637459,20
lsac,gradual_group_mag0.5,lr,per_subgroup_baseline_relative[min_neg],AOD_star,0.0912781954887218,0.23690635242691835,0.10359045981676437,0.2468799170441684,20
lsac,gradual_group_mag0.5,lr,per_subgroup_baseline_relative[min_neg],BalAcc,0.062180451127819544,0.2568411698139363,0.0921281943009325,0.24646834517277624,20
lsac,gradual_group_mag0.5,lr,per_subgroup_ewma[min_pos],DI_star,0.31205420484101387,0.34175322882000503,0.2880734544194507,0.3540509006312055,20
lsac,gradual_group_mag0.5,lr,per_subgroup_ewma[min_pos],AOD_star,0.31609022556390975,0.3434642428734391,0.28454203113037624,0.348662576673331,20
lsac,gradual_group_mag0.5,lr,per_subgroup_ewma[min_pos],BalAcc,-0.009774436090225562,0.27396725840971564,0.008830981796040294,0.24826881190274333,20
lsac,gradual_group_mag0.5,lr,per_subgroup_baseline_relative[min_pos],DI_star,0.04201423683661022,0.21895425897799645,0.04578999150049656,0.2267838264397625,20
lsac,gradual_group_mag0.5,lr,per_subgroup_baseline_relative[min_pos],AOD_star,0.06353383458646615,0.2575500776786832,0.06688799097205514,0.265527178578464,20
lsac,gradual_group_mag0.5,lr,per_subgroup_baseline_relative[min_pos],BalAcc,0.03022556390977444,0.26527905600833557,0.00010378013748268966,0.25711132966285405,20
lsac,gradual_group_mag0.5,lr,per_subgroup_ewma[maj_neg],DI_star,0.05647555509332251,0.3731579035633916,0.08679474278951556,0.40095029503159296,20
lsac,gradual_group_mag0.5,lr,per_subgroup_ewma[maj_neg],AOD_star,0.096390977443609,0.3313027680400956,0.10161956132289765,0.36475699692533015,20
lsac,gradual_group_mag0.5,lr,per_subgroup_ewma[maj_neg],BalAcc,-0.022857142857142854,0.2536831854363322,-0.04258209502300186,0.24499408184121202,20
lsac,gradual_group_mag0.5,lr,per_subgroup_baseline_relative[maj_neg],DI_star,-0.05478680204403954,0.18895290854645583,-0.05413086720263911,0.1690409022108907,20
lsac,gradual_group_mag0.5,lr,per_subgroup_baseline_relative[maj_neg],AOD_star,0.003684210526315796,0.15694269008480596,0.00916869129880232,0.1577596948857676,20
lsac,gradual_group_mag0.5,lr,per_subgroup_baseline_relative[maj_neg],BalAcc,0.07842105263157893,0.25537636875163905,0.07047174738970528,0.275329817746073,20
lsac,gradual_group_mag0.5,lr,per_subgroup_ewma[maj_pos],DI_star,0.3778199032651887,0.41147490388218694,0.3706826032679759,0.42734194223406735,20
lsac,gradual_group_mag0.5,lr,per_subgroup_ewma[maj_pos],AOD_star,0.3817293233082707,0.43034332957583865,0.3586436257543464,0.42679868772613727,20
lsac,gradual_group_mag0.5,lr,per_subgroup_ewma[maj_pos],BalAcc,0.004360902255639109,0.22694210540141088,-0.004847661204873851,0.22615118313261748,20
lsac,gradual_group_mag0.5,lr,per_subgroup_baseline_relative[maj_pos],DI_star,0.2931864180357602,0.2773609707249156,0.2548466571232347,0.3082972914117348,20
lsac,gradual_group_mag0.5,lr,per_subgroup_baseline_relative[maj_pos],AOD_star,0.3175187969924812,0.2514253673753469,0.290719883079047,0.2758858414651446,20
lsac,gradual_group_mag0.5,lr,per_subgroup_baseline_relative[maj_pos],BalAcc,0.008796992481203008,0.27292395231448885,0.013135625909669374,0.2655367154889114,20
lsac,gradual_group_mag0.5,xgb,global_mean,DI_star,0.24872180451127815,0.365893555191352,0.34392017969741134,0.424742083964034,20
lsac,gradual_group_mag0.5,xgb,global_mean,AOD_star,0.2312781954887218,0.3241951814689964,0.3772176697944353,0.39217269610968125,20
lsac,gradual_group_mag0.5,xgb,global_mean,BalAcc,-0.2756835501394612,0.3179841284106962,-0.28007451612942613,0.3428279994799583,20
lsac,gradual_group_mag0.5,xgb,global_ewma,DI_star,0.40616541353383456,0.5237304709446844,0.4687526489753423,0.5758211523724156,20
lsac,gradual_group_mag0.5,xgb,global_ewma,AOD_star,0.2876691729323308,0.4310911550034534,0.4159252192514356,0.5328597509650633,20
lsac,gradual_group_mag0.5,xgb,global_ewma,BalAcc,-0.22271236677381817,0.30611297654697156,-0.2592558167782287,0.3513330067457725,20
lsac,gradual_group_mag0.5,xgb,global_std,DI_star,0.23300751879699244,0.3487313285149719,0.2893230042314249,0.3633787709827347,20
lsac,gradual_group_mag0.5,xgb,global_std,AOD_star,0.18781954887218044,0.2555912825694161,0.2832276048123528,0.3122705332711866,20
lsac,gradual_group_mag0.5,xgb,global_std,BalAcc,-0.23526926682912772,0.2530364266421523,-0.26293732156482824,0.2656098903802543,20
lsac,gradual_group_mag0.5,xgb,subgroup_violation_diff,DI_star,-0.1943609022556391,0.2861669840612141,-0.2506517427230498,0.34142176234513794,20
lsac,gradual_group_mag0.5,xgb,subgroup_violation_diff,AOD_star,-0.2324812030075188,0.3172976516814524,-0.2812273306532359,0.35117869550728625,20
lsac,gradual_group_mag0.5,xgb,subgroup_violation_diff,BalAcc,0.13865552540400672,0.28182874602578356,0.13774366196325638,0.30340941016657214,20
lsac,gradual_group_mag0.5,xgb,max_subgroup_deviation,DI_star,0.30067669172932326,0.3075757709598804,0.3481720195758728,0.35270444027290077,20
lsac,gradual_group_mag0.5,xgb,max_subgroup_deviation,AOD_star,0.27413533834586473,0.33519235501774775,0.34337041558330034,0.3531054893800689,20
lsac,gradual_group_mag0.5,xgb,max_subgroup_deviation,BalAcc,-0.23350471109155033,0.2865899216859336,-0.2380083126711096,0.2919299179036027,20
lsac,gradual_group_mag0.5,xgb,assignment_proportion_drift,DI_star,0.20809918109230002,0.19133438669798056,0.2678793321777232,0.22433661820439227,20
lsac,gradual_group_mag0.5,xgb,assignment_proportion_drift,AOD_star,0.23754600437620343,0.24423345855671366,0.28819399288572917,0.2628633834420944,20
lsac,gradual_group_mag0.5,xgb,assignment_proportion_drift,BalAcc,-0.21405817770053898,0.1659393134549038,-0.2249916721308546,0.1672093139234955,20
lsac,gradual_group_mag0.5,xgb,ks_statistic,DI_star,0.1401503759398496,0.23501628254490042,0.16749790223065864,0.22424777011677138,20
lsac,gradual_group_mag0.5,xgb,ks_statistic,AOD_star,0.08834586466165413,0.20795414452551259,0.1167366406460552,0.19343073776762656,20
lsac,gradual_group_mag0.5,xgb,ks_statistic,BalAcc,-0.14342208492836256,0.1812344592630339,-0.13425251831023008,0.19906490385983974,20
lsac,gradual_group_mag0.5,xgb,kl_divergence,DI_star,0.317593984962406,0.2233138907168547,0.35085435426366696,0.16864521405083205,20
lsac,gradual_group_mag0.5,xgb,kl_divergence,AOD_star,0.18436090225563911,0.23892432354556564,0.2120346349247809,0.19224868293095526,20
lsac,gradual_group_mag0.5,xgb,kl_divergence,BalAcc,-0.19176500825123594,0.20294280271247575,-0.19597281539139105,0.19326730708019912,20
lsac,gradual_group_mag0.5,xgb,per_subgroup_ewma[min_neg],DI_star,0.4864661654135339,0.42669249113906355,0.529100482748169,0.4600266727347029,20
lsac,gradual_group_mag0.5,xgb,per_subgroup_ewma[min_neg],AOD_star,0.3429323308270677,0.32732509962338974,0.45786621166895536,0.3924904117487987,20
lsac,gradual_group_mag0.5,xgb,per_subgroup_ewma[min_neg],BalAcc,-0.27184868085225916,0.2839248060608377,-0.29767020534921856,0.30475912155603957,20
lsac,gradual_group_mag0.5,xgb,per_subgroup_baseline_relative[min_neg],DI_star,0.23781954887218043,0.2927836443911694,0.2733767549162123,0.3224826614365391,20
lsac,gradual_group_mag0.5,xgb,per_subgroup_baseline_relative[min_neg],AOD_star,0.17045112781954885,0.2656148568710473,0.2523476775409854,0.28082127921556055,20
lsac,gradual_group_mag0.5,xgb,per_subgroup_baseline_relative[min_neg],BalAcc,-0.19928632235094298,0.30259509270259566,-0.21115246528080478,0.31655176433681603,20
lsac,gradual_group_mag0.5,xgb,per_subgroup_ewma[min_pos],DI_star,0.4218796992481203,0.39895773391021616,0.5071137702739834,0.4730664269341835,20
lsac,gradual_group_mag0.5,xgb,per_subgroup_ewma[min_pos],AOD_star,0.31609022556390975,0.3993922682728484,0.447756436436,0.49392397273239935,20
lsac,gradual_group_mag0.5,xgb,per_subgroup_ewma[min_pos],BalAcc,-0.30199707704485246,0.27286209577908516,-0.32680108937398444,0.2839512107886051,20
lsac,gradual_group_mag0.5,xgb,per_subgroup_baseline_relative[min_pos],DI_star,0.1812781954887218,0.22389784452936246,0.23878718656395953,0.29367847361862964,20
lsac,gradual_group_mag0.5,xgb,per_subgroup_baseline_relative[min_pos],AOD_star,0.14902255639097745,0.2858459925953877,0.24656590117598057,0.3358761583413796,20
lsac,gradual_group_mag0.5,xgb,per_subgroup_baseline_relative[min_pos],BalAcc,-0.282635368749259,0.2579606031284942,-0.27094532374502667,0.24988368054383286,20
lsac,gradual_group_mag0.5,xgb,per_subgroup_ewma[maj_neg],DI_star,0.052631578947368404,0.4258300397973664,0.1405814462034629,0.5431599997713484,20
lsac,gradual_group_mag0.5,xgb,per_subgroup_ewma[maj_neg],AOD_star,0.19353383458646614,0.3981687120452062,0.2413551136871447,0.5110184804329904,20
lsac,gradual_group_mag0.5,xgb,per_subgroup_ewma[maj_neg],BalAcc,-0.13455689015683914,0.332467248154009,-0.1321739541829874,0.3471367766539852,20
lsac,gradual_group_mag0.5,xgb,per_subgroup_baseline_relative[maj_neg],DI_star,-0.006315789473684208,0.2609365321680505,0.08134360161740592,0.3007267799358528,20
lsac,gradual_group_mag0.5,xgb,per_subgroup_baseline_relative[maj_neg],AOD_star,0.15834586466165412,0.29769161072937356,0.19993975504304784,0.29067799314707415,20
lsac,gradual_group_mag0.5,xgb,per_subgroup_baseline_relative[maj_neg],BalAcc,-0.08813144390072229,0.3089078754748713,-0.08745411832555575,0.3034981783948362,20
lsac,gradual_group_mag0.5,xgb,per_subgroup_ewma[maj_pos],DI_star,0.39255639097744355,0.5376196376444384,0.42520052577413264,0.5813472204679386,20
lsac,gradual_group_mag0.5,xgb,per_subgroup_ewma[maj_pos],AOD_star,0.2851127819548872,0.37798373718949707,0.3461113164878696,0.49871830743100326,20
lsac,gradual_group_mag0.5,xgb,per_subgroup_ewma[maj_pos],BalAcc,-0.16944085576003085,0.31856340177262227,-0.19512640714588073,0.33318739150574,20
lsac,gradual_group_mag0.5,xgb,per_subgroup_baseline_relative[maj_pos],DI_star,0.2897744360902256,0.3055571383418794,0.3536104961389249,0.3610434726165156,20
lsac,gradual_group_mag0.5,xgb,per_subgroup_baseline_relative[maj_pos],AOD_star,0.2752631578947368,0.31371047655658935,0.3401973640226576,0.3713856953273615,20
lsac,gradual_group_mag0.5,xgb,per_subgroup_baseline_relative[maj_pos],BalAcc,-0.20177422821702948,0.24568566845344006,-0.22033444739250801,0.26500714398200576,20
lsac,gradual_group_mag1.0,lr,global_mean,DI_star,0.266315003918235,0.2556189761401296,0.29156686636088736,0.2788407124362471,20
lsac,gradual_group_mag1.0,lr,global_mean,AOD_star,0.2706015037593985,0.24645670365852038,0.3166016550210569,0.2666301395252832,20
lsac,gradual_group_mag1.0,lr,global_mean,BalAcc,0.03887218045112782,0.23709487645206792,0.02701328192438494,0.22460651061004616,20
lsac,gradual_group_mag1.0,lr,global_ewma,DI_star,0.5112423491269019,0.47565086255212885,0.4902262365091987,0.4646366450369733,20
lsac,gradual_group_mag1.0,lr,global_ewma,AOD_star,0.5233834586466165,0.472966510831994,0.49609196070659073,0.464233073477688,20
lsac,gradual_group_mag1.0,lr,global_ewma,BalAcc,-0.06315789473684211,0.2510715348207833,-0.04952325219026771,0.24247411077113662,20
lsac,gradual_group_mag1.0,lr,global_std,DI_star,0.2289534965545632,0.3051881745452154,0.22325418865613283,0.3083821854310344,20
lsac,gradual_group_mag1.0,lr,global_std,AOD_star,0.21601503759398497,0.3047858318581866,0.23378706904457952,0.30155294039477193,20
lsac,gradual_group_mag1.0,lr,global_std,BalAcc,0.029248120300751884,0.2549971927674783,0.014474816795721818,0.22520065561337396,20
lsac,gradual_group_mag1.0,lr,subgroup_violation_diff,DI_star,-0.1041125092117624,0.223023920783349,-0.07337475786244937,0.24348884374515112,20
lsac,gradual_group_mag1.0,lr,subgroup_violation_diff,AOD_star,-0.14082706766917297,0.20688979260771184,-0.11012111921612151,0.22662988061642997,20
lsac,gradual_group_mag1.0,lr,subgroup_violation_diff,BalAcc,-0.05218045112781955,0.26209931017012583,-0.024840427286322526,0.285114769353935,20
lsac,gradual_group_mag1.0,lr,max_subgroup_deviation,DI_star,0.2902100049383639,0.23698933740271022,0.28784462694285196,0.25666372658196185,20
lsac,gradual_group_mag1.0,lr,max_subgroup_deviation,AOD_star,0.29203007518797,0.23372726788081807,0.3034722694131197,0.24464397163889157,20
lsac,gradual_group_mag1.0,lr,max_subgroup_deviation,BalAcc,-0.04781954887218044,0.22791238585867,-0.06781955995191788,0.23545194007384923,20
lsac,gradual_group_mag1.0,lr,assignment_proportion_drift,DI_star,0.20342447042228456,0.2222879766449438,0.18425710356548214,0.23036469974184695,20
lsac,gradual_group_mag1.0,lr,assignment_proportion_drift,AOD_star,0.19678062904835508,0.22222770612510295,0.175040370971895,0.221441218738869,20
lsac,gradual_group_mag1.0,lr,assignment_proportion_drift,BalAcc,-0.02031185726814519,0.1860655356315212,-0.027618430275217383,0.1803005981467496,20
lsac,gradual_group_mag1.0,lr,ks_statistic,DI_star,0.421234748213369,0.16316803279316047,0.44881815759671345,0.14053485864930657,20
lsac,gradual_group_mag1.0,lr,ks_statistic,AOD_star,0.39278195488721795,0.1632639549946919,0.40530523615805797,0.15355418870800733,20
lsac,gradual_group_mag1.0,lr,ks_statistic,BalAcc,-0.06187969924812029,0.2405626260882928,-0.09726683423791473,0.2303932939276195,20
lsac,gradual_group_mag1.0,lr,kl_divergence,DI_star,0.7306689901939645,0.08065470822535285,0.6957718473492478,0.07977902850646312,20
lsac,gradual_group_mag1.0,lr,kl_divergence,AOD_star,0.7022556390977444,0.1142956070114879,0.6819050238378368,0.08463354886450494,20
lsac,gradual_group_mag1.0,lr,kl_divergence,BalAcc,-0.10714285714285714,0.17780635472199524,-0.1252085704879991,0.20521958732371248,20
lsac,gradual_group_mag1.0,lr,per_subgroup_ewma[min_neg],DI_star,0.5290091959405033,0.32230234539159763,0.534105606465202,0.2994700339988173,20
lsac,gradual_group_mag1.0,lr,per_subgroup_ewma[min_neg],AOD_star,0.5314285714285714,0.3296137696653963,0.5406385717547444,0.2906842438118899,20
lsac,gradual_group_mag1.0,lr,per_subgroup_ewma[min_neg],BalAcc,-0.07330827067669173,0.2531751558949652,-0.05313595426723029,0.26877672496079114,20
lsac,gradual_group_mag1.0,lr,per_subgroup_baseline_relative[min_neg],DI_star,0.19882964183717117,0.20357626237492157,0.1922849389323478,0.20465501649741483,20
lsac,gradual_group_mag1.0,lr,per_subgroup_baseline_relative[min_neg],AOD_star,0.20466165413533832,0.22793684168859385,0.20837802796069843,0.20186853487089085,20
lsac,gradual_group_mag1.0,lr,per_subgroup_baseline_relative[min_neg],BalAcc,0.043233082706766915,0.2556841512709541,0.0573341019464376,0.2631774771417865,20
lsac,gradual_group_mag1.0,lr,per_subgroup_ewma[min_pos],DI_star,0.5267264374633032,0.4045185063934913,0.5061068501392838,0.4154383028068763,20
lsac,gradual_group_mag1.0,lr,per_subgroup_ewma[min_pos],AOD_star,0.5296992481203006,0.4064180330835077,0.5070463416160774,0.42104869577476667,20
lsac,gradual_group_mag1.0,lr,per_subgroup_ewma[min_pos],BalAcc,-0.07390977443609023,0.25051669145419514,-0.04631944671852362,0.23370878958577634,20
lsac,gradual_group_mag1.0,lr,per_subgroup_baseline_relative[min_pos],DI_star,0.24279347101109566,0.28032296077533975,0.24986439624463555,0.2840879906530064,20
lsac,gradual_group_mag1.0,lr,per_subgroup_baseline_relative[min_pos],AOD_star,0.24187969924812033,0.2989798453637705,0.259279762403016,0.304253587165851,20
lsac,gradual_group_mag1.0,lr,per_subgroup_baseline_relative[min_pos],BalAcc,-0.022406015037593995,0.22198967675677897,-0.04196675186552308,0.22566888057829096,20
lsac,gradual_group_mag1.0,lr,per_subgroup_ewma[maj_neg],DI_star,0.14749059285072413,0.5016433014861602,0.13589216655865424,0.5175320519380493,20
lsac,gradual_group_mag1.0,lr,per_subgroup_ewma[maj_neg],AOD_star,0.15909774436090224,0.4775236686177058,0.15907332891504844,0.4993029368357499,20
lsac,gradual_group_mag1.0,lr,per_subgroup_ewma[maj_neg],BalAcc,-0.013759398496240593,0.25422709337062127,-0.02367422296241531,0.2615183663514124,20
lsac,gradual_group_mag1.0,lr,per_subgroup_baseline_relative[maj_neg],DI_star,0.03756807864339765,0.26026604100042633,0.029937567985266623,0.256786725248438,20
lsac,gradual_group_mag1.0,lr,per_subgroup_baseline_relative[maj_neg],AOD_star,0.0818796992481203,0.24488456325131172,0.07607415919265041,0.2461880415673791,20
lsac,gradual_group_mag1.0,lr,per_subgroup_baseline_relative[maj_neg],BalAcc,0.11601503759398499,0.26165382205495025,0.1019056691611161,0.29631834563264414,20
lsac,gradual_group_mag1.0,lr,per_subgroup_ewma[maj_pos],DI_star,0.4419287138997463,0.5158356978322348,0.4477518259630429,0.5075743409530269,20
lsac,gradual_group_mag1.0,lr,per_subgroup_ewma[maj_pos],AOD_star,0.44263157894736826,0.5130084113985263,0.4516648563102585,0.49454479752549096,20
lsac,gradual_group_mag1.0,lr,per_subgroup_ewma[maj_pos],BalAcc,-0.06962406015037595,0.2628002295537686,-0.06932772020452901,0.24738253565129353,20
lsac,gradual_group_mag1.0,lr,per_subgroup_baseline_relative[maj_pos],DI_star,0.22484179121437933,0.24027060598559793,0.2170835834994449,0.26602075367865796,20
lsac,gradual_group_mag1.0,lr,per_subgroup_baseline_relative[maj_pos],AOD_star,0.2456390977443609,0.22340433618840072,0.24731992117811702,0.24277692790023095,20
lsac,gradual_group_mag1.0,lr,per_subgroup_baseline_relative[maj_pos],BalAcc,-0.008120300751879691,0.2516456773920068,-0.014451817788806831,0.25846572097985865,20
lsac,gradual_group_mag1.0,xgb,global_mean,DI_star,0.257593984962406,0.23774816544967242,0.4179814843951918,0.3617403488669388,20
lsac,gradual_group_mag1.0,xgb,global_mean,AOD_star,0.18827067669172928,0.20750168829986643,0.304908836187648,0.276867747451584,20
lsac,gradual_group_mag1.0,xgb,global_mean,BalAcc,-0.3061159768105487,0.3332660098229602,-0.31132195535435414,0.3447101216186345,20
lsac,gradual_group_mag1.0,xgb,global_ewma,DI_star,0.487218045112782,0.47573300806541824,0.5481462078187944,0.5668052922784542,20
lsac,gradual_group_mag1.0,xgb,global_ewma,AOD_star,0.06,0.31039571977538855,0.2136823519747316,0.3749892663567437,20
lsac,gradual_group_mag1.0,xgb,global_ewma,BalAcc,-0.2820597315687146,0.33749709908893594,-0.3082898519485226,0.38293933863609736,20
lsac,gradual_group_mag1.0,xgb,global_std,DI_star,0.24007518796992477,0.2682009902241532,0.33982446696123386,0.3091553280272245,20
lsac,gradual_group_mag1.0,xgb,global_std,AOD_star,0.17157894736842105,0.16815089772284136,0.2405911472015796,0.2125735779987911,20
lsac,gradual_group_mag1.0,xgb,global_std,BalAcc,-0.27201571392112905,0.27251214247556055,-0.275847329799973,0.2806963036985354,20
lsac,gradual_group_mag1.0,xgb,subgroup_violation_diff,DI_star,-0.15729323308270676,0.21883259405985073,-0.20514431672873945,0.2865595919468809,20
lsac,gradual_group_mag1.0,xgb,subgroup_violation_diff,AOD_star,-0.24308270676691723,0.25775606214830066,-0.24218531972377438,0.26778246172117576,20
lsac,gradual_group_mag1.0,xgb,subgroup_violation_diff,BalAcc,0.1457954728757352,0.2806372017186143,0.13345811406589966,0.2858095812234576,20
lsac,gradual_group_mag1.0,xgb,max_subgroup_deviation,DI_star,0.272406015037594,0.24557789489112286,0.3815008542509923,0.3163161055860944,20
lsac,gradual_group_mag1.0,xgb,max_subgroup_deviation,AOD_star,0.23030075187969926,0.27463409274928063,0.27432374334761,0.2844174103045534,20
lsac,gradual_group_mag1.0,xgb,max_subgroup_deviation,BalAcc,-0.2824614085106178,0.3279477687948895,-0.282204771267634,0.3295979194173723,20
lsac,gradual_group_mag1.0,xgb,assignment_proportion_drift,DI_star,0.24259344671236013,0.21517314155448758,0.30092234408304297,0.2300786919559907,20
lsac,gradual_group_mag1.0,xgb,assignment_proportion_drift,AOD_star,0.2231857715282472,0.258661763676406,0.2459955127886559,0.27394218357711475,20
lsac,gradual_group_mag1.0,xgb,assignment_proportion_drift,BalAcc,-0.2166466206585987,0.1693625284662514,-0.21900404074688978,0.18748218999010183,20
lsac,gradual_group_mag1.0,xgb,ks_statistic,DI_star,0.34263157894736834,0.16943723714267886,0.33564562330726744,0.15323595360488498,20
lsac,gradual_group_mag1.0,xgb,ks_statistic,AOD_star,-0.04571428571428571,0.15972685713514426,-0.03308551977695408,0.18510834235622878,20
lsac,gradual_group_mag1.0,xgb,ks_statistic,BalAcc,-0.23816788395669217,0.16988064843650355,-0.247265257256033,0.157679192867716,20
lsac,gradual_group_mag1.0,xgb,kl_divergence,DI_star,0.5880451127819548,0.1736366663436045,0.41009481426260885,0.11410335481262791,20
lsac,gradual_group_mag1.0,xgb,kl_divergence,AOD_star,-0.07150375939849622,0.1945346731224675,-0.17590568041565957,0.17914528632621388,20
lsac,gradual_group_mag1.0,xgb,kl_divergence,BalAcc,-0.34811137271509895,0.15765380331144216,-0.2695760896463243,0.14819191053345407,20
lsac,gradual_group_mag1.0,xgb,per_subgroup_ewma[min_neg],DI_star,0.5447368421052631,0.35822404607032604,0.6126561638200348,0.4075840492715246,20
lsac,gradual_group_mag1.0,xgb,per_subgroup_ewma[min_neg],AOD_star,0.136390977443609,0.28543599426745325,0.24229969193132087,0.30977844511580066,20
lsac,gradual_group_mag1.0,xgb,per_subgroup_ewma[min_neg],BalAcc,-0.3202173150267511,0.28948009129814584,-0.34790978499191694,0.3139833409146915,20
lsac,gradual_group_mag1.0,xgb,per_subgroup_baseline_relative[min_neg],DI_star,0.2750375939849624,0.2674113398741949,0.31451864259980555,0.28518173489435344,20
lsac,gradual_group_mag1.0,xgb,per_subgroup_baseline_relative[min_neg],AOD_star,0.1465413533834586,0.2060679779407535,0.19087712964802478,0.20594616985082664,20
lsac,gradual_group_mag1.0,xgb,per_subgroup_baseline_relative[min_neg],BalAcc,-0.22607490216257906,0.3245674512753733,-0.2338206406989803,0.3223573592894574,20
lsac,gradual_group_mag1.0,xgb,per_subgroup_ewma[min_pos],DI_star,0.48578947368421055,0.42555208012464396,0.533876782886821,0.49567550666062915,20
lsac,gradual_group_mag1.0,xgb,per_subgroup_ewma[min_pos],AOD_star,0.03879699248120301,0.2638031187777165,0.13466803456071358,0.36076402659526974,20
lsac,gradual_group_mag1.0,xgb,per_subgroup_ewma[min_pos],BalAcc,-0.3629591574004893,0.27103457687938953,-0.36393166890062956,0.2935304949905771,20
lsac,gradual_group_mag1.0,xgb,per_subgroup_baseline_relative[min_pos],DI_star,0.20218045112781957,0.246010843852705,0.29489097861585156,0.3073450395147963,20
lsac,gradual_group_mag1.0,xgb,per_subgroup_baseline_relative[min_pos],AOD_star,0.11593984962406015,0.23909202244063643,0.14924809002429046,0.2648911954634195,20
lsac,gradual_group_mag1.0,xgb,per_subgroup_baseline_relative[min_pos],BalAcc,-0.29481944417037415,0.2503761950835108,-0.2884977887914862,0.2396585503344834,20
lsac,gradual_group_mag1.0,xgb,per_subgroup_ewma[maj_neg],DI_star,0.16030075187969922,0.480089501143782,0.21938133245933233,0.5884007144768348,20
lsac,gradual_group_mag1.0,xgb,per_subgroup_ewma[maj_neg],AOD_star,0.12390977443609022,0.3326373573577958,0.18912111024050587,0.37090819207319503,20
lsac,gradual_group_mag1.0,xgb,per_subgroup_ewma[maj_neg],BalAcc,-0.17197243202344747,0.4031528059827965,-0.1531200399560919,0.41931550555001135,20
lsac,gradual_group_mag1.0,xgb,per_subgroup_baseline_relative[maj_neg],DI_star,0.11458646616541353,0.26954676439229996,0.16925278498576896,0.3057655386324773,20
lsac,gradual_group_mag1.0,xgb,per_subgroup_baseline_relative[maj_neg],AOD_star,0.15496240601503758,0.16844889337559274,0.1958193075881198,0.20868032367433215,20
lsac,gradual_group_mag1.0,xgb,per_subgroup_baseline_relative[maj_neg],BalAcc,-0.135346156132873,0.33114338643919156,-0.12861762914764424,0.3311093702103253,20
lsac,gradual_group_mag1.0,xgb,per_subgroup_ewma[maj_pos],DI_star,0.4394736842105263,0.5069498063592438,0.48197323086279287,0.5873190418313894,20
lsac,gradual_group_mag1.0,xgb,per_subgroup_ewma[maj_pos],AOD_star,0.08609022556390977,0.23072583560583315,0.17204467373766316,0.3371232940848466,20
lsac,gradual_group_mag1.0,xgb,per_subgroup_ewma[maj_pos],BalAcc,-0.24706168413576743,0.33897308096336676,-0.27528996533614336,0.346706173298192,20
lsac,gradual_group_mag1.0,xgb,per_subgroup_baseline_relative[maj_pos],DI_star,0.26578947368421046,0.2411693838713492,0.3355899395567147,0.31602601681804793,20
lsac,gradual_group_mag1.0,xgb,per_subgroup_baseline_relative[maj_pos],AOD_star,0.2506015037593985,0.2591459051325797,0.2691892528990884,0.29318592424463946,20
lsac,gradual_group_mag1.0,xgb,per_subgroup_baseline_relative[maj_pos],BalAcc,-0.23715779852552238,0.24202970975176033,-0.2307869655754824,0.25337648718992517,20
lsac,gradual_group_mag2.0,lr,global_mean,DI_star,0.6664806458506085,0.09772916920380222,0.6937274705291931,0.08137801713406193,20
lsac,gradual_group_mag2.0,lr,global_mean,AOD_star,0.614812030075188,0.13975441419084889,0.63465780291032,0.12884899757648757,20
lsac,gradual_group_mag2.0,lr,global_mean,BalAcc,-0.18226714991393456,0.20315136388426075,-0.22747996355434003,0.18897299160069708,20
lsac,gradual_group_mag2.0,lr,global_ewma,DI_star,0.8356555296465882,0.12962776878104973,0.8391168682373671,0.12256992212280123,20
lsac,gradual_group_mag2.0,lr,global_ewma,AOD_star,0.7766917293233082,0.1723917670991259,0.7642212484484149,0.1958333251984321,20
lsac,gradual_group_mag2.0,lr,global_ewma,BalAcc,-0.29655391063748426,0.1844450443234722,-0.30616536711125214,0.18931255469237374,20
lsac,gradual_group_mag2.0,lr,global_std,DI_star,0.6849380339135369,0.09582676302034696,0.7028871750730353,0.09393370827752795,20
lsac,gradual_group_mag2.0,lr,global_std,AOD_star,0.6211278195488721,0.1616387298132306,0.6256813876298918,0.15662389862853077,20
lsac,gradual_group_mag2.0,lr,global_std,BalAcc,-0.2241103440380834,0.19048353282690705,-0.2628782859625166,0.18910133227484957,20
lsac,gradual_group_mag2.0,lr,subgroup_violation_diff,DI_star,-0.2941436250022374,0.3290492698775157,-0.30741925720375235,0.33607612045489144,20
lsac,gradual_group_mag2.0,lr,subgroup_violation_diff,AOD_star,-0.2766165413533835,0.2995070006517805,-0.2963318462295052,0.29252965461789254,20
lsac,gradual_group_mag2.0,lr,subgroup_violation_diff,BalAcc,0.05809222369479936,0.24322392746604246,0.09036627901320775,0.28299501542261946,20
lsac,gradual_group_mag2.0,lr,max_subgroup_deviation,DI_star,0.5299764197974018,0.16795552071190034,0.5575836335717186,0.1587259792270271,20
lsac,gradual_group_mag2.0,lr,max_subgroup_deviation,AOD_star,0.4830827067669173,0.1642273773336308,0.49734365719054396,0.16606333648820168,20
lsac,gradual_group_mag2.0,lr,max_subgroup_deviation,BalAcc,-0.20173961799400342,0.20736332566135487,-0.24643741177440406,0.21131200582099433,20
lsac,gradual_group_mag2.0,lr,assignment_proportion_drift,DI_star,0.3100387110375619,0.20969896330912416,0.32455913228493144,0.2291948732402858,20
lsac,gradual_group_mag2.0,lr,assignment_proportion_drift,AOD_star,0.28251318229756567,0.23863407779188925,0.31301682430065053,0.2257659039579607,20
lsac,gradual_group_mag2.0,lr,assignment_proportion_drift,BalAcc,-0.08942854017964076,0.23075826791527784,-0.10942945903707657,0.21974138885532749,20
lsac,gradual_group_mag2.0,lr,ks_statistic,DI_star,0.7596762052776722,0.08608105307496532,0.7515638750639284,0.07470814594617149,20
lsac,gradual_group_mag2.0,lr,ks_statistic,AOD_star,0.6926315789473683,0.08276607579568726,0.6875661122163186,0.09313692755119858,20
lsac,gradual_group_mag2.0,lr,ks_statistic,BalAcc,-0.2965154257662566,0.20015440960800404,-0.3245666827742958,0.19408926368098445,20
lsac,gradual_group_mag2.0,lr,kl_divergence,DI_star,0.8823847256853922,0.030193050767083323,0.857142938314676,0.04554470847366971,20
lsac,gradual_group_mag2.0,lr,kl_divergence,AOD_star,0.8271428571428571,0.052110145264884736,0.785299984604108,0.09351095568910149,20
lsac,gradual_group_mag2.0,lr,kl_divergence,BalAcc,-0.3205017457132473,0.17341699510774655,-0.32325276982944,0.1780789029136264,20
lsac,gradual_group_mag2.0,lr,per_subgroup_ewma[min_neg],DI_star,0.8056546529013747,0.12539121294085803,0.8258826130922448,0.0970573287475615,20
lsac,gradual_group_mag2.0,lr,per_subgroup_ewma[min_neg],AOD_star,0.7820300751879699,0.12402457908813307,0.7745339584890439,0.14899451993216153,20
lsac,gradual_group_mag2.0,lr,per_subgroup_ewma[min_neg],BalAcc,-0.2558391017042808,0.1866306298522726,-0.2632156111154001,0.19823072626738567,20
lsac,gradual_group_mag2.0,lr,per_subgroup_baseline_relative[min_neg],DI_star,0.47192944039660534,0.2162775226961673,0.5069890768822514,0.18908143571414454,20
lsac,gradual_group_mag2.0,lr,per_subgroup_baseline_relative[min_neg],AOD_star,0.47932330827067665,0.18725812597503613,0.49153191256763035,0.15708515856328542,20
lsac,gradual_group_mag2.0,lr,per_subgroup_baseline_relative[min_neg],BalAcc,-0.04560836216953638,0.23598648486450716,-0.08551123145584494,0.2652463537436499,20
lsac,gradual_group_mag2.0,lr,per_subgroup_ewma[min_pos],DI_star,0.6957650450185024,0.30338772689593485,0.7099119434650188,0.2959329831200891,20
lsac,gradual_group_mag2.0,lr,per_subgroup_ewma[min_pos],AOD_star,0.6311278195488722,0.3328302646627416,0.6322062622724202,0.3418704933368508,20
lsac,gradual_group_mag2.0,lr,per_subgroup_ewma[min_pos],BalAcc,-0.24516071304873782,0.21099998524251876,-0.2570883146979116,0.21961762826685685,20
lsac,gradual_group_mag2.0,lr,per_subgroup_baseline_relative[min_pos],DI_star,0.4744823243931949,0.2363066978485865,0.49579085917415233,0.23775643388637938,20
lsac,gradual_group_mag2.0,lr,per_subgroup_baseline_relative[min_pos],AOD_star,0.42300751879699244,0.22999118816489691,0.43193211039296064,0.2397967214817362,20
lsac,gradual_group_mag2.0,lr,per_subgroup_baseline_relative[min_pos],BalAcc,-0.19109210632380322,0.22071610300820987,-0.2065012775328527,0.20893672928758275,20
lsac,gradual_group_mag2.0,lr,per_subgroup_ewma[maj_neg],DI_star,0.6320350245561107,0.3166832874490441,0.6401278108248487,0.2660931884923725,20
lsac,gradual_group_mag2.0,lr,per_subgroup_ewma[maj_neg],AOD_star,0.5737593984962406,0.3491580611807343,0.567683485983334,0.2967510598567607,20
lsac,gradual_group_mag2.0,lr,per_subgroup_ewma[maj_neg],BalAcc,-0.1972300932889417,0.24609082705759444,-0.2231920598590309,0.22283152223684782,20
lsac,gradual_group_mag2.0,lr,per_subgroup_baseline_relative[maj_neg],DI_star,0.48568241885531477,0.24268875879179366,0.5039026075622699,0.22048291890231073,20
lsac,gradual_group_mag2.0,lr,per_subgroup_baseline_relative[maj_neg],AOD_star,0.4504511278195489,0.22582464879902053,0.46244298119569516,0.21491356244131182,20
lsac,gradual_group_mag2.0,lr,per_subgroup_baseline_relative[maj_neg],BalAcc,-0.07816690258685828,0.23755189331012092,-0.12160922464985935,0.2206157581098495,20
lsac,gradual_group_mag2.0,lr,per_subgroup_ewma[maj_pos],DI_star,0.581219298010506,0.47898704526079994,0.5894852608996681,0.481238406388493,20
lsac,gradual_group_mag2.0,lr,per_subgroup_ewma[maj_pos],AOD_star,0.5632330827067669,0.47243072601916136,0.5625846345882156,0.4676805513001538,20
lsac,gradual_group_mag2.0,lr,per_subgroup_ewma[maj_pos],BalAcc,-0.21929870991234668,0.2249457942394324,-0.22353904914680797,0.24567156850240796,20
lsac,gradual_group_mag2.0,lr,per_subgroup_baseline_relative[maj_pos],DI_star,0.359224426969739,0.2532574551013741,0.3990503370879928,0.24527087246752705,20
lsac,gradual_group_mag2.0,lr,per_subgroup_baseline_relative[maj_pos],AOD_star,0.343984962406015,0.2118416882930829,0.3873188669885078,0.2083056366766898,20
lsac,gradual_group_mag2.0,lr,per_subgroup_baseline_relative[maj_pos],BalAcc,-0.11576230165444737,0.24132622841209078,-0.14790199312440094,0.2554742248263492,20
lsac,gradual_group_mag2.0,xgb,global_mean,DI_star,0.19849624060150373,0.19744710211135671,0.46840935058044747,0.2468899222237988,20
lsac,gradual_group_mag2.0,xgb,global_mean,AOD_star,-0.27120300751879695,0.267514221856257,-0.19138072172491521,0.29266742250423605,20
lsac,gradual_group_mag2.0,xgb,global_mean,BalAcc,-0.48022556390977433,0.19833513341203746,-0.5073898668487515,0.19339849566933112,20
lsac,gradual_group_mag2.0,xgb,global_ewma,DI_star,0.2413533834586466,0.28798994806611206,0.4870722367159644,0.27121488075342565,20
lsac,gradual_group_mag2.0,xgb,global_ewma,AOD_star,-0.43360902255639094,0.22929459946022437,-0.3647312946460456,0.20806497439047894,20
lsac,gradual_group_mag2.0,xgb,global_ewma,BalAcc,-0.4780451127819549,0.1761350372856065,-0.5046470992912367,0.1888366417471051,20
lsac,gradual_group_mag2.0,xgb,global_std,DI_star,0.15917293233082702,0.1790643927709734,0.364266840616508,0.1724333878747708,20
lsac,gradual_group_mag2.0,xgb,global_std,AOD_star,-0.32255639097744365,0.20105859254129932,-0.31074813551333513,0.18366667740534606,20
lsac,gradual_group_mag2.0,xgb,global_std,BalAcc,-0.4658646616541353,0.20399071297138566,-0.4669912837793048,0.18360816865027424,20
lsac,gradual_group_mag2.0,xgb,subgroup_violation_diff,DI_star,-0.12383458646616541,0.20980880684279568,-0.19685089447842521,0.23307217933053886,20
lsac,gradual_group_mag2.0,xgb,subgroup_violation_diff,AOD_star,0.05278195488721804,0.32457590275429377,0.0916118984647818,0.3055800986402677,20
lsac,gradual_group_mag2.0,xgb,subgroup_violation_diff,BalAcc,0.23781954887218043,0.2610122084187582,0.24423297454514978,0.2859929204112611,20
lsac,gradual_group_mag2.0,xgb,max_subgroup_deviation,DI_star,0.22609022556390973,0.21727282210248186,0.3785067920736985,0.20273904967218784,20
lsac,gradual_group_mag2.0,xgb,max_subgroup_deviation,AOD_star,-0.1276691729323308,0.2931709592955966,-0.15495058521920418,0.3022076757728313,20
lsac,gradual_group_mag2.0,xgb,max_subgroup_deviation,BalAcc,-0.3677443609022556,0.1995174658413617,-0.3721938386629847,0.19365281130780448,20
lsac,gradual_group_mag2.0,xgb,assignment_proportion_drift,DI_star,0.24815314531300622,0.17133692998486225,0.3536248835524713,0.19525088221587364,20
lsac,gradual_group_mag2.0,xgb,assignment_proportion_drift,AOD_star,0.05745467285055861,0.24459686081708662,0.05262487416892113,0.26091290279146967,20
lsac,gradual_group_mag2.0,xgb,assignment_proportion_drift,BalAcc,-0.23682642269827384,0.20879093877791588,-0.2596728886449412,0.18103713558473786,20
lsac,gradual_group_mag2.0,xgb,ks_statistic,DI_star,0.25037593984962403,0.18669552956261048,0.36740072620217556,0.11242636495050265,20
lsac,gradual_group_mag2.0,xgb,ks_statistic,AOD_star,-0.38150375939849623,0.15430586569070087,-0.40344671040267494,0.10387713632732087,20
lsac,gradual_group_mag2.0,xgb,ks_statistic,BalAcc,-0.4306766917293234,0.16664843211536073,-0.429792844413197,0.14356263480781856,20
lsac,gradual_group_mag2.0,xgb,kl_divergence,DI_star,0.272781954887218,0.17273764785241305,0.3201082712586957,0.09690057749142601,20
lsac,gradual_group_mag2.0,xgb,kl_divergence,AOD_star,-0.48112781954887207,0.15881256687694453,-0.5517294185487084,0.10143024102356105,20
lsac,gradual_group_mag2.0,xgb,kl_divergence,BalAcc,-0.5017293233082707,0.13512704892437005,-0.4528194980238963,0.12206925764209194,20
lsac,gradual_group_mag2.0,xgb,per_subgroup_ewma[min_neg],DI_star,0.31075187969924806,0.24545217289440638,0.5107604614883259,0.23531748761647753,20
lsac,gradual_group_mag2.0,xgb,per_subgroup_ewma[min_neg],AOD_star,-0.3703759398496241,0.24286393994072975,-0.3383773882703384,0.23595200314192455,20
lsac,gradual_group_mag2.0,xgb,per_subgroup_ewma[min_neg],BalAcc,-0.47909774436090213,0.15973747471637215,-0.4999555765622265,0.1674998807367334,20
lsac,gradual_group_mag2.0,xgb,per_subgroup_baseline_relative[min_neg],DI_star,0.21511278195488717,0.20736044683070817,0.36418584243757024,0.21065791628632077,20
lsac,gradual_group_mag2.0,xgb,per_subgroup_baseline_relative[min_neg],AOD_star,-0.16345864661654133,0.2784859690533428,-0.13777829118340895,0.2873149443055191,20
lsac,gradual_group_mag2.0,xgb,per_subgroup_baseline_relative[min_neg],BalAcc,-0.3788721804511278,0.18556444291365143,-0.4004069701327058,0.15011441155965516,20
lsac,gradual_group_mag2.0,xgb,per_subgroup_ewma[min_pos],DI_star,0.2504511278195488,0.3220238431105472,0.3970315778536759,0.3912221790576989,20
lsac,gradual_group_mag2.0,xgb,per_subgroup_ewma[min_pos],AOD_star,-0.31609022556390975,0.27884038237758824,-0.30853428991578535,0.27728203481109154,20
lsac,gradual_group_mag2.0,xgb,per_subgroup_ewma[min_pos],BalAcc,-0.45548872180451117,0.2411056278780081,-0.4456173574645247,0.2537470204568893,20
lsac,gradual_group_mag2.0,xgb,per_subgroup_baseline_relative[min_pos],DI_star,0.1788721804511278,0.20380321644104296,0.3336784430666782,0.2423469549237401,20
lsac,gradual_group_mag2.0,xgb,per_subgroup_baseline_relative[min_pos],AOD_star,-0.14834586466165411,0.34537404725512255,-0.13075286018688823,0.3222784956269227,20
lsac,gradual_group_mag2.0,xgb,per_subgroup_baseline_relative[min_pos],BalAcc,-0.36323308270676685,0.2368836220921836,-0.36073726508683984,0.24003254667957127,20
lsac,gradual_group_mag2.0,xgb,per_subgroup_ewma[maj_neg],DI_star,0.13180451127819548,0.3426847195381176,0.27499964558426615,0.3066791615968529,20
lsac,gradual_group_mag2.0,xgb,per_subgroup_ewma[maj_neg],AOD_star,-0.362781954887218,0.21299353172987512,-0.34958043140527767,0.18195542184358635,20
lsac,gradual_group_mag2.0,xgb,per_subgroup_ewma[maj_neg],BalAcc,-0.3324060150375939,0.32678026435585134,-0.3646802841581255,0.2781676047331077,20
lsac,gradual_group_mag2.0,xgb,per_subgroup_baseline_relative[maj_neg],DI_star,0.1344360902255639,0.21205641600366468,0.2654212750961501,0.19102965990863835,20
lsac,gradual_group_mag2.0,xgb,per_subgroup_baseline_relative[maj_neg],AOD_star,-0.24037593984962405,0.26943292983644973,-0.22393033817436175,0.23616431133553456,20
lsac,gradual_group_mag2.0,xgb,per_subgroup_baseline_relative[maj_neg],BalAcc,-0.3474436090225564,0.2588578762161685,-0.3660435012017969,0.24372433126512927,20
lsac,gradual_group_mag2.0,xgb,per_subgroup_ewma[maj_pos],DI_star,0.19511278195488718,0.3583070459413774,0.3791110098900368,0.4819727665362939,20
lsac,gradual_group_mag2.0,xgb,per_subgroup_ewma[maj_pos],AOD_star,-0.2758646616541353,0.33114799027567937,-0.22427965480926693,0.3039712771182303,20
lsac,gradual_group_mag2.0,xgb,per_subgroup_ewma[maj_pos],BalAcc,-0.32781954887218046,0.34317786081233836,-0.35505155075148076,0.35573698488274347,20
lsac,gradual_group_mag2.0,xgb,per_subgroup_baseline_relative[maj_pos],DI_star,0.16157894736842102,0.2312655212264846,0.30385941864294214,0.25383351497548373,20
lsac,gradual_group_mag2.0,xgb,per_subgroup_baseline_relative[maj_pos],AOD_star,-0.03962406015037593,0.2840638022827143,-0.07146183034323295,0.29287920240251275,20
lsac,gradual_group_mag2.0,xgb,per_subgroup_baseline_relative[maj_pos],BalAcc,-0.279172932330827,0.20518314836038087,-0.29956312863919965,0.22006184934088485,20
lsac,gradual_global_mag0.5,lr,global_mean,DI_star,0.43799474195559807,0.221759944208774,0.4073431432569937,0.16056699276661296,20
lsac,gradual_global_mag0.5,lr,global_mean,AOD_star,0.13894736842105262,0.29106948088816464,0.08709759572268835,0.25871697871521304,20
lsac,gradual_global_mag0.5,lr,global_mean,BalAcc,-0.05541353383458645,0.24190916964119552,-0.06873053697624117,0.22250916061601145,20
lsac,gradual_global_mag0.5,lr,global_ewma,DI_star,0.5276450924133154,0.21788771572622342,0.5263369544698785,0.19116020912239637,20
lsac,gradual_global_mag0.5,lr,global_ewma,AOD_star,0.1469924812030075,0.2905739756826118,0.13531614155361282,0.29805431470730254,20
lsac,gradual_global_mag0.5,lr,global_ewma,BalAcc,-0.12082706766917292,0.22482448980987643,-0.12652785050991242,0.23258733849802404,20
lsac,gradual_global_mag0.5,lr,global_std,DI_star,0.10533585281827582,0.31745658328456905,0.07128961627360875,0.2704979181075714,20
lsac,gradual_global_mag0.5,lr,global_std,AOD_star,0.0010526315789473745,0.24797266056297615,-0.027238585334208233,0.23985244872087114,20
lsac,gradual_global_mag0.5,lr,global_std,BalAcc,0.0021052631578947377,0.246708858569372,0.03748565449823313,0.2092500027615814,20
lsac,gradual_global_mag0.5,lr,subgroup_violation_diff,DI_star,0.09458453972047902,0.22606658149272696,0.12371766141725496,0.2820254981656657,20
lsac,gradual_global_mag0.5,lr,subgroup_violation_diff,AOD_star,0.06488721804511276,0.21387945924701293,0.11842104420091279,0.21077327691302078,20
lsac,gradual_global_mag0.5,lr,subgroup_violation_diff,BalAcc,-0.06563909774436091,0.2520115354675376,-0.051212535894830616,0.23777084359329223,20
lsac,gradual_global_mag0.5,lr,max_subgroup_deviation,DI_star,0.2081906848051279,0.2588827829595804,0.283984674465935,0.2074558688050128,20
lsac,gradual_global_mag0.5,lr,max_subgroup_deviation,AOD_star,-0.00139984388310688,0.26990865779410317,0.010920351916082083,0.28782779191314345,20
lsac,gradual_global_mag0.5,lr,max_subgroup_deviation,BalAcc,0.025670257550740323,0.2881577359759616,-0.021874223608220233,0.2640840721527333,20
lsac,gradual_global_mag0.5,lr,assignment_proportion_drift,DI_star,0.0608437350681002,0.2580581143163977,0.25113787505044377,0.21620558333308035,20
lsac,gradual_global_mag0.5,lr,assignment_proportion_drift,AOD_star,-0.09741623226655939,0.22558475929001737,0.01730264323992748,0.26039463857587586,20
lsac,gradual_global_mag0.5,lr,assignment_proportion_drift,BalAcc,-0.03677526373971944,0.26648744024310905,-0.03520948000214214,0.25301471301582745,20
lsac,gradual_global_mag0.5,lr,ks_statistic,DI_star,0.5407267792976203,0.2129206546379045,0.5416374320217198,0.19178605288239406,20
lsac,gradual_global_mag0.5,lr,ks_statistic,AOD_star,0.15654135338345862,0.3040298431308369,0.1378861632859619,0.3169734309264762,20
lsac,gradual_global_mag0.5,lr,ks_statistic,BalAcc,-0.13774436090225564,0.22540866838308937,-0.13816065481666281,0.21377795828924973,20
lsac,gradual_global_mag0.5,lr,kl_divergence,DI_star,0.5150857551083249,0.1817842608191548,0.4240199385609246,0.17587426623069227,20
lsac,gradual_global_mag0.5,lr,kl_divergence,AOD_star,0.13210526315789473,0.2670048675567533,0.11958374688831805,0.24217555852438666,20
lsac,gradual_global_mag0.5,lr,kl_divergence,BalAcc,-0.12248120300751879,0.21783317415683656,-0.11096089350180413,0.17198834347598405,20
lsac,gradual_global_mag0.5,lr,per_subgroup_ewma[min_neg],DI_star,0.5317037696254818,0.21666215849223514,0.5160471637068949,0.19107356415168625,20
lsac,gradual_global_mag0.5,lr,per_subgroup_ewma[min_neg],AOD_star,0.15172932330827066,0.2959289609220005,0.12991423931569235,0.2979879629261304,20
lsac,gradual_global_mag0.5,lr,per_subgroup_ewma[min_neg],BalAcc,-0.12240601503759399,0.21818787133757944,-0.11688551456553249,0.23538058255223895,20
lsac,gradual_global_mag0.5,lr,per_subgroup_baseline_relative[min_neg],DI_star,0.3320593118228582,0.190654594755362,0.3747810796058252,0.15876518173422557,20
lsac,gradual_global_mag0.5,lr,per_subgroup_baseline_relative[min_neg],AOD_star,0.088796992481203,0.2063393939674508,0.07393227413778228,0.25450595871675047,20
lsac,gradual_global_mag0.5,lr,per_subgroup_baseline_relative[min_neg],BalAcc,-0.021052631578947368,0.20836375868433968,-0.0555450578315857,0.2233161580798115,20
lsac,gradual_global_mag0.5,lr,per_subgroup_ewma[min_pos],DI_star,0.5285483679350255,0.2128332042348948,0.49647078043838266,0.1936950468560457,20
lsac,gradual_global_mag0.5,lr,per_subgroup_ewma[min_pos],AOD_star,0.14112781954887216,0.2945093778551676,0.1003186422487323,0.3015666225970887,20
lsac,gradual_global_mag0.5,lr,per_subgroup_ewma[min_pos],BalAcc,-0.14300751879699244,0.22739353205011353,-0.12448950227824354,0.24148803542426384,20
lsac,gradual_global_mag0.5,lr,per_subgroup_baseline_relative[min_pos],DI_star,0.19463218800427984,0.27080172739263214,0.29338074452301915,0.20823933195144617,20
lsac,gradual_global_mag0.5,lr,per_subgroup_baseline_relative[min_pos],AOD_star,-0.029154637997176592,0.2605819619721832,0.014215002866881104,0.279988777667031,20
lsac,gradual_global_mag0.5,lr,per_subgroup_baseline_relative[min_pos],BalAcc,-0.04384904746013048,0.30561143292801746,-0.04218316242698862,0.26774205012367075,20
lsac,gradual_global_mag0.5,lr,per_subgroup_ewma[maj_neg],DI_star,0.47869738403139184,0.23917239624450187,0.48127805232749815,0.20697348456266593,20
lsac,gradual_global_mag0.5,lr,per_subgroup_ewma[maj_neg],AOD_star,0.12842105263157894,0.28921026975981834,0.11054068112557006,0.3018426119351988,20
lsac,gradual_global_mag0.5,lr,per_subgroup_ewma[maj_neg],BalAcc,-0.11353383458646613,0.22423442785718858,-0.10313886748758114,0.23013309928413805,20
lsac,gradual_global_mag0.5,lr,per_subgroup_baseline_relative[maj_neg],DI_star,0.26414498351414784,0.2081736731983307,0.2860653672396201,0.19807570047082868,20
lsac,gradual_global_mag0.5,lr,per_subgroup_baseline_relative[maj_neg],AOD_star,0.08819669844178699,0.2227433282733736,0.06276284171104007,0.24614317180618692,20
lsac,gradual_global_mag0.5,lr,per_subgroup_baseline_relative[maj_neg],BalAcc,-0.01594079518660329,0.23509841744719723,-0.023295111773796257,0.22579331783506026,20
lsac,gradual_global_mag0.5,lr,per_subgroup_ewma[maj_pos],DI_star,0.5333603980102134,0.21421607721443237,0.4988068414881255,0.19221924962378523,20
lsac,gradual_global_mag0.5,lr,per_subgroup_ewma[maj_pos],AOD_star,0.15338345864661654,0.28841971978648806,0.11499737196964506,0.2990982881681165,20
lsac,gradual_global_mag0.5,lr,per_subgroup_ewma[maj_pos],BalAcc,-0.12150375939849622,0.22488197669626075,-0.10849235113696427,0.23884511903747918,20
lsac,gradual_global_mag0.5,lr,per_subgroup_baseline_relative[maj_pos],DI_star,0.4583137384020299,0.19041425931354625,0.33738068330844917,0.16840181853232808,20
lsac,gradual_global_mag0.5,lr,per_subgroup_baseline_relative[maj_pos],AOD_star,0.16481203007518797,0.2967410756611058,0.05646332471334877,0.2698378386182382,20
lsac,gradual_global_mag0.5,lr,per_subgroup_baseline_relative[maj_pos],BalAcc,-0.054210526315789466,0.19600595253092148,-0.04044772558479463,0.23828009974757616,20
lsac,gradual_global_mag0.5,xgb,global_mean,DI_star,0.5769924812030074,0.12506098913509547,0.7139714763440373,0.1232330114380739,20
lsac,gradual_global_mag0.5,xgb,global_mean,AOD_star,0.12120300751879698,0.19452533002014702,0.10622038419165913,0.2172219333357948,20
lsac,gradual_global_mag0.5,xgb,global_mean,BalAcc,-0.48120300751879697,0.10755191666142157,-0.9092309291439717,0.08202956719060808,20
lsac,gradual_global_mag0.5,xgb,global_ewma,DI_star,0.6458646616541353,0.125310626538255,0.7105068711035503,0.12218091957416097,20
lsac,gradual_global_mag0.5,xgb,global_ewma,AOD_star,0.1893984962406015,0.20864978660465186,0.194120944174683,0.20739165022545566,20
lsac,gradual_global_mag0.5,xgb,global_ewma,BalAcc,-0.5226315789473684,0.10268648177578106,-0.7670345354932031,0.07315495467028842,20
lsac,gradual_global_mag0.5,xgb,global_std,DI_star,0.10315789473684209,0.3754662881998034,0.07978477347845132,0.5134533819095033,20
lsac,gradual_global_mag0.5,xgb,global_std,AOD_star,0.04428571428571428,0.1562242279045192,0.01394927555217664,0.2051510018163726,20
lsac,gradual_global_mag0.5,xgb,global_std,BalAcc,-0.022180451127819543,0.4296987876512968,-0.06157237310185286,0.6874779468991427,20
lsac,gradual_global_mag0.5,xgb,subgroup_violation_diff,DI_star,0.0833082706766917,0.43131306158285776,0.13337433697974904,0.6648233812626808,20
lsac,gradual_global_mag0.5,xgb,subgroup_violation_diff,AOD_star,0.036992481203007514,0.26459688202613496,0.04691838125042745,0.22653182085948664,20
lsac,gradual_global_mag0.5,xgb,subgroup_violation_diff,BalAcc,-0.041203007518797,0.4654987714529514,-0.16224962753651284,0.9161160741576818,20
lsac,gradual_global_mag0.5,xgb,max_subgroup_deviation,DI_star,0.44527028498485943,0.16989135608887898,0.6770094225843457,0.16720549767697093,20
lsac,gradual_global_mag0.5,xgb,max_subgroup_deviation,AOD_star,0.05574833029523859,0.2342820197660997,0.0630662425023957,0.2239095325690577,20
lsac,gradual_global_mag0.5,xgb,max_subgroup_deviation,BalAcc,-0.45959191047036835,0.11452737602122566,-0.915990064083443,0.08978334207099853,20
lsac,gradual_global_mag0.5,xgb,assignment_proportion_drift,DI_star,0.31719657205526347,0.14557396808498924,0.6624044517945701,0.13817372766772562,20
lsac,gradual_global_mag0.5,xgb,assignment_proportion_drift,AOD_star,-0.08148329505136456,0.20304957960653786,0.027943351283738045,0.20669642208796352,20
lsac,gradual_global_mag0.5,xgb,assignment_proportion_drift,BalAcc,-0.46888102145302835,0.11868371817405128,-0.9479468828757176,0.03207244334360004,20
lsac,gradual_global_mag0.5,xgb,ks_statistic,DI_star,0.636015037593985,0.14290816263459044,0.7014366754760599,0.11923755496896321,20
lsac,gradual_global_mag0.5,xgb,ks_statistic,AOD_star,0.1814285714285714,0.21205048427344786,0.1871635815530988,0.23167565794807912,20
lsac,gradual_global_mag0.5,xgb,ks_statistic,BalAcc,-0.5297744360902256,0.10690671774944932,-0.7604730097603973,0.028761963198328112,20
lsac,gradual_global_mag0.5,xgb,kl_divergence,DI_star,0.6497744360902256,0.12531730319366582,0.4330642353507631,0.11218164315229406,20
lsac,gradual_global_mag0.5,xgb,kl_divergence,AOD_star,0.18984962406015038,0.2307581759014802,0.20930754892571596,0.21748478612613226,20
lsac,gradual_global_mag0.5,xgb,kl_divergence,BalAcc,-0.5179699248120301,0.09964772027171911,-0.3351535489449449,0.03762835598325673,20
lsac,gradual_global_mag0.5,xgb,per_subgroup_ewma[min_neg],DI_star,0.6410526315789473,0.12759298806439057,0.7172614174681602,0.11816459551387314,20
lsac,gradual_global_mag0.5,xgb,per_subgroup_ewma[min_neg],AOD_star,0.18345864661654135,0.2075275142551761,0.18798366062010896,0.20860366319798906,20
lsac,gradual_global_mag0.5,xgb,per_subgroup_ewma[min_neg],BalAcc,-0.522781954887218,0.10181381217161749,-0.7864643819157517,0.0534625610521022,20
lsac,gradual_global_mag0.5,xgb,per_subgroup_baseline_relative[min_neg],DI_star,0.4939849624060149,0.12505863851586996,0.7058360534698231,0.12327976795453995,20
lsac,gradual_global_mag0.5,xgb,per_subgroup_baseline_relative[min_neg],AOD_star,0.08308270676691727,0.19737314709701503,0.09129724136722728,0.21008411226430854,20
lsac,gradual_global_mag0.5,xgb,per_subgroup_baseline_relative[min_neg],BalAcc,-0.44796992481202996,0.10900222781695733,-0.9212462525800655,0.05955897465209752,20
lsac,gradual_global_mag0.5,xgb,per_subgroup_ewma[min_pos],DI_star,0.6232330827067668,0.1430908061350708,0.7046095146002499,0.12230599652588063,20
lsac,gradual_global_mag0.5,xgb,per_subgroup_ewma[min_pos],AOD_star,0.18082706766917295,0.20943696411012605,0.17045855397056045,0.2166258612530397,20
lsac,gradual_global_mag0.5,xgb,per_subgroup_ewma[min_pos],BalAcc,-0.5115789473684209,0.11524194341994808,-0.7854627253606459,0.08856318920768545,20
lsac,gradual_global_mag0.5,xgb,per_subgroup_baseline_relative[min_pos],DI_star,0.3823096375086161,0.22025398921064374,0.651907486967802,0.20836496896144593,20
lsac,gradual_global_mag0.5,xgb,per_subgroup_baseline_relative[min_pos],AOD_star,0.0244236439575463,0.24055492569349587,0.07075122588919176,0.22212127705005388,20
lsac,gradual_global_mag0.5,xgb,per_subgroup_baseline_relative[min_pos],BalAcc,-0.4015993079420458,0.19626154654589253,-0.8641890538898409,0.19019367831605377,20
lsac,gradual_global_mag0.5,xgb,per_subgroup_ewma[maj_neg],DI_star,0.6173684210526316,0.12919776648195871,0.6982621301942555,0.12718658285775997,20
lsac,gradual_global_mag0.5,xgb,per_subgroup_ewma[maj_neg],AOD_star,0.1776691729323308,0.20804079221406346,0.18243908371893197,0.21809810761742046,20
lsac,gradual_global_mag0.5,xgb,per_subgroup_ewma[maj_neg],BalAcc,-0.5291729323308271,0.10393784372194204,-0.7733142260902895,0.06239105879366527,20
lsac,gradual_global_mag0.5,xgb,per_subgroup_baseline_relative[maj_neg],DI_star,0.4287758152565484,0.17941555072254417,0.6208045144597254,0.2073546633874326,20
lsac,gradual_global_mag0.5,xgb,per_subgroup_baseline_relative[maj_neg],AOD_star,0.06736247319642379,0.22229327885757538,0.09209433250521115,0.24942663780299762,20
lsac,gradual_global_mag0.5,xgb,per_subgroup_baseline_relative[maj_neg],BalAcc,-0.49830645968802384,0.11434478047055001,-0.8243421375662099,0.17797738601993224,20
lsac,gradual_global_mag0.5,xgb,per_subgroup_ewma[maj_pos],DI_star,0.6499248120300751,0.12295345981996798,0.7263194938427115,0.11136756791947776,20
lsac,gradual_global_mag0.5,xgb,per_subgroup_ewma[maj_pos],AOD_star,0.19240601503759397,0.20454194540080353,0.17847871866066164,0.21712927578759547,20
lsac,gradual_global_mag0.5,xgb,per_subgroup_ewma[maj_pos],BalAcc,-0.5227067669172933,0.10182727613889019,-0.812852461501539,0.02465930010422331,20
lsac,gradual_global_mag0.5,xgb,per_subgroup_baseline_relative[maj_pos],DI_star,0.5645112781954886,0.12791981914032577,0.7236966540701156,0.11726944155109026,20
lsac,gradual_global_mag0.5,xgb,per_subgroup_baseline_relative[maj_pos],AOD_star,0.101203007518797,0.19286152510813553,0.07760065752512872,0.2095817749717193,20
lsac,gradual_global_mag0.5,xgb,per_subgroup_baseline_relative[maj_pos],BalAcc,-0.4883458646616541,0.10750236479932429,-0.9662407081938452,0.010298217150620358,20
lsac,gradual_global_mag1.0,lr,global_mean,DI_star,0.7681829668723961,0.09138614709692003,0.6934139379261843,0.1202842152604598,20
lsac,gradual_global_mag1.0,lr,global_mean,AOD_star,0.4258646616541353,0.24383986092751453,0.38195750341346935,0.22283741046952366,20
lsac,gradual_global_mag1.0,lr,global_mean,BalAcc,-0.4018127696524646,0.22423383774800748,-0.36202841452545803,0.219857119761539,20
lsac,gradual_global_mag1.0,lr,global_ewma,DI_star,0.7810427160962151,0.08672379038944165,0.7849766576658521,0.09740967966347125,20
lsac,gradual_global_mag1.0,lr,global_ewma,AOD_star,0.4275939849624059,0.24412054112724732,0.4556377719737352,0.238457871747395,20
lsac,gradual_global_mag1.0,lr,global_ewma,BalAcc,-0.4279039285257952,0.21898187526910232,-0.43407233660185096,0.20586287294014718,20
lsac,gradual_global_mag1.0,lr,global_std,DI_star,0.5927587809305247,0.14321550987773177,0.5984179042959145,0.1299321481521434,20
lsac,gradual_global_mag1.0,lr,global_std,AOD_star,0.3253383458646616,0.21546425677930925,0.3462710063043066,0.20787940865077573,20
lsac,gradual_global_mag1.0,lr,global_std,BalAcc,-0.35106038087535063,0.22163427102993793,-0.33059407261887497,0.17569073039233565,20
lsac,gradual_global_mag1.0,lr,subgroup_violation_diff,DI_star,0.062021576166200076,0.1506726558516421,0.11165612002137312,0.21968985301653277,20
lsac,gradual_global_mag1.0,lr,subgroup_violation_diff,AOD_star,0.10857142857142857,0.1994693622016179,0.12985705334121164,0.17172208113543458,20
lsac,gradual_global_mag1.0,lr,subgroup_violation_diff,BalAcc,-0.08090248189592704,0.2566576181387591,-0.08556947105122993,0.21868609143730133,20
lsac,gradual_global_mag1.0,lr,max_subgroup_deviation,DI_star,0.5715605328639188,0.17692614340452853,0.5451092994826139,0.12758450356928422,20
lsac,gradual_global_mag1.0,lr,max_subgroup_deviation,AOD_star,0.32075187969924807,0.24321656868322042,0.2518793062062625,0.23086993898172686,20
lsac,gradual_global_mag1.0,lr,max_subgroup_deviation,BalAcc,-0.2786138729371688,0.2491693394818583,-0.24291091929723807,0.23005818277553394,20
lsac,gradual_global_mag1.0,lr,assignment_proportion_drift,DI_star,0.10282937875663592,0.24952308866693804,0.3291786950219059,0.22791053920532928,20
lsac,gradual_global_mag1.0,lr,assignment_proportion_drift,AOD_star,0.01849418847218364,0.23502207351290394,0.13576975220848958,0.218973840557151,20
lsac,gradual_global_mag1.0,lr,assignment_proportion_drift,BalAcc,-0.05298904071410839,0.24453436800675565,-0.1360856210526107,0.2549696603689602,20
lsac,gradual_global_mag1.0,lr,ks_statistic,DI_star,0.7848774158826706,0.09273963025331783,0.7775877484983239,0.09198920729503819,20
lsac,gradual_global_mag1.0,lr,ks_statistic,AOD_star,0.4342105263157895,0.24751070022112728,0.4350202733852161,0.2464853376476846,20
lsac,gradual_global_mag1.0,lr,ks_statistic,BalAcc,-0.42790339116582565,0.2258869617665961,-0.41607199552100804,0.20685950211566276,20
lsac,gradual_global_mag1.0,lr,kl_divergence,DI_star,0.7646499255279616,0.09367265048712028,0.7531762111322033,0.09014106836881687,20
lsac,gradual_global_mag1.0,lr,kl_divergence,AOD_star,0.41037593984962395,0.2485159297422045,0.4826583323098985,0.23552863783601646,20
lsac,gradual_global_mag1.0,lr,kl_divergence,BalAcc,-0.4279410558560472,0.21545944292764813,-0.46003081950075186,0.15695982879549414,20
lsac,gradual_global_mag1.0,lr,per_subgroup_ewma[min_neg],DI_star,0.7796131247850312,0.08484359045621763,0.7709942608152249,0.09889963194920802,20
lsac,gradual_global_mag1.0,lr,per_subgroup_ewma[min_neg],AOD_star,0.42639097744360893,0.24705740669427162,0.44171432799237353,0.23795083794359742,20
lsac,gradual_global_mag1.0,lr,per_subgroup_ewma[min_neg],BalAcc,-0.4293325282364703,0.21505361603761627,-0.4217707083078156,0.2066222823870552,20
lsac,gradual_global_mag1.0,lr,per_subgroup_baseline_relative[min_neg],DI_star,0.5981674419926297,0.1375972751824296,0.6315559280949812,0.14187442333025949,20
lsac,gradual_global_mag1.0,lr,per_subgroup_baseline_relative[min_neg],AOD_star,0.303984962406015,0.19245257952116598,0.3336995428515051,0.22461393934087026,20
lsac,gradual_global_mag1.0,lr,per_subgroup_baseline_relative[min_neg],BalAcc,-0.32571810379828003,0.2613684628122831,-0.3280589955599248,0.22324112357081027,20
lsac,gradual_global_mag1.0,lr,per_subgroup_ewma[min_pos],DI_star,0.776382081843489,0.09750330059146753,0.7353309688254903,0.10570541890434944,20
lsac,gradual_global_mag1.0,lr,per_subgroup_ewma[min_pos],AOD_star,0.4233834586466164,0.2529833189557195,0.3863630216041238,0.24428102705230945,20
lsac,gradual_global_mag1.0,lr,per_subgroup_ewma[min_pos],BalAcc,-0.43873105275917545,0.21408127326915238,-0.3896636291346417,0.2140438496940742,20
lsac,gradual_global_mag1.0,lr,per_subgroup_baseline_relative[min_pos],DI_star,0.5877832061240433,0.21193918762755545,0.550138587111568,0.14759029432060744,20
lsac,gradual_global_mag1.0,lr,per_subgroup_baseline_relative[min_pos],AOD_star,0.3394745658002415,0.272092993125333,0.26027084519903354,0.23850077491934846,20
lsac,gradual_global_mag1.0,lr,per_subgroup_baseline_relative[min_pos],BalAcc,-0.29532244696049076,0.22929656250586197,-0.2529717406911896,0.2279422071003309,20
lsac,gradual_global_mag1.0,lr,per_subgroup_ewma[maj_neg],DI_star,0.7651036597141867,0.10667101834376287,0.7349705822756246,0.10596350075775467,20
lsac,gradual_global_mag1.0,lr,per_subgroup_ewma[maj_neg],AOD_star,0.4174436090225563,0.25716809443933314,0.39423957042097996,0.2362651112754294,20
lsac,gradual_global_mag1.0,lr,per_subgroup_ewma[maj_neg],BalAcc,-0.420685657156184,0.20813536140596478,-0.38574577309768326,0.20607094521540764,20
lsac,gradual_global_mag1.0,lr,per_subgroup_baseline_relative[maj_neg],DI_star,0.5213368209923427,0.1655474859210212,0.53669060071908,0.10957633156353994,20
lsac,gradual_global_mag1.0,lr,per_subgroup_baseline_relative[maj_neg],AOD_star,0.31260394381342227,0.19216023927490378,0.2757473658972523,0.16788404279157818,20
lsac,gradual_global_mag1.0,lr,per_subgroup_baseline_relative[maj_neg],BalAcc,-0.22626978359876687,0.2172803202206623,-0.21910204545520004,0.20787417558630478,20
lsac,gradual_global_mag1.0,lr,per_subgroup_ewma[maj_pos],DI_star,0.7858555394134348,0.08076176076505091,0.7615087506234037,0.09601598572900284,20
lsac,gradual_global_mag1.0,lr,per_subgroup_ewma[maj_pos],AOD_star,0.4333834586466164,0.23863415595386092,0.4184205966193236,0.24116905184815118,20
lsac,gradual_global_mag1.0,lr,per_subgroup_ewma[maj_pos],BalAcc,-0.42933249995436656,0.21649714249484076,-0.3968993558998087,0.21404736651600662,20
lsac,gradual_global_mag1.0,lr,per_subgroup_baseline_relative[maj_pos],DI_star,0.7623203449834856,0.08573989262607754,0.6294292331470175,0.1006151685817955,20
lsac,gradual_global_mag1.0,lr,per_subgroup_baseline_relative[maj_pos],AOD_star,0.4245864661654135,0.2370929689444416,0.3204772552218071,0.2311858667557966,20
lsac,gradual_global_mag1.0,lr,per_subgroup_baseline_relative[maj_pos],BalAcc,-0.40485580369980034,0.21300418953955536,-0.2980506246626445,0.21311690969141123,20
lsac,gradual_global_mag1.0,xgb,global_mean,DI_star,0.8356390977443608,0.0711773977175483,0.8329077620954963,0.06902060655943781,20
lsac,gradual_global_mag1.0,xgb,global_mean,AOD_star,0.6336842105263157,0.13509619104751813,0.5372494947485145,0.16600656174202583,20
lsac,gradual_global_mag1.0,xgb,global_mean,BalAcc,-0.7051127819548871,0.11412424287554773,-0.8606357195849744,0.13288937009770707,20
lsac,gradual_global_mag1.0,xgb,global_ewma,DI_star,0.8533834586466165,0.06847391166469685,0.8476665475520593,0.07109957749403442,20
lsac,gradual_global_mag1.0,xgb,global_ewma,AOD_star,0.6517293233082707,0.13267590005038804,0.6427680501436719,0.11664987676450138,20
lsac,gradual_global_mag1.0,xgb,global_ewma,BalAcc,-0.7148120300751878,0.10344758093471161,-0.746725402864724,0.10186713415535527,20
lsac,gradual_global_mag1.0,xgb,global_std,DI_star,0.6144360902255639,0.1827413562976011,0.5860028024939695,0.22897612781247184,20
lsac,gradual_global_mag1.0,xgb,global_std,AOD_star,0.5343609022556391,0.15374296288796885,0.5370600629381375,0.15584352126334206,20
lsac,gradual_global_mag1.0,xgb,global_std,BalAcc,-0.4515037593984962,0.24493876151136848,-0.4054888221678562,0.37067535070124774,20
lsac,gradual_global_mag1.0,xgb,subgroup_violation_diff,DI_star,0.025864661654135323,0.20867857236827714,0.09380446386889774,0.5052756197439284,20
lsac,gradual_global_mag1.0,xgb,subgroup_violation_diff,AOD_star,-0.010601503759398492,0.23358833103356802,0.03538807181456691,0.24827378376486858,20
lsac,gradual_global_mag1.0,xgb,subgroup_violation_diff,BalAcc,-0.0730827067669173,0.3219764139274152,-0.15261418031445478,0.7967235275048804,20
lsac,gradual_global_mag1.0,xgb,max_subgroup_deviation,DI_star,0.6681203007518797,0.1453926943103465,0.7950240959402581,0.08623562303786811,20
lsac,gradual_global_mag1.0,xgb,max_subgroup_deviation,AOD_star,0.45736842105263154,0.20286560063074235,0.4101841493634707,0.18798186695774724,20
lsac,gradual_global_mag1.0,xgb,max_subgroup_deviation,BalAcc,-0.622406015037594,0.122684927291319,-0.9449302468791336,0.046860522082663704,20
lsac,gradual_global_mag1.0,xgb,assignment_proportion_drift,DI_star,0.25628439590211677,0.2068217018470167,0.6126508447580661,0.1781943182296329,20
lsac,gradual_global_mag1.0,xgb,assignment_proportion_drift,AOD_star,-0.0060296253705066135,0.2576829450595028,0.19488111922087742,0.2428735119995974,20
lsac,gradual_global_mag1.0,xgb,assignment_proportion_drift,BalAcc,-0.35973408086593794,0.1532622371114069,-0.8754399200904455,0.0941712481257694,20
lsac,gradual_global_mag1.0,xgb,ks_statistic,DI_star,0.8557894736842104,0.0697327785938905,0.868236760439574,0.05123561898890621,20
lsac,gradual_global_mag1.0,xgb,ks_statistic,AOD_star,0.6551127819548872,0.138326473796346,0.6488558676536746,0.12966820740194693,20
lsac,gradual_global_mag1.0,xgb,ks_statistic,BalAcc,-0.7167669172932329,0.1034923828104795,-0.7787869547434146,0.028868044075025627,20
lsac,gradual_global_mag1.0,xgb,kl_divergence,DI_star,0.8419548872180449,0.0683009770128357,0.7055398533041278,0.06050865849005442,20
lsac,gradual_global_mag1.0,xgb,kl_divergence,AOD_star,0.6363909774436091,0.12846594626545377,0.6596368394130916,0.1093710372915772,20
lsac,gradual_global_mag1.0,xgb,kl_divergence,BalAcc,-0.7084962406015036,0.10073647621001443,-0.48921821007791877,0.03246149589953095,20
lsac,gradual_global_mag1.0,xgb,per_subgroup_ewma[min_neg],DI_star,0.8492481203007518,0.06547637634730366,0.8502930690377142,0.06886140206342413,20
lsac,gradual_global_mag1.0,xgb,per_subgroup_ewma[min_neg],AOD_star,0.6479699248120301,0.12885375501062457,0.6258915790348957,0.11527177625690739,20
lsac,gradual_global_mag1.0,xgb,per_subgroup_ewma[min_neg],BalAcc,-0.7136090225563909,0.10287019549594949,-0.7694266125815988,0.10186361135498326,20
lsac,gradual_global_mag1.0,xgb,per_subgroup_baseline_relative[min_neg],DI_star,0.6953383458646616,0.13961691366878096,0.7944995401580182,0.07409242308613292,20
lsac,gradual_global_mag1.0,xgb,per_subgroup_baseline_relative[min_neg],AOD_star,0.4777443609022556,0.18067661350628314,0.47459752771482655,0.18453905227540524,20
lsac,gradual_global_mag1.0,xgb,per_subgroup_baseline_relative[min_neg],BalAcc,-0.6332330827067668,0.14787996226051253,-0.8665516064686389,0.130045165194336,20
lsac,gradual_global_mag1.0,xgb,per_subgroup_ewma[min_pos],DI_star,0.8498496240601503,0.06270563998915253,0.8622510875388307,0.06108589231201309,20
lsac,gradual_global_mag1.0,xgb,per_subgroup_ewma[min_pos],AOD_star,0.6493233082706766,0.1272837953769026,0.6026568999095274,0.15285900862578647,20
lsac,gradual_global_mag1.0,xgb,per_subgroup_ewma[min_pos],BalAcc,-0.7101503759398495,0.10764635684661303,-0.8161954917715335,0.0661676081270539,20
lsac,gradual_global_mag1.0,xgb,per_subgroup_baseline_relative[min_pos],DI_star,0.6412274173505768,0.15381036292787043,0.7784439025522888,0.10220240595466726,20
lsac,gradual_global_mag1.0,xgb,per_subgroup_baseline_relative[min_pos],AOD_star,0.4317735421953481,0.21066742760562862,0.41024712105243266,0.19444489569298934,20
lsac,gradual_global_mag1.0,xgb,per_subgroup_baseline_relative[min_pos],BalAcc,-0.5983269937297204,0.1328980778107294,-0.911805737342263,0.11176314924884848,20
lsac,gradual_global_mag1.0,xgb,per_subgroup_ewma[maj_neg],DI_star,0.8368421052631578,0.07363739497893922,0.8508757452831326,0.06734245620924609,20
lsac,gradual_global_mag1.0,xgb,per_subgroup_ewma[maj_neg],AOD_star,0.638345864661654,0.1335906368384041,0.5922173679153563,0.14277437775335114,20
lsac,gradual_global_mag1.0,xgb,per_subgroup_ewma[maj_neg],BalAcc,-0.7069924812030075,0.10701049732337535,-0.8052959610764614,0.07291430809739487,20
lsac,gradual_global_mag1.0,xgb,per_subgroup_baseline_relative[maj_neg],DI_star,0.5608242941472508,0.16165399113654563,0.7373852677669738,0.125467200130578,20
lsac,gradual_global_mag1.0,xgb,per_subgroup_baseline_relative[maj_neg],AOD_star,0.3463443713371374,0.19080073448363302,0.3781808868174565,0.20686089031777194,20
lsac,gradual_global_mag1.0,xgb,per_subgroup_baseline_relative[maj_neg],BalAcc,-0.5512259126061313,0.14034920016914268,-0.8748044944211019,0.12858335292539314,20
lsac,gradual_global_mag1.0,xgb,per_subgroup_ewma[maj_pos],DI_star,0.8560150375939848,0.06619765960646577,0.8726152059878535,0.0537221767106035,20
lsac,gradual_global_mag1.0,xgb,per_subgroup_ewma[maj_pos],AOD_star,0.6556390977443609,0.1309523209938585,0.6293257435738175,0.1312159932132896,20
lsac,gradual_global_mag1.0,xgb,per_subgroup_ewma[maj_pos],BalAcc,-0.7142105263157893,0.10310952087046857,-0.8072397816480258,0.029954034654007658,20
lsac,gradual_global_mag1.0,xgb,per_subgroup_baseline_relative[maj_pos],DI_star,0.8385714285714286,0.07127450737579356,0.8518375014509563,0.06903789122798121,20
lsac,gradual_global_mag1.0,xgb,per_subgroup_baseline_relative[maj_pos],AOD_star,0.6387218045112782,0.1358269167936997,0.4902044444881195,0.1558906884717639,20
lsac,gradual_global_mag1.0,xgb,per_subgroup_baseline_relative[maj_pos],BalAcc,-0.6944360902255637,0.09925677793179782,-0.949232625151798,0.017542346250567477,20
lsac,gradual_global_mag2.0,lr,global_mean,DI_star,0.9274436090225564,0.026739341206140275,0.9119654014662505,0.03977355977748723,20
lsac,gradual_global_mag2.0,lr,global_mean,AOD_star,0.8309022556390977,0.07101100742036001,0.8184785120410704,0.06891837387311314,20
lsac,gradual_global_mag2.0,lr,global_mean,BalAcc,-0.8012781954887217,0.06167114197867438,-0.7715282410209858,0.08444903837381476,20
lsac,gradual_global_mag2.0,lr,global_ewma,DI_star,0.9252631578947368,0.026706445165033316,0.9375768830751294,0.025951370236333142,20
lsac,gradual_global_mag2.0,lr,global_ewma,AOD_star,0.8284962406015038,0.07198669954600599,0.8622028021238635,0.05904605433342906,20
lsac,gradual_global_mag2.0,lr,global_ewma,BalAcc,-0.8006015037593984,0.06342300249709047,-0.8128338817055211,0.07390744841137636,20
lsac,gradual_global_mag2.0,lr,global_std,DI_star,0.6968421052631579,0.1984862152856762,0.7346468050482465,0.1866707137922665,20
lsac,gradual_global_mag2.0,lr,global_std,AOD_star,0.6104511278195488,0.28053093061217277,0.6262356968817124,0.26374814491899495,20
lsac,gradual_global_mag2.0,lr,global_std,BalAcc,-0.5909774436090225,0.24915709561663343,-0.6134407447982849,0.24613734049495628,20
lsac,gradual_global_mag2.0,lr,subgroup_violation_diff,DI_star,0.47000000000000003,0.2450700986868737,0.5207871076190219,0.23878237531799615,20
lsac,gradual_global_mag2.0,lr,subgroup_violation_diff,AOD_star,0.46451127819548865,0.2716406810825143,0.5009047760000154,0.2618648311243048,20
lsac,gradual_global_mag2.0,lr,subgroup_violation_diff,BalAcc,-0.4367669172932331,0.2964490984162955,-0.4510333458985973,0.2902386687425303,20
lsac,gradual_global_mag2.0,lr,max_subgroup_deviation,DI_star,0.8865413533834584,0.03417034738811,0.8482400223058377,0.052248268355683025,20
lsac,gradual_global_mag2.0,lr,max_subgroup_deviation,AOD_star,0.7925563909774436,0.07610638331818156,0.7368600081232775,0.0985285506104257,20
lsac,gradual_global_mag2.0,lr,max_subgroup_deviation,BalAcc,-0.7888721804511278,0.06850841320328045,-0.7035494176785473,0.1080175133199305,20
lsac,gradual_global_mag2.0,lr,assignment_proportion_drift,DI_star,0.4943134252375755,0.25530016774342795,0.6341350602654697,0.17302477432993696,20
lsac,gradual_global_mag2.0,lr,assignment_proportion_drift,AOD_star,0.4033886629180632,0.24760263584009584,0.525942480872347,0.18330874600894673,20
lsac,gradual_global_mag2.0,lr,assignment_proportion_drift,BalAcc,-0.411078352697985,0.3057843306545318,-0.5000452871703687,0.22440644172827695,20
lsac,gradual_global_mag2.0,lr,ks_statistic,DI_star,0.928796992481203,0.02451761991857729,0.9292815825242423,0.026595030507108194,20
lsac,gradual_global_mag2.0,lr,ks_statistic,AOD_star,0.8312781954887217,0.07063924780002229,0.8216045764228743,0.07741595592361501,20
lsac,gradual_global_mag2.0,lr,ks_statistic,BalAcc,-0.8028571428571428,0.06535370178705832,-0.7799107812770767,0.08595460731350922,20
lsac,gradual_global_mag2.0,lr,kl_divergence,DI_star,0.9276691729323308,0.030284609218924938,0.9235178345144511,0.03327530553294637,20
lsac,gradual_global_mag2.0,lr,kl_divergence,AOD_star,0.8283458646616542,0.07909727979508505,0.8679207488191854,0.055153742997481374,20
lsac,gradual_global_mag2.0,lr,kl_divergence,BalAcc,-0.8039849624060149,0.06610946882979857,-0.8219027797648378,0.06746753580557696,20
lsac,gradual_global_mag2.0,lr,per_subgroup_ewma[min_neg],DI_star,0.9242105263157894,0.02801758410245826,0.9212076795321069,0.029898005072679465,20
lsac,gradual_global_mag2.0,lr,per_subgroup_ewma[min_neg],AOD_star,0.8301503759398494,0.074181953957485,0.8464626596517159,0.06665372725142726,20
lsac,gradual_global_mag2.0,lr,per_subgroup_ewma[min_neg],BalAcc,-0.8001503759398496,0.0647401167598065,-0.792543194519937,0.07946641351500806,20
lsac,gradual_global_mag2.0,lr,per_subgroup_baseline_relative[min_neg],DI_star,0.8649624060150375,0.07380471962272435,0.8531363267554557,0.07788313363414784,20
lsac,gradual_global_mag2.0,lr,per_subgroup_baseline_relative[min_neg],AOD_star,0.7727067669172931,0.07715366557238601,0.7694149799842928,0.1060287788965031,20
lsac,gradual_global_mag2.0,lr,per_subgroup_baseline_relative[min_neg],BalAcc,-0.7457142857142857,0.08022510587491065,-0.7243251254060744,0.11100300984875539,20
lsac,gradual_global_mag2.0,lr,per_subgroup_ewma[min_pos],DI_star,0.9244360902255637,0.02346479098248393,0.92778124439491,0.02490438303883954,20
lsac,gradual_global_mag2.0,lr,per_subgroup_ewma[min_pos],AOD_star,0.8281203007518796,0.06983517579229748,0.8302937709363674,0.06914918892876337,20
lsac,gradual_global_mag2.0,lr,per_subgroup_ewma[min_pos],BalAcc,-0.8073684210526315,0.06385030404193821,-0.7878300532116201,0.08551048464975337,20
lsac,gradual_global_mag2.0,lr,per_subgroup_baseline_relative[min_pos],DI_star,0.8848466061673597,0.04044429337257802,0.8411192213574121,0.061440777822505614,20
lsac,gradual_global_mag2.0,lr,per_subgroup_baseline_relative[min_pos],AOD_star,0.792096896981438,0.08152837439807363,0.7240935215999807,0.11174090559315902,20
lsac,gradual_global_mag2.0,lr,per_subgroup_baseline_relative[min_pos],BalAcc,-0.788772347180271,0.068740064135519,-0.6988044989469022,0.11671440038937746,20
lsac,gradual_global_mag2.0,lr,per_subgroup_ewma[maj_neg],DI_star,0.9254887218045112,0.02670379902902199,0.9279547774345135,0.029171061423473692,20
lsac,gradual_global_mag2.0,lr,per_subgroup_ewma[maj_neg],AOD_star,0.8324812030075186,0.07087063455811995,0.8320192273929379,0.06981448781872795,20
lsac,gradual_global_mag2.0,lr,per_subgroup_ewma[maj_neg],BalAcc,-0.8045864661654134,0.0638424678751735,-0.7833655581075833,0.08100783799508816,20
lsac,gradual_global_mag2.0,lr,per_subgroup_baseline_relative[maj_neg],DI_star,0.8573625851003488,0.08227770033537464,0.8289413305952096,0.07056458606789824,20
lsac,gradual_global_mag2.0,lr,per_subgroup_baseline_relative[maj_neg],AOD_star,0.7856155838267967,0.09609715574932955,0.7239814877521533,0.10415704187664267,20
lsac,gradual_global_mag2.0,lr,per_subgroup_baseline_relative[maj_neg],BalAcc,-0.7286959108676183,0.10248447798321612,-0.6623192351745397,0.13053729358079535,20
lsac,gradual_global_mag2.0,lr,per_subgroup_ewma[maj_pos],DI_star,0.9286466165413533,0.02562343798884627,0.929514691456174,0.029694140360273773,20
lsac,gradual_global_mag2.0,lr,per_subgroup_ewma[maj_pos],AOD_star,0.832781954887218,0.0665464082018712,0.834999266183979,0.06904982014844108,20
lsac,gradual_global_mag2.0,lr,per_subgroup_ewma[maj_pos],BalAcc,-0.8032330827067667,0.061450746496775954,-0.7913743249861035,0.08062998567214923,20
lsac,gradual_global_mag2.0,lr,per_subgroup_baseline_relative[maj_pos],DI_star,0.9221052631578945,0.027020008164335276,0.8669038159387392,0.04613732947192028,20
lsac,gradual_global_mag2.0,lr,per_subgroup_baseline_relative[maj_pos],AOD_star,0.8269924812030075,0.06866349675928533,0.7581560417094015,0.08901935866817604,20
lsac,gradual_global_mag2.0,lr,per_subgroup_baseline_relative[maj_pos],BalAcc,-0.7976691729323306,0.06795341305863098,-0.7180986133885264,0.10404236142627313,20
lsac,gradual_global_mag2.0,xgb,global_mean,DI_star,0.9340390477179905,0.02968055032607568,0.9077452800582474,0.03566247429480296,20
lsac,gradual_global_mag2.0,xgb,global_mean,AOD_star,0.8825495154246206,0.04577461901058366,0.8401913962425385,0.06725097660501554,20
lsac,gradual_global_mag2.0,xgb,global_mean,BalAcc,-0.8821455387881926,0.053082461816314784,-0.8199755251964962,0.09296996438862083,20
lsac,gradual_global_mag2.0,xgb,global_ewma,DI_star,0.9354677928903588,0.027377288057776103,0.8775457138635987,0.04849204552165568,20
lsac,gradual_global_mag2.0,xgb,global_ewma,AOD_star,0.8839032150983448,0.04424272244454666,0.8699580119685926,0.04731948885965622,20
lsac,gradual_global_mag2.0,xgb,global_ewma,BalAcc,-0.8818452990672627,0.05337110686279598,-0.7183884845339685,0.07860084819877476,20
lsac,gradual_global_mag2.0,xgb,global_std,DI_star,0.7194952359787592,0.16958828103643137,0.7694935776224898,0.07160772826142973,20
lsac,gradual_global_mag2.0,xgb,global_std,AOD_star,0.6899314731584898,0.21771955634753304,0.7434898629456417,0.16649707652064244,20
lsac,gradual_global_mag2.0,xgb,global_std,BalAcc,-0.6705444873940346,0.1474003424318445,-0.649805493133804,0.17397197874756204,20
lsac,gradual_global_mag2.0,xgb,subgroup_violation_diff,DI_star,0.4487322844840711,0.25694414012699474,0.46988729366864695,0.2629324412424675,20
lsac,gradual_global_mag2.0,xgb,subgroup_violation_diff,AOD_star,0.4255276679317611,0.27631671993622764,0.4450140618206757,0.22681523088969302,20
lsac,gradual_global_mag2.0,xgb,subgroup_violation_diff,BalAcc,-0.4381414149290691,0.25388969392210453,-0.42642841925232017,0.46574058188818124,20
lsac,gradual_global_mag2.0,xgb,max_subgroup_deviation,DI_star,0.9075943639898689,0.04258118349440998,0.9051857157638528,0.0405680403614843,20
lsac,gradual_global_mag2.0,xgb,max_subgroup_deviation,AOD_star,0.8453498542374762,0.07233950336553051,0.7813830638512123,0.0884976627248567,20
lsac,gradual_global_mag2.0,xgb,max_subgroup_deviation,BalAcc,-0.8589361437594267,0.05593857798342075,-0.8956843910414458,0.03924741221488658,20
lsac,gradual_global_mag2.0,xgb,assignment_proportion_drift,DI_star,0.5150790130995662,0.259940296437074,0.7504962721393846,0.10810058099563474,20
lsac,gradual_global_mag2.0,xgb,assignment_proportion_drift,AOD_star,0.40107732774859495,0.2829947918676672,0.5520049232195805,0.18296117860234434,20
lsac,gradual_global_mag2.0,xgb,assignment_proportion_drift,BalAcc,-0.5281519425865905,0.23433047044755798,-0.8560550846321349,0.10712662872669308,20
lsac,gradual_global_mag2.0,xgb,ks_statistic,DI_star,0.9368176211822442,0.028517408759089858,0.9338519899674077,0.022402978635156306,20
lsac,gradual_global_mag2.0,xgb,ks_statistic,AOD_star,0.8862301411219182,0.04565794166575636,0.8813814971255691,0.0550022692399236,20
lsac,gradual_global_mag2.0,xgb,ks_statistic,BalAcc,-0.8810932204339107,0.05111272985712532,-0.8148335917754398,0.02000309791500394,20
lsac,gradual_global_mag2.0,xgb,kl_divergence,DI_star,0.934414366332209,0.024764109766555943,0.8186056931295733,0.039700792010318134,20
lsac,gradual_global_mag2.0,xgb,kl_divergence,AOD_star,0.8846158974903628,0.03958717165673782,0.8582468483970567,0.04682716545362691,20
lsac,gradual_global_mag2.0,xgb,kl_divergence,BalAcc,-0.8810560032359014,0.05241811206429764,-0.617366550145177,0.026027363365721812,20
lsac,gradual_global_mag2.0,xgb,per_subgroup_ewma[min_neg],DI_star,0.9353170232239678,0.027621963548810753,0.8701716845497204,0.08369980959420414,20
lsac,gradual_global_mag2.0,xgb,per_subgroup_ewma[min_neg],AOD_star,0.885331534210893,0.0430946760789402,0.8497911929070983,0.05583669852154495,20
lsac,gradual_global_mag2.0,xgb,per_subgroup_ewma[min_neg],BalAcc,-0.8814702135601882,0.05289959098525376,-0.728043689562814,0.12922330064158083,20
lsac,gradual_global_mag2.0,xgb,per_subgroup_baseline_relative[min_neg],DI_star,0.8726351511112738,0.0666509564105601,0.8520959398211321,0.053109061243692954,20
lsac,gradual_global_mag2.0,xgb,per_subgroup_baseline_relative[min_neg],AOD_star,0.8171489879492173,0.0692083017561217,0.7680739396981247,0.08388471222284395,20
lsac,gradual_global_mag2.0,xgb,per_subgroup_baseline_relative[min_neg],BalAcc,-0.8273921764001733,0.08083052331931224,-0.7995511768311759,0.14767181512899344,20
lsac,gradual_global_mag2.0,xgb,per_subgroup_ewma[min_pos],DI_star,0.9295188729148911,0.0365338210389118,0.9149103984223512,0.02268017623517452,20
lsac,gradual_global_mag2.0,xgb,per_subgroup_ewma[min_pos],AOD_star,0.8825497133993461,0.046098632632028326,0.8755831523287855,0.05728857582646816,20
lsac,gradual_global_mag2.0,xgb,per_subgroup_ewma[min_pos],BalAcc,-0.8792075995715816,0.05446834550061832,-0.7864753031533799,0.040574790334566985,20
lsac,gradual_global_mag2.0,xgb,per_subgroup_baseline_relative[min_pos],DI_star,0.9002760944459635,0.057267112390256336,0.905727541245669,0.04696135875616171,20
lsac,gradual_global_mag2.0,xgb,per_subgroup_baseline_relative[min_pos],AOD_star,0.8479033702119727,0.08099871748360264,0.7821261325002921,0.09912885096434425,20
lsac,gradual_global_mag2.0,xgb,per_subgroup_baseline_relative[min_pos],BalAcc,-0.8542492106271522,0.059195871779534275,-0.8949181608146024,0.05314161322337387,20
lsac,gradual_global_mag2.0,xgb,per_subgroup_ewma[maj_neg],DI_star,0.9345624109428566,0.028572096839195746,0.9171663281400482,0.02609679239292714,20
lsac,gradual_global_mag2.0,xgb,per_subgroup_ewma[maj_neg],AOD_star,0.8832983292019467,0.04897368565121648,0.8783158266913,0.052806125397075014,20
lsac,gradual_global_mag2.0,xgb,per_subgroup_ewma[maj_neg],BalAcc,-0.8811684917042484,0.05226341776903538,-0.7860753928979224,0.032227264852435704,20
lsac,gradual_global_mag2.0,xgb,per_subgroup_baseline_relative[maj_neg],DI_star,0.8762241417294373,0.05933828545309016,0.8982973924166714,0.04664318246337531,20
lsac,gradual_global_mag2.0,xgb,per_subgroup_baseline_relative[maj_neg],AOD_star,0.8178374795427461,0.08375783148129066,0.7752110486992787,0.09180724048629127,20
lsac,gradual_global_mag2.0,xgb,per_subgroup_baseline_relative[maj_neg],BalAcc,-0.8293940663622703,0.08011995305097895,-0.8834272105758647,0.04546530094864986,20
lsac,gradual_global_mag2.0,xgb,per_subgroup_ewma[maj_pos],DI_star,0.9371985079916401,0.026225981313600825,0.9084580240729612,0.02951015415074418,20
lsac,gradual_global_mag2.0,xgb,per_subgroup_ewma[maj_pos],AOD_star,0.8863113870807531,0.04350259080245428,0.874556663252951,0.05115087979022058,20
lsac,gradual_global_mag2.0,xgb,per_subgroup_ewma[maj_pos],BalAcc,-0.8812460111302866,0.05404795719118841,-0.7739515884793259,0.03104692487488384,20
lsac,gradual_global_mag2.0,xgb,per_subgroup_baseline_relative[maj_pos],DI_star,0.9273835960513553,0.03038897080108223,0.9127935245335479,0.034372431740606044,20
lsac,gradual_global_mag2.0,xgb,per_subgroup_baseline_relative[maj_pos],AOD_star,0.8759325775461588,0.04878891765054011,0.8000749587801946,0.07841018151857206,20
lsac,gradual_global_mag2.0,xgb,per_subgroup_baseline_relative[maj_pos],BalAcc,-0.8754925239562115,0.05474842866261269,-0.8820059380556664,0.04003564051696085,20
lsac,abrupt_group_mag0.5,lr,global_mean,DI_star,0.2487942208350442,0.2608375413987907,0.29807840244213757,0.3442065300596687,20
lsac,abrupt_group_mag0.5,lr,global_mean,AOD_star,0.27180451127819544,0.28202760966924834,0.32417958559840143,0.32300260704914285,20
lsac,abrupt_group_mag0.5,lr,global_mean,BalAcc,0.050526315789473676,0.2211643112087339,0.03201788037652825,0.22220180715297716,20
lsac,abrupt_group_mag0.5,lr,global_ewma,DI_star,0.28891451168845345,0.36267513145439406,0.34234987734790157,0.401639751094671,20
lsac,abrupt_group_mag0.5,lr,global_ewma,AOD_star,0.28962406015037595,0.36756764746775283,0.3335338529839362,0.40678744366643654,20
lsac,abrupt_group_mag0.5,lr,global_ewma,BalAcc,-0.032631578947368414,0.22056623896164926,-0.022069672570018836,0.22402938841730652,20
lsac,abrupt_group_mag0.5,lr,global_std,DI_star,0.19849120638705203,0.2744440242732404,0.2182289531990528,0.3191625974275685,20
lsac,abrupt_group_mag0.5,lr,global_std,AOD_star,0.207593984962406,0.28968529517632224,0.2339532754612998,0.30368146041329425,20
lsac,abrupt_group_mag0.5,lr,global_std,BalAcc,0.0225563909774436,0.24514460792505957,0.011215461622450709,0.22981082962117133,20
lsac,abrupt_group_mag0.5,lr,subgroup_violation_diff,DI_star,-0.2542500010606453,0.2955235408612518,-0.24844239550236416,0.34004375781201435,20
lsac,abrupt_group_mag0.5,lr,subgroup_violation_diff,AOD_star,-0.29533834586466157,0.2587634812046625,-0.28911844889887456,0.29592368035706995,20
lsac,abrupt_group_mag0.5,lr,subgroup_violation_diff,BalAcc,-0.06676691729323307,0.2557400950424773,-0.035493543808948105,0.27446810414622397,20
lsac,abrupt_group_mag0.5,lr,max_subgroup_deviation,DI_star,0.31559942502477933,0.2690461765773141,0.32814895635938457,0.30165283187337066,20
lsac,abrupt_group_mag0.5,lr,max_subgroup_deviation,AOD_star,0.32345864661654133,0.26709192635215595,0.34126843923263017,0.2820445340653144,20
lsac,abrupt_group_mag0.5,lr,max_subgroup_deviation,BalAcc,-0.012481203007518812,0.24900008071177632,-0.02958685474465972,0.24396671698957045,20
lsac,abrupt_group_mag0.5,lr,assignment_proportion_drift,DI_star,0.343183376912241,0.19332300646065134,0.3393713225940105,0.20753320776971845,20
lsac,abrupt_group_mag0.5,lr,assignment_proportion_drift,AOD_star,0.3178017947829365,0.21288723696877745,0.30543337120473824,0.22081118648001247,20
lsac,abrupt_group_mag0.5,lr,assignment_proportion_drift,BalAcc,-0.027196755760580366,0.20740214635104057,-0.03195125480529872,0.18191220093915586,20
lsac,abrupt_group_mag0.5,lr,ks_statistic,DI_star,0.24609913442656312,0.14743838665075534,0.25612365439149676,0.14025977475031345,20
lsac,abrupt_group_mag0.5,lr,ks_statistic,AOD_star,0.18511278195488723,0.16668472587632566,0.19444017739065844,0.167836760848336,20
lsac,abrupt_group_mag0.5,lr,ks_statistic,BalAcc,-0.04872180451127821,0.2647891012348088,-0.047004125555154944,0.2709027256834158,20
lsac,abrupt_group_mag0.5,lr,kl_divergence,DI_star,0.4093679020762953,0.14028295789971837,0.31766227255959456,0.12494546021944455,20
lsac,abrupt_group_mag0.5,lr,kl_divergence,AOD_star,0.361578947368421,0.17437221736995223,0.2774375522471288,0.14226287200542873,20
lsac,abrupt_group_mag0.5,lr,kl_divergence,BalAcc,-0.08210526315789472,0.17916105267947777,-0.11043686697795878,0.22851553065187372,20
lsac,abrupt_group_mag0.5,lr,per_subgroup_ewma[min_neg],DI_star,0.33146985622806163,0.283722740766301,0.3614315085410106,0.3188437510256711,20
lsac,abrupt_group_mag0.5,lr,per_subgroup_ewma[min_neg],AOD_star,0.33278195488721796,0.29266654351463445,0.35780799424309795,0.31441556994707714,20
lsac,abrupt_group_mag0.5,lr,per_subgroup_ewma[min_neg],BalAcc,-0.03766917293233082,0.21945227816387927,-0.02067152959004187,0.23823143419908618,20
lsac,abrupt_group_mag0.5,lr,per_subgroup_baseline_relative[min_neg],DI_star,0.18447395289051108,0.2143388217169519,0.1775091152065607,0.2370158357307541,20
lsac,abrupt_group_mag0.5,lr,per_subgroup_baseline_relative[min_neg],AOD_star,0.20789473684210522,0.2249962154442048,0.20765510082261468,0.23355480830184921,20
lsac,abrupt_group_mag0.5,lr,per_subgroup_baseline_relative[min_neg],BalAcc,0.03917293233082707,0.2200938107823316,0.06363111803113661,0.23395939097799281,20
lsac,abrupt_group_mag0.5,lr,per_subgroup_ewma[min_pos],DI_star,0.2982366886749837,0.34260417165290974,0.32880231108322094,0.3827691407929461,20
lsac,abrupt_group_mag0.5,lr,per_subgroup_ewma[min_pos],AOD_star,0.3007518796992481,0.3498973788161522,0.31678695371736443,0.38350937792066536,20
lsac,abrupt_group_mag0.5,lr,per_subgroup_ewma[min_pos],BalAcc,-0.02631578947368421,0.26120543152960796,0.006657288144552844,0.2496906167453043,20
lsac,abrupt_group_mag0.5,lr,per_subgroup_baseline_relative[min_pos],DI_star,0.17630518368481113,0.3157126006524545,0.1913116134697451,0.3139329311731781,20
lsac,abrupt_group_mag0.5,lr,per_subgroup_baseline_relative[min_pos],AOD_star,0.19466165413533829,0.32744459311161395,0.19268577203853898,0.31889994999426063,20
lsac,abrupt_group_mag0.5,lr,per_subgroup_baseline_relative[min_pos],BalAcc,0.0004511278195488841,0.2639455880418819,-0.03711284650828879,0.2546140815758269,20
lsac,abrupt_group_mag0.5,lr,per_subgroup_ewma[maj_neg],DI_star,0.10680087702787497,0.41316313227607304,0.1175009892527276,0.48111703532856825,20
lsac,abrupt_group_mag0.5,lr,per_subgroup_ewma[maj_neg],AOD_star,0.11661654135338344,0.40157316147097516,0.13212401844871768,0.45665757903132953,20
lsac,abrupt_group_mag0.5,lr,per_subgroup_ewma[maj_neg],BalAcc,-0.008120300751879705,0.2511469084636401,-0.04556814547910617,0.24754190063721637,20
lsac,abrupt_group_mag0.5,lr,per_subgroup_baseline_relative[maj_neg],DI_star,0.10793163791552796,0.2688730660672869,0.0931072849790889,0.25610078757713967,20
lsac,abrupt_group_mag0.5,lr,per_subgroup_baseline_relative[maj_neg],AOD_star,0.13917293233082706,0.24115606906456463,0.14353916236878664,0.23966870672638066,20
lsac,abrupt_group_mag0.5,lr,per_subgroup_baseline_relative[maj_neg],BalAcc,0.10458646616541352,0.24986783775552415,0.07833118333477754,0.2603433152970659,20
lsac,abrupt_group_mag0.5,lr,per_subgroup_ewma[maj_pos],DI_star,0.27572022495605464,0.37805342197770464,0.34567468096215453,0.4242572665706565,20
lsac,abrupt_group_mag0.5,lr,per_subgroup_ewma[maj_pos],AOD_star,0.2864661654135338,0.3772448028084311,0.33680444603475446,0.41936961938468725,20
lsac,abrupt_group_mag0.5,lr,per_subgroup_ewma[maj_pos],BalAcc,-0.014661654135338351,0.2426859309426605,-0.018873639253170985,0.23556432616221523,20
lsac,abrupt_group_mag0.5,lr,per_subgroup_baseline_relative[maj_pos],DI_star,0.2962791995034018,0.2831247757245889,0.32152087410073255,0.34953911502289264,20
lsac,abrupt_group_mag0.5,lr,per_subgroup_baseline_relative[maj_pos],AOD_star,0.3312781954887217,0.26056514373942347,0.35435571977367275,0.30884764303704276,20
lsac,abrupt_group_mag0.5,lr,per_subgroup_baseline_relative[maj_pos],BalAcc,0.005563909774436084,0.2603389728827171,0.005955656895092823,0.2611532117517629,20
lsac,abrupt_group_mag0.5,xgb,global_mean,DI_star,0.2867977659964722,0.36182834792700597,0.4662740942351598,0.4289987274549422,20
lsac,abrupt_group_mag0.5,xgb,global_mean,AOD_star,0.3399248120300752,0.3012448872720074,0.43415479603266205,0.38312354345607036,20
lsac,abrupt_group_mag0.5,xgb,global_mean,BalAcc,-0.33947368421052626,0.3009697988694774,-0.34042750990006904,0.32435294026560046,20
lsac,abrupt_group_mag0.5,xgb,global_ewma,DI_star,0.3428472724029649,0.44693205610120523,0.4794768321437838,0.5510679115337322,20
lsac,abrupt_group_mag0.5,xgb,global_ewma,AOD_star,0.3493233082706767,0.4481387441327484,0.43419325203912545,0.52259143259348,20
lsac,abrupt_group_mag0.5,xgb,global_ewma,BalAcc,-0.2734586466165413,0.3375691251291925,-0.2892053343633249,0.3572878198775297,20
lsac,abrupt_group_mag0.5,xgb,global_std,DI_star,0.27093318918864784,0.3255745520998189,0.39543528926275184,0.34859436462389054,20
lsac,abrupt_group_mag0.5,xgb,global_std,AOD_star,0.2989473684210526,0.25825753214298947,0.3503139860279315,0.2998398216046052,20
lsac,abrupt_group_mag0.5,xgb,global_std,BalAcc,-0.28879699248120294,0.22874917653439714,-0.3099199240567203,0.24849395261433338,20
lsac,abrupt_group_mag0.5,xgb,subgroup_violation_diff,DI_star,-0.1806370755739491,0.3544358423069023,-0.26745795328467387,0.3759016732530814,20
lsac,abrupt_group_mag0.5,xgb,subgroup_violation_diff,AOD_star,-0.22157894736842104,0.2834569613639299,-0.24648556265931534,0.3235311323625823,20
lsac,abrupt_group_mag0.5,xgb,subgroup_violation_diff,BalAcc,0.1432330827067669,0.3139908949256618,0.13419453359917435,0.33816741450202603,20
lsac,abrupt_group_mag0.5,xgb,max_subgroup_deviation,DI_star,0.30890444325955,0.3123798211113715,0.4183167259584245,0.35783882902779846,20
lsac,abrupt_group_mag0.5,xgb,max_subgroup_deviation,AOD_star,0.3358646616541353,0.2797017846921927,0.3656198031270945,0.33649716632269683,20
lsac,abrupt_group_mag0.5,xgb,max_subgroup_deviation,BalAcc,-0.300375939849624,0.29553363028997287,-0.28207000461114623,0.2866790871943206,20
lsac,abrupt_group_mag0.5,xgb,assignment_proportion_drift,DI_star,0.26122348376184784,0.22779869956833934,0.3503414008326494,0.25312198435439215,20
lsac,abrupt_group_mag0.5,xgb,assignment_proportion_drift,AOD_star,0.2711571763724726,0.2948936207510958,0.3172448541560192,0.2877251000669744,20
lsac,abrupt_group_mag0.5,xgb,assignment_proportion_drift,BalAcc,-0.23449895427014775,0.19896549666694038,-0.2402198990744889,0.2048161573620584,20
lsac,abrupt_group_mag0.5,xgb,ks_statistic,DI_star,0.24966786205709202,0.19166181159652898,0.2764328567775676,0.1801814706253751,20
lsac,abrupt_group_mag0.5,xgb,ks_statistic,AOD_star,0.1385714285714286,0.17218752653157973,0.2138702467431334,0.12614648266092682,20
lsac,abrupt_group_mag0.5,xgb,ks_statistic,BalAcc,-0.23007518796992482,0.19832528523381251,-0.20064914712871812,0.19014005272789528,20
lsac,abrupt_group_mag0.5,xgb,kl_divergence,DI_star,0.44974539744162056,0.1258139553603815,0.4733242219608235,0.09580475064732044,20
lsac,abrupt_group_mag0.5,xgb,kl_divergence,AOD_star,0.44834586466165416,0.1376800544313059,0.4213892797659903,0.1589263542478386,20
lsac,abrupt_group_mag0.5,xgb,kl_divergence,BalAcc,-0.38157894736842096,0.17708443002900476,-0.32095565743763754,0.17255967922353682,20
lsac,abrupt_group_mag0.5,xgb,per_subgroup_ewma[min_neg],DI_star,0.4322468716456093,0.3496979947304178,0.5390976535188392,0.41926913222373896,20
lsac,abrupt_group_mag0.5,xgb,per_subgroup_ewma[min_neg],AOD_star,0.3785714285714285,0.35137257815113954,0.4789864121080443,0.38660646629830153,20
lsac,abrupt_group_mag0.5,xgb,per_subgroup_ewma[min_neg],BalAcc,-0.31789473684210523,0.27889381971884947,-0.3358912851033763,0.28054138169772486,20
lsac,abrupt_group_mag0.5,xgb,per_subgroup_baseline_relative[min_neg],DI_star,0.29037101876358695,0.2852338377934364,0.35757426629216915,0.2912607324604193,20
lsac,abrupt_group_mag0.5,xgb,per_subgroup_baseline_relative[min_neg],AOD_star,0.23180451127819546,0.2620338075914583,0.304965761823061,0.27128376815275096,20
lsac,abrupt_group_mag0.5,xgb,per_subgroup_baseline_relative[min_neg],BalAcc,-0.275187969924812,0.2898010062304231,-0.27915876999294553,0.2930839651335734,20
lsac,abrupt_group_mag0.5,xgb,per_subgroup_ewma[min_pos],DI_star,0.3675841145082281,0.33021419291874426,0.4866637377199806,0.45745614578387306,20
lsac,abrupt_group_mag0.5,xgb,per_subgroup_ewma[min_pos],AOD_star,0.38556390977443605,0.38508116119417457,0.4466381223041752,0.45010898007482214,20
lsac,abrupt_group_mag0.5,xgb,per_subgroup_ewma[min_pos],BalAcc,-0.3269924812030075,0.28089101545671674,-0.32542003068006914,0.29039262220968304,20
lsac,abrupt_group_mag0.5,xgb,per_subgroup_baseline_relative[min_pos],DI_star,0.25360690139861636,0.2630251648453258,0.33387153212059856,0.3413872977827506,20
lsac,abrupt_group_mag0.5,xgb,per_subgroup_baseline_relative[min_pos],AOD_star,0.3280451127819548,0.2996299656968413,0.34741173278826365,0.32619484120190206,20
lsac,abrupt_group_mag0.5,xgb,per_subgroup_baseline_relative[min_pos],BalAcc,-0.31969924812030076,0.2475438279306629,-0.3048115868627352,0.2527235663428551,20
lsac,abrupt_group_mag0.5,xgb,per_subgroup_ewma[maj_neg],DI_star,0.11361612136440999,0.471696041018458,0.15566993353668113,0.5967102755138313,20
lsac,abrupt_group_mag0.5,xgb,per_subgroup_ewma[maj_neg],AOD_star,0.15180451127819547,0.4433898974543348,0.1825710773464412,0.5293787768359797,20
lsac,abrupt_group_mag0.5,xgb,per_subgroup_ewma[maj_neg],BalAcc,-0.11518796992481202,0.40200790628899935,-0.09843127701331335,0.4076646108000279,20
lsac,abrupt_group_mag0.5,xgb,per_subgroup_baseline_relative[maj_neg],DI_star,0.10495926670153118,0.31757573916135884,0.15969676587753998,0.30697402805822,20
lsac,abrupt_group_mag0.5,xgb,per_subgroup_baseline_relative[maj_neg],AOD_star,0.14571428571428569,0.21860539889289776,0.17005377665557658,0.22439759170169138,20
lsac,abrupt_group_mag0.5,xgb,per_subgroup_baseline_relative[maj_neg],BalAcc,-0.09706766917293233,0.31128599568883675,-0.08858368698165636,0.3017148046306716,20
lsac,abrupt_group_mag0.5,xgb,per_subgroup_ewma[maj_pos],DI_star,0.2586172667896083,0.45149815129872833,0.41311657541913105,0.5453933648069637,20
lsac,abrupt_group_mag0.5,xgb,per_subgroup_ewma[maj_pos],AOD_star,0.36992481203007516,0.41229890796314705,0.39625978534718176,0.4922935801257895,20
lsac,abrupt_group_mag0.5,xgb,per_subgroup_ewma[maj_pos],BalAcc,-0.222406015037594,0.3502910284668204,-0.2370286937009808,0.3515779881431712,20
lsac,abrupt_group_mag0.5,xgb,per_subgroup_baseline_relative[maj_pos],DI_star,0.248190935303115,0.3544629879588964,0.38701675820718723,0.4138535935061587,20
lsac,abrupt_group_mag0.5,xgb,per_subgroup_baseline_relative[maj_pos],AOD_star,0.31661654135338335,0.2737174543967316,0.3498298392999554,0.3597259545996063,20
lsac,abrupt_group_mag0.5,xgb,per_subgroup_baseline_relative[maj_pos],BalAcc,-0.2256390977443609,0.28824266124196596,-0.2408632881546442,0.2951548384723546,20
lsac,abrupt_group_mag1.0,lr,global_mean,DI_star,0.45270676691729317,0.21580465483263003,0.5924418890130976,0.27363679484339526,20
lsac,abrupt_group_mag1.0,lr,global_mean,AOD_star,0.44007518796992473,0.21104676538933048,0.5965886086019345,0.27194678548684575,20
lsac,abrupt_group_mag1.0,lr,global_mean,BalAcc,0.02635235116186298,0.2288305370403885,-0.030709018959654354,0.23490074667024527,20
lsac,abrupt_group_mag1.0,lr,global_ewma,DI_star,0.46774436090225563,0.2039318832692361,0.6408672755912644,0.244265569587351,20
lsac,abrupt_group_mag1.0,lr,global_ewma,AOD_star,0.4457142857142856,0.23287616364129882,0.6259119535249005,0.25414588699244495,20
lsac,abrupt_group_mag1.0,lr,global_ewma,BalAcc,-0.059438536627530625,0.22759357396690932,-0.08128571072319851,0.22607614436152235,20
lsac,abrupt_group_mag1.0,lr,global_std,DI_star,0.3850375939849624,0.24503318740890082,0.4865148379791992,0.2758194035100296,20
lsac,abrupt_group_mag1.0,lr,global_std,AOD_star,0.35578947368421054,0.23822197392056987,0.4800086356117458,0.2689323576377232,20
lsac,abrupt_group_mag1.0,lr,global_std,BalAcc,0.005561166410380937,0.26746878316598055,-0.031483955185737995,0.24920491224796534,20
lsac,abrupt_group_mag1.0,lr,subgroup_violation_diff,DI_star,-0.14714285714285713,0.325938340657849,-0.17798794735809678,0.3324005105827354,20
lsac,abrupt_group_mag1.0,lr,subgroup_violation_diff,AOD_star,-0.15902255639097745,0.28811569957240846,-0.20147448724610081,0.30600323495629267,20
lsac,abrupt_group_mag1.0,lr,subgroup_violation_diff,BalAcc,-0.0015808139872627038,0.26430131302684284,0.01937853788106259,0.2840927692388055,20
lsac,abrupt_group_mag1.0,lr,max_subgroup_deviation,DI_star,0.40706766917293236,0.2520056244532314,0.49087574774050013,0.27272637779606324,20
lsac,abrupt_group_mag1.0,lr,max_subgroup_deviation,AOD_star,0.4007518796992481,0.25186578347823463,0.4958690580375886,0.2655157839284875,20
lsac,abrupt_group_mag1.0,lr,max_subgroup_deviation,BalAcc,-0.04101655068653083,0.20299660048483611,-0.07499205648323286,0.21735596534058574,20
lsac,abrupt_group_mag1.0,lr,assignment_proportion_drift,DI_star,0.36014617939041793,0.25161935420436254,0.39059751026007794,0.274617899207912,20
lsac,abrupt_group_mag1.0,lr,assignment_proportion_drift,AOD_star,0.334834775497933,0.29333507789019575,0.3834005607025829,0.26883878773420267,20
lsac,abrupt_group_mag1.0,lr,assignment_proportion_drift,BalAcc,-0.06623012782845437,0.21057660991246094,-0.065009434404839,0.19487129430547914,20
lsac,abrupt_group_mag1.0,lr,ks_statistic,DI_star,0.5048872180451126,0.12583858570536424,0.5752153276819834,0.11355988164195466,20
lsac,abrupt_group_mag1.0,lr,ks_statistic,AOD_star,0.4925563909774436,0.12458306292174115,0.5505247643149194,0.11328757122774702,20
lsac,abrupt_group_mag1.0,lr,ks_statistic,BalAcc,-0.11815954923990632,0.25301612213497937,-0.15003621819252397,0.2486102144996259,20
lsac,abrupt_group_mag1.0,lr,kl_divergence,DI_star,0.6048120300751879,0.10239994240769482,0.7379996042112706,0.08658625740791506,20
lsac,abrupt_group_mag1.0,lr,kl_divergence,AOD_star,0.5603759398496241,0.09702601856507981,0.7143637427905281,0.08372047590946402,20
lsac,abrupt_group_mag1.0,lr,kl_divergence,BalAcc,-0.15312319966750498,0.19247288837840362,-0.18434856494789753,0.20236452031306695,20
lsac,abrupt_group_mag1.0,lr,per_subgroup_ewma[min_neg],DI_star,0.5119548872180452,0.12100122665142875,0.6826685236772866,0.12101149474458596,20
lsac,abrupt_group_mag1.0,lr,per_subgroup_ewma[min_neg],AOD_star,0.5006766917293233,0.12269282963012945,0.674830708521861,0.11433101943719082,20
lsac,abrupt_group_mag1.0,lr,per_subgroup_ewma[min_neg],BalAcc,-0.0909788859963093,0.19672042163238537,-0.07904789283785833,0.22253070556107882,20
lsac,abrupt_group_mag1.0,lr,per_subgroup_baseline_relative[min_neg],DI_star,0.38428571428571423,0.15138942307791997,0.4717166619832658,0.14944546395761577,20
lsac,abrupt_group_mag1.0,lr,per_subgroup_baseline_relative[min_neg],AOD_star,0.39541353383458633,0.15284697198668085,0.47795290331627943,0.14878577472772528,20
lsac,abrupt_group_mag1.0,lr,per_subgroup_baseline_relative[min_neg],BalAcc,0.03985304619469342,0.21064808620865388,0.015481771666070033,0.22680922846179452,20
lsac,abrupt_group_mag1.0,lr,per_subgroup_ewma[min_pos],DI_star,0.36872180451127823,0.3328080131407874,0.5195093182603251,0.4254039815099511,20
lsac,abrupt_group_mag1.0,lr,per_subgroup_ewma[min_pos],AOD_star,0.3461654135338346,0.37109101583273496,0.5032112502824165,0.4364514220345424,20
lsac,abrupt_group_mag1.0,lr,per_subgroup_ewma[min_pos],BalAcc,-0.08485082604955597,0.25983382725756565,-0.08228075945758792,0.26152209183375025,20
lsac,abrupt_group_mag1.0,lr,per_subgroup_baseline_relative[min_pos],DI_star,0.3167669172932331,0.2913656655184702,0.3969767832384792,0.3356264242795489,20
lsac,abrupt_group_mag1.0,lr,per_subgroup_baseline_relative[min_pos],AOD_star,0.2861654135338346,0.3053683658844209,0.38727449654886037,0.3422366026499726,20
lsac,abrupt_group_mag1.0,lr,per_subgroup_baseline_relative[min_pos],BalAcc,-0.06545317827206433,0.2609564890355695,-0.0878064880902556,0.24980249472310778,20
lsac,abrupt_group_mag1.0,lr,per_subgroup_ewma[maj_neg],DI_star,0.2545112781954887,0.4096257921750228,0.31417254457442084,0.5066306557174952,20
lsac,abrupt_group_mag1.0,lr,per_subgroup_ewma[maj_neg],AOD_star,0.23751879699248116,0.4237335368341772,0.32583700913184355,0.49751121099589896,20
lsac,abrupt_group_mag1.0,lr,per_subgroup_ewma[maj_neg],BalAcc,-0.04180677384648841,0.26576290505010525,-0.06320328459018255,0.2740126187900197,20
lsac,abrupt_group_mag1.0,lr,per_subgroup_baseline_relative[maj_neg],DI_star,0.22646616541353376,0.3460647998906142,0.26218887441437755,0.33054861226279675,20
lsac,abrupt_group_mag1.0,lr,per_subgroup_baseline_relative[maj_neg],AOD_star,0.22646616541353382,0.3248163463929305,0.28739222488168276,0.3108087676433865,20
lsac,abrupt_group_mag1.0,lr,per_subgroup_baseline_relative[maj_neg],BalAcc,0.03650795929088995,0.3259354039685367,0.024032896964338312,0.3235305942690003,20
lsac,abrupt_group_mag1.0,lr,per_subgroup_ewma[maj_pos],DI_star,0.29105263157894734,0.3895542271640851,0.3805558217701764,0.4957489491031197,20
lsac,abrupt_group_mag1.0,lr,per_subgroup_ewma[maj_pos],AOD_star,0.30097744360902257,0.3898617032517929,0.3842366961650562,0.4889637340283732,20
lsac,abrupt_group_mag1.0,lr,per_subgroup_ewma[maj_pos],BalAcc,-0.08492700389310893,0.23335249100306749,-0.06338943804137459,0.22399667832685916,20
lsac,abrupt_group_mag1.0,lr,per_subgroup_baseline_relative[maj_pos],DI_star,0.2889473684210526,0.30013066481904815,0.33715614789098775,0.32612521457179333,20
lsac,abrupt_group_mag1.0,lr,per_subgroup_baseline_relative[maj_pos],AOD_star,0.30300751879699245,0.250494677076827,0.3535660619989427,0.3016955978161272,20
lsac,abrupt_group_mag1.0,lr,per_subgroup_baseline_relative[maj_pos],BalAcc,-0.040865015180431105,0.25005974740179177,-0.04551605113422967,0.25593476224442074,20
lsac,abrupt_group_mag1.0,xgb,global_mean,DI_star,0.4530827067669173,0.2004546249039239,0.630163386394101,0.2695736133928689,20
lsac,abrupt_group_mag1.0,xgb,global_mean,AOD_star,0.273984962406015,0.1944481269061848,0.27530172037736467,0.25403306588322283,20
lsac,abrupt_group_mag1.0,xgb,global_mean,BalAcc,-0.43715564065371204,0.2712385722312575,-0.46798562526326676,0.26957229412016115,20
lsac,abrupt_group_mag1.0,xgb,global_ewma,DI_star,0.5297744360902255,0.17111837123909726,0.7156892378187002,0.24062084964290692,20
lsac,abrupt_group_mag1.0,xgb,global_ewma,AOD_star,0.3078195488721805,0.22124900489339616,0.3356976115325706,0.22881884531645733,20
lsac,abrupt_group_mag1.0,xgb,global_ewma,BalAcc,-0.3954288627347709,0.21552727561070129,-0.44481450286516255,0.23334575330924168,20
lsac,abrupt_group_mag1.0,xgb,global_std,DI_star,0.43774436090225566,0.17248644707565794,0.5324499755135543,0.23831197478971997,20
lsac,abrupt_group_mag1.0,xgb,global_std,AOD_star,0.27924812030075186,0.1969804851998049,0.26294035956854783,0.22775531338431362,20
lsac,abrupt_group_mag1.0,xgb,global_std,BalAcc,-0.36576354606700845,0.21807020615286937,-0.39177572111750364,0.24081390074553452,20
lsac,abrupt_group_mag1.0,xgb,subgroup_violation_diff,DI_star,-0.20413533834586461,0.3099506305983791,-0.1966878525534442,0.3239964298495965,20
lsac,abrupt_group_mag1.0,xgb,subgroup_violation_diff,AOD_star,-0.09473684210526315,0.23624103224285067,-0.09584250441314499,0.24865878898611965,20
lsac,abrupt_group_mag1.0,xgb,subgroup_violation_diff,BalAcc,0.12064151586422396,0.29343401208897124,0.11445278679512068,0.29653609181214485,20
lsac,abrupt_group_mag1.0,xgb,max_subgroup_deviation,DI_star,0.39533834586466166,0.2244201074900043,0.5033830376117978,0.2682359334229352,20
lsac,abrupt_group_mag1.0,xgb,max_subgroup_deviation,AOD_star,0.2358646616541354,0.1879219638061255,0.22649857080594704,0.1982863151670674,20
lsac,abrupt_group_mag1.0,xgb,max_subgroup_deviation,BalAcc,-0.35914262098755745,0.2286246633944506,-0.37477483573945203,0.2592791660350538,20
lsac,abrupt_group_mag1.0,xgb,assignment_proportion_drift,DI_star,0.30057875137658246,0.29648771113366273,0.366659278173498,0.28126156765556715,20
lsac,abrupt_group_mag1.0,xgb,assignment_proportion_drift,AOD_star,0.11748164611244012,0.2645288013395633,0.10655620530895567,0.256747006352024,20
lsac,abrupt_group_mag1.0,xgb,assignment_proportion_drift,BalAcc,-0.28098237228925166,0.20730542559264678,-0.25817090891806815,0.20362089373745848,20
lsac,abrupt_group_mag1.0,xgb,ks_statistic,DI_star,0.41451127819548866,0.13672247518103237,0.5452386220087473,0.1054342214307706,20
lsac,abrupt_group_mag1.0,xgb,ks_statistic,AOD_star,0.1978947368421053,0.22054486205912224,0.18788364131098942,0.22345202081940455,20
lsac,abrupt_group_mag1.0,xgb,ks_statistic,BalAcc,-0.4042186432795402,0.16360568490078312,-0.403633645536407,0.14715698992169884,20
lsac,abrupt_group_mag1.0,xgb,kl_divergence,DI_star,0.5706015037593986,0.11610295909751418,0.734976891379152,0.1025827008089908,20
lsac,abrupt_group_mag1.0,xgb,kl_divergence,AOD_star,0.2940601503759398,0.21022829335519852,0.27993559254673556,0.24425692016750308,20
lsac,abrupt_group_mag1.0,xgb,kl_divergence,BalAcc,-0.5091487016398447,0.15816456463752213,-0.5111424684951376,0.16627692805267277,20
lsac,abrupt_group_mag1.0,xgb,per_subgroup_ewma[min_neg],DI_star,0.558796992481203,0.12851680675902885,0.7565657183450429,0.12649902633190174,20
lsac,abrupt_group_mag1.0,xgb,per_subgroup_ewma[min_neg],AOD_star,0.3040601503759398,0.2306311039051966,0.3271465814623059,0.24174179264394208,20
lsac,abrupt_group_mag1.0,xgb,per_subgroup_ewma[min_neg],BalAcc,-0.4165185650797629,0.16260721439655132,-0.46945395786111643,0.15035616180412123,20
lsac,abrupt_group_mag1.0,xgb,per_subgroup_baseline_relative[min_neg],DI_star,0.3900751879699248,0.17565969598033743,0.5095186465171644,0.18825918043243803,20
lsac,abrupt_group_mag1.0,xgb,per_subgroup_baseline_relative[min_neg],AOD_star,0.21345864661654135,0.2666265386639241,0.2089533282841415,0.2600667990929498,20
lsac,abrupt_group_mag1.0,xgb,per_subgroup_baseline_relative[min_neg],BalAcc,-0.3753127293505998,0.24029681700389013,-0.3859136818427504,0.25302417722720716,20
lsac,abrupt_group_mag1.0,xgb,per_subgroup_ewma[min_pos],DI_star,0.39233082706766914,0.31348889889129977,0.5756342378051789,0.43713608974603013,20
lsac,abrupt_group_mag1.0,xgb,per_subgroup_ewma[min_pos],AOD_star,0.22413533834586463,0.27018103113791836,0.2604153467028163,0.2828440312548502,20
lsac,abrupt_group_mag1.0,xgb,per_subgroup_ewma[min_pos],BalAcc,-0.38005222997360716,0.2884338035286931,-0.41214641468186725,0.30044155016372326,20
lsac,abrupt_group_mag1.0,xgb,per_subgroup_baseline_relative[min_pos],DI_star,0.3086466165413534,0.25960343870948677,0.4207523506112378,0.328722957718315,20
lsac,abrupt_group_mag1.0,xgb,per_subgroup_baseline_relative[min_pos],AOD_star,0.18639097744360894,0.20767155486920222,0.17701913457528182,0.23066232979453632,20
lsac,abrupt_group_mag1.0,xgb,per_subgroup_baseline_relative[min_pos],BalAcc,-0.38955735681154946,0.2518247508578415,-0.38922211322694594,0.25665614701387646,20
lsac,abrupt_group_mag1.0,xgb,per_subgroup_ewma[maj_neg],DI_star,0.25308270676691735,0.32457492738489946,0.3452340469583449,0.5102098217255305,20
lsac,abrupt_group_mag1.0,xgb,per_subgroup_ewma[maj_neg],AOD_star,0.1592481203007519,0.2391988720738026,0.1716256746772605,0.2500398920486924,20
lsac,abrupt_group_mag1.0,xgb,per_subgroup_ewma[maj_neg],BalAcc,-0.22125481326084923,0.39838547401192154,-0.22679201972360144,0.38044982544452083,20
lsac,abrupt_group_mag1.0,xgb,per_subgroup_baseline_relative[maj_neg],DI_star,0.2578947368421053,0.18868106081469557,0.3025819921673899,0.2706755671932257,20
lsac,abrupt_group_mag1.0,xgb,per_subgroup_baseline_relative[maj_neg],AOD_star,0.11195488721804511,0.24791035775102654,0.11947616228823003,0.24985976661656908,20
lsac,abrupt_group_mag1.0,xgb,per_subgroup_baseline_relative[maj_neg],BalAcc,-0.22448170218691427,0.29153167003322644,-0.2090771133702148,0.30206071032827625,20
lsac,abrupt_group_mag1.0,xgb,per_subgroup_ewma[maj_pos],DI_star,0.3441353383458646,0.40999615302732006,0.41777597919132947,0.5371987386826356,20
lsac,abrupt_group_mag1.0,xgb,per_subgroup_ewma[maj_pos],AOD_star,0.1706015037593985,0.2847444858813073,0.1719636192530612,0.2942937696515291,20
lsac,abrupt_group_mag1.0,xgb,per_subgroup_ewma[maj_pos],BalAcc,-0.2484733957336008,0.3412558322046754,-0.27041388230349844,0.3586175287463723,20
lsac,abrupt_group_mag1.0,xgb,per_subgroup_baseline_relative[maj_pos],DI_star,0.31195488721804504,0.2921052050976805,0.3498956247536742,0.3347620804328996,20
lsac,abrupt_group_mag1.0,xgb,per_subgroup_baseline_relative[maj_pos],AOD_star,0.18541353383458645,0.21050810877231152,0.17304474832854472,0.22774455330883955,20
lsac,abrupt_group_mag1.0,xgb,per_subgroup_baseline_relative[maj_pos],BalAcc,-0.23233727538730395,0.2371099128205744,-0.2432017454749512,0.2583936620475712,20
lsac,abrupt_group_mag2.0,lr,global_mean,DI_star,0.543432577588821,0.07692916222579614,0.8840956595117152,0.03685601275317333,20
lsac,abrupt_group_mag2.0,lr,global_mean,AOD_star,0.5270676691729322,0.09513759372053615,0.8311904166697097,0.054816312680755215,20
lsac,abrupt_group_mag2.0,lr,global_mean,BalAcc,-0.25556390977443605,0.17013924523113944,-0.3571241972169833,0.16978165019112818,20
lsac,abrupt_group_mag2.0,lr,global_ewma,DI_star,0.5360627989952136,0.12809901910909896,0.8415083248838757,0.03216710632353954,20
lsac,abrupt_group_mag2.0,lr,global_ewma,AOD_star,0.5428571428571427,0.11695053077831707,0.8021911350878872,0.04633991645246758,20
lsac,abrupt_group_mag2.0,lr,global_ewma,BalAcc,-0.28774436090225564,0.1654082535042374,-0.3563286818025411,0.1779873739212036,20
lsac,abrupt_group_mag2.0,lr,global_std,DI_star,0.5303884688215461,0.09920728296256234,0.9017795525972682,0.0232734788074853,20
lsac,abrupt_group_mag2.0,lr,global_std,AOD_star,0.5317293233082705,0.08836988955046957,0.853077565749438,0.042104825852713794,20
lsac,abrupt_group_mag2.0,lr,global_std,BalAcc,-0.30390977443609024,0.198460295218809,-0.38232726991119836,0.1775642375984766,20
lsac,abrupt_group_mag2.0,lr,subgroup_violation_diff,DI_star,-0.3837660165084974,0.25062203700106117,-0.5462818568484821,0.35324669325488556,20
lsac,abrupt_group_mag2.0,lr,subgroup_violation_diff,AOD_star,-0.3651127819548872,0.2579754362000918,-0.513404213375747,0.33208406253401374,20
lsac,abrupt_group_mag2.0,lr,subgroup_violation_diff,BalAcc,0.206390977443609,0.2722676199052857,0.2488208096136142,0.28032984829097424,20
lsac,abrupt_group_mag2.0,lr,max_subgroup_deviation,DI_star,0.5001616322171067,0.12028966262901607,0.7642343441038479,0.08218622830977673,20
lsac,abrupt_group_mag2.0,lr,max_subgroup_deviation,AOD_star,0.49466165413533825,0.10567425096749905,0.7114963201435803,0.10751450264346063,20
lsac,abrupt_group_mag2.0,lr,max_subgroup_deviation,BalAcc,-0.3512781954887218,0.15621404103156253,-0.4094565539810987,0.1527099578660182,20
lsac,abrupt_group_mag2.0,lr,assignment_proportion_drift,DI_star,0.48443963963223247,0.18321374560183826,0.552541493866603,0.16916751758423398,20
lsac,abrupt_group_mag2.0,lr,assignment_proportion_drift,AOD_star,0.42063372414732436,0.16880273517838007,0.5246374725956322,0.16107285962922996,20
lsac,abrupt_group_mag2.0,lr,assignment_proportion_drift,BalAcc,-0.2171869206603616,0.22425240670201832,-0.2170421360748922,0.23847041002864627,20
lsac,abrupt_group_mag2.0,lr,ks_statistic,DI_star,0.6204255961517979,0.09038402744462913,0.817300888084883,0.05419065838677196,20
lsac,abrupt_group_mag2.0,lr,ks_statistic,AOD_star,0.5862406015037593,0.1031553464250448,0.786113193737141,0.06551831311280937,20
lsac,abrupt_group_mag2.0,lr,ks_statistic,BalAcc,-0.3069172932330827,0.21331127870433209,-0.36121834445401685,0.1812902437087445,20
lsac,abrupt_group_mag2.0,lr,kl_divergence,DI_star,0.5614409307078714,0.10239127505979852,0.9048204833203517,0.023285490427415928,20
lsac,abrupt_group_mag2.0,lr,kl_divergence,AOD_star,0.5333082706766916,0.12013265982104394,0.8563986927699014,0.04048619271658069,20
lsac,abrupt_group_mag2.0,lr,kl_divergence,BalAcc,-0.2955639097744361,0.17044996699559284,-0.3852011613432584,0.1754146374416659,20
lsac,abrupt_group_mag2.0,lr,per_subgroup_ewma[min_neg],DI_star,0.5494456071534459,0.14479186260375385,0.7682601722441463,0.1769715386935371,20
lsac,abrupt_group_mag2.0,lr,per_subgroup_ewma[min_neg],AOD_star,0.5718045112781955,0.12037861671822762,0.7393918250809872,0.15684385722615043,20
lsac,abrupt_group_mag2.0,lr,per_subgroup_ewma[min_neg],BalAcc,-0.24789473684210522,0.17168314760471537,-0.2819670307929007,0.1824774196256969,20
lsac,abrupt_group_mag2.0,lr,per_subgroup_baseline_relative[min_neg],DI_star,0.46970942967761875,0.12225271313276365,0.6462797529131199,0.17980312337666618,20
lsac,abrupt_group_mag2.0,lr,per_subgroup_baseline_relative[min_neg],AOD_star,0.48646616541353377,0.13862467818538385,0.6237671714813618,0.16712471374138027,20
lsac,abrupt_group_mag2.0,lr,per_subgroup_baseline_relative[min_neg],BalAcc,-0.13225563909774435,0.19088416110309325,-0.14817697569722005,0.20999653434362026,20
lsac,abrupt_group_mag2.0,lr,per_subgroup_ewma[min_pos],DI_star,0.5041087319581745,0.14837763550376284,0.7834216668960428,0.14762978018568265,20
lsac,abrupt_group_mag2.0,lr,per_subgroup_ewma[min_pos],AOD_star,0.5073684210526316,0.14262299766893738,0.7428880710373723,0.14428831297349257,20
lsac,abrupt_group_mag2.0,lr,per_subgroup_ewma[min_pos],BalAcc,-0.291954887218045,0.2084083988607441,-0.3398048849181082,0.21422495259522173,20
lsac,abrupt_group_mag2.0,lr,per_subgroup_baseline_relative[min_pos],DI_star,0.43177688673477366,0.14050388264426977,0.6209328331633737,0.23313731665054993,20
lsac,abrupt_group_mag2.0,lr,per_subgroup_baseline_relative[min_pos],AOD_star,0.427593984962406,0.15486624794170128,0.5807950657795049,0.23692784249898083,20
lsac,abrupt_group_mag2.0,lr,per_subgroup_baseline_relative[min_pos],BalAcc,-0.29240601503759395,0.21883469948704962,-0.31149928947597877,0.22404299052502322,20
lsac,abrupt_group_mag2.0,lr,per_subgroup_ewma[maj_neg],DI_star,0.540273749542558,0.13932030388863761,0.796307081395207,0.08108664089214865,20
lsac,abrupt_group_mag2.0,lr,per_subgroup_ewma[maj_neg],AOD_star,0.5278947368421052,0.1253809616741793,0.7630266211922652,0.07932844554459977,20
lsac,abrupt_group_mag2.0,lr,per_subgroup_ewma[maj_neg],BalAcc,-0.2957142857142857,0.18005047941366564,-0.3298492003177179,0.19457739826817178,20
lsac,abrupt_group_mag2.0,lr,per_subgroup_baseline_relative[maj_neg],DI_star,0.5109126068890377,0.1314508488225875,0.6842740008941777,0.1444408394563881,20
lsac,abrupt_group_mag2.0,lr,per_subgroup_baseline_relative[maj_neg],AOD_star,0.47496240601503753,0.1213891320760314,0.6439508003315912,0.1360918680292853,20
lsac,abrupt_group_mag2.0,lr,per_subgroup_baseline_relative[maj_neg],BalAcc,-0.212406015037594,0.2330452916853475,-0.26115204760827526,0.2223281933149241,20
lsac,abrupt_group_mag2.0,lr,per_subgroup_ewma[maj_pos],DI_star,0.48185258378256446,0.22314558598655274,0.6990942791139121,0.28575392763692614,20
lsac,abrupt_group_mag2.0,lr,per_subgroup_ewma[maj_pos],AOD_star,0.4900751879699247,0.2221510737165021,0.6730947564474931,0.27704724239170364,20
lsac,abrupt_group_mag2.0,lr,per_subgroup_ewma[maj_pos],BalAcc,-0.27436090225563914,0.17439880013652903,-0.32618108384267586,0.20767287470066223,20
lsac,abrupt_group_mag2.0,lr,per_subgroup_baseline_relative[maj_pos],DI_star,0.45305338529727585,0.17196421332135106,0.6409698517996659,0.20116430457343784,20
lsac,abrupt_group_mag2.0,lr,per_subgroup_baseline_relative[maj_pos],AOD_star,0.43887218045112775,0.17995186258422657,0.6075559946577782,0.1892624332850154,20
lsac,abrupt_group_mag2.0,lr,per_subgroup_baseline_relative[maj_pos],BalAcc,-0.2615789473684211,0.2241451496441408,-0.28802048692425497,0.2529682791513656,20
lsac,abrupt_group_mag2.0,xgb,global_mean,DI_star,0.5279768822095308,0.10273679237048321,0.8556593705093969,0.04391932910047612,20
lsac,abrupt_group_mag2.0,xgb,global_mean,AOD_star,-0.2813533834586466,0.2668581529314191,-0.3493752991101921,0.2901278767152463,20
lsac,abrupt_group_mag2.0,xgb,global_mean,BalAcc,-0.5839097744360903,0.11361506828457288,-0.6924044995567329,0.10380784270095313,20
lsac,abrupt_group_mag2.0,xgb,global_ewma,DI_star,0.5996360234802246,0.09738481645386826,0.8237640791069285,0.03715909970407169,20
lsac,abrupt_group_mag2.0,xgb,global_ewma,AOD_star,-0.23007518796992482,0.2656764550046769,-0.29187032266280194,0.26042755452227306,20
lsac,abrupt_group_mag2.0,xgb,global_ewma,BalAcc,-0.49563909774436093,0.11488111624153714,-0.5963430362046144,0.09559203235700157,20
lsac,abrupt_group_mag2.0,xgb,global_std,DI_star,0.53166196948106,0.09258628921472942,0.874095904476814,0.037808648685457295,20
lsac,abrupt_group_mag2.0,xgb,global_std,AOD_star,-0.2672932330827068,0.26345026723035997,-0.3557231532811139,0.2810843709154224,20
lsac,abrupt_group_mag2.0,xgb,global_std,BalAcc,-0.5747368421052631,0.12432152916552279,-0.6922807398039865,0.09384921324692078,20
lsac,abrupt_group_mag2.0,xgb,subgroup_violation_diff,DI_star,-0.36005101384314975,0.28154407808228704,-0.5186655795427308,0.3539277444590089,20
lsac,abrupt_group_mag2.0,xgb,subgroup_violation_diff,AOD_star,0.18744360902255638,0.27487606096046296,0.16368845240624916,0.31383819356933307,20
lsac,abrupt_group_mag2.0,xgb,subgroup_violation_diff,BalAcc,0.39428571428571424,0.24692745851063538,0.4354600423572423,0.2556800534634633,20
lsac,abrupt_group_mag2.0,xgb,max_subgroup_deviation,DI_star,0.5148244176365917,0.10502986679693199,0.7505553841873145,0.06187236382424865,20
lsac,abrupt_group_mag2.0,xgb,max_subgroup_deviation,AOD_star,-0.26706766917293223,0.204424130038639,-0.28201672225816177,0.22408631218174724,20
lsac,abrupt_group_mag2.0,xgb,max_subgroup_deviation,BalAcc,-0.5521052631578948,0.12244358016625505,-0.6098742155078092,0.11806070730195845,20
lsac,abrupt_group_mag2.0,xgb,assignment_proportion_drift,DI_star,0.4588365972535221,0.1873475249407565,0.5292825334218698,0.16755032401127173,20
lsac,abrupt_group_mag2.0,xgb,assignment_proportion_drift,AOD_star,-0.16079896940184438,0.29272189191317094,-0.19947681929443342,0.26033212941121237,20
lsac,abrupt_group_mag2.0,xgb,assignment_proportion_drift,BalAcc,-0.37926741576730444,0.16736137868745848,-0.39289606739626387,0.16460609158447678,20
lsac,abrupt_group_mag2.0,xgb,ks_statistic,DI_star,0.6512133022045297,0.11192762093749417,0.8085862692655151,0.06705019929397638,20
lsac,abrupt_group_mag2.0,xgb,ks_statistic,AOD_star,-0.18541353383458647,0.24917619937871172,-0.25208638089797825,0.26351069335729976,20
lsac,abrupt_group_mag2.0,xgb,ks_statistic,BalAcc,-0.5540601503759397,0.11378250415107932,-0.6205968188616255,0.1113458064447173,20
lsac,abrupt_group_mag2.0,xgb,kl_divergence,DI_star,0.5253452466979549,0.12268005188346527,0.8766568669941011,0.031728564442403774,20
lsac,abrupt_group_mag2.0,xgb,kl_divergence,AOD_star,-0.3051127819548872,0.2326903804645163,-0.3610141013224455,0.27390821998369774,20
lsac,abrupt_group_mag2.0,xgb,kl_divergence,BalAcc,-0.5842857142857143,0.1122639482443678,-0.6975001092038142,0.09051478079944142,20
lsac,abrupt_group_mag2.0,xgb,per_subgroup_ewma[min_neg],DI_star,0.5827193807355262,0.14575092655237637,0.7473307487386197,0.1893777041178601,20
lsac,abrupt_group_mag2.0,xgb,per_subgroup_ewma[min_neg],AOD_star,-0.22969924812030076,0.24950983662598258,-0.283050127128505,0.25982177356585917,20
lsac,abrupt_group_mag2.0,xgb,per_subgroup_ewma[min_neg],BalAcc,-0.481578947368421,0.13311190793008992,-0.5519299728285618,0.14511081472458798,20
lsac,abrupt_group_mag2.0,xgb,per_subgroup_baseline_relative[min_neg],DI_star,0.4665845613659978,0.18861814580451108,0.621127630050587,0.19015347695696663,20
lsac,abrupt_group_mag2.0,xgb,per_subgroup_baseline_relative[min_neg],AOD_star,-0.23481203007518792,0.27528297591690654,-0.2762648411020365,0.2881321802588933,20
lsac,abrupt_group_mag2.0,xgb,per_subgroup_baseline_relative[min_neg],BalAcc,-0.4851127819548872,0.14298957059480355,-0.5123932984329646,0.1656219457349134,20
lsac,abrupt_group_mag2.0,xgb,per_subgroup_ewma[min_pos],DI_star,0.5361367991167847,0.1401824923972937,0.7678449942988052,0.14751921873331694,20
lsac,abrupt_group_mag2.0,xgb,per_subgroup_ewma[min_pos],AOD_star,-0.2210526315789474,0.2541878310337538,-0.2708496769402668,0.26609116190420334,20
lsac,abrupt_group_mag2.0,xgb,per_subgroup_ewma[min_pos],BalAcc,-0.5030827067669172,0.13046313134087859,-0.5687110800060908,0.12828745550958917,20
lsac,abrupt_group_mag2.0,xgb,per_subgroup_baseline_relative[min_pos],DI_star,0.4074892492660105,0.2150583993147349,0.6032039534609471,0.24599356757524837,20
lsac,abrupt_group_mag2.0,xgb,per_subgroup_baseline_relative[min_pos],AOD_star,-0.2567669172932331,0.2957726447846483,-0.2702254576085652,0.27893135011907355,20
lsac,abrupt_group_mag2.0,xgb,per_subgroup_baseline_relative[min_pos],BalAcc,-0.47187969924812023,0.17925518480300873,-0.5112884667872787,0.1971217201289238,20
lsac,abrupt_group_mag2.0,xgb,per_subgroup_ewma[maj_neg],DI_star,0.5836974182687256,0.14080612402044668,0.7740811230884674,0.10145113957409059,20
lsac,abrupt_group_mag2.0,xgb,per_subgroup_ewma[maj_neg],AOD_star,-0.19631578947368422,0.27831758141807394,-0.2646165087662634,0.2625863658182818,20
lsac,abrupt_group_mag2.0,xgb,per_subgroup_ewma[maj_neg],BalAcc,-0.5005263157894735,0.1101428312230474,-0.5710843321593246,0.10601876127789613,20
lsac,abrupt_group_mag2.0,xgb,per_subgroup_baseline_relative[maj_neg],DI_star,0.47222702468069444,0.20642297602485649,0.6556866266428251,0.16455821705460275,20
lsac,abrupt_group_mag2.0,xgb,per_subgroup_baseline_relative[maj_neg],AOD_star,-0.20037593984962404,0.3284111634056012,-0.21087128765800162,0.3091961617102179,20
lsac,abrupt_group_mag2.0,xgb,per_subgroup_baseline_relative[maj_neg],BalAcc,-0.555563909774436,0.12809653756115907,-0.5661358981251173,0.12906811817161554,20
lsac,abrupt_group_mag2.0,xgb,per_subgroup_ewma[maj_pos],DI_star,0.5091117440022146,0.2112589945045236,0.6844131783563763,0.2766272287738807,20
lsac,abrupt_group_mag2.0,xgb,per_subgroup_ewma[maj_pos],AOD_star,-0.2055639097744361,0.2597071716882064,-0.23064725039270093,0.2641006344495268,20
lsac,abrupt_group_mag2.0,xgb,per_subgroup_ewma[maj_pos],BalAcc,-0.43466165413533836,0.1512825863725464,-0.5101798993200235,0.17677129336383657,20
lsac,abrupt_group_mag2.0,xgb,per_subgroup_baseline_relative[maj_pos],DI_star,0.4274563642513076,0.20051952248084493,0.6156263692914699,0.20495689899103073,20
lsac,abrupt_group_mag2.0,xgb,per_subgroup_baseline_relative[maj_pos],AOD_star,-0.21909774436090226,0.22707319616835658,-0.22736799811933528,0.23859097202454732,20
lsac,abrupt_group_mag2.0,xgb,per_subgroup_baseline_relative[maj_pos],BalAcc,-0.46015037593984953,0.16707436895670633,-0.49578274209416684,0.17828498917677896,20
lsac,abrupt_global_mag0.5,lr,global_mean,DI_star,0.4298496240601503,0.20530434189833033,0.6039158721090462,0.16359901500195836,20
lsac,abrupt_global_mag0.5,lr,global_mean,AOD_star,0.07616541353383458,0.29368512486912474,0.15140294364552997,0.27719855925848813,20
lsac,abrupt_global_mag0.5,lr,global_mean,BalAcc,-0.09413533834586463,0.2253815804445059,-0.17180990757494724,0.2584211878977855,20
lsac,abrupt_global_mag0.5,lr,global_ewma,DI_star,0.4457894736842105,0.21329992218391283,0.523075291349599,0.19915713246197875,20
lsac,abrupt_global_mag0.5,lr,global_ewma,AOD_star,0.1124812030075188,0.28807124388117344,0.1285894208168647,0.2871622622082418,20
lsac,abrupt_global_mag0.5,lr,global_ewma,BalAcc,-0.1421052631578947,0.23520763143014325,-0.16392322761058198,0.24960300905886829,20
lsac,abrupt_global_mag0.5,lr,global_std,DI_star,0.007669172932330812,0.35135778401096807,0.049793639976810314,0.42460197242659636,20
lsac,abrupt_global_mag0.5,lr,global_std,AOD_star,-0.13270676691729322,0.22461750076936135,-0.10461041368262572,0.20513201546576493,20
lsac,abrupt_global_mag0.5,lr,global_std,BalAcc,0.02947368421052631,0.24874535077787574,0.014664683781811022,0.25748787563511716,20
lsac,abrupt_global_mag0.5,lr,subgroup_violation_diff,DI_star,0.13458646616541353,0.4765846278014131,0.15991756299693585,0.585174258781729,20
lsac,abrupt_global_mag0.5,lr,subgroup_violation_diff,AOD_star,0.12601503759398494,0.22895822041765004,0.16543399693004504,0.2550328287001749,20
lsac,abrupt_global_mag0.5,lr,subgroup_violation_diff,BalAcc,-0.12766917293233085,0.27980590576971814,-0.10459481644296795,0.29516418573911174,20
lsac,abrupt_global_mag0.5,lr,max_subgroup_deviation,DI_star,0.3961622742203282,0.22823486805929707,0.5721476780202922,0.20173486743966063,20
lsac,abrupt_global_mag0.5,lr,max_subgroup_deviation,AOD_star,0.047135701770630804,0.32400845317350196,0.12648288682419967,0.3029128931098802,20
lsac,abrupt_global_mag0.5,lr,max_subgroup_deviation,BalAcc,-0.13650484825948722,0.27664998941905766,-0.16909506960548754,0.2678899132325526,20
lsac,abrupt_global_mag0.5,lr,assignment_proportion_drift,DI_star,0.45027352092072104,0.12466456384506151,0.6057820977083977,0.1565572035948348,20
lsac,abrupt_global_mag0.5,lr,assignment_proportion_drift,AOD_star,0.09261283803858152,0.2256640651923947,0.1517488000027831,0.26931519309005236,20
lsac,abrupt_global_mag0.5,lr,assignment_proportion_drift,BalAcc,-0.134705872344051,0.2599051194345737,-0.1743172510092904,0.2646320281069511,20
lsac,abrupt_global_mag0.5,lr,ks_statistic,DI_star,0.49187969924812025,0.18258816039479334,0.61483210782434,0.15837143512658106,20
lsac,abrupt_global_mag0.5,lr,ks_statistic,AOD_star,0.11992481203007518,0.27918251038084313,0.15587231494340714,0.28042565175597944,20
lsac,abrupt_global_mag0.5,lr,ks_statistic,BalAcc,-0.21766917293233085,0.25665339469116943,-0.1876686545563501,0.26488663495583303,20
lsac,abrupt_global_mag0.5,lr,kl_divergence,DI_star,0.46691729323308273,0.16037613372378468,0.5899849905906823,0.16951300973009853,20
lsac,abrupt_global_mag0.5,lr,kl_divergence,AOD_star,0.09699248120300752,0.2576293599436611,0.13954735830698356,0.2772898568445701,20
lsac,abrupt_global_mag0.5,lr,kl_divergence,BalAcc,-0.15458646616541355,0.2243836792244248,-0.17677222416646785,0.2579175457163975,20
lsac,abrupt_global_mag0.5,lr,per_subgroup_ewma[min_neg],DI_star,0.4487969924812029,0.2053529094038954,0.5239200473507102,0.20037163833474061,20
lsac,abrupt_global_mag0.5,lr,per_subgroup_ewma[min_neg],AOD_star,0.11323308270676691,0.28933679020688424,0.13191132291407606,0.28679233441474794,20
lsac,abrupt_global_mag0.5,lr,per_subgroup_ewma[min_neg],BalAcc,-0.15962406015037595,0.22808331092196577,-0.1638399661657281,0.25146748992267554,20
lsac,abrupt_global_mag0.5,lr,per_subgroup_baseline_relative[min_neg],DI_star,0.4680451127819548,0.17820460939191518,0.6034026257452079,0.1666834337968541,20
lsac,abrupt_global_mag0.5,lr,per_subgroup_baseline_relative[min_neg],AOD_star,0.12601503759398494,0.24186818822656694,0.16214617499040168,0.27273217746097034,20
lsac,abrupt_global_mag0.5,lr,per_subgroup_baseline_relative[min_neg],BalAcc,-0.13624060150375938,0.24942305522598204,-0.17242245780843363,0.25574114818707605,20
lsac,abrupt_global_mag0.5,lr,per_subgroup_ewma[min_pos],DI_star,0.4394736842105263,0.21833005752761672,0.5112657933874262,0.21104342247692753,20
lsac,abrupt_global_mag0.5,lr,per_subgroup_ewma[min_pos],AOD_star,0.10909774436090225,0.2912027163181482,0.11797468873603922,0.29425684408858555,20
lsac,abrupt_global_mag0.5,lr,per_subgroup_ewma[min_pos],BalAcc,-0.15165413533834587,0.2467903637379239,-0.1748918588187493,0.24713271129248512,20
lsac,abrupt_global_mag0.5,lr,per_subgroup_baseline_relative[min_pos],DI_star,0.38726880172284794,0.2787685296098649,0.561002805712344,0.2358920594374008,20
lsac,abrupt_global_mag0.5,lr,per_subgroup_baseline_relative[min_pos],AOD_star,0.0413175385637553,0.33248710652112,0.12071019105844531,0.30621790461519877,20
lsac,abrupt_global_mag0.5,lr,per_subgroup_baseline_relative[min_pos],BalAcc,-0.1425533379537638,0.24624494976592726,-0.17419582160402514,0.2580109991140221,20
lsac,abrupt_global_mag0.5,lr,per_subgroup_ewma[maj_neg],DI_star,0.4545864661654135,0.21134753899099168,0.5164466975501503,0.20960046142306243,20
lsac,abrupt_global_mag0.5,lr,per_subgroup_ewma[maj_neg],AOD_star,0.10766917293233083,0.28898343409180055,0.12694183586810456,0.2928899286713081,20
lsac,abrupt_global_mag0.5,lr,per_subgroup_ewma[maj_neg],BalAcc,-0.15473684210526312,0.24594346992919747,-0.16465462329769268,0.2435305542986469,20
lsac,abrupt_global_mag0.5,lr,per_subgroup_baseline_relative[maj_neg],DI_star,0.4532639778546813,0.21419851015687702,0.5515242864272418,0.22690448832965868,20
lsac,abrupt_global_mag0.5,lr,per_subgroup_baseline_relative[maj_neg],AOD_star,0.12404946789212593,0.24210337878825297,0.1496152642010681,0.2752941500719529,20
lsac,abrupt_global_mag0.5,lr,per_subgroup_baseline_relative[maj_neg],BalAcc,-0.09838152005352613,0.25179332462881526,-0.16619573305104596,0.23778076840073845,20
lsac,abrupt_global_mag0.5,lr,per_subgroup_ewma[maj_pos],DI_star,0.4566917293233083,0.20824168523279937,0.5255889874470494,0.1981021335959119,20
lsac,abrupt_global_mag0.5,lr,per_subgroup_ewma[maj_pos],AOD_star,0.1257894736842105,0.28213679345094295,0.13144762521498576,0.28528251267969085,20
lsac,abrupt_global_mag0.5,lr,per_subgroup_ewma[maj_pos],BalAcc,-0.1406766917293233,0.23926105691313926,-0.16588002399243765,0.2497621299798354,20
lsac,abrupt_global_mag0.5,lr,per_subgroup_baseline_relative[maj_pos],DI_star,0.4534586466165412,0.13336614394572774,0.6085253670429822,0.15458093470878476,20
lsac,abrupt_global_mag0.5,lr,per_subgroup_baseline_relative[maj_pos],AOD_star,0.10774436090225561,0.24850199622513314,0.15643240131434094,0.27450107645351396,20
lsac,abrupt_global_mag0.5,lr,per_subgroup_baseline_relative[maj_pos],BalAcc,-0.12210526315789474,0.24469617254451345,-0.17416579007880362,0.25874970996495866,20
lsac,abrupt_global_mag0.5,xgb,global_mean,DI_star,0.5458646616541352,0.1271259376122508,0.8739203901841283,0.050113578075384475,20
lsac,abrupt_global_mag0.5,xgb,global_mean,AOD_star,0.2806766917293233,0.24004930759627124,0.3684840529428102,0.2534858019323558,20
lsac,abrupt_global_mag0.5,xgb,global_mean,BalAcc,-0.5659488716151281,0.11187343368172459,-0.97801582271255,0.009904599244122007,20
lsac,abrupt_global_mag0.5,xgb,global_ewma,DI_star,0.5157142857142857,0.0989760168321872,0.7330996173199135,0.08182041182686906,20
lsac,abrupt_global_mag0.5,xgb,global_ewma,AOD_star,0.22533834586466162,0.2260647447328432,0.28004271718372875,0.2526838378378953,20
lsac,abrupt_global_mag0.5,xgb,global_ewma,BalAcc,-0.5471512286455409,0.09570306462833054,-0.8379262650574872,0.02215811078298322,20
lsac,abrupt_global_mag0.5,xgb,global_std,DI_star,0.10984962406015035,0.4044831795590703,0.1698057804407948,0.5907186922753529,20
lsac,abrupt_global_mag0.5,xgb,global_std,AOD_star,0.020676691729323307,0.3027019018841185,0.007132476726526124,0.3457614396844819,20
lsac,abrupt_global_mag0.5,xgb,global_std,BalAcc,-0.11209943704454044,0.4510037967154447,-0.21483193148268795,0.6547750889089544,20
lsac,abrupt_global_mag0.5,xgb,subgroup_violation_diff,DI_star,0.14255639097744363,0.5725159025766435,0.1580215382387843,0.8304082843945739,20
lsac,abrupt_global_mag0.5,xgb,subgroup_violation_diff,AOD_star,0.12390977443609023,0.36848408237885855,0.13243868650480642,0.4190704928402354,20
lsac,abrupt_global_mag0.5,xgb,subgroup_violation_diff,BalAcc,-0.1095226617422124,0.5368773272115391,-0.1680514286239855,0.9279167804854072,20
lsac,abrupt_global_mag0.5,xgb,max_subgroup_deviation,DI_star,0.5621112306817673,0.1598763456475822,0.8547421324630571,0.0837289856699112,20
lsac,abrupt_global_mag0.5,xgb,max_subgroup_deviation,AOD_star,0.289512338774376,0.22196307935066864,0.35100966233721376,0.24926939363824288,20
lsac,abrupt_global_mag0.5,xgb,max_subgroup_deviation,BalAcc,-0.5761114371416558,0.0940549841005018,-0.9643317517555948,0.03334333526747409,20
lsac,abrupt_global_mag0.5,xgb,assignment_proportion_drift,DI_star,0.5274157644065071,0.12591905905990639,0.8686724776640442,0.05196748997920373,20
lsac,abrupt_global_mag0.5,xgb,assignment_proportion_drift,AOD_star,0.2450062134987463,0.23800920730526332,0.36546218771748296,0.25527381126232973,20
lsac,abrupt_global_mag0.5,xgb,assignment_proportion_drift,BalAcc,-0.525807256746049,0.09321981456293539,-0.9706472271934773,0.012800752760853282,20
lsac,abrupt_global_mag0.5,xgb,ks_statistic,DI_star,0.5703007518796992,0.10173671402280084,0.8754176639764772,0.05104860309654297,20
lsac,abrupt_global_mag0.5,xgb,ks_statistic,AOD_star,0.2878947368421052,0.20148045819714794,0.3672497564408472,0.2508848400278387,20
lsac,abrupt_global_mag0.5,xgb,ks_statistic,BalAcc,-0.6401987312652552,0.10271998243316678,-0.9799123886045727,0.005978050809773527,20
lsac,abrupt_global_mag0.5,xgb,kl_divergence,DI_star,0.5405263157894736,0.11173698857523842,0.8498035329141048,0.03738264879234743,20
lsac,abrupt_global_mag0.5,xgb,kl_divergence,AOD_star,0.24962406015037591,0.22986427012152358,0.35041252707964066,0.24808879660601713,20
lsac,abrupt_global_mag0.5,xgb,kl_divergence,BalAcc,-0.5819654364427107,0.11755517799464596,-0.9525653727670512,0.02131301824866327,20
lsac,abrupt_global_mag0.5,xgb,per_subgroup_ewma[min_neg],DI_star,0.5133082706766917,0.0970143648449169,0.7331111551033636,0.08546143499059292,20
lsac,abrupt_global_mag0.5,xgb,per_subgroup_ewma[min_neg],AOD_star,0.21601503759398494,0.2283528213615941,0.2797131606935147,0.2531025098926611,20
lsac,abrupt_global_mag0.5,xgb,per_subgroup_ewma[min_neg],BalAcc,-0.5448955895477965,0.10068103604488239,-0.8379278359431688,0.02600831563263665,20
lsac,abrupt_global_mag0.5,xgb,per_subgroup_baseline_relative[min_neg],DI_star,0.5704511278195488,0.11482685006103908,0.8650039650145205,0.05679422092495579,20
lsac,abrupt_global_mag0.5,xgb,per_subgroup_baseline_relative[min_neg],AOD_star,0.3118045112781954,0.25584656552570656,0.3666449571925846,0.2590350431783041,20
lsac,abrupt_global_mag0.5,xgb,per_subgroup_baseline_relative[min_neg],BalAcc,-0.5606142024239424,0.09714039329465614,-0.9678709065933606,0.013801938347179396,20
lsac,abrupt_global_mag0.5,xgb,per_subgroup_ewma[min_pos],DI_star,0.5119548872180448,0.10137443725015506,0.7208688261122613,0.09025745656541048,20
lsac,abrupt_global_mag0.5,xgb,per_subgroup_ewma[min_pos],AOD_star,0.2230075187969925,0.22040316847459107,0.2679637312037112,0.25455330766032147,20
lsac,abrupt_global_mag0.5,xgb,per_subgroup_ewma[min_pos],BalAcc,-0.5503841982238933,0.10411932543039992,-0.8293683970972733,0.032430462771293765,20
lsac,abrupt_global_mag0.5,xgb,per_subgroup_baseline_relative[min_pos],DI_star,0.5249853320087607,0.21788880345121622,0.8357923649652612,0.13955478766170087,20
lsac,abrupt_global_mag0.5,xgb,per_subgroup_baseline_relative[min_pos],AOD_star,0.27649214443093695,0.2419050036328982,0.3428676186780296,0.26100581873832085,20
lsac,abrupt_global_mag0.5,xgb,per_subgroup_baseline_relative[min_pos],BalAcc,-0.5404788214833292,0.10716655905883113,-0.9482458889050109,0.08807973546538181,20
lsac,abrupt_global_mag0.5,xgb,per_subgroup_ewma[maj_neg],DI_star,0.5028571428571429,0.09774482359636004,0.7183521793258919,0.08627704651765226,20
lsac,abrupt_global_mag0.5,xgb,per_subgroup_ewma[maj_neg],AOD_star,0.21300751879699248,0.21542962057268628,0.26840272816424254,0.2511635865527779,20
lsac,abrupt_global_mag0.5,xgb,per_subgroup_ewma[maj_neg],BalAcc,-0.5610608616711128,0.09664028730946166,-0.823139866100607,0.04594743473785991,20
lsac,abrupt_global_mag0.5,xgb,per_subgroup_baseline_relative[maj_neg],DI_star,0.5043982741987513,0.20495920392101766,0.7778973952362883,0.19938019877564742,20
lsac,abrupt_global_mag0.5,xgb,per_subgroup_baseline_relative[maj_neg],AOD_star,0.26027676576249387,0.2120907204954324,0.306378578191788,0.2837600812403555,20
lsac,abrupt_global_mag0.5,xgb,per_subgroup_baseline_relative[maj_neg],BalAcc,-0.5756334234989121,0.14725905476281057,-0.8861089283372682,0.17525690871859023,20
lsac,abrupt_global_mag0.5,xgb,per_subgroup_ewma[maj_pos],DI_star,0.5181203007518796,0.09866251820302732,0.7319285694272012,0.07849897697748676,20
lsac,abrupt_global_mag0.5,xgb,per_subgroup_ewma[maj_pos],AOD_star,0.22924812030075187,0.21536568640229029,0.27756401130884556,0.25051261212693776,20
lsac,abrupt_global_mag0.5,xgb,per_subgroup_ewma[maj_pos],BalAcc,-0.5467001291080956,0.09405536749748021,-0.8371978500621695,0.022439383606649488,20
lsac,abrupt_global_mag0.5,xgb,per_subgroup_baseline_relative[maj_pos],DI_star,0.49526315789473674,0.09072452883474015,0.8734204683457663,0.045437091386640094,20
lsac,abrupt_global_mag0.5,xgb,per_subgroup_baseline_relative[maj_pos],AOD_star,0.23037593984962407,0.18767049835660735,0.3654503116055706,0.24363786712235913,20
lsac,abrupt_global_mag0.5,xgb,per_subgroup_baseline_relative[maj_pos],BalAcc,-0.5493318494659823,0.12736310841261853,-0.9771347578395432,0.007331750449154021,20
lsac,abrupt_global_mag1.0,lr,global_mean,DI_star,0.5741353383458645,0.12090786655143194,0.8747574336493285,0.050046959928080254,20
lsac,abrupt_global_mag1.0,lr,global_mean,AOD_star,0.45616541353383455,0.17441811872681154,0.626555826767943,0.16880257435874457,20
lsac,abrupt_global_mag1.0,lr,global_mean,BalAcc,-0.43699248120300743,0.13393626280513218,-0.5952100034460409,0.17060519399478305,20
lsac,abrupt_global_mag1.0,lr,global_ewma,DI_star,0.5169172932330827,0.09957325985260998,0.7215772252357734,0.08360542383085107,20
lsac,abrupt_global_mag1.0,lr,global_ewma,AOD_star,0.40503759398496236,0.17781487539360782,0.4901010328977998,0.19441430186842584,20
lsac,abrupt_global_mag1.0,lr,global_ewma,BalAcc,-0.3993984962406015,0.20104335237077053,-0.49699435180942053,0.1862274127774189,20
lsac,abrupt_global_mag1.0,lr,global_std,DI_star,0.5569924812030074,0.11502963263030495,0.8321855047770093,0.0657627408532306,20
lsac,abrupt_global_mag1.0,lr,global_std,AOD_star,0.46428571428571425,0.14372028520670668,0.5889682819378035,0.15878152137075777,20
lsac,abrupt_global_mag1.0,lr,global_std,BalAcc,-0.3890225563909774,0.1611410637356105,-0.5787371517731158,0.15258750773359592,20
lsac,abrupt_global_mag1.0,lr,subgroup_violation_diff,DI_star,0.14263157894736841,0.5519137632641434,0.18206407525170262,0.74873195548273,20
lsac,abrupt_global_mag1.0,lr,subgroup_violation_diff,AOD_star,0.14834586466165411,0.46377345945741644,0.1941355674700414,0.5386792915956173,20
lsac,abrupt_global_mag1.0,lr,subgroup_violation_diff,BalAcc,-0.1385714285714285,0.4369766140799252,-0.161007311060496,0.5114926025705673,20
lsac,abrupt_global_mag1.0,lr,max_subgroup_deviation,DI_star,0.5969924812030075,0.09018545474401832,0.8752584225007727,0.04846880877711224,20
lsac,abrupt_global_mag1.0,lr,max_subgroup_deviation,AOD_star,0.4933082706766916,0.16925042502514173,0.6283084660884138,0.1685355702255729,20
lsac,abrupt_global_mag1.0,lr,max_subgroup_deviation,BalAcc,-0.44413533834586466,0.15226206242832385,-0.5961977697320792,0.17076658472910214,20
lsac,abrupt_global_mag1.0,lr,assignment_proportion_drift,DI_star,0.6251248342665543,0.12412045241838486,0.8509986282565019,0.10524225340787785,20
lsac,abrupt_global_mag1.0,lr,assignment_proportion_drift,AOD_star,0.4826595671150664,0.19504008902693606,0.6091663334954284,0.1867566516965969,20
lsac,abrupt_global_mag1.0,lr,assignment_proportion_drift,BalAcc,-0.49329701597639747,0.20087255658956424,-0.583257274254174,0.20359149127461412,20
lsac,abrupt_global_mag1.0,lr,ks_statistic,DI_star,0.6060902255639096,0.10444632048498703,0.8778151517095397,0.04910375792628854,20
lsac,abrupt_global_mag1.0,lr,ks_statistic,AOD_star,0.4764661654135338,0.20399274987975677,0.6299650595634244,0.17134401957440826,20
lsac,abrupt_global_mag1.0,lr,ks_statistic,BalAcc,-0.48338345864661647,0.14445835917772984,-0.5991575823310934,0.17113236989037933,20
lsac,abrupt_global_mag1.0,lr,kl_divergence,DI_star,0.5873684210526315,0.11842370208278563,0.8737249533063904,0.050689713086570796,20
lsac,abrupt_global_mag1.0,lr,kl_divergence,AOD_star,0.46609022556390967,0.1512444655142504,0.6280083759638447,0.16326991347387287,20
lsac,abrupt_global_mag1.0,lr,kl_divergence,BalAcc,-0.41887218045112773,0.13244994211839442,-0.5945356058651396,0.1650629907748916,20
lsac,abrupt_global_mag1.0,lr,per_subgroup_ewma[min_neg],DI_star,0.516390977443609,0.10269190438374211,0.7166823510355189,0.08554880513522069,20
lsac,abrupt_global_mag1.0,lr,per_subgroup_ewma[min_neg],AOD_star,0.3976691729323308,0.18992932146879868,0.48661636259964897,0.195915556808519,20
lsac,abrupt_global_mag1.0,lr,per_subgroup_ewma[min_neg],BalAcc,-0.4072180451127819,0.19253089114300934,-0.4948612293783513,0.18563598625200653,20
lsac,abrupt_global_mag1.0,lr,per_subgroup_baseline_relative[min_neg],DI_star,0.5778947368421052,0.12539595268124987,0.865328999766335,0.052508033580819874,20
lsac,abrupt_global_mag1.0,lr,per_subgroup_baseline_relative[min_neg],AOD_star,0.4374436090225564,0.2003348996609444,0.6156670894783658,0.17326027793725488,20
lsac,abrupt_global_mag1.0,lr,per_subgroup_baseline_relative[min_neg],BalAcc,-0.47338345864661646,0.1635828981796559,-0.6012170314591962,0.1701407162389528,20
lsac,abrupt_global_mag1.0,lr,per_subgroup_ewma[min_pos],DI_star,0.5168421052631578,0.10160351544750684,0.721766599921977,0.08353922451232529,20
lsac,abrupt_global_mag1.0,lr,per_subgroup_ewma[min_pos],AOD_star,0.40285714285714286,0.18728893183471634,0.49048599365521445,0.1946356286389313,20
lsac,abrupt_global_mag1.0,lr,per_subgroup_ewma[min_pos],BalAcc,-0.40293233082706764,0.20093426144138807,-0.4973453651311333,0.18552818042169486,20
lsac,abrupt_global_mag1.0,lr,per_subgroup_baseline_relative[min_pos],DI_star,0.5908270676691729,0.08632535117719026,0.8747259970466608,0.048764471693705874,20
lsac,abrupt_global_mag1.0,lr,per_subgroup_baseline_relative[min_pos],AOD_star,0.4881203007518796,0.1611251354949259,0.6278775131989494,0.16850089492757972,20
lsac,abrupt_global_mag1.0,lr,per_subgroup_baseline_relative[min_pos],BalAcc,-0.4321052631578947,0.14298947175485405,-0.5958028948800751,0.17072877481454637,20
lsac,abrupt_global_mag1.0,lr,per_subgroup_ewma[maj_neg],DI_star,0.5230827067669173,0.10406327410670718,0.720039346373045,0.0864802837685306,20
lsac,abrupt_global_mag1.0,lr,per_subgroup_ewma[maj_neg],AOD_star,0.41,0.18029396351358853,0.4888786560515207,0.19727868313184127,20
lsac,abrupt_global_mag1.0,lr,per_subgroup_ewma[maj_neg],BalAcc,-0.40812030075187955,0.2015741095913046,-0.49910149960382044,0.18779106257905842,20
lsac,abrupt_global_mag1.0,lr,per_subgroup_baseline_relative[maj_neg],DI_star,0.524360902255639,0.10955699961078508,0.8614607923507343,0.05730343557866882,20
lsac,abrupt_global_mag1.0,lr,per_subgroup_baseline_relative[maj_neg],AOD_star,0.4225563909774436,0.1536463911796438,0.619160856248743,0.16726374545270045,20
lsac,abrupt_global_mag1.0,lr,per_subgroup_baseline_relative[maj_neg],BalAcc,-0.4120300751879699,0.16147533388413657,-0.5868932571911797,0.16956344605828103,20
lsac,abrupt_global_mag1.0,lr,per_subgroup_ewma[maj_pos],DI_star,0.5191729323308271,0.10144958175409183,0.7228510894038157,0.08130662883218187,20
lsac,abrupt_global_mag1.0,lr,per_subgroup_ewma[maj_pos],AOD_star,0.40804511278195477,0.16943390063496772,0.49186355433957896,0.19127922507969133,20
lsac,abrupt_global_mag1.0,lr,per_subgroup_ewma[maj_pos],BalAcc,-0.4033082706766916,0.19615479355800852,-0.4959904145856412,0.1872640153888341,20
lsac,abrupt_global_mag1.0,lr,per_subgroup_baseline_relative[maj_pos],DI_star,0.559172932330827,0.06146730356951356,0.8726853915696416,0.04852140771397884,20
lsac,abrupt_global_mag1.0,lr,per_subgroup_baseline_relative[maj_pos],AOD_star,0.46842105263157885,0.11720210456510252,0.6281051419962602,0.162882014201837,20
lsac,abrupt_global_mag1.0,lr,per_subgroup_baseline_relative[maj_pos],BalAcc,-0.41992481203007526,0.1486691674186223,-0.5904323947022148,0.17195314838941142,20
lsac,abrupt_global_mag1.0,xgb,global_mean,DI_star,0.5598496240601503,0.11911834332380469,0.952298622897576,0.01823703099392148,20
lsac,abrupt_global_mag1.0,xgb,global_mean,AOD_star,0.5524812030075188,0.12182251793013256,0.8230712331519408,0.07949107669756483,20
lsac,abrupt_global_mag1.0,xgb,global_mean,BalAcc,-0.5851378398987312,0.14339264471741828,-0.98977384538253,0.004766553669382537,20
lsac,abrupt_global_mag1.0,xgb,global_ewma,DI_star,0.5305263157894737,0.06568107073384724,0.7994163640125147,0.028876007369276875,20
lsac,abrupt_global_mag1.0,xgb,global_ewma,AOD_star,0.4927819548872181,0.10134501649942655,0.6727114284371749,0.08350434293358325,20
lsac,abrupt_global_mag1.0,xgb,global_ewma,BalAcc,-0.535204854340698,0.10901734299279679,-0.8411386293105305,0.013823018820464399,20
lsac,abrupt_global_mag1.0,xgb,global_std,DI_star,0.5569172932330828,0.08787447427510132,0.9057183635840366,0.049325133516470714,20
lsac,abrupt_global_mag1.0,xgb,global_std,AOD_star,0.5412781954887218,0.10692297712332742,0.7788053103690912,0.09097977529021357,20
lsac,abrupt_global_mag1.0,xgb,global_std,BalAcc,-0.5716362398385836,0.07846333692224922,-0.9463640216333415,0.040887092673757605,20
lsac,abrupt_global_mag1.0,xgb,subgroup_violation_diff,DI_star,0.13293233082706762,0.5389529907064422,0.18431526547170554,0.8175281689338733,20
lsac,abrupt_global_mag1.0,xgb,subgroup_violation_diff,AOD_star,0.12684210526315787,0.5364806337654106,0.18097990505813125,0.7164092464093066,20
lsac,abrupt_global_mag1.0,xgb,subgroup_violation_diff,BalAcc,-0.08173472519007,0.515830864168877,-0.18779381032116071,0.8522950080335429,20
lsac,abrupt_global_mag1.0,xgb,max_subgroup_deviation,DI_star,0.5852631578947368,0.1076166545581553,0.9512100476418105,0.0195701451061576,20
lsac,abrupt_global_mag1.0,xgb,max_subgroup_deviation,AOD_star,0.583984962406015,0.13289462517675646,0.8224245016781777,0.08383953901807054,20
lsac,abrupt_global_mag1.0,xgb,max_subgroup_deviation,BalAcc,-0.5660779016385687,0.10911639727430636,-0.98854635854944,0.004062638923414504,20
lsac,abrupt_global_mag1.0,xgb,assignment_proportion_drift,DI_star,0.5847541331352162,0.1284826856700566,0.9107679851574172,0.12676472311606907,20
lsac,abrupt_global_mag1.0,xgb,assignment_proportion_drift,AOD_star,0.5525327631064724,0.11848003024696369,0.7848137884027864,0.1411772541282172,20
lsac,abrupt_global_mag1.0,xgb,assignment_proportion_drift,BalAcc,-0.5618951779732294,0.13855472817847148,-0.9485527650239268,0.11203043469016764,20
lsac,abrupt_global_mag1.0,xgb,ks_statistic,DI_star,0.5918796992481202,0.10672391382181452,0.95339833952482,0.017938761790617635,20
lsac,abrupt_global_mag1.0,xgb,ks_statistic,AOD_star,0.5834586466165413,0.12964377150689052,0.8250072100747092,0.08048959070148232,20
lsac,abrupt_global_mag1.0,xgb,ks_statistic,BalAcc,-0.6033696357697815,0.11378071732411053,-0.9898635400720585,0.003795879218934971,20
lsac,abrupt_global_mag1.0,xgb,kl_divergence,DI_star,0.6038345864661653,0.09525514621140306,0.9482861650195481,0.016822104117895784,20
lsac,abrupt_global_mag1.0,xgb,kl_divergence,AOD_star,0.5957894736842104,0.09699259777343344,0.8231877780527428,0.07836708612667681,20
lsac,abrupt_global_mag1.0,xgb,kl_divergence,BalAcc,-0.5729938938948831,0.1114355691464889,-0.9830191540663951,0.006559187849309573,20
lsac,abrupt_global_mag1.0,xgb,per_subgroup_ewma[min_neg],DI_star,0.5276691729323308,0.060191527276725575,0.7928322965498034,0.029335686952407545,20
lsac,abrupt_global_mag1.0,xgb,per_subgroup_ewma[min_neg],AOD_star,0.49075187969924805,0.09804496863313356,0.6658606515891455,0.08379098444832135,20
lsac,abrupt_global_mag1.0,xgb,per_subgroup_ewma[min_neg],BalAcc,-0.534152929814342,0.11218815729263018,-0.8346041698107367,0.016005874954278788,20
lsac,abrupt_global_mag1.0,xgb,per_subgroup_baseline_relative[min_neg],DI_star,0.52203007518797,0.11238956803758342,0.9374695997957907,0.023018358832846125,20
lsac,abrupt_global_mag1.0,xgb,per_subgroup_baseline_relative[min_neg],AOD_star,0.4936842105263156,0.10607644997767686,0.8042580200363103,0.07994680728674883,20
lsac,abrupt_global_mag1.0,xgb,per_subgroup_baseline_relative[min_neg],BalAcc,-0.5382913791916095,0.1139308023297161,-0.9772159676394072,0.008839656310314315,20
lsac,abrupt_global_mag1.0,xgb,per_subgroup_ewma[min_pos],DI_star,0.5300751879699248,0.06760648725613225,0.7992457806836034,0.029202809232326855,20
lsac,abrupt_global_mag1.0,xgb,per_subgroup_ewma[min_pos],AOD_star,0.4946616541353383,0.10318515499433387,0.6725101333882442,0.08416043294169173,20
lsac,abrupt_global_mag1.0,xgb,per_subgroup_ewma[min_pos],BalAcc,-0.5362575990480599,0.11104154911845339,-0.8412314248790029,0.013273894541452653,20
lsac,abrupt_global_mag1.0,xgb,per_subgroup_baseline_relative[min_pos],DI_star,0.5878947368421052,0.10687432382103848,0.9513281384893923,0.01967822836514075,20
lsac,abrupt_global_mag1.0,xgb,per_subgroup_baseline_relative[min_pos],AOD_star,0.5898496240601503,0.13466404703104362,0.8228945963918584,0.08412367560475215,20
lsac,abrupt_global_mag1.0,xgb,per_subgroup_baseline_relative[min_pos],BalAcc,-0.5706643112397749,0.10226575907436826,-0.9890273197272936,0.003981581532230926,20
lsac,abrupt_global_mag1.0,xgb,per_subgroup_ewma[maj_neg],DI_star,0.5342105263157895,0.0656384948598173,0.7977871183131477,0.028751828826896798,20
lsac,abrupt_global_mag1.0,xgb,per_subgroup_ewma[maj_neg],AOD_star,0.49631578947368415,0.10060080132822866,0.6712932659801537,0.08279516379759524,20
lsac,abrupt_global_mag1.0,xgb,per_subgroup_ewma[maj_neg],BalAcc,-0.5407688772435486,0.10690174557503679,-0.8395673315184513,0.018060784472929678,20
lsac,abrupt_global_mag1.0,xgb,per_subgroup_baseline_relative[maj_neg],DI_star,0.5364661654135338,0.07040882690231845,0.9383422781585568,0.02345148448214199,20
lsac,abrupt_global_mag1.0,xgb,per_subgroup_baseline_relative[maj_neg],AOD_star,0.5351127819548872,0.08463677701785256,0.8093351615635122,0.08198501402826004,20
lsac,abrupt_global_mag1.0,xgb,per_subgroup_baseline_relative[maj_neg],BalAcc,-0.5597213364432603,0.0998423192162298,-0.9790120429978424,0.010092804369590296,20
lsac,abrupt_global_mag1.0,xgb,per_subgroup_ewma[maj_pos],DI_star,0.5306015037593985,0.06840911240109687,0.8001098895462272,0.028472002883995973,20
lsac,abrupt_global_mag1.0,xgb,per_subgroup_ewma[maj_pos],AOD_star,0.4929323308270675,0.10338343130553294,0.6730643647499248,0.08417797668088726,20
lsac,abrupt_global_mag1.0,xgb,per_subgroup_ewma[maj_pos],BalAcc,-0.5353558242047244,0.10533125431817963,-0.8417858167876451,0.01377952484936914,20
lsac,abrupt_global_mag1.0,xgb,per_subgroup_baseline_relative[maj_pos],DI_star,0.5856390977443607,0.13176182779526605,0.9517453250038237,0.01819055085423337,20
lsac,abrupt_global_mag1.0,xgb,per_subgroup_baseline_relative[maj_pos],AOD_star,0.5780451127819549,0.13971567681833108,0.8234185547190442,0.07672598507823551,20
lsac,abrupt_global_mag1.0,xgb,per_subgroup_baseline_relative[maj_pos],BalAcc,-0.6103615796128194,0.0848416988075233,-0.9871155836516255,0.004884507639518276,20
lsac,abrupt_global_mag2.0,lr,global_mean,DI_star,0.5897094367494743,0.0767649497759447,0.9715185440787044,0.013207151190627101,20
lsac,abrupt_global_mag2.0,lr,global_mean,AOD_star,0.5695211910728221,0.08246191477984069,0.9268626268667655,0.031739247921647396,20
lsac,abrupt_global_mag2.0,lr,global_mean,BalAcc,-0.5884698039064358,0.08008990701536822,-0.9202764592624544,0.028989237426204763,20
lsac,abrupt_global_mag2.0,lr,global_ewma,DI_star,0.5521487044691187,0.09323143034706347,0.8215526621428058,0.026036089845527525,20
lsac,abrupt_global_mag2.0,lr,global_ewma,AOD_star,0.5536955799319877,0.08755150393124063,0.7821959783281546,0.0526282716550691,20
lsac,abrupt_global_mag2.0,lr,global_ewma,BalAcc,-0.5583932301134316,0.09252914038778765,-0.7787128341048565,0.04354994843805611,20
lsac,abrupt_global_mag2.0,lr,global_std,DI_star,0.5343248001529745,0.12375331203959525,0.919220873455828,0.05915456350204633,20
lsac,abrupt_global_mag2.0,lr,global_std,AOD_star,0.534900058120175,0.1177510833006985,0.8750062459077617,0.06541416391631594,20
lsac,abrupt_global_mag2.0,lr,global_std,BalAcc,-0.521478171166538,0.11013745898551433,-0.8709415983550345,0.050986886229305875,20
lsac,abrupt_global_mag2.0,lr,subgroup_violation_diff,DI_star,0.518198833081892,0.2756231015473497,0.7602964635950833,0.37136332444023906,20
lsac,abrupt_global_mag2.0,lr,subgroup_violation_diff,AOD_star,0.4661783384552078,0.3039935387162473,0.7103623825845218,0.37845560275756746,20
lsac,abrupt_global_mag2.0,lr,subgroup_violation_diff,BalAcc,-0.5149346117789938,0.281918938235998,-0.7310513924962738,0.352895172939053,20
lsac,abrupt_global_mag2.0,lr,max_subgroup_deviation,DI_star,0.5954553065016943,0.08571943181559061,0.9707541239026373,0.012771727560093503,20
lsac,abrupt_global_mag2.0,lr,max_subgroup_deviation,AOD_star,0.5585082039313527,0.08660873792575756,0.9252243494650385,0.031817269173912865,20
lsac,abrupt_global_mag2.0,lr,max_subgroup_deviation,BalAcc,-0.5992219098625131,0.09529610438201688,-0.9207030068216742,0.028098065101750606,20
lsac,abrupt_global_mag2.0,lr,assignment_proportion_drift,DI_star,0.6052621833934069,0.12029053090636567,0.9688880354392616,0.014158697952687595,20
lsac,abrupt_global_mag2.0,lr,assignment_proportion_drift,AOD_star,0.5939256334815399,0.13030259269387953,0.9247889765373174,0.03250826288198534,20
lsac,abrupt_global_mag2.0,lr,assignment_proportion_drift,BalAcc,-0.6066878389642002,0.12085173477692097,-0.9169352117663434,0.029351498101735166,20
lsac,abrupt_global_mag2.0,lr,ks_statistic,DI_star,0.6150462553805383,0.06738750143895418,0.9720009718795015,0.01298139484699924,20
lsac,abrupt_global_mag2.0,lr,ks_statistic,AOD_star,0.5910637747277899,0.09592243722863053,0.9274401852436851,0.03191074610656869,20
lsac,abrupt_global_mag2.0,lr,ks_statistic,BalAcc,-0.6312503729705744,0.07994850221598325,-0.9210627837725506,0.02870685200701357,20
lsac,abrupt_global_mag2.0,lr,kl_divergence,DI_star,0.6048219076012211,0.06938696464740211,0.969939536014501,0.014420445842631318,20
lsac,abrupt_global_mag2.0,lr,kl_divergence,AOD_star,0.5992979462955477,0.10466198747825316,0.9253667856210293,0.03440919564508205,20
lsac,abrupt_global_mag2.0,lr,kl_divergence,BalAcc,-0.61095004532243,0.08613098850002851,-0.9200016861975421,0.02987353454111923,20
lsac,abrupt_global_mag2.0,lr,per_subgroup_ewma[min_neg],DI_star,0.5557953068694201,0.09016923484450248,0.8235567323157191,0.024832800351952244,20
lsac,abrupt_global_mag2.0,lr,per_subgroup_ewma[min_neg],AOD_star,0.5600865290934931,0.08707635912045117,0.7849846214682535,0.05229763244380523,20
lsac,abrupt_global_mag2.0,lr,per_subgroup_ewma[min_neg],BalAcc,-0.563656331443961,0.09119129682391929,-0.7804611364898836,0.04480741062461664,20
lsac,abrupt_global_mag2.0,lr,per_subgroup_baseline_relative[min_neg],DI_star,0.6729808911990544,0.08908126452471248,0.9689390338139043,0.01361639142718198,20
lsac,abrupt_global_mag2.0,lr,per_subgroup_baseline_relative[min_neg],AOD_star,0.6303504081818732,0.1099041422574972,0.9274293798869303,0.03174177497539178,20
lsac,abrupt_global_mag2.0,lr,per_subgroup_baseline_relative[min_neg],BalAcc,-0.6603493900261413,0.09602576656074766,-0.9183259290011442,0.029300817354840518,20
lsac,abrupt_global_mag2.0,lr,per_subgroup_ewma[min_pos],DI_star,0.5517732171331533,0.09297022578905235,0.8218549627428844,0.025536044594746232,20
lsac,abrupt_global_mag2.0,lr,per_subgroup_ewma[min_pos],AOD_star,0.5536956930604023,0.08673235757371724,0.7822503970493877,0.052893623687895595,20
lsac,abrupt_global_mag2.0,lr,per_subgroup_ewma[min_pos],BalAcc,-0.5610999970307249,0.09031247269638024,-0.7791806415593455,0.04326128202083285,20
lsac,abrupt_global_mag2.0,lr,per_subgroup_baseline_relative[min_pos],DI_star,0.5664703016725238,0.05516748885576197,0.9705564298623856,0.013395338089417202,20
lsac,abrupt_global_mag2.0,lr,per_subgroup_baseline_relative[min_pos],AOD_star,0.5413642437864525,0.0634160077091811,0.9254143780414816,0.03181852659495346,20
lsac,abrupt_global_mag2.0,lr,per_subgroup_baseline_relative[min_pos],BalAcc,-0.5666637371125388,0.08866961630581212,-0.9195644526667041,0.028113257296543497,20
lsac,abrupt_global_mag2.0,lr,per_subgroup_ewma[maj_neg],DI_star,0.552337650126507,0.09680683288890664,0.8208194963825066,0.029397507142970562,20
lsac,abrupt_global_mag2.0,lr,per_subgroup_ewma[maj_neg],AOD_star,0.5530186902279387,0.09272714323019313,0.7815271263608541,0.0554487695735621,20
lsac,abrupt_global_mag2.0,lr,per_subgroup_ewma[maj_neg],BalAcc,-0.559708920599753,0.09855387490485311,-0.7778120177315454,0.04632285968445613,20
lsac,abrupt_global_mag2.0,lr,per_subgroup_baseline_relative[maj_neg],DI_star,0.5673363632907904,0.1196624357660358,0.9673864906861297,0.01648948332732912,20
lsac,abrupt_global_mag2.0,lr,per_subgroup_baseline_relative[maj_neg],AOD_star,0.5701602746761311,0.1066942944181889,0.9235165907968449,0.03523177463765878,20
lsac,abrupt_global_mag2.0,lr,per_subgroup_baseline_relative[maj_neg],BalAcc,-0.550762824873365,0.09800994071386411,-0.9148891958801453,0.031231185509697227,20
lsac,abrupt_global_mag2.0,lr,per_subgroup_ewma[maj_pos],DI_star,0.5553820134327148,0.09317323350226378,0.8207626638965401,0.02525787200094009,20
lsac,abrupt_global_mag2.0,lr,per_subgroup_ewma[maj_pos],AOD_star,0.555575109487486,0.08473712941481781,0.7818197958571671,0.051130646252027234,20
lsac,abrupt_global_mag2.0,lr,per_subgroup_ewma[maj_pos],BalAcc,-0.561325815479432,0.0888248078355096,-0.7774799858803556,0.0438113948498323,20
lsac,abrupt_global_mag2.0,lr,per_subgroup_baseline_relative[maj_pos],DI_star,0.5684315523638926,0.10255104396539573,0.9690121168251057,0.013140655515214377,20
lsac,abrupt_global_mag2.0,lr,per_subgroup_baseline_relative[maj_pos],AOD_star,0.5906104126220518,0.08750622501821398,0.9263834949646956,0.029104909362906217,20
lsac,abrupt_global_mag2.0,lr,per_subgroup_baseline_relative[maj_pos],BalAcc,-0.5712144617707798,0.10144427932989022,-0.9169968069555866,0.03090980553653621,20
lsac,abrupt_global_mag2.0,xgb,global_mean,DI_star,0.6277456267175298,0.10425625462414076,0.9830468009516504,0.010912362608833291,20
lsac,abrupt_global_mag2.0,xgb,global_mean,AOD_star,0.6207534311962241,0.10414724492642655,0.9672867910296377,0.022037537579392454,20
lsac,abrupt_global_mag2.0,xgb,global_mean,BalAcc,-0.5668163406008856,0.11595575302370062,-0.9950834117596269,0.002872736967784768,20
lsac,abrupt_global_mag2.0,xgb,global_ewma,DI_star,0.5048900816149839,0.09063962476155567,0.8314287739802128,0.0112237001271784,20
lsac,abrupt_global_mag2.0,xgb,global_ewma,AOD_star,0.5033527472391601,0.09065179035407513,0.8131495947733096,0.020939750118366008,20
lsac,abrupt_global_mag2.0,xgb,global_ewma,BalAcc,-0.6145336716813992,0.09287236437527113,-0.847076924302757,0.004649234652348666,20
lsac,abrupt_global_mag2.0,xgb,global_std,DI_star,0.5400264069966556,0.0910160379857793,0.9323562455857027,0.04627800519533883,20
lsac,abrupt_global_mag2.0,xgb,global_std,AOD_star,0.5515746994338344,0.08870424830016806,0.9165375115096819,0.04680752493266635,20
lsac,abrupt_global_mag2.0,xgb,global_std,BalAcc,-0.6242390304095602,0.10688308564486512,-0.9483173569365739,0.041343385435942306,20
lsac,abrupt_global_mag2.0,xgb,subgroup_violation_diff,DI_star,0.4932503322920545,0.21725165735460952,0.7679834344063337,0.37339453505610476,20
lsac,abrupt_global_mag2.0,xgb,subgroup_violation_diff,AOD_star,0.4842776833548911,0.22840092940527085,0.7554624126657893,0.36363993004185263,20
lsac,abrupt_global_mag2.0,xgb,subgroup_violation_diff,BalAcc,-0.47614996178585656,0.3005697262627322,-0.7764667258372743,0.37810797224483067,20
lsac,abrupt_global_mag2.0,xgb,max_subgroup_deviation,DI_star,0.6136708758462904,0.08445075577489496,0.982022173430315,0.011442324932446258,20
lsac,abrupt_global_mag2.0,xgb,max_subgroup_deviation,AOD_star,0.609058085669718,0.0893999656806303,0.9664313666119014,0.022207531340551784,20
lsac,abrupt_global_mag2.0,xgb,max_subgroup_deviation,BalAcc,-0.5926354273980081,0.12078646978821109,-0.9937770754286603,0.0031735493238554827,20
lsac,abrupt_global_mag2.0,xgb,assignment_proportion_drift,DI_star,0.6047369530219021,0.10957678254185677,0.9785071075443286,0.011551748920866075,20
lsac,abrupt_global_mag2.0,xgb,assignment_proportion_drift,AOD_star,0.6033538233878307,0.09860151220987,0.962502136741653,0.020331104806493226,20
lsac,abrupt_global_mag2.0,xgb,assignment_proportion_drift,BalAcc,-0.6042923126981588,0.10441039576152289,-0.9911252554465733,0.00624931724194282,20
lsac,abrupt_global_mag2.0,xgb,ks_statistic,DI_star,0.6197083765517879,0.09434683736276504,0.9832465868093975,0.011029109869661958,20
lsac,abrupt_global_mag2.0,xgb,ks_statistic,AOD_star,0.6134183855816334,0.08926833563070319,0.9674603156260609,0.022121922011755765,20
lsac,abrupt_global_mag2.0,xgb,ks_statistic,BalAcc,-0.5569314461353796,0.12734991107524055,-0.9949563630405688,0.0026654299367421487,20
lsac,abrupt_global_mag2.0,xgb,kl_divergence,DI_star,0.6023537243625807,0.10603573236943495,0.9815046310096948,0.011012285992158378,20
lsac,abrupt_global_mag2.0,xgb,kl_divergence,AOD_star,0.5994911119589259,0.09873309133032111,0.9658173479930678,0.022297449492062207,20
lsac,abrupt_global_mag2.0,xgb,kl_divergence,BalAcc,-0.5901381559186281,0.09412386806449398,-0.9935197739577255,0.0030435089447638543,20
lsac,abrupt_global_mag2.0,xgb,per_subgroup_ewma[min_neg],DI_star,0.5056413263569559,0.09172344831023374,0.8321529194558221,0.01326643982927528,20
lsac,abrupt_global_mag2.0,xgb,per_subgroup_ewma[min_neg],AOD_star,0.5054473846609728,0.09184186791471592,0.8137846516984398,0.020093305377697858,20
lsac,abrupt_global_mag2.0,xgb,per_subgroup_ewma[min_neg],BalAcc,-0.6109080839892248,0.09563254892110896,-0.8476594124928161,0.009409242785667045,20
lsac,abrupt_global_mag2.0,xgb,per_subgroup_baseline_relative[min_neg],DI_star,0.6069975456496551,0.09319058867511852,0.9747184842082101,0.015290592864000759,20
lsac,abrupt_global_mag2.0,xgb,per_subgroup_baseline_relative[min_neg],AOD_star,0.5942882285090427,0.10181813632817736,0.9592366998192119,0.024918678494423696,20
lsac,abrupt_global_mag2.0,xgb,per_subgroup_baseline_relative[min_neg],BalAcc,-0.561500459283825,0.09885054204987612,-0.9861979407649251,0.011941088751653308,20
lsac,abrupt_global_mag2.0,xgb,per_subgroup_ewma[min_pos],DI_star,0.5034459355163087,0.09052789444811891,0.8317588816572876,0.011752432461349095,20
lsac,abrupt_global_mag2.0,xgb,per_subgroup_ewma[min_pos],AOD_star,0.5042690813802371,0.08961755170405061,0.8135220243212565,0.020561943152195266,20
lsac,abrupt_global_mag2.0,xgb,per_subgroup_ewma[min_pos],BalAcc,-0.6150066590246632,0.09245318140227402,-0.8474005500980379,0.004956653447127985,20
lsac,abrupt_global_mag2.0,xgb,per_subgroup_baseline_relative[min_pos],DI_star,0.6294002916215485,0.07721713321563035,0.9824858145172474,0.011027322743622411,20
lsac,abrupt_global_mag2.0,xgb,per_subgroup_baseline_relative[min_pos],AOD_star,0.623471738870709,0.0728264964797091,0.9668862786009678,0.022090526971912047,20
lsac,abrupt_global_mag2.0,xgb,per_subgroup_baseline_relative[min_pos],BalAcc,-0.5512810451193964,0.13368860339597413,-0.9944451029106702,0.003163190267670771,20
lsac,abrupt_global_mag2.0,xgb,per_subgroup_ewma[maj_neg],DI_star,0.5053794072905164,0.08911124698606725,0.8308356835494084,0.012161373517601898,20
lsac,abrupt_global_mag2.0,xgb,per_subgroup_ewma[maj_neg],AOD_star,0.5043023380853016,0.08864263352156229,0.8126971355920564,0.023021204934875625,20
lsac,abrupt_global_mag2.0,xgb,per_subgroup_ewma[maj_neg],BalAcc,-0.6156470635220941,0.09352531748643583,-0.8466974127874307,0.006961122001588338,20
lsac,abrupt_global_mag2.0,xgb,per_subgroup_baseline_relative[maj_neg],DI_star,0.6186886434344854,0.06536058700611155,0.9790876065054321,0.01208782890647242,20
lsac,abrupt_global_mag2.0,xgb,per_subgroup_baseline_relative[maj_neg],AOD_star,0.6224865316709544,0.06197282324539837,0.9638969845246027,0.02339001145219801,20
lsac,abrupt_global_mag2.0,xgb,per_subgroup_baseline_relative[maj_neg],BalAcc,-0.5817528028772518,0.12759187162642074,-0.9922040700868431,0.005195388090928558,20
lsac,abrupt_global_mag2.0,xgb,per_subgroup_ewma[maj_pos],DI_star,0.5070957258375685,0.08981377274428992,0.8304367596722632,0.010798178477945257,20
lsac,abrupt_global_mag2.0,xgb,per_subgroup_ewma[maj_pos],AOD_star,0.5039539413685747,0.0900098133390393,0.8120438500250741,0.02088087623748204,20
lsac,abrupt_global_mag2.0,xgb,per_subgroup_ewma[maj_pos],BalAcc,-0.6144615116948631,0.09097394279543956,-0.8461637970070676,0.0073300610785925055,20
lsac,abrupt_global_mag2.0,xgb,per_subgroup_baseline_relative[maj_pos],DI_star,0.6260380727509461,0.10767378725096381,0.9805971376234828,0.010124511295146762,20
lsac,abrupt_global_mag2.0,xgb,per_subgroup_baseline_relative[maj_pos],AOD_star,0.6295690979020712,0.10194013812499282,0.9649968444880892,0.020982220430121507,20
lsac,abrupt_global_mag2.0,xgb,per_subgroup_baseline_relative[maj_pos],BalAcc,-0.595014097403693,0.11069019765919576,-0.9919481628161939,0.00447279898327999,20
lsac,variance_group_mag1.5,lr,global_mean,DI_star,-0.030037153351026198,0.26688041314174016,-0.03514359290801004,0.2489219870285081,20
lsac,variance_group_mag1.5,lr,global_mean,AOD_star,0.037744360902255636,0.24341675323517542,0.031215975281690993,0.236180477674598,20
lsac,variance_group_mag1.5,lr,global_mean,BalAcc,0.09458646616541352,0.2430230118637426,0.07908679144248612,0.21959589591666148,20
lsac,variance_group_mag1.5,lr,global_ewma,DI_star,0.04418498490960203,0.2729322959273185,0.04911299055293065,0.27688496456924083,20
lsac,variance_group_mag1.5,lr,global_ewma,AOD_star,0.044436090225563905,0.22256171249480197,0.05659977311995673,0.23491992581098947,20
lsac,variance_group_mag1.5,lr,global_ewma,BalAcc,0.012932330827067674,0.24125634570475424,0.018999126626323644,0.23662014095833334,20
lsac,variance_group_mag1.5,lr,global_std,DI_star,-0.031091587944745126,0.2863369845827433,-0.02391823815815069,0.253031650626462,20
lsac,variance_group_mag1.5,lr,global_std,AOD_star,0.016691729323308268,0.2628418725455554,0.010938908956020796,0.2539583895079303,20
lsac,variance_group_mag1.5,lr,global_std,BalAcc,0.041203007518796984,0.25556053635840487,0.029493884878144378,0.2270480349513318,20
lsac,variance_group_mag1.5,lr,subgroup_violation_diff,DI_star,-0.10486312782604053,0.2160369095557068,-0.1426724590118434,0.21975456435675764,20
lsac,variance_group_mag1.5,lr,subgroup_violation_diff,AOD_star,-0.15526315789473683,0.22453392661070143,-0.19115298368387637,0.2015177036662537,20
lsac,variance_group_mag1.5,lr,subgroup_violation_diff,BalAcc,-0.06248120300751878,0.2684572646747331,-0.03309135818538104,0.2823790271347886,20
lsac,variance_group_mag1.5,lr,max_subgroup_deviation,DI_star,0.018336673159334183,0.28274034228126343,0.03025311346643141,0.2775390168218653,20
lsac,variance_group_mag1.5,lr,max_subgroup_deviation,AOD_star,0.06541353383458647,0.25022054831584056,0.07682834922807612,0.2595743825053407,20
lsac,variance_group_mag1.5,lr,max_subgroup_deviation,BalAcc,0.014210526315789456,0.20153825033059336,-0.019037201411671176,0.2162000477562067,20
lsac,variance_group_mag1.5,lr,assignment_proportion_drift,DI_star,0.09110364429384513,0.17984927327674827,0.08620695461022017,0.14014863930227756,20
lsac,variance_group_mag1.5,lr,assignment_proportion_drift,AOD_star,0.0480432744452169,0.1742454949047562,0.04825778666733728,0.15647365292965765,20
lsac,variance_group_mag1.5,lr,assignment_proportion_drift,BalAcc,-0.021648309224991603,0.1886082240861093,-0.029468492251813548,0.1985596623711692,20
lsac,variance_group_mag1.5,lr,ks_statistic,DI_star,-0.06138605240300495,0.21802110200043853,-0.07143215983573384,0.23463193684310077,20
lsac,variance_group_mag1.5,lr,ks_statistic,AOD_star,-0.06285714285714285,0.25783953463431875,-0.048597371130532474,0.24457542235580604,20
lsac,variance_group_mag1.5,lr,ks_statistic,BalAcc,0.027969924812030082,0.2096951368697398,0.053376170277019984,0.1929714415674302,20
lsac,variance_group_mag1.5,lr,kl_divergence,DI_star,-0.010221351294927707,0.26806389013797466,-0.016433109653850538,0.22039615390499004,20
lsac,variance_group_mag1.5,lr,kl_divergence,AOD_star,-0.030150375939849615,0.223132497085437,-0.03355190253064148,0.21760824468280948,20
lsac,variance_group_mag1.5,lr,kl_divergence,BalAcc,0.010601503759398499,0.23703440099085857,0.02881320667978069,0.251255528304439,20
lsac,variance_group_mag1.5,lr,per_subgroup_ewma[min_neg],DI_star,-0.015612036779024138,0.26020591364280626,-0.001800674452884759,0.2543975397438259,20
lsac,variance_group_mag1.5,lr,per_subgroup_ewma[min_neg],AOD_star,0.005488721804511275,0.21427134894468333,0.013936485060014997,0.24062661506404695,20
lsac,variance_group_mag1.5,lr,per_subgroup_ewma[min_neg],BalAcc,0.003308270676691731,0.2181957478118296,0.03392499039372672,0.2503008226568446,20
lsac,variance_group_mag1.5,lr,per_subgroup_baseline_relative[min_neg],DI_star,-0.07358178820253272,0.24734295365614106,-0.08033500526907586,0.25165791291667294,20
lsac,variance_group_mag1.5,lr,per_subgroup_baseline_relative[min_neg],AOD_star,-0.030827067669172935,0.23609429621508665,-0.0342495664615415,0.267684729399086,20
lsac,variance_group_mag1.5,lr,per_subgroup_baseline_relative[min_neg],BalAcc,0.07586466165413533,0.2485589537872851,0.08642530627323325,0.2507624253985121,20
lsac,variance_group_mag1.5,lr,per_subgroup_ewma[min_pos],DI_star,-0.0020254803834037173,0.2682202943653554,0.008434589970212517,0.2506408713190427,20
lsac,variance_group_mag1.5,lr,per_subgroup_ewma[min_pos],AOD_star,-0.005112781954887223,0.22347423012076423,0.02237127136188429,0.2442369387048742,20
lsac,variance_group_mag1.5,lr,per_subgroup_ewma[min_pos],BalAcc,0.016315789473684207,0.2530091499126275,0.016917475732062433,0.24323703016077025,20
lsac,variance_group_mag1.5,lr,per_subgroup_baseline_relative[min_pos],DI_star,-0.023350429837413443,0.26165519957868894,-0.033215252150213384,0.24237736009851454,20
lsac,variance_group_mag1.5,lr,per_subgroup_baseline_relative[min_pos],AOD_star,0.011278195488721795,0.24625890995473315,0.005541828053897991,0.25280449662711596,20
lsac,variance_group_mag1.5,lr,per_subgroup_baseline_relative[min_pos],BalAcc,0.021353383458646624,0.24007065498500327,-0.007454099670671699,0.23820022783651354,20
lsac,variance_group_mag1.5,lr,per_subgroup_ewma[maj_neg],DI_star,0.03239109413999264,0.30457195761274247,0.05493391638406549,0.28574773422885985,20
lsac,variance_group_mag1.5,lr,per_subgroup_ewma[maj_neg],AOD_star,0.03466165413533834,0.25202014937297534,0.06194473988514175,0.26030430706909996,20
lsac,variance_group_mag1.5,lr,per_subgroup_ewma[maj_neg],BalAcc,0.004586466165413532,0.24689397332938062,-0.012933091912182082,0.2729362835502383,20
lsac,variance_group_mag1.5,lr,per_subgroup_baseline_relative[maj_neg],DI_star,-0.024234981962252992,0.2493550302863455,-0.020135679666694793,0.22430984460672238,20
lsac,variance_group_mag1.5,lr,per_subgroup_baseline_relative[maj_neg],AOD_star,0.04142857142857141,0.19482563946392278,0.05908557852514136,0.2174596168819766,20
lsac,variance_group_mag1.5,lr,per_subgroup_baseline_relative[maj_neg],BalAcc,0.11150375939849622,0.3050342765780605,0.10206085803084912,0.3284222639467005,20
lsac,variance_group_mag1.5,lr,per_subgroup_ewma[maj_pos],DI_star,0.11156535030576906,0.2262663964003627,0.12094878708325178,0.23979577781174394,20
lsac,variance_group_mag1.5,lr,per_subgroup_ewma[maj_pos],AOD_star,0.09924812030075185,0.20939113929922518,0.10033961463266153,0.22361890515238877,20
lsac,variance_group_mag1.5,lr,per_subgroup_ewma[maj_pos],BalAcc,0.013834586466165397,0.2090153079286277,0.01860691505474672,0.2005531081602418,20
lsac,variance_group_mag1.5,lr,per_subgroup_baseline_relative[maj_pos],DI_star,0.14125922884766928,0.2313445785083094,0.15061081914917956,0.21077106047042196,20
lsac,variance_group_mag1.5,lr,per_subgroup_baseline_relative[maj_pos],AOD_star,0.17932330827067666,0.21386920344144278,0.18661450372518038,0.1899211499132,20
lsac,variance_group_mag1.5,lr,per_subgroup_baseline_relative[maj_pos],BalAcc,0.018872180451127818,0.25050098482811,0.012563003113211216,0.24907802894595013,20
lsac,variance_group_mag1.5,xgb,global_mean,DI_star,-0.052857142857142846,0.23969673633838348,-0.044473981849375864,0.27049757360053683,20
lsac,variance_group_mag1.5,xgb,global_mean,AOD_star,-0.05556390977443608,0.24077130990990325,-0.027234332258257783,0.2622376379683013,20
lsac,variance_group_mag1.5,xgb,global_mean,BalAcc,-0.11330827067669172,0.2268595745165569,-0.09553905496510309,0.25853407021811275,20
lsac,variance_group_mag1.5,xgb,global_ewma,DI_star,-0.12849624060150378,0.19255724238170258,-0.09041486068687446,0.21268430537345512,20
lsac,variance_group_mag1.5,xgb,global_ewma,AOD_star,-0.11729323308270675,0.19168361536840073,-0.08830636248015164,0.18410804553947954,20
lsac,variance_group_mag1.5,xgb,global_ewma,BalAcc,-0.06300751879699248,0.17634610252912258,-0.07066188963769468,0.22244043376819045,20
lsac,variance_group_mag1.5,xgb,global_std,DI_star,-0.08624060150375938,0.2225047059472954,-0.07433471880724427,0.25063374861757987,20
lsac,variance_group_mag1.5,xgb,global_std,AOD_star,-0.07736842105263157,0.2229647112874749,-0.060071039787973346,0.25367912514737945,20
lsac,variance_group_mag1.5,xgb,global_std,BalAcc,-0.10654135338345865,0.2015774049013686,-0.09449147710069315,0.21396453866956294,20
lsac,variance_group_mag1.5,xgb,subgroup_violation_diff,DI_star,-0.1330075187969925,0.2384497176556859,-0.13824401456770655,0.2666351907354377,20
lsac,variance_group_mag1.5,xgb,subgroup_violation_diff,AOD_star,-0.1475187969924812,0.17492018644637475,-0.14380262201139765,0.20774869173996222,20
lsac,variance_group_mag1.5,xgb,subgroup_violation_diff,BalAcc,-0.006917293233082706,0.26391273052775366,-0.0033526874719049084,0.2710674606114763,20
lsac,variance_group_mag1.5,xgb,max_subgroup_deviation,DI_star,0.005939849624060139,0.22211420968435389,0.01239490294985272,0.2500621023176826,20
lsac,variance_group_mag1.5,xgb,max_subgroup_deviation,AOD_star,0.018571428571428565,0.1933224538068713,0.03559334430693902,0.19803510960041995,20
lsac,variance_group_mag1.5,xgb,max_subgroup_deviation,BalAcc,-0.06473684210526316,0.2587171939902051,-0.06581850865937508,0.25437265015809785,20
lsac,variance_group_mag1.5,xgb,assignment_proportion_drift,DI_star,0.012318496070472784,0.19586029639256386,-0.02583421421260107,0.20049645794214446,20
lsac,variance_group_mag1.5,xgb,assignment_proportion_drift,AOD_star,-0.00925980080956405,0.18909616399816429,-0.020731400309840393,0.19593753046674175,20
lsac,variance_group_mag1.5,xgb,assignment_proportion_drift,BalAcc,-0.06030236395960795,0.1545186315526774,-0.06124642187019254,0.15121201521544655,20
lsac,variance_group_mag1.5,xgb,ks_statistic,DI_star,-0.010676691729323309,0.25870951324776975,-0.05617689719204445,0.23642586416196282,20
lsac,variance_group_mag1.5,xgb,ks_statistic,AOD_star,0.002781954887218044,0.2259807051498106,-0.04085713961290095,0.23391099528104406,20
lsac,variance_group_mag1.5,xgb,ks_statistic,BalAcc,-0.059172932330827065,0.2092367999228854,-0.05852718852790426,0.20231645869772466,20
lsac,variance_group_mag1.5,xgb,kl_divergence,DI_star,-0.24842105263157888,0.2000647755355384,-0.26103166586758386,0.19353447449847588,20
lsac,variance_group_mag1.5,xgb,kl_divergence,AOD_star,-0.21203007518796987,0.19899458972774214,-0.2391536813700057,0.1875491217774003,20
lsac,variance_group_mag1.5,xgb,kl_divergence,BalAcc,-0.054887218045112776,0.11361745663174745,-0.008556763855966551,0.13047594199914908,20
lsac,variance_group_mag1.5,xgb,per_subgroup_ewma[min_neg],DI_star,-0.17804511278195487,0.2149710186652189,-0.19262098134909206,0.24229724178972453,20
lsac,variance_group_mag1.5,xgb,per_subgroup_ewma[min_neg],AOD_star,-0.15593984962406016,0.19200605121713438,-0.16646510537611134,0.19595656605008274,20
lsac,variance_group_mag1.5,xgb,per_subgroup_ewma[min_neg],BalAcc,-0.0713533834586466,0.19868439191632126,-0.0646609351434688,0.2196528570655299,20
lsac,variance_group_mag1.5,xgb,per_subgroup_baseline_relative[min_neg],DI_star,-0.08744360902255639,0.26007181872712987,-0.11329088346635811,0.2728524744616379,20
lsac,variance_group_mag1.5,xgb,per_subgroup_baseline_relative[min_neg],AOD_star,-0.09879699248120301,0.24554834679882662,-0.10439949236339749,0.2527623751112163,20
lsac,variance_group_mag1.5,xgb,per_subgroup_baseline_relative[min_neg],BalAcc,-0.05894736842105264,0.28634303591846993,-0.0522133779508611,0.28370123342483755,20
lsac,variance_group_mag1.5,xgb,per_subgroup_ewma[min_pos],DI_star,-0.11962406015037594,0.20879821086390912,-0.06212903166561255,0.2188885549239445,20
lsac,variance_group_mag1.5,xgb,per_subgroup_ewma[min_pos],AOD_star,-0.09398496240601503,0.19511444796252228,-0.05109222009441663,0.2139973272217009,20
lsac,variance_group_mag1.5,xgb,per_subgroup_ewma[min_pos],BalAcc,-0.1276691729323308,0.19941170756537524,-0.12580052843747563,0.1856957911156777,20
lsac,variance_group_mag1.5,xgb,per_subgroup_baseline_relative[min_pos],DI_star,0.009473684210526318,0.2348321924899924,0.034946755496394546,0.22638762821478525,20
lsac,variance_group_mag1.5,xgb,per_subgroup_baseline_relative[min_pos],AOD_star,0.03278195488721804,0.2311878349444181,0.04345171280328928,0.21971381023372785,20
lsac,variance_group_mag1.5,xgb,per_subgroup_baseline_relative[min_pos],BalAcc,-0.18481203007518793,0.19993096213610387,-0.18081491112533435,0.19475137208742457,20
lsac,variance_group_mag1.5,xgb,per_subgroup_ewma[maj_neg],DI_star,-0.06338345864661653,0.24070170610824784,-0.05077696456532825,0.23665811743429307,20
lsac,variance_group_mag1.5,xgb,per_subgroup_ewma[maj_neg],AOD_star,-0.05398496240601504,0.18938946690234434,-0.04181143811426544,0.2058049887950383,20
lsac,variance_group_mag1.5,xgb,per_subgroup_ewma[maj_neg],BalAcc,-0.060902255639097735,0.2147969103660703,-0.04051726207289903,0.20491817254147227,20
lsac,variance_group_mag1.5,xgb,per_subgroup_baseline_relative[maj_neg],DI_star,0.06654135338345865,0.32150673982455574,0.056701205056351366,0.2901591645865012,20
lsac,variance_group_mag1.5,xgb,per_subgroup_baseline_relative[maj_neg],AOD_star,0.10127819548872179,0.25887394931687185,0.10068380082392296,0.21999717515028366,20
lsac,variance_group_mag1.5,xgb,per_subgroup_baseline_relative[maj_neg],BalAcc,-0.0632330827067669,0.31744659195145064,-0.049362845788307665,0.3076186775778922,20
lsac,variance_group_mag1.5,xgb,per_subgroup_ewma[maj_pos],DI_star,0.07157894736842103,0.2513026270165364,0.09046245170839382,0.2763160799340439,20
lsac,variance_group_mag1.5,xgb,per_subgroup_ewma[maj_pos],AOD_star,0.08766917293233081,0.23190490681470582,0.0641077109073794,0.2243945969544556,20
lsac,variance_group_mag1.5,xgb,per_subgroup_ewma[maj_pos],BalAcc,-0.03458646616541353,0.17793356595159163,-0.06652507173979696,0.17689176920968594,20
lsac,variance_group_mag1.5,xgb,per_subgroup_baseline_relative[maj_pos],DI_star,0.09796992481203007,0.2590839435316638,0.08732922687295416,0.2512011171737596,20
lsac,variance_group_mag1.5,xgb,per_subgroup_baseline_relative[maj_pos],AOD_star,0.09090225563909773,0.20287518661008544,0.06885523309976671,0.1949655261653561,20
lsac,variance_group_mag1.5,xgb,per_subgroup_baseline_relative[maj_pos],BalAcc,-0.04157894736842105,0.20638421178496807,-0.05144660949138291,0.20093548205814044,20
lsac,variance_group_mag2.0,lr,global_mean,DI_star,-0.014407238027589747,0.26109931818021237,-0.020963861493397053,0.24504883007409023,20
lsac,variance_group_mag2.0,lr,global_mean,AOD_star,0.03187969924812029,0.2236387013792408,0.03227173036216287,0.23018001431710905,20
lsac,variance_group_mag2.0,lr,global_mean,BalAcc,0.08451127819548872,0.24152342170354146,0.07874467886921584,0.22235602880550948,20
lsac,variance_group_mag2.0,lr,global_ewma,DI_star,0.02649520388182086,0.2548263739202559,0.05697640428446708,0.26580293098311303,20
lsac,variance_group_mag2.0,lr,global_ewma,AOD_star,0.040601503759398486,0.18953155817408704,0.05567923232236455,0.22490442464798996,20
lsac,variance_group_mag2.0,lr,global_ewma,BalAcc,0.013909774436090228,0.20479131369288286,0.02489354347040577,0.21855018999774523,20
lsac,variance_group_mag2.0,lr,global_std,DI_star,-0.023397361150020512,0.259021271414628,-0.010495531144237244,0.24116780610059074,20
lsac,variance_group_mag2.0,lr,global_std,AOD_star,0.003458646616541358,0.24389155620195857,0.007463930853301537,0.2459340771477798,20
lsac,variance_group_mag2.0,lr,global_std,BalAcc,0.022255639097744355,0.2544290690298421,0.030286430369661294,0.2332553348270268,20
lsac,variance_group_mag2.0,lr,subgroup_violation_diff,DI_star,-0.06152953640670814,0.21181303492431902,-0.09489145855128936,0.20769493318092344,20
lsac,variance_group_mag2.0,lr,subgroup_violation_diff,AOD_star,-0.11368421052631579,0.2020324116818981,-0.14466392999394256,0.18394987814209135,20
lsac,variance_group_mag2.0,lr,subgroup_violation_diff,BalAcc,-0.05992481203007516,0.2705531359606549,-0.05158543842977894,0.2971179953027394,20
lsac,variance_group_mag2.0,lr,max_subgroup_deviation,DI_star,-0.012719278225100472,0.26107749540420805,0.01859041988705612,0.23488868148843883,20
lsac,variance_group_mag2.0,lr,max_subgroup_deviation,AOD_star,0.027142857142857146,0.23782489730816042,0.055992845911301305,0.23651658744989235,20
lsac,variance_group_mag2.0,lr,max_subgroup_deviation,BalAcc,0.017894736842105262,0.20421800068264134,-0.003718200881625028,0.21011876097454837,20
lsac,variance_group_mag2.0,lr,assignment_proportion_drift,DI_star,0.06628837956040948,0.19128900142009606,0.06041358612326088,0.161532270588668,20
lsac,variance_group_mag2.0,lr,assignment_proportion_drift,AOD_star,0.026422193814195784,0.17856862867267284,0.023587963521831647,0.1756494988603786,20
lsac,variance_group_mag2.0,lr,assignment_proportion_drift,BalAcc,-0.017102477370684082,0.1772929410965426,-0.038851292538408674,0.18638447923510118,20
lsac,variance_group_mag2.0,lr,ks_statistic,DI_star,-0.07460767555614009,0.20128986306831292,-0.06526429478315962,0.21129088141965624,20
lsac,variance_group_mag2.0,lr,ks_statistic,AOD_star,-0.06,0.23209925924655728,-0.03601330172890054,0.21808252252731605,20
lsac,variance_group_mag2.0,lr,ks_statistic,BalAcc,0.052105263157894724,0.18900184417061275,0.06883070336193858,0.18213951948410903,20
lsac,variance_group_mag2.0,lr,kl_divergence,DI_star,-0.017422522622288696,0.2702361139366357,0.012980077478351098,0.25667104829583465,20
lsac,variance_group_mag2.0,lr,kl_divergence,AOD_star,-0.018345864661654127,0.1986013620026695,0.0051263072902496595,0.22524575660823398,20
lsac,variance_group_mag2.0,lr,kl_divergence,BalAcc,0.020300751879699253,0.20355287372308728,0.0446803642044865,0.20072190145744642,20
lsac,variance_group_mag2.0,lr,per_subgroup_ewma[min_neg],DI_star,0.0017872532583756528,0.26225171993670726,0.03420016654119097,0.2517922146639025,20
lsac,variance_group_mag2.0,lr,per_subgroup_ewma[min_neg],AOD_star,0.009924812030075178,0.19140523988252214,0.030716679503483103,0.22154759781193792,20
lsac,variance_group_mag2.0,lr,per_subgroup_ewma[min_neg],BalAcc,0.0024060150375939853,0.18487032367690442,0.02971249256045478,0.19998488392789826,20
lsac,variance_group_mag2.0,lr,per_subgroup_baseline_relative[min_neg],DI_star,-0.04767300816964288,0.24114820875916013,-0.03849148085948015,0.23408027237126156,20
lsac,variance_group_mag2.0,lr,per_subgroup_baseline_relative[min_neg],AOD_star,-0.0036842105263157877,0.2135944396681045,-0.0055378750017476734,0.24136064871391896,20
lsac,variance_group_mag2.0,lr,per_subgroup_baseline_relative[min_neg],BalAcc,0.08992481203007519,0.22937216292127496,0.0878502896371457,0.21638917268438465,20
lsac,variance_group_mag2.0,lr,per_subgroup_ewma[min_pos],DI_star,-0.0008327477554361917,0.2445906009561094,-0.0012471828901539756,0.24609487161349583,20
lsac,variance_group_mag2.0,lr,per_subgroup_ewma[min_pos],AOD_star,-0.006315789473684207,0.1930288262488703,0.018923145781463355,0.23517038716441274,20
lsac,variance_group_mag2.0,lr,per_subgroup_ewma[min_pos],BalAcc,0.02218045112781955,0.24544231504164565,0.02341732616622224,0.2503831574110182,20
lsac,variance_group_mag2.0,lr,per_subgroup_baseline_relative[min_pos],DI_star,-0.0366600237028742,0.2271420018251767,-0.03523641264037571,0.23212151982818283,20
lsac,variance_group_mag2.0,lr,per_subgroup_baseline_relative[min_pos],AOD_star,-0.011578947368421052,0.20428011039438423,-0.009581657467143179,0.22949748961753844,20
lsac,variance_group_mag2.0,lr,per_subgroup_baseline_relative[min_pos],BalAcc,0.005939849624060148,0.2378600751342445,-0.02972743547062636,0.2444099803640677,20
lsac,variance_group_mag2.0,lr,per_subgroup_ewma[maj_neg],DI_star,0.03176248405616999,0.2926116242070731,0.058959528187756904,0.2944943729837668,20
lsac,variance_group_mag2.0,lr,per_subgroup_ewma[maj_neg],AOD_star,0.02962406015037594,0.21909062280394806,0.05839201197850413,0.2519350309013834,20
lsac,variance_group_mag2.0,lr,per_subgroup_ewma[maj_neg],BalAcc,0.010451127819548864,0.23444254067625647,-0.0016187013878742884,0.2551583251671481,20
lsac,variance_group_mag2.0,lr,per_subgroup_baseline_relative[maj_neg],DI_star,-0.024986331435535934,0.23412186417390354,-0.011898876428808946,0.23756268956036516,20
lsac,variance_group_mag2.0,lr,per_subgroup_baseline_relative[maj_neg],AOD_star,0.01977443609022556,0.18727889520523336,0.04450382824226563,0.20860298425528606,20
lsac,variance_group_mag2.0,lr,per_subgroup_baseline_relative[maj_neg],BalAcc,0.08789473684210525,0.29036245748867884,0.07448443197226427,0.3241684290061741,20
lsac,variance_group_mag2.0,lr,per_subgroup_ewma[maj_pos],DI_star,0.07846532669965442,0.251615292973424,0.0908360053804445,0.2594404197933185,20
lsac,variance_group_mag2.0,lr,per_subgroup_ewma[maj_pos],AOD_star,0.07421052631578946,0.2344930771309498,0.0747894730373854,0.24184402615913042,20
lsac,variance_group_mag2.0,lr,per_subgroup_ewma[maj_pos],BalAcc,0.0175187969924812,0.20457002418090098,0.018971669993872266,0.19815968328024897,20
lsac,variance_group_mag2.0,lr,per_subgroup_baseline_relative[maj_pos],DI_star,0.10545427852301859,0.2374860830549457,0.11277917625259763,0.22836388269561647,20
lsac,variance_group_mag2.0,lr,per_subgroup_baseline_relative[maj_pos],AOD_star,0.1392481203007519,0.24164922257102048,0.15019240427750513,0.2299233377929756,20
lsac,variance_group_mag2.0,lr,per_subgroup_baseline_relative[maj_pos],BalAcc,0.04315789473684212,0.2514261880665538,0.028172562387129764,0.2616534466367004,20
lsac,variance_group_mag2.0,xgb,global_mean,DI_star,-0.2477443609022556,0.18968831083117513,-0.25234256327558247,0.23525359940900623,20
lsac,variance_group_mag2.0,xgb,global_mean,AOD_star,-0.2604511278195489,0.20853060515207933,-0.2331526928738657,0.23381698535984133,20
lsac,variance_group_mag2.0,xgb,global_mean,BalAcc,-0.0876691729323308,0.23687962466870655,-0.06980331245682904,0.2452656565918891,20
lsac,variance_group_mag2.0,xgb,global_ewma,DI_star,-0.36150375939849616,0.19834831580853038,-0.3477261511311046,0.21612563331264792,20
lsac,variance_group_mag2.0,xgb,global_ewma,AOD_star,-0.357593984962406,0.2223976267691729,-0.33148482618256453,0.21031705248396526,20
lsac,variance_group_mag2.0,xgb,global_ewma,BalAcc,-0.08060150375939848,0.17134241338393055,-0.05225212766540287,0.19255983879606628,20
lsac,variance_group_mag2.0,xgb,global_std,DI_star,-0.2957142857142857,0.21347784662595912,-0.2895018152213361,0.22984924338918514,20
lsac,variance_group_mag2.0,xgb,global_std,AOD_star,-0.296390977443609,0.24340188910545224,-0.27519990988873805,0.2398724330584738,20
lsac,variance_group_mag2.0,xgb,global_std,BalAcc,-0.08917293233082707,0.20494927666066823,-0.05513154582688022,0.21303487261431872,20
lsac,variance_group_mag2.0,xgb,subgroup_violation_diff,DI_star,-0.18300751879699245,0.2084511581941413,-0.17358133030950093,0.20774407242413181,20
lsac,variance_group_mag2.0,xgb,subgroup_violation_diff,AOD_star,-0.15939849624060148,0.16151454018147515,-0.17812878414614836,0.16329208734026562,20
lsac,variance_group_mag2.0,xgb,subgroup_violation_diff,BalAcc,0.012330827067669175,0.28530821955536667,-0.010262251699704943,0.2839709077546168,20
lsac,variance_group_mag2.0,xgb,max_subgroup_deviation,DI_star,-0.11593984962406012,0.2519660496132865,-0.12207447105479893,0.26191614571937905,20
lsac,variance_group_mag2.0,xgb,max_subgroup_deviation,AOD_star,-0.11233082706766914,0.2406015507518751,-0.11579273439723377,0.24524682230574907,20
lsac,variance_group_mag2.0,xgb,max_subgroup_deviation,BalAcc,-0.038571428571428555,0.2414418009642676,-0.054735311040524114,0.2401614797897735,20
lsac,variance_group_mag2.0,xgb,assignment_proportion_drift,DI_star,-0.014304182499405193,0.22351964734333699,-0.02012471470151215,0.20765099996944153,20
lsac,variance_group_mag2.0,xgb,assignment_proportion_drift,AOD_star,-0.0014468699496403823,0.22550171603072566,-0.008037682449105082,0.21872130393262873,20
lsac,variance_group_mag2.0,xgb,assignment_proportion_drift,BalAcc,-0.041506983558313636,0.15027448369170618,-0.04112640983587829,0.1503907251403776,20
lsac,variance_group_mag2.0,xgb,ks_statistic,DI_star,-0.14097744360902253,0.2533363223375226,-0.13786329866848565,0.23238737938059603,20
lsac,variance_group_mag2.0,xgb,ks_statistic,AOD_star,-0.12172932330827066,0.23392884254614435,-0.12041228641620697,0.22095661277338147,20
lsac,variance_group_mag2.0,xgb,ks_statistic,BalAcc,-0.03616541353383458,0.2222343102283247,-0.03177394754469015,0.21130753013551942,20
lsac,variance_group_mag2.0,xgb,kl_divergence,DI_star,-0.4242105263157893,0.1786621218050383,-0.40220995312367247,0.17958748060733415,20
lsac,variance_group_mag2.0,xgb,kl_divergence,AOD_star,-0.39766917293233073,0.19126346174398476,-0.3797976073275593,0.1781632372450492,20
lsac,variance_group_mag2.0,xgb,kl_divergence,BalAcc,-0.06556390977443609,0.1535156440587499,0.011309901857148414,0.14453142693960044,20
lsac,variance_group_mag2.0,xgb,per_subgroup_ewma[min_neg],DI_star,-0.39624060150375934,0.2089844180059914,-0.3933599771520518,0.23190089655986362,20
lsac,variance_group_mag2.0,xgb,per_subgroup_ewma[min_neg],AOD_star,-0.38015037593984957,0.21833561151592934,-0.37729149599840306,0.2171929070174477,20
lsac,variance_group_mag2.0,xgb,per_subgroup_ewma[min_neg],BalAcc,-0.05766917293233083,0.16433639382792609,-0.03750376954211613,0.19420111424979467,20
lsac,variance_group_mag2.0,xgb,per_subgroup_baseline_relative[min_neg],DI_star,-0.3154135338345864,0.21149288051801732,-0.33318163058253747,0.24397791545838218,20
lsac,variance_group_mag2.0,xgb,per_subgroup_baseline_relative[min_neg],AOD_star,-0.3284962406015038,0.235904085904891,-0.3207163870084292,0.2425205400398919,20
lsac,variance_group_mag2.0,xgb,per_subgroup_baseline_relative[min_neg],BalAcc,-0.05563909774436089,0.26379000345411996,-0.035990038620509826,0.2469784363264354,20
lsac,variance_group_mag2.0,xgb,per_subgroup_ewma[min_pos],DI_star,-0.2214285714285714,0.2615352227415415,-0.19362266215378343,0.26056689236775304,20
lsac,variance_group_mag2.0,xgb,per_subgroup_ewma[min_pos],AOD_star,-0.2081954887218045,0.2635183246001673,-0.1809216614519674,0.2671024286491849,20
lsac,variance_group_mag2.0,xgb,per_subgroup_ewma[min_pos],BalAcc,-0.12172932330827069,0.2050333203301055,-0.09721184825739032,0.19276145295638192,20
lsac,variance_group_mag2.0,xgb,per_subgroup_baseline_relative[min_pos],DI_star,-0.01593984962406015,0.2597255865193827,-0.0010695472819135105,0.2423719382333628,20
lsac,variance_group_mag2.0,xgb,per_subgroup_baseline_relative[min_pos],AOD_star,-0.004962406015037599,0.2370284980837505,0.0017836347857271312,0.23088739449026754,20
lsac,variance_group_mag2.0,xgb,per_subgroup_baseline_relative[min_pos],BalAcc,-0.15075187969924814,0.22188166110785904,-0.14435242885259217,0.19777525756226405,20
lsac,variance_group_mag2.0,xgb,per_subgroup_ewma[maj_neg],DI_star,-0.16789473684210524,0.24221604666594548,-0.17634618945864683,0.22586395929458375,20
lsac,variance_group_mag2.0,xgb,per_subgroup_ewma[maj_neg],AOD_star,-0.1630827067669173,0.2515706666682095,-0.15575524405498148,0.21809555903522224,20
lsac,variance_group_mag2.0,xgb,per_subgroup_ewma[maj_neg],BalAcc,-0.0494736842105263,0.2269724941203875,-0.012898531301486105,0.24392495624301694,20
lsac,variance_group_mag2.0,xgb,per_subgroup_baseline_relative[maj_neg],DI_star,-0.023533834586466164,0.22386542227004413,-0.05101455700137545,0.20831314016627647,20
lsac,variance_group_mag2.0,xgb,per_subgroup_baseline_relative[maj_neg],AOD_star,-0.01954887218045113,0.15793554789441958,-0.019361390325249753,0.15378116496008393,20
lsac,variance_group_mag2.0,xgb,per_subgroup_baseline_relative[maj_neg],BalAcc,-0.08142857142857145,0.31530656775493754,-0.0668787232293977,0.316925511556346,20
lsac,variance_group_mag2.0,xgb,per_subgroup_ewma[maj_pos],DI_star,0.011428571428571423,0.3496272616879853,0.017751944454618085,0.3500808127255849,20
lsac,variance_group_mag2.0,xgb,per_subgroup_ewma[maj_pos],AOD_star,0.017669172932330824,0.3376232467181696,0.0039466378520420205,0.31102012118174827,20
lsac,variance_group_mag2.0,xgb,per_subgroup_ewma[maj_pos],BalAcc,-0.03293233082706766,0.17158145141926107,-0.05196135312981154,0.16827410964545725,20
lsac,variance_group_mag2.0,xgb,per_subgroup_baseline_relative[maj_pos],DI_star,0.09526315789473684,0.27066343952521316,0.06238830095643831,0.23215711425563698,20
lsac,variance_group_mag2.0,xgb,per_subgroup_baseline_relative[maj_pos],AOD_star,0.0700751879699248,0.21416638281343295,0.04651405223917415,0.19405866812674186,20
lsac,variance_group_mag2.0,xgb,per_subgroup_baseline_relative[maj_pos],BalAcc,-0.03721804511278195,0.21064007399139575,-0.03483877547117517,0.20600398030325712,20
lsac,variance_group_mag2.5,lr,global_mean,DI_star,-0.004405631703949612,0.26143245510525465,-0.00467924760551428,0.257143904840677,20
lsac,variance_group_mag2.5,lr,global_mean,AOD_star,0.04345864661654134,0.2194107609675952,0.037402997692289816,0.239766341459364,20
lsac,variance_group_mag2.5,lr,global_mean,BalAcc,0.06781954887218046,0.23327661107366096,0.07246148482547785,0.22309190914697136,20
lsac,variance_group_mag2.5,lr,global_ewma,DI_star,0.016833619684239205,0.2664539741276587,0.05855341209507157,0.26107284370056927,20
lsac,variance_group_mag2.5,lr,global_ewma,AOD_star,0.02458646616541354,0.18729096928028832,0.05139163514701811,0.22238883174452756,20
lsac,variance_group_mag2.5,lr,global_ewma,BalAcc,0.002932330827067674,0.19800889992680454,0.018482593110930423,0.21188313871065104,20
lsac,variance_group_mag2.5,lr,global_std,DI_star,-0.011550749496343483,0.2606795489610163,0.013323831135389158,0.2525898854235082,20
lsac,variance_group_mag2.5,lr,global_std,AOD_star,0.013082706766917297,0.2406100092481577,0.01884284081770341,0.24920220067169144,20
lsac,variance_group_mag2.5,lr,global_std,BalAcc,0.018496240601503754,0.23770726337379586,0.026811476557994263,0.2284686488772643,20
lsac,variance_group_mag2.5,lr,subgroup_violation_diff,DI_star,-0.08702019117992495,0.16835123751261094,-0.10269066339265823,0.1700877321478088,20
lsac,variance_group_mag2.5,lr,subgroup_violation_diff,AOD_star,-0.12090225563909773,0.2151481917596208,-0.12500109908924892,0.17070168638504474,20
lsac,variance_group_mag2.5,lr,subgroup_violation_diff,BalAcc,-0.0008270676691729221,0.29009482231831085,0.012058110044781042,0.29730118976648473,20
lsac,variance_group_mag2.5,lr,max_subgroup_deviation,DI_star,-0.000987047808296862,0.24550344768957155,0.024065272872012787,0.23753114693003224,20
lsac,variance_group_mag2.5,lr,max_subgroup_deviation,AOD_star,0.024060150375939848,0.24711027049097833,0.05595780875155768,0.25312296631610753,20
lsac,variance_group_mag2.5,lr,max_subgroup_deviation,BalAcc,-0.006917293233082699,0.19577214850063446,0.010871787369511124,0.2015867155639951,20
lsac,variance_group_mag2.5,lr,assignment_proportion_drift,DI_star,0.06659353699711168,0.20563462779037953,0.05023271667416405,0.16836825828014992,20
lsac,variance_group_mag2.5,lr,assignment_proportion_drift,AOD_star,0.03165453128779711,0.2174680827419322,0.02297169803221398,0.18745036857190256,20
lsac,variance_group_mag2.5,lr,assignment_proportion_drift,BalAcc,0.004367435421584883,0.1762088896382328,-0.01936881739144173,0.19025154664235136,20
lsac,variance_group_mag2.5,lr,ks_statistic,DI_star,-0.0533649941665079,0.21090633415976895,-0.0542792745279848,0.2045944481516874,20
lsac,variance_group_mag2.5,lr,ks_statistic,AOD_star,-0.03736842105263158,0.21286789890040128,-0.0215499063457917,0.20211059440201706,20
lsac,variance_group_mag2.5,lr,ks_statistic,BalAcc,0.06443609022556392,0.16926966323915635,0.0806560635810276,0.16581479620644105,20
lsac,variance_group_mag2.5,lr,kl_divergence,DI_star,-0.008887261132716937,0.27442670247601936,0.0066775972694495655,0.26147915234667607,20
lsac,variance_group_mag2.5,lr,kl_divergence,AOD_star,-0.006691729323308268,0.19254902176948543,0.006817029318771714,0.2350397014998763,20
lsac,variance_group_mag2.5,lr,kl_divergence,BalAcc,0.021879699248120294,0.1995344658266953,0.04100496604637243,0.18757622322290776,20
lsac,variance_group_mag2.5,lr,per_subgroup_ewma[min_neg],DI_star,-0.00757457123564233,0.2649477182469398,0.04460259639705585,0.2554287677367911,20
lsac,variance_group_mag2.5,lr,per_subgroup_ewma[min_neg],AOD_star,0.004060150375939844,0.18486952860977576,0.03597727581394381,0.22093866982139407,20
lsac,variance_group_mag2.5,lr,per_subgroup_ewma[min_neg],BalAcc,0.006691729323308276,0.1850348137506407,0.0241785471595878,0.20700082613233417,20
lsac,variance_group_mag2.5,lr,per_subgroup_baseline_relative[min_neg],DI_star,-0.045370022308443794,0.25097212271079705,-0.02933932949846869,0.24359444061894883,20
lsac,variance_group_mag2.5,lr,per_subgroup_baseline_relative[min_neg],AOD_star,-0.0015037593984962457,0.19328134911074812,0.0011016289094389607,0.22936960196228687,20
lsac,variance_group_mag2.5,lr,per_subgroup_baseline_relative[min_neg],BalAcc,0.06360902255639096,0.21461765610486305,0.08059602550303231,0.21507878125265753,20
lsac,variance_group_mag2.5,lr,per_subgroup_ewma[min_pos],DI_star,-0.0015126974910735142,0.26103802241967505,0.004752671847798907,0.2375364302927109,20
lsac,variance_group_mag2.5,lr,per_subgroup_ewma[min_pos],AOD_star,0.010902255639097741,0.21600281560466641,0.02508129939447417,0.22717537807998853,20
lsac,variance_group_mag2.5,lr,per_subgroup_ewma[min_pos],BalAcc,0.04,0.2638446034820317,0.04462601231169682,0.252382103901947,20
lsac,variance_group_mag2.5,lr,per_subgroup_baseline_relative[min_pos],DI_star,-0.01414523591933461,0.22955016456580807,-0.01578909681981606,0.23429939297220378,20
lsac,variance_group_mag2.5,lr,per_subgroup_baseline_relative[min_pos],AOD_star,0.01857142857142856,0.22406533525817057,0.022986575494766383,0.22643636977387485,20
lsac,variance_group_mag2.5,lr,per_subgroup_baseline_relative[min_pos],BalAcc,0.03962406015037595,0.25157417223535417,0.025344243644720404,0.26071802797318044,20
lsac,variance_group_mag2.5,lr,per_subgroup_ewma[maj_neg],DI_star,0.005261010960799442,0.2893697201673124,0.04957638577283485,0.3014729790584133,20
lsac,variance_group_mag2.5,lr,per_subgroup_ewma[maj_neg],AOD_star,-0.0006015037593984973,0.23973782955696663,0.03075630903723453,0.27913628566517573,20
lsac,variance_group_mag2.5,lr,per_subgroup_ewma[maj_neg],BalAcc,-0.005488721804511274,0.26340451387082486,-0.017774661980788427,0.2499105871465697,20
lsac,variance_group_mag2.5,lr,per_subgroup_baseline_relative[maj_neg],DI_star,-0.01993527639687208,0.2020606000811045,0.0015144666834833668,0.2307828268407674,20
lsac,variance_group_mag2.5,lr,per_subgroup_baseline_relative[maj_neg],AOD_star,0.010375939849624058,0.18393436411515884,0.02628455064958477,0.23918791864671077,20
lsac,variance_group_mag2.5,lr,per_subgroup_baseline_relative[maj_neg],BalAcc,0.040225563909774435,0.3123818562358835,0.02636190677449516,0.30840264473425727,20
lsac,variance_group_mag2.5,lr,per_subgroup_ewma[maj_pos],DI_star,0.08326393762641353,0.23045978146210006,0.09681449084237495,0.2009929928409804,20
lsac,variance_group_mag2.5,lr,per_subgroup_ewma[maj_pos],AOD_star,0.07285714285714284,0.20095620533110567,0.0759718922779048,0.20673344608783317,20
lsac,variance_group_mag2.5,lr,per_subgroup_ewma[maj_pos],BalAcc,0.0003007518796992438,0.180897068032295,0.010601947835689848,0.19281077982872658,20
lsac,variance_group_mag2.5,lr,per_subgroup_baseline_relative[maj_pos],DI_star,0.10341521987187985,0.1912922302065967,0.11805072369224479,0.18967001319163357,20
lsac,variance_group_mag2.5,lr,per_subgroup_baseline_relative[maj_pos],AOD_star,0.1427067669172932,0.23749683937663243,0.15440029760544532,0.21739072883281363,20
lsac,variance_group_mag2.5,lr,per_subgroup_baseline_relative[maj_pos],BalAcc,0.031954887218045104,0.2184812206026105,0.013275599776653841,0.2338251393147162,20
lsac,variance_group_mag2.5,xgb,global_mean,DI_star,-0.3748120300751879,0.20918037802351191,-0.38268269003026867,0.21576039247870893,20
lsac,variance_group_mag2.5,xgb,global_mean,AOD_star,-0.3793984962406015,0.21959732702498877,-0.3615206585752859,0.21083869566669283,20
lsac,variance_group_mag2.5,xgb,global_mean,BalAcc,-0.07240601503759397,0.1993433025597434,-0.05090958310853281,0.2077395407781834,20
lsac,variance_group_mag2.5,xgb,global_ewma,DI_star,-0.4322556390977443,0.21947030987007468,-0.42301195128338503,0.22181700232944757,20
lsac,variance_group_mag2.5,xgb,global_ewma,AOD_star,-0.42556390977443603,0.22475745559327343,-0.40896597144988134,0.21716246456603847,20
lsac,variance_group_mag2.5,xgb,global_ewma,BalAcc,-0.06150375939849624,0.17183693611528522,-0.043477260646827685,0.1825914300386536,20
lsac,variance_group_mag2.5,xgb,global_std,DI_star,-0.4190225563909774,0.2198120140011387,-0.4059048696795521,0.21552910178105314,20
lsac,variance_group_mag2.5,xgb,global_std,AOD_star,-0.41127819548872174,0.23980955188858233,-0.38974785774097254,0.22065483594179483,20
lsac,variance_group_mag2.5,xgb,global_std,BalAcc,-0.06015037593984961,0.19438962281073127,-0.03410652339388235,0.18343765350969435,20
lsac,variance_group_mag2.5,xgb,subgroup_violation_diff,DI_star,-0.2445112781954887,0.1724861193260702,-0.2313933580943129,0.16453833367032406,20
lsac,variance_group_mag2.5,xgb,subgroup_violation_diff,AOD_star,-0.23691729323308267,0.1348700963978624,-0.23397483366890087,0.1316783658893086,20
lsac,variance_group_mag2.5,xgb,subgroup_violation_diff,BalAcc,-0.031654135338345865,0.2517934876588039,-0.021795171695069025,0.2590429997327785,20
lsac,variance_group_mag2.5,xgb,max_subgroup_deviation,DI_star,-0.2600751879699248,0.2557922915599782,-0.2654261981547026,0.23609687418395478,20
lsac,variance_group_mag2.5,xgb,max_subgroup_deviation,AOD_star,-0.2581954887218045,0.26873114499210365,-0.25915016426567733,0.23582418087834703,20
lsac,variance_group_mag2.5,xgb,max_subgroup_deviation,BalAcc,-0.02751879699248121,0.24806565814353207,-0.0350709154475093,0.23892047519503384,20
lsac,variance_group_mag2.5,xgb,assignment_proportion_drift,DI_star,-0.019738524890431007,0.19830978978346492,-0.03301592777423047,0.1920089711269828,20
lsac,variance_group_mag2.5,xgb,assignment_proportion_drift,AOD_star,-0.018267565660326567,0.21506215617053218,-0.02775517455235721,0.19691361786640207,20
lsac,variance_group_mag2.5,xgb,assignment_proportion_drift,BalAcc,-0.02575415640859286,0.14650231803529565,-0.035198746077722,0.1552522118409953,20
lsac,variance_group_mag2.5,xgb,ks_statistic,DI_star,-0.2600751879699248,0.23572620516445,-0.236295328019978,0.22921705256306202,20
lsac,variance_group_mag2.5,xgb,ks_statistic,AOD_star,-0.232781954887218,0.21727923570183066,-0.2193514147613574,0.20633044197721342,20
lsac,variance_group_mag2.5,xgb,ks_statistic,BalAcc,-0.015263157894736831,0.22022723246543538,-0.018246246675503695,0.21295621870243434,20
lsac,variance_group_mag2.5,xgb,kl_divergence,DI_star,-0.48150375939849627,0.206356448349034,-0.4631302867768369,0.19396696641525854,20
lsac,variance_group_mag2.5,xgb,kl_divergence,AOD_star,-0.4614285714285714,0.20843931990383158,-0.43637854053158537,0.19041224059259076,20
lsac,variance_group_mag2.5,xgb,kl_divergence,BalAcc,-0.05,0.14744962853827198,0.01317047088047901,0.15621240389498298,20
lsac,variance_group_mag2.5,xgb,per_subgroup_ewma[min_neg],DI_star,-0.4617293233082706,0.2293937892430296,-0.44046098721285054,0.23080870113202956,20
lsac,variance_group_mag2.5,xgb,per_subgroup_ewma[min_neg],AOD_star,-0.448421052631579,0.23138875111161208,-0.4306411082857716,0.22404519101050213,20
lsac,variance_group_mag2.5,xgb,per_subgroup_ewma[min_neg],BalAcc,-0.048796992481203,0.17069720985609046,-0.033350003938985115,0.18723007035008973,20
lsac,variance_group_mag2.5,xgb,per_subgroup_baseline_relative[min_neg],DI_star,-0.4329323308270676,0.2388322638294825,-0.428442914020729,0.23427875589428143,20
lsac,variance_group_mag2.5,xgb,per_subgroup_baseline_relative[min_neg],AOD_star,-0.4269172932330827,0.24858052555801294,-0.4088407138338521,0.22267929465898315,20
lsac,variance_group_mag2.5,xgb,per_subgroup_baseline_relative[min_neg],BalAcc,-0.05037593984962404,0.24229875983127216,-0.026020363199872547,0.21691874376622922,20
lsac,variance_group_mag2.5,xgb,per_subgroup_ewma[min_pos],DI_star,-0.3242105263157894,0.27385906997688464,-0.301837737392414,0.27925265200433746,20
lsac,variance_group_mag2.5,xgb,per_subgroup_ewma[min_pos],AOD_star,-0.31451127819548863,0.2872252390548896,-0.2878494538854312,0.28624796930263713,20
lsac,variance_group_mag2.5,xgb,per_subgroup_ewma[min_pos],BalAcc,-0.09556390977443607,0.21589998741966268,-0.0746358461465153,0.2005223957422268,20
lsac,variance_group_mag2.5,xgb,per_subgroup_baseline_relative[min_pos],DI_star,-0.13345864661654133,0.25059593171168204,-0.13445743992056847,0.24999524176198148,20
lsac,variance_group_mag2.5,xgb,per_subgroup_baseline_relative[min_pos],AOD_star,-0.12774436090225566,0.23884105718325702,-0.12945275512815138,0.241657718112288,20
lsac,variance_group_mag2.5,xgb,per_subgroup_baseline_relative[min_pos],BalAcc,-0.13248120300751878,0.2056156053164278,-0.11404606540880084,0.19490811284271936,20
lsac,variance_group_mag2.5,xgb,per_subgroup_ewma[maj_neg],DI_star,-0.23263157894736838,0.23176249927186943,-0.23177972682383596,0.25381987059394123,20
lsac,variance_group_mag2.5,xgb,per_subgroup_ewma[maj_neg],AOD_star,-0.22593984962406016,0.25446740550993335,-0.2085709568472915,0.25416167749878005,20
lsac,variance_group_mag2.5,xgb,per_subgroup_ewma[maj_neg],BalAcc,-0.0330827067669173,0.24562196294299618,-0.006263599782681072,0.23294469862582678,20
lsac,variance_group_mag2.5,xgb,per_subgroup_baseline_relative[maj_neg],DI_star,-0.08353383458646615,0.17054678571229584,-0.10387184084788828,0.19344760434576833,20
lsac,variance_group_mag2.5,xgb,per_subgroup_baseline_relative[maj_neg],AOD_star,-0.06699248120300752,0.18359016301631484,-0.07386399008225858,0.19761827445459287,20
lsac,variance_group_mag2.5,xgb,per_subgroup_baseline_relative[maj_neg],BalAcc,-0.013233082706766913,0.29145968470677563,-0.02401361258360517,0.28220830325247825,20
lsac,variance_group_mag2.5,xgb,per_subgroup_ewma[maj_pos],DI_star,-0.06879699248120301,0.3860038998308258,-0.05441222300987199,0.3807401385566238,20
lsac,variance_group_mag2.5,xgb,per_subgroup_ewma[maj_pos],AOD_star,-0.07684210526315789,0.377492702675479,-0.06689249428872537,0.3391707255311772,20
lsac,variance_group_mag2.5,xgb,per_subgroup_ewma[maj_pos],BalAcc,-0.035563909774436075,0.16254399248829787,-0.042892757376373256,0.17440573133865586,20
lsac,variance_group_mag2.5,xgb,per_subgroup_baseline_relative[maj_pos],DI_star,0.04375939849624061,0.2512299553681966,0.02561313633786023,0.2103318957233635,20
lsac,variance_group_mag2.5,xgb,per_subgroup_baseline_relative[maj_pos],AOD_star,0.03120300751879699,0.22891983488154413,0.01638624277158773,0.18578992367164368,20
lsac,variance_group_mag2.5,xgb,per_subgroup_baseline_relative[maj_pos],BalAcc,-0.022330827067669166,0.1959319873320884,-0.03197893667896821,0.18676185794331804,20
lsac,variance_global_mag1.5,lr,global_mean,DI_star,0.04920126240339323,0.2727493924474338,0.05137723667370394,0.22457100179432715,20
lsac,variance_global_mag1.5,lr,global_mean,AOD_star,0.2528571428571428,0.23332040995899073,0.23250895500882315,0.18462991189875702,20
lsac,variance_global_mag1.5,lr,global_mean,BalAcc,0.03879699248120298,0.22632782922037847,0.022732923666997373,0.2413170632158932,20
lsac,variance_global_mag1.5,lr,global_ewma,DI_star,0.06401748532932099,0.272829078799956,0.09441463106313626,0.2586990271755822,20
lsac,variance_global_mag1.5,lr,global_ewma,AOD_star,0.2709774436090225,0.22110714892151348,0.29296108719050884,0.19828234090370891,20
lsac,variance_global_mag1.5,lr,global_ewma,BalAcc,0.011654135338345866,0.20697699512464166,-0.0035782582915173415,0.23974728957437863,20
lsac,variance_global_mag1.5,lr,global_std,DI_star,0.0356720739488279,0.2507522403052734,0.038387973548569154,0.24778593129737955,20
lsac,variance_global_mag1.5,lr,global_std,AOD_star,0.2145864661654135,0.24723793893942478,0.22833071264897434,0.24943067837924637,20
lsac,variance_global_mag1.5,lr,global_std,BalAcc,0.018872180451127818,0.2313671890925586,0.038141693275567524,0.23210752830678288,20
lsac,variance_global_mag1.5,lr,subgroup_violation_diff,DI_star,-0.0008233280995941942,0.22895848946509736,0.06659538699714962,0.19017831221896306,20
lsac,variance_global_mag1.5,lr,subgroup_violation_diff,AOD_star,-0.043157894736842096,0.23898190791217813,0.0666537532888242,0.2236848934094531,20
lsac,variance_global_mag1.5,lr,subgroup_violation_diff,BalAcc,-0.03804511278195487,0.225720296664488,-0.028056041667544374,0.25751455080401675,20
lsac,variance_global_mag1.5,lr,max_subgroup_deviation,DI_star,-0.02758389945657246,0.25713436347840124,0.03604313084264301,0.22970830607474338,20
lsac,variance_global_mag1.5,lr,max_subgroup_deviation,AOD_star,0.1436842105263158,0.23821441549700442,0.20254676967331564,0.20095662630400862,20
lsac,variance_global_mag1.5,lr,max_subgroup_deviation,BalAcc,0.02984962406015037,0.22174933683583642,0.025541610578757708,0.2590588358668126,20
lsac,variance_global_mag1.5,lr,assignment_proportion_drift,DI_star,-0.06482757867780685,0.22772748794984493,-0.0012917808949621536,0.22404294924122178,20
lsac,variance_global_mag1.5,lr,assignment_proportion_drift,AOD_star,-0.0339533709292603,0.1927385941707766,0.11700497393125761,0.18793690753500744,20
lsac,variance_global_mag1.5,lr,assignment_proportion_drift,BalAcc,-0.006412819478501125,0.25004000613498367,0.01922624454520737,0.2645081982967386,20
lsac,variance_global_mag1.5,lr,ks_statistic,DI_star,0.07078190957616826,0.24592356307465482,0.06314515276801563,0.24274808038880083,20
lsac,variance_global_mag1.5,lr,ks_statistic,AOD_star,0.2541353383458646,0.2103651370118923,0.2545150938934513,0.20554781619361615,20
lsac,variance_global_mag1.5,lr,ks_statistic,BalAcc,-0.01714285714285714,0.1516632120477189,0.004642778195872908,0.21044424755875013,20
lsac,variance_global_mag1.5,lr,kl_divergence,DI_star,0.055444923554989776,0.2513800976759523,0.09538960713423478,0.23274356481992198,20
lsac,variance_global_mag1.5,lr,kl_divergence,AOD_star,0.2565413533834586,0.22129310228543858,0.28022861089851675,0.20588067150267939,20
lsac,variance_global_mag1.5,lr,kl_divergence,BalAcc,0.007894736842105263,0.22169609941364105,0.0026163128641932083,0.1959716417566399,20
lsac,variance_global_mag1.5,lr,per_subgroup_ewma[min_neg],DI_star,0.06453983490863541,0.2663528440766167,0.08716166258355293,0.2593894912481208,20
lsac,variance_global_mag1.5,lr,per_subgroup_ewma[min_neg],AOD_star,0.27180451127819544,0.21230764905763602,0.28728632336624765,0.19434651714760165,20
lsac,variance_global_mag1.5,lr,per_subgroup_ewma[min_neg],BalAcc,0.010827067669172949,0.20115310079323012,-0.0023970540666355677,0.24333796832075863,20
lsac,variance_global_mag1.5,lr,per_subgroup_baseline_relative[min_neg],DI_star,0.036247060760304484,0.2517428558280291,0.03572648975343099,0.23364896579796993,20
lsac,variance_global_mag1.5,lr,per_subgroup_baseline_relative[min_neg],AOD_star,0.20842105263157892,0.1903069159457158,0.21437636457216208,0.1800481400561043,20
lsac,variance_global_mag1.5,lr,per_subgroup_baseline_relative[min_neg],BalAcc,0.029248120300751877,0.22126861475507298,0.02501961249897585,0.24538161912221587,20
lsac,variance_global_mag1.5,lr,per_subgroup_ewma[min_pos],DI_star,0.0636429053231801,0.2621281144536646,0.0912407088190956,0.25805236408094445,20
lsac,variance_global_mag1.5,lr,per_subgroup_ewma[min_pos],AOD_star,0.26248120300751876,0.22488945532229004,0.28115074899538267,0.2044399227359749,20
lsac,variance_global_mag1.5,lr,per_subgroup_ewma[min_pos],BalAcc,-0.010225563909774435,0.21653279013978705,-0.008548067418883771,0.24492597147574977,20
lsac,variance_global_mag1.5,lr,per_subgroup_baseline_relative[min_pos],DI_star,0.010211855185573479,0.25657018252727465,0.04288636125947523,0.22701577896018602,20
lsac,variance_global_mag1.5,lr,per_subgroup_baseline_relative[min_pos],AOD_star,0.1763117578562541,0.24918661236623665,0.20424796123291342,0.20412745229114262,20
lsac,variance_global_mag1.5,lr,per_subgroup_baseline_relative[min_pos],BalAcc,0.03070056215675581,0.21661419333416287,0.023773323259654634,0.25261351349898864,20
lsac,variance_global_mag1.5,lr,per_subgroup_ewma[maj_neg],DI_star,0.06928222970812155,0.2722823022697009,0.09413589044107191,0.2599618823980743,20
lsac,variance_global_mag1.5,lr,per_subgroup_ewma[maj_neg],AOD_star,0.27067669172932335,0.22025173310787594,0.2930218512255701,0.20519711114002692,20
lsac,variance_global_mag1.5,lr,per_subgroup_ewma[maj_neg],BalAcc,-0.004360902255639094,0.206183949195003,-0.0007854316039918596,0.237791539320232,20
lsac,variance_global_mag1.5,lr,per_subgroup_baseline_relative[maj_neg],DI_star,0.03178050901381417,0.2888356376122659,0.04879883999882957,0.2270714089447692,20
lsac,variance_global_mag1.5,lr,per_subgroup_baseline_relative[maj_neg],AOD_star,0.2558580848616881,0.2419528119030584,0.23265923148378556,0.1852944957293378,20
lsac,variance_global_mag1.5,lr,per_subgroup_baseline_relative[maj_neg],BalAcc,0.05722561132738677,0.1988001306879589,0.03707424483137321,0.24064591279351055,20
lsac,variance_global_mag1.5,lr,per_subgroup_ewma[maj_pos],DI_star,0.06853035000887342,0.27369431484128187,0.08084264875416476,0.264662199775359,20
lsac,variance_global_mag1.5,lr,per_subgroup_ewma[maj_pos],AOD_star,0.2756390977443608,0.22026667087350987,0.28002955524043577,0.20471857306158117,20
lsac,variance_global_mag1.5,lr,per_subgroup_ewma[maj_pos],BalAcc,0.010075187969924813,0.20760273991445735,-0.0008139385990388756,0.24327227230122506,20
lsac,variance_global_mag1.5,lr,per_subgroup_baseline_relative[maj_pos],DI_star,0.08747046593134912,0.25833484456101596,0.048233170705876606,0.23119965014268828,20
lsac,variance_global_mag1.5,lr,per_subgroup_baseline_relative[maj_pos],AOD_star,0.26932330827067663,0.23613040221338388,0.21550731057113456,0.20278901536470814,20
lsac,variance_global_mag1.5,lr,per_subgroup_baseline_relative[maj_pos],BalAcc,0.016766917293233076,0.23867474522838947,0.02335387206041805,0.259547104874974,20
lsac,variance_global_mag1.5,xgb,global_mean,DI_star,-0.2001503759398496,0.2446094282748053,-0.12635280437953622,0.2875739291960269,20
lsac,variance_global_mag1.5,xgb,global_mean,AOD_star,-0.4413533834586466,0.1849223625582355,-0.6404562114099441,0.11653222183915422,20
lsac,variance_global_mag1.5,xgb,global_mean,BalAcc,-0.44676691729323303,0.12451808851376095,-0.8708717740623049,0.07658663870237634,20
lsac,variance_global_mag1.5,xgb,global_ewma,DI_star,-0.19932330827067668,0.2443886508247275,-0.1954987239511113,0.2646165778732751,20
lsac,variance_global_mag1.5,xgb,global_ewma,AOD_star,-0.4336842105263157,0.18070933906961537,-0.5376894220605778,0.15564316040965212,20
lsac,variance_global_mag1.5,xgb,global_ewma,BalAcc,-0.45616541353383455,0.11812819737846496,-0.711662859810997,0.06748104843302719,20
lsac,variance_global_mag1.5,xgb,global_std,DI_star,-0.2251127819548872,0.2308435251657991,-0.23105041012012126,0.22565918893914955,20
lsac,variance_global_mag1.5,xgb,global_std,AOD_star,-0.30218045112781955,0.27794765428854895,-0.37536862296365053,0.3072423938729446,20
lsac,variance_global_mag1.5,xgb,global_std,BalAcc,-0.2760902255639098,0.2543258617591275,-0.4591118166047707,0.2887243139942715,20
lsac,variance_global_mag1.5,xgb,subgroup_violation_diff,DI_star,0.12308270676691728,0.24397414158610614,0.14180455509785633,0.22815854059536964,20
lsac,variance_global_mag1.5,xgb,subgroup_violation_diff,AOD_star,-0.06345864661654135,0.3848330374730535,-0.0513698106918576,0.6178250028695103,20
lsac,variance_global_mag1.5,xgb,subgroup_violation_diff,BalAcc,-0.07390977443609022,0.54078129232445,-0.16110560349350223,0.8751798086270233,20
lsac,variance_global_mag1.5,xgb,max_subgroup_deviation,DI_star,-0.09624060150375939,0.22725282497309224,-0.08456396897352367,0.26372416327912873,20
lsac,variance_global_mag1.5,xgb,max_subgroup_deviation,AOD_star,-0.40067669172932324,0.15817910304230243,-0.6105368964975211,0.10574797701958405,20
lsac,variance_global_mag1.5,xgb,max_subgroup_deviation,BalAcc,-0.46225563909774436,0.13745825097639716,-0.8587676860783239,0.10602071422032443,20
lsac,variance_global_mag1.5,xgb,assignment_proportion_drift,DI_star,0.06038627528661472,0.24832025328947274,-0.02538751071477311,0.2464242659071599,20
lsac,variance_global_mag1.5,xgb,assignment_proportion_drift,AOD_star,-0.4329672077274366,0.1655408827351055,-0.6401467343927953,0.1070947958217251,20
lsac,variance_global_mag1.5,xgb,assignment_proportion_drift,BalAcc,-0.5049516664690291,0.12874091431867932,-0.903711683642463,0.0409728262223305,20
lsac,variance_global_mag1.5,xgb,ks_statistic,DI_star,-0.17714285714285713,0.2515136381619667,-0.1570626854803489,0.27642839140236347,20
lsac,variance_global_mag1.5,xgb,ks_statistic,AOD_star,-0.41436090225563904,0.17966399440269223,-0.5710674421715431,0.1695060971179111,20
lsac,variance_global_mag1.5,xgb,ks_statistic,BalAcc,-0.45240601503759387,0.13249415331035558,-0.7959244009075152,0.05664642979208707,20
lsac,variance_global_mag1.5,xgb,kl_divergence,DI_star,-0.2018045112781955,0.23983647169727704,-0.20557099931441503,0.22810858823458482,20
lsac,variance_global_mag1.5,xgb,kl_divergence,AOD_star,-0.4354135338345865,0.1826584762445381,-0.31964704545807837,0.1996371883750101,20
lsac,variance_global_mag1.5,xgb,kl_divergence,BalAcc,-0.4519548872180451,0.12540440546645992,-0.42544694933652566,0.07946730614417784,20
lsac,variance_global_mag1.5,xgb,per_subgroup_ewma[min_neg],DI_star,-0.2017293233082707,0.24694608231974038,-0.19374927629629018,0.267423422903886,20
lsac,variance_global_mag1.5,xgb,per_subgroup_ewma[min_neg],AOD_star,-0.4363157894736841,0.18012016955893062,-0.5513304971432642,0.1519036463235759,20
lsac,variance_global_mag1.5,xgb,per_subgroup_ewma[min_neg],BalAcc,-0.4520300751879699,0.1162906836055576,-0.7295740428261803,0.06041729054615914,20
lsac,variance_global_mag1.5,xgb,per_subgroup_baseline_relative[min_neg],DI_star,-0.11962406015037594,0.3265788326866233,-0.12092006492577353,0.3068255190629977,20
lsac,variance_global_mag1.5,xgb,per_subgroup_baseline_relative[min_neg],AOD_star,-0.4111278195488722,0.21344719199536202,-0.6418669032954916,0.12947858472517518,20
lsac,variance_global_mag1.5,xgb,per_subgroup_baseline_relative[min_neg],BalAcc,-0.42548872180451125,0.11589924978847801,-0.8698270778658396,0.07398754057242077,20
lsac,variance_global_mag1.5,xgb,per_subgroup_ewma[min_pos],DI_star,-0.19571428571428567,0.2406368747496674,-0.19728570159738681,0.26236123343409734,20
lsac,variance_global_mag1.5,xgb,per_subgroup_ewma[min_pos],AOD_star,-0.4303007518796992,0.16791833875098752,-0.5465177932600409,0.1524272132460221,20
lsac,variance_global_mag1.5,xgb,per_subgroup_ewma[min_pos],BalAcc,-0.45360902255639096,0.1227681873039414,-0.713506069300682,0.09102388371764424,20
lsac,variance_global_mag1.5,xgb,per_subgroup_baseline_relative[min_pos],DI_star,-0.10771422997489619,0.22096675772604493,-0.08797509740540811,0.2550505104258752,20
lsac,variance_global_mag1.5,xgb,per_subgroup_baseline_relative[min_pos],AOD_star,-0.38257163737615724,0.17096616348277052,-0.595192017400187,0.11995140180770296,20
lsac,variance_global_mag1.5,xgb,per_subgroup_baseline_relative[min_pos],BalAcc,-0.4349793194230817,0.19094911920883748,-0.8268854881900669,0.17370482517140173,20
lsac,variance_global_mag1.5,xgb,per_subgroup_ewma[maj_neg],DI_star,-0.2006766917293233,0.23437356591228392,-0.197974633892056,0.25667266890669643,20
lsac,variance_global_mag1.5,xgb,per_subgroup_ewma[maj_neg],AOD_star,-0.4265413533834586,0.16847224987150025,-0.5374296692347673,0.15493748579657254,20
lsac,variance_global_mag1.5,xgb,per_subgroup_ewma[maj_neg],BalAcc,-0.4486466165413533,0.11254338175255645,-0.7082639389042423,0.07770959398984585,20
lsac,variance_global_mag1.5,xgb,per_subgroup_baseline_relative[maj_neg],DI_star,-0.13374117016994297,0.19833747774327648,-0.08910954033002506,0.2428264542649942,20
lsac,variance_global_mag1.5,xgb,per_subgroup_baseline_relative[maj_neg],AOD_star,-0.38259353717292843,0.13651044377339527,-0.5980512343121841,0.12254004583592217,20
lsac,variance_global_mag1.5,xgb,per_subgroup_baseline_relative[maj_neg],BalAcc,-0.43249872319875926,0.1357078944611728,-0.8482728877350324,0.10680686724013065,20
lsac,variance_global_mag1.5,xgb,per_subgroup_ewma[maj_pos],DI_star,-0.1960902255639098,0.24290737160687387,-0.195081477257038,0.26249919908071667,20
lsac,variance_global_mag1.5,xgb,per_subgroup_ewma[maj_pos],AOD_star,-0.4333834586466164,0.18048658799458434,-0.5583969789231943,0.16009775122576833,20
lsac,variance_global_mag1.5,xgb,per_subgroup_ewma[maj_pos],BalAcc,-0.45503759398496235,0.1165732675196555,-0.7388471156009887,0.04878541421740993,20
lsac,variance_global_mag1.5,xgb,per_subgroup_baseline_relative[maj_pos],DI_star,-0.1694736842105263,0.23455180966288516,-0.09196177379715013,0.25589742780387315,20
lsac,variance_global_mag1.5,xgb,per_subgroup_baseline_relative[maj_pos],AOD_star,-0.4390225563909775,0.1942124183770511,-0.651828912218597,0.11573173437940112,20
lsac,variance_global_mag1.5,xgb,per_subgroup_baseline_relative[maj_pos],BalAcc,-0.47413533834586463,0.13051392824347735,-0.9104336973021756,0.036369597281299224,20
lsac,variance_global_mag2.0,lr,global_mean,DI_star,0.08864356803385995,0.26715398585355493,0.09945772088550034,0.22380828824153082,20
lsac,variance_global_mag2.0,lr,global_mean,AOD_star,0.4118045112781955,0.2080282919525597,0.3941273081931843,0.16118222741207328,20
lsac,variance_global_mag2.0,lr,global_mean,BalAcc,0.04781954887218045,0.22643221345311232,0.025070579294366492,0.24169825819149138,20
lsac,variance_global_mag2.0,lr,global_ewma,DI_star,0.09308070738351801,0.2637351951663526,0.12839568986247415,0.25418265347599434,20
lsac,variance_global_mag2.0,lr,global_ewma,AOD_star,0.415187969924812,0.20017059827906641,0.43992810562387213,0.17387865145225734,20
lsac,variance_global_mag2.0,lr,global_ewma,BalAcc,0.036691729323308275,0.220172869552214,0.00567246634043056,0.24280830732241504,20
lsac,variance_global_mag2.0,lr,global_std,DI_star,0.08406276807483529,0.26502983815432707,0.09071856351992638,0.24697244578918784,20
lsac,variance_global_mag2.0,lr,global_std,AOD_star,0.38428571428571423,0.2299456488244727,0.3949587729787137,0.19850504789528153,20
lsac,variance_global_mag2.0,lr,global_std,BalAcc,0.023007518796992484,0.25102879502771336,0.012158725108679741,0.24607773151856074,20
lsac,variance_global_mag2.0,lr,subgroup_violation_diff,DI_star,0.01142236997284481,0.17123569912425726,0.0393460679329441,0.14872704159941438,20
lsac,variance_global_mag2.0,lr,subgroup_violation_diff,AOD_star,-0.11015037593984964,0.2781405656005141,-0.027827229083005244,0.24590777072063022,20
lsac,variance_global_mag2.0,lr,subgroup_violation_diff,BalAcc,-0.010451127819548876,0.20806209527682615,-0.0090774645859172,0.24060770252680622,20
lsac,variance_global_mag2.0,lr,max_subgroup_deviation,DI_star,0.031007044841248547,0.2547360656735011,0.05027692173591812,0.22096977469996662,20
lsac,variance_global_mag2.0,lr,max_subgroup_deviation,AOD_star,0.2970676691729323,0.22444457862312264,0.3111124163481542,0.18724064981001384,20
lsac,variance_global_mag2.0,lr,max_subgroup_deviation,BalAcc,0.020451127819548873,0.24759863136638788,0.013078454078971785,0.26465524730718337,20
lsac,variance_global_mag2.0,lr,assignment_proportion_drift,DI_star,-0.043027367735792375,0.19701350240789994,-0.003175080040562135,0.1857464513977497,20
lsac,variance_global_mag2.0,lr,assignment_proportion_drift,AOD_star,-0.01822303113547198,0.17355036376235283,0.11644572033961909,0.16301446473736614,20
lsac,variance_global_mag2.0,lr,assignment_proportion_drift,BalAcc,-0.02112894317101855,0.23083577117921114,0.010188731985017057,0.25848327005896393,20
lsac,variance_global_mag2.0,lr,ks_statistic,DI_star,0.09097326400925829,0.2469784637267823,0.09475071583760933,0.2465118400104483,20
lsac,variance_global_mag2.0,lr,ks_statistic,AOD_star,0.39503759398496235,0.19431347132897775,0.39617734294990486,0.18115813410853945,20
lsac,variance_global_mag2.0,lr,ks_statistic,BalAcc,0.015939849624060143,0.20853049671270113,-0.006845069946271104,0.23500604672884132,20
lsac,variance_global_mag2.0,lr,kl_divergence,DI_star,0.10052491244088309,0.27050238730583787,0.13533070643910577,0.2608305154108841,20
lsac,variance_global_mag2.0,lr,kl_divergence,AOD_star,0.4109774436090225,0.21825196307233635,0.4296455813301458,0.1835574718472286,20
lsac,variance_global_mag2.0,lr,kl_divergence,BalAcc,0.03383458646616542,0.21970202712420042,0.01022344167616203,0.21360401430022508,20
lsac,variance_global_mag2.0,lr,per_subgroup_ewma[min_neg],DI_star,0.09131142412148995,0.2613543011100516,0.1250359707962233,0.25414429959377066,20
lsac,variance_global_mag2.0,lr,per_subgroup_ewma[min_neg],AOD_star,0.41488721804511275,0.20127801292539488,0.43831602798722297,0.17063404415957142,20
lsac,variance_global_mag2.0,lr,per_subgroup_ewma[min_neg],BalAcc,0.03631578947368421,0.2170124756965563,0.009580368835552532,0.24589693984760372,20
lsac,variance_global_mag2.0,lr,per_subgroup_baseline_relative[min_neg],DI_star,0.06392918336596343,0.24840128229452998,0.09482613004242939,0.22192507890602964,20
lsac,variance_global_mag2.0,lr,per_subgroup_baseline_relative[min_neg],AOD_star,0.3711278195488722,0.20086567133470493,0.3801172403813716,0.16120194935098783,20
lsac,variance_global_mag2.0,lr,per_subgroup_baseline_relative[min_neg],BalAcc,0.06203007518796992,0.19432614107207222,0.03328290789606334,0.23707324055880788,20
lsac,variance_global_mag2.0,lr,per_subgroup_ewma[min_pos],DI_star,0.09488592744118558,0.2533731070073952,0.10803844363423706,0.24609994823514558,20
lsac,variance_global_mag2.0,lr,per_subgroup_ewma[min_pos],AOD_star,0.4130827067669173,0.2002610654083889,0.4154940871726291,0.17721284182811609,20
lsac,variance_global_mag2.0,lr,per_subgroup_ewma[min_pos],BalAcc,0.02142857142857143,0.22434148709560753,-0.0030548569194917704,0.2565687291503134,20
lsac,variance_global_mag2.0,lr,per_subgroup_baseline_relative[min_pos],DI_star,0.05611137728158409,0.2630162427924514,0.05507650822347367,0.22636490268149312,20
lsac,variance_global_mag2.0,lr,per_subgroup_baseline_relative[min_pos],AOD_star,0.3058744547350698,0.24116597522483124,0.30496910910742675,0.19693819521191286,20
lsac,variance_global_mag2.0,lr,per_subgroup_baseline_relative[min_pos],BalAcc,0.005413962941069485,0.24502098861454044,0.005260052555747516,0.26687998116445877,20
lsac,variance_global_mag2.0,lr,per_subgroup_ewma[maj_neg],DI_star,0.10146616260470134,0.26316509241198316,0.12223623229867123,0.25420801604381427,20
lsac,variance_global_mag2.0,lr,per_subgroup_ewma[maj_neg],AOD_star,0.4215037593984962,0.19870409486431326,0.4329260442448534,0.18259425305356805,20
lsac,variance_global_mag2.0,lr,per_subgroup_ewma[maj_neg],BalAcc,0.022932330827067672,0.2217001793618712,0.00338209406947645,0.24468778863399585,20
lsac,variance_global_mag2.0,lr,per_subgroup_baseline_relative[maj_neg],DI_star,0.09888354077381578,0.2606977081224429,0.08923280553134508,0.22439180862665575,20
lsac,variance_global_mag2.0,lr,per_subgroup_baseline_relative[maj_neg],AOD_star,0.41971579315094265,0.21141044545209497,0.3720030675264311,0.16647452172637384,20
lsac,variance_global_mag2.0,lr,per_subgroup_baseline_relative[maj_neg],BalAcc,0.054667282273966965,0.2522073408093662,0.037986673294392675,0.25021957809941814,20
lsac,variance_global_mag2.0,lr,per_subgroup_ewma[maj_pos],DI_star,0.10090206899659146,0.26197575000706486,0.11483949018904357,0.2582954576834193,20
lsac,variance_global_mag2.0,lr,per_subgroup_ewma[maj_pos],AOD_star,0.422781954887218,0.19928827797900786,0.43059884970870943,0.18158175751967415,20
lsac,variance_global_mag2.0,lr,per_subgroup_ewma[maj_pos],BalAcc,0.035187969924812025,0.21896688750472323,0.005262917438954159,0.2434804931647732,20
lsac,variance_global_mag2.0,lr,per_subgroup_baseline_relative[maj_pos],DI_star,0.09800171144126274,0.25110956597236767,0.08440861557756243,0.23721216065806522,20
lsac,variance_global_mag2.0,lr,per_subgroup_baseline_relative[maj_pos],AOD_star,0.4144360902255639,0.2067701435155002,0.3774340075454027,0.18367696796767122,20
lsac,variance_global_mag2.0,lr,per_subgroup_baseline_relative[maj_pos],BalAcc,0.03954887218045112,0.23135527720054472,0.023483023993988508,0.2494193764963682,20
lsac,variance_global_mag2.0,xgb,global_mean,DI_star,-0.3436090225563909,0.23653112415683294,-0.2743469609207336,0.2635079262148215,20
lsac,variance_global_mag2.0,xgb,global_mean,AOD_star,-0.42112781954887213,0.19201922649980127,-0.5874740546208462,0.1271426936537738,20
lsac,variance_global_mag2.0,xgb,global_mean,BalAcc,-0.48127819548872164,0.1435349767773788,-0.8305965974388811,0.08871507518629301,20
lsac,variance_global_mag2.0,xgb,global_ewma,DI_star,-0.3366165413533834,0.23782337598750028,-0.32940557864035747,0.2562223824018397,20
lsac,variance_global_mag2.0,xgb,global_ewma,AOD_star,-0.41150375939849626,0.18565447577279146,-0.47710787070734684,0.17050923937238685,20
lsac,variance_global_mag2.0,xgb,global_ewma,BalAcc,-0.48541353383458635,0.14527016281620583,-0.6819763870217934,0.07907599624806405,20
lsac,variance_global_mag2.0,xgb,global_std,DI_star,-0.3419548872180451,0.21942750791194582,-0.35393450614963595,0.2379860901079382,20
lsac,variance_global_mag2.0,xgb,global_std,AOD_star,-0.33917293233082707,0.2069958950855856,-0.4084571824487913,0.2466968832940651,20
lsac,variance_global_mag2.0,xgb,global_std,BalAcc,-0.4021804511278195,0.18454410490444642,-0.566841078573497,0.1820808251286815,20
lsac,variance_global_mag2.0,xgb,subgroup_violation_diff,DI_star,0.1781203007518797,0.24727743601773036,0.18280996974318453,0.24217241163708925,20
lsac,variance_global_mag2.0,xgb,subgroup_violation_diff,AOD_star,-0.1181203007518797,0.4000049394799321,-0.031473982171197,0.5916907974730915,20
lsac,variance_global_mag2.0,xgb,subgroup_violation_diff,BalAcc,-0.0869172932330827,0.5320811189529742,-0.08166802518735577,0.8003032373237426,20
lsac,variance_global_mag2.0,xgb,max_subgroup_deviation,DI_star,-0.2732330827067669,0.24367867750119618,-0.23530559815346871,0.25596274525296503,20
lsac,variance_global_mag2.0,xgb,max_subgroup_deviation,AOD_star,-0.44406015037593977,0.1884895674385839,-0.6318763769588358,0.12189429550367392,20
lsac,variance_global_mag2.0,xgb,max_subgroup_deviation,BalAcc,-0.5187969924812029,0.13499120056413788,-0.8777307715292885,0.06753838223489865,20
lsac,variance_global_mag2.0,xgb,assignment_proportion_drift,DI_star,0.03877634499731365,0.1915589003279266,-0.06276752357332842,0.2043609722124633,20
lsac,variance_global_mag2.0,xgb,assignment_proportion_drift,AOD_star,-0.4593772072080041,0.1626794399557677,-0.6083210137373207,0.1185585245674093,20
lsac,variance_global_mag2.0,xgb,assignment_proportion_drift,BalAcc,-0.4954665656859739,0.12945928569042536,-0.8272439815717257,0.06829432886607802,20
lsac,variance_global_mag2.0,xgb,ks_statistic,DI_star,-0.337593984962406,0.23996791577050974,-0.3191603853779815,0.25510473272866246,20
lsac,variance_global_mag2.0,xgb,ks_statistic,AOD_star,-0.4154887218045113,0.1808136083653396,-0.5488340409513228,0.1676187656781518,20
lsac,variance_global_mag2.0,xgb,ks_statistic,BalAcc,-0.48684210526315785,0.14025801394371984,-0.7772087372784263,0.055408156574292225,20
lsac,variance_global_mag2.0,xgb,kl_divergence,DI_star,-0.32917293233082706,0.21790189748348618,-0.3231037013959289,0.22855170936559147,20
lsac,variance_global_mag2.0,xgb,kl_divergence,AOD_star,-0.41654135338345855,0.16893182484353206,-0.3423975376468833,0.18161196361105708,20
lsac,variance_global_mag2.0,xgb,kl_divergence,BalAcc,-0.48654135338345866,0.13462508371909962,-0.5098613121996937,0.07873744558833089,20
lsac,variance_global_mag2.0,xgb,per_subgroup_ewma[min_neg],DI_star,-0.3380451127819548,0.24198689489546246,-0.3264672654055345,0.25691262843947943,20
lsac,variance_global_mag2.0,xgb,per_subgroup_ewma[min_neg],AOD_star,-0.41120300751879696,0.18588283423338958,-0.4938691626545097,0.16718853755032387,20
lsac,variance_global_mag2.0,xgb,per_subgroup_ewma[min_neg],BalAcc,-0.4845864661654134,0.1454282868786395,-0.7021196945787541,0.08411900767852766,20
lsac,variance_global_mag2.0,xgb,per_subgroup_baseline_relative[min_neg],DI_star,-0.33571428571428574,0.27241790622347717,-0.2606842068940682,0.27634490057555317,20
lsac,variance_global_mag2.0,xgb,per_subgroup_baseline_relative[min_neg],AOD_star,-0.4480451127819549,0.194606729256055,-0.5957147968900789,0.12652216502307842,20
lsac,variance_global_mag2.0,xgb,per_subgroup_baseline_relative[min_neg],BalAcc,-0.460375939849624,0.13389394223193407,-0.834807644102602,0.09939451061060406,20
lsac,variance_global_mag2.0,xgb,per_subgroup_ewma[min_pos],DI_star,-0.342781954887218,0.23933240246434206,-0.3378139923397682,0.26059867208096543,20
lsac,variance_global_mag2.0,xgb,per_subgroup_ewma[min_pos],AOD_star,-0.4150375939849624,0.1840438097813116,-0.5244031358356088,0.17235937064258175,20
lsac,variance_global_mag2.0,xgb,per_subgroup_ewma[min_pos],BalAcc,-0.4838345864661653,0.14283963090133345,-0.7214773978921594,0.08327203222718046,20
lsac,variance_global_mag2.0,xgb,per_subgroup_baseline_relative[min_pos],DI_star,-0.25920379192582643,0.21906755210017864,-0.23294527796456393,0.24341546458969857,20
lsac,variance_global_mag2.0,xgb,per_subgroup_baseline_relative[min_pos],AOD_star,-0.41447302200406294,0.1906792498101179,-0.6186931243821239,0.12006755237864371,20
lsac,variance_global_mag2.0,xgb,per_subgroup_baseline_relative[min_pos],BalAcc,-0.5007024372534123,0.15562881680837723,-0.8553950135423237,0.12517521677316648,20
lsac,variance_global_mag2.0,xgb,per_subgroup_ewma[maj_neg],DI_star,-0.33248120300751877,0.23162039468953383,-0.33646909301197575,0.25219281740929783,20
lsac,variance_global_mag2.0,xgb,per_subgroup_ewma[maj_neg],AOD_star,-0.4027067669172932,0.17692520169319342,-0.4995867409490673,0.1650270868392595,20
lsac,variance_global_mag2.0,xgb,per_subgroup_ewma[maj_neg],BalAcc,-0.48120300751879697,0.14317100464392285,-0.6991780469216234,0.076561490866381,20
lsac,variance_global_mag2.0,xgb,per_subgroup_baseline_relative[maj_neg],DI_star,-0.2839314668095985,0.20649533230110656,-0.2369096376664473,0.21553108362462697,20
lsac,variance_global_mag2.0,xgb,per_subgroup_baseline_relative[maj_neg],AOD_star,-0.39062738188424867,0.1516637590033438,-0.5874941874806268,0.12588590770403757,20
lsac,variance_global_mag2.0,xgb,per_subgroup_baseline_relative[maj_neg],BalAcc,-0.4254035856059531,0.16432645778686794,-0.8391833340321293,0.08382830961248694,20
lsac,variance_global_mag2.0,xgb,per_subgroup_ewma[maj_pos],DI_star,-0.3330075187969924,0.23702390683214275,-0.33682894337476965,0.2582481036824979,20
lsac,variance_global_mag2.0,xgb,per_subgroup_ewma[maj_pos],AOD_star,-0.4097744360902255,0.18580375915356842,-0.4956544951897521,0.17801817488983646,20
lsac,variance_global_mag2.0,xgb,per_subgroup_ewma[maj_pos],BalAcc,-0.4848120300751879,0.14351758692114133,-0.7013713971909901,0.064292380077203,20
lsac,variance_global_mag2.0,xgb,per_subgroup_baseline_relative[maj_pos],DI_star,-0.31842105263157894,0.22933729773673994,-0.26722197831852756,0.24751366853579151,20
lsac,variance_global_mag2.0,xgb,per_subgroup_baseline_relative[maj_pos],AOD_star,-0.40390977443609016,0.18234184913588625,-0.6028522742243884,0.13603013259628388,20
lsac,variance_global_mag2.0,xgb,per_subgroup_baseline_relative[maj_pos],BalAcc,-0.4979699248120301,0.14451063271979964,-0.8603012474858499,0.04729712337354828,20
lsac,variance_global_mag2.5,lr,global_mean,DI_star,0.10529579413833308,0.2618367330278605,0.13192605126061024,0.22895013734682695,20
lsac,variance_global_mag2.5,lr,global_mean,AOD_star,0.49834586466165404,0.19423915268781852,0.48834917454094706,0.1563982997673828,20
lsac,variance_global_mag2.5,lr,global_mean,BalAcc,0.03105263157894736,0.22728330894941268,0.024714606322031013,0.23257586308512584,20
lsac,variance_global_mag2.5,lr,global_ewma,DI_star,0.11176456591854297,0.2606029146574328,0.15521569106161356,0.254266332293646,20
lsac,variance_global_mag2.5,lr,global_ewma,AOD_star,0.5013533834586467,0.19188606301465447,0.5156037778305957,0.1682055460514967,20
lsac,variance_global_mag2.5,lr,global_ewma,BalAcc,0.023007518796992484,0.2248761947308779,0.006561538210733353,0.22394290216568816,20
lsac,variance_global_mag2.5,lr,global_std,DI_star,0.10928562931682947,0.2602460931550042,0.1238529499517649,0.24874482741701215,20
lsac,variance_global_mag2.5,lr,global_std,AOD_star,0.4793233082706766,0.208758894128284,0.48148267302734354,0.18407640712987036,20
lsac,variance_global_mag2.5,lr,global_std,BalAcc,0.007969924812030087,0.24975406524962035,0.003425338189261087,0.23024998267352553,20
lsac,variance_global_mag2.5,lr,subgroup_violation_diff,DI_star,-0.009632219211275002,0.20761604140349355,0.009654246905852166,0.17700357089148375,20
lsac,variance_global_mag2.5,lr,subgroup_violation_diff,AOD_star,-0.1330827067669173,0.25856770084788094,-0.10524420511904606,0.24699303564027045,20
lsac,variance_global_mag2.5,lr,subgroup_violation_diff,BalAcc,0.033533834586466166,0.18767622167213807,0.01426030134303376,0.19733241263100304,20
lsac,variance_global_mag2.5,lr,max_subgroup_deviation,DI_star,0.05551739183794824,0.2569503612550896,0.0742177065897903,0.22980807303514733,20
lsac,variance_global_mag2.5,lr,max_subgroup_deviation,AOD_star,0.41601503759398495,0.22554600179539014,0.4102181772321923,0.1879157182150637,20
lsac,variance_global_mag2.5,lr,max_subgroup_deviation,BalAcc,0.0313533834586466,0.26459426474585795,0.015571992654157535,0.2616477006447593,20
lsac,variance_global_mag2.5,lr,assignment_proportion_drift,DI_star,-0.030139532408212544,0.18810880603492422,-0.007136735650127321,0.1645421450822817,20
lsac,variance_global_mag2.5,lr,assignment_proportion_drift,AOD_star,0.043420904487796466,0.15048808906855785,0.10391602091027616,0.14616346964306617,20
lsac,variance_global_mag2.5,lr,assignment_proportion_drift,BalAcc,0.0008970984904625112,0.22631515324037513,0.014487226932483183,0.24877182521395547,20
lsac,variance_global_mag2.5,lr,ks_statistic,DI_star,0.10769988273099254,0.2518551990065761,0.11624054943009594,0.2503663706284438,20
lsac,variance_global_mag2.5,lr,ks_statistic,AOD_star,0.4804511278195488,0.193385154168832,0.47649137128661784,0.1806060710503535,20
lsac,variance_global_mag2.5,lr,ks_statistic,BalAcc,0.0021804511278195465,0.2221111554341834,-0.003049318549577449,0.2253191829562537,20
lsac,variance_global_mag2.5,lr,kl_divergence,DI_star,0.10536871570245258,0.2657073107285221,0.1431947329531753,0.26375176821509494,20
lsac,variance_global_mag2.5,lr,kl_divergence,AOD_star,0.48691729323308264,0.2033951187017996,0.479142481855139,0.1807789908856345,20
lsac,variance_global_mag2.5,lr,kl_divergence,BalAcc,0.017443609022556393,0.2150945820695705,0.018504328801277996,0.1776636905218318,20
lsac,variance_global_mag2.5,lr,per_subgroup_ewma[min_neg],DI_star,0.11063414000299468,0.2574200015083871,0.15478493824878192,0.25345449885887433,20
lsac,variance_global_mag2.5,lr,per_subgroup_ewma[min_neg],AOD_star,0.5005263157894737,0.19358020078923263,0.5157591869206787,0.16386341291428785,20
lsac,variance_global_mag2.5,lr,per_subgroup_ewma[min_neg],BalAcc,0.022406015037593992,0.22210526315789472,0.010643055120376213,0.2296215056804951,20
lsac,variance_global_mag2.5,lr,per_subgroup_baseline_relative[min_neg],DI_star,0.08889790415701788,0.2584504407433481,0.12950499782779862,0.2238820411798629,20
lsac,variance_global_mag2.5,lr,per_subgroup_baseline_relative[min_neg],AOD_star,0.47413533834586463,0.19301330352684465,0.47157662711117804,0.15233199137920014,20
lsac,variance_global_mag2.5,lr,per_subgroup_baseline_relative[min_neg],BalAcc,0.04233082706766917,0.21383822157797666,0.03285556389716671,0.22912333685003758,20
lsac,variance_global_mag2.5,lr,per_subgroup_ewma[min_pos],DI_star,0.11116408204175685,0.24885682543122123,0.1268610051880517,0.24697517070850294,20
lsac,variance_global_mag2.5,lr,per_subgroup_ewma[min_pos],AOD_star,0.49947368421052635,0.18660392376749432,0.49847880513791043,0.1739146503678849,20
lsac,variance_global_mag2.5,lr,per_subgroup_ewma[min_pos],BalAcc,0.011804511278195495,0.22209170905644554,0.005400856401609311,0.23904491548232834,20
lsac,variance_global_mag2.5,lr,per_subgroup_baseline_relative[min_pos],DI_star,0.0731841850441835,0.26147911985630823,0.08075159631036728,0.22698889821309734,20
lsac,variance_global_mag2.5,lr,per_subgroup_baseline_relative[min_pos],AOD_star,0.42943441877261535,0.23015066297626163,0.4138770251047251,0.18577021471925095,20
lsac,variance_global_mag2.5,lr,per_subgroup_baseline_relative[min_pos],BalAcc,0.020011785310187512,0.2634023905708045,0.0100686396719714,0.26119796138234014,20
lsac,variance_global_mag2.5,lr,per_subgroup_ewma[maj_neg],DI_star,0.11597667871839619,0.26242925638464376,0.14143859280544122,0.2553697641058047,20
lsac,variance_global_mag2.5,lr,per_subgroup_ewma[maj_neg],AOD_star,0.5068421052631578,0.19010128485071795,0.5098907983688151,0.17714047501942284,20
lsac,variance_global_mag2.5,lr,per_subgroup_ewma[maj_neg],BalAcc,0.01714285714285714,0.22806304761783114,0.00863834881835438,0.23255628095606723,20
lsac,variance_global_mag2.5,lr,per_subgroup_baseline_relative[maj_neg],DI_star,0.10921375419054544,0.2625476552636727,0.11324824704484308,0.23619550395352937,20
lsac,variance_global_mag2.5,lr,per_subgroup_baseline_relative[maj_neg],AOD_star,0.5055763821821507,0.20201875476449294,0.47272931904505977,0.17018925997517434,20
lsac,variance_global_mag2.5,lr,per_subgroup_baseline_relative[maj_neg],BalAcc,0.051019661717933595,0.27090739521670537,0.04507943283677633,0.2603832696899208,20
lsac,variance_global_mag2.5,lr,per_subgroup_ewma[maj_pos],DI_star,0.11936013736501269,0.2589182499842044,0.1412858841426274,0.25607787998840564,20
lsac,variance_global_mag2.5,lr,per_subgroup_ewma[maj_pos],AOD_star,0.5080451127819549,0.1898047441927748,0.5065490050098841,0.1746989725681482,20
lsac,variance_global_mag2.5,lr,per_subgroup_ewma[maj_pos],BalAcc,0.021954887218045123,0.22434679146902112,0.00285653682730327,0.21986130749059507,20
lsac,variance_global_mag2.5,lr,per_subgroup_baseline_relative[maj_pos],DI_star,0.11025978663743434,0.2509658178199885,0.11554448815049045,0.24044537971624433,20
lsac,variance_global_mag2.5,lr,per_subgroup_baseline_relative[maj_pos],AOD_star,0.49691729323308265,0.1823276334888134,0.4732875953006352,0.17079095352019677,20
lsac,variance_global_mag2.5,lr,per_subgroup_baseline_relative[maj_pos],BalAcc,0.023609022556390972,0.22637453337970878,0.017011020543160813,0.22609406289956555,20
lsac,variance_global_mag2.5,xgb,global_mean,DI_star,-0.3844166392101003,0.23889111298250948,-0.3312839946709595,0.2643845653445396,20
lsac,variance_global_mag2.5,xgb,global_mean,AOD_star,-0.3498496240601503,0.1784952112771279,-0.49474234864654204,0.15821313070967075,20
lsac,variance_global_mag2.5,xgb,global_mean,BalAcc,-0.4942105263157893,0.15465803542065437,-0.8022828475964557,0.08960195642827216,20
lsac,variance_global_mag2.5,xgb,global_ewma,DI_star,-0.37964210413251187,0.2451198292240728,-0.3532460148577441,0.2667299306444271,20
lsac,variance_global_mag2.5,xgb,global_ewma,AOD_star,-0.3453383458646616,0.18113609034884282,-0.3716159073986788,0.1883532437568917,20
lsac,variance_global_mag2.5,xgb,global_ewma,BalAcc,-0.5020300751879699,0.15793932417360096,-0.6664272418358905,0.08056283723289298,20
lsac,variance_global_mag2.5,xgb,global_std,DI_star,-0.3793408714570504,0.23996500887240862,-0.3689778812564056,0.26173544410101746,20
lsac,variance_global_mag2.5,xgb,global_std,AOD_star,-0.30330827067669175,0.19993842683821916,-0.3505360689289487,0.2364217344712899,20
lsac,variance_global_mag2.5,xgb,global_std,BalAcc,-0.45045112781954877,0.17830267072572045,-0.6196847076924829,0.14253453228645507,20
lsac,variance_global_mag2.5,xgb,subgroup_violation_diff,DI_star,0.15469988446763314,0.263840120792096,0.1845438971704042,0.3000740455057448,20
lsac,variance_global_mag2.5,xgb,subgroup_violation_diff,AOD_star,-0.10225563909774434,0.4121008665381342,-0.010607118932560205,0.5641213617708272,20
lsac,variance_global_mag2.5,xgb,subgroup_violation_diff,BalAcc,-0.024661654135338346,0.5150149602622349,0.030342579440276275,0.7166719183242352,20
lsac,variance_global_mag2.5,xgb,max_subgroup_deviation,DI_star,-0.3315585064793293,0.23662509231259388,-0.29694501856801603,0.254790767139945,20
lsac,variance_global_mag2.5,xgb,max_subgroup_deviation,AOD_star,-0.36240601503759395,0.19110232137671723,-0.5647359213035223,0.14562963532063822,20
lsac,variance_global_mag2.5,xgb,max_subgroup_deviation,BalAcc,-0.4975187969924811,0.1595787567768644,-0.8600845746990478,0.0514560387692608,20
lsac,variance_global_mag2.5,xgb,assignment_proportion_drift,DI_star,-0.05005303555502609,0.18488052874152153,-0.10097845041800166,0.22093006531590598,20
lsac,variance_global_mag2.5,xgb,assignment_proportion_drift,AOD_star,-0.5312166348583438,0.14348116079748063,-0.6052294177504142,0.12827244610334743,20
lsac,variance_global_mag2.5,xgb,assignment_proportion_drift,BalAcc,-0.4864174019651375,0.14469221677368457,-0.7448329383681968,0.1035904360778296,20
lsac,variance_global_mag2.5,xgb,ks_statistic,DI_star,-0.3777638189895747,0.25200240456055906,-0.35758617098275597,0.2771071822038624,20
lsac,variance_global_mag2.5,xgb,ks_statistic,AOD_star,-0.3485714285714286,0.17675257311084863,-0.47086623957766205,0.19526512559559872,20
lsac,variance_global_mag2.5,xgb,ks_statistic,BalAcc,-0.4997744360902255,0.15799944612552844,-0.7728750322726348,0.05721499091711543,20
lsac,variance_global_mag2.5,xgb,kl_divergence,DI_star,-0.3654316626630334,0.25120261414917666,-0.3187678045174262,0.2572710064607126,20
lsac,variance_global_mag2.5,xgb,kl_divergence,AOD_star,-0.34330827067669173,0.17712160154334808,-0.2471694600961126,0.2018904128913961,20
lsac,variance_global_mag2.5,xgb,kl_divergence,BalAcc,-0.5040601503759398,0.15394677628022393,-0.5268144845900198,0.08072387807037833,20
lsac,variance_global_mag2.5,xgb,per_subgroup_ewma[min_neg],DI_star,-0.3800554824155282,0.24834424210274225,-0.3507997571127679,0.26515626669603737,20
lsac,variance_global_mag2.5,xgb,per_subgroup_ewma[min_neg],AOD_star,-0.34466165413533834,0.18089894308806598,-0.3918415846437039,0.1896841803305894,20
lsac,variance_global_mag2.5,xgb,per_subgroup_ewma[min_neg],BalAcc,-0.501203007518797,0.1578360793300021,-0.686496764821383,0.0937753689336086,20
lsac,variance_global_mag2.5,xgb,per_subgroup_baseline_relative[min_neg],DI_star,-0.364605047507519,0.2651062351077657,-0.3097930229580731,0.27020349954118383,20
lsac,variance_global_mag2.5,xgb,per_subgroup_baseline_relative[min_neg],AOD_star,-0.34969924812030073,0.18448037623217878,-0.5098955977789146,0.16939094717505654,20
lsac,variance_global_mag2.5,xgb,per_subgroup_baseline_relative[min_neg],BalAcc,-0.48729323308270667,0.15919370800020677,-0.8120772375137539,0.11735807160319828,20
lsac,variance_global_mag2.5,xgb,per_subgroup_ewma[min_pos],DI_star,-0.38377857376252295,0.24966479249061882,-0.3667257922025795,0.26756469265936983,20
lsac,variance_global_mag2.5,xgb,per_subgroup_ewma[min_pos],AOD_star,-0.3465413533834587,0.18151096970061484,-0.4301529869582468,0.19251510950952067,20
lsac,variance_global_mag2.5,xgb,per_subgroup_ewma[min_pos],BalAcc,-0.5006015037593984,0.16116337465891228,-0.7186617468558086,0.07627560399622739,20
lsac,variance_global_mag2.5,xgb,per_subgroup_baseline_relative[min_pos],DI_star,-0.3238940493022065,0.2235227856042901,-0.2985729167975723,0.24531104709479634,20
lsac,variance_global_mag2.5,xgb,per_subgroup_baseline_relative[min_pos],AOD_star,-0.3450601447227251,0.19034314474683656,-0.5536653666700391,0.1452711980004933,20
lsac,variance_global_mag2.5,xgb,per_subgroup_baseline_relative[min_pos],BalAcc,-0.4865544985371293,0.1732264275555298,-0.8469114433995231,0.0800764457526282,20
lsac,variance_global_mag2.5,xgb,per_subgroup_ewma[maj_neg],DI_star,-0.3788156303875158,0.24488352739572117,-0.36732389757770734,0.269326682549911,20
lsac,variance_global_mag2.5,xgb,per_subgroup_ewma[maj_neg],AOD_star,-0.34045112781954884,0.17614819615561086,-0.4094962210261176,0.1890459043587911,20
lsac,variance_global_mag2.5,xgb,per_subgroup_ewma[maj_neg],BalAcc,-0.4955639097744361,0.15607868979639403,-0.6978542690208993,0.07253762323462923,20
lsac,variance_global_mag2.5,xgb,per_subgroup_baseline_relative[maj_neg],DI_star,-0.33664072255201394,0.2264339330230166,-0.3158623674172468,0.24889705466631734,20
lsac,variance_global_mag2.5,xgb,per_subgroup_baseline_relative[maj_neg],AOD_star,-0.33331570886995465,0.1797350266834442,-0.532685936277215,0.1526480767170706,20
lsac,variance_global_mag2.5,xgb,per_subgroup_baseline_relative[maj_neg],BalAcc,-0.46602380504611995,0.15822944696805047,-0.8359374281808043,0.0570935061789325,20
lsac,variance_global_mag2.5,xgb,per_subgroup_ewma[maj_pos],DI_star,-0.37539348889494595,0.24560715951071158,-0.3623962066154827,0.27469743478177483,20
lsac,variance_global_mag2.5,xgb,per_subgroup_ewma[maj_pos],AOD_star,-0.34368421052631576,0.18103818979196692,-0.3840977587748034,0.1988237267417229,20
lsac,variance_global_mag2.5,xgb,per_subgroup_ewma[maj_pos],BalAcc,-0.5014285714285714,0.1560562315395974,-0.6779367445930262,0.07312322728726882,20
lsac,variance_global_mag2.5,xgb,per_subgroup_baseline_relative[maj_pos],DI_star,-0.3669338382637246,0.24651633826382802,-0.33727942216462725,0.26456514925655944,20
lsac,variance_global_mag2.5,xgb,per_subgroup_baseline_relative[maj_pos],AOD_star,-0.34842105263157885,0.18090925554741927,-0.5087222013552124,0.17270894374259912,20
lsac,variance_global_mag2.5,xgb,per_subgroup_baseline_relative[maj_pos],BalAcc,-0.5072180451127818,0.14374012832120306,-0.8189582983694249,0.05482226288411129,20
meps,no_drift,lr,global_mean,DI_star,0.09789473684210527,0.28843614471243545,0.12130443225825885,0.26753105368639746,20
meps,no_drift,lr,global_mean,AOD_star,0.011578947368421064,0.3216688984158072,0.01618403410994504,0.30152368431922555,20
meps,no_drift,lr,global_mean,BalAcc,0.1639112451054806,0.28783375641027564,0.14617915406732054,0.26136042526735714,20
meps,no_drift,lr,global_ewma,DI_star,0.1032330827067669,0.2277529245740735,0.11972258746490108,0.23911809646095325,20
meps,no_drift,lr,global_ewma,AOD_star,0.05661654135338347,0.2512688249401307,0.06077354848035491,0.26638224174823816,20
meps,no_drift,lr,global_ewma,BalAcc,0.10590716258408299,0.24810482923756935,0.09165348503854912,0.22239012198586114,20
meps,no_drift,lr,global_std,DI_star,0.14616541353383458,0.28007517787757963,0.14532287660612747,0.2761885834867392,20
meps,no_drift,lr,global_std,AOD_star,0.06624060150375939,0.24929703871330208,0.040698696694727865,0.2655176823040151,20
meps,no_drift,lr,global_std,BalAcc,0.15233603097474285,0.21318734345925827,0.11145304900428481,0.20261854721172265,20
meps,no_drift,lr,subgroup_violation_diff,DI_star,0.008270676691729323,0.2617921596029092,0.014757932817660574,0.25923641823705185,20
meps,no_drift,lr,subgroup_violation_diff,AOD_star,0.013984962406015034,0.27445981975893374,0.012109074231998713,0.2971994167518763,20
meps,no_drift,lr,subgroup_violation_diff,BalAcc,0.031656511035053424,0.28222045326069,0.023837641226938922,0.2687885745332391,20
meps,no_drift,lr,max_subgroup_deviation,DI_star,0.03323308270676691,0.24096208882144596,0.054741635184238524,0.24808797579027136,20
meps,no_drift,lr,max_subgroup_deviation,AOD_star,-0.020751879699248126,0.23891069431860906,-0.0028696999441164468,0.276422704539665,20
meps,no_drift,lr,max_subgroup_deviation,BalAcc,0.055225097255064005,0.21014704477509605,0.06838935591019868,0.19963959701210285,20
meps,no_drift,lr,assignment_proportion_drift,DI_star,0.06695844077414236,0.20260045061585905,0.056634162502002094,0.23464295430765872,20
meps,no_drift,lr,assignment_proportion_drift,AOD_star,0.0017590663265795725,0.22405793036590693,0.012024767594691923,0.2608961082632929,20
meps,no_drift,lr,assignment_proportion_drift,BalAcc,0.017187334863083874,0.222535756785387,0.0581998173389198,0.22037812841750665,20
meps,no_drift,lr,ks_statistic,DI_star,-0.012481203007518794,0.20723315854397686,0.006439976258885022,0.1989560162015359,20
meps,no_drift,lr,ks_statistic,AOD_star,-0.060075187969924816,0.20296489388208716,-0.025124180488694713,0.22120387458933946,20
meps,no_drift,lr,ks_statistic,BalAcc,-0.010488764227666768,0.1824234908901525,-0.018320540881637353,0.19630218496765886,20
meps,no_drift,lr,kl_divergence,DI_star,0.010000000000000004,0.1880500731383777,-0.0050779354127209655,0.21301885937712828,20
meps,no_drift,lr,kl_divergence,AOD_star,-0.07345864661654135,0.22257431090221025,-0.046891066706781004,0.24544424787853011,20
meps,no_drift,lr,kl_divergence,BalAcc,-0.000518396800448484,0.2391290483395612,-0.008670900755850757,0.2451504149343364,20
meps,no_drift,lr,per_subgroup_ewma[min_neg],DI_star,nan,nan,nan,nan,0
meps,no_drift,lr,per_subgroup_ewma[min_neg],AOD_star,nan,nan,nan,nan,0
meps,no_drift,lr,per_subgroup_ewma[min_neg],BalAcc,nan,nan,nan,nan,0
meps,no_drift,lr,per_subgroup_baseline_relative[min_neg],DI_star,nan,nan,nan,nan,0
meps,no_drift,lr,per_subgroup_baseline_relative[min_neg],AOD_star,nan,nan,nan,nan,0
meps,no_drift,lr,per_subgroup_baseline_relative[min_neg],BalAcc,nan,nan,nan,nan,0
meps,no_drift,lr,per_subgroup_ewma[min_pos],DI_star,0.09375939849624058,0.18699734855548517,0.09041675830243356,0.19145444817337015,20
meps,no_drift,lr,per_subgroup_ewma[min_pos],AOD_star,0.035338345864661655,0.18901872816599405,0.04499805908621895,0.194609955594818,20
meps,no_drift,lr,per_subgroup_ewma[min_pos],BalAcc,0.11357308307449276,0.24641610421998586,0.13430084512431315,0.25198474114423275,20
meps,no_drift,lr,per_subgroup_baseline_relative[min_pos],DI_star,0.04909774436090225,0.27075031371367403,0.06991518533483157,0.2512139575929684,20
meps,no_drift,lr,per_subgroup_baseline_relative[min_pos],AOD_star,0.017067669172932343,0.23335287519555636,0.0024475122078842755,0.2436391012744802,20
meps,no_drift,lr,per_subgroup_baseline_relative[min_pos],BalAcc,0.16439712455857391,0.28190415828614956,0.1455177712275904,0.29725852036185424,20
meps,no_drift,lr,per_subgroup_ewma[maj_neg],DI_star,-0.00825705094664865,0.1520280802465938,0.026293111854532127,0.21418782199921163,20
meps,no_drift,lr,per_subgroup_ewma[maj_neg],AOD_star,-0.013857322161267671,0.2109459035601,-0.004139181836471675,0.24984919807247657,20
meps,no_drift,lr,per_subgroup_ewma[maj_neg],BalAcc,-0.018181412856335392,0.21360464518218794,0.010747480069035656,0.21223301955375995,20
meps,no_drift,lr,per_subgroup_baseline_relative[maj_neg],DI_star,-0.01482960575821192,0.22013931475773904,-0.005919319361384826,0.23713121283646543,20
meps,no_drift,lr,per_subgroup_baseline_relative[maj_neg],AOD_star,-0.03155451716776929,0.2617916373291713,-0.009499091794029982,0.2884875018524709,20
meps,no_drift,lr,per_subgroup_baseline_relative[maj_neg],BalAcc,-0.03401540815573662,0.25239890707392226,-0.02855720198824659,0.22856087654400314,20
meps,no_drift,lr,per_subgroup_ewma[maj_pos],DI_star,0.0021052631578947294,0.17728768477419163,0.03343327469212233,0.20297366537891734,20
meps,no_drift,lr,per_subgroup_ewma[maj_pos],AOD_star,0.059097744360902246,0.2521361504481742,0.07014218913368561,0.24298261077211522,20
meps,no_drift,lr,per_subgroup_ewma[maj_pos],BalAcc,0.052630193124289,0.24975263540574563,0.07475592617435764,0.23208245301652966,20
meps,no_drift,lr,per_subgroup_baseline_relative[maj_pos],DI_star,0.035187969924812025,0.24110773810891337,0.060216969850853216,0.2543533603334269,20
meps,no_drift,lr,per_subgroup_baseline_relative[maj_pos],AOD_star,-0.015413533834586468,0.23824260707734699,0.0010036121705411807,0.2535426719223271,20
meps,no_drift,lr,per_subgroup_baseline_relative[maj_pos],BalAcc,0.05157835344424414,0.213575969717181,0.05932502846763331,0.20702565155355065,20
meps,no_drift,xgb,global_mean,DI_star,0.09473684210526315,0.2697008306893206,0.12747788203678453,0.22340109765624336,20
meps,no_drift,xgb,global_mean,AOD_star,0.009624060150375934,0.3064477183495296,0.002170211574569908,0.3086489199914065,20
meps,no_drift,xgb,global_mean,BalAcc,0.15778095087253804,0.26932135362204923,0.14543761947036216,0.24040985420654234,20
meps,no_drift,xgb,global_ewma,DI_star,0.08285714285714287,0.23015129705818674,0.12222741846775317,0.23499613268796474,20
meps,no_drift,xgb,global_ewma,AOD_star,0.07007518796992478,0.2553905912878911,0.08898014625225162,0.27924870660606654,20
meps,no_drift,xgb,global_ewma,BalAcc,0.07560655211490205,0.26042598305362114,0.06912278802731696,0.2533395781305876,20
meps,no_drift,xgb,global_std,DI_star,0.12248120300751879,0.19292856553150434,0.12243657436432001,0.18731613034975136,20
meps,no_drift,xgb,global_std,AOD_star,0.022781954887218035,0.25422309069118576,0.0070874169269287916,0.27409577973268595,20
meps,no_drift,xgb,global_std,BalAcc,0.19060014621842275,0.21329650600182412,0.17836100589680629,0.2015087423990939,20
meps,no_drift,xgb,subgroup_violation_diff,DI_star,0.029248120300751867,0.23167290106605043,0.022611434033088147,0.24092390180339926,20
meps,no_drift,xgb,subgroup_violation_diff,AOD_star,0.046390977443609024,0.25778150257476645,0.04113432114217473,0.2570046115211124,20
meps,no_drift,xgb,subgroup_violation_diff,BalAcc,0.09154758958731599,0.28475351383234593,0.09230852381367191,0.2722130614218436,20
meps,no_drift,xgb,max_subgroup_deviation,DI_star,0.01270676691729323,0.21496316867584897,0.024402600170605943,0.21913106640968336,20
meps,no_drift,xgb,max_subgroup_deviation,AOD_star,-0.06045112781954887,0.24348302691785914,-0.05205947030865895,0.2773883913941913,20
meps,no_drift,xgb,max_subgroup_deviation,BalAcc,0.026124015605929723,0.23334058191364895,0.05224283486982354,0.23081466906367543,20
meps,no_drift,xgb,assignment_proportion_drift,DI_star,0.04890546559930873,0.21643678817569542,0.0419979762413958,0.20217102294975436,20
meps,no_drift,xgb,assignment_proportion_drift,AOD_star,0.006637320637605916,0.22177393302306928,-0.011278762247200059,0.2204484319562094,20
meps,no_drift,xgb,assignment_proportion_drift,BalAcc,0.010965754668278366,0.19816220081339211,0.02861708858071526,0.1915085247691852,20
meps,no_drift,xgb,ks_statistic,DI_star,-0.005037593984962404,0.14992509483310557,-0.015443595271395012,0.1582699807233409,20
meps,no_drift,xgb,ks_statistic,AOD_star,-0.05022556390977444,0.21179339427026753,-0.05289547133843665,0.2110564119024024,20
meps,no_drift,xgb,ks_statistic,BalAcc,-0.0028954297536449626,0.1984770307606569,0.004086489382625772,0.19895940253623126,20
meps,no_drift,xgb,kl_divergence,DI_star,-0.01654135338345865,0.20429444498045657,-0.045018907782451115,0.18548859826423794,20
meps,no_drift,xgb,kl_divergence,AOD_star,-0.11466165413533835,0.2553837180832767,-0.1070377653190675,0.260427045574077,20
meps,no_drift,xgb,kl_divergence,BalAcc,-0.011240643926914897,0.23799450650640896,-0.009914349334755674,0.20054062736796455,20
meps,no_drift,xgb,per_subgroup_ewma[min_neg],DI_star,nan,nan,nan,nan,0
meps,no_drift,xgb,per_subgroup_ewma[min_neg],AOD_star,nan,nan,nan,nan,0
meps,no_drift,xgb,per_subgroup_ewma[min_neg],BalAcc,nan,nan,nan,nan,0
meps,no_drift,xgb,per_subgroup_baseline_relative[min_neg],DI_star,nan,nan,nan,nan,0
meps,no_drift,xgb,per_subgroup_baseline_relative[min_neg],AOD_star,nan,nan,nan,nan,0
meps,no_drift,xgb,per_subgroup_baseline_relative[min_neg],BalAcc,nan,nan,nan,nan,0
meps,no_drift,xgb,per_subgroup_ewma[min_pos],DI_star,0.04984962406015039,0.23225576080048024,0.040098714036935525,0.2120156026068296,20
meps,no_drift,xgb,per_subgroup_ewma[min_pos],AOD_star,0.04962406015037594,0.2561454516410637,0.054647780221051136,0.24065266351716005,20
meps,no_drift,xgb,per_subgroup_ewma[min_pos],BalAcc,0.13974186217866305,0.26491261072055766,0.12792774226558004,0.2587212531782704,20
meps,no_drift,xgb,per_subgroup_baseline_relative[min_pos],DI_star,0.028796992481203005,0.21279246234584023,0.050218573769782546,0.2091400240184725,20
meps,no_drift,xgb,per_subgroup_baseline_relative[min_pos],AOD_star,0.021804511278195483,0.2245438086107356,0.00034485651358228607,0.23861971747051322,20
meps,no_drift,xgb,per_subgroup_baseline_relative[min_pos],BalAcc,0.23710618232626374,0.2627954705460581,0.20723218514656355,0.2650074474294477,20
meps,no_drift,xgb,per_subgroup_ewma[maj_neg],DI_star,-0.037099560740417814,0.17503438333868,-0.02976943767021336,0.18592710118820593,20
meps,no_drift,xgb,per_subgroup_ewma[maj_neg],AOD_star,-0.07105531014989044,0.19676868219423527,-0.06077105476434935,0.1986843369085933,20
meps,no_drift,xgb,per_subgroup_ewma[maj_neg],BalAcc,-0.08959564357726077,0.2347750325631293,-0.05432484676404117,0.24760545552623817,20
meps,no_drift,xgb,per_subgroup_baseline_relative[maj_neg],DI_star,-0.0034231140145715433,0.2506507694484309,-0.05236044800286652,0.23195005081547748,20
meps,no_drift,xgb,per_subgroup_baseline_relative[maj_neg],AOD_star,-0.0308717067565862,0.23624131647226942,-0.049809251276559954,0.2603118211211599,20
meps,no_drift,xgb,per_subgroup_baseline_relative[maj_neg],BalAcc,-0.07043526564994458,0.2546443146199248,-0.07656512820456629,0.2659556050457921,20
meps,no_drift,xgb,per_subgroup_ewma[maj_pos],DI_star,0.008721804511278191,0.2280854548849142,0.04113745470278994,0.24244098391965316,20
meps,no_drift,xgb,per_subgroup_ewma[maj_pos],AOD_star,0.056165413533834564,0.25235272606989967,0.0718543740324749,0.255605110604973,20
meps,no_drift,xgb,per_subgroup_ewma[maj_pos],BalAcc,0.003948711820976561,0.21670603631975438,0.03970283035736106,0.2261102710154351,20
meps,no_drift,xgb,per_subgroup_baseline_relative[maj_pos],DI_star,0.02045112781954888,0.21736133386625242,0.05056359261981806,0.22866852716888414,20
meps,no_drift,xgb,per_subgroup_baseline_relative[maj_pos],AOD_star,-0.032781954887218044,0.24302845513920626,-0.023535101269232507,0.27367690285382557,20
meps,no_drift,xgb,per_subgroup_baseline_relative[maj_pos],BalAcc,0.03048548350364206,0.23349862203470104,0.05199151225309338,0.2298375539061131,20
meps,gradual_group_mag0.5,lr,global_mean,DI_star,0.08729323308270676,0.21828893549358755,0.07564851639479495,0.1987037841856004,20
meps,gradual_group_mag0.5,lr,global_mean,AOD_star,0.054661654135338335,0.24308598589845265,0.051614558638346034,0.2201150341226188,20
meps,gradual_group_mag0.5,lr,global_mean,BalAcc,0.06285536108461218,0.23119931962219062,0.05906839805837222,0.22636992085342403,20
meps,gradual_group_mag0.5,lr,global_ewma,DI_star,0.07067669172932331,0.1696970994030818,0.07805216819646202,0.1875131931856942,20
meps,gradual_group_mag0.5,lr,global_ewma,AOD_star,0.07842105263157892,0.21274144783011043,0.08191942392039234,0.2101205490674357,20
meps,gradual_group_mag0.5,lr,global_ewma,BalAcc,0.03759367385926575,0.20625700567914587,0.04240883610819917,0.22013838373103267,20
meps,gradual_group_mag0.5,lr,global_std,DI_star,0.10924812030075189,0.17330217072102194,0.09686602573739814,0.17751737788715333,20
meps,gradual_group_mag0.5,lr,global_std,AOD_star,0.02984962406015037,0.2178533120645117,0.010879986427843876,0.2028112352824658,20
meps,gradual_group_mag0.5,lr,global_std,BalAcc,-0.0021804228457159,0.20646538556092525,-4.6586841253828945e-05,0.21385065362084552,20
meps,gradual_group_mag0.5,lr,subgroup_violation_diff,DI_star,0.08609022556390976,0.18856919510375228,0.09090633882586882,0.20171236474741921,20
meps,gradual_group_mag0.5,lr,subgroup_violation_diff,AOD_star,0.0469172932330827,0.18468687834384176,0.06028805529431255,0.20683960880761068,20
meps,gradual_group_mag0.5,lr,subgroup_violation_diff,BalAcc,0.04537906502207864,0.25059312680998225,0.07696576544063452,0.21681879478303906,20
meps,gradual_group_mag0.5,lr,max_subgroup_deviation,DI_star,0.06195488721804511,0.19401386973516285,0.033675536402013734,0.20833929474863405,20
meps,gradual_group_mag0.5,lr,max_subgroup_deviation,AOD_star,0.030225563909774433,0.1728250075601636,-0.017937073107670433,0.21404250063491523,20
meps,gradual_group_mag0.5,lr,max_subgroup_deviation,BalAcc,0.06447327412002324,0.2158016719714151,0.06693306497053962,0.1980928033604628,20
meps,gradual_group_mag0.5,lr,assignment_proportion_drift,DI_star,-0.05023341856671089,0.2135490022589364,0.07358518045462062,0.21761019742571538,20
meps,gradual_group_mag0.5,lr,assignment_proportion_drift,AOD_star,-0.04199709513909415,0.26003914966184016,0.04217719105252367,0.22503535299191557,20
meps,gradual_group_mag0.5,lr,assignment_proportion_drift,BalAcc,0.02482325269003649,0.24480062831815644,0.04107390781124144,0.22798770872236646,20
meps,gradual_group_mag0.5,lr,ks_statistic,DI_star,0.03285714285714285,0.19432230096163963,0.08876585509424398,0.22230190529715133,20
meps,gradual_group_mag0.5,lr,ks_statistic,AOD_star,0.05413533834586465,0.21348723413991036,0.06173696248210051,0.23045629729608377,20
meps,gradual_group_mag0.5,lr,ks_statistic,BalAcc,0.014245079974608285,0.20837113809925978,0.04486621951270584,0.22174635785641325,20
meps,gradual_group_mag0.5,lr,kl_divergence,DI_star,0.01601503759398496,0.17150722044943117,0.05556255845876764,0.1979288213568783,20
meps,gradual_group_mag0.5,lr,kl_divergence,AOD_star,0.004210526315789479,0.1762625406550428,0.03198358859511905,0.2017158272481139,20
meps,gradual_group_mag0.5,lr,kl_divergence,BalAcc,-0.0002624932653008061,0.23600713449173813,0.018174270894375868,0.24310472856862858,20
meps,gradual_group_mag0.5,lr,per_subgroup_ewma[min_neg],DI_star,nan,nan,nan,nan,0
meps,gradual_group_mag0.5,lr,per_subgroup_ewma[min_neg],AOD_star,nan,nan,nan,nan,0
meps,gradual_group_mag0.5,lr,per_subgroup_ewma[min_neg],BalAcc,nan,nan,nan,nan,0
meps,gradual_group_mag0.5,lr,per_subgroup_baseline_relative[min_neg],DI_star,nan,nan,nan,nan,0
meps,gradual_group_mag0.5,lr,per_subgroup_baseline_relative[min_neg],AOD_star,nan,nan,nan,nan,0
meps,gradual_group_mag0.5,lr,per_subgroup_baseline_relative[min_neg],BalAcc,nan,nan,nan,nan,0
meps,gradual_group_mag0.5,lr,per_subgroup_ewma[min_pos],DI_star,0.07511278195488721,0.1800989514513268,0.0887748462838592,0.19407621255800755,20
meps,gradual_group_mag0.5,lr,per_subgroup_ewma[min_pos],AOD_star,0.08834586466165414,0.20703980625136903,0.07944883427923724,0.21107579534401832,20
meps,gradual_group_mag0.5,lr,per_subgroup_ewma[min_pos],BalAcc,0.036127805407820346,0.20285074612864454,0.058625456812017515,0.22127148198293065,20
meps,gradual_group_mag0.5,lr,per_subgroup_baseline_relative[min_pos],DI_star,0.07120300751879699,0.20714266610255508,0.0981980343722044,0.2176178672129569,20
meps,gradual_group_mag0.5,lr,per_subgroup_baseline_relative[min_pos],AOD_star,0.07255639097744361,0.21871500673080876,0.058710118264023545,0.22455561953672562,20
meps,gradual_group_mag0.5,lr,per_subgroup_baseline_relative[min_pos],BalAcc,0.11327159586009831,0.2175945800678595,0.10042548532506253,0.1980629828231882,20
meps,gradual_group_mag0.5,lr,per_subgroup_ewma[maj_neg],DI_star,-0.016631060216251846,0.18377299444548867,0.009600269023681041,0.2249434932272405,20
meps,gradual_group_mag0.5,lr,per_subgroup_ewma[maj_neg],AOD_star,-0.030058214238526955,0.22060508594178932,-0.028616496772784217,0.2699939727367017,20
meps,gradual_group_mag0.5,lr,per_subgroup_ewma[maj_neg],BalAcc,-0.011710991863936105,0.2227320370745597,0.0013176338108392498,0.18081774297581713,20
meps,gradual_group_mag0.5,lr,per_subgroup_baseline_relative[maj_neg],DI_star,-0.02202864552831499,0.20128341014201545,-0.00980948505864285,0.2245784486552577,20
meps,gradual_group_mag0.5,lr,per_subgroup_baseline_relative[maj_neg],AOD_star,-0.04768429542785675,0.24397673877334652,-0.07169743499358791,0.2691609893053984,20
meps,gradual_group_mag0.5,lr,per_subgroup_baseline_relative[maj_neg],BalAcc,-0.03743378855622913,0.23383516673966095,-0.031365162719585206,0.18497972767000243,20
meps,gradual_group_mag0.5,lr,per_subgroup_ewma[maj_pos],DI_star,0.02075187969924811,0.17086942183828857,0.04096455965770934,0.19474911851637405,20
meps,gradual_group_mag0.5,lr,per_subgroup_ewma[maj_pos],AOD_star,0.08082706766917293,0.20626891497147487,0.07636476512464899,0.2132869540224223,20
meps,gradual_group_mag0.5,lr,per_subgroup_ewma[maj_pos],BalAcc,0.007516421295773651,0.1974979525316802,0.0291022607542396,0.194353822123539,20
meps,gradual_group_mag0.5,lr,per_subgroup_baseline_relative[maj_pos],DI_star,0.03676691729323308,0.18150660929296078,-0.0003981890209093744,0.18107908233555414,20
meps,gradual_group_mag0.5,lr,per_subgroup_baseline_relative[maj_pos],AOD_star,0.0450375939849624,0.18375636818686947,0.004317673819510185,0.2051376883044163,20
meps,gradual_group_mag0.5,lr,per_subgroup_baseline_relative[maj_pos],BalAcc,0.035935352769577975,0.2414963812262543,0.025361121016843947,0.23696517319351354,20
meps,gradual_group_mag0.5,xgb,global_mean,DI_star,0.0150375939849624,0.19560840754927408,-0.052461891718838485,0.21253672960580328,20
meps,gradual_group_mag0.5,xgb,global_mean,AOD_star,-0.0025563909774436117,0.22315105475604619,-0.02112263014698599,0.21355856696229253,20
meps,gradual_group_mag0.5,xgb,global_mean,BalAcc,0.053537567824149465,0.2030548745326946,0.017048416919547175,0.2052825753469129,20
meps,gradual_group_mag0.5,xgb,global_ewma,DI_star,-0.017894736842105262,0.21317395279716372,-0.05061277652284705,0.1965390412530561,20
meps,gradual_group_mag0.5,xgb,global_ewma,AOD_star,0.004661654135338341,0.20279626992608943,0.0005691828077197924,0.18781754762475114,20
meps,gradual_group_mag0.5,xgb,global_ewma,BalAcc,0.020454154004640644,0.22443648481173645,-0.011550272271314832,0.20808872951561735,20
meps,gradual_group_mag0.5,xgb,global_std,DI_star,0.16195488721804507,0.1706512517889182,0.17322239116539037,0.1848364868971464,20
meps,gradual_group_mag0.5,xgb,global_std,AOD_star,0.05263157894736843,0.2216854529451293,0.04365111069567215,0.21058175082795833,20
meps,gradual_group_mag0.5,xgb,global_std,BalAcc,0.07267382533838311,0.24496913915664698,0.08420219368877771,0.24202408921728363,20
meps,gradual_group_mag0.5,xgb,subgroup_violation_diff,DI_star,0.08120300751879697,0.20092048901996515,0.03951994449261857,0.20767934133504598,20
meps,gradual_group_mag0.5,xgb,subgroup_violation_diff,AOD_star,0.04421052631578947,0.20050047618897085,0.01463499795330141,0.23070613772875734,20
meps,gradual_group_mag0.5,xgb,subgroup_violation_diff,BalAcc,0.09940553848441318,0.24369018063762676,0.08916500375582734,0.240194866697745,20
meps,gradual_group_mag0.5,xgb,max_subgroup_deviation,DI_star,-0.008646616541353383,0.2009097264605264,-0.038635044932935854,0.212336566932901,20
meps,gradual_group_mag0.5,xgb,max_subgroup_deviation,AOD_star,-0.0393984962406015,0.2193399974576183,-0.04184748312273019,0.2250993764258963,20
meps,gradual_group_mag0.5,xgb,max_subgroup_deviation,BalAcc,0.07481607441601154,0.22208447896301006,0.0779534741346088,0.18958342586807678,20
meps,gradual_group_mag0.5,xgb,assignment_proportion_drift,DI_star,-0.09170020631476303,0.25076114905752855,-0.028330632376822273,0.21796122161909298,20
meps,gradual_group_mag0.5,xgb,assignment_proportion_drift,AOD_star,-0.10261568665793644,0.22753311473733162,-0.030317222881501495,0.22679413489718186,20
meps,gradual_group_mag0.5,xgb,assignment_proportion_drift,BalAcc,-0.004071249754103545,0.28097542735091585,0.001392666206934623,0.2824747094633074,20
meps,gradual_group_mag0.5,xgb,ks_statistic,DI_star,-0.04827067669172931,0.18631324071150773,-0.03742649407481648,0.20833998183438798,20
meps,gradual_group_mag0.5,xgb,ks_statistic,AOD_star,-0.03308270676691729,0.2204272263915235,-0.018061592523006476,0.23126983032253837,20
meps,gradual_group_mag0.5,xgb,ks_statistic,BalAcc,0.02037398838447142,0.24274218170808617,0.005234057506552986,0.271875671425747,20
meps,gradual_group_mag0.5,xgb,kl_divergence,DI_star,-0.0269172932330827,0.19964743643484897,-0.04213368886273525,0.22605079730188823,20
meps,gradual_group_mag0.5,xgb,kl_divergence,AOD_star,-0.04172932330827067,0.2223459048337702,-0.019485250521629464,0.22854018397541676,20
meps,gradual_group_mag0.5,xgb,kl_divergence,BalAcc,0.02593801128732216,0.25880956108656217,-0.003985697990092252,0.25238846157808364,20
meps,gradual_group_mag0.5,xgb,per_subgroup_ewma[min_neg],DI_star,nan,nan,nan,nan,0
meps,gradual_group_mag0.5,xgb,per_subgroup_ewma[min_neg],AOD_star,nan,nan,nan,nan,0
meps,gradual_group_mag0.5,xgb,per_subgroup_ewma[min_neg],BalAcc,nan,nan,nan,nan,0
meps,gradual_group_mag0.5,xgb,per_subgroup_baseline_relative[min_neg],DI_star,nan,nan,nan,nan,0
meps,gradual_group_mag0.5,xgb,per_subgroup_baseline_relative[min_neg],AOD_star,nan,nan,nan,nan,0
meps,gradual_group_mag0.5,xgb,per_subgroup_baseline_relative[min_neg],BalAcc,nan,nan,nan,nan,0
meps,gradual_group_mag0.5,xgb,per_subgroup_ewma[min_pos],DI_star,-0.011428571428571422,0.21977092488944566,-0.04516978728106143,0.21150458087865281,20
meps,gradual_group_mag0.5,xgb,per_subgroup_ewma[min_pos],AOD_star,0.002180451127819534,0.21088662775653075,0.0002682531896868984,0.21042640111269825,20
meps,gradual_group_mag0.5,xgb,per_subgroup_ewma[min_pos],BalAcc,0.02707134584640831,0.2179670985554538,0.011894594654395269,0.2158856975760265,20
meps,gradual_group_mag0.5,xgb,per_subgroup_baseline_relative[min_pos],DI_star,0.011127819548872172,0.24012283211708332,-0.003249739889059479,0.23475235450478654,20
meps,gradual_group_mag0.5,xgb,per_subgroup_baseline_relative[min_pos],AOD_star,0.009172932330827045,0.24811615398676531,-0.004131701687037305,0.24884773577500013,20
meps,gradual_group_mag0.5,xgb,per_subgroup_baseline_relative[min_pos],BalAcc,0.17267812421813963,0.21276796909913814,0.10411089331852359,0.2152584543784723,20
meps,gradual_group_mag0.5,xgb,per_subgroup_ewma[maj_neg],DI_star,-0.03164792903589037,0.1721290107072653,-0.008678579734472619,0.20910129012225379,20
meps,gradual_group_mag0.5,xgb,per_subgroup_ewma[maj_neg],AOD_star,-0.05628698090631508,0.2071043425679513,-0.04643817126686249,0.22950190675989823,20
meps,gradual_group_mag0.5,xgb,per_subgroup_ewma[maj_neg],BalAcc,-0.049784743536988654,0.2357150597444151,-0.021764505311851395,0.2285860887906318,20
meps,gradual_group_mag0.5,xgb,per_subgroup_baseline_relative[maj_neg],DI_star,-0.005577684391313674,0.1900177664438483,-0.021489007770133423,0.22583335094259346,20
meps,gradual_group_mag0.5,xgb,per_subgroup_baseline_relative[maj_neg],AOD_star,-0.057216071309620975,0.19940330320572802,-0.07548799545813714,0.23605849648615257,20
meps,gradual_group_mag0.5,xgb,per_subgroup_baseline_relative[maj_neg],BalAcc,-0.05050469815267948,0.2538134541185331,-0.04040542640770659,0.24711115421720303,20
meps,gradual_group_mag0.5,xgb,per_subgroup_ewma[maj_pos],DI_star,-0.03368421052631578,0.20620396364436555,-0.034306933822222496,0.16739371270276446,20
meps,gradual_group_mag0.5,xgb,per_subgroup_ewma[maj_pos],AOD_star,0.024511278195488716,0.16379943861734142,0.01772891140977714,0.1655152740673538,20
meps,gradual_group_mag0.5,xgb,per_subgroup_ewma[maj_pos],BalAcc,-0.02488885840712514,0.21409602197255764,-0.03049609182239126,0.21160668251769732,20
meps,gradual_group_mag0.5,xgb,per_subgroup_baseline_relative[maj_pos],DI_star,-0.036466165413533834,0.15691920264283887,-0.09023370206807785,0.17387067641632192,20
meps,gradual_group_mag0.5,xgb,per_subgroup_baseline_relative[maj_pos],AOD_star,-0.04263157894736842,0.15544194043274548,-0.037672900110178265,0.16609815121448107,20
meps,gradual_group_mag0.5,xgb,per_subgroup_baseline_relative[maj_pos],BalAcc,0.0025891062995244186,0.2190251589668506,-0.008422585078490882,0.21636260572153382,20
meps,gradual_group_mag1.0,lr,global_mean,DI_star,0.09932330827067667,0.2714543861258487,0.09989093556033232,0.2804366753279691,20
meps,gradual_group_mag1.0,lr,global_mean,AOD_star,0.08052631578947368,0.2784187175916654,0.06830419780539598,0.2721875400741465,20
meps,gradual_group_mag1.0,lr,global_mean,BalAcc,0.039548872180451125,0.2223541552189909,0.04572349392814422,0.24095490655606003,20
meps,gradual_group_mag1.0,lr,global_ewma,DI_star,0.09210526315789473,0.2540738792081524,0.0938363534795222,0.26660799372428273,20
meps,gradual_group_mag1.0,lr,global_ewma,AOD_star,0.08954887218045111,0.2606152025346703,0.08545300329291729,0.2551125154605186,20
meps,gradual_group_mag1.0,lr,global_ewma,BalAcc,0.02466165413533835,0.2127494860851573,0.039561813573435856,0.2191898358637209,20
meps,gradual_group_mag1.0,lr,global_std,DI_star,0.1375187969924812,0.17612064163963065,0.15285223230704983,0.1880757627712609,20
meps,gradual_group_mag1.0,lr,global_std,AOD_star,0.09834586466165414,0.21881037604727657,0.0895222997681754,0.21802662498491163,20
meps,gradual_group_mag1.0,lr,global_std,BalAcc,0.0249624060150376,0.2173061889625642,0.03058136682630603,0.18928040883423175,20
meps,gradual_group_mag1.0,lr,subgroup_violation_diff,DI_star,0.10330827067669172,0.2092891143966664,0.10289556520850243,0.20119989679958922,20
meps,gradual_group_mag1.0,lr,subgroup_violation_diff,AOD_star,0.05345864661654135,0.21131189360140065,0.06618980146184318,0.21192913611581415,20
meps,gradual_group_mag1.0,lr,subgroup_violation_diff,BalAcc,0.06413533834586467,0.26733876498503395,0.06611471970668828,0.22693902323261075,20
meps,gradual_group_mag1.0,lr,max_subgroup_deviation,DI_star,0.05864661654135337,0.2426589661400423,0.07838441208073034,0.2574628372531726,20
meps,gradual_group_mag1.0,lr,max_subgroup_deviation,AOD_star,0.048345864661654143,0.23561720488862306,0.04745763121314208,0.26059017000028833,20
meps,gradual_group_mag1.0,lr,max_subgroup_deviation,BalAcc,0.06360902255639098,0.22896587453139497,0.07828897566366386,0.20866305825002343,20
meps,gradual_group_mag1.0,lr,assignment_proportion_drift,DI_star,-0.035419052084103134,0.2144981678488225,0.05818735080697333,0.23026137206606226,20
meps,gradual_group_mag1.0,lr,assignment_proportion_drift,AOD_star,-0.05793927997919239,0.22673630409978057,0.024886724038004977,0.23229054038201497,20
meps,gradual_group_mag1.0,lr,assignment_proportion_drift,BalAcc,0.019106121209634844,0.23980823304001742,0.02838337615240294,0.21283233894992576,20
meps,gradual_group_mag1.0,lr,ks_statistic,DI_star,0.0719548872180451,0.2717935500446854,0.10484829573663039,0.2766374239350623,20
meps,gradual_group_mag1.0,lr,ks_statistic,AOD_star,0.06225563909774434,0.2611413175297671,0.07576397113597387,0.2526577174572209,20
meps,gradual_group_mag1.0,lr,ks_statistic,BalAcc,0.025112781954887226,0.2075422782835891,0.04053659065601306,0.22014674262964848,20
meps,gradual_group_mag1.0,lr,kl_divergence,DI_star,0.03766917293233083,0.22679387715928914,0.09036006796725389,0.248056348753245,20
meps,gradual_group_mag1.0,lr,kl_divergence,AOD_star,0.014060150375939847,0.29421361990114997,0.06736104241602499,0.2566418244389012,20
meps,gradual_group_mag1.0,lr,kl_divergence,BalAcc,0.05172932330827068,0.23753277978201376,0.05449775131205788,0.23406824701219228,20
meps,gradual_group_mag1.0,lr,per_subgroup_ewma[min_neg],DI_star,nan,nan,nan,nan,0
meps,gradual_group_mag1.0,lr,per_subgroup_ewma[min_neg],AOD_star,nan,nan,nan,nan,0
meps,gradual_group_mag1.0,lr,per_subgroup_ewma[min_neg],BalAcc,nan,nan,nan,nan,0
meps,gradual_group_mag1.0,lr,per_subgroup_baseline_relative[min_neg],DI_star,nan,nan,nan,nan,0
meps,gradual_group_mag1.0,lr,per_subgroup_baseline_relative[min_neg],AOD_star,nan,nan,nan,nan,0
meps,gradual_group_mag1.0,lr,per_subgroup_baseline_relative[min_neg],BalAcc,nan,nan,nan,nan,0
meps,gradual_group_mag1.0,lr,per_subgroup_ewma[min_pos],DI_star,0.09406015037593987,0.2568923173787982,0.10355359092983163,0.2653805448904831,20
meps,gradual_group_mag1.0,lr,per_subgroup_ewma[min_pos],AOD_star,0.09180451127819547,0.25512352919842296,0.09005878868383639,0.24619726979498877,20
meps,gradual_group_mag1.0,lr,per_subgroup_ewma[min_pos],BalAcc,0.027894736842105267,0.20765631000109794,0.04825451127172075,0.22291694938733245,20
meps,gradual_group_mag1.0,lr,per_subgroup_baseline_relative[min_pos],DI_star,0.08917293233082708,0.25734376357691385,0.11086312749424901,0.2687563521121003,20
meps,gradual_group_mag1.0,lr,per_subgroup_baseline_relative[min_pos],AOD_star,0.07413533834586465,0.2500639750808148,0.06483043263760027,0.25592480383713023,20
meps,gradual_group_mag1.0,lr,per_subgroup_baseline_relative[min_pos],BalAcc,0.09398496240601503,0.23135547268269677,0.07240326739309692,0.23029862986170394,20
meps,gradual_group_mag1.0,lr,per_subgroup_ewma[maj_neg],DI_star,-0.019461106200311898,0.20904298311638403,0.005918130092454118,0.24465111325304723,20
meps,gradual_group_mag1.0,lr,per_subgroup_ewma[maj_neg],AOD_star,-0.0461699693343416,0.23721074743264722,-0.04333070279129926,0.28543052760832077,20
meps,gradual_group_mag1.0,lr,per_subgroup_ewma[maj_neg],BalAcc,0.006093184099227149,0.175317351699421,0.012252393319925661,0.1409194134403732,20
meps,gradual_group_mag1.0,lr,per_subgroup_baseline_relative[maj_neg],DI_star,-0.00946150100694996,0.23653695761730123,-0.0033583487641487665,0.22030625056559,20
meps,gradual_group_mag1.0,lr,per_subgroup_baseline_relative[maj_neg],AOD_star,-0.04301066612149375,0.26670537948279205,-0.04766972278414168,0.26519480652033606,20
meps,gradual_group_mag1.0,lr,per_subgroup_baseline_relative[maj_neg],BalAcc,-0.025572447095501143,0.2023051095997934,-0.01970348215182654,0.1948627961807155,20
meps,gradual_group_mag1.0,lr,per_subgroup_ewma[maj_pos],DI_star,0.062030075187969935,0.23611794052161597,0.07350176278163875,0.2620227345903863,20
meps,gradual_group_mag1.0,lr,per_subgroup_ewma[maj_pos],AOD_star,0.0769924812030075,0.24218772237930628,0.08290081589539157,0.26782201714859255,20
meps,gradual_group_mag1.0,lr,per_subgroup_ewma[maj_pos],BalAcc,0.022631578947368416,0.2078157812787543,0.035771941107147466,0.20103843168465016,20
meps,gradual_group_mag1.0,lr,per_subgroup_baseline_relative[maj_pos],DI_star,0.04827067669172932,0.2643217656883541,0.04311956309291254,0.26818623591517476,20
meps,gradual_group_mag1.0,lr,per_subgroup_baseline_relative[maj_pos],AOD_star,0.050150375939849626,0.2643364693132384,0.032742374691269074,0.2669645862236911,20
meps,gradual_group_mag1.0,lr,per_subgroup_baseline_relative[maj_pos],BalAcc,0.02308270676691728,0.23493817619429377,0.021219017205989742,0.23892971259374887,20
meps,gradual_group_mag1.0,xgb,global_mean,DI_star,0.5423308270676691,0.1579686722706782,0.5729950091138645,0.13390706068157487,20
meps,gradual_group_mag1.0,xgb,global_mean,AOD_star,0.39488721804511273,0.21670492986251413,0.3820902468534318,0.1917303940854428,20
meps,gradual_group_mag1.0,xgb,global_mean,BalAcc,-0.346092375003788,0.23873518101996286,-0.3723653945938437,0.20267810206616943,20
meps,gradual_group_mag1.0,xgb,global_ewma,DI_star,0.5561654135338345,0.16746997506729908,0.6385443810793674,0.15351870456973615,20
meps,gradual_group_mag1.0,xgb,global_ewma,AOD_star,0.4227067669172932,0.203139416912068,0.43997131427054176,0.20091824539257963,20
meps,gradual_group_mag1.0,xgb,global_ewma,BalAcc,-0.3674080089259021,0.22147392694199777,-0.4195405449566324,0.22387465298397538,20
meps,gradual_group_mag1.0,xgb,global_std,DI_star,0.2331578947368421,0.17757193970371452,0.2933555884400304,0.1692766340003628,20
meps,gradual_group_mag1.0,xgb,global_std,AOD_star,0.186390977443609,0.21900461688557415,0.1616693680171696,0.21794327863974167,20
meps,gradual_group_mag1.0,xgb,global_std,BalAcc,-0.13263698082916772,0.21553755860698637,-0.13318825748345567,0.21134330756803016,20
meps,gradual_group_mag1.0,xgb,subgroup_violation_diff,DI_star,0.11466165413533835,0.21141855771535592,0.12463088371139694,0.1788457060894488,20
meps,gradual_group_mag1.0,xgb,subgroup_violation_diff,AOD_star,0.06503759398496238,0.2613297942234311,0.08001690621750898,0.23847916135560931,20
meps,gradual_group_mag1.0,xgb,subgroup_violation_diff,BalAcc,0.06988884426607332,0.23580563635195384,0.010543896385809198,0.20904389157399256,20
meps,gradual_group_mag1.0,xgb,max_subgroup_deviation,DI_star,0.49300751879699245,0.17404823031985092,0.5958329271521381,0.17041503540499486,20
meps,gradual_group_mag1.0,xgb,max_subgroup_deviation,AOD_star,0.359172932330827,0.25288131006247466,0.38620797813584057,0.23688463831947315,20
meps,gradual_group_mag1.0,xgb,max_subgroup_deviation,BalAcc,-0.30436285372079175,0.252079569669223,-0.36909837523210653,0.23609882664385332,20
meps,gradual_group_mag1.0,xgb,assignment_proportion_drift,DI_star,-0.1905882085332798,0.18517282854040262,0.024974139733178823,0.13117091249171317,20
meps,gradual_group_mag1.0,xgb,assignment_proportion_drift,AOD_star,-0.18487093470542248,0.22384321386753564,0.009804525403174152,0.1894966862072912,20
meps,gradual_group_mag1.0,xgb,assignment_proportion_drift,BalAcc,0.13568207763295617,0.2787023920447148,-0.029298991750540182,0.21748431211769023,20
meps,gradual_group_mag1.0,xgb,ks_statistic,DI_star,0.5293984962406016,0.18562962668111319,0.5232104404919176,0.15585655015234887,20
meps,gradual_group_mag1.0,xgb,ks_statistic,AOD_star,0.3881954887218044,0.22001304058915172,0.3497836603176005,0.19578698000820455,20
meps,gradual_group_mag1.0,xgb,ks_statistic,BalAcc,-0.35838615958751624,0.23080940332101813,-0.34107696858935965,0.21832088226679147,20
meps,gradual_group_mag1.0,xgb,kl_divergence,DI_star,0.1957142857142857,0.17768320449621278,0.26894701728241854,0.12070392437116775,20
meps,gradual_group_mag1.0,xgb,kl_divergence,AOD_star,0.14323308270676693,0.22808212119972768,0.19681030734799973,0.2014941060076968,20
meps,gradual_group_mag1.0,xgb,kl_divergence,BalAcc,-0.10454682172793565,0.17227481557019936,-0.1733463919018404,0.1745444034999302,20
meps,gradual_group_mag1.0,xgb,per_subgroup_ewma[min_neg],DI_star,nan,nan,nan,nan,0
meps,gradual_group_mag1.0,xgb,per_subgroup_ewma[min_neg],AOD_star,nan,nan,nan,nan,0
meps,gradual_group_mag1.0,xgb,per_subgroup_ewma[min_neg],BalAcc,nan,nan,nan,nan,0
meps,gradual_group_mag1.0,xgb,per_subgroup_baseline_relative[min_neg],DI_star,nan,nan,nan,nan,0
meps,gradual_group_mag1.0,xgb,per_subgroup_baseline_relative[min_neg],AOD_star,nan,nan,nan,nan,0
meps,gradual_group_mag1.0,xgb,per_subgroup_baseline_relative[min_neg],BalAcc,nan,nan,nan,nan,0
meps,gradual_group_mag1.0,xgb,per_subgroup_ewma[min_pos],DI_star,0.5506766917293233,0.1752693347469547,0.5745735253535,0.1536310366032029,20
meps,gradual_group_mag1.0,xgb,per_subgroup_ewma[min_pos],AOD_star,0.41954887218045106,0.2031400291560753,0.39758381086703193,0.2006323857572639,20
meps,gradual_group_mag1.0,xgb,per_subgroup_ewma[min_pos],BalAcc,-0.35812177142127005,0.22097059196044064,-0.3619199504556704,0.21322309288035646,20
meps,gradual_group_mag1.0,xgb,per_subgroup_baseline_relative[min_pos],DI_star,0.43090225563909773,0.1562372545539462,0.43982515495128516,0.13534489983643364,20
meps,gradual_group_mag1.0,xgb,per_subgroup_baseline_relative[min_pos],AOD_star,0.3160902255639097,0.19954360272036897,0.28865605439803516,0.19669983629000481,20
meps,gradual_group_mag1.0,xgb,per_subgroup_baseline_relative[min_pos],BalAcc,-0.19026351142103262,0.20869007614924584,-0.22532689272364553,0.20228781749344896,20
meps,gradual_group_mag1.0,xgb,per_subgroup_ewma[maj_neg],DI_star,-0.016627856705332008,0.4268087619782574,0.06049887402251081,0.4984106507417759,20
meps,gradual_group_mag1.0,xgb,per_subgroup_ewma[maj_neg],AOD_star,-0.05914622024567019,0.3353326439218887,-0.010709493831763025,0.358717612186291,20
meps,gradual_group_mag1.0,xgb,per_subgroup_ewma[maj_neg],BalAcc,-0.060012678497574634,0.34701451659303784,-0.05875388596767138,0.38735571866501567,20
meps,gradual_group_mag1.0,xgb,per_subgroup_baseline_relative[maj_neg],DI_star,-0.016480558714181085,0.27182661891348586,0.02882547871301012,0.28149997734370047,20
meps,gradual_group_mag1.0,xgb,per_subgroup_baseline_relative[maj_neg],AOD_star,-0.12206798432862356,0.18803713484209816,-0.07829209591605646,0.20820215573737377,20
meps,gradual_group_mag1.0,xgb,per_subgroup_baseline_relative[maj_neg],BalAcc,-0.01815470218083071,0.27486129393562125,-0.03403662211478122,0.31191930446450955,20
meps,gradual_group_mag1.0,xgb,per_subgroup_ewma[maj_pos],DI_star,0.5496240601503759,0.1818290125719162,0.7061183601205003,0.16722717869816348,20
meps,gradual_group_mag1.0,xgb,per_subgroup_ewma[maj_pos],AOD_star,0.42932330827067666,0.21429099056952286,0.48497665495502107,0.22185150847587093,20
meps,gradual_group_mag1.0,xgb,per_subgroup_ewma[maj_pos],BalAcc,-0.37714568535322324,0.21928345698518903,-0.4842303450670461,0.239006651719028,20
meps,gradual_group_mag1.0,xgb,per_subgroup_baseline_relative[maj_pos],DI_star,0.5124812030075189,0.18158640374484888,0.5999285500775221,0.16367155537685715,20
meps,gradual_group_mag1.0,xgb,per_subgroup_baseline_relative[maj_pos],AOD_star,0.38210526315789467,0.2537064940674616,0.3924513265077244,0.23626749684673343,20
meps,gradual_group_mag1.0,xgb,per_subgroup_baseline_relative[maj_pos],BalAcc,-0.37240796650274655,0.23562313765804271,-0.4314740611034912,0.20053501816146438,20
meps,gradual_group_mag2.0,lr,global_mean,DI_star,0.12390977443609019,0.3678228686857971,0.14225642633253832,0.38161532275767907,20
meps,gradual_group_mag2.0,lr,global_mean,AOD_star,0.10383458646616542,0.28759628482052546,0.10648062624551999,0.29598432187676893,20
meps,gradual_group_mag2.0,lr,global_mean,BalAcc,0.039061352365345456,0.2301498149389673,0.03820472841366351,0.2369487896509848,20
meps,gradual_group_mag2.0,lr,global_ewma,DI_star,0.13127819548872177,0.3656415328802501,0.14066424529390792,0.3830777869563365,20
meps,gradual_group_mag2.0,lr,global_ewma,AOD_star,0.11819548872180449,0.2916814161113464,0.12207147638528307,0.29522121361811515,20
meps,gradual_group_mag2.0,lr,global_ewma,BalAcc,0.031015730505524676,0.23227765627611782,0.03655048402354945,0.23035938290970415,20
meps,gradual_group_mag2.0,lr,global_std,DI_star,0.14120300751879697,0.26082224510417773,0.1737936150219344,0.3005587679693306,20
meps,gradual_group_mag2.0,lr,global_std,AOD_star,0.12819548872180447,0.2170471718656032,0.1458889899057388,0.2655482870485621,20
meps,gradual_group_mag2.0,lr,global_std,BalAcc,0.024248134441803713,0.2183627273524002,0.03915355042291818,0.19930980593723965,20
meps,gradual_group_mag2.0,lr,subgroup_violation_diff,DI_star,0.1225563909774436,0.3015712522660946,0.1549007063668459,0.3193559126566094,20
meps,gradual_group_mag2.0,lr,subgroup_violation_diff,AOD_star,0.10857142857142858,0.2619213051340087,0.10856673560390381,0.27493481246049845,20
meps,gradual_group_mag2.0,lr,subgroup_violation_diff,BalAcc,0.046429547161147736,0.23612327524647242,0.04378194355467524,0.22680762738852647,20
meps,gradual_group_mag2.0,lr,max_subgroup_deviation,DI_star,0.13052631578947366,0.3588291334260748,0.14272915251739815,0.3759268162758379,20
meps,gradual_group_mag2.0,lr,max_subgroup_deviation,AOD_star,0.10661654135338346,0.2812323172373542,0.10639900922929355,0.28993965753121065,20
meps,gradual_group_mag2.0,lr,max_subgroup_deviation,BalAcc,0.04500318173666191,0.22926614050651736,0.05379312624323508,0.23451694873255577,20
meps,gradual_group_mag2.0,lr,assignment_proportion_drift,DI_star,0.044596198993252616,0.2163238260170563,0.08984386063952846,0.23497535665597077,20
meps,gradual_group_mag2.0,lr,assignment_proportion_drift,AOD_star,0.009901177535968239,0.24342520152658273,0.0394935045515957,0.2539562395913604,20
meps,gradual_group_mag2.0,lr,assignment_proportion_drift,BalAcc,-0.014732935692668498,0.23884808330252202,0.01216760179967902,0.22479423141018356,20
meps,gradual_group_mag2.0,lr,ks_statistic,DI_star,0.11165413533834585,0.37293684056210935,0.13977777921922965,0.35779898947372657,20
meps,gradual_group_mag2.0,lr,ks_statistic,AOD_star,0.0851127819548872,0.2929678383939121,0.10474998991191395,0.277243767941737,20
meps,gradual_group_mag2.0,lr,ks_statistic,BalAcc,0.01917375251183324,0.22732398634814285,0.03761074214595746,0.2461009466964221,20
meps,gradual_group_mag2.0,lr,kl_divergence,DI_star,0.09984962406015038,0.3364452549473287,0.1370406270618417,0.3383103063504531,20
meps,gradual_group_mag2.0,lr,kl_divergence,AOD_star,0.05736842105263158,0.2629250419866043,0.08461697857744395,0.2638980456245398,20
meps,gradual_group_mag2.0,lr,kl_divergence,BalAcc,0.011919824481360402,0.23669016038298915,0.011184462855165316,0.2352717379642899,20
meps,gradual_group_mag2.0,lr,per_subgroup_ewma[min_neg],DI_star,nan,nan,nan,nan,0
meps,gradual_group_mag2.0,lr,per_subgroup_ewma[min_neg],AOD_star,nan,nan,nan,nan,0
meps,gradual_group_mag2.0,lr,per_subgroup_ewma[min_neg],BalAcc,nan,nan,nan,nan,0
meps,gradual_group_mag2.0,lr,per_subgroup_baseline_relative[min_neg],DI_star,nan,nan,nan,nan,0
meps,gradual_group_mag2.0,lr,per_subgroup_baseline_relative[min_neg],AOD_star,nan,nan,nan,nan,0
meps,gradual_group_mag2.0,lr,per_subgroup_baseline_relative[min_neg],BalAcc,nan,nan,nan,nan,0
meps,gradual_group_mag2.0,lr,per_subgroup_ewma[min_pos],DI_star,0.13368421052631577,0.36569589016853227,0.1431657880060851,0.38286083844807156,20
meps,gradual_group_mag2.0,lr,per_subgroup_ewma[min_pos],AOD_star,0.12082706766917291,0.29086698181133114,0.1209911832657737,0.2993771350581161,20
meps,gradual_group_mag2.0,lr,per_subgroup_ewma[min_pos],BalAcc,0.027632724372566708,0.22737148221470369,0.0391214066771605,0.22795198395292957,20
meps,gradual_group_mag2.0,lr,per_subgroup_baseline_relative[min_pos],DI_star,0.1331578947368421,0.36072535608161826,0.1512921446279242,0.3647891659809699,20
meps,gradual_group_mag2.0,lr,per_subgroup_baseline_relative[min_pos],AOD_star,0.11458646616541353,0.2876120589927293,0.10618332896081309,0.28964756823159626,20
meps,gradual_group_mag2.0,lr,per_subgroup_baseline_relative[min_pos],BalAcc,0.04019151932882154,0.24330112942818366,0.04903823110144065,0.22807081118545205,20
meps,gradual_group_mag2.0,lr,per_subgroup_ewma[maj_neg],DI_star,-0.03757707994606726,0.27621344910775075,-0.011974772766785505,0.3013139933650313,20
meps,gradual_group_mag2.0,lr,per_subgroup_ewma[maj_neg],AOD_star,-0.026887878113783414,0.2547290150814994,-0.0383049547324208,0.31556269951196053,20
meps,gradual_group_mag2.0,lr,per_subgroup_ewma[maj_neg],BalAcc,0.030249200534410915,0.16411833918696792,0.03512905251084293,0.16192457654016468,20
meps,gradual_group_mag2.0,lr,per_subgroup_baseline_relative[maj_neg],DI_star,-0.029891136888715624,0.24805490939949054,0.0011888693857642796,0.2647587483173695,20
meps,gradual_group_mag2.0,lr,per_subgroup_baseline_relative[maj_neg],AOD_star,-0.037877104980214606,0.2613176468316338,-0.015777354019204104,0.2983292920040384,20
meps,gradual_group_mag2.0,lr,per_subgroup_baseline_relative[maj_neg],BalAcc,-0.031397446145167124,0.16548678128958694,-0.008036607303432784,0.17793331192203912,20
meps,gradual_group_mag2.0,lr,per_subgroup_ewma[maj_pos],DI_star,0.1014285714285714,0.3495651902899128,0.12681315669792143,0.364004276506474,20
meps,gradual_group_mag2.0,lr,per_subgroup_ewma[maj_pos],AOD_star,0.09015037593984962,0.24666901834854804,0.1142656821622395,0.27104787276331693,20
meps,gradual_group_mag2.0,lr,per_subgroup_ewma[maj_pos],BalAcc,0.014925872608962493,0.23548217172213878,0.0348326473438926,0.25231742975747073,20
meps,gradual_group_mag2.0,lr,per_subgroup_baseline_relative[maj_pos],DI_star,0.09172932330827066,0.3527359288989554,0.07719284619162539,0.36321454091389593,20
meps,gradual_group_mag2.0,lr,per_subgroup_baseline_relative[maj_pos],AOD_star,0.06526315789473683,0.26927977045521767,0.05075896365891343,0.28503657925076564,20
meps,gradual_group_mag2.0,lr,per_subgroup_baseline_relative[maj_pos],BalAcc,0.0509784334826507,0.21268331865333243,0.024414044982358767,0.2291897956227089,20
meps,gradual_group_mag2.0,xgb,global_mean,DI_star,0.589172932330827,0.1089884312680152,0.5444166679334254,0.09690407095374451,20
meps,gradual_group_mag2.0,xgb,global_mean,AOD_star,-0.13240601503759394,0.14173000139444097,-0.0899194118341592,0.16917930088155694,20
meps,gradual_group_mag2.0,xgb,global_mean,BalAcc,-0.765563909774436,0.1234163289594617,-0.7599444571169377,0.10890708701975435,20
meps,gradual_group_mag2.0,xgb,global_ewma,DI_star,0.5766917293233081,0.11028258123826533,0.5104117426515071,0.10284825003562312,20
meps,gradual_group_mag2.0,xgb,global_ewma,AOD_star,-0.15684210526315787,0.13481108655302212,-0.1733991742120357,0.16981499890552962,20
meps,gradual_group_mag2.0,xgb,global_ewma,BalAcc,-0.7794736842105262,0.12061732313325753,-0.8290052451900823,0.09450825825289959,20
meps,gradual_group_mag2.0,xgb,global_std,DI_star,0.43157894736842106,0.14104750138962396,0.25570468195743074,0.11721864347581736,20
meps,gradual_group_mag2.0,xgb,global_std,AOD_star,-0.2532330827067669,0.13821536833296363,-0.399757588102199,0.11862227013915695,20
meps,gradual_group_mag2.0,xgb,global_std,BalAcc,-0.6899999999999998,0.1299367118958675,-0.7665618656838261,0.0935061971492178,20
meps,gradual_group_mag2.0,xgb,subgroup_violation_diff,DI_star,0.3999248120300752,0.128870052885992,0.31125837913436716,0.12480572470463257,20
meps,gradual_group_mag2.0,xgb,subgroup_violation_diff,AOD_star,-0.21864661654135337,0.1488451407053098,-0.24754110777492203,0.17790065873949987,20
meps,gradual_group_mag2.0,xgb,subgroup_violation_diff,BalAcc,-0.6150375939849624,0.12457718643547769,-0.6715098738697698,0.10506951350423353,20
meps,gradual_group_mag2.0,xgb,max_subgroup_deviation,DI_star,0.5747368421052631,0.12306192153211958,0.5114830864607706,0.10317491874338999,20
meps,gradual_group_mag2.0,xgb,max_subgroup_deviation,AOD_star,-0.14526315789473684,0.14843285979652618,-0.15805376867866988,0.18688501153731732,20
meps,gradual_group_mag2.0,xgb,max_subgroup_deviation,BalAcc,-0.7528571428571428,0.13351255926837066,-0.7956463940266641,0.0989074776646363,20
meps,gradual_group_mag2.0,xgb,assignment_proportion_drift,DI_star,-0.05395171496105737,0.14727905903165642,0.11675648992177812,0.14472807544648564,20
meps,gradual_group_mag2.0,xgb,assignment_proportion_drift,AOD_star,-0.15699297353536132,0.17187136616692703,-0.08136084942810826,0.15369339612161798,20
meps,gradual_group_mag2.0,xgb,assignment_proportion_drift,BalAcc,-0.08952199133306007,0.26980902971642584,-0.23292762380681054,0.230583300494522,20
meps,gradual_group_mag2.0,xgb,ks_statistic,DI_star,0.6002255639097744,0.10500319671876679,0.5567654146582918,0.10677114800617704,20
meps,gradual_group_mag2.0,xgb,ks_statistic,AOD_star,-0.10105263157894735,0.1521932295743533,-0.008288988113192498,0.18573868991134707,20
meps,gradual_group_mag2.0,xgb,ks_statistic,BalAcc,-0.7566917293233082,0.13232706761577084,-0.6753836935512586,0.11782386966205362,20
meps,gradual_group_mag2.0,xgb,kl_divergence,DI_star,0.43,0.12696171673816095,0.425890934333203,0.11142164484481533,20
meps,gradual_group_mag2.0,xgb,kl_divergence,AOD_star,0.019548872180451125,0.16015284688693535,0.04165682610336141,0.1764166256344499,20
meps,gradual_group_mag2.0,xgb,kl_divergence,BalAcc,-0.4451127819548872,0.18046428523460575,-0.46215963938690685,0.1345490204696728,20
meps,gradual_group_mag2.0,xgb,per_subgroup_ewma[min_neg],DI_star,nan,nan,nan,nan,0
meps,gradual_group_mag2.0,xgb,per_subgroup_ewma[min_neg],AOD_star,nan,nan,nan,nan,0
meps,gradual_group_mag2.0,xgb,per_subgroup_ewma[min_neg],BalAcc,nan,nan,nan,nan,0
meps,gradual_group_mag2.0,xgb,per_subgroup_baseline_relative[min_neg],DI_star,nan,nan,nan,nan,0
meps,gradual_group_mag2.0,xgb,per_subgroup_baseline_relative[min_neg],AOD_star,nan,nan,nan,nan,0
meps,gradual_group_mag2.0,xgb,per_subgroup_baseline_relative[min_neg],BalAcc,nan,nan,nan,nan,0
meps,gradual_group_mag2.0,xgb,per_subgroup_ewma[min_pos],DI_star,0.575563909774436,0.10678478617810933,0.5025810273711183,0.09664229767942548,20
meps,gradual_group_mag2.0,xgb,per_subgroup_ewma[min_pos],AOD_star,-0.1582706766917293,0.13527724184514606,-0.17428007951033067,0.1709616178393723,20
meps,gradual_group_mag2.0,xgb,per_subgroup_ewma[min_pos],BalAcc,-0.7782706766917292,0.12217198351224744,-0.8172557811106845,0.09382404109589547,20
meps,gradual_group_mag2.0,xgb,per_subgroup_baseline_relative[min_pos],DI_star,0.538796992481203,0.11626608286106757,0.48095953314474027,0.10360393415186102,20
meps,gradual_group_mag2.0,xgb,per_subgroup_baseline_relative[min_pos],AOD_star,-0.16616541353383457,0.1344427341884846,-0.12587375657784428,0.17879373296214313,20
meps,gradual_group_mag2.0,xgb,per_subgroup_baseline_relative[min_pos],BalAcc,-0.7236842105263157,0.13192082331353513,-0.7186900399606755,0.10730656394990865,20
meps,gradual_group_mag2.0,xgb,per_subgroup_ewma[maj_neg],DI_star,0.1531129520606673,0.44782768899799696,0.1392222105829961,0.42800749350868117,20
meps,gradual_group_mag2.0,xgb,per_subgroup_ewma[maj_neg],AOD_star,-0.07041720228439044,0.31086176068379356,-0.0936833425542771,0.36996077199154676,20
meps,gradual_group_mag2.0,xgb,per_subgroup_ewma[maj_neg],BalAcc,-0.26603796103708777,0.5417370524043243,-0.28842607537326514,0.5841521258731112,20
meps,gradual_group_mag2.0,xgb,per_subgroup_baseline_relative[maj_neg],DI_star,0.08489148657875503,0.29072460907981884,0.13257874975118608,0.28288905575922735,20
meps,gradual_group_mag2.0,xgb,per_subgroup_baseline_relative[maj_neg],AOD_star,0.002364235646477951,0.22196373072954892,0.0077451149352923965,0.25833078486345196,20
meps,gradual_group_mag2.0,xgb,per_subgroup_baseline_relative[maj_neg],BalAcc,-0.0986087286042035,0.30395084240004494,-0.16553605718819117,0.2869327118425439,20
meps,gradual_group_mag2.0,xgb,per_subgroup_ewma[maj_pos],DI_star,0.6350375939849623,0.1367033089382132,0.6103333355551862,0.14002206557767774,20
meps,gradual_group_mag2.0,xgb,per_subgroup_ewma[maj_pos],AOD_star,-0.031578947368421054,0.21030654479509392,-0.03691097762609957,0.2157489812278481,20
meps,gradual_group_mag2.0,xgb,per_subgroup_ewma[maj_pos],BalAcc,-0.7427067669172932,0.17102042165546244,-0.7790030706320523,0.15809681694234,20
meps,gradual_group_mag2.0,xgb,per_subgroup_baseline_relative[maj_pos],DI_star,0.6571428571428571,0.15127849444655733,0.6442627459884016,0.14894693794757097,20
meps,gradual_group_mag2.0,xgb,per_subgroup_baseline_relative[maj_pos],AOD_star,0.20218045112781952,0.21485794851620033,0.16909185019944295,0.2135962248093589,20
meps,gradual_group_mag2.0,xgb,per_subgroup_baseline_relative[maj_pos],BalAcc,-0.5528571428571427,0.24488262407938968,-0.5446110052439359,0.23385713402885352,20
meps,gradual_global_mag0.5,lr,global_mean,DI_star,0.07443609022556388,0.1707402749969107,0.0595323624561576,0.16203154227742128,20
meps,gradual_global_mag0.5,lr,global_mean,AOD_star,0.051578947368421044,0.21782363654706746,0.04088862717776025,0.2077313017607359,20
meps,gradual_global_mag0.5,lr,global_mean,BalAcc,0.05315789473684211,0.21083826244237053,0.043089444026512505,0.2285236986464327,20
meps,gradual_global_mag0.5,lr,global_ewma,DI_star,0.05240601503759398,0.15358108674684823,0.05565411114182191,0.15829948682538533,20
meps,gradual_global_mag0.5,lr,global_ewma,AOD_star,0.06150375939849624,0.20153456166774691,0.05893652153811095,0.1991088776858248,20
meps,gradual_global_mag0.5,lr,global_ewma,BalAcc,0.02962406015037595,0.20582676211052953,0.03091745707973076,0.21859548421607475,20
meps,gradual_global_mag0.5,lr,global_std,DI_star,0.02744360902255638,0.14667388506520887,0.0029591003089396413,0.1376350858071646,20
meps,gradual_global_mag0.5,lr,global_std,AOD_star,-0.013383458646616544,0.14065569298716168,-0.03174266207338514,0.18087188773659738,20
meps,gradual_global_mag0.5,lr,global_std,BalAcc,0.004360902255639091,0.2109886973884816,-0.01229076885612833,0.23401097004944357,20
meps,gradual_global_mag0.5,lr,subgroup_violation_diff,DI_star,0.1043609022556391,0.19033661948876934,0.10959258581650544,0.21430991492107154,20
meps,gradual_global_mag0.5,lr,subgroup_violation_diff,AOD_star,0.039097744360902256,0.21150845024186454,0.06384069422417565,0.20014568291765952,20
meps,gradual_global_mag0.5,lr,subgroup_violation_diff,BalAcc,0.011729323308270671,0.253138856971899,0.027266493707836327,0.21032195911393842,20
meps,gradual_global_mag0.5,lr,max_subgroup_deviation,DI_star,0.061544110888565616,0.1722524354675421,0.0967435480322236,0.19852584463038794,20
meps,gradual_global_mag0.5,lr,max_subgroup_deviation,AOD_star,0.024283423435317697,0.1515109313306805,0.05231298108207272,0.18738160574420326,20
meps,gradual_global_mag0.5,lr,max_subgroup_deviation,BalAcc,0.0645859005233403,0.23196333132031302,0.03523077835561363,0.2182502306751897,20
meps,gradual_global_mag0.5,lr,assignment_proportion_drift,DI_star,0.0012872517350112217,0.18042410218672272,0.08863547927056288,0.20568844708926826,20
meps,gradual_global_mag0.5,lr,assignment_proportion_drift,AOD_star,-0.003073338013166746,0.22113568903039027,0.0506178671156141,0.20392622905221844,20
meps,gradual_global_mag0.5,lr,assignment_proportion_drift,BalAcc,-0.00807270575259541,0.2596086358114788,0.022999667468935912,0.22836821409226069,20
meps,gradual_global_mag0.5,lr,ks_statistic,DI_star,0.0545112781954887,0.1796535475281944,0.10065677048018402,0.2018472300584337,20
meps,gradual_global_mag0.5,lr,ks_statistic,AOD_star,0.06293233082706767,0.20711100556119402,0.06779529218322754,0.20658993509229642,20
meps,gradual_global_mag0.5,lr,ks_statistic,BalAcc,0.015187969924812028,0.21303759982294967,0.03252875473891402,0.22775269537670878,20
meps,gradual_global_mag0.5,lr,kl_divergence,DI_star,0.029097744360902254,0.15271879799935056,0.055920471823237464,0.1728445446174393,20
meps,gradual_global_mag0.5,lr,kl_divergence,AOD_star,0.007218045112781952,0.17918200324739492,0.023374776225562197,0.19415684584052495,20
meps,gradual_global_mag0.5,lr,kl_divergence,BalAcc,-0.006390977443609033,0.22504193992321742,0.00658913320028739,0.239441271833627,20
meps,gradual_global_mag0.5,lr,per_subgroup_ewma[min_neg],DI_star,nan,nan,nan,nan,0
meps,gradual_global_mag0.5,lr,per_subgroup_ewma[min_neg],AOD_star,nan,nan,nan,nan,0
meps,gradual_global_mag0.5,lr,per_subgroup_ewma[min_neg],BalAcc,nan,nan,nan,nan,0
meps,gradual_global_mag0.5,lr,per_subgroup_baseline_relative[min_neg],DI_star,nan,nan,nan,nan,0
meps,gradual_global_mag0.5,lr,per_subgroup_baseline_relative[min_neg],AOD_star,nan,nan,nan,nan,0
meps,gradual_global_mag0.5,lr,per_subgroup_baseline_relative[min_neg],BalAcc,nan,nan,nan,nan,0
meps,gradual_global_mag0.5,lr,per_subgroup_ewma[min_pos],DI_star,0.057518796992481205,0.1693228241556134,0.06329526389683911,0.1658156347718769,20
meps,gradual_global_mag0.5,lr,per_subgroup_ewma[min_pos],AOD_star,0.06187969924812027,0.20356719009188096,0.048667050645222906,0.1996969836881951,20
meps,gradual_global_mag0.5,lr,per_subgroup_ewma[min_pos],BalAcc,0.022180451127819557,0.20837942656285546,0.033815082547391344,0.23875110973222738,20
meps,gradual_global_mag0.5,lr,per_subgroup_baseline_relative[min_pos],DI_star,0.08751879699248119,0.21336888683706615,0.10609120601484798,0.2080845628488176,20
meps,gradual_global_mag0.5,lr,per_subgroup_baseline_relative[min_pos],AOD_star,0.034360902255639085,0.1933101715689578,0.0622967728997061,0.208691902142754,20
meps,gradual_global_mag0.5,lr,per_subgroup_baseline_relative[min_pos],BalAcc,0.06345864661654135,0.27376913496902466,0.036989584995222834,0.22393110198709093,20
meps,gradual_global_mag0.5,lr,per_subgroup_ewma[maj_neg],DI_star,0.02118082297301243,0.21477320992289164,0.040823600010327955,0.22176543104926558,19
meps,gradual_global_mag0.5,lr,per_subgroup_ewma[maj_neg],AOD_star,0.04861352304237396,0.21484329814949585,0.0452845285003475,0.22657632238384187,19
meps,gradual_global_mag0.5,lr,per_subgroup_ewma[maj_neg],BalAcc,0.044355459233305576,0.23568487450991296,0.036440112118509414,0.23423563733453265,19
meps,gradual_global_mag0.5,lr,per_subgroup_baseline_relative[maj_neg],DI_star,-0.014009297396778916,0.15342214266063403,0.04117236817186249,0.17214367929372726,19
meps,gradual_global_mag0.5,lr,per_subgroup_baseline_relative[maj_neg],AOD_star,0.016268299548926432,0.2118091423937722,0.06199380811039459,0.22230075849325592,19
meps,gradual_global_mag0.5,lr,per_subgroup_baseline_relative[maj_neg],BalAcc,0.03234019188415769,0.21694350835287968,0.11367894909192088,0.1823596387970064,19
meps,gradual_global_mag0.5,lr,per_subgroup_ewma[maj_pos],DI_star,0.02,0.16175943414359623,0.03469716629398519,0.16820069128689652,20
meps,gradual_global_mag0.5,lr,per_subgroup_ewma[maj_pos],AOD_star,0.062255639097744356,0.19297774300139242,0.060100372018841,0.20171622720194066,20
meps,gradual_global_mag0.5,lr,per_subgroup_ewma[maj_pos],BalAcc,0.014135338345864657,0.18237099007308855,0.021883711581614573,0.19838206594032798,20
meps,gradual_global_mag0.5,lr,per_subgroup_baseline_relative[maj_pos],DI_star,0.021804511278195493,0.1464436999336896,-0.011288474749700588,0.14521998507766448,20
meps,gradual_global_mag0.5,lr,per_subgroup_baseline_relative[maj_pos],AOD_star,0.03819548872180452,0.19363983987161607,-0.0055348503257562605,0.1995318318847525,20
meps,gradual_global_mag0.5,lr,per_subgroup_baseline_relative[maj_pos],BalAcc,0.04240601503759398,0.21195679424736938,0.02419757366168273,0.2327118278611453,20
meps,gradual_global_mag0.5,xgb,global_mean,DI_star,-0.11481451890031016,0.2239120776057041,-0.16270710126262536,0.21054509532841884,20
meps,gradual_global_mag0.5,xgb,global_mean,AOD_star,-0.1475187969924812,0.22202889122253705,-0.12115255770948911,0.2088499859589107,20
meps,gradual_global_mag0.5,xgb,global_mean,BalAcc,0.01699248120300751,0.2022475890731058,-0.016309308338465806,0.2073163924146598,20
meps,gradual_global_mag0.5,xgb,global_ewma,DI_star,-0.14267294859316962,0.2246097158672661,-0.18882983667171033,0.20999027918113836,20
meps,gradual_global_mag0.5,xgb,global_ewma,AOD_star,-0.13601503759398495,0.2109037835174442,-0.13956517805886348,0.20364354255977998,20
meps,gradual_global_mag0.5,xgb,global_ewma,BalAcc,-0.003458646616541353,0.2153303123632758,-0.03968279261111842,0.20752314395038893,20
meps,gradual_global_mag0.5,xgb,global_std,DI_star,0.17161975137214902,0.19635058303301442,0.2047661798241273,0.1912552423510611,20
meps,gradual_global_mag0.5,xgb,global_std,AOD_star,0.11872180451127816,0.19910448788070886,0.11622131206747324,0.18770708986251616,20
meps,gradual_global_mag0.5,xgb,global_std,BalAcc,0.06067669172932331,0.22314911672337012,0.06181996712744771,0.21650092155376213,20
meps,gradual_global_mag0.5,xgb,subgroup_violation_diff,DI_star,0.07447253878532803,0.22367719218915874,0.009593747779548432,0.19946508184885126,20
meps,gradual_global_mag0.5,xgb,subgroup_violation_diff,AOD_star,0.028721804511278197,0.23125986219464736,-0.010672658398521825,0.2084277833871922,20
meps,gradual_global_mag0.5,xgb,subgroup_violation_diff,BalAcc,0.05345864661654134,0.2536706500335631,0.005142807766965329,0.2645214583386794,20
meps,gradual_global_mag0.5,xgb,max_subgroup_deviation,DI_star,-0.003266618209853906,0.18846243557749995,-0.05178053416286227,0.18265349076696077,20
meps,gradual_global_mag0.5,xgb,max_subgroup_deviation,AOD_star,-0.042858047884460015,0.2430768075666799,-0.05718384440268305,0.21846785494018478,20
meps,gradual_global_mag0.5,xgb,max_subgroup_deviation,BalAcc,0.09977652896589649,0.2301727093470024,0.005192051245443491,0.27457993536728287,20
meps,gradual_global_mag0.5,xgb,assignment_proportion_drift,DI_star,-0.005211684460945298,0.2171716080464516,-0.04373798722951992,0.20639668563327151,20
meps,gradual_global_mag0.5,xgb,assignment_proportion_drift,AOD_star,-0.01898593676319875,0.19692921749091036,-0.04238300184320441,0.2159464577080491,20
meps,gradual_global_mag0.5,xgb,assignment_proportion_drift,BalAcc,-0.00894347488408232,0.27280249801874423,-0.014894526507818645,0.28027231402821484,20
meps,gradual_global_mag0.5,xgb,ks_statistic,DI_star,-0.13650838352244488,0.21138899146945342,-0.09921257049601834,0.20173806118597506,20
meps,gradual_global_mag0.5,xgb,ks_statistic,AOD_star,-0.1509022556390977,0.20943016188536986,-0.08211788980405466,0.22312225545470413,20
meps,gradual_global_mag0.5,xgb,ks_statistic,BalAcc,-0.00796992481203008,0.2501236508048678,-0.016361783487196586,0.28096936987990634,20
meps,gradual_global_mag0.5,xgb,kl_divergence,DI_star,-0.12752315243644505,0.2079083247107796,-0.13596721353165214,0.2138830898319528,20
meps,gradual_global_mag0.5,xgb,kl_divergence,AOD_star,-0.16526315789473683,0.18207285059516967,-0.11764956279236038,0.20589962132470027,20
meps,gradual_global_mag0.5,xgb,kl_divergence,BalAcc,-0.01112781954887219,0.23032734719860076,-0.03680711186247145,0.2378523049898244,20
meps,gradual_global_mag0.5,xgb,per_subgroup_ewma[min_neg],DI_star,nan,nan,nan,nan,0
meps,gradual_global_mag0.5,xgb,per_subgroup_ewma[min_neg],AOD_star,nan,nan,nan,nan,0
meps,gradual_global_mag0.5,xgb,per_subgroup_ewma[min_neg],BalAcc,nan,nan,nan,nan,0
meps,gradual_global_mag0.5,xgb,per_subgroup_baseline_relative[min_neg],DI_star,nan,nan,nan,nan,0
meps,gradual_global_mag0.5,xgb,per_subgroup_baseline_relative[min_neg],AOD_star,nan,nan,nan,nan,0
meps,gradual_global_mag0.5,xgb,per_subgroup_baseline_relative[min_neg],BalAcc,nan,nan,nan,nan,0
meps,gradual_global_mag0.5,xgb,per_subgroup_ewma[min_pos],DI_star,-0.14635741365841834,0.23375599654576154,-0.15912659230750564,0.21055866948513066,20
meps,gradual_global_mag0.5,xgb,per_subgroup_ewma[min_pos],AOD_star,-0.1448872180451128,0.22285758678027484,-0.11641119339883266,0.21482996515687916,20
meps,gradual_global_mag0.5,xgb,per_subgroup_ewma[min_pos],BalAcc,-0.002330827067669172,0.22787957967371414,-0.03001900732464934,0.23980207422427183,20
meps,gradual_global_mag0.5,xgb,per_subgroup_baseline_relative[min_pos],DI_star,-0.017105871223123452,0.23904870195698844,-0.06094824613209234,0.2072385266888191,20
meps,gradual_global_mag0.5,xgb,per_subgroup_baseline_relative[min_pos],AOD_star,-0.060676691729323294,0.278723041753249,-0.062051285692965565,0.22686039725858273,20
meps,gradual_global_mag0.5,xgb,per_subgroup_baseline_relative[min_pos],BalAcc,0.08593984962406014,0.24715065717119766,-0.002627803275727464,0.2689080068961341,20
meps,gradual_global_mag0.5,xgb,per_subgroup_ewma[maj_neg],DI_star,-0.04058350757708222,0.2564098631065733,-0.05567841003338924,0.2613080661119052,19
meps,gradual_global_mag0.5,xgb,per_subgroup_ewma[maj_neg],AOD_star,-0.05230992538497522,0.20529837058938616,-0.0490162454291833,0.2106992749462229,19
meps,gradual_global_mag0.5,xgb,per_subgroup_ewma[maj_neg],BalAcc,0.02655335909046727,0.23668132032230035,-0.012999837062589939,0.23029206137362737,19
meps,gradual_global_mag0.5,xgb,per_subgroup_baseline_relative[maj_neg],DI_star,0.017192194483104165,0.17973609072038368,0.012455538929659145,0.20740202911167713,19
meps,gradual_global_mag0.5,xgb,per_subgroup_baseline_relative[maj_neg],AOD_star,0.022871042950041446,0.18860642867159785,0.013508803742610586,0.21334695518815622,19
meps,gradual_global_mag0.5,xgb,per_subgroup_baseline_relative[maj_neg],BalAcc,0.04658314467851015,0.2271774382695104,0.08186634961462928,0.20083233348289678,19
meps,gradual_global_mag0.5,xgb,per_subgroup_ewma[maj_pos],DI_star,-0.17301091264943183,0.22604044869985082,-0.1846382087156856,0.20646549552927457,20
meps,gradual_global_mag0.5,xgb,per_subgroup_ewma[maj_pos],AOD_star,-0.14616541353383458,0.18124487083882365,-0.13834806343450906,0.19671799734590736,20
meps,gradual_global_mag0.5,xgb,per_subgroup_ewma[maj_pos],BalAcc,-0.02954887218045113,0.18419995366314348,-0.0515734226107323,0.18692158689159824,20
meps,gradual_global_mag0.5,xgb,per_subgroup_baseline_relative[maj_pos],DI_star,-0.15285889634756988,0.21116356324251861,-0.19916043931350624,0.19573155712371942,20
meps,gradual_global_mag0.5,xgb,per_subgroup_baseline_relative[maj_pos],AOD_star,-0.1631578947368421,0.1817338494619288,-0.1415216089504344,0.17953038396217513,20
meps,gradual_global_mag0.5,xgb,per_subgroup_baseline_relative[maj_pos],BalAcc,-0.0015037593984962446,0.189213928641677,-0.02852280802309982,0.19050733834500921,20
meps,gradual_global_mag1.0,lr,global_mean,DI_star,0.08233082706766917,0.1978920372556229,0.0754979032058284,0.20620336326762875,20
meps,gradual_global_mag1.0,lr,global_mean,AOD_star,0.06834586466165413,0.21062751327177517,0.04871274957757233,0.23705389852096123,20
meps,gradual_global_mag1.0,lr,global_mean,BalAcc,0.0004511278195488827,0.22401780898815188,0.017764027155682306,0.24061635443020413,20
meps,gradual_global_mag1.0,lr,global_ewma,DI_star,0.063984962406015,0.189713105087844,0.06004914891748532,0.19005439882930494,20
meps,gradual_global_mag1.0,lr,global_ewma,AOD_star,0.05947368421052631,0.2128201963563631,0.05238654747374612,0.22887881832955648,20
meps,gradual_global_mag1.0,lr,global_ewma,BalAcc,-0.007669172932330821,0.21707687540214948,0.013601600646818267,0.2142208408291956,20
meps,gradual_global_mag1.0,lr,global_std,DI_star,-0.013684210526315794,0.2064831408778626,-0.03171154200512412,0.2069429937877618,20
meps,gradual_global_mag1.0,lr,global_std,AOD_star,-0.03593984962406015,0.20661123325529931,-0.037963088819438315,0.22398313713067236,20
meps,gradual_global_mag1.0,lr,global_std,BalAcc,0.026842105263157882,0.24142166368380483,0.003640431624296378,0.2517582354614857,20
meps,gradual_global_mag1.0,lr,subgroup_violation_diff,DI_star,0.09225563909774437,0.18082309720055953,0.09557702194431186,0.21005136926189774,20
meps,gradual_global_mag1.0,lr,subgroup_violation_diff,AOD_star,0.03924812030075188,0.18653461028564342,0.05536605623729653,0.1987726602266718,20
meps,gradual_global_mag1.0,lr,subgroup_violation_diff,BalAcc,0.029699248120300736,0.23731918771309593,0.016853125376245264,0.20794804355542107,20
meps,gradual_global_mag1.0,lr,max_subgroup_deviation,DI_star,0.06977443609022554,0.1645056424375895,0.09804347297980044,0.1984598226263756,20
meps,gradual_global_mag1.0,lr,max_subgroup_deviation,AOD_star,0.04398496240601503,0.17428556832108685,0.05577775317602801,0.19808384820206035,20
meps,gradual_global_mag1.0,lr,max_subgroup_deviation,BalAcc,0.06593984962406013,0.24553277132459414,0.031741341042811864,0.22741176628665924,20
meps,gradual_global_mag1.0,lr,assignment_proportion_drift,DI_star,0.03531734755349184,0.18607957586797813,0.07609104897865837,0.21051129676133548,20
meps,gradual_global_mag1.0,lr,assignment_proportion_drift,AOD_star,-0.004525338452540936,0.2220728527272504,0.03605192696752682,0.2039142005032919,20
meps,gradual_global_mag1.0,lr,assignment_proportion_drift,BalAcc,0.02074880017331741,0.22280978434706,0.010795974265916636,0.2184741599430677,20
meps,gradual_global_mag1.0,lr,ks_statistic,DI_star,0.06090225563909772,0.19564741967933214,0.09063938543763142,0.21174754659403675,20
meps,gradual_global_mag1.0,lr,ks_statistic,AOD_star,0.0588721804511278,0.19912424862769165,0.06130832956691541,0.22554542277389203,20
meps,gradual_global_mag1.0,lr,ks_statistic,BalAcc,-0.016842105263157887,0.21834182560111817,0.01664699766953871,0.22366720480069682,20
meps,gradual_global_mag1.0,lr,kl_divergence,DI_star,0.02804511278195489,0.22929903729566864,0.06606351103435498,0.22401627398973595,20
meps,gradual_global_mag1.0,lr,kl_divergence,AOD_star,0.015939849624060153,0.24256594660684758,0.053498455094966445,0.2358884574183073,20
meps,gradual_global_mag1.0,lr,kl_divergence,BalAcc,0.030225563909774433,0.2607043083453873,0.03488593929779797,0.24971459125356993,20
meps,gradual_global_mag1.0,lr,per_subgroup_ewma[min_neg],DI_star,nan,nan,nan,nan,0
meps,gradual_global_mag1.0,lr,per_subgroup_ewma[min_neg],AOD_star,nan,nan,nan,nan,0
meps,gradual_global_mag1.0,lr,per_subgroup_ewma[min_neg],BalAcc,nan,nan,nan,nan,0
meps,gradual_global_mag1.0,lr,per_subgroup_baseline_relative[min_neg],DI_star,nan,nan,nan,nan,0
meps,gradual_global_mag1.0,lr,per_subgroup_baseline_relative[min_neg],AOD_star,nan,nan,nan,nan,0
meps,gradual_global_mag1.0,lr,per_subgroup_baseline_relative[min_neg],BalAcc,nan,nan,nan,nan,0
meps,gradual_global_mag1.0,lr,per_subgroup_ewma[min_pos],DI_star,0.06879699248120301,0.20339805098235936,0.0636568222040875,0.18859519793100685,20
meps,gradual_global_mag1.0,lr,per_subgroup_ewma[min_pos],AOD_star,0.0632330827067669,0.20878683901548842,0.04723632692153591,0.21447990887942886,20
meps,gradual_global_mag1.0,lr,per_subgroup_ewma[min_pos],BalAcc,-0.010526315789473661,0.21345598496170204,0.017202082095173987,0.2342121305638575,20
meps,gradual_global_mag1.0,lr,per_subgroup_baseline_relative[min_pos],DI_star,0.08473684210526315,0.19623125319824616,0.09916929287841952,0.2213568705782449,20
meps,gradual_global_mag1.0,lr,per_subgroup_baseline_relative[min_pos],AOD_star,0.04413533834586466,0.16423591406379476,0.05903289315109937,0.21139928429672336,20
meps,gradual_global_mag1.0,lr,per_subgroup_baseline_relative[min_pos],BalAcc,0.06714285714285714,0.2505464771784368,0.02311652548368494,0.22797331425601622,20
meps,gradual_global_mag1.0,lr,per_subgroup_ewma[maj_neg],DI_star,0.02031371285935527,0.22029834957135183,0.025414128239773036,0.23737871344404032,19
meps,gradual_global_mag1.0,lr,per_subgroup_ewma[maj_neg],AOD_star,0.019764581003028026,0.2044573277431186,0.004876234237344858,0.24270751983834782,19
meps,gradual_global_mag1.0,lr,per_subgroup_ewma[maj_neg],BalAcc,0.06304262625993823,0.21127983310569756,0.05218445334618287,0.20780923023447712,19
meps,gradual_global_mag1.0,lr,per_subgroup_baseline_relative[maj_neg],DI_star,-0.01697923343970764,0.21289214246537036,0.030759049782853383,0.23955734687524965,19
meps,gradual_global_mag1.0,lr,per_subgroup_baseline_relative[maj_neg],AOD_star,-0.03651554572508562,0.26317002140724305,0.011897294107149134,0.2663543283220133,19
meps,gradual_global_mag1.0,lr,per_subgroup_baseline_relative[maj_neg],BalAcc,0.005505784053320507,0.24334357993735298,0.035633355267418634,0.237829252615648,19
meps,gradual_global_mag1.0,lr,per_subgroup_ewma[maj_pos],DI_star,0.025864661654135333,0.1703631315321733,0.050805739906996994,0.19069888710961833,20
meps,gradual_global_mag1.0,lr,per_subgroup_ewma[maj_pos],AOD_star,0.03706766917293235,0.2054771943097907,0.052990742267006494,0.2326569422362941,20
meps,gradual_global_mag1.0,lr,per_subgroup_ewma[maj_pos],BalAcc,-0.010000000000000005,0.20921572455694668,0.011911193093196317,0.20041179383399754,20
meps,gradual_global_mag1.0,lr,per_subgroup_baseline_relative[maj_pos],DI_star,0.03827067669172932,0.17193400953571525,0.03676642411767032,0.18333529443009386,20
meps,gradual_global_mag1.0,lr,per_subgroup_baseline_relative[maj_pos],AOD_star,0.03721804511278196,0.20329629975434796,0.02390189125330162,0.2310845377589753,20
meps,gradual_global_mag1.0,lr,per_subgroup_baseline_relative[maj_pos],BalAcc,-0.00684210526315789,0.2148668942334969,0.007681480574095389,0.2379717850589455,20
meps,gradual_global_mag1.0,xgb,global_mean,DI_star,0.16789473684210524,0.3237595294552885,0.247062136139424,0.3435272938227051,20
meps,gradual_global_mag1.0,xgb,global_mean,AOD_star,-0.3480451127819549,0.24836145719650216,-0.3186727167927058,0.25877736751244146,20
meps,gradual_global_mag1.0,xgb,global_mean,BalAcc,-0.4810622192120886,0.19191313216055406,-0.5107401293217261,0.1604123410357619,20
meps,gradual_global_mag1.0,xgb,global_ewma,DI_star,0.153984962406015,0.33514354232529897,0.2571781439436118,0.3927244256494395,20
meps,gradual_global_mag1.0,xgb,global_ewma,AOD_star,-0.3584962406015037,0.24952819972958176,-0.3674229952771163,0.25193346783829135,20
meps,gradual_global_mag1.0,xgb,global_ewma,BalAcc,-0.4939574509910079,0.17264581390126732,-0.5588895909162959,0.16980999122582177,20
meps,gradual_global_mag1.0,xgb,global_std,DI_star,-0.16834586466165413,0.3106431628545847,-0.22518034425474798,0.33528635580809923,20
meps,gradual_global_mag1.0,xgb,global_std,AOD_star,0.22308270676691727,0.2863551479076708,0.2653708048496026,0.26109359919116953,20
meps,gradual_global_mag1.0,xgb,global_std,BalAcc,0.46861856776637667,0.12275643185367195,0.5029515117480854,0.1281087934434702,20
meps,gradual_global_mag1.0,xgb,subgroup_violation_diff,DI_star,-0.1506015037593985,0.24361286314618547,-0.09449923245228008,0.2064645227261202,20
meps,gradual_global_mag1.0,xgb,subgroup_violation_diff,AOD_star,0.034210526315789476,0.25254244533928916,-0.06675972392754692,0.23174487663838275,20
meps,gradual_global_mag1.0,xgb,subgroup_violation_diff,BalAcc,0.22590829386822947,0.20991813513009855,0.05724399106867626,0.2159300120258438,20
meps,gradual_global_mag1.0,xgb,max_subgroup_deviation,DI_star,0.10526315789473684,0.22261886950693577,0.09867515355461016,0.19260590638230532,20
meps,gradual_global_mag1.0,xgb,max_subgroup_deviation,AOD_star,-0.17172932330827068,0.2703530228564256,-0.2105831004564665,0.2167973744361655,20
meps,gradual_global_mag1.0,xgb,max_subgroup_deviation,BalAcc,-0.18488659583883224,0.25333266242745,-0.24964715449808966,0.17648179715099596,20
meps,gradual_global_mag1.0,xgb,assignment_proportion_drift,DI_star,-0.14314304061942495,0.2360738649237674,-0.03472853975805133,0.18068865202155682,20
meps,gradual_global_mag1.0,xgb,assignment_proportion_drift,AOD_star,0.0357419395625624,0.2493301983888675,-0.10945959271927483,0.23066271316362774,20
meps,gradual_global_mag1.0,xgb,assignment_proportion_drift,BalAcc,0.18742735645580816,0.21383182076905616,-0.04946285044038515,0.18458448227715116,20
meps,gradual_global_mag1.0,xgb,ks_statistic,DI_star,0.15654135338345865,0.3421741317114134,0.2203440279963454,0.338312220131826,20
meps,gradual_global_mag1.0,xgb,ks_statistic,AOD_star,-0.36421052631578943,0.24150001401603252,-0.3200205068199148,0.24120136056123243,20
meps,gradual_global_mag1.0,xgb,ks_statistic,BalAcc,-0.4958359906728781,0.18310219733805413,-0.4738136038022553,0.17420122185638232,20
meps,gradual_global_mag1.0,xgb,kl_divergence,DI_star,-0.016917293233082706,0.219532842653065,0.06955839809186151,0.22776613971304271,20
meps,gradual_global_mag1.0,xgb,kl_divergence,AOD_star,-0.20187969924812027,0.21081069675694608,-0.22179536850931503,0.21390981933360356,20
meps,gradual_global_mag1.0,xgb,kl_divergence,BalAcc,-0.1447404622145318,0.1737967313042333,-0.254445578267931,0.15771126941789523,20
meps,gradual_global_mag1.0,xgb,per_subgroup_ewma[min_neg],DI_star,nan,nan,nan,nan,0
meps,gradual_global_mag1.0,xgb,per_subgroup_ewma[min_neg],AOD_star,nan,nan,nan,nan,0
meps,gradual_global_mag1.0,xgb,per_subgroup_ewma[min_neg],BalAcc,nan,nan,nan,nan,0
meps,gradual_global_mag1.0,xgb,per_subgroup_baseline_relative[min_neg],DI_star,nan,nan,nan,nan,0
meps,gradual_global_mag1.0,xgb,per_subgroup_baseline_relative[min_neg],AOD_star,nan,nan,nan,nan,0
meps,gradual_global_mag1.0,xgb,per_subgroup_baseline_relative[min_neg],BalAcc,nan,nan,nan,nan,0
meps,gradual_global_mag1.0,xgb,per_subgroup_ewma[min_pos],DI_star,0.14120300751879694,0.3362682746490872,0.13650531351828885,0.3289306854538662,20
meps,gradual_global_mag1.0,xgb,per_subgroup_ewma[min_pos],AOD_star,-0.3648120300751879,0.2419349328444612,-0.36057897425639496,0.2263381980836197,20
meps,gradual_global_mag1.0,xgb,per_subgroup_ewma[min_pos],BalAcc,-0.49049832357870427,0.17812442867709918,-0.428641777481417,0.17110853106759583,20
meps,gradual_global_mag1.0,xgb,per_subgroup_baseline_relative[min_pos],DI_star,0.039473684210526314,0.31052972926813616,0.07173852111807492,0.22890866645214,20
meps,gradual_global_mag1.0,xgb,per_subgroup_baseline_relative[min_pos],AOD_star,-0.2012781954887218,0.3168572263557079,-0.21415111377130103,0.2248868126366885,20
meps,gradual_global_mag1.0,xgb,per_subgroup_baseline_relative[min_pos],BalAcc,-0.16405565352145768,0.2683782684329064,-0.2392751140195688,0.1818978118127138,20
meps,gradual_global_mag1.0,xgb,per_subgroup_ewma[maj_neg],DI_star,-0.06951731659559196,0.3591895043572673,0.002090219346326867,0.37259855892679417,19
meps,gradual_global_mag1.0,xgb,per_subgroup_ewma[maj_neg],AOD_star,-0.1230137667500304,0.2948441299187472,-0.17193141127257014,0.24678591947133618,19
meps,gradual_global_mag1.0,xgb,per_subgroup_ewma[maj_neg],BalAcc,-0.07963989467976801,0.36285782483242074,-0.1513784974096652,0.3580612127233639,19
meps,gradual_global_mag1.0,xgb,per_subgroup_baseline_relative[maj_neg],DI_star,-0.016106584100077603,0.25915855760373213,0.020720924308991372,0.239537961345208,19
meps,gradual_global_mag1.0,xgb,per_subgroup_baseline_relative[maj_neg],AOD_star,-0.0024851854761203662,0.21605610827991883,-0.053133897502669565,0.2142604021601591,19
meps,gradual_global_mag1.0,xgb,per_subgroup_baseline_relative[maj_neg],BalAcc,0.0604872274306954,0.17452180310767457,-0.003525932523828557,0.18824808871574739,19
meps,gradual_global_mag1.0,xgb,per_subgroup_ewma[maj_pos],DI_star,0.13661654135338347,0.35033213931264984,0.33553683578827836,0.42670221580849704,20
meps,gradual_global_mag1.0,xgb,per_subgroup_ewma[maj_pos],AOD_star,-0.3637593984962405,0.23758061254839957,-0.3326812924832643,0.2863002618107302,20
meps,gradual_global_mag1.0,xgb,per_subgroup_ewma[maj_pos],BalAcc,-0.5045590395967174,0.15987983749900092,-0.617852454958365,0.1730089395055164,20
meps,gradual_global_mag1.0,xgb,per_subgroup_baseline_relative[maj_pos],DI_star,0.1414285714285714,0.33022072767183225,0.3084644127364586,0.3855239526857896,20
meps,gradual_global_mag1.0,xgb,per_subgroup_baseline_relative[maj_pos],AOD_star,-0.3574436090225564,0.2485569636772142,-0.30805868137096404,0.29495977391610867,20
meps,gradual_global_mag1.0,xgb,per_subgroup_baseline_relative[maj_pos],BalAcc,-0.4894462293597265,0.17448555872642227,-0.5817121900887169,0.15596771114650196,20
meps,gradual_global_mag2.0,lr,global_mean,DI_star,0.07774436090225562,0.23186833788224118,0.09358624030009653,0.24001667469107352,20
meps,gradual_global_mag2.0,lr,global_mean,AOD_star,0.05157894736842106,0.21436621624657343,0.0422224363823819,0.23516138636383196,20
meps,gradual_global_mag2.0,lr,global_mean,BalAcc,-0.0074826029716500405,0.25921272543689117,0.0049788529579966895,0.24605627251875584,20
meps,gradual_global_mag2.0,lr,global_ewma,DI_star,0.06842105263157895,0.2277143110367862,0.07976913491631336,0.23301652433590514,20
meps,gradual_global_mag2.0,lr,global_ewma,AOD_star,0.04999999999999999,0.21351417626338182,0.042808901814527255,0.23037901347137157,20
meps,gradual_global_mag2.0,lr,global_ewma,BalAcc,-0.0056029037235297355,0.2602671393505738,0.004153368708115526,0.23760513449716372,20
meps,gradual_global_mag2.0,lr,global_std,DI_star,-0.06263157894736843,0.24510552828420132,-0.0646897499220057,0.24881877832127464,20
meps,gradual_global_mag2.0,lr,global_std,AOD_star,-0.03360902255639097,0.17561648518048945,-0.02818548177538053,0.2002404940185709,20
meps,gradual_global_mag2.0,lr,global_std,BalAcc,0.015075994009879176,0.2554547397434068,0.016338349190331412,0.2585139733559109,20
meps,gradual_global_mag2.0,lr,subgroup_violation_diff,DI_star,0.0738345864661654,0.18080097665552222,0.06300416132855094,0.211419930210937,20
meps,gradual_global_mag2.0,lr,subgroup_violation_diff,AOD_star,0.030601503759398508,0.249144060201929,0.016978098438129197,0.24674917747951752,20
meps,gradual_global_mag2.0,lr,subgroup_violation_diff,BalAcc,0.036885256681489766,0.20339649878659397,0.03415012972894886,0.18591759060637103,20
meps,gradual_global_mag2.0,lr,max_subgroup_deviation,DI_star,0.07947368421052632,0.20551570846950712,0.12261003429447562,0.23474467915391892,20
meps,gradual_global_mag2.0,lr,max_subgroup_deviation,AOD_star,0.05293233082706765,0.19476128391914407,0.07124765105878784,0.2377754012869473,20
meps,gradual_global_mag2.0,lr,max_subgroup_deviation,BalAcc,-0.01733120887606859,0.25260086583418945,0.014469543900202778,0.24304040593175316,20
meps,gradual_global_mag2.0,lr,assignment_proportion_drift,DI_star,0.0826990753233802,0.2149453058766562,0.11155119477929684,0.20945995969324552,20
meps,gradual_global_mag2.0,lr,assignment_proportion_drift,AOD_star,0.09921914257119681,0.21337446940316598,0.07343058164003928,0.23257668705814405,20
meps,gradual_global_mag2.0,lr,assignment_proportion_drift,BalAcc,0.000594170971822898,0.2600242608855972,0.010905871045205965,0.2354257866922272,20
meps,gradual_global_mag2.0,lr,ks_statistic,DI_star,0.06270676691729322,0.23853582240827872,0.09565756078804181,0.23187136513447557,20
meps,gradual_global_mag2.0,lr,ks_statistic,AOD_star,0.04135338345864661,0.2027397286959901,0.04497696725836389,0.2266182787186671,20
meps,gradual_global_mag2.0,lr,ks_statistic,BalAcc,-0.01755895050782495,0.2549261409905403,0.012307354847914728,0.2563531265285879,20
meps,gradual_global_mag2.0,lr,kl_divergence,DI_star,0.0693984962406015,0.28905028111412456,0.0981114209038034,0.2781413417413003,20
meps,gradual_global_mag2.0,lr,kl_divergence,AOD_star,0.02360902255639096,0.2232128603041152,0.03642804388055704,0.23506871952537806,20
meps,gradual_global_mag2.0,lr,kl_divergence,BalAcc,0.007329285693019635,0.2515204198507169,0.008031963791806974,0.23941046549456965,20
meps,gradual_global_mag2.0,lr,per_subgroup_ewma[min_neg],DI_star,nan,nan,nan,nan,0
meps,gradual_global_mag2.0,lr,per_subgroup_ewma[min_neg],AOD_star,nan,nan,nan,nan,0
meps,gradual_global_mag2.0,lr,per_subgroup_ewma[min_neg],BalAcc,nan,nan,nan,nan,0
meps,gradual_global_mag2.0,lr,per_subgroup_baseline_relative[min_neg],DI_star,nan,nan,nan,nan,0
meps,gradual_global_mag2.0,lr,per_subgroup_baseline_relative[min_neg],AOD_star,nan,nan,nan,nan,0
meps,gradual_global_mag2.0,lr,per_subgroup_baseline_relative[min_neg],BalAcc,nan,nan,nan,nan,0
meps,gradual_global_mag2.0,lr,per_subgroup_ewma[min_pos],DI_star,0.06932330827067668,0.2302465821868804,0.07517134612199018,0.22961246421850115,20
meps,gradual_global_mag2.0,lr,per_subgroup_ewma[min_pos],AOD_star,0.051654135338345855,0.21457981400820378,0.028403614023503575,0.22689093162628945,20
meps,gradual_global_mag2.0,lr,per_subgroup_ewma[min_pos],BalAcc,-0.009325316300036647,0.257379010823682,0.0063840924863907455,0.25657071353355787,20
meps,gradual_global_mag2.0,lr,per_subgroup_baseline_relative[min_pos],DI_star,0.07030075187969922,0.1986988456777565,0.11664430420847767,0.23224050465527601,20
meps,gradual_global_mag2.0,lr,per_subgroup_baseline_relative[min_pos],AOD_star,0.037518796992481195,0.2093616954473908,0.051524392805944966,0.2386364163039653,20
meps,gradual_global_mag2.0,lr,per_subgroup_baseline_relative[min_pos],BalAcc,-0.014851221999007246,0.27134273104398304,0.016690495573560334,0.2529074938538639,20
meps,gradual_global_mag2.0,lr,per_subgroup_ewma[maj_neg],DI_star,0.058788002992543116,0.16876584617054216,0.04560846650758835,0.1928950720267278,19
meps,gradual_global_mag2.0,lr,per_subgroup_ewma[maj_neg],AOD_star,0.11157384925806539,0.18867213803200847,0.10719465364206986,0.218507464089331,19
meps,gradual_global_mag2.0,lr,per_subgroup_ewma[maj_neg],BalAcc,0.04223680908418284,0.23067202572224707,0.05352350503235943,0.23995228079856887,19
meps,gradual_global_mag2.0,lr,per_subgroup_baseline_relative[maj_neg],DI_star,0.03526956419487977,0.20961276479020743,0.09550468439019416,0.153372909713481,19
meps,gradual_global_mag2.0,lr,per_subgroup_baseline_relative[maj_neg],AOD_star,0.030627240502763525,0.23626981457138332,0.10407084171188427,0.18770180431428285,19
meps,gradual_global_mag2.0,lr,per_subgroup_baseline_relative[maj_neg],BalAcc,0.029112363878639632,0.2076868356055551,0.05592480261530704,0.21129783141950537,19
meps,gradual_global_mag2.0,lr,per_subgroup_ewma[maj_pos],DI_star,0.05285714285714286,0.2286413006579421,0.08353112552477278,0.23600816747490339,20
meps,gradual_global_mag2.0,lr,per_subgroup_ewma[maj_pos],AOD_star,0.03917293233082707,0.20877438342316754,0.05098324404128164,0.23438437981480906,20
meps,gradual_global_mag2.0,lr,per_subgroup_ewma[maj_pos],BalAcc,-0.015867065632946566,0.26026068149959614,0.005384485013557582,0.2211433133670542,20
meps,gradual_global_mag2.0,lr,per_subgroup_baseline_relative[maj_pos],DI_star,0.057293233082706764,0.22660107415621664,0.07967445933276374,0.24379422199976725,20
meps,gradual_global_mag2.0,lr,per_subgroup_baseline_relative[maj_pos],AOD_star,0.03729323308270676,0.20895904265736379,0.03912743876188622,0.23560983375751288,20
meps,gradual_global_mag2.0,lr,per_subgroup_baseline_relative[maj_pos],BalAcc,-0.02846264853420944,0.2680417252786303,0.0010320034605857896,0.23064452214420944,20
meps,gradual_global_mag2.0,xgb,global_mean,DI_star,0.7381561990660513,0.1803869279629328,0.7622963852164231,0.12162672649230764,20
meps,gradual_global_mag2.0,xgb,global_mean,AOD_star,0.39015372128949977,0.20075266709243356,0.3730516250355342,0.1913423310798767,20
meps,gradual_global_mag2.0,xgb,global_mean,BalAcc,-0.8325719656456363,0.0823136319540586,-0.8273496507496553,0.07832162895390787,20
meps,gradual_global_mag2.0,xgb,global_ewma,DI_star,0.7363071292969068,0.17995505881844365,0.8322848826328636,0.10924498717502173,20
meps,gradual_global_mag2.0,xgb,global_ewma,AOD_star,0.3898895684653363,0.19977379552381347,0.46221204812224437,0.1826462091328273,20
meps,gradual_global_mag2.0,xgb,global_ewma,BalAcc,-0.8356285911823853,0.08249553796697828,-0.8807645977701238,0.05936341728736567,20
meps,gradual_global_mag2.0,xgb,global_std,DI_star,-0.4556636216820496,0.27752957174339293,-0.45741748569879015,0.1964220683349671,20
meps,gradual_global_mag2.0,xgb,global_std,AOD_star,0.006905709545988828,0.31715219296050634,-0.05853154105431565,0.24520308412550726,20
meps,gradual_global_mag2.0,xgb,global_std,BalAcc,0.5783814765648673,0.1491636276772166,0.578894216148248,0.14225342731540422,20
meps,gradual_global_mag2.0,xgb,subgroup_violation_diff,DI_star,-0.35924784086236944,0.16380865780766918,-0.3843252686582782,0.1624047720195934,20
meps,gradual_global_mag2.0,xgb,subgroup_violation_diff,AOD_star,-0.3576629239173884,0.17915762295232526,-0.3378516457370351,0.170544328827445,20
meps,gradual_global_mag2.0,xgb,subgroup_violation_diff,BalAcc,0.326341946195144,0.19016688117980274,0.34342649405610887,0.18742932573406182,20
meps,gradual_global_mag2.0,xgb,max_subgroup_deviation,DI_star,0.7083069299355749,0.14934494699209305,0.711792546266641,0.09097738445785847,20
meps,gradual_global_mag2.0,xgb,max_subgroup_deviation,AOD_star,0.42007846265545135,0.16647683424684687,0.3987622612620361,0.15092622307634687,20
meps,gradual_global_mag2.0,xgb,max_subgroup_deviation,BalAcc,-0.7781942199856914,0.10984306520991435,-0.7511936793888888,0.08558627352713397,20
meps,gradual_global_mag2.0,xgb,assignment_proportion_drift,DI_star,0.2441005743693448,0.347681992686213,0.32525143142254687,0.25064032409525394,20
meps,gradual_global_mag2.0,xgb,assignment_proportion_drift,AOD_star,0.26949734301676576,0.287117517181987,0.17545217602703614,0.2177265032731372,20
meps,gradual_global_mag2.0,xgb,assignment_proportion_drift,BalAcc,-0.24796702486595312,0.3050761265609428,-0.35154277541985496,0.2397710132616571,20
meps,gradual_global_mag2.0,xgb,ks_statistic,DI_star,0.7342316428213363,0.18060543401466475,0.6734941327859281,0.12523211130415482,20
meps,gradual_global_mag2.0,xgb,ks_statistic,AOD_star,0.38653105398668586,0.19728134499762975,0.27533374501086916,0.19000380100695827,20
meps,gradual_global_mag2.0,xgb,ks_statistic,BalAcc,-0.838307855541758,0.08015239351335271,-0.7568937600234565,0.0872335115852933,20
meps,gradual_global_mag2.0,xgb,kl_divergence,DI_star,0.40955008580664864,0.1719586938153287,0.4356488922835647,0.11832570714549348,20
meps,gradual_global_mag2.0,xgb,kl_divergence,AOD_star,0.12207634088127786,0.21829708099977763,0.10937056465660717,0.17577198934139468,20
meps,gradual_global_mag2.0,xgb,kl_divergence,BalAcc,-0.5096262700468802,0.1398416973952025,-0.5237282080239619,0.11424364751513458,20
meps,gradual_global_mag2.0,xgb,per_subgroup_ewma[min_neg],DI_star,nan,nan,nan,nan,0
meps,gradual_global_mag2.0,xgb,per_subgroup_ewma[min_neg],AOD_star,nan,nan,nan,nan,0
meps,gradual_global_mag2.0,xgb,per_subgroup_ewma[min_neg],BalAcc,nan,nan,nan,nan,0
meps,gradual_global_mag2.0,xgb,per_subgroup_baseline_relative[min_neg],DI_star,nan,nan,nan,nan,0
meps,gradual_global_mag2.0,xgb,per_subgroup_baseline_relative[min_neg],AOD_star,nan,nan,nan,nan,0
meps,gradual_global_mag2.0,xgb,per_subgroup_baseline_relative[min_neg],BalAcc,nan,nan,nan,nan,0
meps,gradual_global_mag2.0,xgb,per_subgroup_ewma[min_pos],DI_star,0.7344957956454998,0.18031035748699567,0.6953537033973246,0.12404772968858577,20
meps,gradual_global_mag2.0,xgb,per_subgroup_ewma[min_pos],AOD_star,0.388002762578454,0.19735576856232426,0.28708759920929533,0.18701721745508074,20
meps,gradual_global_mag2.0,xgb,per_subgroup_ewma[min_pos],BalAcc,-0.8356285911823855,0.08076643568799759,-0.7849640066928231,0.08960719355135963,20
meps,gradual_global_mag2.0,xgb,per_subgroup_baseline_relative[min_pos],DI_star,0.6537405036869421,0.15479364695422396,0.5005730732040441,0.10428992045499454,20
meps,gradual_global_mag2.0,xgb,per_subgroup_baseline_relative[min_pos],AOD_star,0.4061915713279983,0.1721777271964587,0.19529248634459867,0.16338678614107788,20
meps,gradual_global_mag2.0,xgb,per_subgroup_baseline_relative[min_pos],BalAcc,-0.7199296541987694,0.1353343454321295,-0.5691812896204318,0.10700254171669249,20
meps,gradual_global_mag2.0,xgb,per_subgroup_ewma[maj_neg],DI_star,0.32927995915376385,0.4582705485708629,0.37222537159268126,0.4058083781251183,19
meps,gradual_global_mag2.0,xgb,per_subgroup_ewma[maj_neg],AOD_star,0.12701501603304807,0.3356780367729435,0.161072438550066,0.34719562334093274,19
meps,gradual_global_mag2.0,xgb,per_subgroup_ewma[maj_neg],BalAcc,-0.39516014952723183,0.43813558766157135,-0.4108344745578205,0.380843987717897,19
meps,gradual_global_mag2.0,xgb,per_subgroup_baseline_relative[maj_neg],DI_star,0.023433978865330263,0.2687775305481809,0.16863986089768215,0.2577817481309454,19
meps,gradual_global_mag2.0,xgb,per_subgroup_baseline_relative[maj_neg],AOD_star,0.06315077635442477,0.2707648073164818,0.11506890098946203,0.23969621814421835,19
meps,gradual_global_mag2.0,xgb,per_subgroup_baseline_relative[maj_neg],BalAcc,0.01625209531595782,0.22193578838130704,-0.14939077355467983,0.243872184240357,19
meps,gradual_global_mag2.0,xgb,per_subgroup_ewma[maj_pos],DI_star,0.7312504895200624,0.18055096242938265,0.8803378571888055,0.08649341852702491,20
meps,gradual_global_mag2.0,xgb,per_subgroup_ewma[maj_pos],AOD_star,0.38694615128180004,0.19689158545472524,0.5647969649375466,0.16618401431676927,20
meps,gradual_global_mag2.0,xgb,per_subgroup_ewma[maj_pos],BalAcc,-0.8394776751916251,0.0791549049314665,-0.8972841204340964,0.04067145355174232,20
meps,gradual_global_mag2.0,xgb,per_subgroup_baseline_relative[maj_pos],DI_star,0.7307221838717355,0.17879237185946523,0.8444763537166627,0.11205489661793178,20
meps,gradual_global_mag2.0,xgb,per_subgroup_baseline_relative[maj_pos],AOD_star,0.3845310397465908,0.1974367960852123,0.4850188220432826,0.18883412693672794,20
meps,gradual_global_mag2.0,xgb,per_subgroup_baseline_relative[maj_pos],BalAcc,-0.8445343149684692,0.07445480431525657,-0.8849637462226856,0.05945241713637912,20
meps,abrupt_group_mag0.5,lr,global_mean,DI_star,0.07315789473684212,0.27168661842838115,0.09754094643074249,0.25592743224896775,20
meps,abrupt_group_mag0.5,lr,global_mean,AOD_star,-0.0051127819548872225,0.29606131745224623,0.03265234891810511,0.26669941616954795,20
meps,abrupt_group_mag0.5,lr,global_mean,BalAcc,0.070559823010457,0.2690853282319596,0.010242474550323531,0.2505037005348919,20
meps,abrupt_group_mag0.5,lr,global_ewma,DI_star,0.06443609022556392,0.1901201972739842,0.06667620475305572,0.20344969970841079,20
meps,abrupt_group_mag0.5,lr,global_ewma,AOD_star,0.06518796992481203,0.22829537891247106,0.06428314689814195,0.21797664920624957,20
meps,abrupt_group_mag0.5,lr,global_ewma,BalAcc,0.026240233836411803,0.2215597599103101,0.042382891550481035,0.2364173288286308,20
meps,abrupt_group_mag0.5,lr,global_std,DI_star,0.12751879699248117,0.24959353015585953,0.08865301327844448,0.24361332644819558,20
meps,abrupt_group_mag0.5,lr,global_std,AOD_star,0.07097744360902254,0.2609828914848705,0.02640790513310296,0.26081739348082494,20
meps,abrupt_group_mag0.5,lr,global_std,BalAcc,0.03233272196861449,0.17840801196984907,0.02903976058334425,0.17942168245121295,20
meps,abrupt_group_mag0.5,lr,subgroup_violation_diff,DI_star,0.03593984962406015,0.14757841414117823,0.07389430651152795,0.20117752775980066,20
meps,abrupt_group_mag0.5,lr,subgroup_violation_diff,AOD_star,0.006466165413533835,0.22060519393564712,0.028964092595761576,0.2181004201999915,20
meps,abrupt_group_mag0.5,lr,subgroup_violation_diff,BalAcc,0.055378640790523716,0.28539235013190706,0.03896477432281863,0.25647855868868696,20
meps,abrupt_group_mag0.5,lr,max_subgroup_deviation,DI_star,0.06353383458646616,0.23295940226248235,0.07544859252444197,0.2335388787859648,20
meps,abrupt_group_mag0.5,lr,max_subgroup_deviation,AOD_star,-0.0012781954887218089,0.2598856817609898,-0.0007081438018371623,0.24925330783388833,20
meps,abrupt_group_mag0.5,lr,max_subgroup_deviation,BalAcc,0.06687954369655016,0.2552772636726713,0.040962888733673916,0.2568843017679325,20
meps,abrupt_group_mag0.5,lr,assignment_proportion_drift,DI_star,-0.05808324683692993,0.2588976848112264,0.05042175862473648,0.2523713506423124,20
meps,abrupt_group_mag0.5,lr,assignment_proportion_drift,AOD_star,-0.04375517560291305,0.28333460087396195,0.020309956894479404,0.2611922282765289,20
meps,abrupt_group_mag0.5,lr,assignment_proportion_drift,BalAcc,0.02544402115343275,0.24288095242103105,-0.0005501088107332172,0.23802051138464217,20
meps,abrupt_group_mag0.5,lr,ks_statistic,DI_star,-0.027518796992481193,0.2239531964541843,0.06943087956229321,0.24927817489859028,20
meps,abrupt_group_mag0.5,lr,ks_statistic,AOD_star,-0.06556390977443607,0.29261179603786935,0.025780374747452282,0.25481333895784697,20
meps,abrupt_group_mag0.5,lr,ks_statistic,BalAcc,0.004241459865339623,0.22893393997897166,-0.006286299939244034,0.24492798160124368,20
meps,abrupt_group_mag0.5,lr,kl_divergence,DI_star,0.013759398496240602,0.22876588236281067,0.04022968020700698,0.25188087653877583,20
meps,abrupt_group_mag0.5,lr,kl_divergence,AOD_star,-0.03150375939849623,0.25969253248954366,0.01120277520311137,0.2547722301036126,20
meps,abrupt_group_mag0.5,lr,kl_divergence,BalAcc,0.015072062797470209,0.21860267275535755,0.02010706916193883,0.23066916439549348,20
meps,abrupt_group_mag0.5,lr,per_subgroup_ewma[min_neg],DI_star,nan,nan,nan,nan,0
meps,abrupt_group_mag0.5,lr,per_subgroup_ewma[min_neg],AOD_star,nan,nan,nan,nan,0
meps,abrupt_group_mag0.5,lr,per_subgroup_ewma[min_neg],BalAcc,nan,nan,nan,nan,0
meps,abrupt_group_mag0.5,lr,per_subgroup_baseline_relative[min_neg],DI_star,nan,nan,nan,nan,0
meps,abrupt_group_mag0.5,lr,per_subgroup_baseline_relative[min_neg],AOD_star,nan,nan,nan,nan,0
meps,abrupt_group_mag0.5,lr,per_subgroup_baseline_relative[min_neg],BalAcc,nan,nan,nan,nan,0
meps,abrupt_group_mag0.5,lr,per_subgroup_ewma[min_pos],DI_star,0.07759398496240602,0.19110965762634172,0.06238795465216714,0.2034654198164145,20
meps,abrupt_group_mag0.5,lr,per_subgroup_ewma[min_pos],AOD_star,0.07609022556390978,0.2281557359683891,0.06366156081017157,0.2158216506287331,20
meps,abrupt_group_mag0.5,lr,per_subgroup_ewma[min_pos],BalAcc,0.024134291908029182,0.21621383618324164,0.05010429146746951,0.22975715764773996,20
meps,abrupt_group_mag0.5,lr,per_subgroup_baseline_relative[min_pos],DI_star,0.04496240601503758,0.18495011879231438,0.08086767512602266,0.23710513615458023,20
meps,abrupt_group_mag0.5,lr,per_subgroup_baseline_relative[min_pos],AOD_star,0.008721804511278198,0.22882781426072984,0.024279599833117466,0.24845666908341973,20
meps,abrupt_group_mag0.5,lr,per_subgroup_baseline_relative[min_pos],BalAcc,0.08252002726399046,0.278332940135495,0.03983068726167683,0.2508453288939443,20
meps,abrupt_group_mag0.5,lr,per_subgroup_ewma[maj_neg],DI_star,-0.039228563901582525,0.14463562605634725,-0.014659500540640585,0.18845881456755526,20
meps,abrupt_group_mag0.5,lr,per_subgroup_ewma[maj_neg],AOD_star,-0.0563200614597002,0.21673219309778746,-0.04868542817264704,0.24712945501450959,20
meps,abrupt_group_mag0.5,lr,per_subgroup_ewma[maj_neg],BalAcc,-0.02898876934344139,0.17090730744030339,-0.022650166066023297,0.15096092069747608,20
meps,abrupt_group_mag0.5,lr,per_subgroup_baseline_relative[maj_neg],DI_star,-0.039303390986592635,0.21346628181595215,-0.041919714052941405,0.2124710240942732,20
meps,abrupt_group_mag0.5,lr,per_subgroup_baseline_relative[maj_neg],AOD_star,-0.061790356238616284,0.2591911971310259,-0.06316176955769745,0.27194101575624385,20
meps,abrupt_group_mag0.5,lr,per_subgroup_baseline_relative[maj_neg],BalAcc,-0.02450989617586865,0.24315171200840133,-0.004038130471091387,0.205196559156234,20
meps,abrupt_group_mag0.5,lr,per_subgroup_ewma[maj_pos],DI_star,0.05894736842105262,0.1852413081539696,0.06636612149066501,0.19512322241094118,20
meps,abrupt_group_mag0.5,lr,per_subgroup_ewma[maj_pos],AOD_star,0.06984962406015038,0.21880731443497475,0.060823947124157854,0.2243522963281048,20
meps,abrupt_group_mag0.5,lr,per_subgroup_ewma[maj_pos],BalAcc,0.033231640319480185,0.21759471372175299,0.04237277258797897,0.24002507923903207,20
meps,abrupt_group_mag0.5,lr,per_subgroup_baseline_relative[maj_pos],DI_star,0.08789473684210528,0.2676575460007501,0.08200634429755918,0.2598502860929326,20
meps,abrupt_group_mag0.5,lr,per_subgroup_baseline_relative[maj_pos],AOD_star,0.011353383458646614,0.28625294494163855,0.0023131801309357403,0.27508901569826727,20
meps,abrupt_group_mag0.5,lr,per_subgroup_baseline_relative[maj_pos],BalAcc,0.02209584521737548,0.2719164007561046,-0.005301225265555702,0.25720493802942207,20
meps,abrupt_group_mag0.5,xgb,global_mean,DI_star,0.010674711982066997,0.22625454691641,-0.02823428756699529,0.23088893530166524,20
meps,abrupt_group_mag0.5,xgb,global_mean,AOD_star,-0.05330827067669173,0.24567971476184858,-0.02893419658312409,0.2510089853753972,20
meps,abrupt_group_mag0.5,xgb,global_mean,BalAcc,0.08936759097315501,0.24540355562323926,-0.015175336203578305,0.2549923152295439,20
meps,abrupt_group_mag0.5,xgb,global_ewma,DI_star,-0.017443382765727104,0.20045144311519153,-0.06436018614166066,0.20754480303486855,20
meps,abrupt_group_mag0.5,xgb,global_ewma,AOD_star,-0.020827067669172923,0.23121603973295735,-0.017061539546929717,0.2065100623191639,20
meps,abrupt_group_mag0.5,xgb,global_ewma,BalAcc,0.0071802672941457465,0.22990568884794868,-0.02073292025239038,0.2305377295658971,20
meps,abrupt_group_mag0.5,xgb,global_std,DI_star,0.17677308279183127,0.1699884871099543,0.1509153982747149,0.18745715900981622,20
meps,abrupt_group_mag0.5,xgb,global_std,AOD_star,0.07774436090225564,0.2427656896173791,0.040607876285647826,0.23913686493012265,20
meps,abrupt_group_mag0.5,xgb,global_std,BalAcc,0.09752168176705464,0.21732893698076108,0.10150571887414936,0.23177699841502988,20
meps,abrupt_group_mag0.5,xgb,subgroup_violation_diff,DI_star,-0.03665632720137961,0.25894687408451944,-0.032191612864133544,0.2569926365309604,20
meps,abrupt_group_mag0.5,xgb,subgroup_violation_diff,AOD_star,-0.03624060150375939,0.23946012166360617,-0.021272493751946713,0.2570285082350547,20
meps,abrupt_group_mag0.5,xgb,subgroup_violation_diff,BalAcc,0.10331788659193661,0.2263088635738467,0.03129070889462924,0.231994455251151,20
meps,abrupt_group_mag0.5,xgb,max_subgroup_deviation,DI_star,-0.018532378058127606,0.21314711637366307,-0.03376035066307922,0.24165478592961054,20
meps,abrupt_group_mag0.5,xgb,max_subgroup_deviation,AOD_star,-0.07781954887218043,0.24074238121898417,-0.06647310071987324,0.24579065229625394,20
meps,abrupt_group_mag0.5,xgb,max_subgroup_deviation,BalAcc,0.08350468280944667,0.2534073449405417,0.028911599296236858,0.2691786736191002,20
meps,abrupt_group_mag0.5,xgb,assignment_proportion_drift,DI_star,-0.13605485132136816,0.20186891823296446,-0.07379527972436953,0.22218458477534692,20
meps,abrupt_group_mag0.5,xgb,assignment_proportion_drift,AOD_star,-0.0982664012109222,0.2635726562217841,-0.0407127538158847,0.249595600671117,20
meps,abrupt_group_mag0.5,xgb,assignment_proportion_drift,BalAcc,-0.02957019014637241,0.26928371345891794,-0.04296462184589923,0.2690827344879377,20
meps,abrupt_group_mag0.5,xgb,ks_statistic,DI_star,-0.11274717497156991,0.21252570308911684,-0.05801003975303078,0.22668797247975397,20
meps,abrupt_group_mag0.5,xgb,ks_statistic,AOD_star,-0.11323308270676688,0.27603554915869843,-0.03440965001784613,0.2541572348504621,20
meps,abrupt_group_mag0.5,xgb,ks_statistic,BalAcc,7.425466050398622e-05,0.22774973680131252,-0.03867804806624882,0.2646840602337428,20
meps,abrupt_group_mag0.5,xgb,kl_divergence,DI_star,-0.024702345010651668,0.2121844759579808,-0.0423261261547261,0.2483513356443711,20
meps,abrupt_group_mag0.5,xgb,kl_divergence,AOD_star,-0.04195488721804511,0.2911298778899459,-0.007858702920446473,0.2715615103833968,20
meps,abrupt_group_mag0.5,xgb,kl_divergence,BalAcc,0.015257501474004554,0.24072872784684834,-0.019980864031992996,0.25185574704931485,20
meps,abrupt_group_mag0.5,xgb,per_subgroup_ewma[min_neg],DI_star,nan,nan,nan,nan,0
meps,abrupt_group_mag0.5,xgb,per_subgroup_ewma[min_neg],AOD_star,nan,nan,nan,nan,0
meps,abrupt_group_mag0.5,xgb,per_subgroup_ewma[min_neg],BalAcc,nan,nan,nan,nan,0
meps,abrupt_group_mag0.5,xgb,per_subgroup_baseline_relative[min_neg],DI_star,nan,nan,nan,nan,0
meps,abrupt_group_mag0.5,xgb,per_subgroup_baseline_relative[min_neg],AOD_star,nan,nan,nan,nan,0
meps,abrupt_group_mag0.5,xgb,per_subgroup_baseline_relative[min_neg],BalAcc,nan,nan,nan,nan,0
meps,abrupt_group_mag0.5,xgb,per_subgroup_ewma[min_pos],DI_star,-0.014586466165413531,0.21979289147969586,-0.06514241230380513,0.21174495951565098,20
meps,abrupt_group_mag0.5,xgb,per_subgroup_ewma[min_pos],AOD_star,-0.013684210526315795,0.2257121818438965,-0.01674264744650835,0.2073760588298153,20
meps,abrupt_group_mag0.5,xgb,per_subgroup_ewma[min_pos],BalAcc,0.01060071186049596,0.21325317494808377,-0.013338997707629637,0.22383031849584378,20
meps,abrupt_group_mag0.5,xgb,per_subgroup_baseline_relative[min_pos],DI_star,-0.03601687593072296,0.2542374128554251,-0.03311775495226397,0.25188637470824504,20
meps,abrupt_group_mag0.5,xgb,per_subgroup_baseline_relative[min_pos],AOD_star,-0.04428571428571429,0.22408864682289092,-0.02963947634756562,0.25603264687014254,20
meps,abrupt_group_mag0.5,xgb,per_subgroup_baseline_relative[min_pos],BalAcc,0.11749004116491298,0.19935803728084917,0.031630694093137735,0.23493713350115422,20
meps,abrupt_group_mag0.5,xgb,per_subgroup_ewma[maj_neg],DI_star,-0.08530882251433754,0.1478589884371655,-0.04886868898306614,0.19183417806265415,20
meps,abrupt_group_mag0.5,xgb,per_subgroup_ewma[maj_neg],AOD_star,-0.11561640010727825,0.17440036620813798,-0.09692892060157789,0.17223985180354792,20
meps,abrupt_group_mag0.5,xgb,per_subgroup_ewma[maj_neg],BalAcc,-0.07899520398868214,0.21139838386464546,-0.051233809209557016,0.2188737979163222,20
meps,abrupt_group_mag0.5,xgb,per_subgroup_baseline_relative[maj_neg],DI_star,-0.01227944307581715,0.16477806785617977,-0.03409611268194672,0.2147715762507134,20
meps,abrupt_group_mag0.5,xgb,per_subgroup_baseline_relative[maj_neg],AOD_star,-0.050284767659540985,0.22656989428478727,-0.0698685609896755,0.23958434097208509,20
meps,abrupt_group_mag0.5,xgb,per_subgroup_baseline_relative[maj_neg],BalAcc,-0.026153400084401507,0.2541419922904058,-0.014998472247340033,0.23936699099214082,20
meps,abrupt_group_mag0.5,xgb,per_subgroup_ewma[maj_pos],DI_star,-0.016503490718511458,0.1702473430648492,-0.06098981579109304,0.1900466241824184,20
meps,abrupt_group_mag0.5,xgb,per_subgroup_ewma[maj_pos],AOD_star,-0.011729323308270678,0.2019939050535521,-0.016947214890180664,0.20182720133089374,20
meps,abrupt_group_mag0.5,xgb,per_subgroup_ewma[maj_pos],BalAcc,0.007027855042832496,0.23168644417103054,-0.025002859641280722,0.2255766974885858,20
meps,abrupt_group_mag0.5,xgb,per_subgroup_baseline_relative[maj_pos],DI_star,0.010187503270101622,0.1924631471939935,-0.02658321363844161,0.19898693569553025,20
meps,abrupt_group_mag0.5,xgb,per_subgroup_baseline_relative[maj_pos],AOD_star,-0.06684210526315788,0.2597304076809091,-0.05180162712579135,0.23253650959719843,20
meps,abrupt_group_mag0.5,xgb,per_subgroup_baseline_relative[maj_pos],BalAcc,0.021841299223203547,0.25961534017270044,-0.025339486615586687,0.264499735799614,20
meps,abrupt_group_mag1.0,lr,global_mean,DI_star,0.056315789473684194,0.3040516256065339,0.10682452793633648,0.3245508834223885,20
meps,abrupt_group_mag1.0,lr,global_mean,AOD_star,-0.009097744360902252,0.28675610413669117,0.04388922918084824,0.28479636600130465,20
meps,abrupt_group_mag1.0,lr,global_mean,BalAcc,0.03511278195488719,0.24005872752746643,-0.006083189924488123,0.24977476231757492,20
meps,abrupt_group_mag1.0,lr,global_ewma,DI_star,0.09248120300751879,0.26503882045255606,0.09021502026150234,0.2785441015917146,20
meps,abrupt_group_mag1.0,lr,global_ewma,AOD_star,0.0814285714285714,0.2518333589961066,0.07605423121144395,0.24379079202205714,20
meps,abrupt_group_mag1.0,lr,global_ewma,BalAcc,0.026766917293233085,0.2196732575858204,0.03441062413377272,0.23682259038718137,20
meps,abrupt_group_mag1.0,lr,global_std,DI_star,0.20533834586466165,0.25009624468834696,0.2206554082340892,0.23182757648989438,20
meps,abrupt_group_mag1.0,lr,global_std,AOD_star,0.12481203007518796,0.22702185466206867,0.12477694547277016,0.22500373973373608,20
meps,abrupt_group_mag1.0,lr,global_std,BalAcc,0.03203007518796992,0.24591781633224677,0.002820814441153527,0.2612675919256451,20
meps,abrupt_group_mag1.0,lr,subgroup_violation_diff,DI_star,0.047142857142857125,0.1940795217454043,0.07707529021600787,0.2672577405727965,20
meps,abrupt_group_mag1.0,lr,subgroup_violation_diff,AOD_star,0.017518796992481208,0.22796034012822863,0.04215580561940199,0.23405900525298018,20
meps,abrupt_group_mag1.0,lr,subgroup_violation_diff,BalAcc,0.043759398496240595,0.2570944420851107,0.03542177606858925,0.24737408407662276,20
meps,abrupt_group_mag1.0,lr,max_subgroup_deviation,DI_star,0.08992481203007519,0.3005569292967942,0.11073715387019942,0.31375080104930264,20
meps,abrupt_group_mag1.0,lr,max_subgroup_deviation,AOD_star,0.024887218045112784,0.2706952687860695,0.03974364317939138,0.2754128513690119,20
meps,abrupt_group_mag1.0,lr,max_subgroup_deviation,BalAcc,0.019248120300751875,0.27015178845716153,-0.0036561067923038077,0.2590520919790559,20
meps,abrupt_group_mag1.0,lr,assignment_proportion_drift,DI_star,0.002092666955541203,0.3153147515830186,0.07947580518848178,0.3251482980566691,20
meps,abrupt_group_mag1.0,lr,assignment_proportion_drift,AOD_star,-0.023268433513259516,0.30643321798380124,0.0371663868170831,0.2955967805322159,20
meps,abrupt_group_mag1.0,lr,assignment_proportion_drift,BalAcc,-0.059356271788570246,0.26056630162940975,-0.023337921253666266,0.24784913424085656,20
meps,abrupt_group_mag1.0,lr,ks_statistic,DI_star,0.06270676691729322,0.2772118762454189,0.10620226418723981,0.3223010200083008,20
meps,abrupt_group_mag1.0,lr,ks_statistic,AOD_star,-0.014360902255639097,0.2764846704000969,0.0479608254990793,0.27710538702914944,20
meps,abrupt_group_mag1.0,lr,ks_statistic,BalAcc,-0.030827067669172925,0.23491710841557015,-0.017669010118354186,0.2517281267742333,20
meps,abrupt_group_mag1.0,lr,kl_divergence,DI_star,0.1036842105263158,0.2692923979860792,0.11696957693097221,0.29765825449531536,20
meps,abrupt_group_mag1.0,lr,kl_divergence,AOD_star,0.023533834586466167,0.23461937064392185,0.05602762956866532,0.26286699452904333,20
meps,abrupt_group_mag1.0,lr,kl_divergence,BalAcc,-0.052330827067669186,0.2588291015630406,-0.024963970342870557,0.26656239120578934,20
meps,abrupt_group_mag1.0,lr,per_subgroup_ewma[min_neg],DI_star,nan,nan,nan,nan,0
meps,abrupt_group_mag1.0,lr,per_subgroup_ewma[min_neg],AOD_star,nan,nan,nan,nan,0
meps,abrupt_group_mag1.0,lr,per_subgroup_ewma[min_neg],BalAcc,nan,nan,nan,nan,0
meps,abrupt_group_mag1.0,lr,per_subgroup_baseline_relative[min_neg],DI_star,nan,nan,nan,nan,0
meps,abrupt_group_mag1.0,lr,per_subgroup_baseline_relative[min_neg],AOD_star,nan,nan,nan,nan,0
meps,abrupt_group_mag1.0,lr,per_subgroup_baseline_relative[min_neg],BalAcc,nan,nan,nan,nan,0
meps,abrupt_group_mag1.0,lr,per_subgroup_ewma[min_pos],DI_star,0.09804511278195488,0.2564245342183731,0.08775594209905249,0.2774372331970988,20
meps,abrupt_group_mag1.0,lr,per_subgroup_ewma[min_pos],AOD_star,0.08902255639097742,0.2435243517572876,0.0769369874255956,0.24205046809678307,20
meps,abrupt_group_mag1.0,lr,per_subgroup_ewma[min_pos],BalAcc,0.02421052631578946,0.21230659726712556,0.039449342366850625,0.2313840397257309,20
meps,abrupt_group_mag1.0,lr,per_subgroup_baseline_relative[min_pos],DI_star,0.023984962406015036,0.24108010434490504,0.0982782325141587,0.32059493800760086,20
meps,abrupt_group_mag1.0,lr,per_subgroup_baseline_relative[min_pos],AOD_star,-0.00894736842105263,0.25157650925297953,0.04272264230736664,0.27828464821010607,20
meps,abrupt_group_mag1.0,lr,per_subgroup_baseline_relative[min_pos],BalAcc,0.06548872180451128,0.25472657789726605,0.01226025505527339,0.24311942744195,20
meps,abrupt_group_mag1.0,lr,per_subgroup_ewma[maj_neg],DI_star,-0.02850114435279528,0.2077150638186025,-0.018085413934094324,0.2320817980978526,20
meps,abrupt_group_mag1.0,lr,per_subgroup_ewma[maj_neg],AOD_star,-0.02780652173867585,0.21574842769058383,-0.041487734588054465,0.2526109800368573,20
meps,abrupt_group_mag1.0,lr,per_subgroup_ewma[maj_neg],BalAcc,-0.023718292255507104,0.15316514775944445,-0.007349898275566489,0.15137065960800017,20
meps,abrupt_group_mag1.0,lr,per_subgroup_baseline_relative[maj_neg],DI_star,-0.05066186978255436,0.2420493441370816,-0.0010756066087307004,0.24166168779001204,20
meps,abrupt_group_mag1.0,lr,per_subgroup_baseline_relative[maj_neg],AOD_star,-0.06686222810301672,0.2718633463726462,-0.02268993091597423,0.29886668434407065,20
meps,abrupt_group_mag1.0,lr,per_subgroup_baseline_relative[maj_neg],BalAcc,-0.09333426521211775,0.20383184360934584,-0.07334372745425306,0.19163633577473518,20
meps,abrupt_group_mag1.0,lr,per_subgroup_ewma[maj_pos],DI_star,0.08263157894736842,0.27511748758425647,0.09183963314724236,0.2808794499871557,20
meps,abrupt_group_mag1.0,lr,per_subgroup_ewma[maj_pos],AOD_star,0.07571428571428569,0.2518795982493345,0.07735088277489159,0.24607803924120397,20
meps,abrupt_group_mag1.0,lr,per_subgroup_ewma[maj_pos],BalAcc,0.022030075187969927,0.22421918713700137,0.03434038163737668,0.2406776777663982,20
meps,abrupt_group_mag1.0,lr,per_subgroup_baseline_relative[maj_pos],DI_star,0.08639097744360902,0.3174348381588047,0.1056098688321206,0.32920621175430825,20
meps,abrupt_group_mag1.0,lr,per_subgroup_baseline_relative[maj_pos],AOD_star,0.0009022556390977446,0.2966972549969609,0.034855743350936066,0.289100728450697,20
meps,abrupt_group_mag1.0,lr,per_subgroup_baseline_relative[maj_pos],BalAcc,-0.02894736842105262,0.27453716338376855,-0.01983853070082823,0.25438574263349706,20
meps,abrupt_group_mag1.0,xgb,global_mean,DI_star,0.5636842105263158,0.1743072346214627,0.8596993436816771,0.17551621130157763,20
meps,abrupt_group_mag1.0,xgb,global_mean,AOD_star,0.4429323308270677,0.2276388151311924,0.6338942221179604,0.21825815002798282,20
meps,abrupt_group_mag1.0,xgb,global_mean,BalAcc,-0.4432138579481325,0.17726525265318213,-0.674029328678491,0.2437635655100558,20
meps,abrupt_group_mag1.0,xgb,global_ewma,DI_star,0.4932330827067669,0.12664564878938472,0.7070665815048317,0.18125023514784577,20
meps,abrupt_group_mag1.0,xgb,global_ewma,AOD_star,0.39954887218045115,0.18551973005961644,0.5215000390495224,0.2218852420179041,20
meps,abrupt_group_mag1.0,xgb,global_ewma,BalAcc,-0.47460685756215326,0.14406064534612056,-0.5786562676979139,0.21521188717251566,20
meps,abrupt_group_mag1.0,xgb,global_std,DI_star,0.053082706766917266,0.31240292969170325,0.08079413280239667,0.30561924532410595,20
meps,abrupt_group_mag1.0,xgb,global_std,AOD_star,0.0650375939849624,0.27313788113085863,0.050952421220674934,0.26868639895062524,20
meps,abrupt_group_mag1.0,xgb,global_std,BalAcc,0.06308983385703996,0.2688525042054979,0.009459466366042772,0.2945473676819132,20
meps,abrupt_group_mag1.0,xgb,subgroup_violation_diff,DI_star,0.6457894736842105,0.13542058904608387,0.7757583744776145,0.1861299909090916,20
meps,abrupt_group_mag1.0,xgb,subgroup_violation_diff,AOD_star,0.5099248120300752,0.14393177132504953,0.5878305332730831,0.19015049821222738,20
meps,abrupt_group_mag1.0,xgb,subgroup_violation_diff,BalAcc,-0.4196794294374895,0.19502737914830415,-0.5662853159159137,0.230310221887832,20
meps,abrupt_group_mag1.0,xgb,max_subgroup_deviation,DI_star,0.5160150375939848,0.15476181141109074,0.8332373238656651,0.18560198785031468,20
meps,abrupt_group_mag1.0,xgb,max_subgroup_deviation,AOD_star,0.4136842105263157,0.19923983526539862,0.6046804255878836,0.22079807129699672,20
meps,abrupt_group_mag1.0,xgb,max_subgroup_deviation,BalAcc,-0.43576889138460045,0.17763433266293244,-0.6575590821385899,0.23835816601919232,20
meps,abrupt_group_mag1.0,xgb,assignment_proportion_drift,DI_star,0.506910555025891,0.1438271413412796,0.8335370272220191,0.16054991497054397,20
meps,abrupt_group_mag1.0,xgb,assignment_proportion_drift,AOD_star,0.4169518593046253,0.2277560940917097,0.6108976840477627,0.2176583714319139,20
meps,abrupt_group_mag1.0,xgb,assignment_proportion_drift,BalAcc,-0.5543576711213791,0.14027207220903848,-0.6798294387918514,0.2262656508932536,20
meps,abrupt_group_mag1.0,xgb,ks_statistic,DI_star,0.5674436090225563,0.14804988593824409,0.8635377766630604,0.17284138479854946,20
meps,abrupt_group_mag1.0,xgb,ks_statistic,AOD_star,0.4692481203007518,0.21954293688547438,0.6404314153121647,0.2145121333609338,20
meps,abrupt_group_mag1.0,xgb,ks_statistic,BalAcc,-0.5002460401528253,0.19966347485419783,-0.6822658620069059,0.24692547626070935,20
meps,abrupt_group_mag1.0,xgb,kl_divergence,DI_star,0.5008270676691728,0.14501689535297071,0.823863300246105,0.17413207908104383,20
meps,abrupt_group_mag1.0,xgb,kl_divergence,AOD_star,0.39593984962406015,0.2395933294911634,0.5990436186538626,0.22839189516318265,20
meps,abrupt_group_mag1.0,xgb,kl_divergence,BalAcc,-0.48152002160810153,0.18132375958343155,-0.6588870637532961,0.23052047094225986,20
meps,abrupt_group_mag1.0,xgb,per_subgroup_ewma[min_neg],DI_star,nan,nan,nan,nan,0
meps,abrupt_group_mag1.0,xgb,per_subgroup_ewma[min_neg],AOD_star,nan,nan,nan,nan,0
meps,abrupt_group_mag1.0,xgb,per_subgroup_ewma[min_neg],BalAcc,nan,nan,nan,nan,0
meps,abrupt_group_mag1.0,xgb,per_subgroup_baseline_relative[min_neg],DI_star,nan,nan,nan,nan,0
meps,abrupt_group_mag1.0,xgb,per_subgroup_baseline_relative[min_neg],AOD_star,nan,nan,nan,nan,0
meps,abrupt_group_mag1.0,xgb,per_subgroup_baseline_relative[min_neg],BalAcc,nan,nan,nan,nan,0
meps,abrupt_group_mag1.0,xgb,per_subgroup_ewma[min_pos],DI_star,0.4966165413533833,0.12604775985150188,0.705853483383115,0.17646829224916527,20
meps,abrupt_group_mag1.0,xgb,per_subgroup_ewma[min_pos],AOD_star,0.41090225563909766,0.17452025128132928,0.5207072011498665,0.2152658804211614,20
meps,abrupt_group_mag1.0,xgb,per_subgroup_ewma[min_pos],BalAcc,-0.47167466814560405,0.13593507920229128,-0.5756941920063106,0.2157163958575793,20
meps,abrupt_group_mag1.0,xgb,per_subgroup_baseline_relative[min_pos],DI_star,0.6053383458646616,0.18970535723074397,0.848156490727702,0.18141838488736242,20
meps,abrupt_group_mag1.0,xgb,per_subgroup_baseline_relative[min_pos],AOD_star,0.47067669172932325,0.17983227215311098,0.6290629844616384,0.21201028864916438,20
meps,abrupt_group_mag1.0,xgb,per_subgroup_baseline_relative[min_pos],BalAcc,-0.412911805091665,0.16671411741331646,-0.6498026395356973,0.24031504701998332,20
meps,abrupt_group_mag1.0,xgb,per_subgroup_ewma[maj_neg],DI_star,0.0866431916018325,0.4180841284519087,0.11219711188425274,0.4991672567996317,20
meps,abrupt_group_mag1.0,xgb,per_subgroup_ewma[maj_neg],AOD_star,0.03986428194939558,0.39884571994470064,0.031246452114149982,0.44530706636980205,20
meps,abrupt_group_mag1.0,xgb,per_subgroup_ewma[maj_neg],BalAcc,-0.15198849774107243,0.4004822841386215,-0.14632028092741994,0.4168971331639299,20
meps,abrupt_group_mag1.0,xgb,per_subgroup_baseline_relative[maj_neg],DI_star,0.06594870656017031,0.23214757815186415,0.10097554887559905,0.2603196216036539,20
meps,abrupt_group_mag1.0,xgb,per_subgroup_baseline_relative[maj_neg],AOD_star,0.005731587123308866,0.23070121673201296,0.027984573658731488,0.2755072976106504,20
meps,abrupt_group_mag1.0,xgb,per_subgroup_baseline_relative[maj_neg],BalAcc,-0.07449805959206265,0.27039158209056247,-0.10039021031372297,0.2616352803701776,20
meps,abrupt_group_mag1.0,xgb,per_subgroup_ewma[maj_pos],DI_star,0.4841353383458647,0.14055403082599513,0.6965244067484115,0.1935953420705447,20
meps,abrupt_group_mag1.0,xgb,per_subgroup_ewma[maj_pos],AOD_star,0.3995488721804511,0.19804237242696196,0.5141139105826729,0.23598992287234444,20
meps,abrupt_group_mag1.0,xgb,per_subgroup_ewma[maj_pos],BalAcc,-0.4708846429603722,0.16905700401239734,-0.5731313608954822,0.21900827782412574,20
meps,abrupt_group_mag1.0,xgb,per_subgroup_baseline_relative[maj_pos],DI_star,0.46842105263157896,0.09837563643087334,0.8188985253215769,0.17714131668372915,20
meps,abrupt_group_mag1.0,xgb,per_subgroup_baseline_relative[maj_pos],AOD_star,0.3976691729323308,0.20049205962631952,0.599113888824603,0.2234462082729802,20
meps,abrupt_group_mag1.0,xgb,per_subgroup_baseline_relative[maj_pos],BalAcc,-0.4885180178213231,0.2003346048827654,-0.6577030474381702,0.2453276501023569,20
meps,abrupt_group_mag2.0,lr,global_mean,DI_star,0.10213554621906065,0.369888228910988,0.1527164206863653,0.45902705936712096,20
meps,abrupt_group_mag2.0,lr,global_mean,AOD_star,0.03541353383458646,0.3180749643823222,0.09952452735363157,0.3625645623315054,20
meps,abrupt_group_mag2.0,lr,global_mean,BalAcc,0.007363019170832236,0.24423847801663476,-0.02175511492358409,0.2687284074138689,20
meps,abrupt_group_mag2.0,lr,global_ewma,DI_star,0.11161768677858175,0.34832667524410016,0.12714305885593652,0.3902316433196221,20
meps,abrupt_group_mag2.0,lr,global_ewma,AOD_star,0.10601503759398494,0.2832990516195538,0.11838751285864435,0.2963899058884275,20
meps,abrupt_group_mag2.0,lr,global_ewma,BalAcc,0.030555835233840756,0.2237626915837969,0.02219318088883048,0.25369378295231587,20
meps,abrupt_group_mag2.0,lr,global_std,DI_star,0.252326075674254,0.30554223410667547,0.21323989600318738,0.4197684366384562,20
meps,abrupt_group_mag2.0,lr,global_std,AOD_star,0.178796992481203,0.2680072630375394,0.1520790532914468,0.319558446158446,20
meps,abrupt_group_mag2.0,lr,global_std,BalAcc,-0.05353827487674101,0.2860522619286368,-0.04220136577237905,0.28819516623341956,20
meps,abrupt_group_mag2.0,lr,subgroup_violation_diff,DI_star,0.11837682649330791,0.3005420325361085,0.14837049186593512,0.42779415615777094,20
meps,abrupt_group_mag2.0,lr,subgroup_violation_diff,AOD_star,0.056917293233082714,0.23422677021596985,0.10380832499451631,0.3147349089807038,20
meps,abrupt_group_mag2.0,lr,subgroup_violation_diff,BalAcc,-0.042298733951868915,0.29981777628434525,-0.02968045442985919,0.27105416878726885,20
meps,abrupt_group_mag2.0,lr,max_subgroup_deviation,DI_star,0.05104459946150751,0.3454107666040368,0.142100643564184,0.45084148769150484,20
meps,abrupt_group_mag2.0,lr,max_subgroup_deviation,AOD_star,0.016315789473684197,0.30417870077598513,0.09034903849009396,0.35030595188800817,20
meps,abrupt_group_mag2.0,lr,max_subgroup_deviation,BalAcc,0.031836321572959125,0.2625353242272433,-0.016136028597765563,0.27346506343887417,20
meps,abrupt_group_mag2.0,lr,assignment_proportion_drift,DI_star,0.11655222596869312,0.35851455038644353,0.15805240860904327,0.4551301149072251,20
meps,abrupt_group_mag2.0,lr,assignment_proportion_drift,AOD_star,0.008494395992958429,0.2976370882156979,0.09834526018007479,0.3498359940617303,20
meps,abrupt_group_mag2.0,lr,assignment_proportion_drift,BalAcc,-0.08739218900564424,0.2351062843733517,-0.04395897375166781,0.26023773037983067,20
meps,abrupt_group_mag2.0,lr,ks_statistic,DI_star,0.11800159369627541,0.3766285617006671,0.1526361131496723,0.4625927840531405,20
meps,abrupt_group_mag2.0,lr,ks_statistic,AOD_star,0.03195488721804512,0.32758420019866274,0.10129950341274965,0.3605436903641254,20
meps,abrupt_group_mag2.0,lr,ks_statistic,BalAcc,-0.0652691254186094,0.2523918953767957,-0.030919926703128403,0.27205114336325126,20
meps,abrupt_group_mag2.0,lr,kl_divergence,DI_star,0.1274425060205136,0.35238659284360097,0.1677951147374686,0.4494333762457644,20
meps,abrupt_group_mag2.0,lr,kl_divergence,AOD_star,0.04691729323308271,0.2865766960603343,0.11227189564020039,0.3433369631500939,20
meps,abrupt_group_mag2.0,lr,kl_divergence,BalAcc,-0.05760269585033373,0.2630665157857915,-0.03500254641358666,0.26768259773004094,20
meps,abrupt_group_mag2.0,lr,per_subgroup_ewma[min_neg],DI_star,nan,nan,nan,nan,0
meps,abrupt_group_mag2.0,lr,per_subgroup_ewma[min_neg],AOD_star,nan,nan,nan,nan,0
meps,abrupt_group_mag2.0,lr,per_subgroup_ewma[min_neg],BalAcc,nan,nan,nan,nan,0
meps,abrupt_group_mag2.0,lr,per_subgroup_baseline_relative[min_neg],DI_star,nan,nan,nan,nan,0
meps,abrupt_group_mag2.0,lr,per_subgroup_baseline_relative[min_neg],AOD_star,nan,nan,nan,nan,0
meps,abrupt_group_mag2.0,lr,per_subgroup_baseline_relative[min_neg],BalAcc,nan,nan,nan,nan,0
meps,abrupt_group_mag2.0,lr,per_subgroup_ewma[min_pos],DI_star,0.12048989551181322,0.3449831413810025,0.12573331380835662,0.39003162097544075,20
meps,abrupt_group_mag2.0,lr,per_subgroup_ewma[min_pos],AOD_star,0.11631578947368419,0.28323669537885726,0.1189621140475536,0.2965337027292297,20
meps,abrupt_group_mag2.0,lr,per_subgroup_ewma[min_pos],BalAcc,0.025895453793167177,0.21354756792313873,0.02290236070989826,0.25153762138322994,20
meps,abrupt_group_mag2.0,lr,per_subgroup_baseline_relative[min_pos],DI_star,0.06465325435055089,0.34103525626900144,0.152495080034105,0.4576174510209789,20
meps,abrupt_group_mag2.0,lr,per_subgroup_baseline_relative[min_pos],AOD_star,0.030375939849624056,0.2963602674224954,0.10494614289266284,0.35640517840162134,20
meps,abrupt_group_mag2.0,lr,per_subgroup_baseline_relative[min_pos],BalAcc,0.038303222321188164,0.2589838972475251,-0.01652709367059419,0.26592378975285286,20
meps,abrupt_group_mag2.0,lr,per_subgroup_ewma[maj_neg],DI_star,-0.02371152410183724,0.28813448960186194,-0.009392435589691089,0.3195518159792853,20
meps,abrupt_group_mag2.0,lr,per_subgroup_ewma[maj_neg],AOD_star,-0.013807569167408312,0.24556416723208027,-0.0274298204246828,0.306852859341966,20
meps,abrupt_group_mag2.0,lr,per_subgroup_ewma[maj_neg],BalAcc,0.025670626841305656,0.1911836192034264,0.024045768339263206,0.21025817215685463,20
meps,abrupt_group_mag2.0,lr,per_subgroup_baseline_relative[maj_neg],DI_star,-0.016919346632238073,0.3005492226006837,0.00047661561138136465,0.32166076394289544,20
meps,abrupt_group_mag2.0,lr,per_subgroup_baseline_relative[maj_neg],AOD_star,-0.050598384732709965,0.28350859869231276,-0.022258561578700414,0.3286306722861108,20
meps,abrupt_group_mag2.0,lr,per_subgroup_baseline_relative[maj_neg],BalAcc,-0.06609984315075927,0.21307923255745684,-0.035797771890921544,0.2141010945968039,20
meps,abrupt_group_mag2.0,lr,per_subgroup_ewma[maj_pos],DI_star,0.08315939368833615,0.3438226921042665,0.11642196505544264,0.38809622971861946,20
meps,abrupt_group_mag2.0,lr,per_subgroup_ewma[maj_pos],AOD_star,0.11406015037593982,0.3019503470736769,0.12319580458891999,0.3126998583882274,20
meps,abrupt_group_mag2.0,lr,per_subgroup_ewma[maj_pos],BalAcc,0.04097552042597356,0.21717863182232797,0.04591276380363426,0.2453468804040879,20
meps,abrupt_group_mag2.0,lr,per_subgroup_baseline_relative[maj_pos],DI_star,0.0813869189617336,0.3854879628843633,0.10661514000267439,0.43972993652089076,20
meps,abrupt_group_mag2.0,lr,per_subgroup_baseline_relative[maj_pos],AOD_star,0.06729323308270677,0.3392785390697773,0.0750131978465757,0.37473372484578027,20
meps,abrupt_group_mag2.0,lr,per_subgroup_baseline_relative[maj_pos],BalAcc,0.03518500030392758,0.2709712148783613,-0.007658825684110715,0.2915729036316165,20
meps,abrupt_group_mag2.0,xgb,global_mean,DI_star,0.5603711672459608,0.11489377921707912,0.7256047602375882,0.11481457107917403,20
meps,abrupt_group_mag2.0,xgb,global_mean,AOD_star,-0.43315789473684213,0.13795668945551934,-0.7195618179768012,0.15112688008637376,20
meps,abrupt_group_mag2.0,xgb,global_mean,BalAcc,-0.6208852934487562,0.10279404698002682,-0.945650960550045,0.014719466107202338,20
meps,abrupt_group_mag2.0,xgb,global_ewma,DI_star,0.4938180767894827,0.18388556679617543,0.621814625231505,0.14892903322673048,20
meps,abrupt_group_mag2.0,xgb,global_ewma,AOD_star,-0.4904511278195489,0.16257181386498123,-0.6151771432564469,0.15907382080771093,20
meps,abrupt_group_mag2.0,xgb,global_ewma,BalAcc,-0.5777289259455118,0.0860511711452629,-0.8170076866760713,0.03700736660506629,20
meps,abrupt_group_mag2.0,xgb,global_std,DI_star,0.34524138774677293,0.15787462279518227,0.6504125969057282,0.11997271694407023,20
meps,abrupt_group_mag2.0,xgb,global_std,AOD_star,-0.6046616541353382,0.15048109105576812,-0.7448655643595915,0.14841828240301755,20
meps,abrupt_group_mag2.0,xgb,global_std,BalAcc,-0.5083297509344226,0.11158653079044224,-0.903671791538196,0.03242456612087417,20
meps,abrupt_group_mag2.0,xgb,subgroup_violation_diff,DI_star,0.4887511047706713,0.16249129395335146,0.7023152041706212,0.11101465770015646,20
meps,abrupt_group_mag2.0,xgb,subgroup_violation_diff,AOD_star,-0.45383458646616537,0.13271356135027354,-0.7018630937054555,0.14148133720957104,20
meps,abrupt_group_mag2.0,xgb,subgroup_violation_diff,BalAcc,-0.5396065323179613,0.1084743883720096,-0.9184315465490227,0.0248728230855196,20
meps,abrupt_group_mag2.0,xgb,max_subgroup_deviation,DI_star,0.5750360738232201,0.11878204890351464,0.721162167893572,0.11432433144796098,20
meps,abrupt_group_mag2.0,xgb,max_subgroup_deviation,AOD_star,-0.3800751879699248,0.12974130297810588,-0.7114581193667577,0.15758800409353738,20
meps,abrupt_group_mag2.0,xgb,max_subgroup_deviation,BalAcc,-0.5746815081721086,0.10616744758926955,-0.9364390632838229,0.02031312693326331,20
meps,abrupt_group_mag2.0,xgb,assignment_proportion_drift,DI_star,0.43531706737237885,0.13788620539671403,0.6848281279077585,0.12162658133491303,20
meps,abrupt_group_mag2.0,xgb,assignment_proportion_drift,AOD_star,-0.5439921485463332,0.1218853420589472,-0.7182006816145878,0.14260861485532306,20
meps,abrupt_group_mag2.0,xgb,assignment_proportion_drift,BalAcc,-0.6148651951433256,0.0959071524130245,-0.9272652328775477,0.029903497163561995,20
meps,abrupt_group_mag2.0,xgb,ks_statistic,DI_star,0.48239258811021024,0.12927978216922079,0.7153189255644987,0.1191093689075761,20
meps,abrupt_group_mag2.0,xgb,ks_statistic,AOD_star,-0.5030075187969925,0.15307613321779967,-0.7284556281290658,0.14913359408416652,20
meps,abrupt_group_mag2.0,xgb,ks_statistic,BalAcc,-0.650358355453002,0.11729835595174108,-0.9487380655372064,0.016310602805159082,20
meps,abrupt_group_mag2.0,xgb,kl_divergence,DI_star,0.4688948061340569,0.12581206393524483,0.6978654948261469,0.11244700884019729,20
meps,abrupt_group_mag2.0,xgb,kl_divergence,AOD_star,-0.5149624060150376,0.13928861117399868,-0.7117911023369297,0.1435496130924477,20
meps,abrupt_group_mag2.0,xgb,kl_divergence,BalAcc,-0.5625026691241979,0.11974967005537322,-0.9237222481362226,0.025851707318459323,20
meps,abrupt_group_mag2.0,xgb,per_subgroup_ewma[min_neg],DI_star,nan,nan,nan,nan,0
meps,abrupt_group_mag2.0,xgb,per_subgroup_ewma[min_neg],AOD_star,nan,nan,nan,nan,0
meps,abrupt_group_mag2.0,xgb,per_subgroup_ewma[min_neg],BalAcc,nan,nan,nan,nan,0
meps,abrupt_group_mag2.0,xgb,per_subgroup_baseline_relative[min_neg],DI_star,nan,nan,nan,nan,0
meps,abrupt_group_mag2.0,xgb,per_subgroup_baseline_relative[min_neg],AOD_star,nan,nan,nan,nan,0
meps,abrupt_group_mag2.0,xgb,per_subgroup_baseline_relative[min_neg],BalAcc,nan,nan,nan,nan,0
meps,abrupt_group_mag2.0,xgb,per_subgroup_ewma[min_pos],DI_star,0.4903600240971181,0.17794132028960927,0.6217865525547199,0.14672892608745697,20
meps,abrupt_group_mag2.0,xgb,per_subgroup_ewma[min_pos],AOD_star,-0.4967669172932331,0.15435507901515177,-0.6153207935744268,0.15903149210869566,20
meps,abrupt_group_mag2.0,xgb,per_subgroup_ewma[min_pos],BalAcc,-0.5793081561349696,0.09147739012154939,-0.8164442934693632,0.037796421447796734,20
meps,abrupt_group_mag2.0,xgb,per_subgroup_baseline_relative[min_pos],DI_star,0.5746609541546023,0.12428643090186885,0.7239654976441899,0.1109234527123331,20
meps,abrupt_group_mag2.0,xgb,per_subgroup_baseline_relative[min_pos],AOD_star,-0.385187969924812,0.12838378339658835,-0.7197469253052666,0.14881956839595736,20
meps,abrupt_group_mag2.0,xgb,per_subgroup_baseline_relative[min_pos],BalAcc,-0.567989891977215,0.10849107190002434,-0.9418338376810944,0.017187362361730327,20
meps,abrupt_group_mag2.0,xgb,per_subgroup_ewma[maj_neg],DI_star,0.17235947702107807,0.36691014896902363,0.14138099011246114,0.4391333767726458,20
meps,abrupt_group_mag2.0,xgb,per_subgroup_ewma[maj_neg],AOD_star,-0.12926515646010608,0.44344372582364583,-0.17651140774833976,0.445739004198237,20
meps,abrupt_group_mag2.0,xgb,per_subgroup_ewma[maj_neg],BalAcc,-0.1872373835733695,0.4599480285766576,-0.21442729433582652,0.5470927808258604,20
meps,abrupt_group_mag2.0,xgb,per_subgroup_baseline_relative[maj_neg],DI_star,0.18006287050868716,0.27226598781354816,0.19330154609228806,0.2936275862608837,20
meps,abrupt_group_mag2.0,xgb,per_subgroup_baseline_relative[maj_neg],AOD_star,-0.033238807063502414,0.33791136333431493,-0.10665658175482669,0.28566174050938775,20
meps,abrupt_group_mag2.0,xgb,per_subgroup_baseline_relative[maj_neg],BalAcc,-0.13541719970496047,0.33684236162308395,-0.1987208966938566,0.3141196510641621,20
meps,abrupt_group_mag2.0,xgb,per_subgroup_ewma[maj_pos],DI_star,0.4507360487930532,0.22512668272531589,0.5719472585520395,0.2628032051982517,20
meps,abrupt_group_mag2.0,xgb,per_subgroup_ewma[maj_pos],AOD_star,-0.45999999999999985,0.18170796643010503,-0.567700786578482,0.17791837311960707,20
meps,abrupt_group_mag2.0,xgb,per_subgroup_ewma[maj_pos],BalAcc,-0.5526145884749234,0.14134573397133562,-0.7593227938432925,0.16300105900738623,20
meps,abrupt_group_mag2.0,xgb,per_subgroup_baseline_relative[maj_pos],DI_star,0.44818042143240844,0.13010474011243575,0.5826650836349838,0.2008319910927595,20
meps,abrupt_group_mag2.0,xgb,per_subgroup_baseline_relative[maj_pos],AOD_star,-0.46849624060150363,0.15939457719682162,-0.589991737173166,0.2018624672399655,20
meps,abrupt_group_mag2.0,xgb,per_subgroup_baseline_relative[maj_pos],BalAcc,-0.5381767164768287,0.10563264871807243,-0.7689704675400382,0.16625278042154476,20
meps,abrupt_global_mag0.5,lr,global_mean,DI_star,0.10714673179105876,0.2458227020572364,0.08215208528040521,0.20925504058194855,20
meps,abrupt_global_mag0.5,lr,global_mean,AOD_star,0.03075187969924813,0.2762019508735344,0.02635755945813669,0.22930261948986896,20
meps,abrupt_global_mag0.5,lr,global_mean,BalAcc,0.0693175104394261,0.28351023931025077,-0.012179320891415388,0.25378372669645805,20
meps,abrupt_global_mag0.5,lr,global_ewma,DI_star,0.021393395563472077,0.16842334283899818,0.03841681173707077,0.16953335329886265,20
meps,abrupt_global_mag0.5,lr,global_ewma,AOD_star,0.04451127819548871,0.2007445015681151,0.04004391247455562,0.20046213059417342,20
meps,abrupt_global_mag0.5,lr,global_ewma,BalAcc,0.019056176740375415,0.20750851329698655,0.02693177885056125,0.23763200155039677,20
meps,abrupt_global_mag0.5,lr,global_std,DI_star,0.025369392542626445,0.21317220285559615,-0.03368273476422395,0.2104196812545379,20
meps,abrupt_global_mag0.5,lr,global_std,AOD_star,-0.02571428571428571,0.2216124566766619,-0.024959110185914336,0.20974778995307253,20
meps,abrupt_global_mag0.5,lr,global_std,BalAcc,0.0633895675810074,0.23245469018331116,0.030176516063761805,0.2473790324923777,20
meps,abrupt_global_mag0.5,lr,subgroup_violation_diff,DI_star,0.05447191657904747,0.16807391722168835,0.07000409336935397,0.20428193713117448,20
meps,abrupt_global_mag0.5,lr,subgroup_violation_diff,AOD_star,-0.015187969924812037,0.16617861343141502,0.026459913068847783,0.20990706180401553,20
meps,abrupt_global_mag0.5,lr,subgroup_violation_diff,BalAcc,-0.011549484488261316,0.2695807612762727,-0.01874217663692914,0.2402976299505741,20
meps,abrupt_global_mag0.5,lr,max_subgroup_deviation,DI_star,0.042367077652707655,0.1667218736862542,0.05602612977638749,0.19226746304178524,20
meps,abrupt_global_mag0.5,lr,max_subgroup_deviation,AOD_star,-0.02293233082706767,0.20324568318569466,0.00020945239994708681,0.2050015397918877,20
meps,abrupt_global_mag0.5,lr,max_subgroup_deviation,BalAcc,0.022099182505607533,0.24495140153859474,-0.02130017874501712,0.24101122770452718,20
meps,abrupt_global_mag0.5,lr,assignment_proportion_drift,DI_star,-0.03449682333800756,0.22657626005892154,0.04981328978519972,0.20092450804349304,20
meps,abrupt_global_mag0.5,lr,assignment_proportion_drift,AOD_star,-0.020650644786932966,0.21987610158680512,0.01671450958786025,0.2074634930134652,20
meps,abrupt_global_mag0.5,lr,assignment_proportion_drift,BalAcc,-0.043006757895605,0.26910149222221796,-0.0283756440807156,0.24732945947189086,20
meps,abrupt_global_mag0.5,lr,ks_statistic,DI_star,0.031167775089490306,0.20215769823018592,0.06507429050151116,0.2048770376698597,20
meps,abrupt_global_mag0.5,lr,ks_statistic,AOD_star,0.009097744360902256,0.20007883290031622,0.023849597282607847,0.21522958662575323,20
meps,abrupt_global_mag0.5,lr,ks_statistic,BalAcc,-0.07270885979296418,0.22834999580284343,-0.0246883052826463,0.2487578184821686,20
meps,abrupt_global_mag0.5,lr,kl_divergence,DI_star,-0.03244396254885215,0.2065619085330533,0.02641388017316364,0.2212879731720952,20
meps,abrupt_global_mag0.5,lr,kl_divergence,AOD_star,-0.037669172932330824,0.20851535531086993,-0.0016983752745473285,0.22304427725507037,20
meps,abrupt_global_mag0.5,lr,kl_divergence,BalAcc,-0.012187040857972672,0.23839516404935984,0.009794385604212655,0.2330468818707744,20
meps,abrupt_global_mag0.5,lr,per_subgroup_ewma[min_neg],DI_star,nan,nan,nan,nan,0
meps,abrupt_global_mag0.5,lr,per_subgroup_ewma[min_neg],AOD_star,nan,nan,nan,nan,0
meps,abrupt_global_mag0.5,lr,per_subgroup_ewma[min_neg],BalAcc,nan,nan,nan,nan,0
meps,abrupt_global_mag0.5,lr,per_subgroup_baseline_relative[min_neg],DI_star,nan,nan,nan,nan,0
meps,abrupt_global_mag0.5,lr,per_subgroup_baseline_relative[min_neg],AOD_star,nan,nan,nan,nan,0
meps,abrupt_global_mag0.5,lr,per_subgroup_baseline_relative[min_neg],BalAcc,nan,nan,nan,nan,0
meps,abrupt_global_mag0.5,lr,per_subgroup_ewma[min_pos],DI_star,0.02785970238752421,0.17711376215082408,0.033351144490430126,0.16998543042257144,20
meps,abrupt_global_mag0.5,lr,per_subgroup_ewma[min_pos],AOD_star,0.046842105263157886,0.20619621855706455,0.03607099131455434,0.19904246556665056,20
meps,abrupt_global_mag0.5,lr,per_subgroup_ewma[min_pos],BalAcc,0.012102236972802957,0.19846198106811383,0.026059421957983074,0.23539259926199727,20
meps,abrupt_global_mag0.5,lr,per_subgroup_baseline_relative[min_pos],DI_star,0.08484757360763492,0.19172745687979403,0.07242736427272205,0.2059182349592308,20
meps,abrupt_global_mag0.5,lr,per_subgroup_baseline_relative[min_pos],AOD_star,0.00142857142857143,0.2073293648848569,0.022329297049078073,0.2202519792497912,20
meps,abrupt_global_mag0.5,lr,per_subgroup_baseline_relative[min_pos],BalAcc,0.0254053603066283,0.2754132710458201,-0.016867744424801715,0.24803600619437866,20
meps,abrupt_global_mag0.5,lr,per_subgroup_ewma[maj_neg],DI_star,-0.04289638807966128,0.17626760044945466,-0.029964467945823182,0.1857411922161392,19
meps,abrupt_global_mag0.5,lr,per_subgroup_ewma[maj_neg],AOD_star,-0.0010413176667522523,0.20754156489071957,-0.023307132477736085,0.22803515314827963,19
meps,abrupt_global_mag0.5,lr,per_subgroup_ewma[maj_neg],BalAcc,0.024007825772699,0.23268724590312767,0.03204010760454934,0.23624078126103357,19
meps,abrupt_global_mag0.5,lr,per_subgroup_baseline_relative[maj_neg],DI_star,-0.05051031298703513,0.21391701300089594,-0.03835660402342302,0.19342673114311518,19
meps,abrupt_global_mag0.5,lr,per_subgroup_baseline_relative[maj_neg],AOD_star,-0.027072605816564333,0.26282545850146927,-0.021543070584367056,0.27131431594376615,19
meps,abrupt_global_mag0.5,lr,per_subgroup_baseline_relative[maj_neg],BalAcc,-0.0017325855367666778,0.23646883245072436,0.03805476445332131,0.20337997950195574,19
meps,abrupt_global_mag0.5,lr,per_subgroup_ewma[maj_pos],DI_star,0.00846100817219708,0.16992392385844218,0.041165637054945615,0.16502517193194693,20
meps,abrupt_global_mag0.5,lr,per_subgroup_ewma[maj_pos],AOD_star,0.03751879699248122,0.20100458595540344,0.04184392675264295,0.2050580026402429,20
meps,abrupt_global_mag0.5,lr,per_subgroup_ewma[maj_pos],BalAcc,0.019507643945168227,0.2147124276624202,0.0270879258637867,0.24507982056563646,20
meps,abrupt_global_mag0.5,lr,per_subgroup_baseline_relative[maj_pos],DI_star,0.05737028767147323,0.22431532459395823,0.06964040489007842,0.20445003700965628,20
meps,abrupt_global_mag0.5,lr,per_subgroup_baseline_relative[maj_pos],AOD_star,0.007819548872180459,0.2493977595470134,0.0069804401927854795,0.23035124689305456,20
meps,abrupt_global_mag0.5,lr,per_subgroup_baseline_relative[maj_pos],BalAcc,0.03690858234515498,0.2852710063068899,-0.018293438604164103,0.27268162378582955,20
meps,abrupt_global_mag0.5,xgb,global_mean,DI_star,-0.041886798056139325,0.23072802741704387,-0.16358627088792327,0.24356871456907134,20
meps,abrupt_global_mag0.5,xgb,global_mean,AOD_star,-0.13112781954887215,0.2441336595203142,-0.14691106877699436,0.2513590398176475,20
meps,abrupt_global_mag0.5,xgb,global_mean,BalAcc,0.05973515932009529,0.24873631802368346,-0.06160294152889293,0.26236830984859194,20
meps,abrupt_global_mag0.5,xgb,global_ewma,DI_star,-0.13466875294335737,0.2295244883099285,-0.18152865329323176,0.21680664862480728,20
meps,abrupt_global_mag0.5,xgb,global_ewma,AOD_star,-0.13338345864661652,0.22823337684498718,-0.13116332796285363,0.2125242780609198,20
meps,abrupt_global_mag0.5,xgb,global_ewma,BalAcc,0.011202752979864053,0.21479436550910402,-0.04707355718265356,0.2397471251515187,20
meps,abrupt_global_mag0.5,xgb,global_std,DI_star,0.16699952344681918,0.19936038818542945,0.19117505439692645,0.23392670818147931,20
meps,abrupt_global_mag0.5,xgb,global_std,AOD_star,0.10781954887218044,0.2807970613353843,0.12624756043759827,0.24537312516621368,20
meps,abrupt_global_mag0.5,xgb,global_std,BalAcc,0.10986300149518222,0.21707515139434472,0.09125551410062828,0.2590934202481528,20
meps,abrupt_global_mag0.5,xgb,subgroup_violation_diff,DI_star,-0.1680158761586244,0.26530394625481085,-0.17889210002545858,0.2530359200575982,20
meps,abrupt_global_mag0.5,xgb,subgroup_violation_diff,AOD_star,-0.1599248120300752,0.25153192240352945,-0.14398120881798399,0.24974845592065292,20
meps,abrupt_global_mag0.5,xgb,subgroup_violation_diff,BalAcc,0.01696069919034753,0.2314708947725953,-0.06429467029394724,0.248047605203536,20
meps,abrupt_global_mag0.5,xgb,max_subgroup_deviation,DI_star,-0.1616642886135603,0.2452010869394621,-0.1894533408624755,0.2350011549844112,20
meps,abrupt_global_mag0.5,xgb,max_subgroup_deviation,AOD_star,-0.15721804511278192,0.2574770176306002,-0.16312991371084304,0.23837620555924968,20
meps,abrupt_global_mag0.5,xgb,max_subgroup_deviation,BalAcc,0.06011732123252487,0.24570621934955716,-0.058327055649696355,0.26915557374040394,20
meps,abrupt_global_mag0.5,xgb,assignment_proportion_drift,DI_star,-0.1920730975911937,0.17908586138758623,-0.18894371211264235,0.2321801737878731,20
meps,abrupt_global_mag0.5,xgb,assignment_proportion_drift,AOD_star,-0.15990128829112177,0.23902257630687784,-0.1487849837789286,0.2453120102000121,20
meps,abrupt_global_mag0.5,xgb,assignment_proportion_drift,BalAcc,-0.09233836520252175,0.26548977720677086,-0.0821741108266538,0.2675469021036988,20
meps,abrupt_global_mag0.5,xgb,ks_statistic,DI_star,-0.12354271516701584,0.2577281584948788,-0.17894837445471284,0.24264566877560295,20
meps,abrupt_global_mag0.5,xgb,ks_statistic,AOD_star,-0.14593984962406012,0.26029048988776077,-0.1450985958365449,0.2502209316529175,20
meps,abrupt_global_mag0.5,xgb,ks_statistic,BalAcc,-0.09215381645802594,0.2632284750610582,-0.07608058327541055,0.26700752439380987,20
meps,abrupt_global_mag0.5,xgb,kl_divergence,DI_star,-0.11696098201138412,0.21076559225298644,-0.15927629479224487,0.24402884683735226,20
meps,abrupt_global_mag0.5,xgb,kl_divergence,AOD_star,-0.1362406015037594,0.28431926948583885,-0.12151744736498249,0.2709826263738158,20
meps,abrupt_global_mag0.5,xgb,kl_divergence,BalAcc,-0.005115355626320409,0.19823632455256399,-0.037206534546290394,0.22974376429272322,20
meps,abrupt_global_mag0.5,xgb,per_subgroup_ewma[min_neg],DI_star,nan,nan,nan,nan,0
meps,abrupt_global_mag0.5,xgb,per_subgroup_ewma[min_neg],AOD_star,nan,nan,nan,nan,0
meps,abrupt_global_mag0.5,xgb,per_subgroup_ewma[min_neg],BalAcc,nan,nan,nan,nan,0
meps,abrupt_global_mag0.5,xgb,per_subgroup_baseline_relative[min_neg],DI_star,nan,nan,nan,nan,0
meps,abrupt_global_mag0.5,xgb,per_subgroup_baseline_relative[min_neg],AOD_star,nan,nan,nan,nan,0
meps,abrupt_global_mag0.5,xgb,per_subgroup_baseline_relative[min_neg],BalAcc,nan,nan,nan,nan,0
meps,abrupt_global_mag0.5,xgb,per_subgroup_ewma[min_pos],DI_star,-0.1364735753246931,0.24520629085499682,-0.18555389929431068,0.21752981880474084,20
meps,abrupt_global_mag0.5,xgb,per_subgroup_ewma[min_pos],AOD_star,-0.12954887218045114,0.23175380323776265,-0.13398618010469412,0.21179487919846732,20
meps,abrupt_global_mag0.5,xgb,per_subgroup_ewma[min_pos],BalAcc,0.007820227642668329,0.20168135022535005,-0.04686618990232959,0.23902500695937695,20
meps,abrupt_global_mag0.5,xgb,per_subgroup_baseline_relative[min_pos],DI_star,-0.12726419443410192,0.2673568406784192,-0.17879731141322808,0.24846321750007702,20
meps,abrupt_global_mag0.5,xgb,per_subgroup_baseline_relative[min_pos],AOD_star,-0.15105263157894736,0.29041540987787356,-0.15070155215981684,0.252057140112596,20
meps,abrupt_global_mag0.5,xgb,per_subgroup_baseline_relative[min_pos],BalAcc,0.049592306419819605,0.22982471689411524,-0.06259114024009932,0.2567906346572489,20
meps,abrupt_global_mag0.5,xgb,per_subgroup_ewma[maj_neg],DI_star,-0.15654439228105577,0.2543744263452807,-0.17693958285697875,0.21768104791101497,19
meps,abrupt_global_mag0.5,xgb,per_subgroup_ewma[maj_neg],AOD_star,-0.1498386711079949,0.2273524496529519,-0.13068166672878379,0.22334586439982904,19
meps,abrupt_global_mag0.5,xgb,per_subgroup_ewma[maj_neg],BalAcc,-0.0023713416190456545,0.2713774948466125,-0.03941090816173109,0.28835621738410544,19
meps,abrupt_global_mag0.5,xgb,per_subgroup_baseline_relative[maj_neg],DI_star,-0.0211998494730177,0.25110967561594055,-0.06094922376199342,0.23306354436276722,19
meps,abrupt_global_mag0.5,xgb,per_subgroup_baseline_relative[maj_neg],AOD_star,0.016785118454150337,0.16334169747483449,-0.04425744534390198,0.20539770885208447,19
meps,abrupt_global_mag0.5,xgb,per_subgroup_baseline_relative[maj_neg],BalAcc,0.030046506538008742,0.23680793632834787,0.01727052073004218,0.26134344474375637,19
meps,abrupt_global_mag0.5,xgb,per_subgroup_ewma[maj_pos],DI_star,-0.14632288828170323,0.21977103585376906,-0.1784561160674618,0.2095458457612164,20
meps,abrupt_global_mag0.5,xgb,per_subgroup_ewma[maj_pos],AOD_star,-0.14165413533834587,0.21410312759344197,-0.12864698625506335,0.21321684517986475,20
meps,abrupt_global_mag0.5,xgb,per_subgroup_ewma[maj_pos],BalAcc,0.005260131709645077,0.21994593404617802,-0.04881643815228485,0.24125899447923307,20
meps,abrupt_global_mag0.5,xgb,per_subgroup_baseline_relative[maj_pos],DI_star,-0.07996963209252307,0.2104783876441777,-0.1653684086197679,0.21222582757700378,20
meps,abrupt_global_mag0.5,xgb,per_subgroup_baseline_relative[maj_pos],AOD_star,-0.15624060150375937,0.2416382269679333,-0.16235843018319557,0.23949747859571185,20
meps,abrupt_global_mag0.5,xgb,per_subgroup_baseline_relative[maj_pos],BalAcc,0.0028498743565018815,0.2597387943640454,-0.06482422419205051,0.28196431725429777,20
meps,abrupt_global_mag1.0,lr,global_mean,DI_star,0.09233082706766915,0.2227216415557237,0.08125825952534395,0.22190616332101604,20
meps,abrupt_global_mag1.0,lr,global_mean,AOD_star,0.011503759398496231,0.2630467112065004,0.01329185595448069,0.23188756508203062,20
meps,abrupt_global_mag1.0,lr,global_mean,BalAcc,0.07590068598234452,0.20379102663991294,-0.036486423346633455,0.2566327356863663,20
meps,abrupt_global_mag1.0,lr,global_ewma,DI_star,0.0506766917293233,0.18531606265410147,0.05342629626420091,0.1926187597514477,20
meps,abrupt_global_mag1.0,lr,global_ewma,AOD_star,0.04240601503759399,0.22340551286449126,0.03306400533581604,0.21743687450602248,20
meps,abrupt_global_mag1.0,lr,global_ewma,BalAcc,-0.010194149564462051,0.22382690270808042,0.0071528316552053935,0.2338978915773472,20
meps,abrupt_global_mag1.0,lr,global_std,DI_star,0.00030075187969923753,0.24413180700975706,-0.05947584874910152,0.22696968142954357,20
meps,abrupt_global_mag1.0,lr,global_std,AOD_star,-0.01849624060150376,0.21330979457264787,-0.01435015060765173,0.21438958637013802,20
meps,abrupt_global_mag1.0,lr,global_std,BalAcc,0.07402935823690801,0.24049794047899667,0.0430609173705542,0.25635802235902316,20
meps,abrupt_global_mag1.0,lr,subgroup_violation_diff,DI_star,0.06496240601503758,0.20792626445190385,0.09050926980793479,0.2142966948953204,20
meps,abrupt_global_mag1.0,lr,subgroup_violation_diff,AOD_star,0.01082706766917294,0.24849850419270922,0.02485065831318137,0.21772533549628867,20
meps,abrupt_global_mag1.0,lr,subgroup_violation_diff,BalAcc,-0.06944190219786633,0.23982822219121583,-0.04225329296590524,0.23754582127547305,20
meps,abrupt_global_mag1.0,lr,max_subgroup_deviation,DI_star,0.06012314734587913,0.2450243217277928,0.07633791793241314,0.2199937522212839,20
meps,abrupt_global_mag1.0,lr,max_subgroup_deviation,AOD_star,-0.0014226604689062089,0.2917774019362794,0.005997265922731332,0.23463002488082862,20
meps,abrupt_global_mag1.0,lr,max_subgroup_deviation,BalAcc,0.005550219863914324,0.2489038888477602,-0.03753531577557802,0.2624769737606221,20
meps,abrupt_global_mag1.0,lr,assignment_proportion_drift,DI_star,-0.002890996453246453,0.23867832439112116,0.061310816900817355,0.2098200336145423,20
meps,abrupt_global_mag1.0,lr,assignment_proportion_drift,AOD_star,0.01350995892413876,0.2355423295957765,0.019946052598861112,0.2084442497688267,20
meps,abrupt_global_mag1.0,lr,assignment_proportion_drift,BalAcc,-0.07180570783955645,0.25501021649470484,-0.048010700180318534,0.2530074981966583,20
meps,abrupt_global_mag1.0,lr,ks_statistic,DI_star,0.05924812030075188,0.21946563464852178,0.07520576629582429,0.2215311899338886,20
meps,abrupt_global_mag1.0,lr,ks_statistic,AOD_star,0.002406015037593982,0.23597497306577342,0.012743104701668562,0.22705836845335425,20
meps,abrupt_global_mag1.0,lr,ks_statistic,BalAcc,-0.035417323636477094,0.22150524540972052,-0.04183598433459958,0.2579140774690047,20
meps,abrupt_global_mag1.0,lr,kl_divergence,DI_star,0.06999999999999999,0.19761165105678352,0.09727275832424674,0.20364048429469983,20
meps,abrupt_global_mag1.0,lr,kl_divergence,AOD_star,0.03669172932330826,0.1933511824232631,0.04023949992447296,0.2256548315199455,20
meps,abrupt_global_mag1.0,lr,kl_divergence,BalAcc,-0.03977901779101871,0.2751510762018971,-0.03812641576338577,0.2598381043619817,20
meps,abrupt_global_mag1.0,lr,per_subgroup_ewma[min_neg],DI_star,nan,nan,nan,nan,0
meps,abrupt_global_mag1.0,lr,per_subgroup_ewma[min_neg],AOD_star,nan,nan,nan,nan,0
meps,abrupt_global_mag1.0,lr,per_subgroup_ewma[min_neg],BalAcc,nan,nan,nan,nan,0
meps,abrupt_global_mag1.0,lr,per_subgroup_baseline_relative[min_neg],DI_star,nan,nan,nan,nan,0
meps,abrupt_global_mag1.0,lr,per_subgroup_baseline_relative[min_neg],AOD_star,nan,nan,nan,nan,0
meps,abrupt_global_mag1.0,lr,per_subgroup_baseline_relative[min_neg],BalAcc,nan,nan,nan,nan,0
meps,abrupt_global_mag1.0,lr,per_subgroup_ewma[min_pos],DI_star,0.05293233082706768,0.19017033879934928,0.053265255729883,0.19216348717397227,20
meps,abrupt_global_mag1.0,lr,per_subgroup_ewma[min_pos],AOD_star,0.04466165413533835,0.2252514628000972,0.03264364555154654,0.21713130665666502,20
meps,abrupt_global_mag1.0,lr,per_subgroup_ewma[min_pos],BalAcc,-0.015081282763263842,0.2170524176146114,0.007701445341201435,0.23242463008655312,20
meps,abrupt_global_mag1.0,lr,per_subgroup_baseline_relative[min_pos],DI_star,0.0863157894736842,0.2162949726159273,0.08363247212375313,0.22165947154483326,20
meps,abrupt_global_mag1.0,lr,per_subgroup_baseline_relative[min_pos],AOD_star,0.006842105263157899,0.24677441993973637,0.01593995726816222,0.2319460241036378,20
meps,abrupt_global_mag1.0,lr,per_subgroup_baseline_relative[min_pos],BalAcc,0.008907978522507723,0.22960798649932684,-0.037614964383228595,0.253821806967277,20
meps,abrupt_global_mag1.0,lr,per_subgroup_ewma[maj_neg],DI_star,-0.0040921899137738174,0.18526047748052032,-0.01825938899338129,0.19785769825636143,19
meps,abrupt_global_mag1.0,lr,per_subgroup_ewma[maj_neg],AOD_star,-0.013706658225882252,0.2906557996017827,-0.001361506965306749,0.3198482375022573,19
meps,abrupt_global_mag1.0,lr,per_subgroup_ewma[maj_neg],BalAcc,0.03099731471525607,0.23784531074934817,0.04684094274380466,0.241391711673765,19
meps,abrupt_global_mag1.0,lr,per_subgroup_baseline_relative[maj_neg],DI_star,0.0022094287693316264,0.27374304586866843,0.03362776331243901,0.22915301211742287,19
meps,abrupt_global_mag1.0,lr,per_subgroup_baseline_relative[maj_neg],AOD_star,0.013156944318299599,0.3130176387819128,0.021365113183359458,0.30049459225192926,19
meps,abrupt_global_mag1.0,lr,per_subgroup_baseline_relative[maj_neg],BalAcc,0.051250404503642585,0.2640769443394489,0.050534914640039084,0.2298338287618357,19
meps,abrupt_global_mag1.0,lr,per_subgroup_ewma[maj_pos],DI_star,0.042481203007518786,0.1891720208687415,0.0536176249858296,0.19285850073439723,20
meps,abrupt_global_mag1.0,lr,per_subgroup_ewma[maj_pos],AOD_star,0.038796992481202996,0.2204157363707137,0.033211533513234984,0.218866186972275,20
meps,abrupt_global_mag1.0,lr,per_subgroup_ewma[maj_pos],BalAcc,-0.01342692116808869,0.22693292054819889,0.00738791255047765,0.23564486106408636,20
meps,abrupt_global_mag1.0,lr,per_subgroup_baseline_relative[maj_pos],DI_star,0.04548872180451128,0.23606286657242564,0.07401527565497498,0.2221651676318298,20
meps,abrupt_global_mag1.0,lr,per_subgroup_baseline_relative[maj_pos],AOD_star,0.003984962406015044,0.2601948221409017,0.006575820948079611,0.23032538950680095,20
meps,abrupt_global_mag1.0,lr,per_subgroup_baseline_relative[maj_pos],BalAcc,0.03548795818771243,0.2203650515427994,-0.034980514254800706,0.26185439049058074,20
meps,abrupt_global_mag1.0,xgb,global_mean,DI_star,0.46765766211614057,0.27905250335016357,0.6927862208538624,0.42077126633200984,20
meps,abrupt_global_mag1.0,xgb,global_mean,AOD_star,-0.14736842105263154,0.32992117940988896,-0.2620665023460436,0.455375779403212,20
meps,abrupt_global_mag1.0,xgb,global_mean,BalAcc,-0.48820292691506734,0.1288399611765746,-0.8087844377359547,0.14971621690891926,20
meps,abrupt_global_mag1.0,xgb,global_ewma,DI_star,0.45683226309108366,0.28227367615880833,0.5942766860326885,0.37923706201352253,20
meps,abrupt_global_mag1.0,xgb,global_ewma,AOD_star,-0.1807518796992481,0.3588240918996133,-0.2090372839942078,0.4153182022544716,20
meps,abrupt_global_mag1.0,xgb,global_ewma,BalAcc,-0.51605875465439,0.09468491939157818,-0.6762714097698234,0.11862437403945689,20
meps,abrupt_global_mag1.0,xgb,global_std,DI_star,-0.4041989023711846,0.3213691480534902,-0.6794444360828363,0.4232408873829705,20
meps,abrupt_global_mag1.0,xgb,global_std,AOD_star,0.16766917293233077,0.3957240787440454,0.25526856155202343,0.46130341961017035,20
meps,abrupt_global_mag1.0,xgb,global_std,BalAcc,0.5402756161613996,0.13346814780376434,0.8061222795198646,0.15565124450231532,20
meps,abrupt_global_mag1.0,xgb,subgroup_violation_diff,DI_star,0.45464974736969677,0.292934815186745,0.6741749879973382,0.4164623516034194,20
meps,abrupt_global_mag1.0,xgb,subgroup_violation_diff,AOD_star,-0.2039097744360902,0.3393463570239697,-0.2608327536657996,0.4415736633603355,20
meps,abrupt_global_mag1.0,xgb,subgroup_violation_diff,BalAcc,-0.5632081732452966,0.1163309885617496,-0.7890378357916437,0.1377640209379927,20
meps,abrupt_global_mag1.0,xgb,max_subgroup_deviation,DI_star,0.4397403985811281,0.2647368798399344,0.6805055587337783,0.4155315857934963,20
meps,abrupt_global_mag1.0,xgb,max_subgroup_deviation,AOD_star,-0.18584914185108065,0.35341984386157005,-0.2637534625257716,0.44013673117356766,20
meps,abrupt_global_mag1.0,xgb,max_subgroup_deviation,BalAcc,-0.5079563069817761,0.12033127462870173,-0.7946439627255109,0.15828737967279252,20
meps,abrupt_global_mag1.0,xgb,assignment_proportion_drift,DI_star,0.4111215603318188,0.3110376488275782,0.674642541154787,0.4219044649266389,20
meps,abrupt_global_mag1.0,xgb,assignment_proportion_drift,AOD_star,-0.21417687435873814,0.3893594741637315,-0.2627452718237925,0.4652076791337368,20
meps,abrupt_global_mag1.0,xgb,assignment_proportion_drift,BalAcc,-0.543442527551074,0.12370398027112668,-0.7970686301913072,0.14917213495956594,20
meps,abrupt_global_mag1.0,xgb,ks_statistic,DI_star,0.35551453629329866,0.2690763561804808,0.6888276041207846,0.42185471387738127,20
meps,abrupt_global_mag1.0,xgb,ks_statistic,AOD_star,-0.225187969924812,0.3089517051024366,-0.2647745589749015,0.4557088912109755,20
meps,abrupt_global_mag1.0,xgb,ks_statistic,BalAcc,-0.47158791279528167,0.09575159148742257,-0.8096954999934214,0.15047162223182867,20
meps,abrupt_global_mag1.0,xgb,kl_divergence,DI_star,0.3773557506701911,0.30689414758298106,0.659022779338983,0.41894337866804066,20
meps,abrupt_global_mag1.0,xgb,kl_divergence,AOD_star,-0.18766917293233082,0.3798133082610838,-0.24737089386429978,0.4616877309057715,20
meps,abrupt_global_mag1.0,xgb,kl_divergence,BalAcc,-0.46245258859046884,0.14226117621184378,-0.7803772944794278,0.1553218769182843,20
meps,abrupt_global_mag1.0,xgb,per_subgroup_ewma[min_neg],DI_star,nan,nan,nan,nan,0
meps,abrupt_global_mag1.0,xgb,per_subgroup_ewma[min_neg],AOD_star,nan,nan,nan,nan,0
meps,abrupt_global_mag1.0,xgb,per_subgroup_ewma[min_neg],BalAcc,nan,nan,nan,nan,0
meps,abrupt_global_mag1.0,xgb,per_subgroup_baseline_relative[min_neg],DI_star,nan,nan,nan,nan,0
meps,abrupt_global_mag1.0,xgb,per_subgroup_baseline_relative[min_neg],AOD_star,nan,nan,nan,nan,0
meps,abrupt_global_mag1.0,xgb,per_subgroup_baseline_relative[min_neg],BalAcc,nan,nan,nan,nan,0
meps,abrupt_global_mag1.0,xgb,per_subgroup_ewma[min_pos],DI_star,0.4570577987187545,0.280522356061806,0.5944107180412599,0.37947242484936516,20
meps,abrupt_global_mag1.0,xgb,per_subgroup_ewma[min_pos],AOD_star,-0.18045112781954883,0.3549646277242052,-0.2082359147349382,0.4159333436896069,20
meps,abrupt_global_mag1.0,xgb,per_subgroup_ewma[min_pos],BalAcc,-0.5183898928251994,0.087852682940849,-0.6756691290909179,0.11926300807368923,20
meps,abrupt_global_mag1.0,xgb,per_subgroup_baseline_relative[min_pos],DI_star,0.46998880028695,0.2837809652853248,0.6912196205509836,0.42314516254272,20
meps,abrupt_global_mag1.0,xgb,per_subgroup_baseline_relative[min_pos],AOD_star,-0.18744360902255633,0.3448806777607317,-0.26307417426213486,0.45617361838245246,20
meps,abrupt_global_mag1.0,xgb,per_subgroup_baseline_relative[min_pos],BalAcc,-0.5271522185191692,0.11055551582477252,-0.8071838421891219,0.14737449091100355,20
meps,abrupt_global_mag1.0,xgb,per_subgroup_ewma[maj_neg],DI_star,0.32452312298105324,0.2782606583652825,0.40927387915343605,0.3533610573394697,19
meps,abrupt_global_mag1.0,xgb,per_subgroup_ewma[maj_neg],AOD_star,-0.1502585398836351,0.31534364522791614,-0.1533808954065844,0.339121763049026,19
meps,abrupt_global_mag1.0,xgb,per_subgroup_ewma[maj_neg],BalAcc,-0.3847106950623019,0.2029261442666159,-0.46782657912109105,0.20807357163807993,19
meps,abrupt_global_mag1.0,xgb,per_subgroup_baseline_relative[maj_neg],DI_star,-0.00954255006641265,0.3965886057930542,0.24006612363764654,0.36996146635130867,19
meps,abrupt_global_mag1.0,xgb,per_subgroup_baseline_relative[maj_neg],AOD_star,0.0026306239150780484,0.244858135983478,-0.10807949981886074,0.25743324552361885,19
meps,abrupt_global_mag1.0,xgb,per_subgroup_baseline_relative[maj_neg],BalAcc,0.023765718732049263,0.3689772155715528,-0.28475896515436244,0.28385132331973395,19
meps,abrupt_global_mag1.0,xgb,per_subgroup_ewma[maj_pos],DI_star,0.4508924983133345,0.2847244296659067,0.5928879217968593,0.37962265322239896,20
meps,abrupt_global_mag1.0,xgb,per_subgroup_ewma[maj_pos],AOD_star,-0.18090225563909773,0.3610648443287778,-0.20951817041126897,0.4152240766835156,20
meps,abrupt_global_mag1.0,xgb,per_subgroup_ewma[maj_pos],BalAcc,-0.5168858223235631,0.09584034613064432,-0.6757783134495974,0.11877418003385029,20
meps,abrupt_global_mag1.0,xgb,per_subgroup_baseline_relative[maj_pos],DI_star,0.44288643604468064,0.2574145743129497,0.6862889931965911,0.41796853389966965,20
meps,abrupt_global_mag1.0,xgb,per_subgroup_baseline_relative[maj_pos],AOD_star,-0.15037593984962405,0.3794745110240363,-0.26279508942150176,0.4585555556656838,20
meps,abrupt_global_mag1.0,xgb,per_subgroup_baseline_relative[maj_pos],BalAcc,-0.4915854522522632,0.136342573546679,-0.8052943027149613,0.150826757302523,20
meps,abrupt_global_mag2.0,lr,global_mean,DI_star,0.10827067669172932,0.25269691242561215,0.1156852611606918,0.2840792763008124,20
meps,abrupt_global_mag2.0,lr,global_mean,AOD_star,0.011879699248120296,0.26719985044322897,-0.0016753061586603489,0.24639619825814538,20
meps,abrupt_global_mag2.0,lr,global_mean,BalAcc,0.015678572489216794,0.2238565566984253,-0.052891994293946254,0.27933307774230254,20
meps,abrupt_global_mag2.0,lr,global_ewma,DI_star,0.06593984962406016,0.24300224953343239,0.08112514105961885,0.24349311058527998,20
meps,abrupt_global_mag2.0,lr,global_ewma,AOD_star,0.02984962406015037,0.21668347205547528,0.012315662796527373,0.2175450154357945,20
meps,abrupt_global_mag2.0,lr,global_ewma,BalAcc,0.003499196081336376,0.2611152023722228,0.0031965268072035938,0.2590512915440673,20
meps,abrupt_global_mag2.0,lr,global_std,DI_star,-0.11624060150375937,0.2616762154714417,-0.10235501011214856,0.29596388509016963,20
meps,abrupt_global_mag2.0,lr,global_std,AOD_star,-0.056315789473684194,0.22294797647617878,-0.008625503113123224,0.22965864851497877,20
meps,abrupt_global_mag2.0,lr,global_std,BalAcc,0.051129488192988196,0.20551091113114991,0.0557892763673178,0.2661669403121931,20
meps,abrupt_global_mag2.0,lr,subgroup_violation_diff,DI_star,0.07263157894736841,0.22295488607702774,0.09562874431447015,0.22631859912278263,20
meps,abrupt_global_mag2.0,lr,subgroup_violation_diff,AOD_star,0.07195488721804512,0.20859710853397057,0.057929554357037435,0.1995705260180864,20
meps,abrupt_global_mag2.0,lr,subgroup_violation_diff,BalAcc,0.06018778609113824,0.22905850976234124,0.0208852830875016,0.20052368192672695,20
meps,abrupt_global_mag2.0,lr,max_subgroup_deviation,DI_star,0.10511278195488723,0.20206570728196044,0.11809999939831187,0.2818618633267118,20
meps,abrupt_global_mag2.0,lr,max_subgroup_deviation,AOD_star,-0.005187969924812024,0.23679100773538314,-0.0024620545681473677,0.2455702792983571,20
meps,abrupt_global_mag2.0,lr,max_subgroup_deviation,BalAcc,-0.05939793059852827,0.24985040360985988,-0.0548403271300039,0.27797329393816983,20
meps,abrupt_global_mag2.0,lr,assignment_proportion_drift,DI_star,0.1127153297596188,0.24940765435674156,0.11332655589538636,0.28475726919644717,20
meps,abrupt_global_mag2.0,lr,assignment_proportion_drift,AOD_star,0.028607031072610485,0.1677735396967802,0.0028648298726005037,0.22871199259865993,20
meps,abrupt_global_mag2.0,lr,assignment_proportion_drift,BalAcc,-0.07852210560325344,0.2660873813332946,-0.055908925132945986,0.2802974749096048,20
meps,abrupt_global_mag2.0,lr,ks_statistic,DI_star,0.14204152447991517,0.2691074640891961,0.11190162047313648,0.28758507601122285,20
meps,abrupt_global_mag2.0,lr,ks_statistic,AOD_star,0.019767981635767,0.23058788797375251,-0.0019804661153077496,0.24265669638486026,20
meps,abrupt_global_mag2.0,lr,ks_statistic,BalAcc,-0.05263816702419496,0.254808097631937,-0.054200640976790004,0.27980225537154085,20
meps,abrupt_global_mag2.0,lr,kl_divergence,DI_star,0.1094736842105263,0.20616349406541892,0.1203136653627852,0.27843177155621385,20
meps,abrupt_global_mag2.0,lr,kl_divergence,AOD_star,0.006315789473684203,0.24263641357653623,0.0013372486654911794,0.25117374288133915,20
meps,abrupt_global_mag2.0,lr,kl_divergence,BalAcc,-0.06733284923808094,0.25802637551321633,-0.06887185482550237,0.2655690301708909,20
meps,abrupt_global_mag2.0,lr,per_subgroup_ewma[min_neg],DI_star,nan,nan,nan,nan,0
meps,abrupt_global_mag2.0,lr,per_subgroup_ewma[min_neg],AOD_star,nan,nan,nan,nan,0
meps,abrupt_global_mag2.0,lr,per_subgroup_ewma[min_neg],BalAcc,nan,nan,nan,nan,0
meps,abrupt_global_mag2.0,lr,per_subgroup_baseline_relative[min_neg],DI_star,nan,nan,nan,nan,0
meps,abrupt_global_mag2.0,lr,per_subgroup_baseline_relative[min_neg],AOD_star,nan,nan,nan,nan,0
meps,abrupt_global_mag2.0,lr,per_subgroup_baseline_relative[min_neg],BalAcc,nan,nan,nan,nan,0
meps,abrupt_global_mag2.0,lr,per_subgroup_ewma[min_pos],DI_star,0.06789473684210526,0.24576934760059832,0.08083116759987205,0.2438153424357969,20
meps,abrupt_global_mag2.0,lr,per_subgroup_ewma[min_pos],AOD_star,0.03368421052631579,0.22125426842756382,0.012323131184787974,0.2179848868487591,20
meps,abrupt_global_mag2.0,lr,per_subgroup_ewma[min_pos],BalAcc,-0.0014632099337011997,0.2539068980325416,0.003431905919622649,0.2578816277238443,20
meps,abrupt_global_mag2.0,lr,per_subgroup_baseline_relative[min_pos],DI_star,0.08947368421052632,0.26423089517986054,0.11624657615396505,0.2875300370652684,20
meps,abrupt_global_mag2.0,lr,per_subgroup_baseline_relative[min_pos],AOD_star,0.016992481203007503,0.2789577445732446,0.0007201734470303727,0.24907184425174547,20
meps,abrupt_global_mag2.0,lr,per_subgroup_baseline_relative[min_pos],BalAcc,0.006956937670560559,0.2474966279384287,-0.0521583832070082,0.27809389517180216,20
meps,abrupt_global_mag2.0,lr,per_subgroup_ewma[maj_neg],DI_star,0.058385094691818615,0.2523914568026676,0.07192238428041524,0.24702074081176795,18
meps,abrupt_global_mag2.0,lr,per_subgroup_ewma[maj_neg],AOD_star,0.04502243244725097,0.16599858680668586,0.05262201755646484,0.22376988441044574,18
meps,abrupt_global_mag2.0,lr,per_subgroup_ewma[maj_neg],BalAcc,4.325992347241887e-05,0.24832898267870054,0.0022371224188637772,0.24536458695901908,18
meps,abrupt_global_mag2.0,lr,per_subgroup_baseline_relative[maj_neg],DI_star,0.060445082440084605,0.20743815684215414,0.09377230295956222,0.2213627019910742,18
meps,abrupt_global_mag2.0,lr,per_subgroup_baseline_relative[maj_neg],AOD_star,0.013157730734508806,0.22256914690469515,0.0284478295785734,0.2259026016318784,18
meps,abrupt_global_mag2.0,lr,per_subgroup_baseline_relative[maj_neg],BalAcc,-0.018964895786474537,0.25449137978301783,0.01779062794318167,0.2711230775003475,18
meps,abrupt_global_mag2.0,lr,per_subgroup_ewma[maj_pos],DI_star,0.060300751879699244,0.2517195765308826,0.08156392283141603,0.24427549734714818,20
meps,abrupt_global_mag2.0,lr,per_subgroup_ewma[maj_pos],AOD_star,0.026466165413533825,0.20957971936947434,0.012005108828230398,0.21785432287756598,20
meps,abrupt_global_mag2.0,lr,per_subgroup_ewma[maj_pos],BalAcc,0.0019954366828401327,0.2625284093447244,0.0035735059052101116,0.2591571506813203,20
meps,abrupt_global_mag2.0,lr,per_subgroup_baseline_relative[maj_pos],DI_star,0.10639097744360901,0.2020942280150618,0.11773603927859015,0.2827043936602459,20
meps,abrupt_global_mag2.0,lr,per_subgroup_baseline_relative[maj_pos],AOD_star,-0.0031578947368421026,0.23622949773611207,-0.0014690094489938535,0.24583322674267308,20
meps,abrupt_global_mag2.0,lr,per_subgroup_baseline_relative[maj_pos],BalAcc,-0.060375374207550826,0.25325501643518833,-0.05449518717420933,0.2783232027214804,20
meps,abrupt_global_mag2.0,xgb,global_mean,DI_star,0.7410238235045276,0.01111804728766134,0.9914850215247553,0.005701740575105212,20
meps,abrupt_global_mag2.0,xgb,global_mean,AOD_star,0.7401344763366998,0.011171056383903446,0.9448385994405026,0.03929613080199375,20
meps,abrupt_global_mag2.0,xgb,global_mean,BalAcc,-0.7393439455208529,0.01082298472418794,-0.9856975946452599,0.010696775193774991,20
meps,abrupt_global_mag2.0,xgb,global_ewma,DI_star,0.7418143543203746,0.011167122220589375,0.8447914583843523,0.005705024875141669,20
meps,abrupt_global_mag2.0,xgb,global_ewma,AOD_star,0.7400356599847189,0.009152656232042299,0.8060699395416308,0.033451367458868536,20
meps,abrupt_global_mag2.0,xgb,global_ewma,BalAcc,-0.7391463128168912,0.009580600781620277,-0.8400329045177759,0.00958635174252099,20
meps,abrupt_global_mag2.0,xgb,global_std,DI_star,-0.7407273744485849,0.009814210048450622,-0.977322665989624,0.01701518951753373,20
meps,abrupt_global_mag2.0,xgb,global_std,AOD_star,-0.7437906813599919,0.009380269407371359,-0.9384454622876515,0.04361083660698877,20
meps,abrupt_global_mag2.0,xgb,global_std,BalAcc,0.7400356599847189,0.010028277566077338,0.9721597151592511,0.018380362972788486,20
meps,abrupt_global_mag2.0,xgb,subgroup_violation_diff,DI_star,0.2437799403368009,0.5754483611294159,0.30019131459795956,0.6703034507871464,20
meps,abrupt_global_mag2.0,xgb,subgroup_violation_diff,AOD_star,0.248127859823959,0.5703313029610014,0.28950997875803824,0.6459173462302408,20
meps,abrupt_global_mag2.0,xgb,subgroup_violation_diff,BalAcc,-0.2423965114090687,0.5720752577905424,-0.28512565666288636,0.6675436624695141,20
meps,abrupt_global_mag2.0,xgb,max_subgroup_deviation,DI_star,0.7395415782248147,0.010261686829191947,0.9873409760858263,0.008934148037714596,20
meps,abrupt_global_mag2.0,xgb,max_subgroup_deviation,AOD_star,0.7398380272807572,0.010063270208259575,0.9398300589952461,0.04057902777333705,20
meps,abrupt_global_mag2.0,xgb,max_subgroup_deviation,BalAcc,-0.7408261908005659,0.00912701549652681,-0.9824409709831077,0.012577565790548377,20
meps,abrupt_global_mag2.0,xgb,assignment_proportion_drift,DI_star,0.7438100511812086,0.007974455775999917,0.9841088453407574,0.009043194454859177,20
meps,abrupt_global_mag2.0,xgb,assignment_proportion_drift,AOD_star,0.7430222169410406,0.008812805172709154,0.9396917465155816,0.037132651618736995,20
meps,abrupt_global_mag2.0,xgb,assignment_proportion_drift,BalAcc,-0.7410316324352737,0.00869882700045245,-0.9773698802732067,0.015759457630846133,20
meps,abrupt_global_mag2.0,xgb,ks_statistic,DI_star,0.7414914888314046,0.010959041709572938,0.9917317928936322,0.006072204558762874,20
meps,abrupt_global_mag2.0,xgb,ks_statistic,AOD_star,0.7401016357124404,0.010582314271543493,0.9458472477638106,0.0381764638563739,20
meps,abrupt_global_mag2.0,xgb,ks_statistic,BalAcc,-0.7445569758902146,0.009557285429622647,-0.9863143662189948,0.010952665941045176,20
meps,abrupt_global_mag2.0,xgb,kl_divergence,DI_star,0.7396403945767954,0.009699619019332811,0.9695175343582388,0.010035752763286946,20
meps,abrupt_global_mag2.0,xgb,kl_divergence,AOD_star,0.7363794549614269,0.009710183686213026,0.9251740224443393,0.03743663590062293,20
meps,abrupt_global_mag2.0,xgb,kl_divergence,BalAcc,-0.7425060687842407,0.011058605013704726,-0.9640542681941561,0.012959607579758418,20
meps,abrupt_global_mag2.0,xgb,per_subgroup_ewma[min_neg],DI_star,nan,nan,nan,nan,0
meps,abrupt_global_mag2.0,xgb,per_subgroup_ewma[min_neg],AOD_star,nan,nan,nan,nan,0
meps,abrupt_global_mag2.0,xgb,per_subgroup_ewma[min_neg],BalAcc,nan,nan,nan,nan,0
meps,abrupt_global_mag2.0,xgb,per_subgroup_baseline_relative[min_neg],DI_star,nan,nan,nan,nan,0
meps,abrupt_global_mag2.0,xgb,per_subgroup_baseline_relative[min_neg],AOD_star,nan,nan,nan,nan,0
meps,abrupt_global_mag2.0,xgb,per_subgroup_baseline_relative[min_neg],BalAcc,nan,nan,nan,nan,0
meps,abrupt_global_mag2.0,xgb,per_subgroup_ewma[min_pos],DI_star,0.7399368436327382,0.008913213038148012,0.8445667261489813,0.005561279386890742,20
meps,abrupt_global_mag2.0,xgb,per_subgroup_ewma[min_pos],AOD_star,0.7405297417446233,0.010571040616553496,0.8058034027834274,0.033573307024998826,20
meps,abrupt_global_mag2.0,xgb,per_subgroup_ewma[min_pos],BalAcc,-0.7394427618728336,0.009906801321840797,-0.8396349857295652,0.009348567650599795,20
meps,abrupt_global_mag2.0,xgb,per_subgroup_baseline_relative[min_pos],DI_star,0.7400356599847189,0.010905225041678237,0.9903000126686047,0.0060488250326010936,20
meps,abrupt_global_mag2.0,xgb,per_subgroup_baseline_relative[min_pos],AOD_star,0.7394427618728336,0.011746683439131145,0.9434963365793589,0.04254112120071388,20
meps,abrupt_global_mag2.0,xgb,per_subgroup_baseline_relative[min_pos],BalAcc,-0.7379605165931208,0.0075360021876177945,-0.9838850437631537,0.012807944477366025,20
meps,abrupt_global_mag2.0,xgb,per_subgroup_ewma[maj_neg],DI_star,0.5147907955470037,0.29667252127439975,0.5919194234352522,0.2511245118899121,18
meps,abrupt_global_mag2.0,xgb,per_subgroup_ewma[maj_neg],AOD_star,0.5108921121532866,0.2949562449889922,0.567231029645927,0.2356032181752841,18
meps,abrupt_global_mag2.0,xgb,per_subgroup_ewma[maj_neg],BalAcc,-0.513528084413537,0.2987023160343626,-0.5900795051671626,0.2487357241334204,18
meps,abrupt_global_mag2.0,xgb,per_subgroup_baseline_relative[maj_neg],DI_star,0.148906116497326,0.4713664753827249,0.48271859520832994,0.33081948381530824,18
meps,abrupt_global_mag2.0,xgb,per_subgroup_baseline_relative[maj_neg],AOD_star,0.14050259615862182,0.48096848139017306,0.46237287248423403,0.3123999793692351,18
meps,abrupt_global_mag2.0,xgb,per_subgroup_baseline_relative[maj_neg],BalAcc,-0.13772722230675907,0.4818235619290863,-0.4783619530989618,0.328149118194374,18
meps,abrupt_global_mag2.0,xgb,per_subgroup_ewma[maj_pos],DI_star,0.7403321090406616,0.010957481451759211,0.8468440724630583,0.010128120017999467,20
meps,abrupt_global_mag2.0,xgb,per_subgroup_ewma[maj_pos],AOD_star,0.7412214562084894,0.010596412442183374,0.8080479950891087,0.0340639112134834,20
meps,abrupt_global_mag2.0,xgb,per_subgroup_ewma[maj_pos],BalAcc,-0.7403321090406616,0.00992895375375838,-0.842172858053047,0.012670863107567269,20
meps,abrupt_global_mag2.0,xgb,per_subgroup_baseline_relative[maj_pos],DI_star,0.7398380272807572,0.01004384490261036,0.9877120057333671,0.008993516301309746,20
meps,abrupt_global_mag2.0,xgb,per_subgroup_baseline_relative[maj_pos],AOD_star,0.7402332926886808,0.010028277566077368,0.940887216140583,0.04002169206297683,20
meps,abrupt_global_mag2.0,xgb,per_subgroup_baseline_relative[maj_pos],BalAcc,-0.7410238235045277,0.009711691986170813,-0.9824915713964899,0.012648914802524037,20
meps,variance_group_mag1.5,lr,global_mean,DI_star,0.3899248120300752,0.21379794108765174,0.39599657302225644,0.20759198283027913,20
meps,variance_group_mag1.5,lr,global_mean,AOD_star,0.24330827067669175,0.21850798678898686,0.24839216334736727,0.19116765501674868,20
meps,variance_group_mag1.5,lr,global_mean,BalAcc,0.06762978303378592,0.2540746958019524,0.05798552604777861,0.24027932301410476,20
meps,variance_group_mag1.5,lr,global_ewma,DI_star,0.3900751879699248,0.18081567187764128,0.4016982154177368,0.18672207674165325,20
meps,variance_group_mag1.5,lr,global_ewma,AOD_star,0.257593984962406,0.18390743824557157,0.26987139550177963,0.19444601141896137,20
meps,variance_group_mag1.5,lr,global_ewma,BalAcc,0.04879642683912978,0.22814704846152345,0.03678365117015576,0.2191541049258094,20
meps,variance_group_mag1.5,lr,global_std,DI_star,-0.08796992481203006,0.2199571340556604,-0.08848641760402172,0.19918843441292847,20
meps,variance_group_mag1.5,lr,global_std,AOD_star,-0.1050375939849624,0.2157023611859105,-0.08462794349242,0.19967259675820628,20
meps,variance_group_mag1.5,lr,global_std,BalAcc,0.044546397496380744,0.19372225274055474,0.043003209896524196,0.22235113670345327,20
meps,variance_group_mag1.5,lr,subgroup_violation_diff,DI_star,0.027669172932330833,0.1379861292239802,0.05126345347771014,0.16055202008635755,20
meps,variance_group_mag1.5,lr,subgroup_violation_diff,AOD_star,-0.0018796992481202959,0.18528968843820917,0.026599375634721333,0.20749989333944777,20
meps,variance_group_mag1.5,lr,subgroup_violation_diff,BalAcc,0.06195686696530141,0.20053259328153936,0.07621017369249297,0.1934324741649832,20
meps,variance_group_mag1.5,lr,max_subgroup_deviation,DI_star,0.315187969924812,0.20697892070539878,0.26961807769994134,0.21647492334224525,20
meps,variance_group_mag1.5,lr,max_subgroup_deviation,AOD_star,0.13977443609022552,0.18561622628058844,0.1057855212707125,0.18447156274375487,20
meps,variance_group_mag1.5,lr,max_subgroup_deviation,BalAcc,0.033757560159502605,0.23044670649186988,0.05023886512420187,0.19194462654648792,20
meps,variance_group_mag1.5,lr,assignment_proportion_drift,DI_star,0.08024101958473058,0.23060614492080428,0.2802647640107065,0.18005160736246334,20
meps,variance_group_mag1.5,lr,assignment_proportion_drift,AOD_star,0.03066426883875114,0.2842656203951357,0.1717990920680565,0.2128666752691312,20
meps,variance_group_mag1.5,lr,assignment_proportion_drift,BalAcc,0.05431893041503577,0.2604631043368639,0.0487770300483669,0.2357418123342534,20
meps,variance_group_mag1.5,lr,ks_statistic,DI_star,0.2325563909774436,0.2260482394234498,0.3112181781956903,0.16847301781235122,20
meps,variance_group_mag1.5,lr,ks_statistic,AOD_star,0.11586466165413531,0.22264907387337193,0.18255029820963714,0.2024661110055402,20
meps,variance_group_mag1.5,lr,ks_statistic,BalAcc,0.012966743075368162,0.22017361172987068,0.03406464304921404,0.2194720247367876,20
meps,variance_group_mag1.5,lr,kl_divergence,DI_star,0.3356390977443609,0.18805748336650727,0.36120462890515176,0.16329379645907857,20
meps,variance_group_mag1.5,lr,kl_divergence,AOD_star,0.19864661654135335,0.21388296143910657,0.2263581378710744,0.2105575185464525,20
meps,variance_group_mag1.5,lr,kl_divergence,BalAcc,0.036578904945265556,0.2326695748438591,0.04888041527294016,0.21996733265099278,20
meps,variance_group_mag1.5,lr,per_subgroup_ewma[min_neg],DI_star,nan,nan,nan,nan,0
meps,variance_group_mag1.5,lr,per_subgroup_ewma[min_neg],AOD_star,nan,nan,nan,nan,0
meps,variance_group_mag1.5,lr,per_subgroup_ewma[min_neg],BalAcc,nan,nan,nan,nan,0
meps,variance_group_mag1.5,lr,per_subgroup_baseline_relative[min_neg],DI_star,nan,nan,nan,nan,0
meps,variance_group_mag1.5,lr,per_subgroup_baseline_relative[min_neg],AOD_star,nan,nan,nan,nan,0
meps,variance_group_mag1.5,lr,per_subgroup_baseline_relative[min_neg],BalAcc,nan,nan,nan,nan,0
meps,variance_group_mag1.5,lr,per_subgroup_ewma[min_pos],DI_star,0.35984962406015036,0.18499302882389304,0.38623699167918907,0.1753839091817766,20
meps,variance_group_mag1.5,lr,per_subgroup_ewma[min_pos],AOD_star,0.24992481203007522,0.18197700729273797,0.24896277430630306,0.18910573127616614,20
meps,variance_group_mag1.5,lr,per_subgroup_ewma[min_pos],BalAcc,0.05988723218616462,0.21991771024015963,0.06414780474049957,0.22905659922324206,20
meps,variance_group_mag1.5,lr,per_subgroup_baseline_relative[min_pos],DI_star,0.16082706766917293,0.19879191637531,0.23740413900958393,0.19625934679075424,20
meps,variance_group_mag1.5,lr,per_subgroup_baseline_relative[min_pos],AOD_star,0.0914285714285714,0.19228173405081966,0.13080474069362275,0.21041446766043975,20
meps,variance_group_mag1.5,lr,per_subgroup_baseline_relative[min_pos],BalAcc,0.1125940273855615,0.21817700307216498,0.1047657109576117,0.19606689772527686,20
meps,variance_group_mag1.5,lr,per_subgroup_ewma[maj_neg],DI_star,0.1782727431105402,0.2652825340479413,0.18076794385490108,0.2980237219168316,20
meps,variance_group_mag1.5,lr,per_subgroup_ewma[maj_neg],AOD_star,0.09371117312722863,0.28476369902252974,0.11585171534851217,0.3136809894090829,20
meps,variance_group_mag1.5,lr,per_subgroup_ewma[maj_neg],BalAcc,0.0466587225508782,0.27125297289431854,0.07615375155396048,0.2273343611590505,20
meps,variance_group_mag1.5,lr,per_subgroup_baseline_relative[maj_neg],DI_star,0.0792072732236608,0.24456448124235952,0.07534233068909961,0.24912679347148597,20
meps,variance_group_mag1.5,lr,per_subgroup_baseline_relative[maj_neg],AOD_star,0.04059105999198745,0.2639896482261317,0.03634354964222737,0.27360155367241945,20
meps,variance_group_mag1.5,lr,per_subgroup_baseline_relative[maj_neg],BalAcc,0.03554459067904727,0.26157304432809403,0.035980931506378516,0.22560776985580963,20
meps,variance_group_mag1.5,lr,per_subgroup_ewma[maj_pos],DI_star,0.14834586466165411,0.16045632465458481,0.19466620794670478,0.15769097022576115,20
meps,variance_group_mag1.5,lr,per_subgroup_ewma[maj_pos],AOD_star,0.13225563909774435,0.1996732448646901,0.14660132597015485,0.21407288503460453,20
meps,variance_group_mag1.5,lr,per_subgroup_ewma[maj_pos],BalAcc,-0.03319821794480783,0.21620497625750826,-0.0018534608172924554,0.18726718790151597,20
meps,variance_group_mag1.5,lr,per_subgroup_baseline_relative[maj_pos],DI_star,0.28413533834586463,0.1946055672720433,0.2470626641258662,0.20330458256717504,20
meps,variance_group_mag1.5,lr,per_subgroup_baseline_relative[maj_pos],AOD_star,0.18187969924812028,0.1992157584727655,0.14838416033662946,0.20770320273383594,20
meps,variance_group_mag1.5,lr,per_subgroup_baseline_relative[maj_pos],BalAcc,0.0008231930209713287,0.2386123434324879,-0.0003703170301534001,0.22511632032960718,20
meps,variance_group_mag1.5,xgb,global_mean,DI_star,0.0029340560353910234,0.20598859946066284,-0.03204063112005654,0.21462666682797643,20
meps,variance_group_mag1.5,xgb,global_mean,AOD_star,-0.0023308270676691747,0.22896359066939997,-0.005442831069576095,0.216278022131463,20
meps,variance_group_mag1.5,xgb,global_mean,BalAcc,0.07177032528672429,0.2098188309806151,0.026703511917875,0.19813112477692285,20
meps,variance_group_mag1.5,xgb,global_ewma,DI_star,-0.017820623592119576,0.21444876997979362,-0.040317415625971936,0.21413869274012487,20
meps,variance_group_mag1.5,xgb,global_ewma,AOD_star,0.00233082706766918,0.2036444894199635,0.015233969655200647,0.21705842627520316,20
meps,variance_group_mag1.5,xgb,global_ewma,BalAcc,0.04676997176042852,0.21913997198141744,0.0008112737788511501,0.2094644687681889,20
meps,variance_group_mag1.5,xgb,global_std,DI_star,0.18124132269740273,0.21492660121262414,0.18349982929164707,0.20389323855661065,20
meps,variance_group_mag1.5,xgb,global_std,AOD_star,0.07646616541353382,0.22859184465608093,0.07330982633621408,0.2297128901538597,20
meps,variance_group_mag1.5,xgb,global_std,BalAcc,0.10749965708015789,0.23096538318655804,0.13331438865340134,0.22051796553448397,20
meps,variance_group_mag1.5,xgb,subgroup_violation_diff,DI_star,-0.014734749229592208,0.23515111000969943,-0.008857689085751156,0.24011653776210282,20
meps,variance_group_mag1.5,xgb,subgroup_violation_diff,AOD_star,-0.024736842105263158,0.2033427891460047,-0.024056433123795885,0.2367679353222737,20
meps,variance_group_mag1.5,xgb,subgroup_violation_diff,BalAcc,0.068378240598491,0.19556041023269186,0.07775818243100274,0.2108822607958586,20
meps,variance_group_mag1.5,xgb,max_subgroup_deviation,DI_star,0.029249025328069046,0.22655403048981232,0.010114077048321053,0.22300555091635454,20
meps,variance_group_mag1.5,xgb,max_subgroup_deviation,AOD_star,0.008571428571428567,0.20267145673138587,-0.0178813179891683,0.20886540364352454,20
meps,variance_group_mag1.5,xgb,max_subgroup_deviation,BalAcc,0.09181039395575705,0.22210443060807666,0.09551105202256083,0.19018932802479172,20
meps,variance_group_mag1.5,xgb,assignment_proportion_drift,DI_star,-0.08532835716043578,0.2525958243016799,-0.03433676800310257,0.23795310631630995,20
meps,variance_group_mag1.5,xgb,assignment_proportion_drift,AOD_star,-0.08174173538849362,0.2648483417445666,-0.02892279965945857,0.23402985587560782,20
meps,variance_group_mag1.5,xgb,assignment_proportion_drift,BalAcc,-0.0064168584269911205,0.26792880861346835,0.012413806753123976,0.28521786300495605,20
meps,variance_group_mag1.5,xgb,ks_statistic,DI_star,-0.09470293893482859,0.2501531825576886,-0.04252761368748421,0.21084397229654045,20
meps,variance_group_mag1.5,xgb,ks_statistic,AOD_star,-0.05007518796992481,0.2603954254626979,-0.023618943200117693,0.2243687539996707,20
meps,variance_group_mag1.5,xgb,ks_statistic,BalAcc,0.010891536721810058,0.2657045623843799,-0.0019180292524520414,0.2703869485477885,20
meps,variance_group_mag1.5,xgb,kl_divergence,DI_star,-0.028274664468345583,0.1800961938616961,-0.04734769322473738,0.1876334290163694,20
meps,variance_group_mag1.5,xgb,kl_divergence,AOD_star,-0.018270676691729337,0.2001295724770909,-0.0019049335474100996,0.20789911300412905,20
meps,variance_group_mag1.5,xgb,kl_divergence,BalAcc,0.018265444502551954,0.242968342311898,0.00801162324035598,0.23061875202174714,20
meps,variance_group_mag1.5,xgb,per_subgroup_ewma[min_neg],DI_star,nan,nan,nan,nan,0
meps,variance_group_mag1.5,xgb,per_subgroup_ewma[min_neg],AOD_star,nan,nan,nan,nan,0
meps,variance_group_mag1.5,xgb,per_subgroup_ewma[min_neg],BalAcc,nan,nan,nan,nan,0
meps,variance_group_mag1.5,xgb,per_subgroup_baseline_relative[min_neg],DI_star,nan,nan,nan,nan,0
meps,variance_group_mag1.5,xgb,per_subgroup_baseline_relative[min_neg],AOD_star,nan,nan,nan,nan,0
meps,variance_group_mag1.5,xgb,per_subgroup_baseline_relative[min_neg],BalAcc,nan,nan,nan,nan,0
meps,variance_group_mag1.5,xgb,per_subgroup_ewma[min_pos],DI_star,-0.0346993188255599,0.20993205569622342,-0.04656127024687621,0.2245887099579922,20
meps,variance_group_mag1.5,xgb,per_subgroup_ewma[min_pos],AOD_star,-0.004511278195488721,0.20640761673343436,-0.0035278987519988163,0.22692279112820568,20
meps,variance_group_mag1.5,xgb,per_subgroup_ewma[min_pos],BalAcc,0.04860700038597916,0.22086919904108399,0.023765134993088306,0.21538287001125977,20
meps,variance_group_mag1.5,xgb,per_subgroup_baseline_relative[min_pos],DI_star,-0.026388714875316112,0.23092398882164977,-0.021704133280493684,0.2475340196474613,20
meps,variance_group_mag1.5,xgb,per_subgroup_baseline_relative[min_pos],AOD_star,-0.015488721804511274,0.25426970688112466,-0.026158660501761966,0.2722032877183364,20
meps,variance_group_mag1.5,xgb,per_subgroup_baseline_relative[min_pos],BalAcc,0.16721654616128792,0.20608285043647892,0.11465351625586462,0.2033886467859356,20
meps,variance_group_mag1.5,xgb,per_subgroup_ewma[maj_neg],DI_star,0.011442704955724043,0.22254241320448978,-0.005849852001252692,0.22241585310745177,20
meps,variance_group_mag1.5,xgb,per_subgroup_ewma[maj_neg],AOD_star,-0.04543027447712173,0.26196144659584614,-0.038409084183486736,0.24759123244038042,20
meps,variance_group_mag1.5,xgb,per_subgroup_ewma[maj_neg],BalAcc,0.011772147494061507,0.25986167051929154,0.023524711395564273,0.2462739756079569,20
meps,variance_group_mag1.5,xgb,per_subgroup_baseline_relative[maj_neg],DI_star,0.0268373858332721,0.19616122288901555,-0.001722872066316715,0.18160351555191837,20
meps,variance_group_mag1.5,xgb,per_subgroup_baseline_relative[maj_neg],AOD_star,-0.02669964115038968,0.2268762157043295,-0.040709225712987476,0.2422884650859279,20
meps,variance_group_mag1.5,xgb,per_subgroup_baseline_relative[maj_neg],BalAcc,0.028191991502824025,0.32395592579502797,0.011838106042292518,0.28113579306408093,20
meps,variance_group_mag1.5,xgb,per_subgroup_ewma[maj_pos],DI_star,-0.02642507858876924,0.22528422428857375,-0.009926650263100972,0.21669529356135314,20
meps,variance_group_mag1.5,xgb,per_subgroup_ewma[maj_pos],AOD_star,0.01323308270676691,0.25634162645448855,0.03290145800079158,0.25846356412426474,20
meps,variance_group_mag1.5,xgb,per_subgroup_ewma[maj_pos],BalAcc,-0.05330815754827708,0.2223722644764045,-0.020241500923441437,0.24361503804145127,20
meps,variance_group_mag1.5,xgb,per_subgroup_baseline_relative[maj_pos],DI_star,-0.028720899483961025,0.21971901695938523,-0.03739069368689371,0.1928928565953301,20
meps,variance_group_mag1.5,xgb,per_subgroup_baseline_relative[maj_pos],AOD_star,-0.014210526315789465,0.1834003820951233,-0.009461225639185816,0.1859031792871036,20
meps,variance_group_mag1.5,xgb,per_subgroup_baseline_relative[maj_pos],BalAcc,0.008311735234390247,0.1744371677197226,-0.00957384924850172,0.19911678181056083,20
meps,variance_group_mag2.0,lr,global_mean,DI_star,0.4933834586466165,0.17441852387567858,0.5045793193915656,0.1579669738707887,20
meps,variance_group_mag2.0,lr,global_mean,AOD_star,0.3403007518796992,0.19797899113707096,0.3345346428333928,0.17910103833372118,20
meps,variance_group_mag2.0,lr,global_mean,BalAcc,0.07194942877203846,0.25357850567144774,0.05969459934189333,0.2620914993877815,20
meps,variance_group_mag2.0,lr,global_ewma,DI_star,0.5157142857142857,0.16721944811982414,0.5256965068150733,0.16089488318650583,20
meps,variance_group_mag2.0,lr,global_ewma,AOD_star,0.36203007518796987,0.17830609492045446,0.362963520311375,0.1779229756168534,20
meps,variance_group_mag2.0,lr,global_ewma,BalAcc,0.04684069115797482,0.24111040316135984,0.037973342574770204,0.24123925611424077,20
meps,variance_group_mag2.0,lr,global_std,DI_star,0.17947368421052629,0.16918481161299503,0.22746046752773558,0.16779414519956243,20
meps,variance_group_mag2.0,lr,global_std,AOD_star,0.1242857142857143,0.22683814272035557,0.1346497743407165,0.2148732732774712,20
meps,variance_group_mag2.0,lr,global_std,BalAcc,0.05815689072216211,0.23682602914218198,0.03623445643454054,0.22963410144031338,20
meps,variance_group_mag2.0,lr,subgroup_violation_diff,DI_star,0.08233082706766916,0.15650940787633758,0.08579121580144455,0.1691483291080473,20
meps,variance_group_mag2.0,lr,subgroup_violation_diff,AOD_star,0.0732330827067669,0.1977366990139191,0.07136806547449089,0.2070261962409947,20
meps,variance_group_mag2.0,lr,subgroup_violation_diff,BalAcc,0.0739939278328757,0.23180217933646508,0.09358405955604074,0.2101035401593399,20
meps,variance_group_mag2.0,lr,max_subgroup_deviation,DI_star,0.4809774436090225,0.15482754891232728,0.4542416677192917,0.17303526108860198,20
meps,variance_group_mag2.0,lr,max_subgroup_deviation,AOD_star,0.300375939849624,0.1573961874997239,0.2704157440063791,0.1886213575396803,20
meps,variance_group_mag2.0,lr,max_subgroup_deviation,BalAcc,0.055034256696730344,0.23997644482463096,0.058780208451394825,0.2356551187472207,20
meps,variance_group_mag2.0,lr,assignment_proportion_drift,DI_star,0.1607738261301344,0.16106050699737282,0.37757421267422414,0.1378203428969428,20
meps,variance_group_mag2.0,lr,assignment_proportion_drift,AOD_star,0.07811660900511844,0.23406712647656647,0.24291840235819953,0.19693279295447824,20
meps,variance_group_mag2.0,lr,assignment_proportion_drift,BalAcc,0.028667040905972097,0.25950570767571807,0.03702358535098511,0.24300662711919413,20
meps,variance_group_mag2.0,lr,ks_statistic,DI_star,0.44601503759398486,0.19853747578074238,0.46994634580740263,0.14231560693314985,20
meps,variance_group_mag2.0,lr,ks_statistic,AOD_star,0.30218045112781955,0.21506465732217098,0.3051253161171522,0.19579033724335906,20
meps,variance_group_mag2.0,lr,ks_statistic,BalAcc,0.031843505227289105,0.2373480782263696,0.04287535149116103,0.2412914459451532,20
meps,variance_group_mag2.0,lr,kl_divergence,DI_star,0.42932330827067666,0.18464395839877826,0.4772553131204603,0.17165603333383123,20
meps,variance_group_mag2.0,lr,kl_divergence,AOD_star,0.29984962406015037,0.17503229715779633,0.3216677149162395,0.18429356184882206,20
meps,variance_group_mag2.0,lr,kl_divergence,BalAcc,0.047854526762554174,0.2321706398870293,0.023517194376419057,0.25137543380575034,20
meps,variance_group_mag2.0,lr,per_subgroup_ewma[min_neg],DI_star,nan,nan,nan,nan,0
meps,variance_group_mag2.0,lr,per_subgroup_ewma[min_neg],AOD_star,nan,nan,nan,nan,0
meps,variance_group_mag2.0,lr,per_subgroup_ewma[min_neg],BalAcc,nan,nan,nan,nan,0
meps,variance_group_mag2.0,lr,per_subgroup_baseline_relative[min_neg],DI_star,nan,nan,nan,nan,0
meps,variance_group_mag2.0,lr,per_subgroup_baseline_relative[min_neg],AOD_star,nan,nan,nan,nan,0
meps,variance_group_mag2.0,lr,per_subgroup_baseline_relative[min_neg],BalAcc,nan,nan,nan,nan,0
meps,variance_group_mag2.0,lr,per_subgroup_ewma[min_pos],DI_star,0.48992481203007515,0.176172072180405,0.5200700170420671,0.15390908971371492,20
meps,variance_group_mag2.0,lr,per_subgroup_ewma[min_pos],AOD_star,0.35932330827067666,0.18148978959638581,0.356176751394622,0.17644671266998568,20
meps,variance_group_mag2.0,lr,per_subgroup_ewma[min_pos],BalAcc,0.07022242459626801,0.2274278114976595,0.06381152645926991,0.2404804640280374,20
meps,variance_group_mag2.0,lr,per_subgroup_baseline_relative[min_pos],DI_star,0.27864661654135336,0.1746771085767308,0.3602466112254169,0.15837633101256832,20
meps,variance_group_mag2.0,lr,per_subgroup_baseline_relative[min_pos],AOD_star,0.20954887218045112,0.18107740631833563,0.2446389189630207,0.1968706755569564,20
meps,variance_group_mag2.0,lr,per_subgroup_baseline_relative[min_pos],BalAcc,0.1215505026439931,0.22346598004536558,0.11673710446420386,0.21824762357901706,20
meps,variance_group_mag2.0,lr,per_subgroup_ewma[maj_neg],DI_star,0.23851238544868641,0.27419520059834196,0.2557327023751247,0.294123215613597,20
meps,variance_group_mag2.0,lr,per_subgroup_ewma[maj_neg],AOD_star,0.112742068982194,0.30133899105535505,0.13290353690392237,0.3130759619968988,20
meps,variance_group_mag2.0,lr,per_subgroup_ewma[maj_neg],BalAcc,-0.0014530426821435585,0.23428464735465748,0.01947606517969986,0.21184684330941242,20
meps,variance_group_mag2.0,lr,per_subgroup_baseline_relative[maj_neg],DI_star,0.09776221841349732,0.22608662095928037,0.08559268768471869,0.23132366680322258,20
meps,variance_group_mag2.0,lr,per_subgroup_baseline_relative[maj_neg],AOD_star,0.023717197465382422,0.24015555635066183,0.029549572256009175,0.25276306779668545,20
meps,variance_group_mag2.0,lr,per_subgroup_baseline_relative[maj_neg],BalAcc,0.02543930418123605,0.20005375199942774,0.042435680124733414,0.18893372713315768,20
meps,variance_group_mag2.0,lr,per_subgroup_ewma[maj_pos],DI_star,0.39556390977443606,0.19103514313971154,0.44144987059978025,0.16396662411416973,20
meps,variance_group_mag2.0,lr,per_subgroup_ewma[maj_pos],AOD_star,0.32052631578947366,0.190662978919164,0.31857437813596035,0.19544226248076169,20
meps,variance_group_mag2.0,lr,per_subgroup_ewma[maj_pos],BalAcc,0.032781530655663124,0.20830657202026384,0.025689832600444877,0.2095102099162511,20
meps,variance_group_mag2.0,lr,per_subgroup_baseline_relative[maj_pos],DI_star,0.4669924812030075,0.17814343645073677,0.41580514930848433,0.17640690360560984,20
meps,variance_group_mag2.0,lr,per_subgroup_baseline_relative[maj_pos],AOD_star,0.3267669172932331,0.18191704074179124,0.27093156743558894,0.17618528134553765,20
meps,variance_group_mag2.0,lr,per_subgroup_baseline_relative[maj_pos],BalAcc,0.03939156712520443,0.25535418380282227,0.022586504784233186,0.26531966357508924,20
meps,variance_group_mag2.0,xgb,global_mean,DI_star,0.039328427331439396,0.19417170861678387,-0.013693130179627599,0.1825126435423632,20
meps,variance_group_mag2.0,xgb,global_mean,AOD_star,0.013834586466165394,0.21947604106640467,0.002280614753685667,0.20903080312066089,20
meps,variance_group_mag2.0,xgb,global_mean,BalAcc,0.03887218045112781,0.2247575939324438,0.010072978174586045,0.2132779253399962,20
meps,variance_group_mag2.0,xgb,global_ewma,DI_star,0.038690163909136516,0.1909946504689044,0.0021041775506302264,0.17616800675446317,20
meps,variance_group_mag2.0,xgb,global_ewma,AOD_star,0.0263157894736842,0.19994600435683177,0.023809990927693862,0.1874843605963782,20
meps,variance_group_mag2.0,xgb,global_ewma,BalAcc,0.00631578947368421,0.2337693499890228,-0.017946084346961114,0.20782118997130308,20
meps,variance_group_mag2.0,xgb,global_std,DI_star,0.2190350570807958,0.18422291808061214,0.25519653870326486,0.18438282316417895,20
meps,variance_group_mag2.0,xgb,global_std,AOD_star,0.11195488721804511,0.23488388462394522,0.11877056640190094,0.23958265764864034,20
meps,variance_group_mag2.0,xgb,global_std,BalAcc,0.043609022556390986,0.23531119976035714,0.08060548254872636,0.27086316261214255,20
meps,variance_group_mag2.0,xgb,subgroup_violation_diff,DI_star,0.014327168777826476,0.20666701783951968,-0.007615723578104419,0.1915511874575514,20
meps,variance_group_mag2.0,xgb,subgroup_violation_diff,AOD_star,0.007669172932330817,0.20974716183488534,-0.013474144556093396,0.2126937053190338,20
meps,variance_group_mag2.0,xgb,subgroup_violation_diff,BalAcc,0.058721804511278196,0.2297542973302708,0.08119198550898714,0.2361927731596412,20
meps,variance_group_mag2.0,xgb,max_subgroup_deviation,DI_star,0.04831165038807926,0.2077200910232116,-0.0012825544930850682,0.19399448880068568,20
meps,variance_group_mag2.0,xgb,max_subgroup_deviation,AOD_star,-0.0017293233082706703,0.22372800481121755,-0.017109804169691475,0.22696036767740566,20
meps,variance_group_mag2.0,xgb,max_subgroup_deviation,BalAcc,0.0457142857142857,0.20102929214832446,0.044374978290027754,0.18487904660586885,20
meps,variance_group_mag2.0,xgb,assignment_proportion_drift,DI_star,-0.07836511546994229,0.2242612393143125,-0.02362603482135644,0.20696394761574458,20
meps,variance_group_mag2.0,xgb,assignment_proportion_drift,AOD_star,-0.09207813507495247,0.23649564427602457,-0.027631985395882623,0.22721902293275736,20
meps,variance_group_mag2.0,xgb,assignment_proportion_drift,BalAcc,-0.017077665099820775,0.289484431338727,-0.003987011029895571,0.2853102322010083,20
meps,variance_group_mag2.0,xgb,ks_statistic,DI_star,8.367260102324636e-05,0.21440364945848117,-0.014743045286284331,0.1889556118980905,20
meps,variance_group_mag2.0,xgb,ks_statistic,AOD_star,-0.008646616541353375,0.2352231936202122,-0.0009495035001909749,0.22466901510566553,20
meps,variance_group_mag2.0,xgb,ks_statistic,BalAcc,-0.0021804511278195465,0.2343050533970065,-0.015116617728816029,0.2603057062657697,20
meps,variance_group_mag2.0,xgb,kl_divergence,DI_star,-0.018116256411056124,0.21104463015461766,-0.02820944322814222,0.2085256645419881,20
meps,variance_group_mag2.0,xgb,kl_divergence,AOD_star,-0.010375939849624061,0.2357288072177871,0.0036968582980012044,0.23588420995867657,20
meps,variance_group_mag2.0,xgb,kl_divergence,BalAcc,0.0010526315789473578,0.27241301907116394,-0.030755945361208514,0.24163003548251324,20
meps,variance_group_mag2.0,xgb,per_subgroup_ewma[min_neg],DI_star,nan,nan,nan,nan,0
meps,variance_group_mag2.0,xgb,per_subgroup_ewma[min_neg],AOD_star,nan,nan,nan,nan,0
meps,variance_group_mag2.0,xgb,per_subgroup_ewma[min_neg],BalAcc,nan,nan,nan,nan,0
meps,variance_group_mag2.0,xgb,per_subgroup_baseline_relative[min_neg],DI_star,nan,nan,nan,nan,0
meps,variance_group_mag2.0,xgb,per_subgroup_baseline_relative[min_neg],AOD_star,nan,nan,nan,nan,0
meps,variance_group_mag2.0,xgb,per_subgroup_baseline_relative[min_neg],BalAcc,nan,nan,nan,nan,0
meps,variance_group_mag2.0,xgb,per_subgroup_ewma[min_pos],DI_star,0.02951824973404127,0.19444313707100894,-0.005660502218601484,0.19400513411710968,20
meps,variance_group_mag2.0,xgb,per_subgroup_ewma[min_pos],AOD_star,0.016165413533834595,0.20411442864981472,0.019853204456098845,0.21388470056029965,20
meps,variance_group_mag2.0,xgb,per_subgroup_ewma[min_pos],BalAcc,0.021804511278195486,0.22297841514824923,0.006434202467702823,0.2064953194993466,20
meps,variance_group_mag2.0,xgb,per_subgroup_baseline_relative[min_pos],DI_star,-0.00811419181748884,0.23625457088979274,-0.009145177568424107,0.22722521363001935,20
meps,variance_group_mag2.0,xgb,per_subgroup_baseline_relative[min_pos],AOD_star,-0.004135338345864662,0.24496276372304338,-0.003662634932478162,0.25936955449151117,20
meps,variance_group_mag2.0,xgb,per_subgroup_baseline_relative[min_pos],BalAcc,0.13669172932330828,0.20185856990279602,0.09682770017807188,0.2067740337796747,20
meps,variance_group_mag2.0,xgb,per_subgroup_ewma[maj_neg],DI_star,-0.02110335094501989,0.15155955532831092,-0.018609956824719224,0.16824069409437073,20
meps,variance_group_mag2.0,xgb,per_subgroup_ewma[maj_neg],AOD_star,-0.09004766072857759,0.14007585186740423,-0.06493675483859732,0.1674565294855056,20
meps,variance_group_mag2.0,xgb,per_subgroup_ewma[maj_neg],BalAcc,-0.038059080406691745,0.24695117505981784,-0.036529231941464374,0.2211560018406235,20
meps,variance_group_mag2.0,xgb,per_subgroup_baseline_relative[maj_neg],DI_star,-0.04777740694188328,0.23764331065080832,-0.05888841200528141,0.23517764005002503,20
meps,variance_group_mag2.0,xgb,per_subgroup_baseline_relative[maj_neg],AOD_star,-0.08827879085599045,0.21772237667290342,-0.09526946735477337,0.2443394596545188,20
meps,variance_group_mag2.0,xgb,per_subgroup_baseline_relative[maj_neg],BalAcc,-0.010137396564919772,0.24785695156467139,-0.023922362443718762,0.2296294219524184,20
meps,variance_group_mag2.0,xgb,per_subgroup_ewma[maj_pos],DI_star,0.01922100483519603,0.1968513116530341,0.027886559716272897,0.16554164409808675,20
meps,variance_group_mag2.0,xgb,per_subgroup_ewma[maj_pos],AOD_star,0.030225563909774423,0.16739544060387435,0.04436469846699845,0.171573280235593,20
meps,variance_group_mag2.0,xgb,per_subgroup_ewma[maj_pos],BalAcc,-0.02052631578947369,0.19668418451419095,-0.033494630444836505,0.20826901459905794,20
meps,variance_group_mag2.0,xgb,per_subgroup_baseline_relative[maj_pos],DI_star,0.04083196047310636,0.176720448377808,-0.02156164851202782,0.15009805409194907,20
meps,variance_group_mag2.0,xgb,per_subgroup_baseline_relative[maj_pos],AOD_star,0.012255639097744356,0.1636628304651559,0.0035396562769925864,0.15009185021731153,20
meps,variance_group_mag2.0,xgb,per_subgroup_baseline_relative[maj_pos],BalAcc,0.016691729323308258,0.22956989084879842,-0.01058594257181609,0.2160660788999734,20
meps,variance_group_mag2.5,lr,global_mean,DI_star,0.6009022556390977,0.1352626354648096,0.5941671621213502,0.12847803796236268,20
meps,variance_group_mag2.5,lr,global_mean,AOD_star,0.41037593984962395,0.19308054012322887,0.40106853665797626,0.1721692932835187,20
meps,variance_group_mag2.5,lr,global_mean,BalAcc,0.017518796992481205,0.26146405462843175,0.022161432796805283,0.2712714750217089,20
meps,variance_group_mag2.5,lr,global_ewma,DI_star,0.613984962406015,0.12283339699288914,0.6091070283866903,0.12241293063778064,20
meps,variance_group_mag2.5,lr,global_ewma,AOD_star,0.42218045112781954,0.1788322590538014,0.42035290997117725,0.17248618980385633,20
meps,variance_group_mag2.5,lr,global_ewma,BalAcc,-0.008646616541353385,0.24536537333355615,-0.000733873180762859,0.24351270674301742,20
meps,variance_group_mag2.5,lr,global_std,DI_star,0.42661654135338345,0.1746622205526178,0.4786358809110153,0.1672162845142195,20
meps,variance_group_mag2.5,lr,global_std,AOD_star,0.29721804511278194,0.2244399440482215,0.31622650196081187,0.2057439445344866,20
meps,variance_group_mag2.5,lr,global_std,BalAcc,-0.024436090225563905,0.20528319327155065,-0.012318696526728685,0.19674649137336137,20
meps,variance_group_mag2.5,lr,subgroup_violation_diff,DI_star,0.15571428571428572,0.1705991510125165,0.13288051835318124,0.1627660191039914,20
meps,variance_group_mag2.5,lr,subgroup_violation_diff,AOD_star,0.11939849624060148,0.21873026913268726,0.11109912018926496,0.23109894874281217,20
meps,variance_group_mag2.5,lr,subgroup_violation_diff,BalAcc,0.049248120300751874,0.23523328746327937,0.07425467627709587,0.22260615494020008,20
meps,variance_group_mag2.5,lr,max_subgroup_deviation,DI_star,0.5781954887218045,0.1418886840654938,0.5558052957090729,0.14654544570785613,20
meps,variance_group_mag2.5,lr,max_subgroup_deviation,AOD_star,0.3775187969924812,0.183411478590705,0.35354308347397545,0.17792953701744385,20
meps,variance_group_mag2.5,lr,max_subgroup_deviation,BalAcc,0.011353383458646619,0.22999137251636934,0.020618985574937753,0.2404054736755209,20
meps,variance_group_mag2.5,lr,assignment_proportion_drift,DI_star,0.17677277183257717,0.16137693301723555,0.42780412713950755,0.13225028921883614,20
meps,variance_group_mag2.5,lr,assignment_proportion_drift,AOD_star,0.07990505414587543,0.2083750912315914,0.2942621958551276,0.1856014372173323,20
meps,variance_group_mag2.5,lr,assignment_proportion_drift,BalAcc,0.02654478395810266,0.23966844894465134,0.030999464498554063,0.2338517749434621,20
meps,variance_group_mag2.5,lr,ks_statistic,DI_star,0.5377443609022555,0.13083691951497833,0.5565192276005038,0.12003328083669057,20
meps,variance_group_mag2.5,lr,ks_statistic,AOD_star,0.34812030075187966,0.18391014330556457,0.3745812314219175,0.16947625702083796,20
meps,variance_group_mag2.5,lr,ks_statistic,BalAcc,-0.03503759398496241,0.2271876892388097,0.007159882290430001,0.24144121267784724,20
meps,variance_group_mag2.5,lr,kl_divergence,DI_star,0.5321804511278194,0.11127910993324737,0.5650664317610321,0.11729843342089705,20
meps,variance_group_mag2.5,lr,kl_divergence,AOD_star,0.3538345864661654,0.16665365619031877,0.38504059883074676,0.16284502751045146,20
meps,variance_group_mag2.5,lr,kl_divergence,BalAcc,-0.031879699248120286,0.2566629651197948,-0.017543161516194495,0.2625318470924026,20
meps,variance_group_mag2.5,lr,per_subgroup_ewma[min_neg],DI_star,nan,nan,nan,nan,0
meps,variance_group_mag2.5,lr,per_subgroup_ewma[min_neg],AOD_star,nan,nan,nan,nan,0
meps,variance_group_mag2.5,lr,per_subgroup_ewma[min_neg],BalAcc,nan,nan,nan,nan,0
meps,variance_group_mag2.5,lr,per_subgroup_baseline_relative[min_neg],DI_star,nan,nan,nan,nan,0
meps,variance_group_mag2.5,lr,per_subgroup_baseline_relative[min_neg],AOD_star,nan,nan,nan,nan,0
meps,variance_group_mag2.5,lr,per_subgroup_baseline_relative[min_neg],BalAcc,nan,nan,nan,nan,0
meps,variance_group_mag2.5,lr,per_subgroup_ewma[min_pos],DI_star,0.6001503759398495,0.12312373868815393,0.6089671365553013,0.11881446305096675,20
meps,variance_group_mag2.5,lr,per_subgroup_ewma[min_pos],AOD_star,0.4141353383458646,0.17901395109310062,0.42382763982824817,0.1701825787159319,20
meps,variance_group_mag2.5,lr,per_subgroup_ewma[min_pos],BalAcc,-0.0067669172932330905,0.2441419493328601,0.019272103765069284,0.24365808737595634,20
meps,variance_group_mag2.5,lr,per_subgroup_baseline_relative[min_pos],DI_star,0.45819548872180443,0.13643175688335765,0.47957065477075467,0.1330789089777314,20
meps,variance_group_mag2.5,lr,per_subgroup_baseline_relative[min_pos],AOD_star,0.3136090225563909,0.18517652195069711,0.3328808590505196,0.19599486329315013,20
meps,variance_group_mag2.5,lr,per_subgroup_baseline_relative[min_pos],BalAcc,0.04466165413533835,0.23946210474713336,0.06419602567832255,0.23742936145878593,20
meps,variance_group_mag2.5,lr,per_subgroup_ewma[maj_neg],DI_star,0.349393662553901,0.25391669568872705,0.3533459619616742,0.24859855871192563,20
meps,variance_group_mag2.5,lr,per_subgroup_ewma[maj_neg],AOD_star,0.175120638196211,0.276573116091736,0.19146675475896882,0.2611407456472855,20
meps,variance_group_mag2.5,lr,per_subgroup_ewma[maj_neg],BalAcc,-0.03616637917083253,0.26481742948520076,-0.02303864079093961,0.26446837999182204,20
meps,variance_group_mag2.5,lr,per_subgroup_baseline_relative[maj_neg],DI_star,0.19558405990702626,0.16605802295799352,0.17707113178319994,0.17365858914714669,20
meps,variance_group_mag2.5,lr,per_subgroup_baseline_relative[maj_neg],AOD_star,0.040350572471726444,0.23299719459831814,0.068760991946607,0.2644521762856119,20
meps,variance_group_mag2.5,lr,per_subgroup_baseline_relative[maj_neg],BalAcc,-0.002826129684369278,0.27379486364037775,0.0032283600419089203,0.25963637753798746,20
meps,variance_group_mag2.5,lr,per_subgroup_ewma[maj_pos],DI_star,0.5366165413533833,0.12601313096337868,0.5613358546962589,0.12433344028637225,20
meps,variance_group_mag2.5,lr,per_subgroup_ewma[maj_pos],AOD_star,0.3796992481203007,0.1736210541684461,0.39184309674375617,0.1840394622006205,20
meps,variance_group_mag2.5,lr,per_subgroup_ewma[maj_pos],BalAcc,-0.013383458646616544,0.21836010434314443,-0.008600192103276387,0.22165918010799948,20
meps,variance_group_mag2.5,lr,per_subgroup_baseline_relative[maj_pos],DI_star,0.5742105263157894,0.13882173387937183,0.5436248558721812,0.13827922860685338,20
meps,variance_group_mag2.5,lr,per_subgroup_baseline_relative[maj_pos],AOD_star,0.3957142857142857,0.17650207386673478,0.3589818893255456,0.16942431043073483,20
meps,variance_group_mag2.5,lr,per_subgroup_baseline_relative[maj_pos],BalAcc,-0.0027067669172932533,0.2567136196734866,-0.0028884876197936686,0.27939760061466706,20
meps,variance_group_mag2.5,xgb,global_mean,DI_star,0.232406015037594,0.2793596754273022,0.1864344686437081,0.2699935541846523,20
meps,variance_group_mag2.5,xgb,global_mean,AOD_star,0.1206766917293233,0.26120342955801085,0.10642355324742389,0.24771073094333734,20
meps,variance_group_mag2.5,xgb,global_mean,BalAcc,-0.05300751879699248,0.251493981400673,-0.05494481047171211,0.22771892483177192,20
meps,variance_group_mag2.5,xgb,global_ewma,DI_star,0.22654135338345865,0.2743713076282904,0.218422491740247,0.28866237043473736,20
meps,variance_group_mag2.5,xgb,global_ewma,AOD_star,0.13105263157894737,0.2525712759213601,0.13640502943746835,0.24313999012366747,20
meps,variance_group_mag2.5,xgb,global_ewma,BalAcc,-0.08849624060150375,0.24795586941567047,-0.08833572585140609,0.22373087210147527,20
meps,variance_group_mag2.5,xgb,global_std,DI_star,0.31285714285714283,0.255280365283133,0.3464383963014154,0.2692373757296575,20
meps,variance_group_mag2.5,xgb,global_std,AOD_star,0.18203007518796993,0.26841725108405073,0.18806642241944876,0.2656297370252299,20
meps,variance_group_mag2.5,xgb,global_std,BalAcc,-0.06691729323308271,0.22270696999071832,-0.053083338758015755,0.2344185101441876,20
meps,variance_group_mag2.5,xgb,subgroup_violation_diff,DI_star,-0.03360902255639098,0.22792809890674295,-0.053866177998334944,0.21992684956345293,20
meps,variance_group_mag2.5,xgb,subgroup_violation_diff,AOD_star,-0.0060902255639097725,0.2292088830760149,-0.033847996162985124,0.23688093930484103,20
meps,variance_group_mag2.5,xgb,subgroup_violation_diff,BalAcc,0.05496240601503757,0.23722655275903734,0.06260940333119334,0.24129544138080566,20
meps,variance_group_mag2.5,xgb,max_subgroup_deviation,DI_star,0.22428571428571425,0.2804212022172149,0.20732809321825404,0.2904468243305401,20
meps,variance_group_mag2.5,xgb,max_subgroup_deviation,AOD_star,0.10360902255639097,0.27316562452198717,0.09740439632911327,0.27148470631991545,20
meps,variance_group_mag2.5,xgb,max_subgroup_deviation,BalAcc,-0.044210526315789464,0.21592717829913533,-0.05356687316240066,0.19705798751039524,20
meps,variance_group_mag2.5,xgb,assignment_proportion_drift,DI_star,-0.04419577900535636,0.21677566491117198,0.05239162231703558,0.225070638537335,20
meps,variance_group_mag2.5,xgb,assignment_proportion_drift,AOD_star,-0.07076976825048303,0.23829297684986478,0.018587222468035326,0.2436115819587672,20
meps,variance_group_mag2.5,xgb,assignment_proportion_drift,BalAcc,0.00346204596340427,0.29377379936326004,-0.01386324183416952,0.2810102062393463,20
meps,variance_group_mag2.5,xgb,ks_statistic,DI_star,0.1551127819548872,0.27945185720279686,0.1238404661466471,0.26895799142493876,20
meps,variance_group_mag2.5,xgb,ks_statistic,AOD_star,0.08345864661654134,0.27502254775766016,0.06796339626147296,0.25709380896418604,20
meps,variance_group_mag2.5,xgb,ks_statistic,BalAcc,-0.09345864661654132,0.2415082888928134,-0.0634522441644034,0.2579339136387085,20
meps,variance_group_mag2.5,xgb,kl_divergence,DI_star,0.10609022556390976,0.29694297674404857,0.1179922385846522,0.28477422497313465,20
meps,variance_group_mag2.5,xgb,kl_divergence,AOD_star,0.050075187969924814,0.24843274927405629,0.07580361418099105,0.2429333569107527,20
meps,variance_group_mag2.5,xgb,kl_divergence,BalAcc,-0.10360902255639097,0.2824294352392042,-0.0892447185653971,0.2502815616055854,20
meps,variance_group_mag2.5,xgb,per_subgroup_ewma[min_neg],DI_star,nan,nan,nan,nan,0
meps,variance_group_mag2.5,xgb,per_subgroup_ewma[min_neg],AOD_star,nan,nan,nan,nan,0
meps,variance_group_mag2.5,xgb,per_subgroup_ewma[min_neg],BalAcc,nan,nan,nan,nan,0
meps,variance_group_mag2.5,xgb,per_subgroup_baseline_relative[min_neg],DI_star,nan,nan,nan,nan,0
meps,variance_group_mag2.5,xgb,per_subgroup_baseline_relative[min_neg],AOD_star,nan,nan,nan,nan,0
meps,variance_group_mag2.5,xgb,per_subgroup_baseline_relative[min_neg],BalAcc,nan,nan,nan,nan,0
meps,variance_group_mag2.5,xgb,per_subgroup_ewma[min_pos],DI_star,0.21360902255639097,0.27955266390954,0.19622011441196846,0.2830598507921487,20
meps,variance_group_mag2.5,xgb,per_subgroup_ewma[min_pos],AOD_star,0.12413533834586463,0.24866719177496974,0.1261628505988545,0.2525018077982647,20
meps,variance_group_mag2.5,xgb,per_subgroup_ewma[min_pos],BalAcc,-0.06962406015037594,0.24244178731927862,-0.06743841938879035,0.21628662738787266,20
meps,variance_group_mag2.5,xgb,per_subgroup_baseline_relative[min_pos],DI_star,0.1269924812030075,0.2837161930043398,0.1254033267973897,0.2813156146218829,20
meps,variance_group_mag2.5,xgb,per_subgroup_baseline_relative[min_pos],AOD_star,0.07481203007518797,0.2541775446555702,0.0719509355101596,0.2748484229343563,20
meps,variance_group_mag2.5,xgb,per_subgroup_baseline_relative[min_pos],BalAcc,0.028872180451127816,0.21109568549236088,0.01461911161240686,0.21112719821936488,20
meps,variance_group_mag2.5,xgb,per_subgroup_ewma[maj_neg],DI_star,0.1426573167229014,0.2374995091169075,0.1875933125206996,0.24421649657805083,20
meps,variance_group_mag2.5,xgb,per_subgroup_ewma[maj_neg],AOD_star,0.0017038329531807097,0.24142046872269593,0.0325375470433437,0.2586031736894003,20
meps,variance_group_mag2.5,xgb,per_subgroup_ewma[maj_neg],BalAcc,-0.09628530184961419,0.23631990624273355,-0.0924985904245626,0.229050136066242,20
meps,variance_group_mag2.5,xgb,per_subgroup_baseline_relative[maj_neg],DI_star,0.06969500492032332,0.22463586221717516,0.07671775583424194,0.22620939127749673,20
meps,variance_group_mag2.5,xgb,per_subgroup_baseline_relative[maj_neg],AOD_star,-0.03813555287315282,0.2700079631700278,-0.030324415134009693,0.2945356610145209,20
meps,variance_group_mag2.5,xgb,per_subgroup_baseline_relative[maj_neg],BalAcc,-0.06534010930038311,0.22282082248651228,-0.056788445891698305,0.20933468878772094,20
meps,variance_group_mag2.5,xgb,per_subgroup_ewma[maj_pos],DI_star,0.2106015037593985,0.2581593920318865,0.2502361239957396,0.2912405671614191,20
meps,variance_group_mag2.5,xgb,per_subgroup_ewma[maj_pos],AOD_star,0.12796992481203007,0.22115485335308802,0.15966006708353297,0.2392794579794569,20
meps,variance_group_mag2.5,xgb,per_subgroup_ewma[maj_pos],BalAcc,-0.09406015037593984,0.21656248591535834,-0.10416910495261147,0.21834174038636178,20
meps,variance_group_mag2.5,xgb,per_subgroup_baseline_relative[maj_pos],DI_star,0.22729323308270674,0.2546488005973236,0.20821272653169576,0.24079530743135732,20
meps,variance_group_mag2.5,xgb,per_subgroup_baseline_relative[maj_pos],AOD_star,0.11804511278195488,0.22319837299829212,0.12000935225731937,0.20438033008283263,20
meps,variance_group_mag2.5,xgb,per_subgroup_baseline_relative[maj_pos],BalAcc,-0.060751879699248126,0.23999142578009325,-0.07305611758775873,0.2305324566943201,20
meps,variance_global_mag1.5,lr,global_mean,DI_star,0.41030075187969917,0.18997920092292117,0.4139489588162381,0.18561388745426405,20
meps,variance_global_mag1.5,lr,global_mean,AOD_star,0.26120300751879694,0.20618844576104886,0.2653242125673725,0.18708189942905362,20
meps,variance_global_mag1.5,lr,global_mean,BalAcc,0.06113138309393351,0.24396127071151527,0.054981851941105456,0.23362480853391335,20
meps,variance_global_mag1.5,lr,global_ewma,DI_star,0.39300751879699247,0.17151644957714632,0.40591437643520434,0.17567819465896456,20
meps,variance_global_mag1.5,lr,global_ewma,AOD_star,0.2597744360902255,0.20138245422895196,0.2698386517028247,0.19826104196993852,20
meps,variance_global_mag1.5,lr,global_ewma,BalAcc,0.05744889777594107,0.22590214770567169,0.03840378560045241,0.21922170946591668,20
meps,variance_global_mag1.5,lr,global_std,DI_star,-0.24902255639097742,0.18297755236213542,-0.29983507460788594,0.17754580135631323,20
meps,variance_global_mag1.5,lr,global_std,AOD_star,-0.17398496240601502,0.17370347840916178,-0.20707341692209047,0.1675503790141991,20
meps,variance_global_mag1.5,lr,global_std,BalAcc,0.01447972243965803,0.21140295867548023,0.005045007982018478,0.22695614119349372,20
meps,variance_global_mag1.5,lr,subgroup_violation_diff,DI_star,0.019323308270676687,0.1573274988194599,0.17125542885938255,0.17211591020099828,20
meps,variance_global_mag1.5,lr,subgroup_violation_diff,AOD_star,0.01714285714285714,0.19299180395939103,0.10948391874572576,0.21462965370970624,20
meps,variance_global_mag1.5,lr,subgroup_violation_diff,BalAcc,0.010974898219693026,0.1863765616314981,0.04065478495675417,0.20027689945600713,20
meps,variance_global_mag1.5,lr,max_subgroup_deviation,DI_star,0.15654135338345865,0.21930148798175908,0.2930507039296052,0.17653111685879072,20
meps,variance_global_mag1.5,lr,max_subgroup_deviation,AOD_star,0.10330827067669172,0.23848604781526309,0.18511874675806125,0.22653655335749548,20
meps,variance_global_mag1.5,lr,max_subgroup_deviation,BalAcc,0.046010964971057715,0.21795381221690988,0.048309929467272646,0.22108899110000133,20
meps,variance_global_mag1.5,lr,assignment_proportion_drift,DI_star,0.11665621064899481,0.22642267234485175,0.31245493314433126,0.1705588996509095,20
meps,variance_global_mag1.5,lr,assignment_proportion_drift,AOD_star,0.0818698475562797,0.2272179514774538,0.19766190861778526,0.2089200752977286,20
meps,variance_global_mag1.5,lr,assignment_proportion_drift,BalAcc,-0.020644139121943895,0.2766336210722334,0.04442253219369591,0.23077158466280606,20
meps,variance_global_mag1.5,lr,ks_statistic,DI_star,0.3085714285714286,0.2231624546075688,0.34461812678566045,0.15758394295645667,20
meps,variance_global_mag1.5,lr,ks_statistic,AOD_star,0.20270676691729322,0.20415415524124642,0.21314050568719786,0.19861723804649542,20
meps,variance_global_mag1.5,lr,ks_statistic,BalAcc,-0.01590260916539351,0.22622100174316337,0.03532640407236508,0.2285014687738455,20
meps,variance_global_mag1.5,lr,kl_divergence,DI_star,0.34796992481203004,0.18064050213438565,0.37830986042006837,0.1618160405509569,20
meps,variance_global_mag1.5,lr,kl_divergence,AOD_star,0.20413533834586467,0.21949678803352782,0.23556963285105356,0.21949644216074674,20
meps,variance_global_mag1.5,lr,kl_divergence,BalAcc,0.04917873016207765,0.20063164358172553,0.056243417466721825,0.21485123613666604,20
meps,variance_global_mag1.5,lr,per_subgroup_ewma[min_neg],DI_star,nan,nan,nan,nan,0
meps,variance_global_mag1.5,lr,per_subgroup_ewma[min_neg],AOD_star,nan,nan,nan,nan,0
meps,variance_global_mag1.5,lr,per_subgroup_ewma[min_neg],BalAcc,nan,nan,nan,nan,0
meps,variance_global_mag1.5,lr,per_subgroup_baseline_relative[min_neg],DI_star,nan,nan,nan,nan,0
meps,variance_global_mag1.5,lr,per_subgroup_baseline_relative[min_neg],AOD_star,nan,nan,nan,nan,0
meps,variance_global_mag1.5,lr,per_subgroup_baseline_relative[min_neg],BalAcc,nan,nan,nan,nan,0
meps,variance_global_mag1.5,lr,per_subgroup_ewma[min_pos],DI_star,0.3932330827067668,0.1848758890510669,0.38614550106701245,0.16854405820387733,20
meps,variance_global_mag1.5,lr,per_subgroup_ewma[min_pos],AOD_star,0.26691729323308266,0.1931605141520544,0.24152274360629197,0.20124584991202416,20
meps,variance_global_mag1.5,lr,per_subgroup_ewma[min_pos],BalAcc,0.03567823310397285,0.23829085589014196,0.04808893057405492,0.23729943792500313,20
meps,variance_global_mag1.5,lr,per_subgroup_baseline_relative[min_pos],DI_star,0.14150375939849624,0.2019940729762962,0.2961989797320368,0.18320551714870706,20
meps,variance_global_mag1.5,lr,per_subgroup_baseline_relative[min_pos],AOD_star,0.0825563909774436,0.2086722330681249,0.18684082607714195,0.22333028452901754,20
meps,variance_global_mag1.5,lr,per_subgroup_baseline_relative[min_pos],BalAcc,0.03146346447263416,0.20955910225706006,0.0526383261826905,0.21582697159986491,20
meps,variance_global_mag1.5,lr,per_subgroup_ewma[maj_neg],DI_star,0.25345862443548245,0.2613575717686899,0.275098008860924,0.2744980124099022,19
meps,variance_global_mag1.5,lr,per_subgroup_ewma[maj_neg],AOD_star,0.14894314417162646,0.26894719068799006,0.17107522109374776,0.2916167836830295,19
meps,variance_global_mag1.5,lr,per_subgroup_ewma[maj_neg],BalAcc,0.03975816888914963,0.3037616187861228,0.04955903149334026,0.27498415451475017,19
meps,variance_global_mag1.5,lr,per_subgroup_baseline_relative[maj_neg],DI_star,0.07418939579368494,0.25547144601087474,0.15596682928974265,0.27832626385573617,19
meps,variance_global_mag1.5,lr,per_subgroup_baseline_relative[maj_neg],AOD_star,0.03885451292465985,0.26440445807680724,0.12104089438361391,0.2713516378192214,19
meps,variance_global_mag1.5,lr,per_subgroup_baseline_relative[maj_neg],BalAcc,0.04477499498680003,0.24950736401892135,0.10195015106839278,0.2067441123584637,19
meps,variance_global_mag1.5,lr,per_subgroup_ewma[maj_pos],DI_star,0.19421052631578947,0.1551478025478387,0.25003047625133223,0.16808478775251376,20
meps,variance_global_mag1.5,lr,per_subgroup_ewma[maj_pos],AOD_star,0.1626315789473684,0.20369600600877455,0.18319153189113474,0.21122115822443238,20
meps,variance_global_mag1.5,lr,per_subgroup_ewma[maj_pos],BalAcc,-0.01068022699228099,0.20173491738644816,0.010631200302758475,0.19129622568355273,20
meps,variance_global_mag1.5,lr,per_subgroup_baseline_relative[maj_pos],DI_star,0.2856390977443609,0.20028893990776253,0.27975076264670007,0.19931861648330454,20
meps,variance_global_mag1.5,lr,per_subgroup_baseline_relative[maj_pos],AOD_star,0.1819548872180451,0.2038234785346004,0.17587182623415804,0.19452309617519897,20
meps,variance_global_mag1.5,lr,per_subgroup_baseline_relative[maj_pos],BalAcc,0.022219360230602225,0.22578306515134905,0.017871655587484252,0.2257271576888491,20
meps,variance_global_mag1.5,xgb,global_mean,DI_star,0.03905518686674726,0.22293755265340262,-0.014009812280646966,0.21886620247410302,20
meps,variance_global_mag1.5,xgb,global_mean,AOD_star,0.027368421052631587,0.23549208267318136,0.026116504105697068,0.21416558211757586,20
meps,variance_global_mag1.5,xgb,global_mean,BalAcc,0.04962406015037594,0.20413277667704094,0.013238832418814067,0.19031852931846957,20
meps,variance_global_mag1.5,xgb,global_ewma,DI_star,0.009880812148633473,0.22607695029445196,-0.025301069811263965,0.22098203766320176,20
meps,variance_global_mag1.5,xgb,global_ewma,AOD_star,0.02729323308270677,0.2192310373203908,0.030894794958346926,0.22638953843421375,20
meps,variance_global_mag1.5,xgb,global_ewma,BalAcc,0.03774436090225564,0.20630729503107811,-0.0020362918148775387,0.19903233030432527,20
meps,variance_global_mag1.5,xgb,global_std,DI_star,0.09451880123506265,0.2116429069089196,0.08859724978034396,0.2123659266645285,20
meps,variance_global_mag1.5,xgb,global_std,AOD_star,0.028721804511278183,0.21575876756197693,0.004880283618352302,0.20831100601570848,20
meps,variance_global_mag1.5,xgb,global_std,BalAcc,0.0637593984962406,0.21233881430801407,0.06405538088571054,0.20171758977725393,20
meps,variance_global_mag1.5,xgb,subgroup_violation_diff,DI_star,0.03676239215664724,0.22181831368688676,0.03575750606846937,0.23598263467129296,20
meps,variance_global_mag1.5,xgb,subgroup_violation_diff,AOD_star,0.012932330827067667,0.1957374935330047,0.025572513662752018,0.2323708155207922,20
meps,variance_global_mag1.5,xgb,subgroup_violation_diff,BalAcc,0.008345864661654129,0.2016515421497042,0.020075691273926177,0.23916159420469235,20
meps,variance_global_mag1.5,xgb,max_subgroup_deviation,DI_star,0.01123371481151784,0.22497309104223032,0.03058318580970553,0.2072976950068115,20
meps,variance_global_mag1.5,xgb,max_subgroup_deviation,AOD_star,-0.022857142857142847,0.23309949005789263,0.026972093594804458,0.25281605702830423,20
meps,variance_global_mag1.5,xgb,max_subgroup_deviation,BalAcc,0.03571428571428571,0.2754154427772482,0.008857107067450293,0.2755951957367456,20
meps,variance_global_mag1.5,xgb,assignment_proportion_drift,DI_star,-0.013373623094954878,0.23769688698389718,0.03273358961119806,0.23127807015032067,20
meps,variance_global_mag1.5,xgb,assignment_proportion_drift,AOD_star,-0.029412465364270956,0.22295714185764423,0.037769799155077145,0.23825495455501647,20
meps,variance_global_mag1.5,xgb,assignment_proportion_drift,BalAcc,-0.05499806665347522,0.31872199547721236,0.005893060095028815,0.27177319085839,20
meps,variance_global_mag1.5,xgb,ks_statistic,DI_star,-0.0203836042997163,0.25837707745327393,0.03823894460115533,0.20797002047609348,20
meps,variance_global_mag1.5,xgb,ks_statistic,AOD_star,0.018947368421052636,0.2165138871469718,0.05020855081443019,0.22558911270809012,20
meps,variance_global_mag1.5,xgb,ks_statistic,BalAcc,-0.017218045112781955,0.24960208028967654,-0.001441102177204251,0.259773602678647,20
meps,variance_global_mag1.5,xgb,kl_divergence,DI_star,-0.0014005509356984163,0.2078577155104563,-0.028475257059789517,0.19696437690027974,20
meps,variance_global_mag1.5,xgb,kl_divergence,AOD_star,-0.0004511278195488688,0.18973552739130742,0.014163581620114867,0.1984585249510896,20
meps,variance_global_mag1.5,xgb,kl_divergence,BalAcc,0.013458646616541359,0.20808600428003027,0.009154878192153656,0.21213161493961627,20
meps,variance_global_mag1.5,xgb,per_subgroup_ewma[min_neg],DI_star,nan,nan,nan,nan,0
meps,variance_global_mag1.5,xgb,per_subgroup_ewma[min_neg],AOD_star,nan,nan,nan,nan,0
meps,variance_global_mag1.5,xgb,per_subgroup_ewma[min_neg],BalAcc,nan,nan,nan,nan,0
meps,variance_global_mag1.5,xgb,per_subgroup_baseline_relative[min_neg],DI_star,nan,nan,nan,nan,0
meps,variance_global_mag1.5,xgb,per_subgroup_baseline_relative[min_neg],AOD_star,nan,nan,nan,nan,0
meps,variance_global_mag1.5,xgb,per_subgroup_baseline_relative[min_neg],BalAcc,nan,nan,nan,nan,0
meps,variance_global_mag1.5,xgb,per_subgroup_ewma[min_pos],DI_star,0.00833783254421429,0.24679180102321865,-0.014471895935191515,0.22690105712228456,20
meps,variance_global_mag1.5,xgb,per_subgroup_ewma[min_pos],AOD_star,0.02578947368421053,0.24129096468763436,0.025917800315531935,0.24234003993615716,20
meps,variance_global_mag1.5,xgb,per_subgroup_ewma[min_pos],BalAcc,0.027819548872180445,0.22599082406978424,-0.0014494221449044276,0.224728042429966,20
meps,variance_global_mag1.5,xgb,per_subgroup_baseline_relative[min_pos],DI_star,0.01033069555562124,0.25887719060185976,0.02017930014551509,0.23446199367471499,20
meps,variance_global_mag1.5,xgb,per_subgroup_baseline_relative[min_pos],AOD_star,-0.006390977443609022,0.260826135674799,0.024539072074206227,0.25606792867938577,20
meps,variance_global_mag1.5,xgb,per_subgroup_baseline_relative[min_pos],BalAcc,0.041503759398496244,0.23437401214294235,0.019138646422314567,0.2565566151475557,20
meps,variance_global_mag1.5,xgb,per_subgroup_ewma[maj_neg],DI_star,-0.022246823144009914,0.26640433397760066,-0.04744789288795732,0.23828645183578492,19
meps,variance_global_mag1.5,xgb,per_subgroup_ewma[maj_neg],AOD_star,-0.06134935402387706,0.2440435043491551,-0.026705152548966403,0.24439696695800395,19
meps,variance_global_mag1.5,xgb,per_subgroup_ewma[maj_neg],BalAcc,0.024826209588844354,0.2713735472127507,0.011054161025173289,0.26650897962936326,19
meps,variance_global_mag1.5,xgb,per_subgroup_baseline_relative[maj_neg],DI_star,-0.009505545717495687,0.24586610700793254,-0.020505027163070722,0.23574716125418457,19
meps,variance_global_mag1.5,xgb,per_subgroup_baseline_relative[maj_neg],AOD_star,-0.053167756048844696,0.24686851707264967,-0.01594427545746759,0.2563471590394683,19
meps,variance_global_mag1.5,xgb,per_subgroup_baseline_relative[maj_neg],BalAcc,0.03462317894810953,0.25634399082681897,0.06079659585866094,0.22501990017568507,19
meps,variance_global_mag1.5,xgb,per_subgroup_ewma[maj_pos],DI_star,-0.030751002954034608,0.22144616140005854,-0.033387057638481495,0.2124644612735993,20
meps,variance_global_mag1.5,xgb,per_subgroup_ewma[maj_pos],AOD_star,0.003082706766917297,0.24622032861504878,0.01025735935500696,0.2472329393272691,20
meps,variance_global_mag1.5,xgb,per_subgroup_ewma[maj_pos],BalAcc,-0.03443609022556391,0.1757957767543172,-0.0122839122616343,0.21041487600079883,20
meps,variance_global_mag1.5,xgb,per_subgroup_baseline_relative[maj_pos],DI_star,-0.03564169969789775,0.22342922936404816,-0.05512018006241278,0.2002216946128481,20
meps,variance_global_mag1.5,xgb,per_subgroup_baseline_relative[maj_pos],AOD_star,-0.02699248120300752,0.21751580816567637,-0.013718819371640184,0.1902037956450581,20
meps,variance_global_mag1.5,xgb,per_subgroup_baseline_relative[maj_pos],BalAcc,0.0015789473684210535,0.15809902645237067,-0.01041955071449286,0.1769585875532077,20
meps,variance_global_mag2.0,lr,global_mean,DI_star,0.5326315789473683,0.14779331106680016,0.5341954044481796,0.12988743264359315,20
meps,variance_global_mag2.0,lr,global_mean,AOD_star,0.3648872180451127,0.18995003672255945,0.354066933815551,0.18638033384487726,20
meps,variance_global_mag2.0,lr,global_mean,BalAcc,0.06946811263610503,0.2599320275668629,0.06785962791958264,0.2551754888352326,20
meps,variance_global_mag2.0,lr,global_ewma,DI_star,0.5262406015037594,0.1363018957871953,0.5365700067525785,0.13628815958203977,20
meps,variance_global_mag2.0,lr,global_ewma,AOD_star,0.36112781954887213,0.18935088215237028,0.36308665579449206,0.1878601200654274,20
meps,variance_global_mag2.0,lr,global_ewma,BalAcc,0.05431749629837427,0.25339109497433526,0.05081699557138096,0.24405951030734085,20
meps,variance_global_mag2.0,lr,global_std,DI_star,-0.2674436090225564,0.15609882703349312,-0.30137147081910665,0.161419092557793,20
meps,variance_global_mag2.0,lr,global_std,AOD_star,-0.15240601503759396,0.22549436271202414,-0.20975840906469695,0.20648914061556892,20
meps,variance_global_mag2.0,lr,global_std,BalAcc,0.0079764296958722,0.21633955048520692,-0.0076680919936682555,0.24530603428043457,20
meps,variance_global_mag2.0,lr,subgroup_violation_diff,DI_star,0.12390977443609022,0.14942965418589407,0.2865757774984901,0.15355382285218233,20
meps,variance_global_mag2.0,lr,subgroup_violation_diff,AOD_star,0.09090225563909773,0.2390369596920494,0.18852688121805955,0.22468526442208422,20
meps,variance_global_mag2.0,lr,subgroup_violation_diff,BalAcc,0.028336616413756854,0.20120385181321032,0.04577996572805269,0.20772574846031916,20
meps,variance_global_mag2.0,lr,max_subgroup_deviation,DI_star,0.3735421212428389,0.1783704107977125,0.45451218354476036,0.136338149958994,20
meps,variance_global_mag2.0,lr,max_subgroup_deviation,AOD_star,0.25725842488495493,0.2130967571831372,0.30275490393340104,0.20277372653611125,20
meps,variance_global_mag2.0,lr,max_subgroup_deviation,BalAcc,0.07508020804332471,0.23180313013953824,0.07019975902387109,0.22775114520500955,20
meps,variance_global_mag2.0,lr,assignment_proportion_drift,DI_star,0.20382023513661934,0.15796787222006337,0.4120724625299812,0.13419803306406924,20
meps,variance_global_mag2.0,lr,assignment_proportion_drift,AOD_star,0.13119231052428604,0.2054484901387772,0.27285276261641495,0.2058542244688692,20
meps,variance_global_mag2.0,lr,assignment_proportion_drift,BalAcc,5.1119959824888483e-05,0.22210844348777214,0.0465708175500671,0.2328491217179266,20
meps,variance_global_mag2.0,lr,ks_statistic,DI_star,0.510375939849624,0.16447677333296662,0.5015151389052017,0.12502531972198913,20
meps,variance_global_mag2.0,lr,ks_statistic,AOD_star,0.3530827067669173,0.2124363409052053,0.3262372605329008,0.20009833277190775,20
meps,variance_global_mag2.0,lr,ks_statistic,BalAcc,0.036382690787236216,0.25727239170872307,0.05093516773751877,0.24400337540091702,20
meps,variance_global_mag2.0,lr,kl_divergence,DI_star,0.4700751879699247,0.15370039495141122,0.5023146327730987,0.14907915866440372,20
meps,variance_global_mag2.0,lr,kl_divergence,AOD_star,0.3173684210526315,0.18824789972481917,0.33937163434504625,0.18719819082076103,20
meps,variance_global_mag2.0,lr,kl_divergence,BalAcc,0.03326319607531087,0.2594126552248277,0.03782315435792549,0.2537202052749364,20
meps,variance_global_mag2.0,lr,per_subgroup_ewma[min_neg],DI_star,nan,nan,nan,nan,0
meps,variance_global_mag2.0,lr,per_subgroup_ewma[min_neg],AOD_star,nan,nan,nan,nan,0
meps,variance_global_mag2.0,lr,per_subgroup_ewma[min_neg],BalAcc,nan,nan,nan,nan,0
meps,variance_global_mag2.0,lr,per_subgroup_baseline_relative[min_neg],DI_star,nan,nan,nan,nan,0
meps,variance_global_mag2.0,lr,per_subgroup_baseline_relative[min_neg],AOD_star,nan,nan,nan,nan,0
meps,variance_global_mag2.0,lr,per_subgroup_baseline_relative[min_neg],BalAcc,nan,nan,nan,nan,0
meps,variance_global_mag2.0,lr,per_subgroup_ewma[min_pos],DI_star,0.5317293233082706,0.136573643957639,0.5352163020277436,0.1291090224143348,20
meps,variance_global_mag2.0,lr,per_subgroup_ewma[min_pos],AOD_star,0.3665413533834586,0.1917307238633793,0.35357977207933716,0.18636377391800296,20
meps,variance_global_mag2.0,lr,per_subgroup_ewma[min_pos],BalAcc,0.05168399416795687,0.2521511341703306,0.057713381934588234,0.2534908727580292,20
meps,variance_global_mag2.0,lr,per_subgroup_baseline_relative[min_pos],DI_star,0.37075187969924805,0.17909103666030857,0.45400618413155547,0.13735277705633228,20
meps,variance_global_mag2.0,lr,per_subgroup_baseline_relative[min_pos],AOD_star,0.26383458646616537,0.2198820599793259,0.29968022279440837,0.21571245109326279,20
meps,variance_global_mag2.0,lr,per_subgroup_baseline_relative[min_pos],BalAcc,0.06360579839657357,0.21258985954236462,0.06532402908256478,0.22870135720712273,20
meps,variance_global_mag2.0,lr,per_subgroup_ewma[maj_neg],DI_star,0.33944935411524113,0.2660266183276547,0.38665648479549963,0.2801971299723908,20
meps,variance_global_mag2.0,lr,per_subgroup_ewma[maj_neg],AOD_star,0.2037779574983508,0.2945584909579373,0.22561225712921637,0.29593816858559974,20
meps,variance_global_mag2.0,lr,per_subgroup_ewma[maj_neg],BalAcc,0.05628956729756278,0.24011442168086966,0.05465151485618551,0.25172663485175484,20
meps,variance_global_mag2.0,lr,per_subgroup_baseline_relative[maj_neg],DI_star,0.14153144780158441,0.2552303651311308,0.19865598172656918,0.2923181238922979,20
meps,variance_global_mag2.0,lr,per_subgroup_baseline_relative[maj_neg],AOD_star,0.09235498056930533,0.244361276518422,0.15794983571865492,0.2661348289718874,20
meps,variance_global_mag2.0,lr,per_subgroup_baseline_relative[maj_neg],BalAcc,0.05427885930498377,0.2162593748375951,0.12481339615526776,0.19817442742100244,20
meps,variance_global_mag2.0,lr,per_subgroup_ewma[maj_pos],DI_star,0.42601503759398496,0.16634671835762138,0.4787459939037898,0.149200485714892,20
meps,variance_global_mag2.0,lr,per_subgroup_ewma[maj_pos],AOD_star,0.3140601503759398,0.19306143454365984,0.3347239938579437,0.19615376915540883,20
meps,variance_global_mag2.0,lr,per_subgroup_ewma[maj_pos],BalAcc,0.043947382562104446,0.2196876446417409,0.04096491367569906,0.2257022406417671,20
meps,variance_global_mag2.0,lr,per_subgroup_baseline_relative[maj_pos],DI_star,0.47894736842105257,0.15540282090747368,0.45765078539691373,0.14619708165820972,20
meps,variance_global_mag2.0,lr,per_subgroup_baseline_relative[maj_pos],AOD_star,0.32894736842105254,0.19059927925026574,0.3032845891168253,0.1778382791494957,20
meps,variance_global_mag2.0,lr,per_subgroup_baseline_relative[maj_pos],BalAcc,0.06308069873755733,0.25218258578057634,0.04732554539422993,0.26282981642642966,20
meps,variance_global_mag2.0,xgb,global_mean,DI_star,0.029699248120300736,0.20489287430972888,-0.010176316739772115,0.17906221634465883,20
meps,variance_global_mag2.0,xgb,global_mean,AOD_star,0.01210526315789474,0.2178238311963392,0.0080129660522574,0.20174836404421478,20
meps,variance_global_mag2.0,xgb,global_mean,BalAcc,0.028344931352233305,0.22313322862283388,0.006148883066857616,0.19701293022382518,20
meps,variance_global_mag2.0,xgb,global_ewma,DI_star,0.014210526315789479,0.2012918170544766,-0.01740909819912504,0.1751552917913006,20
meps,variance_global_mag2.0,xgb,global_ewma,AOD_star,0.00924812030075188,0.21380966776331137,-0.0010597551403213785,0.19556047295205145,20
meps,variance_global_mag2.0,xgb,global_ewma,BalAcc,0.010638489679132177,0.2251742498360871,-0.008729629176528877,0.1946133568813385,20
meps,variance_global_mag2.0,xgb,global_std,DI_star,0.09962406015037592,0.20408119028727,0.0974992788036988,0.19299840004580482,20
meps,variance_global_mag2.0,xgb,global_std,AOD_star,0.041203007518796984,0.2249743674195276,0.0026589279194303454,0.2269001320609612,20
meps,variance_global_mag2.0,xgb,global_std,BalAcc,0.030187333577479637,0.23883109409451853,0.06155579828654954,0.23474541833398901,20
meps,variance_global_mag2.0,xgb,subgroup_violation_diff,DI_star,0.04060150375939849,0.16689764837320528,0.05323233126277209,0.18775106726057655,20
meps,variance_global_mag2.0,xgb,subgroup_violation_diff,AOD_star,0.061353383458646604,0.21170272816565672,0.03630503431753287,0.22250329220903786,20
meps,variance_global_mag2.0,xgb,subgroup_violation_diff,BalAcc,0.03402341899513912,0.236877337949635,0.009357021848347618,0.2587496027468019,20
meps,variance_global_mag2.0,xgb,max_subgroup_deviation,DI_star,-0.0052665517471762084,0.16397029962918666,0.023676891741184203,0.18584808583643045,20
meps,variance_global_mag2.0,xgb,max_subgroup_deviation,AOD_star,-0.004023305866724466,0.2646549496269089,0.024807648377813768,0.23157571977639374,20
meps,variance_global_mag2.0,xgb,max_subgroup_deviation,BalAcc,0.01034274373178101,0.2326359638951904,0.012457482473757591,0.24640398372348993,20
meps,variance_global_mag2.0,xgb,assignment_proportion_drift,DI_star,0.0022484308393416336,0.19574354131611846,0.037933218671924535,0.20366645893271665,20
meps,variance_global_mag2.0,xgb,assignment_proportion_drift,AOD_star,-0.0035419430601273615,0.22328084960599143,0.03280221710371253,0.2285964898190565,20
meps,variance_global_mag2.0,xgb,assignment_proportion_drift,BalAcc,-0.02863705986515331,0.280554878840391,-0.002009792440760649,0.26831875750571593,20
meps,variance_global_mag2.0,xgb,ks_statistic,DI_star,0.027218045112781954,0.21468707959454794,0.03300704940158301,0.18756112835854688,20
meps,variance_global_mag2.0,xgb,ks_statistic,AOD_star,0.03593984962406014,0.2276832267888467,0.031194814857772386,0.22521264842255323,20
meps,variance_global_mag2.0,xgb,ks_statistic,BalAcc,-0.011202922672486007,0.2256278038793611,-0.009301617004842066,0.24955925872185541,20
meps,variance_global_mag2.0,xgb,kl_divergence,DI_star,-0.016616541353383456,0.22776245593449873,-0.026269592374315125,0.20464146225444899,20
meps,variance_global_mag2.0,xgb,kl_divergence,AOD_star,-0.018796992481203006,0.25547783502717936,0.0008725003354380402,0.23595124787716631,20
meps,variance_global_mag2.0,xgb,kl_divergence,BalAcc,-0.005828467633304163,0.2682429511408846,-0.01517774605340801,0.2267038053992469,20
meps,variance_global_mag2.0,xgb,per_subgroup_ewma[min_neg],DI_star,nan,nan,nan,nan,0
meps,variance_global_mag2.0,xgb,per_subgroup_ewma[min_neg],AOD_star,nan,nan,nan,nan,0
meps,variance_global_mag2.0,xgb,per_subgroup_ewma[min_neg],BalAcc,nan,nan,nan,nan,0
meps,variance_global_mag2.0,xgb,per_subgroup_baseline_relative[min_neg],DI_star,nan,nan,nan,nan,0
meps,variance_global_mag2.0,xgb,per_subgroup_baseline_relative[min_neg],AOD_star,nan,nan,nan,nan,0
meps,variance_global_mag2.0,xgb,per_subgroup_baseline_relative[min_neg],BalAcc,nan,nan,nan,nan,0
meps,variance_global_mag2.0,xgb,per_subgroup_ewma[min_pos],DI_star,0.012330827067669182,0.20826313061436036,-0.009803936949316722,0.19437091096322182,20
meps,variance_global_mag2.0,xgb,per_subgroup_ewma[min_pos],AOD_star,0.006541353383458648,0.22503761910623393,0.009457240256694087,0.21782830455411967,20
meps,variance_global_mag2.0,xgb,per_subgroup_ewma[min_pos],BalAcc,0.010939382969349747,0.22991542751838065,-0.004099700476135027,0.21471190477228427,20
meps,variance_global_mag2.0,xgb,per_subgroup_baseline_relative[min_pos],DI_star,0.01075187969924812,0.1798751930676486,0.028827894687156807,0.1974700166433506,20
meps,variance_global_mag2.0,xgb,per_subgroup_baseline_relative[min_pos],AOD_star,0.012330827067669168,0.25199597809797813,0.024340611235522964,0.2392703998096036,20
meps,variance_global_mag2.0,xgb,per_subgroup_baseline_relative[min_pos],BalAcc,0.024512579172257142,0.23356709988790578,0.010152799220143716,0.2547787574080014,20
meps,variance_global_mag2.0,xgb,per_subgroup_ewma[maj_neg],DI_star,-0.03396020073112971,0.20424365625084692,-0.052741069474722124,0.17288949504854215,20
meps,variance_global_mag2.0,xgb,per_subgroup_ewma[maj_neg],AOD_star,-0.029507619240515575,0.20580025701609217,-0.028331065173205706,0.186457270242581,20
meps,variance_global_mag2.0,xgb,per_subgroup_ewma[maj_neg],BalAcc,0.01813789892452588,0.22513672106326646,-0.013131080605923195,0.20916292541555204,20
meps,variance_global_mag2.0,xgb,per_subgroup_baseline_relative[maj_neg],DI_star,-0.11461751058900016,0.2251699395734454,-0.08855456849729393,0.23288141175314717,20
meps,variance_global_mag2.0,xgb,per_subgroup_baseline_relative[maj_neg],AOD_star,-0.06186666138986385,0.25328744328178227,-0.03441600841856495,0.25073344031060085,20
meps,variance_global_mag2.0,xgb,per_subgroup_baseline_relative[maj_neg],BalAcc,0.02614545016400154,0.22419279289620767,0.05606698549784929,0.19620034807863415,20
meps,variance_global_mag2.0,xgb,per_subgroup_ewma[maj_pos],DI_star,-0.026015037593984956,0.19860677032021723,-0.021139789507501193,0.16480231351092986,20
meps,variance_global_mag2.0,xgb,per_subgroup_ewma[maj_pos],AOD_star,-0.01804511278195489,0.17728232762189564,-0.011027561390811333,0.18671563056216708,20
meps,variance_global_mag2.0,xgb,per_subgroup_ewma[maj_pos],BalAcc,-0.003947835075763041,0.1860085975043789,-0.014938126452786688,0.18967386282662374,20
meps,variance_global_mag2.0,xgb,per_subgroup_baseline_relative[maj_pos],DI_star,-0.006015037593984966,0.1964332301494526,-0.04402080202500221,0.1524983670486938,20
meps,variance_global_mag2.0,xgb,per_subgroup_baseline_relative[maj_pos],AOD_star,-0.010827067669172935,0.176204158515004,-0.016463387613183927,0.16164705643995622,20
meps,variance_global_mag2.0,xgb,per_subgroup_baseline_relative[maj_pos],BalAcc,0.023194710963953823,0.19395597080361873,-0.003916780558608858,0.19186516999009676,20
meps,variance_global_mag2.5,lr,global_mean,DI_star,0.6294127504208469,0.11295895057243291,0.6211360268836008,0.10277077083729069,20
meps,variance_global_mag2.5,lr,global_mean,AOD_star,0.4122556390977444,0.18454398237042777,0.41766074007047316,0.18035309792458032,20
meps,variance_global_mag2.5,lr,global_mean,BalAcc,0.011353383458646612,0.2583564008285042,0.026812904172834207,0.26523594151638913,20
meps,variance_global_mag2.5,lr,global_ewma,DI_star,0.6259911180061428,0.10060657307349767,0.6183126574461592,0.10191891817647007,20
meps,variance_global_mag2.5,lr,global_ewma,AOD_star,0.4078947368421052,0.19130034569342255,0.41979465195230414,0.18646122188251843,20
meps,variance_global_mag2.5,lr,global_ewma,BalAcc,0.0034586466165413597,0.25229305102266325,0.010577093039360722,0.24825150727603712,20
meps,variance_global_mag2.5,lr,global_std,DI_star,-0.1550771252940256,0.1921175941209049,-0.1095831876744909,0.17711733446600092,20
meps,variance_global_mag2.5,lr,global_std,AOD_star,-0.07992481203007519,0.20350330714788273,-0.07171711123815007,0.19715433073745534,20
meps,variance_global_mag2.5,lr,global_std,BalAcc,-0.015864661654135342,0.23156599661082453,0.005905125728909613,0.22967371676436266,20
meps,variance_global_mag2.5,lr,subgroup_violation_diff,DI_star,0.24482161770832916,0.18878803975524883,0.387143166511894,0.1491512835784318,20
meps,variance_global_mag2.5,lr,subgroup_violation_diff,AOD_star,0.13203007518796991,0.24320331946522292,0.2657891874136398,0.23153866843171228,20
meps,variance_global_mag2.5,lr,subgroup_violation_diff,BalAcc,-0.026240601503759398,0.17976528500024838,0.023573127278055873,0.2009095159282131,20
meps,variance_global_mag2.5,lr,max_subgroup_deviation,DI_star,0.5387712628387265,0.11595832003519391,0.564571767561758,0.10055585631515174,20
meps,variance_global_mag2.5,lr,max_subgroup_deviation,AOD_star,0.33172932330827065,0.19638280216492884,0.37451350835647224,0.2041479740615967,20
meps,variance_global_mag2.5,lr,max_subgroup_deviation,BalAcc,0.011729323308270681,0.23836441188716956,0.02898370541170258,0.23909385443657913,20
meps,variance_global_mag2.5,lr,assignment_proportion_drift,DI_star,0.19168142008405736,0.1794675180940749,0.46250919431429366,0.1312779169441276,20
meps,variance_global_mag2.5,lr,assignment_proportion_drift,AOD_star,0.11626876072300862,0.21560887086214764,0.32064840606687867,0.1989517672527844,20
meps,variance_global_mag2.5,lr,assignment_proportion_drift,BalAcc,-0.0014769821744207074,0.2096670323074599,0.03585788661043955,0.2325160606471873,20
meps,variance_global_mag2.5,lr,ks_statistic,DI_star,0.5959170330382608,0.11102358118011041,0.587978885600721,0.10280622080728778,20
meps,variance_global_mag2.5,lr,ks_statistic,AOD_star,0.37248120300751875,0.1815150964185216,0.3964740721220775,0.18232271698555685,20
meps,variance_global_mag2.5,lr,ks_statistic,BalAcc,-0.031203007518797017,0.24207157800500595,0.018412452785577002,0.24652525102752848,20
meps,variance_global_mag2.5,lr,kl_divergence,DI_star,0.5736987758097013,0.11888678362992178,0.5952926661791716,0.11036332694508881,20
meps,variance_global_mag2.5,lr,kl_divergence,AOD_star,0.34751879699248117,0.1849219957078654,0.39862123115252257,0.1948239627100294,20
meps,variance_global_mag2.5,lr,kl_divergence,BalAcc,-0.0244360902255639,0.24547870421362034,0.006299281062980344,0.25629630102368445,20
meps,variance_global_mag2.5,lr,per_subgroup_ewma[min_neg],DI_star,nan,nan,nan,nan,0
meps,variance_global_mag2.5,lr,per_subgroup_ewma[min_neg],AOD_star,nan,nan,nan,nan,0
meps,variance_global_mag2.5,lr,per_subgroup_ewma[min_neg],BalAcc,nan,nan,nan,nan,0
meps,variance_global_mag2.5,lr,per_subgroup_baseline_relative[min_neg],DI_star,nan,nan,nan,nan,0
meps,variance_global_mag2.5,lr,per_subgroup_baseline_relative[min_neg],AOD_star,nan,nan,nan,nan,0
meps,variance_global_mag2.5,lr,per_subgroup_baseline_relative[min_neg],BalAcc,nan,nan,nan,nan,0
meps,variance_global_mag2.5,lr,per_subgroup_ewma[min_pos],DI_star,0.6238863073619066,0.10649163445102812,0.6260115726258548,0.10217651182437092,20
meps,variance_global_mag2.5,lr,per_subgroup_ewma[min_pos],AOD_star,0.40939849624060154,0.18916963012765062,0.4243701906214087,0.1845121031944881,20
meps,variance_global_mag2.5,lr,per_subgroup_ewma[min_pos],BalAcc,0.0009774436090225574,0.24886208325154413,0.0192346656835813,0.2545900761414482,20
meps,variance_global_mag2.5,lr,per_subgroup_baseline_relative[min_pos],DI_star,0.5608774310239384,0.1283755871666012,0.5665546455173675,0.12113566851681763,20
meps,variance_global_mag2.5,lr,per_subgroup_baseline_relative[min_pos],AOD_star,0.35601503759398495,0.20465766267038588,0.38219737780204427,0.20825683179437668,20
meps,variance_global_mag2.5,lr,per_subgroup_baseline_relative[min_pos],BalAcc,-0.005789473684210525,0.23367631178530074,0.025846978764025176,0.23303343722438663,20
meps,variance_global_mag2.5,lr,per_subgroup_ewma[maj_neg],DI_star,0.5069491092666784,0.15364318630817267,0.5635700186236597,0.12278128025882991,20
meps,variance_global_mag2.5,lr,per_subgroup_ewma[maj_neg],AOD_star,0.3079876627004928,0.1902172205087947,0.37142559426748784,0.19490500990528742,20
meps,variance_global_mag2.5,lr,per_subgroup_ewma[maj_neg],BalAcc,-0.0008887064269639033,0.2575685464929084,0.023694843158866254,0.2632464351937967,20
meps,variance_global_mag2.5,lr,per_subgroup_baseline_relative[maj_neg],DI_star,0.27627958531651287,0.24733217072830974,0.3593906900703959,0.22695217032618367,20
meps,variance_global_mag2.5,lr,per_subgroup_baseline_relative[maj_neg],AOD_star,0.16288730543830796,0.20507165933119983,0.23927440616637874,0.21970809013114337,20
meps,variance_global_mag2.5,lr,per_subgroup_baseline_relative[maj_neg],BalAcc,0.06661352133349417,0.24498153095262207,0.08641759910032314,0.20135310065372977,20
meps,variance_global_mag2.5,lr,per_subgroup_ewma[maj_pos],DI_star,0.5579447325295233,0.1126784097886307,0.5835367846776192,0.10947578447487484,20
meps,variance_global_mag2.5,lr,per_subgroup_ewma[maj_pos],AOD_star,0.36639097744360904,0.18755097673249022,0.4000735951290048,0.19244328634346247,20
meps,variance_global_mag2.5,lr,per_subgroup_ewma[maj_pos],BalAcc,-0.0018045112781955002,0.23072619088370477,0.0029559621574426938,0.23560953215912903,20
meps,variance_global_mag2.5,lr,per_subgroup_baseline_relative[maj_pos],DI_star,0.5829079587255668,0.1140086466767418,0.5738258961538526,0.10782460629676774,20
meps,variance_global_mag2.5,lr,per_subgroup_baseline_relative[maj_pos],AOD_star,0.3755639097744361,0.1665530639647942,0.3818347130707041,0.17478843918005404,20
meps,variance_global_mag2.5,lr,per_subgroup_baseline_relative[maj_pos],BalAcc,0.0075939849624060115,0.2639260432403853,0.011260642597997892,0.2771259773380003,20
meps,variance_global_mag2.5,xgb,global_mean,DI_star,0.1500751879699248,0.2499190213130802,0.12014579115941046,0.23053683436034095,20
meps,variance_global_mag2.5,xgb,global_mean,AOD_star,-0.004360902255639102,0.23306762017631474,0.0018586658461182764,0.220611498308487,20
meps,variance_global_mag2.5,xgb,global_mean,BalAcc,-0.04574796262789103,0.23176665595029292,-0.04903369163026845,0.22194663883180096,20
meps,variance_global_mag2.5,xgb,global_ewma,DI_star,0.13812030075187967,0.24876165685217083,0.12081966400838309,0.2542185469704868,20
meps,variance_global_mag2.5,xgb,global_ewma,AOD_star,-0.005639097744360919,0.2351948324095436,-0.009372929721544979,0.22233249883347328,20
meps,variance_global_mag2.5,xgb,global_ewma,BalAcc,-0.05255268602186397,0.23491044405423753,-0.06840544673960423,0.2215629136617459,20
meps,variance_global_mag2.5,xgb,global_std,DI_star,0.050150375939849626,0.23928647915818427,0.06813700828247819,0.21887356736880076,20
meps,variance_global_mag2.5,xgb,global_std,AOD_star,-0.00511278195488722,0.27209627743423215,-0.017092636607060997,0.27386300513608347,20
meps,variance_global_mag2.5,xgb,global_std,BalAcc,-0.010457434728665374,0.2001003767699836,0.029803702869188143,0.2107673704247785,20
meps,variance_global_mag2.5,xgb,subgroup_violation_diff,DI_star,0.04804511278195487,0.19517584852940129,0.08273716986201589,0.21012241765604683,20
meps,variance_global_mag2.5,xgb,subgroup_violation_diff,AOD_star,0.035864661654135335,0.2464868882552289,0.03221578977554034,0.23420307718605993,20
meps,variance_global_mag2.5,xgb,subgroup_violation_diff,BalAcc,-0.053537398131527504,0.2205414198193926,-0.020723427872731643,0.2626607236112302,20
meps,variance_global_mag2.5,xgb,max_subgroup_deviation,DI_star,0.12947368421052632,0.2360063545291622,0.11741681764922476,0.23278027632982706,20
meps,variance_global_mag2.5,xgb,max_subgroup_deviation,AOD_star,-0.02030075187969925,0.24973930666941577,0.005343202087799743,0.25310110297510463,20
meps,variance_global_mag2.5,xgb,max_subgroup_deviation,BalAcc,-0.08266616088829087,0.20345430546846044,-0.048790253325527576,0.2522985090167252,20
meps,variance_global_mag2.5,xgb,assignment_proportion_drift,DI_star,0.01864769880359566,0.17826534732727467,0.08687526726551989,0.20968620867672577,20
meps,variance_global_mag2.5,xgb,assignment_proportion_drift,AOD_star,0.03818905786609391,0.25311708649439935,0.036869585017333235,0.23132557551741126,20
meps,variance_global_mag2.5,xgb,assignment_proportion_drift,BalAcc,0.0027901552471269074,0.29930611890759595,-0.015087488553178364,0.27910166056043795,20
meps,variance_global_mag2.5,xgb,ks_statistic,DI_star,0.12428571428571429,0.2480470500212658,0.11231324980774557,0.23495479624505825,20
meps,variance_global_mag2.5,xgb,ks_statistic,AOD_star,-0.010375939849624061,0.22751084571329816,0.015535974286258764,0.23049461626473075,20
meps,variance_global_mag2.5,xgb,ks_statistic,BalAcc,-0.07999637989073131,0.2389730253143583,-0.04928001105337287,0.2641043330451227,20
meps,variance_global_mag2.5,xgb,kl_divergence,DI_star,0.06827067669172933,0.25393745910999244,0.06865310219731992,0.23678651713098176,20
meps,variance_global_mag2.5,xgb,kl_divergence,AOD_star,-0.05533834586466165,0.19840884382660431,-0.012715459077177808,0.20084892452363584,20
meps,variance_global_mag2.5,xgb,kl_divergence,BalAcc,-0.07781541968504588,0.2675740037388538,-0.05965289797234062,0.24799365485973293,20
meps,variance_global_mag2.5,xgb,per_subgroup_ewma[min_neg],DI_star,nan,nan,nan,nan,0
meps,variance_global_mag2.5,xgb,per_subgroup_ewma[min_neg],AOD_star,nan,nan,nan,nan,0
meps,variance_global_mag2.5,xgb,per_subgroup_ewma[min_neg],BalAcc,nan,nan,nan,nan,0
meps,variance_global_mag2.5,xgb,per_subgroup_baseline_relative[min_neg],DI_star,nan,nan,nan,nan,0
meps,variance_global_mag2.5,xgb,per_subgroup_baseline_relative[min_neg],AOD_star,nan,nan,nan,nan,0
meps,variance_global_mag2.5,xgb,per_subgroup_baseline_relative[min_neg],BalAcc,nan,nan,nan,nan,0
meps,variance_global_mag2.5,xgb,per_subgroup_ewma[min_pos],DI_star,0.1331578947368421,0.2564954586136866,0.11390066643308769,0.24757211966209589,20
meps,variance_global_mag2.5,xgb,per_subgroup_ewma[min_pos],AOD_star,-0.006842105263157891,0.23431759944022204,0.000805041987705335,0.2244694496943041,20
meps,variance_global_mag2.5,xgb,per_subgroup_ewma[min_pos],BalAcc,-0.05127437740472751,0.2356528145722909,-0.057751306006566985,0.2348201255815035,20
meps,variance_global_mag2.5,xgb,per_subgroup_baseline_relative[min_pos],DI_star,0.13872180451127816,0.2516562245084021,0.1159553893948303,0.24113834312505023,20
meps,variance_global_mag2.5,xgb,per_subgroup_baseline_relative[min_pos],AOD_star,-0.004360902255639093,0.2450509170510039,0.015402673075538989,0.24575824927187703,20
meps,variance_global_mag2.5,xgb,per_subgroup_baseline_relative[min_pos],BalAcc,-0.08428486582260442,0.22261300138420378,-0.04205008964014864,0.26029319139385465,20
meps,variance_global_mag2.5,xgb,per_subgroup_ewma[maj_neg],DI_star,0.11575862686519908,0.26628499381612736,0.09531747197540355,0.23966446087921978,20
meps,variance_global_mag2.5,xgb,per_subgroup_ewma[maj_neg],AOD_star,-0.06485681475939248,0.2611840077622114,-0.039410440144366635,0.2328952447746111,20
meps,variance_global_mag2.5,xgb,per_subgroup_ewma[maj_neg],BalAcc,-0.03729404446798913,0.22580022066288405,-0.04510252135426075,0.2183842839996553,20
meps,variance_global_mag2.5,xgb,per_subgroup_baseline_relative[maj_neg],DI_star,0.09233839790910324,0.24044938314746267,0.06388566917286709,0.24688066548217696,20
meps,variance_global_mag2.5,xgb,per_subgroup_baseline_relative[maj_neg],AOD_star,-0.03060827103398665,0.24070473724285496,-0.0035602605758615568,0.25514257506291627,20
meps,variance_global_mag2.5,xgb,per_subgroup_baseline_relative[maj_neg],BalAcc,-0.003402121817986106,0.1663988765979314,0.031088084892244898,0.17655025200881058,20
meps,variance_global_mag2.5,xgb,per_subgroup_ewma[maj_pos],DI_star,0.1103007518796992,0.23270708273084595,0.12574127293801435,0.26193189169485137,20
meps,variance_global_mag2.5,xgb,per_subgroup_ewma[maj_pos],AOD_star,-0.027669172932330822,0.20860584848611727,-0.014867540973783306,0.2291592309787233,20
meps,variance_global_mag2.5,xgb,per_subgroup_ewma[maj_pos],BalAcc,-0.06800388454667199,0.21507650783585655,-0.07596321407346877,0.21349408645037998,20
meps,variance_global_mag2.5,xgb,per_subgroup_baseline_relative[maj_pos],DI_star,0.11939849624060148,0.23066924143206832,0.1064140936733096,0.2074381389941718,20
meps,variance_global_mag2.5,xgb,per_subgroup_baseline_relative[maj_pos],AOD_star,-0.029924812030075194,0.20442606583889777,-0.015525091450477809,0.20287665437570182,20
meps,variance_global_mag2.5,xgb,per_subgroup_baseline_relative[maj_pos],BalAcc,-0.04458174305410208,0.22816080543660633,-0.05742434712353876,0.2171651014779388,20
