dataset,scenario,model,signal,metric,spearman_mean,spearman_std,pearson_mean,pearson_std,n_seeds_valid
lsac,no_drift,lr,global_mean,DI_star,-0.05864510816249142,0.18550622597400887,-0.07530533703013606,0.21136662827626015,3
lsac,no_drift,lr,global_mean,AOD_star,-0.04160401002506265,0.11375906443742739,-0.03314340990492593,0.13581444904682352,3
lsac,no_drift,lr,global_mean,BalAcc,0.10325814536340851,0.0327007647725315,0.14461501294630477,0.11911663844307949,3
lsac,no_drift,lr,global_ewma,DI_star,0.12183807270787371,0.34426894862825286,0.08619707388955937,0.32200817994352826,3
lsac,no_drift,lr,global_ewma,AOD_star,0.015538847117794482,0.22978615794128504,0.00994069227789407,0.256828821640359,3
lsac,no_drift,lr,global_ewma,BalAcc,-0.13182957393483707,0.1290919030873628,-0.09795462290497614,0.13943321448930449,3
lsac,no_drift,lr,global_std,DI_star,-0.06593467871366042,0.08498153168507576,0.01609977092878243,0.16858965063432596,3
lsac,no_drift,lr,global_std,AOD_star,0.025563909774436094,0.14629036399416911,0.06455049946010137,0.2069999533703754,3
lsac,no_drift,lr,global_std,BalAcc,0.1233082706766917,0.1858020350160465,0.12585158621077822,0.16655989252693312,3
lsac,no_drift,lr,subgroup_violation_diff,DI_star,-0.000750465594065043,0.09553526441963181,-0.05745773028066104,0.06508637064657911,3
lsac,no_drift,lr,subgroup_violation_diff,AOD_star,-0.11378446115288222,0.3074255383303466,-0.1432547300800559,0.18869518622733703,3
lsac,no_drift,lr,subgroup_violation_diff,BalAcc,-0.23558897243107768,0.12302880080943082,-0.1993127924005221,0.17495956145994349,3
lsac,no_drift,lr,max_subgroup_deviation,DI_star,-0.03162155907127092,0.22736931458793522,0.0444276939564567,0.2669114525626534,3
lsac,no_drift,lr,max_subgroup_deviation,AOD_star,0.08220551378446116,0.17340170944438796,0.10451209742653338,0.22933823256081762,3
lsac,no_drift,lr,max_subgroup_deviation,BalAcc,0.06766917293233084,0.16241065620398878,0.06989299166019544,0.2051299500386075,3
lsac,no_drift,lr,assignment_proportion_drift,DI_star,0.1227485568699778,0.25345355024282473,0.03196969617569429,0.17714471288132957,3
lsac,no_drift,lr,assignment_proportion_drift,AOD_star,0.02679997907064055,0.16482818086856954,0.03591990537515142,0.11771267060729523,3
lsac,no_drift,lr,assignment_proportion_drift,BalAcc,0.006763052072399353,0.07029645274093596,0.010855172089494478,0.07115015683437573,3
lsac,no_drift,lr,ks_statistic,DI_star,0.006018431446424337,0.08118532069128175,-0.06968593375999772,0.049739534914129274,3
lsac,no_drift,lr,ks_statistic,AOD_star,0.017543859649122806,0.08599376968022993,0.0015485637744783454,0.10076060070124425,3
lsac,no_drift,lr,ks_statistic,BalAcc,-0.041102756892230564,0.17402654079702395,-0.016088358548595322,0.15675496256026789,3
lsac,no_drift,lr,kl_divergence,DI_star,-0.05060959715384324,0.17377161613624365,-0.07736559166500806,0.20778161776024176,3
lsac,no_drift,lr,kl_divergence,AOD_star,0.07117794486215538,0.3348003221446968,0.06936483810374887,0.36288779236118784,3
lsac,no_drift,lr,kl_divergence,BalAcc,0.03909774436090225,0.27654730893703083,0.09598688404512945,0.28228919268262004,3
lsac,no_drift,lr,per_subgroup_ewma[min_neg],DI_star,-0.143886045752891,0.11063056756343727,-0.07553095131240646,0.16336572960742246,3
lsac,no_drift,lr,per_subgroup_ewma[min_neg],AOD_star,-0.08521303258145363,0.23566468148405642,-0.07871276875060913,0.23346125032971873,3
lsac,no_drift,lr,per_subgroup_ewma[min_neg],BalAcc,-0.11679197994987467,0.1541008988156301,-0.12971199379752466,0.2030815701271182,3
lsac,no_drift,lr,per_subgroup_baseline_relative[min_neg],DI_star,-0.15691334788050829,0.17147542302266064,-0.16077393519839436,0.1726085695206272,3
lsac,no_drift,lr,per_subgroup_baseline_relative[min_neg],AOD_star,-0.19047619047619044,0.2032110122150261,-0.17007679421492336,0.18359698635012972,3
lsac,no_drift,lr,per_subgroup_baseline_relative[min_neg],BalAcc,-0.07167919799498745,0.1494020258248515,-0.0019686175591593913,0.2600949559086261,3
lsac,no_drift,lr,per_subgroup_ewma[min_pos],DI_star,0.09152121417102564,0.18539815871980744,0.08958673430629387,0.1331563005338322,3
lsac,no_drift,lr,per_subgroup_ewma[min_pos],AOD_star,0.09423558897243106,0.29249398103233654,0.17186703256796018,0.279209705201738,3
lsac,no_drift,lr,per_subgroup_ewma[min_pos],BalAcc,-0.07468671679197993,0.2125443321316152,-0.0526405605706235,0.18961198583774283,3
lsac,no_drift,lr,per_subgroup_baseline_relative[min_pos],DI_star,-0.026064785812552674,0.19630194406316986,0.025992525261177162,0.2544205652475124,3
lsac,no_drift,lr,per_subgroup_baseline_relative[min_pos],AOD_star,0.05864661654135337,0.2021125729672234,0.0645200075501619,0.2390806794161873,3
lsac,no_drift,lr,per_subgroup_baseline_relative[min_pos],BalAcc,-0.00250626566416041,0.13596254458975837,-0.06095774905825502,0.14326103530000645,3
lsac,no_drift,lr,per_subgroup_ewma[maj_neg],DI_star,-0.0916942534997305,0.27897684164494674,-0.02705476837951291,0.2568114241241785,3
lsac,no_drift,lr,per_subgroup_ewma[maj_neg],AOD_star,-0.03258145363408523,0.40573894508318253,0.03811834596557808,0.33559620538335894,3
lsac,no_drift,lr,per_subgroup_ewma[maj_neg],BalAcc,0.0661654135338346,0.10011770636816726,0.028510733380615588,0.1285449874660174,3
lsac,no_drift,lr,per_subgroup_baseline_relative[maj_neg],DI_star,-0.2212946792405861,0.20488643500198553,-0.15336251986323748,0.21536467137259924,3
lsac,no_drift,lr,per_subgroup_baseline_relative[maj_neg],AOD_star,-0.08370927318295739,0.2906429746876904,-0.030292050415216265,0.3018217891904421,3
lsac,no_drift,lr,per_subgroup_baseline_relative[maj_neg],BalAcc,0.23759398496240602,0.12993966312597213,0.20238947422986986,0.09011867212748488,3
lsac,no_drift,lr,per_subgroup_ewma[maj_pos],DI_star,0.20455125023533016,0.1563671790278745,0.21312374240926527,0.14573956590499676,3
lsac,no_drift,lr,per_subgroup_ewma[maj_pos],AOD_star,0.09924812030075186,0.2680940560686746,0.13450132379852295,0.25110379481460904,3
lsac,no_drift,lr,per_subgroup_ewma[maj_pos],BalAcc,-0.009523809523809523,0.20183391698227843,0.020133805420626344,0.23718391591628452,3
lsac,no_drift,lr,per_subgroup_baseline_relative[maj_pos],DI_star,0.08192801921956674,0.2099466078125542,0.15171547669616178,0.17094289976571558,3
lsac,no_drift,lr,per_subgroup_baseline_relative[maj_pos],AOD_star,0.16741854636591477,0.17659340658288303,0.2089152415082305,0.11275046406704022,3
lsac,no_drift,lr,per_subgroup_baseline_relative[maj_pos],BalAcc,0.22556390977443608,0.13507632670119407,0.18776369410700697,0.16160363214260098,3
lsac,no_drift,xgb,global_mean,DI_star,0.008521303258145369,0.07169146537857092,0.014854336277460467,0.11991499738989199,3
lsac,no_drift,xgb,global_mean,AOD_star,0.03558897243107769,0.16076556315546592,0.1014627274840098,0.1912385009300988,3
lsac,no_drift,xgb,global_mean,BalAcc,0.1538847117794486,0.06174982895011326,0.23869269419444214,0.15539995889374678,3
lsac,no_drift,xgb,global_ewma,DI_star,0.17644110275689226,0.24551478737472346,0.23484732547283405,0.2899040494164354,3
lsac,no_drift,xgb,global_ewma,AOD_star,0.0862155388471178,0.07454697528942393,0.09920666042992926,0.09395119874167784,3
lsac,no_drift,xgb,global_ewma,BalAcc,-0.05513784461152882,0.06982727812104779,0.04418850764117175,0.14110617657358698,3
lsac,no_drift,xgb,global_std,DI_star,-0.07218045112781955,0.1837583319971184,-0.019075741419337915,0.17942851780147284,3
lsac,no_drift,xgb,global_std,AOD_star,-0.049624060150375925,0.17373899254316805,0.06610218472515071,0.19506425409507125,3
lsac,no_drift,xgb,global_std,BalAcc,0.10225563909774436,0.06953159712298883,0.16818614314522143,0.13549478484668737,3
lsac,no_drift,xgb,subgroup_violation_diff,DI_star,-0.030576441102756906,0.14410134003025904,-0.030546008785506045,0.1835097705888129,3
lsac,no_drift,xgb,subgroup_violation_diff,AOD_star,-0.10626566416040101,0.2159359866359302,-0.16393958654151877,0.15692297677798012,3
lsac,no_drift,xgb,subgroup_violation_diff,BalAcc,-0.12280701754385964,0.32299298804103915,-0.14534225660965408,0.3109465963240056,3
lsac,no_drift,xgb,max_subgroup_deviation,DI_star,0.02055137844611529,0.05565038608421702,-0.011202954839919352,0.09922232666095546,3
lsac,no_drift,xgb,max_subgroup_deviation,AOD_star,0.15488721804511274,0.11093899395737276,0.18016967535659575,0.07048760394470314,3
lsac,no_drift,xgb,max_subgroup_deviation,BalAcc,0.16340852130325814,0.324552791130254,0.17251268651347207,0.3250554494079156,3
lsac,no_drift,xgb,assignment_proportion_drift,DI_star,0.13457920709214044,0.14330284645160732,0.08782518121435119,0.1572009199064401,3
lsac,no_drift,xgb,assignment_proportion_drift,AOD_star,0.12331637821307467,0.15010687346806617,0.12016760106940039,0.12094360059471275,3
lsac,no_drift,xgb,assignment_proportion_drift,BalAcc,-0.0826969624546906,0.11481931253779364,-0.08372813455938637,0.0892422110204613,3
lsac,no_drift,xgb,ks_statistic,DI_star,0.002506265664160364,0.3215498801314172,-0.04031463346414588,0.2818245055491958,3
lsac,no_drift,xgb,ks_statistic,AOD_star,0.10426065162907268,0.11963684809041343,0.10246947987151639,0.1628060711266821,3
lsac,no_drift,xgb,ks_statistic,BalAcc,-0.10175438596491226,0.25408441699903633,-0.05727243268822252,0.26156810204321335,3
lsac,no_drift,xgb,kl_divergence,DI_star,-0.28020050125313284,0.2313194957545705,-0.3297059235142222,0.22357663980433554,3
lsac,no_drift,xgb,kl_divergence,AOD_star,-0.18796992481203004,0.3725825022652229,-0.13604681934827803,0.3771178486648839,3
lsac,no_drift,xgb,kl_divergence,BalAcc,-0.1493734335839599,0.26489319256032673,-0.10011441018217293,0.19973530319314153,3
lsac,no_drift,xgb,per_subgroup_ewma[min_neg],DI_star,-0.021553884711779464,0.16438198899985457,-0.020399456684602895,0.21219629584232988,3
lsac,no_drift,xgb,per_subgroup_ewma[min_neg],AOD_star,0.009022556390977448,0.1715120932710071,0.032351920097243865,0.11251978924891724,3
lsac,no_drift,xgb,per_subgroup_ewma[min_neg],BalAcc,0.13533834586466165,0.1375809736784654,0.15484066526109333,0.19381053995845068,3
lsac,no_drift,xgb,per_subgroup_baseline_relative[min_neg],DI_star,-0.05513784461152881,0.07410074414716797,-0.014750399611517029,0.1639577409201683,3
lsac,no_drift,xgb,per_subgroup_baseline_relative[min_neg],AOD_star,-0.05112781954887217,0.009745474734447908,0.003793441352170431,0.13795150480618873,3
lsac,no_drift,xgb,per_subgroup_baseline_relative[min_neg],BalAcc,0.2746867167919799,0.26817370527121637,0.26917610491822247,0.2820209685193765,3
lsac,no_drift,xgb,per_subgroup_ewma[min_pos],DI_star,0.012030075187969919,0.17683511486021827,0.06677314750010298,0.1952101895017381,3
lsac,no_drift,xgb,per_subgroup_ewma[min_pos],AOD_star,0.012030075187969919,0.15989424963632884,0.03267638512139263,0.21053106421794718,3
lsac,no_drift,xgb,per_subgroup_ewma[min_pos],BalAcc,-0.2721804511278196,0.19305990699169043,-0.18843388518977414,0.29406154976002663,3
lsac,no_drift,xgb,per_subgroup_baseline_relative[min_pos],DI_star,-0.05162907268170427,0.11837005439383684,0.020863274416666144,0.11494230174909002,3
lsac,no_drift,xgb,per_subgroup_baseline_relative[min_pos],AOD_star,0.016040100250626566,0.13844571602736522,0.06256381133672471,0.14150899139005635,3
lsac,no_drift,xgb,per_subgroup_baseline_relative[min_pos],BalAcc,-0.2676691729323308,0.08203417562096754,-0.21993860151015457,0.12902870345194592,3
lsac,no_drift,xgb,per_subgroup_ewma[maj_neg],DI_star,-0.21804511278195485,0.1151595664412156,-0.14987866116037987,0.13091773703541504,3
lsac,no_drift,xgb,per_subgroup_ewma[maj_neg],AOD_star,-0.15989974937343357,0.12445419812872067,-0.1097915567731843,0.11418195699528187,3
lsac,no_drift,xgb,per_subgroup_ewma[maj_neg],BalAcc,0.038596491228070164,0.1589264933586185,0.01329559850892866,0.21417947103871618,3
lsac,no_drift,xgb,per_subgroup_baseline_relative[maj_neg],DI_star,-0.15739348370927317,0.023596195079578594,-0.12435049083500244,0.040295234098805824,3
lsac,no_drift,xgb,per_subgroup_baseline_relative[maj_neg],AOD_star,-0.014536340852130325,0.1305492590009498,0.0415179749082686,0.14820656618673975,3
lsac,no_drift,xgb,per_subgroup_baseline_relative[maj_neg],BalAcc,0.15087719298245614,0.15166531599405783,0.20530745645978654,0.20655253606972523,3
lsac,no_drift,xgb,per_subgroup_ewma[maj_pos],DI_star,0.212531328320802,0.18012641349804334,0.28920947595382634,0.179954014785114,3
lsac,no_drift,xgb,per_subgroup_ewma[maj_pos],AOD_star,0.03007518796992481,0.14568627181693672,0.09095208410898743,0.15148735871707386,3
lsac,no_drift,xgb,per_subgroup_ewma[maj_pos],BalAcc,-0.10426065162907266,0.13524548935570968,-0.07175695642863252,0.15871903581203678,3
lsac,no_drift,xgb,per_subgroup_baseline_relative[maj_pos],DI_star,0.05614035087719297,0.16000420846093083,0.058131739196740556,0.1374082431273868,3
lsac,no_drift,xgb,per_subgroup_baseline_relative[maj_pos],AOD_star,0.05062656641604008,0.26340649434416097,0.13800592356758287,0.18846670495841059,3
lsac,no_drift,xgb,per_subgroup_baseline_relative[maj_pos],BalAcc,0.1513784461152882,0.27444970840886906,0.1280800032257385,0.2347159352303559,3
lsac,gradual_group_mag0.5,lr,global_mean,DI_star,-0.13483709273182956,0.20211008666718866,-0.1885118657703353,0.2796839844986324,3
lsac,gradual_group_mag0.5,lr,global_mean,AOD_star,-0.15238095238095237,0.17116601858518685,-0.21451631425825055,0.21906639678963202,3
lsac,gradual_group_mag0.5,lr,global_mean,BalAcc,0.08270676691729323,0.05174330987694813,0.16135115067651087,0.09280122739109249,3
lsac,gradual_group_mag0.5,lr,global_ewma,DI_star,-0.2210526315789473,0.12685765147713043,-0.3020491762252435,0.17571578567618612,3
lsac,gradual_group_mag0.5,lr,global_ewma,AOD_star,-0.24160401002506263,0.1468474928441394,-0.38173237144845756,0.14194489654117726,3
lsac,gradual_group_mag0.5,lr,global_ewma,BalAcc,-0.1087719298245614,0.09255418872213998,-0.03419186239079212,0.10574719819339407,3
lsac,gradual_group_mag0.5,lr,global_std,DI_star,-0.054636591478696706,0.4141018351775626,-0.11670320651459033,0.4919269373919728,3
lsac,gradual_group_mag0.5,lr,global_std,AOD_star,-0.09874686716791979,0.40887756042208057,-0.15616951519497768,0.4643165041639435,3
lsac,gradual_group_mag0.5,lr,global_std,BalAcc,0.10526315789473684,0.1897519538335332,0.14265921266738332,0.14068221221951488,3
lsac,gradual_group_mag0.5,lr,subgroup_violation_diff,DI_star,0.2285714285714285,0.10636019817443482,0.30508884214260873,0.08210030824977167,3
lsac,gradual_group_mag0.5,lr,subgroup_violation_diff,AOD_star,0.09674185463659146,0.13669238185149832,0.19788581789466494,0.13698221286400947,3
lsac,gradual_group_mag0.5,lr,subgroup_violation_diff,BalAcc,-0.26015037593984963,0.11301896566487654,-0.2264545526446237,0.18796064379520375,3
lsac,gradual_group_mag0.5,lr,max_subgroup_deviation,DI_star,-0.03609022556390976,0.3533695939262759,-0.0008752652515736462,0.34738640473786747,3
lsac,gradual_group_mag0.5,lr,max_subgroup_deviation,AOD_star,1.850371707708594e-17,0.32231706774381164,-8.800895582918485e-05,0.3280538024923619,3
lsac,gradual_group_mag0.5,lr,max_subgroup_deviation,BalAcc,0.0581453634085213,0.17026529347350733,0.09880925505983007,0.18981394592069448,3
lsac,gradual_group_mag0.5,lr,assignment_proportion_drift,DI_star,0.055379703725809803,0.23754334990480283,-0.03749652299692934,0.19491733213311604,3
lsac,gradual_group_mag0.5,lr,assignment_proportion_drift,AOD_star,0.006503092411775023,0.18198301656492796,-0.02992085543640009,0.17844754836602067,3
lsac,gradual_group_mag0.5,lr,assignment_proportion_drift,BalAcc,-0.009775284553335397,0.12586892322526977,0.05171427686109362,0.1283034908074924,3
lsac,gradual_group_mag0.5,lr,ks_statistic,DI_star,0.46867167919799496,0.18147717207031386,0.35770953497513647,0.19749481437412517,3
lsac,gradual_group_mag0.5,lr,ks_statistic,AOD_star,0.43157894736842106,0.08842821310068665,0.3746440721148236,0.12614965862100436,3
lsac,gradual_group_mag0.5,lr,ks_statistic,BalAcc,-0.014536340852130321,0.1278716292738774,-0.045433910200323634,0.15205936070506076,3
lsac,gradual_group_mag0.5,lr,kl_divergence,DI_star,0.29974937343358393,0.2724042152889392,0.39176057417637516,0.20491902093089429,3
lsac,gradual_group_mag0.5,lr,kl_divergence,AOD_star,0.33984962406015046,0.30629724722196894,0.38416393503240936,0.24861515329217732,3
lsac,gradual_group_mag0.5,lr,kl_divergence,BalAcc,-0.12781954887218044,0.18096834814549365,-0.23034236102973035,0.15998524638522552,3
lsac,gradual_group_mag0.5,lr,per_subgroup_ewma[min_neg],DI_star,0.10726817042606512,0.3760106867263666,0.18462001730870795,0.35539335196467375,3
lsac,gradual_group_mag0.5,lr,per_subgroup_ewma[min_neg],AOD_star,0.05664160401002505,0.4145293705262638,0.08788365325193197,0.3749456529684583,3
lsac,gradual_group_mag0.5,lr,per_subgroup_ewma[min_neg],BalAcc,-0.1413533834586466,0.19973412142284902,-0.1504698037854073,0.19221416548306727,3
lsac,gradual_group_mag0.5,lr,per_subgroup_baseline_relative[min_neg],DI_star,-0.093734335839599,0.32942361991405217,-0.06212796698282613,0.30262668611997784,3
lsac,gradual_group_mag0.5,lr,per_subgroup_baseline_relative[min_neg],AOD_star,-0.18446115288220546,0.2830167695449232,-0.16272258643002582,0.2944230507832924,3
lsac,gradual_group_mag0.5,lr,per_subgroup_baseline_relative[min_neg],BalAcc,-0.05764411027568921,0.16824791195849273,-0.006607639450950738,0.22534950952918348,3
lsac,gradual_group_mag0.5,lr,per_subgroup_ewma[min_pos],DI_star,0.07418546365914787,0.21120311309896647,-0.04484374887180296,0.34474914079092445,3
lsac,gradual_group_mag0.5,lr,per_subgroup_ewma[min_pos],AOD_star,0.024561403508771923,0.24604841135388228,-0.02457839441400278,0.3788986174901269,3
lsac,gradual_group_mag0.5,lr,per_subgroup_ewma[min_pos],BalAcc,-0.11979949874686717,0.1918942072803956,-0.03936991274494605,0.19433345879781153,3
lsac,gradual_group_mag0.5,lr,per_subgroup_baseline_relative[min_pos],DI_star,0.04160401002506264,0.2010631225045663,0.027794966811638677,0.24010439073412515,3
lsac,gradual_group_mag0.5,lr,per_subgroup_baseline_relative[min_pos],AOD_star,0.08220551378446116,0.22325074010899731,0.023330353067583992,0.2360484269487142,3
lsac,gradual_group_mag0.5,lr,per_subgroup_baseline_relative[min_pos],BalAcc,-0.002005012531328315,0.16749806764799524,-0.026499462544793528,0.14593070331670668,3
lsac,gradual_group_mag0.5,lr,per_subgroup_ewma[maj_neg],DI_star,-0.0681704260651629,0.08568643379292838,-0.14317635646600482,0.17694268173490355,3
lsac,gradual_group_mag0.5,lr,per_subgroup_ewma[maj_neg],AOD_star,-0.022556390977443608,0.066404217040059,-0.11673777296475807,0.13908985352054143,3
lsac,gradual_group_mag0.5,lr,per_subgroup_ewma[maj_neg],BalAcc,0.09473684210526316,0.1393609918375365,0.06461568795069365,0.10569204793240007,3
lsac,gradual_group_mag0.5,lr,per_subgroup_baseline_relative[maj_neg],DI_star,-0.22406015037593982,0.060350544133503416,-0.2095990043049338,0.06127151241308312,3
lsac,gradual_group_mag0.5,lr,per_subgroup_baseline_relative[maj_neg],AOD_star,-0.09874686716791979,0.06557417929428784,-0.11075462610721416,0.0742611063147391,3
lsac,gradual_group_mag0.5,lr,per_subgroup_baseline_relative[maj_neg],BalAcc,0.29373433583959896,0.17367968978626933,0.23555246704956892,0.08700979065754058,3
lsac,gradual_group_mag0.5,lr,per_subgroup_ewma[maj_pos],DI_star,-0.34937343358395984,0.15902132201578467,-0.4024287843841179,0.07568124450272459,3
lsac,gradual_group_mag0.5,lr,per_subgroup_ewma[maj_pos],AOD_star,-0.35939849624060144,0.2342906688535091,-0.40528358669846587,0.19613719087225648,3
lsac,gradual_group_mag0.5,lr,per_subgroup_ewma[maj_pos],BalAcc,0.026566416040100266,0.19092546934834714,0.1078694455241334,0.21913556850279736,3
lsac,gradual_group_mag0.5,lr,per_subgroup_baseline_relative[maj_pos],DI_star,-0.1463659147869674,0.14520603355561235,-0.2574290156497746,0.13600274834624823,3
lsac,gradual_group_mag0.5,lr,per_subgroup_baseline_relative[maj_pos],AOD_star,-0.10476190476190476,0.13611214785329126,-0.19130390264952565,0.16354347328061147,3
lsac,gradual_group_mag0.5,lr,per_subgroup_baseline_relative[maj_pos],BalAcc,0.20401002506265664,0.15241392599317502,0.2136367275576029,0.17194893512798207,3
lsac,gradual_group_mag0.5,xgb,global_mean,DI_star,-0.15639097744360902,0.10121838655413357,-0.17049358886358648,0.11550586026247509,3
lsac,gradual_group_mag0.5,xgb,global_mean,AOD_star,-0.18596491228070175,0.16311611829402775,-0.16917714290338082,0.20042505517173248,3
lsac,gradual_group_mag0.5,xgb,global_mean,BalAcc,0.2696741854636591,0.039065599535636514,0.3198827585496132,0.06720124585212968,3
lsac,gradual_group_mag0.5,xgb,global_ewma,DI_star,-0.23959899749373434,0.3777686512099348,-0.35662771268499344,0.38021441756430896,3
lsac,gradual_group_mag0.5,xgb,global_ewma,AOD_star,-0.21553884711779447,0.3914058445974977,-0.3157258409514227,0.4860907986307529,3
lsac,gradual_group_mag0.5,xgb,global_ewma,BalAcc,0.20902255639097742,0.2776815682533769,0.31943649818191605,0.2248634744585131,3
lsac,gradual_group_mag0.5,xgb,global_std,DI_star,-0.11478696741854637,0.24123454732052177,-0.1031969776580473,0.2034969265482282,3
lsac,gradual_group_mag0.5,xgb,global_std,AOD_star,-0.09072681704260649,0.06696186551196702,-0.0990661794047329,0.047653682611067706,3
lsac,gradual_group_mag0.5,xgb,global_std,BalAcc,0.15488721804511277,0.16757755119451065,0.16636418852719606,0.17177794082454823,3
lsac,gradual_group_mag0.5,xgb,subgroup_violation_diff,DI_star,0.22556390977443608,0.08239174455219682,0.28698549063100787,0.05944044538618593,3
lsac,gradual_group_mag0.5,xgb,subgroup_violation_diff,AOD_star,0.16240601503759397,0.18354901426919176,0.20440353394697475,0.14210546706002358,3
lsac,gradual_group_mag0.5,xgb,subgroup_violation_diff,BalAcc,-0.17443609022556386,0.21907801329594678,-0.21761716481311222,0.21769182173735835,3
lsac,gradual_group_mag0.5,xgb,max_subgroup_deviation,DI_star,0.08220551378446113,0.18653621989618382,0.08265257142983574,0.2145651322637503,3
lsac,gradual_group_mag0.5,xgb,max_subgroup_deviation,AOD_star,0.08671679197994987,0.23769019762348986,0.09418217154482411,0.19286283787198993,3
lsac,gradual_group_mag0.5,xgb,max_subgroup_deviation,BalAcc,0.07117794486215537,0.3613537971712881,0.06226898654727203,0.3544085803524202,3
lsac,gradual_group_mag0.5,xgb,assignment_proportion_drift,DI_star,0.17122724999620512,0.15766595959422322,0.21785679815961434,0.15830583876794443,3
lsac,gradual_group_mag0.5,xgb,assignment_proportion_drift,AOD_star,0.13538812236710576,0.21943308033965978,0.20255170942946518,0.24351607266454575,3
lsac,gradual_group_mag0.5,xgb,assignment_proportion_drift,BalAcc,-0.2476626020586862,0.0931530064947735,-0.2523333786386916,0.07647657516831513,3
lsac,gradual_group_mag0.5,xgb,ks_statistic,DI_star,0.293734335839599,0.14865345991315204,0.3373268599458317,0.11386952447167434,3
lsac,gradual_group_mag0.5,xgb,ks_statistic,AOD_star,0.22907268170426065,0.1379165909130682,0.30001385524805607,0.09308898535631027,3
lsac,gradual_group_mag0.5,xgb,ks_statistic,BalAcc,-0.30626566416040096,0.08479330507785664,-0.29557478748341004,0.043783552137415464,3
lsac,gradual_group_mag0.5,xgb,kl_divergence,DI_star,0.32531328320802,0.2726365508833737,0.27818987487407126,0.16671681471416666,3
lsac,gradual_group_mag0.5,xgb,kl_divergence,AOD_star,0.23659147869674182,0.14633329536611,0.23521508085861723,0.13379668344371592,3
lsac,gradual_group_mag0.5,xgb,kl_divergence,BalAcc,-0.41102756892230574,0.06984886417281422,-0.32835258126979605,0.059032900905631555,3
lsac,gradual_group_mag0.5,xgb,per_subgroup_ewma[min_neg],DI_star,0.3759398496240602,0.2529089061417401,0.3032013671334382,0.3310993822667269,3
lsac,gradual_group_mag0.5,xgb,per_subgroup_ewma[min_neg],AOD_star,0.14636591478696742,0.23811159421461717,0.24968650209432428,0.3528765944301504,3
lsac,gradual_group_mag0.5,xgb,per_subgroup_ewma[min_neg],BalAcc,0.03308270676691729,0.11001107463562035,0.05297030926096621,0.1225445953127985,3
lsac,gradual_group_mag0.5,xgb,per_subgroup_baseline_relative[min_neg],DI_star,-0.006015037593984936,0.23849643023060849,-0.021372900236389342,0.1628453788980171,3
lsac,gradual_group_mag0.5,xgb,per_subgroup_baseline_relative[min_neg],AOD_star,-0.07518796992481201,0.2572205249924595,-0.06905528006611343,0.24834282172247746,3
lsac,gradual_group_mag0.5,xgb,per_subgroup_baseline_relative[min_neg],BalAcc,0.29874686716791976,0.13909751857101949,0.28278868454060446,0.18678831690748857,3
lsac,gradual_group_mag0.5,xgb,per_subgroup_ewma[min_pos],DI_star,-0.10726817042606511,0.43420964026136777,-0.17204245663019735,0.50861188693318,3
lsac,gradual_group_mag0.5,xgb,per_subgroup_ewma[min_pos],AOD_star,-0.1032581453634085,0.4878339084402668,-0.23661273423131046,0.558016169446026,3
lsac,gradual_group_mag0.5,xgb,per_subgroup_ewma[min_pos],BalAcc,-0.1769423558897243,0.4773219639927975,-0.06528636465465447,0.47489919399742336,3
lsac,gradual_group_mag0.5,xgb,per_subgroup_baseline_relative[min_pos],DI_star,0.04461152882205514,0.22903374078780653,0.06986337444899272,0.2191756268139766,3
lsac,gradual_group_mag0.5,xgb,per_subgroup_baseline_relative[min_pos],AOD_star,0.09874686716791979,0.271178408127132,0.0785685464571606,0.26834478229467673,3
lsac,gradual_group_mag0.5,xgb,per_subgroup_baseline_relative[min_pos],BalAcc,-0.22055137844611525,0.2599846875076615,-0.18800022707737227,0.26161609475877223,3
lsac,gradual_group_mag0.5,xgb,per_subgroup_ewma[maj_neg],DI_star,-0.2325814536340852,0.32738545523399015,-0.29526695415507515,0.35064696288221037,3
lsac,gradual_group_mag0.5,xgb,per_subgroup_ewma[maj_neg],AOD_star,-0.18746867167919798,0.11423513808566045,-0.28289185965338,0.21887062970785437,3
lsac,gradual_group_mag0.5,xgb,per_subgroup_ewma[maj_neg],BalAcc,0.11278195488721802,0.25838711701010747,0.13853300306990526,0.25553496560473643,3
lsac,gradual_group_mag0.5,xgb,per_subgroup_baseline_relative[maj_neg],DI_star,-0.26065162907268175,0.18334082799373164,-0.24758784937768996,0.19421586508667843,3
lsac,gradual_group_mag0.5,xgb,per_subgroup_baseline_relative[maj_neg],AOD_star,-0.14937343358395988,0.08006567614640368,-0.12765243182456776,0.23568540960054943,3
lsac,gradual_group_mag0.5,xgb,per_subgroup_baseline_relative[maj_neg],BalAcc,0.20852130325814536,0.27639281372936314,0.26442255540679893,0.26462032929858603,3
lsac,gradual_group_mag0.5,xgb,per_subgroup_ewma[maj_pos],DI_star,-0.6416040100250626,0.0797354940356819,-0.6580378101371603,0.07470479072921601,3
lsac,gradual_group_mag0.5,xgb,per_subgroup_ewma[maj_pos],AOD_star,-0.37894736842105264,0.04255045700191323,-0.5362727789109076,0.08922279957938087,3
lsac,gradual_group_mag0.5,xgb,per_subgroup_ewma[maj_pos],BalAcc,0.24711779448621551,0.11831910053515254,0.26979419918553355,0.1430992698297002,3
lsac,gradual_group_mag0.5,xgb,per_subgroup_baseline_relative[maj_pos],DI_star,-0.1558897243107769,0.14554823613981216,-0.2055847910852163,0.13642423006866408,3
lsac,gradual_group_mag0.5,xgb,per_subgroup_baseline_relative[maj_pos],AOD_star,-0.13082706766917293,0.11914861828294919,-0.19451428461248632,0.05678050145332777,3
lsac,gradual_group_mag0.5,xgb,per_subgroup_baseline_relative[maj_pos],BalAcc,0.16040100250626566,0.0906118159531038,0.16338564935953995,0.08496466819977101,3
lsac,gradual_group_mag1.0,lr,global_mean,DI_star,-0.13032581453634084,0.11474865565458853,-0.11731311564415053,0.15315512595062278,3
lsac,gradual_group_mag1.0,lr,global_mean,AOD_star,-0.12581453634085213,0.05692258472813389,-0.10978061938147754,0.10776805423947873,3
lsac,gradual_group_mag1.0,lr,global_mean,BalAcc,0.030576441102756893,0.038541118369405686,0.1114323793742024,0.11297105958968111,3
lsac,gradual_group_mag1.0,lr,global_ewma,DI_star,-0.28972431077694233,0.23692152333058525,-0.3251066018015321,0.17613265880251303,3
lsac,gradual_group_mag1.0,lr,global_ewma,AOD_star,-0.2681704260651629,0.2506496229995963,-0.3499365435147612,0.18538505875114378,3
lsac,gradual_group_mag1.0,lr,global_ewma,BalAcc,-0.09122807017543859,0.12254998420041179,-0.01711484303428391,0.09546137757219272,3
lsac,gradual_group_mag1.0,lr,global_std,DI_star,-0.062155388471177936,0.3734460309779084,-0.1267430473802664,0.37993895095639424,3
lsac,gradual_group_mag1.0,lr,global_std,AOD_star,-0.08320802005012529,0.372577107346874,-0.14212156059206513,0.3720406309626169,3
lsac,gradual_group_mag1.0,lr,global_std,BalAcc,0.11428571428571428,0.13302959732088104,0.12144204987465484,0.1146637765938015,3
lsac,gradual_group_mag1.0,lr,subgroup_violation_diff,DI_star,0.2932330827067669,0.11760770131980015,0.35996280904903016,0.09263083057820011,3
lsac,gradual_group_mag1.0,lr,subgroup_violation_diff,AOD_star,0.19047619047619044,0.12293686552585006,0.28051019378679976,0.10701825494370086,3
lsac,gradual_group_mag1.0,lr,subgroup_violation_diff,BalAcc,-0.2531328320802005,0.12999379337748732,-0.2490650644480561,0.1196168848307276,3
lsac,gradual_group_mag1.0,lr,max_subgroup_deviation,DI_star,0.15037593984962402,0.22575764445403498,0.08907345947988336,0.22481187123178947,3
lsac,gradual_group_mag1.0,lr,max_subgroup_deviation,AOD_star,0.17443609022556392,0.2353467533149546,0.1050775153323424,0.20350336444650086,3
lsac,gradual_group_mag1.0,lr,max_subgroup_deviation,BalAcc,0.007017543859649121,0.1593527779205024,0.040316548476844426,0.182464704872712,3
lsac,gradual_group_mag1.0,lr,assignment_proportion_drift,DI_star,-0.04962406015037594,0.11325215268428708,-0.0946238867991696,0.12527395924652981,3
lsac,gradual_group_mag1.0,lr,assignment_proportion_drift,AOD_star,-0.07619047619047618,0.11591200972084445,-0.0668566899722137,0.13621051611326587,3
lsac,gradual_group_mag1.0,lr,assignment_proportion_drift,BalAcc,-0.046616541353383445,0.1692959730781027,0.04246137620480692,0.16688089614570709,3
lsac,gradual_group_mag1.0,lr,ks_statistic,DI_star,0.6636591478696742,0.06340010048396813,0.655209163929756,0.04737932889198933,3
lsac,gradual_group_mag1.0,lr,ks_statistic,AOD_star,0.6170426065162907,0.03696380764829403,0.6370016629206221,0.010463652624230301,3
lsac,gradual_group_mag1.0,lr,ks_statistic,BalAcc,-0.021553884711779436,0.18290863496955923,-0.1642849008451437,0.11125529422258686,3
lsac,gradual_group_mag1.0,lr,kl_divergence,DI_star,0.7228070175438596,0.1530407165445575,0.6626596008785918,0.054756027083975416,3
lsac,gradual_group_mag1.0,lr,kl_divergence,AOD_star,0.6696741854636592,0.24870238802342948,0.6610380079188488,0.07318608545983563,3
lsac,gradual_group_mag1.0,lr,kl_divergence,BalAcc,-0.13283208020050122,0.1660154613581699,-0.2582516647766793,0.17225228268322465,3
lsac,gradual_group_mag1.0,lr,per_subgroup_ewma[min_neg],DI_star,0.26015037593984963,0.367551528759134,0.3530026972815237,0.32166215380496616,3
lsac,gradual_group_mag1.0,lr,per_subgroup_ewma[min_neg],AOD_star,0.2265664160401002,0.40073863498703427,0.2958007084570777,0.3303330162818704,3
lsac,gradual_group_mag1.0,lr,per_subgroup_ewma[min_neg],BalAcc,-0.23909774436090223,0.11577970860102349,-0.24956074829448885,0.19972137032729304,3
lsac,gradual_group_mag1.0,lr,per_subgroup_baseline_relative[min_neg],DI_star,0.047619047619047616,0.13510608493176496,0.07651154995828754,0.14079797525569146,3
lsac,gradual_group_mag1.0,lr,per_subgroup_baseline_relative[min_neg],AOD_star,-0.008521303258145365,0.1263297124045034,0.032011550083311614,0.13470200370430915,3
lsac,gradual_group_mag1.0,lr,per_subgroup_baseline_relative[min_neg],BalAcc,-0.10125313283208019,0.1377798891116062,-0.08613890978532568,0.22333049601655064,3
lsac,gradual_group_mag1.0,lr,per_subgroup_ewma[min_pos],DI_star,0.08922305764411027,0.375446961770744,0.028941938122796107,0.4107697453995426,3
lsac,gradual_group_mag1.0,lr,per_subgroup_ewma[min_pos],AOD_star,0.07318295739348367,0.3696319588473789,0.025273791142126006,0.4370163435920444,3
lsac,gradual_group_mag1.0,lr,per_subgroup_ewma[min_pos],BalAcc,-0.09924812030075188,0.2155470068980602,-0.08683463148097552,0.2074571777196048,3
lsac,gradual_group_mag1.0,lr,per_subgroup_baseline_relative[min_pos],DI_star,0.10776942355889724,0.2682776821560039,0.10280804899056654,0.21674561198035228,3
lsac,gradual_group_mag1.0,lr,per_subgroup_baseline_relative[min_pos],AOD_star,0.14335839598997493,0.26804156836691984,0.10185328203094168,0.19957430011242103,3
lsac,gradual_group_mag1.0,lr,per_subgroup_baseline_relative[min_pos],BalAcc,-0.018546365914786967,0.1566911199932992,-0.06588069450560616,0.1432712355777178,3
lsac,gradual_group_mag1.0,lr,per_subgroup_ewma[maj_neg],DI_star,-0.16190476190476188,0.20009357048834156,-0.2704781699834959,0.15783109326783043,3
lsac,gradual_group_mag1.0,lr,per_subgroup_ewma[maj_neg],AOD_star,-0.14987468671679197,0.12887568001222124,-0.25146297359450925,0.135809517434993,3
lsac,gradual_group_mag1.0,lr,per_subgroup_ewma[maj_neg],BalAcc,0.14185463659147868,0.16353609117024978,0.10956199576118693,0.16747566738505812,3
lsac,gradual_group_mag1.0,lr,per_subgroup_baseline_relative[maj_neg],DI_star,-0.250125313283208,0.08594993183662923,-0.2667050153528896,0.078069313892615,3
lsac,gradual_group_mag1.0,lr,per_subgroup_baseline_relative[maj_neg],AOD_star,-0.17543859649122806,0.06880509513985165,-0.20412918929323273,0.11188182690018762,3
lsac,gradual_group_mag1.0,lr,per_subgroup_baseline_relative[maj_neg],BalAcc,0.3032581453634085,0.22318658096546318,0.25020365153537394,0.13749295352805369,3
lsac,gradual_group_mag1.0,lr,per_subgroup_ewma[maj_pos],DI_star,-0.5238095238095237,0.4062216745745667,-0.4912629160825696,0.348771812612059,3
lsac,gradual_group_mag1.0,lr,per_subgroup_ewma[maj_pos],AOD_star,-0.4716791979949874,0.40220121587820523,-0.4587330720217053,0.36093838560634245,3
lsac,gradual_group_mag1.0,lr,per_subgroup_ewma[maj_pos],BalAcc,0.0631578947368421,0.2036729093508256,0.12836082515492292,0.16248893882649904,3
lsac,gradual_group_mag1.0,lr,per_subgroup_baseline_relative[maj_pos],DI_star,-0.17243107769423557,0.1873386224160602,-0.25674133163089335,0.13316936618951852,3
lsac,gradual_group_mag1.0,lr,per_subgroup_baseline_relative[maj_pos],AOD_star,-0.10927318295739348,0.14183426618531744,-0.19310725562994324,0.09543461720266115,3
lsac,gradual_group_mag1.0,lr,per_subgroup_baseline_relative[maj_pos],BalAcc,0.14786967418546365,0.20773782830229934,0.19342933586665356,0.17517870922237505,3
lsac,gradual_group_mag1.0,xgb,global_mean,DI_star,-0.10125313283208019,0.0698488641728142,-0.09580407516568216,0.06635154500869977,3
lsac,gradual_group_mag1.0,xgb,global_mean,AOD_star,0.09674185463659148,0.17416075986446722,0.09931113809639791,0.18781916115297922,3
lsac,gradual_group_mag1.0,xgb,global_mean,BalAcc,0.27619047619047615,0.019962213284952252,0.3108221892565433,0.0959985194210172,3
lsac,gradual_group_mag1.0,xgb,global_ewma,DI_star,-0.10325814536340851,0.33492637592232,-0.29394596611671003,0.5031917084549452,3
lsac,gradual_group_mag1.0,xgb,global_ewma,AOD_star,0.015538847117794482,0.4862057203876487,-0.05125464626601208,0.49090640639593386,3
lsac,gradual_group_mag1.0,xgb,global_ewma,BalAcc,0.25463659147869677,0.21587314519525083,0.35888043720016477,0.2439156824880429,3
lsac,gradual_group_mag1.0,xgb,global_std,DI_star,-0.009022556390977434,0.3150390893666545,-0.0021573600022162334,0.17203495157682383,3
lsac,gradual_group_mag1.0,xgb,global_std,AOD_star,0.20601503759398496,0.15951667251181345,0.22849194939665973,0.1452815632745301,3
lsac,gradual_group_mag1.0,xgb,global_std,BalAcc,0.14335839598997493,0.2011530758117889,0.17441601262121886,0.20914585764114865,3
lsac,gradual_group_mag1.0,xgb,subgroup_violation_diff,DI_star,0.13533834586466162,0.09048417407274681,0.21126755830756463,0.06270004550010834,3
lsac,gradual_group_mag1.0,xgb,subgroup_violation_diff,AOD_star,-0.1162907268170426,0.1435353028033856,-0.05779226666729322,0.12284561082085757,3
lsac,gradual_group_mag1.0,xgb,subgroup_violation_diff,BalAcc,-0.20300751879699244,0.23230040923100767,-0.2389305465358876,0.20541196577860402,3
lsac,gradual_group_mag1.0,xgb,max_subgroup_deviation,DI_star,0.13984962406015036,0.22685345669286133,0.16917591397202472,0.2075365260177812,3
lsac,gradual_group_mag1.0,xgb,max_subgroup_deviation,AOD_star,0.1413533834586466,0.06472573615435254,0.13906479849114078,0.10990031205612194,3
lsac,gradual_group_mag1.0,xgb,max_subgroup_deviation,BalAcc,0.06115288220551377,0.39756231097381417,0.07065458722194277,0.39600444049109035,3
lsac,gradual_group_mag1.0,xgb,assignment_proportion_drift,DI_star,0.10325814536340851,0.18756380522108637,0.17107718422949106,0.2225159843453051,3
lsac,gradual_group_mag1.0,xgb,assignment_proportion_drift,AOD_star,0.1288220551378446,0.2300386012265845,0.13972968422319684,0.21698993783148754,3
lsac,gradual_group_mag1.0,xgb,assignment_proportion_drift,BalAcc,-0.23157894736842102,0.12272617665545972,-0.2483586750965027,0.1234578391365315,3
lsac,gradual_group_mag1.0,xgb,ks_statistic,DI_star,0.46265664160400993,0.1920041603140532,0.44316389110820165,0.06635252268367992,3
lsac,gradual_group_mag1.0,xgb,ks_statistic,AOD_star,0.016040100250626566,0.03119067505985773,-0.0516507284590108,0.062435886781036606,3
lsac,gradual_group_mag1.0,xgb,ks_statistic,BalAcc,-0.37543859649122807,0.08752287352668528,-0.40097962087665096,0.034904214679566746,3
lsac,gradual_group_mag1.0,xgb,kl_divergence,DI_star,0.519298245614035,0.17109113927547737,0.3002002359129153,0.06238834249267154,3
lsac,gradual_group_mag1.0,xgb,kl_divergence,AOD_star,-0.04160401002506265,0.06693934849103829,-0.2810773494503643,0.032067929629478735,3
lsac,gradual_group_mag1.0,xgb,kl_divergence,BalAcc,-0.3724310776942356,0.05287210821892436,-0.22385460329421006,0.1688914950131835,3
lsac,gradual_group_mag1.0,xgb,per_subgroup_ewma[min_neg],DI_star,0.37543859649122807,0.22738225592542224,0.3902941414947528,0.33420853255346555,3
lsac,gradual_group_mag1.0,xgb,per_subgroup_ewma[min_neg],AOD_star,0.18295739348370924,0.2806041720824312,0.2135187595147646,0.28848388497803723,3
lsac,gradual_group_mag1.0,xgb,per_subgroup_ewma[min_neg],BalAcc,-0.07518796992481203,0.056385964689481725,-0.038483852353110484,0.05268954307642559,3
lsac,gradual_group_mag1.0,xgb,per_subgroup_baseline_relative[min_neg],DI_star,0.006015037593984955,0.11185247735229162,0.02621351762051881,0.12460359732444112,3
lsac,gradual_group_mag1.0,xgb,per_subgroup_baseline_relative[min_neg],AOD_star,0.08621553884711779,0.1940969672697442,0.11850844399756526,0.16447968127208787,3
lsac,gradual_group_mag1.0,xgb,per_subgroup_baseline_relative[min_neg],BalAcc,0.23358395989974934,0.1788244700586709,0.23077720902251195,0.21693326518305325,3
lsac,gradual_group_mag1.0,xgb,per_subgroup_ewma[min_pos],DI_star,-0.008521303258145374,0.4682471640994144,-0.1393384212805988,0.5431144695242186,3
lsac,gradual_group_mag1.0,xgb,per_subgroup_ewma[min_pos],AOD_star,-0.31478696741854634,0.24735001061467926,-0.33400335115645596,0.22756865242186847,3
lsac,gradual_group_mag1.0,xgb,per_subgroup_ewma[min_pos],BalAcc,-0.1719298245614035,0.4991036620024062,-0.09226880186047688,0.49641652603380637,3
lsac,gradual_group_mag1.0,xgb,per_subgroup_baseline_relative[min_pos],DI_star,0.11629072681704261,0.16533300994389907,0.12882961859541542,0.19305175776705302,3
lsac,gradual_group_mag1.0,xgb,per_subgroup_baseline_relative[min_pos],AOD_star,0.018045112781954864,0.22464306606813592,-0.009992463153971454,0.2307277957731891,3
lsac,gradual_group_mag1.0,xgb,per_subgroup_baseline_relative[min_pos],BalAcc,-0.2220551378446115,0.2627532394257748,-0.20721874953913036,0.28427793106890376,3
lsac,gradual_group_mag1.0,xgb,per_subgroup_ewma[maj_neg],DI_star,-0.1413533834586466,0.23180667772866034,-0.2291968995912679,0.28228882588575166,3
lsac,gradual_group_mag1.0,xgb,per_subgroup_ewma[maj_neg],AOD_star,-0.004511278195488716,0.2585096099219424,-0.002873594543011476,0.28819033015170803,3
lsac,gradual_group_mag1.0,xgb,per_subgroup_ewma[maj_neg],BalAcc,0.17944862155388472,0.25876704468435896,0.1868494381692902,0.25142602772586714,3
lsac,gradual_group_mag1.0,xgb,per_subgroup_baseline_relative[maj_neg],DI_star,-0.15488721804511277,0.07221177265289004,-0.1433524616584058,0.189193935208812,3
lsac,gradual_group_mag1.0,xgb,per_subgroup_baseline_relative[maj_neg],AOD_star,0.15739348370927317,0.24894170509952912,0.1529427000712669,0.31068759250695,3
lsac,gradual_group_mag1.0,xgb,per_subgroup_baseline_relative[maj_neg],BalAcc,0.23308270676691725,0.3039900858567084,0.2681544692585695,0.27200209574979967,3
lsac,gradual_group_mag1.0,xgb,per_subgroup_ewma[maj_pos],DI_star,-0.4857142857142856,0.2802188829207215,-0.5679131067221579,0.24835665910068142,3
lsac,gradual_group_mag1.0,xgb,per_subgroup_ewma[maj_pos],AOD_star,-0.11528822055137844,0.05024046922636921,-0.18437408165509983,0.16899447714978855,3
lsac,gradual_group_mag1.0,xgb,per_subgroup_ewma[maj_pos],BalAcc,0.2771929824561403,0.1016370299954441,0.2876593259663905,0.11638568897795847,3
lsac,gradual_group_mag1.0,xgb,per_subgroup_baseline_relative[maj_pos],DI_star,-0.035087719298245584,0.23140420231673384,-0.14151951941311,0.17123002761057687,3
lsac,gradual_group_mag1.0,xgb,per_subgroup_baseline_relative[maj_pos],AOD_star,-0.002506265664160394,0.11051921163354188,-0.024516476879354727,0.042599002074572984,3
lsac,gradual_group_mag1.0,xgb,per_subgroup_baseline_relative[maj_pos],BalAcc,0.16741854636591477,0.07328245373648824,0.16888389890093047,0.05516497387883371,3
lsac,gradual_group_mag2.0,lr,global_mean,DI_star,0.5994987468671679,0.04447897854933135,0.6026612737417257,0.026621818769788898,3
lsac,gradual_group_mag2.0,lr,global_mean,AOD_star,0.5037593984962406,0.024648202211818036,0.44510161554698907,0.04818260909315803,3
lsac,gradual_group_mag2.0,lr,global_mean,BalAcc,-0.17293233082706763,0.1390035581684333,-0.3697304353091119,0.08532425811937333,3
lsac,gradual_group_mag2.0,lr,global_ewma,DI_star,0.656641604010025,0.0886778985990256,0.6271457684159457,0.07538282766856955,3
lsac,gradual_group_mag2.0,lr,global_ewma,AOD_star,0.5458646616541353,0.10663622909803105,0.4355022902532901,0.11069290400032146,3
lsac,gradual_group_mag2.0,lr,global_ewma,BalAcc,-0.3067669172932331,0.16588222503393,-0.38730761852869805,0.13089137214061325,3
lsac,gradual_group_mag2.0,lr,global_std,DI_star,0.6020050125313282,0.04422405012553937,0.6048208879270166,0.045862413177711496,3
lsac,gradual_group_mag2.0,lr,global_std,AOD_star,0.4711779448621553,0.0838007694100275,0.43928916315652816,0.0734566000160636,3
lsac,gradual_group_mag2.0,lr,global_std,BalAcc,-0.1293233082706767,0.0032484915781492985,-0.3223635917599949,0.024924588354849665,3
lsac,gradual_group_mag2.0,lr,subgroup_violation_diff,DI_star,0.12330827067669171,0.3446923578025816,0.110065007948145,0.4326931752174953,3
lsac,gradual_group_mag2.0,lr,subgroup_violation_diff,AOD_star,0.04862155388471175,0.2557432585477548,0.04499568369150938,0.32551148223422105,3
lsac,gradual_group_mag2.0,lr,subgroup_violation_diff,BalAcc,-0.22105263157894736,0.08565710619724681,-0.2136110791536432,0.18402529954583513,3
lsac,gradual_group_mag2.0,lr,max_subgroup_deviation,DI_star,0.537844611528822,0.10045843124240933,0.5565699473066427,0.04764048682900771,3
lsac,gradual_group_mag2.0,lr,max_subgroup_deviation,AOD_star,0.42907268170426055,0.10583684224740529,0.3919193289569786,0.10026906187482586,3
lsac,gradual_group_mag2.0,lr,max_subgroup_deviation,BalAcc,-0.19248120300751878,0.20902796552745737,-0.2936265021137186,0.15708604984371785,3
lsac,gradual_group_mag2.0,lr,assignment_proportion_drift,DI_star,0.09423558897243108,0.18814962170834684,0.05013252818220761,0.22992861188012834,3
lsac,gradual_group_mag2.0,lr,assignment_proportion_drift,AOD_star,0.06716791979949872,0.263881092439458,0.08422967008917386,0.265754615359359,3
lsac,gradual_group_mag2.0,lr,assignment_proportion_drift,BalAcc,-0.05062656641604011,0.1351507099919998,-0.02740717985392214,0.13099073228187297,3
lsac,gradual_group_mag2.0,lr,ks_statistic,DI_star,0.8426065162907269,0.05626998995377942,0.7921709333620536,0.03466473379269221,3
lsac,gradual_group_mag2.0,lr,ks_statistic,AOD_star,0.7528822055137844,0.03438611104990978,0.7041375340541278,0.05518900795190807,3
lsac,gradual_group_mag2.0,lr,ks_statistic,BalAcc,-0.22305764411027565,0.09691441231338882,-0.35407640764398707,0.04424604826710755,3
lsac,gradual_group_mag2.0,lr,kl_divergence,DI_star,0.8646616541353382,0.031134235896279776,0.8274366730431608,0.023966556855649454,3
lsac,gradual_group_mag2.0,lr,kl_divergence,AOD_star,0.7919799498746866,0.025529486873677825,0.6904252904047862,0.07874727119433386,3
lsac,gradual_group_mag2.0,lr,kl_divergence,BalAcc,-0.2982456140350877,0.03225983540792799,-0.4015003774703562,0.06937185125416573,3
lsac,gradual_group_mag2.0,lr,per_subgroup_ewma[min_neg],DI_star,0.7734335839598997,0.07491009638685261,0.7265438527391824,0.0310305409178282,3
lsac,gradual_group_mag2.0,lr,per_subgroup_ewma[min_neg],AOD_star,0.6791979949874687,0.054528416054024725,0.5474462563745436,0.05677526908388912,3
lsac,gradual_group_mag2.0,lr,per_subgroup_ewma[min_neg],BalAcc,-0.34335839598997486,0.13233842159417933,-0.41790461971151344,0.08551759978906937,3
lsac,gradual_group_mag2.0,lr,per_subgroup_baseline_relative[min_neg],DI_star,0.6090225563909774,0.03132731827969868,0.620468614441407,0.009360140959534254,3
lsac,gradual_group_mag2.0,lr,per_subgroup_baseline_relative[min_neg],AOD_star,0.4957393483709273,0.007194335886920945,0.46540943831644227,0.03927257832881185,3
lsac,gradual_group_mag2.0,lr,per_subgroup_baseline_relative[min_neg],BalAcc,-0.22406015037593985,0.11501547775021317,-0.44221627101629696,0.06855033149856116,3
lsac,gradual_group_mag2.0,lr,per_subgroup_ewma[min_pos],DI_star,0.3142857142857142,0.31515391348273786,0.2988494643267548,0.2772152398792547,3
lsac,gradual_group_mag2.0,lr,per_subgroup_ewma[min_pos],AOD_star,0.18746867167919798,0.26735453145056554,0.13111321770709697,0.22449601957570384,3
lsac,gradual_group_mag2.0,lr,per_subgroup_ewma[min_pos],BalAcc,-0.24661654135338343,0.2325339161513107,-0.26514736163984337,0.28685870483924314,3
lsac,gradual_group_mag2.0,lr,per_subgroup_baseline_relative[min_pos],DI_star,0.3604010025062656,0.10035333084964974,0.3517863842142392,0.11550024171735261,3
lsac,gradual_group_mag2.0,lr,per_subgroup_baseline_relative[min_pos],AOD_star,0.25764411027568923,0.019073982546807464,0.21417815950476538,0.07163841549114817,3
lsac,gradual_group_mag2.0,lr,per_subgroup_baseline_relative[min_pos],BalAcc,-0.30125313283208016,0.15247820402765963,-0.31199474720290893,0.19900745006324105,3
lsac,gradual_group_mag2.0,lr,per_subgroup_ewma[maj_neg],DI_star,0.2766917293233082,0.3239825108047749,0.2846925399281101,0.32727317346451107,3
lsac,gradual_group_mag2.0,lr,per_subgroup_ewma[maj_neg],AOD_star,0.28671679197994987,0.3405859199261685,0.24249763003270466,0.3569104290854434,3
lsac,gradual_group_mag2.0,lr,per_subgroup_ewma[maj_neg],BalAcc,-0.04711779448621553,0.12090907182455153,-0.05907189869176611,0.12196633723052563,3
lsac,gradual_group_mag2.0,lr,per_subgroup_baseline_relative[maj_neg],DI_star,0.07769423558897243,0.18009293327034168,0.15760420886121343,0.23564980845448136,3
lsac,gradual_group_mag2.0,lr,per_subgroup_baseline_relative[maj_neg],AOD_star,0.10927318295739348,0.12487743754255982,0.16344895820763958,0.17641088232203228,3
lsac,gradual_group_mag2.0,lr,per_subgroup_baseline_relative[maj_neg],BalAcc,0.2265664160401002,0.1833079348628278,0.11079521937576098,0.1653698382904231,3
lsac,gradual_group_mag2.0,lr,per_subgroup_ewma[maj_pos],DI_star,-0.2731829573934836,0.6272609684258513,-0.2758122617637358,0.6293944402973544,3
lsac,gradual_group_mag2.0,lr,per_subgroup_ewma[maj_pos],AOD_star,-0.25112781954887214,0.5796805564732124,-0.26514963289214005,0.5555645595747786,3
lsac,gradual_group_mag2.0,lr,per_subgroup_ewma[maj_pos],BalAcc,0.017042606516290734,0.19211012685389295,0.06916331405591053,0.2372957108555814,3
lsac,gradual_group_mag2.0,lr,per_subgroup_baseline_relative[maj_pos],DI_star,0.10726817042606514,0.34503623862907384,0.09760526605526702,0.3142681073395932,3
lsac,gradual_group_mag2.0,lr,per_subgroup_baseline_relative[maj_pos],AOD_star,0.11679197994987467,0.21729655740043094,0.11339837756409736,0.23602978121080714,3
lsac,gradual_group_mag2.0,lr,per_subgroup_baseline_relative[maj_pos],BalAcc,0.02756892230576441,0.24106888605817162,0.04598738897772802,0.2530381042678717,3
lsac,gradual_group_mag2.0,xgb,global_mean,DI_star,0.12581453634085213,0.27505326512132683,0.16910788936490764,0.1271613187225084,3
lsac,gradual_group_mag2.0,xgb,global_mean,AOD_star,-0.43107769423558895,0.15839440372290334,-0.4538773966771467,0.1313037234449875,3
lsac,gradual_group_mag2.0,xgb,global_mean,BalAcc,-0.1518796992481203,0.17207371022396264,-0.2641775673548152,0.1926715173885223,3
lsac,gradual_group_mag2.0,xgb,global_ewma,DI_star,-0.009523809523809526,0.453188831458879,0.10990105310095227,0.2310497133549347,3
lsac,gradual_group_mag2.0,xgb,global_ewma,AOD_star,-0.6030075187969924,0.15247161265584883,-0.5403407439895345,0.12024044694826114,3
lsac,gradual_group_mag2.0,xgb,global_ewma,BalAcc,-0.24561403508771928,0.14488903671289957,-0.26920494102469156,0.1519216790541622,3
lsac,gradual_group_mag2.0,xgb,global_std,DI_star,0.22355889724310773,0.18354216979255808,0.21894026897699712,0.0788040996076738,3
lsac,gradual_group_mag2.0,xgb,global_std,AOD_star,-0.3604010025062656,0.15543535552699417,-0.42499551447925094,0.12651693927444121,3
lsac,gradual_group_mag2.0,xgb,global_std,BalAcc,-0.16541353383458646,0.2279274664371763,-0.2572966775682099,0.23635752303892626,3
lsac,gradual_group_mag2.0,xgb,subgroup_violation_diff,DI_star,0.017042606516290727,0.08573919818533506,0.05013819718453976,0.10487415072137633,3
lsac,gradual_group_mag2.0,xgb,subgroup_violation_diff,AOD_star,-0.11679197994987467,0.4839401062056197,-0.1123498495011336,0.4307769713182281,3
lsac,gradual_group_mag2.0,xgb,subgroup_violation_diff,BalAcc,-0.14536340852130325,0.14340395721661067,-0.15923053725913627,0.12756487069338057,3
lsac,gradual_group_mag2.0,xgb,max_subgroup_deviation,DI_star,0.17343358395989972,0.11752649085327996,0.21523694495333093,0.04641289875656676,3
lsac,gradual_group_mag2.0,xgb,max_subgroup_deviation,AOD_star,-0.33934837092731823,0.059726997879217876,-0.3978210114723988,0.036996639676186216,3
lsac,gradual_group_mag2.0,xgb,max_subgroup_deviation,BalAcc,-0.14736842105263157,0.30721869529359264,-0.2149862420864269,0.2539397420602067,3
lsac,gradual_group_mag2.0,xgb,assignment_proportion_drift,DI_star,0.19849624060150375,0.21772165101251373,0.24105391965976572,0.21599131276707337,3
lsac,gradual_group_mag2.0,xgb,assignment_proportion_drift,AOD_star,0.11478696741854637,0.05526983518330038,0.1258786169804516,0.1415093329629405,3
lsac,gradual_group_mag2.0,xgb,assignment_proportion_drift,BalAcc,-0.2796992481203007,0.11825962661901905,-0.2796109676380387,0.10244141890480209,3
lsac,gradual_group_mag2.0,xgb,ks_statistic,DI_star,0.2696741854636591,0.05850291930011602,0.3642834835147261,0.029314284753361727,3
lsac,gradual_group_mag2.0,xgb,ks_statistic,AOD_star,-0.42406015037593986,0.09211881645460843,-0.47228844351588367,0.05698868270002923,3
lsac,gradual_group_mag2.0,xgb,ks_statistic,BalAcc,-0.5478696741854636,0.1157167582978102,-0.545203861696016,0.11552498216764237,3
lsac,gradual_group_mag2.0,xgb,kl_divergence,DI_star,0.2847117794486215,0.1172310955088712,0.2644146468174548,0.04637960427290444,3
lsac,gradual_group_mag2.0,xgb,kl_divergence,AOD_star,-0.5172932330827068,0.08973131124592576,-0.5845325551414088,0.041902182007322035,3
lsac,gradual_group_mag2.0,xgb,kl_divergence,BalAcc,-0.5097744360902255,0.10056092329203299,-0.4579804426448409,0.12069147555656946,3
lsac,gradual_group_mag2.0,xgb,per_subgroup_ewma[min_neg],DI_star,0.1588972431077694,0.29403356669494746,0.23849614871744385,0.16425157775210542,3
lsac,gradual_group_mag2.0,xgb,per_subgroup_ewma[min_neg],AOD_star,-0.5042606516290727,0.09926583978930993,-0.5053318691844588,0.11033866683777267,3
lsac,gradual_group_mag2.0,xgb,per_subgroup_ewma[min_neg],BalAcc,-0.362907268170426,0.0673546948661286,-0.3532481715978979,0.1492578150348924,3
lsac,gradual_group_mag2.0,xgb,per_subgroup_baseline_relative[min_neg],DI_star,0.1418546365914787,0.23144328719682591,0.17693721498266937,0.10411948439356776,3
lsac,gradual_group_mag2.0,xgb,per_subgroup_baseline_relative[min_neg],AOD_star,-0.3979949874686717,0.19725568646537953,-0.4356350474830592,0.14549614607202066,3
lsac,gradual_group_mag2.0,xgb,per_subgroup_baseline_relative[min_neg],BalAcc,-0.18496240601503758,0.236758150374401,-0.3077226899950742,0.1917824337620102,3
lsac,gradual_group_mag2.0,xgb,per_subgroup_ewma[min_pos],DI_star,-0.1333333333333333,0.25793553045722395,-0.17820156421814404,0.25536966699785185,3
lsac,gradual_group_mag2.0,xgb,per_subgroup_ewma[min_pos],AOD_star,-0.4962406015037593,0.12646488396324174,-0.5194505841426081,0.13841978311415115,3
lsac,gradual_group_mag2.0,xgb,per_subgroup_ewma[min_pos],BalAcc,-0.22355889724310773,0.4189606701894081,-0.16633203757066392,0.37700096203348016,3
lsac,gradual_group_mag2.0,xgb,per_subgroup_baseline_relative[min_pos],DI_star,0.08320802005012531,0.14339870089078377,0.14309609665400885,0.1481830075352675,3
lsac,gradual_group_mag2.0,xgb,per_subgroup_baseline_relative[min_pos],AOD_star,-0.3543859649122807,0.021629522817434996,-0.321112899014041,0.08102659372982428,3
lsac,gradual_group_mag2.0,xgb,per_subgroup_baseline_relative[min_pos],BalAcc,-0.2681704260651629,0.20755632704594534,-0.2946029631650948,0.23425032149574368,3
lsac,gradual_group_mag2.0,xgb,per_subgroup_ewma[maj_neg],DI_star,0.10025062656641603,0.3232915618071658,0.1292903185213917,0.31099121215809006,3
lsac,gradual_group_mag2.0,xgb,per_subgroup_ewma[maj_neg],AOD_star,-0.28872180451127816,0.2146955584670646,-0.2076717805585394,0.14593633254340813,3
lsac,gradual_group_mag2.0,xgb,per_subgroup_ewma[maj_neg],BalAcc,-0.04110275689223056,0.23791207834329622,-0.08420959278857963,0.18171673994198106,3
lsac,gradual_group_mag2.0,xgb,per_subgroup_baseline_relative[maj_neg],DI_star,0.1979949874686717,0.190617280551374,0.2077536791681919,0.1431047731218685,3
lsac,gradual_group_mag2.0,xgb,per_subgroup_baseline_relative[maj_neg],AOD_star,-0.013533834586466157,0.37573528268851525,0.025493095215785227,0.360016665174868,3
lsac,gradual_group_mag2.0,xgb,per_subgroup_baseline_relative[maj_neg],BalAcc,0.05964912280701754,0.10830780018902861,0.026382613264044726,0.04245075930274059,3
lsac,gradual_group_mag2.0,xgb,per_subgroup_ewma[maj_pos],DI_star,-0.37142857142857144,0.11729965922888785,-0.42459185996371773,0.3026864933888544,3
lsac,gradual_group_mag2.0,xgb,per_subgroup_ewma[maj_pos],AOD_star,0.011528822055137796,0.4818641031068597,-0.058523154084365224,0.42711128587026476,3
lsac,gradual_group_mag2.0,xgb,per_subgroup_ewma[maj_pos],BalAcc,0.22807017543859645,0.22000958744215282,0.21293353378065263,0.2166675531418408,3
lsac,gradual_group_mag2.0,xgb,per_subgroup_baseline_relative[maj_pos],DI_star,-0.11077694235588971,0.14483179950957756,-0.05927216130300894,0.14746404542606614,3
lsac,gradual_group_mag2.0,xgb,per_subgroup_baseline_relative[maj_pos],AOD_star,-0.09824561403508773,0.32870206870094243,-0.1329338729940751,0.2761639600971811,3
lsac,gradual_group_mag2.0,xgb,per_subgroup_baseline_relative[maj_pos],BalAcc,-0.005012531328320799,0.03712658483637334,0.002985156804210569,0.024345226708472483,3
lsac,gradual_global_mag0.5,lr,global_mean,DI_star,0.3042606516290726,0.16850308301891162,0.3414752404237425,0.1335718489916638,3
lsac,gradual_global_mag0.5,lr,global_mean,AOD_star,-0.03809523809523809,0.03372208158707601,-0.03278770459260783,0.07829551428245415,3
lsac,gradual_global_mag0.5,lr,global_mean,BalAcc,0.08120300751879699,0.15633312984501682,0.008555991442817898,0.1286005811502558,3
lsac,gradual_global_mag0.5,lr,global_ewma,DI_star,0.36541353383458647,0.14661461344404333,0.3956754490500289,0.10503377598496559,3
lsac,gradual_global_mag0.5,lr,global_ewma,AOD_star,-0.019548872180451128,0.05193234044282472,-0.01723956656757877,0.05854708954619042,3
lsac,gradual_global_mag0.5,lr,global_ewma,BalAcc,0.013533834586466167,0.1346403610883538,-0.00859618029543741,0.0744199459589313,3
lsac,gradual_global_mag0.5,lr,global_std,DI_star,0.29473684210526313,0.18502148739551239,0.3019132363492838,0.1252241743198738,3
lsac,gradual_global_mag0.5,lr,global_std,AOD_star,-0.030576441102756886,0.15985338852273231,-0.06162439078808637,0.14658044003065748,3
lsac,gradual_global_mag0.5,lr,global_std,BalAcc,0.0756892230576441,0.18818166854065882,0.034475953727031744,0.15835755079067676,3
lsac,gradual_global_mag0.5,lr,subgroup_violation_diff,DI_star,-0.10776942355889725,0.14507620058258192,-0.15458591480973394,0.05884279837595246,3
lsac,gradual_global_mag0.5,lr,subgroup_violation_diff,AOD_star,0.03709273182957392,0.26343510879317306,0.09101031065967664,0.1612808260165773,3
lsac,gradual_global_mag0.5,lr,subgroup_violation_diff,BalAcc,-0.05964912280701753,0.19634412170165846,-0.01572817273244198,0.2288040746849353,3
lsac,gradual_global_mag0.5,lr,max_subgroup_deviation,DI_star,0.16892230576441103,0.13249211709363293,0.17689458522897797,0.13929907534228625,3
lsac,gradual_global_mag0.5,lr,max_subgroup_deviation,AOD_star,-0.15288220551378448,0.11770593376044954,-0.16308987888338608,0.18121626908313007,3
lsac,gradual_global_mag0.5,lr,max_subgroup_deviation,BalAcc,0.0581453634085213,0.18032716432690385,-0.020389595564590485,0.20355017275592222,3
lsac,gradual_global_mag0.5,lr,assignment_proportion_drift,DI_star,-0.1526889916178011,0.10915603358676959,0.03866022696494252,0.11731870903904228,3
lsac,gradual_global_mag0.5,lr,assignment_proportion_drift,AOD_star,-0.2369311938896914,0.1564510096032356,-0.12807849844921923,0.15759006052269817,3
lsac,gradual_global_mag0.5,lr,assignment_proportion_drift,BalAcc,-0.08399148143179536,0.22744374240719709,-0.053913120660258274,0.23057921857937713,3
lsac,gradual_global_mag0.5,lr,ks_statistic,DI_star,0.36791979949874687,0.1709148232594793,0.3973697272541113,0.13563226000729672,3
lsac,gradual_global_mag0.5,lr,ks_statistic,AOD_star,-0.012030075187969926,0.06915113528212746,-0.0036974957849178988,0.08854136734760631,3
lsac,gradual_global_mag0.5,lr,ks_statistic,BalAcc,4.625929269271485e-18,0.1468663125365358,-0.010402830178579773,0.10123683159555674,3
lsac,gradual_global_mag0.5,lr,kl_divergence,DI_star,0.3929824561403508,0.13261721876427626,0.30277776166202386,0.07036709935495479,3
lsac,gradual_global_mag0.5,lr,kl_divergence,AOD_star,0.010526315789473687,0.085947008518708,0.003305903673422187,0.1346101004221832,3
lsac,gradual_global_mag0.5,lr,kl_divergence,BalAcc,-0.026566416040100255,0.18492504597862627,-0.07804230651791202,0.08452288850879797,3
lsac,gradual_global_mag0.5,lr,per_subgroup_ewma[min_neg],DI_star,0.355889724310777,0.13405874238045085,0.38443715479675383,0.11432476425730337,3
lsac,gradual_global_mag0.5,lr,per_subgroup_ewma[min_neg],AOD_star,-0.022055137844611532,0.051573077160469105,-0.024541060442880135,0.0650226381224301,3
lsac,gradual_global_mag0.5,lr,per_subgroup_ewma[min_neg],BalAcc,0.012531328320801999,0.14226408137709967,0.00502919305148819,0.10189206458253913,3
lsac,gradual_global_mag0.5,lr,per_subgroup_baseline_relative[min_neg],DI_star,0.23157894736842102,0.24038837678304842,0.28196300438128125,0.14621211358311711,3
lsac,gradual_global_mag0.5,lr,per_subgroup_baseline_relative[min_neg],AOD_star,-0.0756892230576441,0.05229874471487716,-0.06697486994967365,0.08504641573012037,3
lsac,gradual_global_mag0.5,lr,per_subgroup_baseline_relative[min_neg],BalAcc,0.05112781954887217,0.13571098795623998,-0.01851018170140382,0.16692991057315174,3
lsac,gradual_global_mag0.5,lr,per_subgroup_ewma[min_pos],DI_star,0.3819548872180451,0.16379706869881222,0.3557417940464223,0.10874304405095442,3
lsac,gradual_global_mag0.5,lr,per_subgroup_ewma[min_pos],AOD_star,-0.042105263157894736,0.12653638691880187,-0.07055845720769276,0.12087938961906572,3
lsac,gradual_global_mag0.5,lr,per_subgroup_ewma[min_pos],BalAcc,-0.06716791979949875,0.21743873278479978,-0.06223486223089205,0.16725579322904996,3
lsac,gradual_global_mag0.5,lr,per_subgroup_baseline_relative[min_pos],DI_star,0.1664605438671054,0.1680464084391976,0.18338403948664941,0.1678696217425032,3
lsac,gradual_global_mag0.5,lr,per_subgroup_baseline_relative[min_pos],AOD_star,-0.15418366163126582,0.1360939817698452,-0.1648245686886396,0.1943151607032895,3
lsac,gradual_global_mag0.5,lr,per_subgroup_baseline_relative[min_pos],BalAcc,-0.021086274076572976,0.2322973746193859,-0.059651569033547895,0.2221669049368402,3
lsac,gradual_global_mag0.5,lr,per_subgroup_ewma[maj_neg],DI_star,0.23709273182957394,0.18611144744522795,0.29310465902103994,0.13405045312402608,3
lsac,gradual_global_mag0.5,lr,per_subgroup_ewma[maj_neg],AOD_star,-0.0736842105263158,0.07718647240068235,-0.07893638238612115,0.062453293551178735,3
lsac,gradual_global_mag0.5,lr,per_subgroup_ewma[maj_neg],BalAcc,0.031077694235588968,0.02231561833539054,0.02062501154797844,0.04950374362632074,3
lsac,gradual_global_mag0.5,lr,per_subgroup_baseline_relative[maj_neg],DI_star,0.04219401556414524,0.14812478222284808,0.07651446188004388,0.11940523414803121,3
lsac,gradual_global_mag0.5,lr,per_subgroup_baseline_relative[maj_neg],AOD_star,-0.028971916511231547,0.12057105518039779,-0.08547258822938082,0.12922478276599353,3
lsac,gradual_global_mag0.5,lr,per_subgroup_baseline_relative[maj_neg],BalAcc,0.11401700841143571,0.07490834391212679,0.08923573839483846,0.05993074933596585,3
lsac,gradual_global_mag0.5,lr,per_subgroup_ewma[maj_pos],DI_star,0.37343358395989973,0.13904873936373438,0.3666950154490783,0.08563292963005284,3
lsac,gradual_global_mag0.5,lr,per_subgroup_ewma[maj_pos],AOD_star,-0.015037593984962405,0.03818088249131236,-0.03071031676580782,0.05424213307743527,3
lsac,gradual_global_mag0.5,lr,per_subgroup_ewma[maj_pos],BalAcc,0.01854636591478696,0.11910643580684033,0.02379791875954777,0.12520002459138616,3
lsac,gradual_global_mag0.5,lr,per_subgroup_baseline_relative[maj_pos],DI_star,0.3243107769423559,0.10015785180865318,0.18969637608692427,0.06387233814003127,3
lsac,gradual_global_mag0.5,lr,per_subgroup_baseline_relative[maj_pos],AOD_star,-0.011027568922305761,0.07294223464092729,-0.09557808752826041,0.13434625483122323,3
lsac,gradual_global_mag0.5,lr,per_subgroup_baseline_relative[maj_pos],BalAcc,0.0,0.1137767323178581,0.004104557335316968,0.2194102077325677,3
lsac,gradual_global_mag0.5,xgb,global_mean,DI_star,0.5283208020050125,0.06375577297742199,0.6238233032119028,0.0798683647353934,3
lsac,gradual_global_mag0.5,xgb,global_mean,AOD_star,0.0957393483709273,0.03994330188097551,0.09135641727621673,0.0703059381017705,3
lsac,gradual_global_mag0.5,xgb,global_mean,BalAcc,-0.5027568922305764,0.1365102883485614,-0.7832845895758812,0.042471188031946404,3
lsac,gradual_global_mag0.5,xgb,global_ewma,DI_star,0.5854636591478696,0.07004283927836616,0.5995103445733512,0.06244381684841254,3
lsac,gradual_global_mag0.5,xgb,global_ewma,AOD_star,0.14786967418546365,0.024810764252159567,0.13951712221789966,0.04124265240241132,3
lsac,gradual_global_mag0.5,xgb,global_ewma,BalAcc,-0.5533834586466165,0.13058197304990066,-0.6653477163837949,0.043554707467677964,3
lsac,gradual_global_mag0.5,xgb,global_std,DI_star,0.4957393483709273,0.05261486785663213,0.630293685198089,0.07435559704362431,3
lsac,gradual_global_mag0.5,xgb,global_std,AOD_star,0.06265664160401002,0.05992858021986504,0.06775490368867275,0.08817115697381243,3
lsac,gradual_global_mag0.5,xgb,global_std,BalAcc,-0.5142857142857142,0.06453913904924793,-0.8269935692691442,0.05825039376574901,3
lsac,gradual_global_mag0.5,xgb,subgroup_violation_diff,DI_star,-0.47268170426065154,0.2295728403953293,-0.6433116802428954,0.08151165643068974,3
lsac,gradual_global_mag0.5,xgb,subgroup_violation_diff,AOD_star,-0.025062656641604012,0.18669778376274104,-0.04009637590369745,0.07050961915492451,3
lsac,gradual_global_mag0.5,xgb,subgroup_violation_diff,BalAcc,0.5047619047619047,0.10682926156989148,0.9621833157562,0.0045319060960366565,3
lsac,gradual_global_mag0.5,xgb,max_subgroup_deviation,DI_star,0.43057644110275684,0.13691277655864542,0.523435382746812,0.1844814301808212,3
lsac,gradual_global_mag0.5,xgb,max_subgroup_deviation,AOD_star,0.035588972431077705,0.18718566552068966,-0.010147148178217194,0.21525150614332594,3
lsac,gradual_global_mag0.5,xgb,max_subgroup_deviation,BalAcc,-0.4606516290726817,0.02055749038036081,-0.8062152091742188,0.11940736241300633,3
lsac,gradual_global_mag0.5,xgb,assignment_proportion_drift,DI_star,0.2885796869492432,0.0915979002926322,0.5410915230419054,0.11550198221393113,3
lsac,gradual_global_mag0.5,xgb,assignment_proportion_drift,AOD_star,-0.10053905687805949,0.09508304824456477,-0.012150453546273607,0.11923442871766718,3
lsac,gradual_global_mag0.5,xgb,assignment_proportion_drift,BalAcc,-0.49015924238555203,0.0571918362544784,-0.9070089100902171,0.04417005030026986,3
lsac,gradual_global_mag0.5,xgb,ks_statistic,DI_star,0.5283208020050125,0.06417997821621743,0.5988857320472001,0.047478425096421174,3
lsac,gradual_global_mag0.5,xgb,ks_statistic,AOD_star,0.11027568922305764,0.02063069235815206,0.08048334998415306,0.04224225482472602,3
lsac,gradual_global_mag0.5,xgb,ks_statistic,BalAcc,-0.5358395989974937,0.13116559970180736,-0.741434890828255,0.02552717870278159,3
lsac,gradual_global_mag0.5,xgb,kl_divergence,DI_star,0.5919799498746867,0.050703433048227706,0.37831886462291003,0.05743308886718947,3
lsac,gradual_global_mag0.5,xgb,kl_divergence,AOD_star,0.15939849624060148,0.053420510280696575,0.09794639537129472,0.0894923289821403,3
lsac,gradual_global_mag0.5,xgb,kl_divergence,BalAcc,-0.556390977443609,0.1468663125365358,-0.33364765026031656,0.030197998723613027,3
lsac,gradual_global_mag0.5,xgb,per_subgroup_ewma[min_neg],DI_star,0.5834586466165413,0.06352678995809867,0.6295691541521672,0.05230053883795107,3
lsac,gradual_global_mag0.5,xgb,per_subgroup_ewma[min_neg],AOD_star,0.16290726817042606,0.03642975901876014,0.1380366940475998,0.054959377660196124,3
lsac,gradual_global_mag0.5,xgb,per_subgroup_ewma[min_neg],BalAcc,-0.5428571428571428,0.13321644866376003,-0.7286312906864736,0.030930774776143085,3
lsac,gradual_global_mag0.5,xgb,per_subgroup_baseline_relative[min_neg],DI_star,0.5152882205513785,0.02724346514626804,0.6389129074107689,0.05674618928430997,3
lsac,gradual_global_mag0.5,xgb,per_subgroup_baseline_relative[min_neg],AOD_star,0.11127819548872177,0.08293884050007623,0.08125489302796825,0.07613116539939103,3
lsac,gradual_global_mag0.5,xgb,per_subgroup_baseline_relative[min_neg],BalAcc,-0.45914786967418536,0.16328239054838958,-0.8454951929497064,0.027823365671280076,3
lsac,gradual_global_mag0.5,xgb,per_subgroup_ewma[min_pos],DI_star,0.4781954887218045,0.09391777046771056,0.5628295554330475,0.08298889908117535,3
lsac,gradual_global_mag0.5,xgb,per_subgroup_ewma[min_pos],AOD_star,0.11929824561403507,0.049969683210352285,0.10977642578489928,0.08002400036411812,3
lsac,gradual_global_mag0.5,xgb,per_subgroup_ewma[min_pos],BalAcc,-0.4982456140350877,0.16140662211539877,-0.6633397629451613,0.12468915683978786,3
lsac,gradual_global_mag0.5,xgb,per_subgroup_baseline_relative[min_pos],DI_star,0.24548345417146958,0.29058451038611294,0.45245749747275527,0.2674834194513646,3
lsac,gradual_global_mag0.5,xgb,per_subgroup_baseline_relative[min_pos],AOD_star,0.04201787148245747,0.18253978638262383,0.02667012206664765,0.2141848745404223,3
lsac,gradual_global_mag0.5,xgb,per_subgroup_baseline_relative[min_pos],BalAcc,-0.24768666266281736,0.22485074047739986,-0.6511091203033775,0.2555939851425414,3
lsac,gradual_global_mag0.5,xgb,per_subgroup_ewma[maj_neg],DI_star,0.5157894736842105,0.04542913307417423,0.5492796827465253,0.06655652812365492,3
lsac,gradual_global_mag0.5,xgb,per_subgroup_ewma[maj_neg],AOD_star,0.1363408521303258,0.12370090514099492,0.13852085023854918,0.0972761328382611,3
lsac,gradual_global_mag0.5,xgb,per_subgroup_ewma[maj_neg],BalAcc,-0.5899749373433584,0.09864121671550566,-0.6654997743848591,0.06911551071321205,3
lsac,gradual_global_mag0.5,xgb,per_subgroup_baseline_relative[maj_neg],DI_star,0.24012158876817705,0.19215709660989894,0.3022144553965398,0.22218402925871114,3
lsac,gradual_global_mag0.5,xgb,per_subgroup_baseline_relative[maj_neg],AOD_star,-0.011291129029580155,0.11339568102998782,0.006757630965299725,0.1772610463980223,3
lsac,gradual_global_mag0.5,xgb,per_subgroup_baseline_relative[maj_neg],BalAcc,-0.5407847702981506,0.1209017294272607,-0.514194392891386,0.06888792054417005,3
lsac,gradual_global_mag0.5,xgb,per_subgroup_ewma[maj_pos],DI_star,0.5839598997493733,0.08137300810125513,0.6616768623622665,0.04542149363122638,3
lsac,gradual_global_mag0.5,xgb,per_subgroup_ewma[maj_pos],AOD_star,0.15338345864661654,0.03248491578149303,0.1359957830485705,0.06042219857935358,3
lsac,gradual_global_mag0.5,xgb,per_subgroup_ewma[maj_pos],BalAcc,-0.556390977443609,0.12294708395221367,-0.7967094186621075,0.026939319808373514,3
lsac,gradual_global_mag0.5,xgb,per_subgroup_baseline_relative[maj_pos],DI_star,0.5197994987468672,0.11797458636341634,0.6597767745390537,0.08566803987544966,3
lsac,gradual_global_mag0.5,xgb,per_subgroup_baseline_relative[maj_pos],AOD_star,0.07869674185463658,0.0675223506980833,0.04889263047820868,0.08510695606799654,3
lsac,gradual_global_mag0.5,xgb,per_subgroup_baseline_relative[maj_pos],BalAcc,-0.47919799498746857,0.042361079897336514,-0.9589604152725443,0.011511716774668647,3
lsac,gradual_global_mag1.0,lr,global_mean,DI_star,0.7408521303258145,0.07553137950725038,0.7542134149451797,0.08910306010056715,3
lsac,gradual_global_mag1.0,lr,global_mean,AOD_star,0.2887218045112782,0.14026671303891486,0.37565647124738827,0.17153899249317692,3
lsac,gradual_global_mag1.0,lr,global_mean,BalAcc,-0.33934837092731823,0.21495286668216665,-0.45095955263894116,0.1253189243957679,3
lsac,gradual_global_mag1.0,lr,global_ewma,DI_star,0.744360902255639,0.07314518199708454,0.7581420331077829,0.07905399993409656,3
lsac,gradual_global_mag1.0,lr,global_ewma,AOD_star,0.2721804511278195,0.16379706869881222,0.37857790940116515,0.17360932339281956,3
lsac,gradual_global_mag1.0,lr,global_ewma,BalAcc,-0.3804511278195488,0.21591387784418123,-0.4691956729280305,0.10327419035324335,3
lsac,gradual_global_mag1.0,lr,global_std,DI_star,0.7308270676691729,0.09147835341714679,0.7086800579146507,0.06791382963258637,3
lsac,gradual_global_mag1.0,lr,global_std,AOD_star,0.28370927318295736,0.15955132094777777,0.29595200297047775,0.1436942684263311,3
lsac,gradual_global_mag1.0,lr,global_std,BalAcc,-0.35388471177944864,0.2297861579412851,-0.3777744185896748,0.16790332849615364,3
lsac,gradual_global_mag1.0,lr,subgroup_violation_diff,DI_star,-0.04411027568922305,0.11239923925451546,-0.10775491872527408,0.18303863343085433,3
lsac,gradual_global_mag1.0,lr,subgroup_violation_diff,AOD_star,0.12080200501253131,0.18290863496955925,0.09986453470814344,0.1846503124703459,3
lsac,gradual_global_mag1.0,lr,subgroup_violation_diff,BalAcc,-0.11228070175438594,0.17374477709427813,-0.028455696298989724,0.18543098905524957,3
lsac,gradual_global_mag1.0,lr,max_subgroup_deviation,DI_star,0.6641604010025062,0.14287209172984092,0.5585297002373907,0.1389302772908864,3
lsac,gradual_global_mag1.0,lr,max_subgroup_deviation,AOD_star,0.2802005012531328,0.24519835931974368,0.16540266841438642,0.23501679789269841,3
lsac,gradual_global_mag1.0,lr,max_subgroup_deviation,BalAcc,-0.30977443609022554,0.17101035033363227,-0.3144423365951116,0.1897028183586165,3
lsac,gradual_global_mag1.0,lr,assignment_proportion_drift,DI_star,0.005752249722994522,0.3489839537035332,0.06656307858791884,0.34087885002134327,3
lsac,gradual_global_mag1.0,lr,assignment_proportion_drift,AOD_star,-0.02281917884843407,0.16045791805923665,-0.01323866626673297,0.14092422803659624,3
lsac,gradual_global_mag1.0,lr,assignment_proportion_drift,BalAcc,0.045900202831069846,0.2980693768216425,0.008483317163014278,0.3829858076378005,3
lsac,gradual_global_mag1.0,lr,ks_statistic,DI_star,0.7508771929824561,0.06707433723141211,0.7365649300934254,0.08020032360669113,3
lsac,gradual_global_mag1.0,lr,ks_statistic,AOD_star,0.28771929824561404,0.1500765608012173,0.31443065401941683,0.14769021186507292,3
lsac,gradual_global_mag1.0,lr,ks_statistic,BalAcc,-0.3739348370927318,0.2330271850221897,-0.39841211822310457,0.18034656896645346,3
lsac,gradual_global_mag1.0,lr,kl_divergence,DI_star,0.7132832080200501,0.10764462086410724,0.7438894348824935,0.06886801200825172,3
lsac,gradual_global_mag1.0,lr,kl_divergence,AOD_star,0.25162907268170426,0.16662727783750456,0.43067064502759916,0.18303208261732773,3
lsac,gradual_global_mag1.0,lr,kl_divergence,BalAcc,-0.38847117794486213,0.2313455626155408,-0.4810705352582223,0.05541570904066642,3
lsac,gradual_global_mag1.0,lr,per_subgroup_ewma[min_neg],DI_star,0.7333333333333333,0.06776749563480938,0.7519091862187982,0.08300329181476149,3
lsac,gradual_global_mag1.0,lr,per_subgroup_ewma[min_neg],AOD_star,0.27418546365914787,0.16582920355891848,0.3753630579719811,0.1861093893765506,3
lsac,gradual_global_mag1.0,lr,per_subgroup_ewma[min_neg],BalAcc,-0.3724310776942355,0.22166159393201953,-0.4629792993634559,0.11137921406369035,3
lsac,gradual_global_mag1.0,lr,per_subgroup_baseline_relative[min_neg],DI_star,0.7112781954887217,0.09761703679469162,0.7305709049570032,0.09862095602023406,3
lsac,gradual_global_mag1.0,lr,per_subgroup_baseline_relative[min_neg],AOD_star,0.25363408521303255,0.15955132094777777,0.36015726993487873,0.18251883983293118,3
lsac,gradual_global_mag1.0,lr,per_subgroup_baseline_relative[min_neg],BalAcc,-0.34486215538847115,0.22385428410111768,-0.44427414053422565,0.12769781022536636,3
lsac,gradual_global_mag1.0,lr,per_subgroup_ewma[min_pos],DI_star,0.7293233082706766,0.11076900367340088,0.7091731634888324,0.09341633474945789,3
lsac,gradual_global_mag1.0,lr,per_subgroup_ewma[min_pos],AOD_star,0.2576441102756892,0.2120685840475257,0.27686304523924965,0.18440310181771963,3
lsac,gradual_global_mag1.0,lr,per_subgroup_ewma[min_pos],BalAcc,-0.4035087719298245,0.19015009680500833,-0.4394707277093544,0.1294665729053601,3
lsac,gradual_global_mag1.0,lr,per_subgroup_baseline_relative[min_pos],DI_star,0.6251748304827264,0.23316838859601038,0.5334703769562711,0.1953980985786154,3
lsac,gradual_global_mag1.0,lr,per_subgroup_baseline_relative[min_pos],AOD_star,0.2626792995836169,0.31327252271743905,0.15003414864696332,0.26916053080787455,3
lsac,gradual_global_mag1.0,lr,per_subgroup_baseline_relative[min_pos],BalAcc,-0.36070274345518505,0.12064751357174859,-0.33845494314024344,0.14581836016230143,3
lsac,gradual_global_mag1.0,lr,per_subgroup_ewma[maj_neg],DI_star,0.6546365914786967,0.11161861722662901,0.7010540058406812,0.09499173773683978,3
lsac,gradual_global_mag1.0,lr,per_subgroup_ewma[maj_neg],AOD_star,0.1964912280701754,0.22509335490691657,0.29192023140422196,0.17949017075621185,3
lsac,gradual_global_mag1.0,lr,per_subgroup_ewma[maj_neg],BalAcc,-0.3604010025062656,0.16566093748642313,-0.4194096880315315,0.06755386407949142,3
lsac,gradual_global_mag1.0,lr,per_subgroup_baseline_relative[maj_neg],DI_star,0.5249426117234811,0.035208136262668735,0.4645716623259029,0.035571217666197516,3
lsac,gradual_global_mag1.0,lr,per_subgroup_baseline_relative[maj_neg],AOD_star,0.20098433511582514,0.08612192589421559,0.17915770245301635,0.0843336282112728,3
lsac,gradual_global_mag1.0,lr,per_subgroup_baseline_relative[maj_neg],BalAcc,-0.19538182902523335,0.19500348857990396,-0.222595694258092,0.08574528444908812,3
lsac,gradual_global_mag1.0,lr,per_subgroup_ewma[maj_pos],DI_star,0.7503759398496239,0.06551284484448709,0.7012352980735975,0.0617844650703257,3
lsac,gradual_global_mag1.0,lr,per_subgroup_ewma[maj_pos],AOD_star,0.2771929824561403,0.15364042229568023,0.27497707891349815,0.12834043025056951,3
lsac,gradual_global_mag1.0,lr,per_subgroup_ewma[maj_pos],BalAcc,-0.37744360902255636,0.20351741404172216,-0.3571483619588805,0.18494699182261112,3
lsac,gradual_global_mag1.0,lr,per_subgroup_baseline_relative[maj_pos],DI_star,0.6751879699248121,0.0673285775482065,0.5231503973979175,0.0357243532403385,3
lsac,gradual_global_mag1.0,lr,per_subgroup_baseline_relative[maj_pos],AOD_star,0.2526315789473684,0.06915113528212746,0.16006888943715603,0.1114732335631416,3
lsac,gradual_global_mag1.0,lr,per_subgroup_baseline_relative[maj_pos],BalAcc,-0.3348370927318296,0.2275611936019905,-0.2666208602114693,0.244638118963721,3
lsac,gradual_global_mag1.0,xgb,global_mean,DI_star,0.8325814536340852,0.07180702624768918,0.8111571022740202,0.058350171864163594,3
lsac,gradual_global_mag1.0,xgb,global_mean,AOD_star,0.6365914786967418,0.09795106990432213,0.6572142195435445,0.11040450548476015,3
lsac,gradual_global_mag1.0,xgb,global_mean,BalAcc,-0.6656641604010024,0.16411122491354677,-0.6668457909354074,0.05676817336810516,3
lsac,gradual_global_mag1.0,xgb,global_ewma,DI_star,0.8496240601503758,0.06633607518830915,0.7933883496540727,0.05818977366271895,3
lsac,gradual_global_mag1.0,xgb,global_ewma,AOD_star,0.656641604010025,0.09094395152554625,0.6804022675119213,0.1137934428863463,3
lsac,gradual_global_mag1.0,xgb,global_ewma,BalAcc,-0.6827067669172932,0.14417803789896597,-0.6020956600790781,0.05101786006964972,3
lsac,gradual_global_mag1.0,xgb,global_std,DI_star,0.832080200501253,0.0737234137778456,0.8478292034181342,0.06436331063912329,3
lsac,gradual_global_mag1.0,xgb,global_std,AOD_star,0.638095238095238,0.09635279592351421,0.626764069093565,0.1024832722767937,3
lsac,gradual_global_mag1.0,xgb,global_std,BalAcc,-0.6431077694235589,0.17070300365050675,-0.779046227455984,0.0744180102680332,3
lsac,gradual_global_mag1.0,xgb,subgroup_violation_diff,DI_star,-0.2611528822055138,0.1731232827560093,-0.511029962419811,0.16242599317441608,3
lsac,gradual_global_mag1.0,xgb,subgroup_violation_diff,AOD_star,-0.01904761904761905,0.196013690083009,-0.12228830548714024,0.14736122999771661,3
lsac,gradual_global_mag1.0,xgb,subgroup_violation_diff,BalAcc,0.3538847117794486,0.16422142010067317,0.8353975833930721,0.12761090531885325,3
lsac,gradual_global_mag1.0,xgb,max_subgroup_deviation,DI_star,0.7583959899749373,0.02106456279644182,0.7989375211862834,0.046206710688081576,3
lsac,gradual_global_mag1.0,xgb,max_subgroup_deviation,AOD_star,0.5669172932330827,0.05626552461314196,0.49945592761146945,0.07529666950818686,3
lsac,gradual_global_mag1.0,xgb,max_subgroup_deviation,BalAcc,-0.6671679197994987,0.12216804769636154,-0.8721588369037917,0.07539612291392947,3
lsac,gradual_global_mag1.0,xgb,assignment_proportion_drift,DI_star,0.27897555625103515,0.22973659821826142,0.40466561384533256,0.2739065205442112,3
lsac,gradual_global_mag1.0,xgb,assignment_proportion_drift,AOD_star,-0.005527736965625844,0.30342742557750924,0.06345149589161325,0.33179612409378084,3
lsac,gradual_global_mag1.0,xgb,assignment_proportion_drift,BalAcc,-0.4579530922493266,0.16093427930912138,-0.7298562837249186,0.11754152075802132,3
lsac,gradual_global_mag1.0,xgb,ks_statistic,DI_star,0.8496240601503758,0.06756326995686907,0.8489167670563621,0.056746662621355984,3
lsac,gradual_global_mag1.0,xgb,ks_statistic,AOD_star,0.6676691729323307,0.09468511138850591,0.6384118940423072,0.10758075237839546,3
lsac,gradual_global_mag1.0,xgb,ks_statistic,BalAcc,-0.6796992481203007,0.13831861996089137,-0.7650382153848705,0.0238558159539469,3
lsac,gradual_global_mag1.0,xgb,kl_divergence,DI_star,0.8250626566416038,0.06862959030694663,0.7141431763339826,0.053554703080986144,3
lsac,gradual_global_mag1.0,xgb,kl_divergence,AOD_star,0.6265664160401002,0.06394465606642413,0.6568205281084444,0.10209116932886629,3
lsac,gradual_global_mag1.0,xgb,kl_divergence,BalAcc,-0.6832080200501253,0.1412858225646365,-0.48791886363122167,0.04743684922556519,3
lsac,gradual_global_mag1.0,xgb,per_subgroup_ewma[min_neg],DI_star,0.8471177944862154,0.06351887926882596,0.7990335568459942,0.06150575710181951,3
lsac,gradual_global_mag1.0,xgb,per_subgroup_ewma[min_neg],AOD_star,0.657644110275689,0.07867918007198846,0.6709442791315198,0.11771689808477384,3
lsac,gradual_global_mag1.0,xgb,per_subgroup_ewma[min_neg],BalAcc,-0.6736842105263157,0.14808785568854352,-0.6225133564765432,0.04893696604324167,3
lsac,gradual_global_mag1.0,xgb,per_subgroup_baseline_relative[min_neg],DI_star,0.8165413533834585,0.06510890378397799,0.7997627893574447,0.05501728476046921,3
lsac,gradual_global_mag1.0,xgb,per_subgroup_baseline_relative[min_neg],AOD_star,0.6110275689223057,0.08212906770083614,0.6339155457815248,0.10647597917876422,3
lsac,gradual_global_mag1.0,xgb,per_subgroup_baseline_relative[min_neg],BalAcc,-0.6350877192982455,0.17554883754414535,-0.6718077304980395,0.05735539240350552,3
lsac,gradual_global_mag1.0,xgb,per_subgroup_ewma[min_pos],DI_star,0.8190476190476191,0.03609718674163175,0.8289110955865233,0.03878129514282132,3
lsac,gradual_global_mag1.0,xgb,per_subgroup_ewma[min_pos],AOD_star,0.6486215538847118,0.09027845845802532,0.6613400287359154,0.08960323321283337,3
lsac,gradual_global_mag1.0,xgb,per_subgroup_ewma[min_pos],BalAcc,-0.6451127819548872,0.15222918177255654,-0.7020142645037705,0.09244312339560114,3
lsac,gradual_global_mag1.0,xgb,per_subgroup_baseline_relative[min_pos],DI_star,0.6396883847834376,0.11085421468072162,0.7238028148411245,0.09677227670553527,3
lsac,gradual_global_mag1.0,xgb,per_subgroup_baseline_relative[min_pos],AOD_star,0.5210447585223111,0.06650291952226922,0.47978911125045715,0.07007337769067158,3
lsac,gradual_global_mag1.0,xgb,per_subgroup_baseline_relative[min_pos],BalAcc,-0.5361462261318587,0.20156076168867287,-0.7485521338617556,0.17293244180721073,3
lsac,gradual_global_mag1.0,xgb,per_subgroup_ewma[maj_neg],DI_star,0.7789473684210525,0.05874293228458532,0.7959855354687887,0.06285623975466288,3
lsac,gradual_global_mag1.0,xgb,per_subgroup_ewma[maj_neg],AOD_star,0.5984962406015037,0.04929640442363603,0.6203108949218564,0.09613535882444285,3
lsac,gradual_global_mag1.0,xgb,per_subgroup_ewma[maj_neg],BalAcc,-0.6696741854636591,0.12924945920440536,-0.6815194760293241,0.06891510589926099,3
lsac,gradual_global_mag1.0,xgb,per_subgroup_baseline_relative[maj_neg],DI_star,0.5492137214668638,0.1474360451407603,0.6164783007104142,0.13750445752071433,3
lsac,gradual_global_mag1.0,xgb,per_subgroup_baseline_relative[maj_neg],AOD_star,0.39382504577002936,0.1561836654996832,0.39232692062661106,0.16215413707935816,3
lsac,gradual_global_mag1.0,xgb,per_subgroup_baseline_relative[maj_neg],BalAcc,-0.47923304201846567,0.14599491921743302,-0.6584131347147507,0.10395199048377977,3
lsac,gradual_global_mag1.0,xgb,per_subgroup_ewma[maj_pos],DI_star,0.8521303258145362,0.06969762141684342,0.8639983380034276,0.05724771541256221,3
lsac,gradual_global_mag1.0,xgb,per_subgroup_ewma[maj_pos],AOD_star,0.6656641604010024,0.10072070241689356,0.6347980536947618,0.11077632246962157,3
lsac,gradual_global_mag1.0,xgb,per_subgroup_ewma[maj_pos],BalAcc,-0.6812030075187968,0.14174211997567054,-0.804271379485983,0.025054897420517308,3
lsac,gradual_global_mag1.0,xgb,per_subgroup_baseline_relative[maj_pos],DI_star,0.7989974937343357,0.12108972692935943,0.8170004037640783,0.06712918180657015,3
lsac,gradual_global_mag1.0,xgb,per_subgroup_baseline_relative[maj_pos],AOD_star,0.6170426065162907,0.1544624358994585,0.46385021721373976,0.11542338828428211,3
lsac,gradual_global_mag1.0,xgb,per_subgroup_baseline_relative[maj_pos],BalAcc,-0.5964912280701754,0.09926583978930996,-0.9536463276728825,0.01377748467273838,3
lsac,gradual_global_mag2.0,lr,global_mean,DI_star,0.9338345864661651,0.038299150866953464,0.9480034530191758,0.03025572976966669,3
lsac,gradual_global_mag2.0,lr,global_mean,AOD_star,0.801503759398496,0.09954387466728037,0.8514988277865356,0.0875711972201153,3
lsac,gradual_global_mag2.0,lr,global_mean,BalAcc,-0.7944862155388471,0.04464812218875863,-0.8214739652525452,0.05148731443324481,3
lsac,gradual_global_mag2.0,lr,global_ewma,DI_star,0.9328320802005011,0.04189588710569798,0.935904367985887,0.02731511172633912,3
lsac,gradual_global_mag2.0,lr,global_ewma,AOD_star,0.7959899749373432,0.10606449962127557,0.8600771455901084,0.08503761659550817,3
lsac,gradual_global_mag2.0,lr,global_ewma,BalAcc,-0.8010025062656642,0.03971620609431645,-0.8282517288546162,0.05165076410576108,3
lsac,gradual_global_mag2.0,lr,global_std,DI_star,0.6671679197994987,0.1312804825917229,0.6787084163480568,0.09319193023825004,3
lsac,gradual_global_mag2.0,lr,global_std,AOD_star,0.5428571428571428,0.17253741548272622,0.4982759586860757,0.11501104880871571,3
lsac,gradual_global_mag2.0,lr,global_std,BalAcc,-0.4902255639097744,0.1534178545148238,-0.4942943620718969,0.1741284200973701,3
lsac,gradual_global_mag2.0,lr,subgroup_violation_diff,DI_star,0.37894736842105264,0.20266005723780559,0.48753950865073703,0.12665311345864616,3
lsac,gradual_global_mag2.0,lr,subgroup_violation_diff,AOD_star,0.4972431077694235,0.11887839179061685,0.5619128978811339,0.09604904124447104,3
lsac,gradual_global_mag2.0,lr,subgroup_violation_diff,BalAcc,-0.37944862155388465,0.2870889849871843,-0.4498906762124549,0.2844495029913701,3
lsac,gradual_global_mag2.0,lr,max_subgroup_deviation,DI_star,0.8847117794486214,0.026514348181329698,0.8278838027912315,0.056572439258449826,3
lsac,gradual_global_mag2.0,lr,max_subgroup_deviation,AOD_star,0.7363408521303257,0.06420346299283423,0.6787736296511989,0.09218652279360731,3
lsac,gradual_global_mag2.0,lr,max_subgroup_deviation,BalAcc,-0.7739348370927318,0.044782977131212175,-0.688839937788345,0.14366318524403376,3
lsac,gradual_global_mag2.0,lr,assignment_proportion_drift,DI_star,0.7135957723934846,0.17097603050342533,0.7707204203109345,0.11341892804762414,3
lsac,gradual_global_mag2.0,lr,assignment_proportion_drift,AOD_star,0.6216012100985727,0.18174560653042415,0.7012634633591404,0.142429269935614,3
lsac,gradual_global_mag2.0,lr,assignment_proportion_drift,BalAcc,-0.7248804727660486,0.15605689001171216,-0.7478320202221003,0.11870277713892342,3
lsac,gradual_global_mag2.0,lr,ks_statistic,DI_star,0.9288220551378447,0.03183648021694318,0.921591711612011,0.03278046648367373,3
lsac,gradual_global_mag2.0,lr,ks_statistic,AOD_star,0.7974937343358395,0.0914398928926732,0.7853808840467392,0.09454029671386892,3
lsac,gradual_global_mag2.0,lr,ks_statistic,BalAcc,-0.8025062656641603,0.0532980832121096,-0.7610646315577121,0.0655507411670798,3
lsac,gradual_global_mag2.0,lr,kl_divergence,DI_star,0.9203007518796992,0.055415115105829416,0.9445214865970323,0.02155094596224144,3
lsac,gradual_global_mag2.0,lr,kl_divergence,AOD_star,0.7854636591478696,0.12027777558365108,0.8553599332104805,0.0843691222083962,3
lsac,gradual_global_mag2.0,lr,kl_divergence,BalAcc,-0.813032581453634,0.036923001224466956,-0.8300449547190439,0.043316747219618104,3
lsac,gradual_global_mag2.0,lr,per_subgroup_ewma[min_neg],DI_star,0.9197994987468672,0.04324161769662099,0.9154823782539371,0.022019078039249206,3
lsac,gradual_global_mag2.0,lr,per_subgroup_ewma[min_neg],AOD_star,0.7969924812030075,0.10769129300507237,0.8501644327286174,0.08177848429653753,3
lsac,gradual_global_mag2.0,lr,per_subgroup_ewma[min_neg],BalAcc,-0.7949874686716791,0.042891571860213314,-0.8163540257320735,0.047474267515626695,3
lsac,gradual_global_mag2.0,lr,per_subgroup_baseline_relative[min_neg],DI_star,0.919298245614035,0.046093489453925406,0.9319283497703408,0.024260146703035557,3
lsac,gradual_global_mag2.0,lr,per_subgroup_baseline_relative[min_neg],AOD_star,0.7869674185463658,0.10664565342231794,0.8501932243147166,0.08799984181615615,3
lsac,gradual_global_mag2.0,lr,per_subgroup_baseline_relative[min_neg],BalAcc,-0.8010025062656642,0.03863878163529173,-0.8247002487370027,0.04854973081890442,3
lsac,gradual_global_mag2.0,lr,per_subgroup_ewma[min_pos],DI_star,0.9303258145363408,0.034342241870597805,0.9330071816897788,0.017328612487480962,3
lsac,gradual_global_mag2.0,lr,per_subgroup_ewma[min_pos],AOD_star,0.7974937343358395,0.08018796894564899,0.8102921853809434,0.05693267735111985,3
lsac,gradual_global_mag2.0,lr,per_subgroup_ewma[min_pos],BalAcc,-0.819548872180451,0.025549162781703594,-0.804352417613298,0.03528329015680257,3
lsac,gradual_global_mag2.0,lr,per_subgroup_baseline_relative[min_pos],DI_star,0.8774234897372851,0.059112453464389744,0.7837167961444275,0.04970747377599423,3
lsac,gradual_global_mag2.0,lr,per_subgroup_baseline_relative[min_pos],AOD_star,0.728766280628133,0.058895693793300105,0.6148082220727907,0.03734596669646766,3
lsac,gradual_global_mag2.0,lr,per_subgroup_baseline_relative[min_pos],BalAcc,-0.7893093822043129,0.03743640433377817,-0.6807592075597731,0.11941466259300965,3
lsac,gradual_global_mag2.0,lr,per_subgroup_ewma[maj_neg],DI_star,0.9243107769423556,0.044343199106960315,0.9340275988565502,0.04239143985683695,3
lsac,gradual_global_mag2.0,lr,per_subgroup_ewma[maj_neg],AOD_star,0.8020050125313283,0.11550812632860266,0.8133473594841641,0.10744937934253114,3
lsac,gradual_global_mag2.0,lr,per_subgroup_ewma[maj_neg],BalAcc,-0.7914786967418546,0.03048179608122464,-0.7731924033902726,0.05695082083692618,3
lsac,gradual_global_mag2.0,lr,per_subgroup_baseline_relative[maj_neg],DI_star,0.7944862155388471,0.1064192392890673,0.7634535632427676,0.1045910930726937,3
lsac,gradual_global_mag2.0,lr,per_subgroup_baseline_relative[maj_neg],AOD_star,0.7303258145363408,0.15330153266057361,0.6482546174706639,0.1486898554653883,3
lsac,gradual_global_mag2.0,lr,per_subgroup_baseline_relative[maj_neg],BalAcc,-0.6300751879699248,0.09911892555667041,-0.5702769724484468,0.13083543475321738,3
lsac,gradual_global_mag2.0,lr,per_subgroup_ewma[maj_pos],DI_star,0.9358395989974936,0.03675932254095054,0.9230394788129898,0.02850570025690178,3
lsac,gradual_global_mag2.0,lr,per_subgroup_ewma[maj_pos],AOD_star,0.7999999999999999,0.09723018801598597,0.794289030465981,0.08582515423389328,3
lsac,gradual_global_mag2.0,lr,per_subgroup_ewma[maj_pos],BalAcc,-0.7984962406015037,0.03984253022403537,-0.761630841944496,0.06745477315735393,3
lsac,gradual_global_mag2.0,lr,per_subgroup_baseline_relative[maj_pos],DI_star,0.9077694235588972,0.032861721108939874,0.8121405206167358,0.04488257807865969,3
lsac,gradual_global_mag2.0,lr,per_subgroup_baseline_relative[maj_pos],AOD_star,0.769423558897243,0.07943241218863277,0.6709066656631709,0.07017473189122539,3
lsac,gradual_global_mag2.0,lr,per_subgroup_baseline_relative[maj_pos],BalAcc,-0.7724310776942355,0.06507802452979439,-0.6628550133896486,0.14948646611669533,3
lsac,gradual_global_mag2.0,xgb,global_mean,DI_star,0.9257846956155209,0.024209401751322208,0.8811637618027109,0.024864904228258856,3
lsac,gradual_global_mag2.0,xgb,global_mean,AOD_star,0.8776424862741902,0.01749640244789977,0.8884703959170649,0.016485587216139037,3
lsac,gradual_global_mag2.0,xgb,global_mean,BalAcc,-0.9062116484398134,0.013857390889113343,-0.6761577689285515,0.02597754345323642,3
lsac,gradual_global_mag2.0,xgb,global_ewma,DI_star,0.9247814338812551,0.023503969047544634,0.8266379195810377,0.028983261691945303,3
lsac,gradual_global_mag2.0,xgb,global_ewma,AOD_star,0.8716236713371964,0.019952719511701234,0.8571415217903983,0.017996735846230044,3
lsac,gradual_global_mag2.0,xgb,global_ewma,BalAcc,-0.9087201805097792,0.011979669999104924,-0.6014593238075122,0.02766320664533573,3
lsac,gradual_global_mag2.0,xgb,global_std,DI_star,0.7422202833947327,0.10601025505556563,0.8680564690789998,0.06127477855943446,3
lsac,gradual_global_mag2.0,xgb,global_std,AOD_star,0.6755181097037831,0.14295599297884443,0.7354214253613858,0.0641282294585801,3
lsac,gradual_global_mag2.0,xgb,global_std,BalAcc,-0.7241789479557866,0.13962665672305238,-0.8533065027126078,0.04800493378213508,3
lsac,gradual_global_mag2.0,xgb,subgroup_violation_diff,DI_star,0.2186687518282728,0.22907352364227315,0.15683850878199,0.19990784706181605,3
lsac,gradual_global_mag2.0,xgb,subgroup_violation_diff,AOD_star,0.3671144705381432,0.26033064537478784,0.40818607673853163,0.17361477472655806,3
lsac,gradual_global_mag2.0,xgb,subgroup_violation_diff,BalAcc,-0.20915929620789678,0.21589461424377865,0.2541091474163098,0.14780472805336026,3
lsac,gradual_global_mag2.0,xgb,max_subgroup_deviation,DI_star,0.8831728910445819,0.0380263017866645,0.8786432960347779,0.0515797961924959,3
lsac,gradual_global_mag2.0,xgb,max_subgroup_deviation,AOD_star,0.8189898259840227,0.08069404736745218,0.7841444139457266,0.0868420381953645,3
lsac,gradual_global_mag2.0,xgb,max_subgroup_deviation,BalAcc,-0.8706309861633552,0.04390570939949941,-0.8399625686279756,0.059997838990325236,3
lsac,gradual_global_mag2.0,xgb,assignment_proportion_drift,DI_star,0.7357198431173905,0.09514175859319228,0.7122908006876969,0.10571392921294832,3
lsac,gradual_global_mag2.0,xgb,assignment_proportion_drift,AOD_star,0.6225942481009004,0.14193792221339283,0.648573577748245,0.1135691740729799,3
lsac,gradual_global_mag2.0,xgb,assignment_proportion_drift,BalAcc,-0.768274856347821,0.1467744718875706,-0.6694260231343198,0.08152005426048486,3
lsac,gradual_global_mag2.0,xgb,ks_statistic,DI_star,0.9237804385527945,0.021675619260554325,0.9452320058313407,0.009321359207496343,3
lsac,gradual_global_mag2.0,xgb,ks_statistic,AOD_star,0.8821560308754842,0.0183400728274427,0.8892258594620133,0.011786248534429814,3
lsac,gradual_global_mag2.0,xgb,ks_statistic,BalAcc,-0.8966863279788003,0.006252002435975651,-0.8084750847448671,0.012384600110141962,3
lsac,gradual_global_mag2.0,xgb,kl_divergence,DI_star,0.9137493321473388,0.021950450544382213,0.8451666861917566,0.04124500981177329,3
lsac,gradual_global_mag2.0,xgb,kl_divergence,AOD_star,0.8645955509171226,0.01123581311378702,0.8730343027577634,0.03210081245576522,3
lsac,gradual_global_mag2.0,xgb,kl_divergence,BalAcc,-0.9011976061742892,0.01776136793565161,-0.619402415808196,0.0338750409533711,3
lsac,gradual_global_mag2.0,xgb,per_subgroup_ewma[min_neg],DI_star,0.9237766612097856,0.020869150087343587,0.7899348541315357,0.05388538550659341,3
lsac,gradual_global_mag2.0,xgb,per_subgroup_ewma[min_neg],AOD_star,0.8791402019238723,0.007048279338074153,0.8262506729180723,0.03721697414745834,3
lsac,gradual_global_mag2.0,xgb,per_subgroup_ewma[min_neg],BalAcc,-0.8996908249013859,0.017262112715218388,-0.5673361764736681,0.03907712179713043,3
lsac,gradual_global_mag2.0,xgb,per_subgroup_baseline_relative[min_neg],DI_star,0.9207683869441915,0.01845077217364732,0.8334832818582142,0.04994947462484742,3
lsac,gradual_global_mag2.0,xgb,per_subgroup_baseline_relative[min_neg],AOD_star,0.8691128728614254,0.018135365570293684,0.8558834716477435,0.03222258785936298,3
lsac,gradual_global_mag2.0,xgb,per_subgroup_baseline_relative[min_neg],BalAcc,-0.9006948421042535,0.016295378525765302,-0.6217287712568694,0.04206793381556439,3
lsac,gradual_global_mag2.0,xgb,per_subgroup_ewma[min_pos],DI_star,0.8826187551096262,0.04433511905619682,0.9139152676881596,0.01994020665212908,3
lsac,gradual_global_mag2.0,xgb,per_subgroup_ewma[min_pos],AOD_star,0.8630978352674404,0.027719437303025243,0.9042572926669744,0.020433293711590143,3
lsac,gradual_global_mag2.0,xgb,per_subgroup_ewma[min_pos],BalAcc,-0.8801041792908465,0.0518253100149559,-0.726964001972196,0.05414680567886551,3
lsac,gradual_global_mag2.0,xgb,per_subgroup_baseline_relative[min_pos],DI_star,0.8220927133919781,0.05023980199836286,0.8670032488959665,0.07409680496851233,3
lsac,gradual_global_mag2.0,xgb,per_subgroup_baseline_relative[min_pos],AOD_star,0.8119138282145437,0.08989330134105443,0.7831062907910594,0.10750124506245204,3
lsac,gradual_global_mag2.0,xgb,per_subgroup_baseline_relative[min_pos],BalAcc,-0.8213326917426288,0.06066822638884304,-0.8134818177945694,0.08829851108428158,3
lsac,gradual_global_mag2.0,xgb,per_subgroup_ewma[maj_neg],DI_star,0.919766636147129,0.02876134910991357,0.9293221117777805,0.025586920989345282,3
lsac,gradual_global_mag2.0,xgb,per_subgroup_ewma[maj_neg],AOD_star,0.8721203916584179,0.022114491528252865,0.902606471026251,0.018051918072354133,3
lsac,gradual_global_mag2.0,xgb,per_subgroup_ewma[maj_neg],BalAcc,-0.8971898475174379,0.006794201879335023,-0.7588410217995237,0.030255869485123717,3
lsac,gradual_global_mag2.0,xgb,per_subgroup_baseline_relative[maj_neg],DI_star,0.7838386473232287,0.07241550852646884,0.8573222811588425,0.06543708115113946,3
lsac,gradual_global_mag2.0,xgb,per_subgroup_baseline_relative[maj_neg],AOD_star,0.7276665667647618,0.13710759689161836,0.7594507588370321,0.11385536917901735,3
lsac,gradual_global_mag2.0,xgb,per_subgroup_baseline_relative[maj_neg],BalAcc,-0.7456776834596374,0.1271040868459545,-0.7998350881656918,0.0276982227253101,3
lsac,gradual_global_mag2.0,xgb,per_subgroup_ewma[maj_pos],DI_star,0.9262867042169548,0.02019076756098975,0.9256844479305849,0.029582922700077004,3
lsac,gradual_global_mag2.0,xgb,per_subgroup_ewma[maj_pos],AOD_star,0.8746357229457994,0.027421163792933443,0.8773950100511488,0.020775586949791612,3
lsac,gradual_global_mag2.0,xgb,per_subgroup_ewma[maj_pos],BalAcc,-0.9072156656426812,0.010505520645834585,-0.7860209512700016,0.02262420285718549,3
lsac,gradual_global_mag2.0,xgb,per_subgroup_baseline_relative[maj_pos],DI_star,0.9032290601066792,0.027147320477016287,0.8861215303763714,0.02643352272423384,3
lsac,gradual_global_mag2.0,xgb,per_subgroup_baseline_relative[maj_pos],AOD_star,0.8495745772413991,0.05244717890455947,0.7515597234705824,0.058934208549418436,3
lsac,gradual_global_mag2.0,xgb,per_subgroup_baseline_relative[maj_pos],BalAcc,-0.8711239291415677,0.03560374854149128,-0.8962729465268705,0.05355674898742136,3
lsac,abrupt_global_mag0.5,lr,global_mean,DI_star,0.46466165413533833,0.24687620048867367,0.47167196420898505,0.1292305131848429,3
lsac,abrupt_global_mag0.5,lr,global_mean,AOD_star,0.11679197994987468,0.10479187972797202,0.005416246844352334,0.09476077919174289,3
lsac,abrupt_global_mag0.5,lr,global_mean,BalAcc,0.0807017543859649,0.13378294930930076,-0.023927651017586853,0.26705093965258936,3
lsac,abrupt_global_mag0.5,lr,global_ewma,DI_star,0.2756892230576441,0.1382713830961434,0.3762746921870028,0.13339699105311362,3
lsac,abrupt_global_mag0.5,lr,global_ewma,AOD_star,-0.058646616541353384,0.0524953482168864,-0.04416154718516391,0.04738007901506558,3
lsac,abrupt_global_mag0.5,lr,global_ewma,BalAcc,-0.018045112781954892,0.12364401994970757,-0.03941153406040268,0.18307962517358836,3
lsac,abrupt_global_mag0.5,lr,global_std,DI_star,0.32130325814536337,0.19287762019153867,0.455279103243136,0.09268652396575829,3
lsac,abrupt_global_mag0.5,lr,global_std,AOD_star,-0.03909774436090226,0.14484567727216874,-0.01210359109492718,0.12751025274961836,3
lsac,abrupt_global_mag0.5,lr,global_std,BalAcc,0.10827067669172931,0.20456655599691323,-0.00633701123521498,0.274702753509914,3
lsac,abrupt_global_mag0.5,lr,subgroup_violation_diff,DI_star,-0.3463659147869674,0.016760153882005482,-0.4613840596122101,0.06757914373983663,3
lsac,abrupt_global_mag0.5,lr,subgroup_violation_diff,AOD_star,0.001503759398496211,0.2541427532248651,0.007148804801331556,0.1392522808959966,3
lsac,abrupt_global_mag0.5,lr,subgroup_violation_diff,BalAcc,-0.17042606516290723,0.24210163086156855,0.007108534630633619,0.2797159164954777,3
lsac,abrupt_global_mag0.5,lr,max_subgroup_deviation,DI_star,0.25962819405030807,0.31668134662458425,0.3616242768802251,0.22656365744295773,3
lsac,abrupt_global_mag0.5,lr,max_subgroup_deviation,AOD_star,-0.13037351701784977,0.36552215493209034,-0.09426978285734777,0.21880417936583835,3
lsac,abrupt_global_mag0.5,lr,max_subgroup_deviation,BalAcc,0.028814796064571508,0.19761297568157488,-0.04323474341663109,0.2678506615749024,3
lsac,abrupt_global_mag0.5,lr,assignment_proportion_drift,DI_star,0.5017385907454851,0.086421609354558,0.5027250031504943,0.08874174615545107,3
lsac,abrupt_global_mag0.5,lr,assignment_proportion_drift,AOD_star,0.15331910169555546,0.11336529143961709,0.02268305718340301,0.08893869697260058,3
lsac,abrupt_global_mag0.5,lr,assignment_proportion_drift,BalAcc,0.008155456911218153,0.14719753548450754,-0.04745529693493083,0.2552348119488896,3
lsac,abrupt_global_mag0.5,lr,ks_statistic,DI_star,0.43358395989974935,0.26829734892564844,0.4853228533324005,0.11997158460965654,3
lsac,abrupt_global_mag0.5,lr,ks_statistic,AOD_star,0.060651629072681686,0.14620961888825282,0.007609726953743824,0.10273536263321449,3
lsac,abrupt_global_mag0.5,lr,ks_statistic,BalAcc,-0.05463659147869674,0.21679647089963536,-0.04879859165008293,0.27206758304025935,3
lsac,abrupt_global_mag0.5,lr,kl_divergence,DI_star,0.36741854636591476,0.1831310330617283,0.46614951432651724,0.11741236248402606,3
lsac,abrupt_global_mag0.5,lr,kl_divergence,AOD_star,-0.0681704260651629,0.05803723417557309,-0.010369673488950336,0.09858754963927639,3
lsac,abrupt_global_mag0.5,lr,kl_divergence,BalAcc,-0.12581453634085213,0.22383071239865768,-0.06495851768624815,0.25922868604038546,3
lsac,abrupt_global_mag0.5,lr,per_subgroup_ewma[min_neg],DI_star,0.2922305764411027,0.15330644945435257,0.381565654714011,0.13780146021439585,3
lsac,abrupt_global_mag0.5,lr,per_subgroup_ewma[min_neg],AOD_star,-0.035087719298245605,0.03490824129620079,-0.038908222540834266,0.04756833616016377,3
lsac,abrupt_global_mag0.5,lr,per_subgroup_ewma[min_neg],BalAcc,-0.0656641604010025,0.16065299754264484,-0.03989277886096202,0.18897055647743502,3
lsac,abrupt_global_mag0.5,lr,per_subgroup_baseline_relative[min_neg],DI_star,0.3739348370927318,0.2554808100056223,0.4660437318710775,0.13821203031045418,3
lsac,abrupt_global_mag0.5,lr,per_subgroup_baseline_relative[min_neg],AOD_star,0.02957393483709272,0.0972715251865907,0.005748587535744733,0.08385590863739223,3
lsac,abrupt_global_mag0.5,lr,per_subgroup_baseline_relative[min_neg],BalAcc,0.03157894736842105,0.14200776382349517,-0.034579180902373934,0.25682865399972843,3
lsac,abrupt_global_mag0.5,lr,per_subgroup_ewma[min_pos],DI_star,0.24461152882205509,0.1699728604782619,0.3105354722753641,0.157346700290178,3
lsac,abrupt_global_mag0.5,lr,per_subgroup_ewma[min_pos],AOD_star,-0.08421052631578947,0.05711646930624206,-0.09486912668530596,0.0605986589126347,3
lsac,abrupt_global_mag0.5,lr,per_subgroup_ewma[min_pos],BalAcc,-0.06365914786967418,0.17312763661656153,-0.10260820432387141,0.1805797808451934,3
lsac,abrupt_global_mag0.5,lr,per_subgroup_baseline_relative[min_pos],DI_star,0.1497118109843999,0.4213979258897428,0.2662066913757419,0.3121082470271897,3
lsac,abrupt_global_mag0.5,lr,per_subgroup_baseline_relative[min_pos],AOD_star,-0.1721687905273456,0.3527240563106922,-0.13555297212316417,0.21775947420611222,3
lsac,abrupt_global_mag0.5,lr,per_subgroup_baseline_relative[min_pos],BalAcc,-0.0014834059072974897,0.16328863501565588,-0.06066191597978676,0.23351085827242168,3
lsac,abrupt_global_mag0.5,lr,per_subgroup_ewma[maj_neg],DI_star,0.27669172932330827,0.1290841175555369,0.32114235957212617,0.15434052176529597,3
lsac,abrupt_global_mag0.5,lr,per_subgroup_ewma[maj_neg],AOD_star,-0.14285714285714282,0.08641057382591663,-0.09810169459308403,0.08527380511654951,3
lsac,abrupt_global_mag0.5,lr,per_subgroup_ewma[maj_neg],BalAcc,-0.004010025062656635,0.12154949220805523,-0.05909050310495578,0.1384373626864528,3
lsac,abrupt_global_mag0.5,lr,per_subgroup_baseline_relative[maj_neg],DI_star,0.19906218333722692,0.28645169623839345,0.19670442145001066,0.21320625307008131,3
lsac,abrupt_global_mag0.5,lr,per_subgroup_baseline_relative[maj_neg],AOD_star,-0.09704211119259037,0.2138966321386571,-0.09350574710210346,0.15530723884302977,3
lsac,abrupt_global_mag0.5,lr,per_subgroup_baseline_relative[maj_neg],BalAcc,-0.040947436518602214,0.22286627761154074,-0.12249425930840274,0.15318586382710556,3
lsac,abrupt_global_mag0.5,lr,per_subgroup_ewma[maj_pos],DI_star,0.2942355889724311,0.11334750986280218,0.37734261310127987,0.12701958464755678,3
lsac,abrupt_global_mag0.5,lr,per_subgroup_ewma[maj_pos],AOD_star,-0.031578947368421054,0.04973785085275557,-0.042221962581639204,0.04251364489900524,3
lsac,abrupt_global_mag0.5,lr,per_subgroup_ewma[maj_pos],BalAcc,-0.007017543859649126,0.12420563101116656,-0.03632636754914317,0.1828815164751785,3
lsac,abrupt_global_mag0.5,lr,per_subgroup_baseline_relative[maj_pos],DI_star,0.41353383458646614,0.07557793607897184,0.4749445744718564,0.08444751891675674,3
lsac,abrupt_global_mag0.5,lr,per_subgroup_baseline_relative[maj_pos],AOD_star,0.05463659147869673,0.17975778802709003,-0.0008632811621689616,0.11960630497130562,3
lsac,abrupt_global_mag0.5,lr,per_subgroup_baseline_relative[maj_pos],BalAcc,0.11629072681704263,0.26363532297513553,-0.01398575981924649,0.27643195382860747,3
lsac,abrupt_global_mag0.5,xgb,global_mean,DI_star,0.5984962406015036,0.06123089645564616,0.8713307487729075,0.01755633711019044,3
lsac,abrupt_global_mag0.5,xgb,global_mean,AOD_star,0.4145363408521303,0.041823859739354693,0.4046173338929812,0.12535328200685314,3
lsac,abrupt_global_mag0.5,xgb,global_mean,BalAcc,-0.556390977443609,0.09053414232730884,-0.9622399331542609,0.009464813612742293,3
lsac,abrupt_global_mag0.5,xgb,global_ewma,DI_star,0.5363408521303258,0.037268431670057355,0.7424722352382765,0.008362118320932956,3
lsac,abrupt_global_mag0.5,xgb,global_ewma,AOD_star,0.32531328320802005,0.03561367352046439,0.3454793904506917,0.06304974864486476,3
lsac,abrupt_global_mag0.5,xgb,global_ewma,BalAcc,-0.5784461152882204,0.061492953114713304,-0.8414084583596706,0.024599194532445988,3
lsac,abrupt_global_mag0.5,xgb,global_std,DI_star,0.5624060150375939,0.055740610504813944,0.8715253480305915,0.016914045536690705,3
lsac,abrupt_global_mag0.5,xgb,global_std,AOD_star,0.36942355889724304,0.0496215285043191,0.41178300608343504,0.12416863597818767,3
lsac,abrupt_global_mag0.5,xgb,global_std,BalAcc,-0.5328320802005012,0.0774821261817134,-0.9555385552664832,0.006855540289332227,3
lsac,abrupt_global_mag0.5,xgb,subgroup_violation_diff,DI_star,-0.5528822055137844,0.08263230490223505,-0.8737233432106701,0.023326391705214947,3
lsac,abrupt_global_mag0.5,xgb,subgroup_violation_diff,AOD_star,-0.34686716791979944,0.17444185166067935,-0.41212651858598326,0.15264413394804136,3
lsac,abrupt_global_mag0.5,xgb,subgroup_violation_diff,BalAcc,0.5553884711779449,0.11667682857950984,0.9691076012791583,0.005436187432867139,3
lsac,abrupt_global_mag0.5,xgb,max_subgroup_deviation,DI_star,0.5529210462694795,0.17198085516685957,0.7794290171932673,0.14421089850788368,3
lsac,abrupt_global_mag0.5,xgb,max_subgroup_deviation,AOD_star,0.313037766505972,0.23950475129851964,0.31682153934530694,0.2550341157779667,3
lsac,abrupt_global_mag0.5,xgb,max_subgroup_deviation,BalAcc,-0.6309040892648108,0.049266848781235294,-0.9193851312841413,0.057010492747120965,3
lsac,abrupt_global_mag0.5,xgb,assignment_proportion_drift,DI_star,0.6261910367300036,0.09023257456404812,0.8772921486351888,0.01514834651544037,3
lsac,abrupt_global_mag0.5,xgb,assignment_proportion_drift,AOD_star,0.42743990612882626,0.07867782851130793,0.4115562967144124,0.14361292946644147,3
lsac,abrupt_global_mag0.5,xgb,assignment_proportion_drift,BalAcc,-0.5289073912647284,0.1175996932443727,-0.9658083026317206,0.004068014557919064,3
lsac,abrupt_global_mag0.5,xgb,ks_statistic,DI_star,0.5243107769423558,0.05355204181007249,0.8767067830474197,0.022574524208156223,3
lsac,abrupt_global_mag0.5,xgb,ks_statistic,AOD_star,0.2977443609022556,0.06493501696824022,0.3927540821258521,0.14398123865278573,3
lsac,abrupt_global_mag0.5,xgb,ks_statistic,BalAcc,-0.6912280701754385,0.1050792043445491,-0.9789338297324663,0.003192846202366274,3
lsac,abrupt_global_mag0.5,xgb,kl_divergence,DI_star,0.5067669172932331,0.13617674038711017,0.8534381197212046,0.0009817782552477927,3
lsac,abrupt_global_mag0.5,xgb,kl_divergence,AOD_star,0.2832080200501253,0.07140702308745722,0.3716642783875616,0.10738443246711397,3
lsac,abrupt_global_mag0.5,xgb,kl_divergence,BalAcc,-0.6837092731829574,0.09523545702717107,-0.9644706290651176,0.00883879888211712,3
lsac,abrupt_global_mag0.5,xgb,per_subgroup_ewma[min_neg],DI_star,0.5343358395989974,0.05116220770907439,0.7453596748229079,0.020073343757271118,3
lsac,abrupt_global_mag0.5,xgb,per_subgroup_ewma[min_neg],AOD_star,0.3233082706766917,0.0625221614468078,0.3454126249775005,0.0499941854677783,3
lsac,abrupt_global_mag0.5,xgb,per_subgroup_ewma[min_neg],BalAcc,-0.5654135338345864,0.08294792819423596,-0.8441133564385789,0.02839236387083867,3
lsac,abrupt_global_mag0.5,xgb,per_subgroup_baseline_relative[min_neg],DI_star,0.5408521303258145,0.07687660975913442,0.8609510571798772,0.011004294235404869,3
lsac,abrupt_global_mag0.5,xgb,per_subgroup_baseline_relative[min_neg],AOD_star,0.32982456140350874,0.06045453591227578,0.3919919786961181,0.09265592527908974,3
lsac,abrupt_global_mag0.5,xgb,per_subgroup_baseline_relative[min_neg],BalAcc,-0.4977443609022556,0.1156298740581339,-0.9487846036768618,0.011744448122906604,3
lsac,abrupt_global_mag0.5,xgb,per_subgroup_ewma[min_pos],DI_star,0.5182957393483709,0.05870870479018072,0.6654537435158858,0.08420670291981751,3
lsac,abrupt_global_mag0.5,xgb,per_subgroup_ewma[min_pos],AOD_star,0.29122807017543856,0.09448854228203561,0.27159949029113767,0.15935029786243546,3
lsac,abrupt_global_mag0.5,xgb,per_subgroup_ewma[min_pos],BalAcc,-0.5899749373433584,0.08668346528099172,-0.7908546834142656,0.05167885963075551,3
lsac,abrupt_global_mag0.5,xgb,per_subgroup_baseline_relative[min_pos],DI_star,0.3775483919911013,0.3741906993838172,0.6493996077353904,0.2691807422045741,3
lsac,abrupt_global_mag0.5,xgb,per_subgroup_baseline_relative[min_pos],AOD_star,0.2131777416590488,0.34501372363579563,0.25682115933626654,0.32074710842230764,3
lsac,abrupt_global_mag0.5,xgb,per_subgroup_baseline_relative[min_pos],BalAcc,-0.5224289223976052,0.1381390392145052,-0.8056559869285357,0.1607920600546129,3
lsac,abrupt_global_mag0.5,xgb,per_subgroup_ewma[maj_neg],DI_star,0.4802005012531328,0.06660067964993568,0.6732109620144779,0.07746953181592868,3
lsac,abrupt_global_mag0.5,xgb,per_subgroup_ewma[maj_neg],AOD_star,0.2781954887218045,0.04562780370015146,0.28967882585124155,0.1272156033493183,3
lsac,abrupt_global_mag0.5,xgb,per_subgroup_ewma[maj_neg],BalAcc,-0.5964912280701754,0.03563483225498988,-0.7648975031218038,0.08358462724797346,3
lsac,abrupt_global_mag0.5,xgb,per_subgroup_baseline_relative[maj_neg],DI_star,0.15633892036848618,0.2585125492554429,0.4068937101488183,0.270604861415691,3
lsac,abrupt_global_mag0.5,xgb,per_subgroup_baseline_relative[maj_neg],AOD_star,0.029997852785781987,0.2901015470036123,0.06228709426030029,0.33082048667948194,3
lsac,abrupt_global_mag0.5,xgb,per_subgroup_baseline_relative[maj_neg],BalAcc,-0.40320931559989487,0.26104534439708116,-0.5550615483107856,0.22914695175348374,3
lsac,abrupt_global_mag0.5,xgb,per_subgroup_ewma[maj_pos],DI_star,0.5408521303258146,0.04485025254790486,0.7402798644328218,0.006754782946152536,3
lsac,abrupt_global_mag0.5,xgb,per_subgroup_ewma[maj_pos],AOD_star,0.32982456140350874,0.041751708116208125,0.33807803425321487,0.07342263307096958,3
lsac,abrupt_global_mag0.5,xgb,per_subgroup_ewma[maj_pos],BalAcc,-0.569423558897243,0.06300654180439366,-0.841953771622276,0.019503742105509404,3
lsac,abrupt_global_mag0.5,xgb,per_subgroup_baseline_relative[maj_pos],DI_star,0.5834586466165413,0.1214419555462855,0.8811342084075952,0.019940341519224535,3
lsac,abrupt_global_mag0.5,xgb,per_subgroup_baseline_relative[maj_pos],AOD_star,0.3869674185463659,0.13247504862160198,0.4114204881216948,0.13917019054210675,3
lsac,abrupt_global_mag0.5,xgb,per_subgroup_baseline_relative[maj_pos],BalAcc,-0.5553884711779448,0.15272517511678552,-0.9734202751122775,0.0060913423680408925,3
lsac,abrupt_global_mag1.0,lr,global_mean,DI_star,0.6295739348370927,0.11482089001982534,0.8488304242909003,0.04775466980051659,3
lsac,abrupt_global_mag1.0,lr,global_mean,AOD_star,0.5203007518796993,0.11617615996881456,0.5538829885812943,0.13369847960557105,3
lsac,abrupt_global_mag1.0,lr,global_mean,BalAcc,-0.26165413533834586,0.1203258119261912,-0.4944597059194078,0.16933027827934138,3
lsac,abrupt_global_mag1.0,lr,global_ewma,DI_star,0.475187969924812,0.03539429261936792,0.6812725525218951,0.02796914316246879,3
lsac,abrupt_global_mag1.0,lr,global_ewma,AOD_star,0.34536340852130326,0.16112150210738926,0.39691260266524236,0.13636254268610132,3
lsac,abrupt_global_mag1.0,lr,global_ewma,BalAcc,-0.3283208020050125,0.11084609823811446,-0.3800441617928976,0.16498827557177312,3
lsac,abrupt_global_mag1.0,lr,global_std,DI_star,0.5839598997493735,0.050777709321820845,0.8470958648000897,0.042633493189866256,3
lsac,abrupt_global_mag1.0,lr,global_std,AOD_star,0.4786967418546366,0.07388682014110588,0.5543205375444453,0.1309895387554097,3
lsac,abrupt_global_mag1.0,lr,global_std,BalAcc,-0.3167919799498747,0.14827775981563066,-0.48686645259302086,0.15969302525568285,3
lsac,abrupt_global_mag1.0,lr,subgroup_violation_diff,DI_star,-0.5273182957393483,0.027298744469554072,-0.7655410912828403,0.02177593027675188,3
lsac,abrupt_global_mag1.0,lr,subgroup_violation_diff,AOD_star,-0.38395989974937345,0.15855611968694744,-0.4956209000824397,0.11729566740510673,3
lsac,abrupt_global_mag1.0,lr,subgroup_violation_diff,BalAcc,0.4265664160401002,0.0652746295004749,0.4591353788573855,0.09879881668528286,3
lsac,abrupt_global_mag1.0,lr,max_subgroup_deviation,DI_star,0.6591478696741854,0.030506514395394372,0.855610139146624,0.04609896015229587,3
lsac,abrupt_global_mag1.0,lr,max_subgroup_deviation,AOD_star,0.5624060150375939,0.11940140019069165,0.5609468208508335,0.14573253263373803,3
lsac,abrupt_global_mag1.0,lr,max_subgroup_deviation,BalAcc,-0.3518796992481203,0.10990825091501719,-0.5082650202281175,0.15872525941646287,3
lsac,abrupt_global_mag1.0,lr,assignment_proportion_drift,DI_star,0.5664475507622533,0.1310339176546443,0.6891651151485753,0.1715351105832381,3
lsac,abrupt_global_mag1.0,lr,assignment_proportion_drift,AOD_star,0.4034319177445191,0.21372392499114207,0.4194106155591622,0.17006010635473282,3
lsac,abrupt_global_mag1.0,lr,assignment_proportion_drift,BalAcc,-0.3870493258583004,0.14573994356815256,-0.4003400525129976,0.27582151197268484,3
lsac,abrupt_global_mag1.0,lr,ks_statistic,DI_star,0.6210526315789473,0.08082153038093876,0.8529445346667774,0.0506881394541038,3
lsac,abrupt_global_mag1.0,lr,ks_statistic,AOD_star,0.4706766917293233,0.15233312796546256,0.554816122940068,0.14934503340001842,3
lsac,abrupt_global_mag1.0,lr,ks_statistic,BalAcc,-0.33734335839598995,0.1022286071695116,-0.5088989269195828,0.16535690610748405,3
lsac,abrupt_global_mag1.0,lr,kl_divergence,DI_star,0.5308270676691729,0.08688901726323993,0.8412945285636209,0.03946763332613215,3
lsac,abrupt_global_mag1.0,lr,kl_divergence,AOD_star,0.39949874686716785,0.04289157186021332,0.5441672498051566,0.12286548577261815,3
lsac,abrupt_global_mag1.0,lr,kl_divergence,BalAcc,-0.3007518796992481,0.07118147472626836,-0.49391013263013767,0.16565168249277634,3
lsac,abrupt_global_mag1.0,lr,per_subgroup_ewma[min_neg],DI_star,0.46115288220551376,0.03971620609431638,0.676201397117214,0.019941215205366902,3
lsac,abrupt_global_mag1.0,lr,per_subgroup_ewma[min_neg],AOD_star,0.3283208020050125,0.18315572729120458,0.3924788915765052,0.13425416572666865,3
lsac,abrupt_global_mag1.0,lr,per_subgroup_ewma[min_neg],BalAcc,-0.34436090225563903,0.12442189229135399,-0.37820052201677096,0.1638691863178723,3
lsac,abrupt_global_mag1.0,lr,per_subgroup_baseline_relative[min_neg],DI_star,0.5598997493734336,0.034122049975172986,0.8393393111257507,0.03949412838002851,3
lsac,abrupt_global_mag1.0,lr,per_subgroup_baseline_relative[min_neg],AOD_star,0.44962406015037587,0.055169733316824496,0.5418398873843695,0.13158047680000415,3
lsac,abrupt_global_mag1.0,lr,per_subgroup_baseline_relative[min_neg],BalAcc,-0.29122807017543856,0.1805569169160506,-0.49194205486786086,0.175242261386027,3
lsac,abrupt_global_mag1.0,lr,per_subgroup_ewma[min_pos],DI_star,0.47318295739348376,0.03188379728078042,0.6867102921835233,0.032935035690805706,3
lsac,abrupt_global_mag1.0,lr,per_subgroup_ewma[min_pos],AOD_star,0.3403508771929824,0.17022101773702666,0.40288274941986235,0.1441054400031869,3
lsac,abrupt_global_mag1.0,lr,per_subgroup_ewma[min_pos],BalAcc,-0.33884711779448623,0.10670218188783911,-0.3860886537483978,0.16242414854939846,3
lsac,abrupt_global_mag1.0,lr,per_subgroup_baseline_relative[min_pos],DI_star,0.6601503759398496,0.03972885658232453,0.853485758562325,0.04964319792737996,3
lsac,abrupt_global_mag1.0,lr,per_subgroup_baseline_relative[min_pos],AOD_star,0.5573934837092732,0.14106691674799296,0.5598348067412385,0.14961520464223146,3
lsac,abrupt_global_mag1.0,lr,per_subgroup_baseline_relative[min_pos],BalAcc,-0.35739348370927315,0.10243485204729658,-0.508942012799477,0.15693262562635552,3
lsac,abrupt_global_mag1.0,lr,per_subgroup_ewma[maj_neg],DI_star,0.48070175438596485,0.029603655258613318,0.6814412700512164,0.030131003703970385,3
lsac,abrupt_global_mag1.0,lr,per_subgroup_ewma[maj_neg],AOD_star,0.350375939849624,0.17516484191240972,0.40056337857714114,0.14533470056061604,3
lsac,abrupt_global_mag1.0,lr,per_subgroup_ewma[maj_neg],BalAcc,-0.3303258145363408,0.11925190228942677,-0.3925381905946222,0.15918930618458108,3
lsac,abrupt_global_mag1.0,lr,per_subgroup_baseline_relative[maj_neg],DI_star,0.6015037593984962,0.09319265029985796,0.8408866106394597,0.0596732769610315,3
lsac,abrupt_global_mag1.0,lr,per_subgroup_baseline_relative[maj_neg],AOD_star,0.4837092731829573,0.20489913587313766,0.5629185401240737,0.15938172205101808,3
lsac,abrupt_global_mag1.0,lr,per_subgroup_baseline_relative[maj_neg],BalAcc,-0.3829573934837092,0.04521847824097809,-0.498033197269176,0.1544048987227983,3
lsac,abrupt_global_mag1.0,lr,per_subgroup_ewma[maj_pos],DI_star,0.4812030075187969,0.037463432463267735,0.6828490312796367,0.028675753373477723,3
lsac,abrupt_global_mag1.0,lr,per_subgroup_ewma[maj_pos],AOD_star,0.34736842105263155,0.15633795129576805,0.39737153112800433,0.13529072499064587,3
lsac,abrupt_global_mag1.0,lr,per_subgroup_ewma[maj_pos],BalAcc,-0.33784461152882206,0.0883713680105355,-0.3808797638709966,0.16410219514684307,3
lsac,abrupt_global_mag1.0,lr,per_subgroup_baseline_relative[maj_pos],DI_star,0.5699248120300752,0.033647491622733665,0.8459904170388217,0.043053536443227576,3
lsac,abrupt_global_mag1.0,lr,per_subgroup_baseline_relative[maj_pos],AOD_star,0.43809523809523804,0.06227250668462878,0.5502962417701142,0.12417136574003679,3
lsac,abrupt_global_mag1.0,lr,per_subgroup_baseline_relative[maj_pos],BalAcc,-0.3714285714285714,0.15086137187134752,-0.49896381898044173,0.15559241693667897,3
lsac,abrupt_global_mag1.0,xgb,global_mean,DI_star,0.4912280701754385,0.08111322738810059,0.9472514862207037,0.01246422073229181,3
lsac,abrupt_global_mag1.0,xgb,global_mean,AOD_star,0.5032581453634085,0.0960550634269465,0.8335491439043223,0.04925615021158714,3
lsac,abrupt_global_mag1.0,xgb,global_mean,BalAcc,-0.4867167919799498,0.1135733857536418,-0.982956819170434,0.005369979316443464,3
lsac,abrupt_global_mag1.0,xgb,global_ewma,DI_star,0.5413533834586466,0.06684544592749737,0.789783395774995,0.04119360043472734,3
lsac,abrupt_global_mag1.0,xgb,global_ewma,AOD_star,0.5208020050125314,0.04821940504788469,0.6862249242656797,0.06340214352921426,3
lsac,abrupt_global_mag1.0,xgb,global_ewma,BalAcc,-0.46867167919799496,0.09816630218936964,-0.8287402133981135,0.01515531169027937,3
lsac,abrupt_global_mag1.0,xgb,global_std,DI_star,0.5859649122807017,0.062393432114106126,0.9527505508179122,0.013091800264951253,3
lsac,abrupt_global_mag1.0,xgb,global_std,AOD_star,0.6035087719298246,0.06174982895011328,0.8439844919055844,0.051221085686353175,3
lsac,abrupt_global_mag1.0,xgb,global_std,BalAcc,-0.5413533834586466,0.026561686816023642,-0.982920588969737,0.005531025832944757,3
lsac,abrupt_global_mag1.0,xgb,subgroup_violation_diff,DI_star,-0.53734335839599,0.0397162060943164,-0.8680048054205072,0.05467220722560554,3
lsac,abrupt_global_mag1.0,xgb,subgroup_violation_diff,AOD_star,-0.5649122807017544,0.029089961159993794,-0.7640081406539921,0.03100508043185828,3
lsac,abrupt_global_mag1.0,xgb,subgroup_violation_diff,BalAcc,0.6626566416040099,0.08006567614640372,0.9141885720847652,0.05566420045963365,3
lsac,abrupt_global_mag1.0,xgb,max_subgroup_deviation,DI_star,0.5543859649122806,0.08963325492634432,0.9513424031175003,0.018121389272376373,3
lsac,abrupt_global_mag1.0,xgb,max_subgroup_deviation,AOD_star,0.5889724310776941,0.07742373478672217,0.840755219257089,0.05928133805209722,3
lsac,abrupt_global_mag1.0,xgb,max_subgroup_deviation,BalAcc,-0.5323308270676691,0.02876861123264509,-0.9852900793196248,0.004491079674323394,3
lsac,abrupt_global_mag1.0,xgb,assignment_proportion_drift,DI_star,0.40587516354310454,0.09028228286598,0.6984636953967623,0.22742714821894505,3
lsac,abrupt_global_mag1.0,xgb,assignment_proportion_drift,AOD_star,0.4091105420174865,0.050488312263561035,0.5948351908456463,0.2364058165660271,3
lsac,abrupt_global_mag1.0,xgb,assignment_proportion_drift,BalAcc,-0.5531765307129245,0.15959714755964202,-0.7515132832150142,0.19329276219521654,3
lsac,abrupt_global_mag1.0,xgb,ks_statistic,DI_star,0.4962406015037593,0.1254054798685665,0.9491632342590232,0.012042409563656233,3
lsac,abrupt_global_mag1.0,xgb,ks_statistic,AOD_star,0.4867167919799498,0.13379421729780785,0.8346010270317996,0.05023452901535698,3
lsac,abrupt_global_mag1.0,xgb,ks_statistic,BalAcc,-0.5333333333333333,0.0756111732220882,-0.986658309157082,0.0032188483028191776,3
lsac,abrupt_global_mag1.0,xgb,kl_divergence,DI_star,0.581453634085213,0.11051921163354188,0.9450626654076224,0.023049001067793666,3
lsac,abrupt_global_mag1.0,xgb,kl_divergence,AOD_star,0.6030075187969924,0.10101711990899274,0.836353352619908,0.06337750448694343,3
lsac,abrupt_global_mag1.0,xgb,kl_divergence,BalAcc,-0.40952380952380946,0.04157078118619615,-0.9762769954001853,0.008683324854628699,3
lsac,abrupt_global_mag1.0,xgb,per_subgroup_ewma[min_neg],DI_star,0.5308270676691729,0.06832872671416322,0.784593867036898,0.0397389091915339,3
lsac,abrupt_global_mag1.0,xgb,per_subgroup_ewma[min_neg],AOD_star,0.519298245614035,0.041279648701580504,0.6808118317235367,0.059305076075936866,3
lsac,abrupt_global_mag1.0,xgb,per_subgroup_ewma[min_neg],BalAcc,-0.44761904761904764,0.09962965574361411,-0.8235728164010251,0.015310667704101364,3
lsac,abrupt_global_mag1.0,xgb,per_subgroup_baseline_relative[min_neg],DI_star,0.4746867167919799,0.1362947732837348,0.9352076140119467,0.002574378127377495,3
lsac,abrupt_global_mag1.0,xgb,per_subgroup_baseline_relative[min_neg],AOD_star,0.47919799498746857,0.11362646776740833,0.8165986121076294,0.03142360714326239,3
lsac,abrupt_global_mag1.0,xgb,per_subgroup_baseline_relative[min_neg],BalAcc,-0.4215538847117794,0.029476071033562205,-0.9744226714857769,0.002744778965573555,3
lsac,abrupt_global_mag1.0,xgb,per_subgroup_ewma[min_pos],DI_star,0.5403508771929825,0.06881604933024767,0.7939202464586582,0.03959097575078855,3
lsac,abrupt_global_mag1.0,xgb,per_subgroup_ewma[min_pos],AOD_star,0.5218045112781954,0.04664078923088969,0.6898211597878748,0.06402036380551714,3
lsac,abrupt_global_mag1.0,xgb,per_subgroup_ewma[min_pos],BalAcc,-0.4651629072681704,0.1003307950131072,-0.8330626704811571,0.013894026395953659,3
lsac,abrupt_global_mag1.0,xgb,per_subgroup_baseline_relative[min_pos],DI_star,0.5488721804511277,0.08727852021447534,0.9501924298635935,0.01823982372290509,3
lsac,abrupt_global_mag1.0,xgb,per_subgroup_baseline_relative[min_pos],AOD_star,0.5849624060150375,0.07597582214572546,0.8389672484852726,0.05892234405002916,3
lsac,abrupt_global_mag1.0,xgb,per_subgroup_baseline_relative[min_pos],BalAcc,-0.5363408521303258,0.03155108768291973,-0.9862783204915092,0.003756659319404446,3
lsac,abrupt_global_mag1.0,xgb,per_subgroup_ewma[maj_neg],DI_star,0.5448621553884712,0.0639446560664241,0.785218024443838,0.03889468699659339,3
lsac,abrupt_global_mag1.0,xgb,per_subgroup_ewma[maj_neg],AOD_star,0.5263157894736842,0.0411455245438218,0.6783196750064912,0.0622125640832515,3
lsac,abrupt_global_mag1.0,xgb,per_subgroup_ewma[maj_neg],BalAcc,-0.47318295739348365,0.10372185825805118,-0.8275943138326105,0.014782052915451416,3
lsac,abrupt_global_mag1.0,xgb,per_subgroup_baseline_relative[maj_neg],DI_star,0.49223057644110274,0.054804185257530225,0.9253947275079364,0.018284526573467012,3
lsac,abrupt_global_mag1.0,xgb,per_subgroup_baseline_relative[maj_neg],AOD_star,0.4922305764411028,0.07410074414716797,0.811255235392332,0.04635389737560912,3
lsac,abrupt_global_mag1.0,xgb,per_subgroup_baseline_relative[maj_neg],BalAcc,-0.6,0.020212376093890632,-0.9724198207276181,0.013702053667091965,3
lsac,abrupt_global_mag1.0,xgb,per_subgroup_ewma[maj_pos],DI_star,0.5428571428571428,0.0730626951572023,0.7912394143250795,0.040134491950824705,3
lsac,abrupt_global_mag1.0,xgb,per_subgroup_ewma[maj_pos],AOD_star,0.524812030075188,0.05350510338242764,0.6873410396020292,0.06331352781314117,3
lsac,abrupt_global_mag1.0,xgb,per_subgroup_ewma[maj_pos],BalAcc,-0.4756892230576441,0.09212972583603635,-0.8305830524455567,0.013101344761889002,3
lsac,abrupt_global_mag1.0,xgb,per_subgroup_baseline_relative[maj_pos],DI_star,0.49724310776942354,0.09765821021848463,0.9484261502469984,0.012748672104885384,3
lsac,abrupt_global_mag1.0,xgb,per_subgroup_baseline_relative[maj_pos],AOD_star,0.5268170426065163,0.0891272612366631,0.8357095147532894,0.04730525643943751,3
lsac,abrupt_global_mag1.0,xgb,per_subgroup_baseline_relative[maj_pos],BalAcc,-0.5759398496240601,0.057471682835332695,-0.9842212017562533,0.005021644580094921,3
lsac,abrupt_global_mag2.0,lr,global_mean,DI_star,0.5283208020050125,0.0399244265699045,0.967234138553113,0.01840521339979646,3
lsac,abrupt_global_mag2.0,lr,global_mean,AOD_star,0.5002506265664161,0.019962213284952273,0.9147828573062546,0.034908881358092544,3
lsac,abrupt_global_mag2.0,lr,global_mean,BalAcc,-0.5142857142857142,0.022539676346784082,-0.90791801028919,0.029274554275908908,3
lsac,abrupt_global_mag2.0,lr,global_ewma,DI_star,0.6080200501253131,0.10471992539498537,0.820826028201301,0.03260609513859262,3
lsac,abrupt_global_mag2.0,lr,global_ewma,AOD_star,0.5894736842105263,0.11225608394642822,0.7732450311807385,0.0675387350307754,3
lsac,abrupt_global_mag2.0,lr,global_ewma,BalAcc,-0.5508771929824561,0.09448854228203558,-0.7403187339765841,0.061786046033272486,3
lsac,abrupt_global_mag2.0,lr,global_std,DI_star,0.5348370927318294,0.13043373206849598,0.943096047645741,0.03095128263239991,3
lsac,abrupt_global_mag2.0,lr,global_std,AOD_star,0.5739348370927319,0.1239808865542485,0.8946675508774623,0.0453924756430646,3
lsac,abrupt_global_mag2.0,lr,global_std,BalAcc,-0.46215538847117793,0.12405382126079778,-0.8580112232319449,0.04079902019759966,3
lsac,abrupt_global_mag2.0,lr,subgroup_violation_diff,DI_star,0.26616541353383455,0.48811298110411605,0.39613464811850324,0.6913811176333238,3
lsac,abrupt_global_mag2.0,lr,subgroup_violation_diff,AOD_star,0.17794486215538838,0.5502668220211353,0.3243936000022778,0.6950309358773812,3
lsac,abrupt_global_mag2.0,lr,subgroup_violation_diff,BalAcc,-0.23709273182957388,0.48832655439365735,-0.4084378329975773,0.652331153738273,3
lsac,abrupt_global_mag2.0,lr,max_subgroup_deviation,DI_star,0.606516290726817,0.05098510722787536,0.9670744110729536,0.016559830541512444,3
lsac,abrupt_global_mag2.0,lr,max_subgroup_deviation,AOD_star,0.5764411027568922,0.07915674189702719,0.9133137067174254,0.030581044763763627,3
lsac,abrupt_global_mag2.0,lr,max_subgroup_deviation,BalAcc,-0.6035087719298246,0.09241563650319008,-0.90678403934396,0.03152885020270729,3
lsac,abrupt_global_mag2.0,lr,assignment_proportion_drift,DI_star,0.5116630492846451,0.10021378542948967,0.9562915202983294,0.02034400661834879,3
lsac,abrupt_global_mag2.0,lr,assignment_proportion_drift,AOD_star,0.5267119624988994,0.09509635177875844,0.905684070231383,0.04222453809632534,3
lsac,abrupt_global_mag2.0,lr,assignment_proportion_drift,BalAcc,-0.584148647933303,0.028383152852428664,-0.9015944669452697,0.03248249072199673,3
lsac,abrupt_global_mag2.0,lr,ks_statistic,DI_star,0.5799498746867168,0.08415083216614858,0.9676344085291134,0.018015453013848284,3
lsac,abrupt_global_mag2.0,lr,ks_statistic,AOD_star,0.512280701754386,0.06423867405955205,0.9146960137586005,0.03411993504011269,3
lsac,abrupt_global_mag2.0,lr,ks_statistic,BalAcc,-0.6025062656641604,0.027463914850732258,-0.9101310902745824,0.029101047618119335,3
lsac,abrupt_global_mag2.0,lr,kl_divergence,DI_star,0.5864661654135337,0.07492686492653548,0.9634621727328812,0.021941196993492427,3
lsac,abrupt_global_mag2.0,lr,kl_divergence,AOD_star,0.5849624060150375,0.0908333746088242,0.9109895344284861,0.04009593760826398,3
lsac,abrupt_global_mag2.0,lr,kl_divergence,BalAcc,-0.6205513784461153,0.09155522599660905,-0.9037428805704607,0.03419016558144882,3
lsac,abrupt_global_mag2.0,lr,per_subgroup_ewma[min_neg],DI_star,0.5949874686716791,0.10072070241689346,0.8211532993868694,0.033276322746637825,3
lsac,abrupt_global_mag2.0,lr,per_subgroup_ewma[min_neg],AOD_star,0.5879699248120299,0.1176973950637563,0.7734669770931998,0.06788988893577128,3
lsac,abrupt_global_mag2.0,lr,per_subgroup_ewma[min_neg],BalAcc,-0.5518796992481203,0.10186420731384906,-0.7407375720749144,0.0626427242498699,3
lsac,abrupt_global_mag2.0,lr,per_subgroup_baseline_relative[min_neg],DI_star,0.6075187969924812,0.05123091478155877,0.966513070215966,0.017672309236419808,3
lsac,abrupt_global_mag2.0,lr,per_subgroup_baseline_relative[min_neg],AOD_star,0.5704260651629072,0.07272490289998448,0.9123988814930906,0.03200016137654066,3
lsac,abrupt_global_mag2.0,lr,per_subgroup_baseline_relative[min_neg],BalAcc,-0.6060150375939849,0.0867240352198268,-0.9081847740632268,0.030320120372263955,3
lsac,abrupt_global_mag2.0,lr,per_subgroup_ewma[min_pos],DI_star,0.6040100250626567,0.10612133765489347,0.8191559846758372,0.03244086995475247,3
lsac,abrupt_global_mag2.0,lr,per_subgroup_ewma[min_pos],AOD_star,0.5854636591478696,0.11427472136375648,0.7713085546612574,0.06693945927164184,3
lsac,abrupt_global_mag2.0,lr,per_subgroup_ewma[min_pos],BalAcc,-0.556892230576441,0.089169537044013,-0.738828390876166,0.06103619486537601,3
lsac,abrupt_global_mag2.0,lr,per_subgroup_baseline_relative[min_pos],DI_star,0.5488721804511277,0.017189401703741607,0.9656572832727909,0.017945250689285007,3
lsac,abrupt_global_mag2.0,lr,per_subgroup_baseline_relative[min_pos],AOD_star,0.47468671679197993,0.04962152850431915,0.9130427676483438,0.03294050752444545,3
lsac,abrupt_global_mag2.0,lr,per_subgroup_baseline_relative[min_pos],BalAcc,-0.5573934837092731,0.07379494858452533,-0.9062313470392259,0.025305104425473474,3
lsac,abrupt_global_mag2.0,lr,per_subgroup_ewma[maj_neg],DI_star,0.5989974937343358,0.10167410440908756,0.8146721610763906,0.03841330330594104,3
lsac,abrupt_global_mag2.0,lr,per_subgroup_ewma[maj_neg],AOD_star,0.5864661654135338,0.11347157581902839,0.7661598452329444,0.07359057684813289,3
lsac,abrupt_global_mag2.0,lr,per_subgroup_ewma[maj_neg],BalAcc,-0.5488721804511277,0.10022305385234064,-0.7337566088065852,0.06766839871007861,3
lsac,abrupt_global_mag2.0,lr,per_subgroup_baseline_relative[maj_neg],DI_star,0.45814536340852124,0.09059517721093696,0.9547065207220315,0.02458461386200457,3
lsac,abrupt_global_mag2.0,lr,per_subgroup_baseline_relative[maj_neg],AOD_star,0.43057644110275684,0.021699108593396865,0.9027221302710581,0.042307699178961156,3
lsac,abrupt_global_mag2.0,lr,per_subgroup_baseline_relative[maj_neg],BalAcc,-0.425062656641604,0.08237649557563563,-0.8880104351405002,0.03128981548719674,3
lsac,abrupt_global_mag2.0,lr,per_subgroup_ewma[maj_pos],DI_star,0.6075187969924811,0.10186420731384908,0.8231475459252783,0.02895199957208507,3
lsac,abrupt_global_mag2.0,lr,per_subgroup_ewma[maj_pos],AOD_star,0.5859649122807017,0.10627748551072744,0.7763380504761871,0.06374245593527277,3
lsac,abrupt_global_mag2.0,lr,per_subgroup_ewma[maj_pos],BalAcc,-0.5558897243107769,0.09418491678745787,-0.7412542296578005,0.05938752603853808,3
lsac,abrupt_global_mag2.0,lr,per_subgroup_baseline_relative[maj_pos],DI_star,0.5393483709273182,0.02947607103356218,0.9660435436588547,0.014831379546769826,3
lsac,abrupt_global_mag2.0,lr,per_subgroup_baseline_relative[maj_pos],AOD_star,0.6125313283208019,0.051835487802686764,0.9174853696222224,0.03130147031271566,3
lsac,abrupt_global_mag2.0,lr,per_subgroup_baseline_relative[maj_pos],BalAcc,-0.5739348370927319,0.058502919300116016,-0.9028022075991938,0.03338517383892591,3
lsac,abrupt_global_mag2.0,xgb,global_mean,DI_star,0.590545722302699,0.10341751154685379,0.9865036434767638,0.00282366376577382,3
lsac,abrupt_global_mag2.0,xgb,global_mean,AOD_star,0.5888949207375166,0.11311019731076483,0.9766327051895534,0.004728623927732834,3
lsac,abrupt_global_mag2.0,xgb,global_mean,BalAcc,-0.6245771109334304,0.0877969265014884,-0.9933681522295328,0.0010560095911207818,3
lsac,abrupt_global_mag2.0,xgb,global_ewma,DI_star,0.5178387847052789,0.024064944241289882,0.8293775043157506,0.0036413138500384777,3
lsac,abrupt_global_mag2.0,xgb,global_ewma,AOD_star,0.49686822997241825,0.04149145779504372,0.8127808240541277,0.01280320719854322,3
lsac,abrupt_global_mag2.0,xgb,global_ewma,BalAcc,-0.5451780944141377,0.050797846379326425,-0.8437256403753827,0.0019024670388155822,3
lsac,abrupt_global_mag2.0,xgb,global_std,DI_star,0.5151125295667994,0.021476454601064173,0.9685391999870347,0.013538307779253357,3
lsac,abrupt_global_mag2.0,xgb,global_std,AOD_star,0.5400462462059431,0.03854318854410653,0.9568960347518564,0.018425134672392752,3
lsac,abrupt_global_mag2.0,xgb,global_std,BalAcc,-0.5590778203802199,0.10964269507446017,-0.9699552394411778,0.016152995576456733,3
lsac,abrupt_global_mag2.0,xgb,subgroup_violation_diff,DI_star,0.2281121956844198,0.32963001536037584,0.416814673249684,0.6962614707114014,3
lsac,abrupt_global_mag2.0,xgb,subgroup_violation_diff,AOD_star,0.1839626688824689,0.34714584173881985,0.41106064846362744,0.6802621108217499,3
lsac,abrupt_global_mag2.0,xgb,subgroup_violation_diff,BalAcc,-0.13064184662756975,0.540080379033169,-0.41190774145635894,0.7175940844229405,3
lsac,abrupt_global_mag2.0,xgb,max_subgroup_deviation,DI_star,0.5779970452798733,0.09925844883751969,0.9853822341368219,0.0019119780707251002,3
lsac,abrupt_global_mag2.0,xgb,max_subgroup_deviation,AOD_star,0.5648980919290066,0.11931348398781204,0.975367030559616,0.006013767236761932,3
lsac,abrupt_global_mag2.0,xgb,max_subgroup_deviation,BalAcc,-0.579846508213086,0.1035632978825004,-0.9915502340999618,0.00021938507904505143,3
lsac,abrupt_global_mag2.0,xgb,assignment_proportion_drift,DI_star,0.5687446543953171,0.054598118912138414,0.9771897077808643,0.004107783960585204,3
lsac,abrupt_global_mag2.0,xgb,assignment_proportion_drift,AOD_star,0.5668761229832565,0.03364451812084332,0.9670682115670317,0.008261611925992117,3
lsac,abrupt_global_mag2.0,xgb,assignment_proportion_drift,BalAcc,-0.6648972293930441,0.08498510784354782,-0.9829786568916855,0.006375470934318535,3
lsac,abrupt_global_mag2.0,xgb,ks_statistic,DI_star,0.591331857381745,0.06299302318786404,0.9865849429027613,0.0030206318435657058,3
lsac,abrupt_global_mag2.0,xgb,ks_statistic,AOD_star,0.5725683358496304,0.06881739261370702,0.9767863805379703,0.004528474817009499,3
lsac,abrupt_global_mag2.0,xgb,ks_statistic,BalAcc,-0.5387865888801118,0.17227501692900524,-0.9929753636524937,0.0009757531467144067,3
lsac,abrupt_global_mag2.0,xgb,kl_divergence,DI_star,0.5952027019286635,0.11209717931280701,0.9831878314345021,0.003186282785404675,3
lsac,abrupt_global_mag2.0,xgb,kl_divergence,AOD_star,0.5994582377777612,0.11219695347529672,0.9736473914603995,0.005137327189576513,3
lsac,abrupt_global_mag2.0,xgb,kl_divergence,BalAcc,-0.624078112368292,0.11609240939283788,-0.9913837669140914,0.001671033251315391,3
lsac,abrupt_global_mag2.0,xgb,per_subgroup_ewma[min_neg],DI_star,0.5102191381265132,0.0251242964718191,0.8295763983038712,0.003730718599502037,3
lsac,abrupt_global_mag2.0,xgb,per_subgroup_ewma[min_neg],AOD_star,0.49828519998568827,0.043624623351442536,0.8131108149774063,0.012391490546942672,3
lsac,abrupt_global_mag2.0,xgb,per_subgroup_ewma[min_neg],BalAcc,-0.5317458919583747,0.05671800587249117,-0.843774554412537,0.0022965250166548726,3
lsac,abrupt_global_mag2.0,xgb,per_subgroup_baseline_relative[min_neg],DI_star,0.5758524681324458,0.09105805087869129,0.9849398497782088,0.0026001873761711384,3
lsac,abrupt_global_mag2.0,xgb,per_subgroup_baseline_relative[min_neg],AOD_star,0.5622268564701232,0.109637582228573,0.9749817878249316,0.0051113108623539495,3
lsac,abrupt_global_mag2.0,xgb,per_subgroup_baseline_relative[min_neg],BalAcc,-0.5812319491818947,0.09706208361042169,-0.991753973261035,0.0001858890271572526,3
lsac,abrupt_global_mag2.0,xgb,per_subgroup_ewma[min_pos],DI_star,0.5112193779863721,0.021048013233403606,0.8277436478123699,0.002877269756593329,3
lsac,abrupt_global_mag2.0,xgb,per_subgroup_ewma[min_pos],AOD_star,0.49168071023991305,0.03643846901146444,0.8109904521076136,0.011806521089218796,3
lsac,abrupt_global_mag2.0,xgb,per_subgroup_ewma[min_pos],BalAcc,-0.5370579501711417,0.04980295133902153,-0.8420559090446025,0.0011980474107054669,3
lsac,abrupt_global_mag2.0,xgb,per_subgroup_baseline_relative[min_pos],DI_star,0.6263831280559811,0.026598311082605974,0.9860539440882105,0.0030058838808016204,3
lsac,abrupt_global_mag2.0,xgb,per_subgroup_baseline_relative[min_pos],AOD_star,0.6006785665264467,0.060591726186046836,0.9759819379791642,0.0039037292922289584,3
lsac,abrupt_global_mag2.0,xgb,per_subgroup_baseline_relative[min_pos],BalAcc,-0.40153390535363326,0.05643051049757571,-0.9925244980847795,0.0012997781149255185,3
lsac,abrupt_global_mag2.0,xgb,per_subgroup_ewma[maj_neg],DI_star,0.5213065751994833,0.02754860262889511,0.8244884936864224,0.006061140063935517,3
lsac,abrupt_global_mag2.0,xgb,per_subgroup_ewma[maj_neg],AOD_star,0.5002886977382794,0.03855468613146359,0.8075186604179873,0.010998355356067673,3
lsac,abrupt_global_mag2.0,xgb,per_subgroup_ewma[maj_neg],BalAcc,-0.5476456450484832,0.039536036748597625,-0.840695197048615,0.005991414012053062,3
lsac,abrupt_global_mag2.0,xgb,per_subgroup_baseline_relative[maj_neg],DI_star,0.5509753547879749,0.047781670330344125,0.980232351902746,0.0042375507310198676,3
lsac,abrupt_global_mag2.0,xgb,per_subgroup_baseline_relative[maj_neg],AOD_star,0.5607809593852702,0.06133160359130504,0.9717536377422356,0.005053824935888703,3
lsac,abrupt_global_mag2.0,xgb,per_subgroup_baseline_relative[maj_neg],BalAcc,-0.5982587830291016,0.16093368651534473,-0.9913305712504847,0.004223134818242431,3
lsac,abrupt_global_mag2.0,xgb,per_subgroup_ewma[maj_pos],DI_star,0.5289527562448731,0.031053685270783914,0.8317906939058584,0.005095920773849467,3
lsac,abrupt_global_mag2.0,xgb,per_subgroup_ewma[maj_pos],AOD_star,0.5094915325259168,0.04230330427824091,0.8145307099222171,0.015597660892632948,3
lsac,abrupt_global_mag2.0,xgb,per_subgroup_ewma[maj_pos],BalAcc,-0.542621781691136,0.05100522056633995,-0.8465529961582988,0.002614065757587119,3
lsac,abrupt_global_mag2.0,xgb,per_subgroup_baseline_relative[maj_pos],DI_star,0.6124308365043817,0.15481216870025435,0.9834893830523005,0.0009546201782992037,3
lsac,abrupt_global_mag2.0,xgb,per_subgroup_baseline_relative[maj_pos],AOD_star,0.6482177205132846,0.12148173760558188,0.9737154973894858,0.006893758579327724,3
lsac,abrupt_global_mag2.0,xgb,per_subgroup_baseline_relative[maj_pos],BalAcc,-0.6788138292891279,0.06061705477416778,-0.9901040401144406,0.0030773476116359236,3
lsac,variance_group_mag1.5,lr,global_mean,DI_star,-0.12557625962636823,0.1333680399502743,-0.11006853109038318,0.20692218680072844,3
lsac,variance_group_mag1.5,lr,global_mean,AOD_star,-0.025563909774436098,0.13877562105170052,-0.03697684481819818,0.18628670158218727,3
lsac,variance_group_mag1.5,lr,global_mean,BalAcc,0.13984962406015036,0.09157717773845697,0.14480006870919807,0.10466350345536803,3
lsac,variance_group_mag1.5,lr,global_ewma,DI_star,0.13061028535347172,0.2583574814511933,0.07865527075794129,0.31693403719695445,3
lsac,variance_group_mag1.5,lr,global_ewma,AOD_star,0.08170426065162904,0.27853081012631603,0.07472197089697767,0.29538717401989634,3
lsac,variance_group_mag1.5,lr,global_ewma,BalAcc,-0.12731829573934836,0.09189215453057432,-0.08147232730870912,0.09904110150878002,3
lsac,variance_group_mag1.5,lr,global_std,DI_star,-0.044885252439794666,0.1311800842759651,-0.007167136912256886,0.16782640673852697,3
lsac,variance_group_mag1.5,lr,global_std,AOD_star,0.07619047619047618,0.2477762734842626,0.053708846357523626,0.22805971544480458,3
lsac,variance_group_mag1.5,lr,global_std,BalAcc,0.06215538847117794,0.16550616378078825,0.06045454090508622,0.09680061425719413,3
lsac,variance_group_mag1.5,lr,subgroup_violation_diff,DI_star,-0.023558520148392284,0.08497989594616474,-0.0629494618647638,0.05000336756524264,3
lsac,variance_group_mag1.5,lr,subgroup_violation_diff,AOD_star,-0.12731829573934836,0.2788040038086708,-0.13903437506632407,0.22028117269438038,3
lsac,variance_group_mag1.5,lr,subgroup_violation_diff,BalAcc,-0.22456140350877188,0.18807749637064833,-0.18604721984059158,0.24108642171469954,3
lsac,variance_group_mag1.5,lr,max_subgroup_deviation,DI_star,-0.08476117885635015,0.23481322307967897,0.014887379784685906,0.2789306650037738,3
lsac,variance_group_mag1.5,lr,max_subgroup_deviation,AOD_star,0.03157894736842105,0.19312626871392688,0.06392046184077489,0.2461351544149667,3
lsac,variance_group_mag1.5,lr,max_subgroup_deviation,BalAcc,0.042606516290726815,0.14932128069724318,0.04094929601709546,0.19970100689042222,3
lsac,variance_group_mag1.5,lr,assignment_proportion_drift,DI_star,0.10394194666500715,0.26575304223872326,0.00785913678818074,0.1668613787955735,3
lsac,variance_group_mag1.5,lr,assignment_proportion_drift,AOD_star,0.008248710924552288,0.15201411897350164,0.0031447256876293017,0.1234475945909677,3
lsac,variance_group_mag1.5,lr,assignment_proportion_drift,BalAcc,-0.023816028693365934,0.10201819425283484,-0.004722814176116849,0.09374715362316996,3
lsac,variance_group_mag1.5,lr,ks_statistic,DI_star,-0.06993942445030026,0.08635519948077915,-0.13073065106859538,0.08156254518548553,3
lsac,variance_group_mag1.5,lr,ks_statistic,AOD_star,-0.059649122807017535,0.09841936454155291,-0.03679016081516014,0.07743818734814033,3
lsac,variance_group_mag1.5,lr,ks_statistic,BalAcc,-0.10175438596491226,0.2046635631360397,-0.04132397803631908,0.1488053669452582,3
lsac,variance_group_mag1.5,lr,kl_divergence,DI_star,-0.2531801574669939,0.11713980845117672,-0.16626127902959756,0.06396371270656767,3
lsac,variance_group_mag1.5,lr,kl_divergence,AOD_star,-0.09223057644110273,0.1953279976781826,-0.06949003586066022,0.16130370943599245,3
lsac,variance_group_mag1.5,lr,kl_divergence,BalAcc,-0.015538847117794486,0.2230751028058147,-0.024358208634389745,0.197920081674898,3
lsac,variance_group_mag1.5,lr,per_subgroup_ewma[min_neg],DI_star,-0.1947769084187835,0.09716339013619653,-0.15862731403357735,0.11327645981610508,3
lsac,variance_group_mag1.5,lr,per_subgroup_ewma[min_neg],AOD_star,-0.06315789473684211,0.2562957804732604,-0.10404189571142917,0.2831515516921746,3
lsac,variance_group_mag1.5,lr,per_subgroup_ewma[min_neg],BalAcc,-0.0832080200501253,0.12694278885689436,-0.07671932953179623,0.20628725781310103,3
lsac,variance_group_mag1.5,lr,per_subgroup_baseline_relative[min_neg],DI_star,-0.21983372009229749,0.17416363282380987,-0.2040959912252677,0.1598140805316444,3
lsac,variance_group_mag1.5,lr,per_subgroup_baseline_relative[min_neg],AOD_star,-0.2270676691729323,0.2159138778441812,-0.18775649211334358,0.2547621173505282,3
lsac,variance_group_mag1.5,lr,per_subgroup_baseline_relative[min_neg],BalAcc,-0.02857142857142857,0.17522507593739572,-0.0002646337762031529,0.2967335806694728,3
lsac,variance_group_mag1.5,lr,per_subgroup_ewma[min_pos],DI_star,0.07447860765473492,0.19759490475596103,0.07954464903764183,0.13203392897006969,3
lsac,variance_group_mag1.5,lr,per_subgroup_ewma[min_pos],AOD_star,0.08370927318295739,0.2899964899938748,0.16463578840558307,0.2768885703797514,3
lsac,variance_group_mag1.5,lr,per_subgroup_ewma[min_pos],BalAcc,-0.07619047619047618,0.21116028188100688,-0.061943773482191315,0.18689779681778776,3
lsac,variance_group_mag1.5,lr,per_subgroup_baseline_relative[min_pos],DI_star,-0.03759360786769051,0.1857899465874202,0.018424031729061683,0.24840380603527287,3
lsac,variance_group_mag1.5,lr,per_subgroup_baseline_relative[min_pos],AOD_star,0.060150375939849614,0.18559502223102028,0.057134110544764395,0.2311518075030992,3
lsac,variance_group_mag1.5,lr,per_subgroup_baseline_relative[min_pos],BalAcc,-0.006015037593984964,0.14011616607875071,-0.07248026562333482,0.1566680456411163,3
lsac,variance_group_mag1.5,lr,per_subgroup_ewma[maj_neg],DI_star,-0.09645021901986639,0.30578527290280766,-0.026063284528348624,0.27780359641847874,3
lsac,variance_group_mag1.5,lr,per_subgroup_ewma[maj_neg],AOD_star,-0.04761904761904764,0.4272023744162184,0.023448603680657393,0.3625078238534734,3
lsac,variance_group_mag1.5,lr,per_subgroup_ewma[maj_neg],BalAcc,0.037092731829573934,0.05492782970146456,0.0007943396001679296,0.0857397777946195,3
lsac,variance_group_mag1.5,lr,per_subgroup_baseline_relative[maj_neg],DI_star,-0.20900898098121998,0.22442054326778993,-0.14493631074933078,0.2403112549846625,3
lsac,variance_group_mag1.5,lr,per_subgroup_baseline_relative[maj_neg],AOD_star,-0.06867167919799498,0.3092272787370783,-0.03125339471330563,0.33887790608551316,3
lsac,variance_group_mag1.5,lr,per_subgroup_baseline_relative[maj_neg],BalAcc,0.23208020050125314,0.13367021718211602,0.1757841341150952,0.13852979627393433,3
lsac,variance_group_mag1.5,lr,per_subgroup_ewma[maj_pos],DI_star,0.2090646024517541,0.165039670572308,0.20804133649380055,0.1599882010078132,3
lsac,variance_group_mag1.5,lr,per_subgroup_ewma[maj_pos],AOD_star,0.10877192982456137,0.282742314549985,0.1320306885796714,0.2726399136651321,3
lsac,variance_group_mag1.5,lr,per_subgroup_ewma[maj_pos],BalAcc,0.005012531328320811,0.21218229248203507,0.03925841831758712,0.25219108404615864,3
lsac,variance_group_mag1.5,lr,per_subgroup_baseline_relative[maj_pos],DI_star,0.07240251276953755,0.21304424379147624,0.141812348886358,0.16984064814704095,3
lsac,variance_group_mag1.5,lr,per_subgroup_baseline_relative[maj_pos],AOD_star,0.16190476190476188,0.16987527094413635,0.2040404971082813,0.11643506897104476,3
lsac,variance_group_mag1.5,lr,per_subgroup_baseline_relative[maj_pos],BalAcc,0.23759398496240602,0.14392687468948093,0.20309100898966992,0.17168828290595992,3
lsac,variance_group_mag1.5,xgb,global_mean,DI_star,0.023045199984664654,0.08664014509389213,-0.049596709418641714,0.05425860969223009,3
lsac,variance_group_mag1.5,xgb,global_mean,AOD_star,0.041102756892230564,0.14827775981563066,0.05141569298163153,0.1387774762457279,3
lsac,variance_group_mag1.5,xgb,global_mean,BalAcc,0.21152882205513782,0.16142530091525087,0.2868850122735906,0.18831906250990904,3
lsac,variance_group_mag1.5,xgb,global_ewma,DI_star,0.002245928908820601,0.0614861312913438,-0.028060503159932446,0.0669073203824906,3
lsac,variance_group_mag1.5,xgb,global_ewma,AOD_star,-0.060150375939849614,0.07738153582116453,-0.07265938162912584,0.048047566321824844,3
lsac,variance_group_mag1.5,xgb,global_ewma,BalAcc,0.04060150375939849,0.18110158456931846,0.12209167600573172,0.1849088945959859,3
lsac,variance_group_mag1.5,xgb,global_std,DI_star,-0.11379728237320873,0.05888566985981596,-0.09690457888939223,0.09038718252060518,3
lsac,variance_group_mag1.5,xgb,global_std,AOD_star,-0.05363408521303257,0.06684920456259985,0.009256698078211958,0.07216970321153372,3
lsac,variance_group_mag1.5,xgb,global_std,BalAcc,0.14686716791979948,0.17421268787088134,0.21564829735379765,0.18151890716122757,3
lsac,variance_group_mag1.5,xgb,subgroup_violation_diff,DI_star,-0.10875816586744617,0.1989261097058943,-0.042824926628734876,0.2709397504055669,3
lsac,variance_group_mag1.5,xgb,subgroup_violation_diff,AOD_star,-0.1112781954887218,0.06631334567755506,-0.09654185199356541,0.10975162647025909,3
lsac,variance_group_mag1.5,xgb,subgroup_violation_diff,BalAcc,-0.10275689223057644,0.30028116881825456,-0.16118564843578384,0.26931229959229314,3
lsac,variance_group_mag1.5,xgb,max_subgroup_deviation,DI_star,-0.05414665118732923,0.22369667184981482,-0.08569851749671524,0.22088509408363047,3
lsac,variance_group_mag1.5,xgb,max_subgroup_deviation,AOD_star,0.0882205513784461,0.16411581785691398,0.061929599645263754,0.148724439263382,3
lsac,variance_group_mag1.5,xgb,max_subgroup_deviation,BalAcc,0.19999999999999996,0.3566943496926238,0.19514512782848448,0.32403167470471667,3
lsac,variance_group_mag1.5,xgb,assignment_proportion_drift,DI_star,0.022494158647182294,0.21355272876212533,-0.08601123031371934,0.16741811522653666,3
lsac,variance_group_mag1.5,xgb,assignment_proportion_drift,AOD_star,0.023285927814799195,0.156416151721439,-0.051950832210579806,0.15118500706448315,3
lsac,variance_group_mag1.5,xgb,assignment_proportion_drift,BalAcc,-0.15389149948432734,0.0748809283982105,-0.17857497599866287,0.04354502335712638,3
lsac,variance_group_mag1.5,xgb,ks_statistic,DI_star,-0.12659158711235893,0.22536352506315135,-0.2706689972445717,0.10488893192649902,3
lsac,variance_group_mag1.5,xgb,ks_statistic,AOD_star,-0.035087719298245626,0.13224155871100057,-0.12552684709768377,0.15781970386078037,3
lsac,variance_group_mag1.5,xgb,ks_statistic,BalAcc,-0.1213032581453634,0.03998102576964264,-0.137514504189211,0.13332512513448555,3
lsac,variance_group_mag1.5,xgb,kl_divergence,DI_star,-0.4697364060917142,0.08859454307295703,-0.5014972306766016,0.0654226403005552,3
lsac,variance_group_mag1.5,xgb,kl_divergence,AOD_star,-0.33583959899749366,0.11768031581170725,-0.338411857147499,0.11134896565137231,3
lsac,variance_group_mag1.5,xgb,kl_divergence,BalAcc,-0.043609022556390965,0.04988916805922299,0.0230372852470236,0.08246942355715868,3
lsac,variance_group_mag1.5,xgb,per_subgroup_ewma[min_neg],DI_star,-0.3220967125369938,0.1401355899278602,-0.3760643333281349,0.12335070241948551,3
lsac,variance_group_mag1.5,xgb,per_subgroup_ewma[min_neg],AOD_star,-0.22656641604010022,0.05291486003166575,-0.21728894354684034,0.11794250685198984,3
lsac,variance_group_mag1.5,xgb,per_subgroup_ewma[min_neg],BalAcc,0.08872180451127819,0.15196652522030218,0.09161738575894536,0.15444016744982147,3
lsac,variance_group_mag1.5,xgb,per_subgroup_baseline_relative[min_neg],DI_star,-0.01579710985219911,0.03321248416425394,-0.04305154122210649,0.07495307049756768,3
lsac,variance_group_mag1.5,xgb,per_subgroup_baseline_relative[min_neg],AOD_star,0.015538847117794491,0.09440873550892201,0.029752271681682818,0.1505010871383561,3
lsac,variance_group_mag1.5,xgb,per_subgroup_baseline_relative[min_neg],BalAcc,0.2822055137844612,0.2651662236670247,0.28350797758436036,0.24714448769611153,3
lsac,variance_group_mag1.5,xgb,per_subgroup_ewma[min_pos],DI_star,-0.27317843225689786,0.27330439933871736,-0.2317612751928604,0.26916646116594317,3
lsac,variance_group_mag1.5,xgb,per_subgroup_ewma[min_pos],AOD_star,-0.2857142857142857,0.2105728555791006,-0.25464022864282526,0.21361665484378747,3
lsac,variance_group_mag1.5,xgb,per_subgroup_ewma[min_pos],BalAcc,-0.2832080200501253,0.22579881947758132,-0.14859382945059524,0.2799771764635467,3
lsac,variance_group_mag1.5,xgb,per_subgroup_baseline_relative[min_pos],DI_star,-0.22933113298602303,0.11832982816983675,-0.184896869392179,0.08769637285824934,3
lsac,variance_group_mag1.5,xgb,per_subgroup_baseline_relative[min_pos],AOD_star,-0.18947368421052632,0.09530402677609795,-0.14274278909561894,0.06082796120158321,3
lsac,variance_group_mag1.5,xgb,per_subgroup_baseline_relative[min_pos],BalAcc,-0.2476190476190476,0.09241563650319008,-0.17155270995159547,0.14623589953937646,3
lsac,variance_group_mag1.5,xgb,per_subgroup_ewma[maj_neg],DI_star,-0.10328133668841089,0.11344399087887984,-0.09419759753499242,0.10569144007060981,3
lsac,variance_group_mag1.5,xgb,per_subgroup_ewma[maj_neg],AOD_star,-0.143859649122807,0.10265536888308793,-0.08076619456705343,0.1313658012714881,3
lsac,variance_group_mag1.5,xgb,per_subgroup_ewma[maj_neg],BalAcc,0.045112781954887216,0.12957369245140526,0.05804444843465118,0.1518077159905421,3
lsac,variance_group_mag1.5,xgb,per_subgroup_baseline_relative[maj_neg],DI_star,-0.10978801149998303,0.009267612894860089,-0.16357472484170818,0.08930835662471225,3
lsac,variance_group_mag1.5,xgb,per_subgroup_baseline_relative[maj_neg],AOD_star,-0.11979949874686717,0.08353951541252996,-0.05506252164550299,0.04240526495191762,3
lsac,variance_group_mag1.5,xgb,per_subgroup_baseline_relative[maj_neg],BalAcc,0.156390977443609,0.18228392544584257,0.2523849176322736,0.18033727245687278,3
lsac,variance_group_mag1.5,xgb,per_subgroup_ewma[maj_pos],DI_star,0.31003251027727247,0.23808555180843663,0.35702284692180514,0.20999700815446018,3
lsac,variance_group_mag1.5,xgb,per_subgroup_ewma[maj_pos],AOD_star,0.16691729323308271,0.12335105315646712,0.15574830816144022,0.12825991339572815,3
lsac,variance_group_mag1.5,xgb,per_subgroup_ewma[maj_pos],BalAcc,-0.030075187969924814,0.11500236982632878,-0.025396730583481186,0.1223646792527949,3
lsac,variance_group_mag1.5,xgb,per_subgroup_baseline_relative[maj_pos],DI_star,0.15486157560445973,0.3171547698599614,0.11644450205578749,0.2915663280503717,3
lsac,variance_group_mag1.5,xgb,per_subgroup_baseline_relative[maj_pos],AOD_star,0.1488721804511278,0.15685779567179528,0.14574260973721537,0.14063501727397829,3
lsac,variance_group_mag1.5,xgb,per_subgroup_baseline_relative[maj_pos],BalAcc,0.13032581453634084,0.2258188478554959,0.1277915580403239,0.2081073363395565,3
lsac,variance_group_mag2.0,lr,global_mean,DI_star,-0.2115616292953851,0.12427347918149788,-0.1770672943123377,0.15706225800407048,3
lsac,variance_group_mag2.0,lr,global_mean,AOD_star,0.0050125313283207835,0.20139275487107794,-0.06054242685779374,0.21166307070698095,3
lsac,variance_group_mag2.0,lr,global_mean,BalAcc,0.19699248120300747,0.1188065095645334,0.16603462741225808,0.10621153955423362,3
lsac,variance_group_mag2.0,lr,global_ewma,DI_star,-0.06868412332360602,0.13496377201217485,-0.0764678878764388,0.1714861430956758,3
lsac,variance_group_mag2.0,lr,global_ewma,AOD_star,0.07719298245614035,0.21093527530090017,-0.017644873601970007,0.2149971193811581,3
lsac,variance_group_mag2.0,lr,global_ewma,BalAcc,-0.03308270676691729,0.08039137686991674,-0.02308504486820317,0.059370612645869215,3
lsac,variance_group_mag2.0,lr,global_std,DI_star,-0.14065401419852985,0.19776631170627568,-0.08908014591031903,0.18729936114603327,3
lsac,variance_group_mag2.0,lr,global_std,AOD_star,0.07117794486215538,0.24021376442978604,0.009810763254108327,0.2595908211876371,3
lsac,variance_group_mag2.0,lr,global_std,BalAcc,0.12882205513784462,0.21426094332782555,0.08454483734496149,0.15785605680827797,3
lsac,variance_group_mag2.0,lr,subgroup_violation_diff,DI_star,-0.03382487627724166,0.07910292482611381,-0.07736721037444634,0.06745429115284411,3
lsac,variance_group_mag2.0,lr,subgroup_violation_diff,AOD_star,-0.08671679197994986,0.2002517244269641,-0.12644309927946243,0.17034950221453293,3
lsac,variance_group_mag2.0,lr,subgroup_violation_diff,BalAcc,-0.18596491228070175,0.25636439445999915,-0.14526429961047274,0.2590611586374572,3
lsac,variance_group_mag2.0,lr,max_subgroup_deviation,DI_star,-0.144428402209711,0.2938924213729478,-0.005282588831542164,0.3037514532927843,3
lsac,variance_group_mag2.0,lr,max_subgroup_deviation,AOD_star,0.011027568922305784,0.21021937285240336,0.04458707328873929,0.26169674652932456,3
lsac,variance_group_mag2.0,lr,max_subgroup_deviation,BalAcc,0.08170426065162907,0.21147061166772824,0.044228095812087115,0.21639912877915482,3
lsac,variance_group_mag2.0,lr,assignment_proportion_drift,DI_star,0.10569350388763478,0.2749067513361281,0.007013610243421731,0.16742080998118664,3
lsac,variance_group_mag2.0,lr,assignment_proportion_drift,AOD_star,0.02529075179876979,0.1604740382540514,0.008817091845462513,0.12660644318655853,3
lsac,variance_group_mag2.0,lr,assignment_proportion_drift,BalAcc,-0.005770727364053309,0.10550960922787002,0.0019285962644482735,0.09974459584365504,3
lsac,variance_group_mag2.0,lr,ks_statistic,DI_star,-0.08448179881787833,0.09642667340085607,-0.06842302848445876,0.07972723456503342,3
lsac,variance_group_mag2.0,lr,ks_statistic,AOD_star,0.010526315789473675,0.10612607278363129,0.02752666259198111,0.12265879746488964,3
lsac,variance_group_mag2.0,lr,ks_statistic,BalAcc,-0.015538847117794491,0.14920008107172003,-0.02648873699010562,0.10845704159065492,3
lsac,variance_group_mag2.0,lr,kl_divergence,DI_star,-0.26019242200062626,0.09592835028194845,-0.1239273907641143,0.13379423436929072,3
lsac,variance_group_mag2.0,lr,kl_divergence,AOD_star,-0.07268170426065163,0.16765999427918984,-0.04266790453509553,0.18690291165016978,3
lsac,variance_group_mag2.0,lr,kl_divergence,BalAcc,0.049122807017543846,0.18539726509203452,0.022833747336467713,0.12607009609689643,3
lsac,variance_group_mag2.0,lr,per_subgroup_ewma[min_neg],DI_star,-0.21959676320931779,0.11657334280906888,-0.15400876179154013,0.07912836076602854,3
lsac,variance_group_mag2.0,lr,per_subgroup_ewma[min_neg],AOD_star,-0.06716791979949875,0.24317338855516524,-0.06875063315844951,0.22580574053069505,3
lsac,variance_group_mag2.0,lr,per_subgroup_ewma[min_neg],BalAcc,-0.043609022556390986,0.1211312187503857,0.011782590908718629,0.1062239972073006,3
lsac,variance_group_mag2.0,lr,per_subgroup_baseline_relative[min_neg],DI_star,-0.26846847229205123,0.11494768675600023,-0.22836238232704661,0.09747017682129168,3
lsac,variance_group_mag2.0,lr,per_subgroup_baseline_relative[min_neg],AOD_star,-0.11228070175438594,0.23969859823037257,-0.15211462654942906,0.24359434415578785,3
lsac,variance_group_mag2.0,lr,per_subgroup_baseline_relative[min_neg],BalAcc,0.10375939849624059,0.2146955584670646,0.08567600182187869,0.25085778598918507,3
lsac,variance_group_mag2.0,lr,per_subgroup_ewma[min_pos],DI_star,0.05542382380752164,0.17228039381881324,0.06941975766388371,0.12457555917077388,3
lsac,variance_group_mag2.0,lr,per_subgroup_ewma[min_pos],AOD_star,0.08020050125313283,0.2876398203082649,0.15385178903726585,0.270638125146005,3
lsac,variance_group_mag2.0,lr,per_subgroup_ewma[min_pos],BalAcc,-0.06917293233082705,0.21469555846706456,-0.06514847067495798,0.18407273393719953,3
lsac,variance_group_mag2.0,lr,per_subgroup_baseline_relative[min_pos],DI_star,-0.044363070550253125,0.18455309415708235,0.006704825119020738,0.2457758443390037,3
lsac,variance_group_mag2.0,lr,per_subgroup_baseline_relative[min_pos],AOD_star,0.05614035087719297,0.18594126676173311,0.041342463858911875,0.22978507366480938,3
lsac,variance_group_mag2.0,lr,per_subgroup_baseline_relative[min_pos],BalAcc,-0.014035087719298234,0.13015025769695213,-0.08517480086695244,0.14742036130458241,3
lsac,variance_group_mag2.0,lr,per_subgroup_ewma[maj_neg],DI_star,-0.15135450060085487,0.24463169118688072,-0.09084945334609479,0.22822966136258746,3
lsac,variance_group_mag2.0,lr,per_subgroup_ewma[maj_neg],AOD_star,-0.02355889724310774,0.32020856765466904,0.00029834769650616266,0.3307458853463656,3
lsac,variance_group_mag2.0,lr,per_subgroup_ewma[maj_neg],BalAcc,0.10225563909774434,0.1701619655010344,0.04680810426833359,0.2108576308111247,3
lsac,variance_group_mag2.0,lr,per_subgroup_baseline_relative[maj_neg],DI_star,-0.2055105791560712,0.17010133879208314,-0.16558954747287544,0.17619233975855894,3
lsac,variance_group_mag2.0,lr,per_subgroup_baseline_relative[maj_neg],AOD_star,-0.09172932330827067,0.24715693590080742,-0.07641310958578962,0.25533966992893564,3
lsac,variance_group_mag2.0,lr,per_subgroup_baseline_relative[maj_neg],BalAcc,0.1969924812030075,0.17490646114153946,0.12009815297241916,0.16818043599082108,3
lsac,variance_group_mag2.0,lr,per_subgroup_ewma[maj_pos],DI_star,0.21909343605555054,0.17313155295796792,0.21369709334132456,0.16568490172346143,3
lsac,variance_group_mag2.0,lr,per_subgroup_ewma[maj_pos],AOD_star,0.12380952380952381,0.302574261502396,0.13012454040227472,0.2700883492507687,3
lsac,variance_group_mag2.0,lr,per_subgroup_ewma[maj_pos],BalAcc,0.009523809523809526,0.21569150040995952,0.02550734590351944,0.2410638170753688,3
lsac,variance_group_mag2.0,lr,per_subgroup_baseline_relative[maj_pos],DI_star,0.08744576317523223,0.19184691558935207,0.1490931910811131,0.15966447408499168,3
lsac,variance_group_mag2.0,lr,per_subgroup_baseline_relative[maj_pos],AOD_star,0.16541353383458646,0.16839867377278797,0.19968743200075753,0.11858903306365218,3
lsac,variance_group_mag2.0,lr,per_subgroup_baseline_relative[maj_pos],BalAcc,0.23659147869674188,0.14331457345873713,0.19290686252897035,0.16708502691895147,3
lsac,variance_group_mag2.0,xgb,global_mean,DI_star,-0.2927318295739348,0.08720364009755285,-0.31418381119643857,0.08802401125276775,3
lsac,variance_group_mag2.0,xgb,global_mean,AOD_star,-0.1989974937343358,0.11114489973116919,-0.21116809845535114,0.174938191726501,3
lsac,variance_group_mag2.0,xgb,global_mean,BalAcc,0.24912280701754383,0.21720981942030768,0.2589095623454616,0.23911063126061768,3
lsac,variance_group_mag2.0,xgb,global_ewma,DI_star,-0.5072681704260651,0.014750816009586129,-0.5188718144412662,0.03688218532389318,3
lsac,variance_group_mag2.0,xgb,global_ewma,AOD_star,-0.51328320802005,0.04481662746317215,-0.5084253326116096,0.07184833358336074,3
lsac,variance_group_mag2.0,xgb,global_ewma,BalAcc,-0.015538847117794493,0.22109638744249585,0.05833346576365763,0.15890569468204463,3
lsac,variance_group_mag2.0,xgb,global_std,DI_star,-0.39849624060150374,0.20077299880465377,-0.36923668718232205,0.18296630655436757,3
lsac,variance_group_mag2.0,xgb,global_std,AOD_star,-0.31979949874686714,0.20512341432152542,-0.2840067850400056,0.19578043501656284,3
lsac,variance_group_mag2.0,xgb,global_std,BalAcc,0.14536340852130325,0.19776707163802573,0.2591158740003144,0.1866341172280529,3
lsac,variance_group_mag2.0,xgb,subgroup_violation_diff,DI_star,-0.1258145363408521,0.16433612818050047,-0.11476417192017303,0.21342167741191875,3
lsac,variance_group_mag2.0,xgb,subgroup_violation_diff,AOD_star,-0.11177944862155388,0.054583681354751036,-0.17902545698907316,0.0854957920265329,3
lsac,variance_group_mag2.0,xgb,subgroup_violation_diff,BalAcc,-0.0711779448621554,0.3540586166664761,-0.1617713394773399,0.33606612018371906,3
lsac,variance_group_mag2.0,xgb,max_subgroup_deviation,DI_star,-0.27017543859649124,0.2116487562214229,-0.27981062245487237,0.1979361209649607,3
lsac,variance_group_mag2.0,xgb,max_subgroup_deviation,AOD_star,-0.15288220551378445,0.1829457200931436,-0.19303855805926043,0.18387929165331388,3
lsac,variance_group_mag2.0,xgb,max_subgroup_deviation,BalAcc,0.23909774436090223,0.3221720431840542,0.23932688911069525,0.28457333336088925,3
lsac,variance_group_mag2.0,xgb,assignment_proportion_drift,DI_star,-0.09830123550562185,0.3574222832207337,-0.0910678313307997,0.27729225830323867,3
lsac,variance_group_mag2.0,xgb,assignment_proportion_drift,AOD_star,0.035805377652063396,0.27678325640740303,-0.04888416789072725,0.2709998106710412,3
lsac,variance_group_mag2.0,xgb,assignment_proportion_drift,BalAcc,-0.13484124077369988,0.0941804354511377,-0.15667887152660462,0.060548785612463685,3
lsac,variance_group_mag2.0,xgb,ks_statistic,DI_star,-0.39749373433583957,0.14087442629838673,-0.399589104221967,0.08230385818681915,3
lsac,variance_group_mag2.0,xgb,ks_statistic,AOD_star,-0.2451127819548872,0.08098922941391522,-0.29752630308733496,0.04003834651651868,3
lsac,variance_group_mag2.0,xgb,ks_statistic,BalAcc,-0.10325814536340851,0.055691005162230175,-0.09438349779372557,0.08461501774928648,3
lsac,variance_group_mag2.0,xgb,kl_divergence,DI_star,-0.6631578947368421,0.10345019491036392,-0.5856150399841732,0.09809343995186498,3
lsac,variance_group_mag2.0,xgb,kl_divergence,AOD_star,-0.5944862155388471,0.05957536350737251,-0.537974474026668,0.06332067213330228,3
lsac,variance_group_mag2.0,xgb,kl_divergence,BalAcc,-0.06516290726817041,0.1697065750229497,0.03857399781134936,0.13956492094113268,3
lsac,variance_group_mag2.0,xgb,per_subgroup_ewma[min_neg],DI_star,-0.5969924812030075,0.10644520700498251,-0.5990732514897883,0.07457357733992767,3
lsac,variance_group_mag2.0,xgb,per_subgroup_ewma[min_neg],AOD_star,-0.5448621553884712,0.0821474212489146,-0.536286390186245,0.09763282279359985,3
lsac,variance_group_mag2.0,xgb,per_subgroup_ewma[min_neg],BalAcc,0.014536340852130339,0.19277989564598103,0.056040116818845194,0.17518335350638378,3
lsac,variance_group_mag2.0,xgb,per_subgroup_baseline_relative[min_neg],DI_star,-0.3328320802005012,0.14968429076170972,-0.3212832580972678,0.09582043604880364,3
lsac,variance_group_mag2.0,xgb,per_subgroup_baseline_relative[min_neg],AOD_star,-0.26065162907268163,0.18474561263683395,-0.2463451726900431,0.18078764442063197,3
lsac,variance_group_mag2.0,xgb,per_subgroup_baseline_relative[min_neg],BalAcc,0.20751879699248119,0.34664399502017507,0.2154628435201338,0.29600357483751866,3
lsac,variance_group_mag2.0,xgb,per_subgroup_ewma[min_pos],DI_star,-0.21604010025062656,0.38715956116402095,-0.22177940108310612,0.34616035119620747,3
lsac,variance_group_mag2.0,xgb,per_subgroup_ewma[min_pos],AOD_star,-0.2731829573934837,0.30170359025917143,-0.2731259630680603,0.30146880191862363,3
lsac,variance_group_mag2.0,xgb,per_subgroup_ewma[min_pos],BalAcc,-0.2671679197994987,0.2048697040945932,-0.12957609511434254,0.26489469994114506,3
lsac,variance_group_mag2.0,xgb,per_subgroup_baseline_relative[min_pos],DI_star,-0.28170426065162907,0.1415469976385904,-0.24514904940135632,0.12287076871798931,3
lsac,variance_group_mag2.0,xgb,per_subgroup_baseline_relative[min_pos],AOD_star,-0.2426065162907268,0.07985829246835818,-0.23706533044720754,0.04396299301292777,3
lsac,variance_group_mag2.0,xgb,per_subgroup_baseline_relative[min_pos],BalAcc,-0.2150375939849624,0.08118444046527458,-0.14208889665787947,0.1154017043834194,3
lsac,variance_group_mag2.0,xgb,per_subgroup_ewma[maj_neg],DI_star,-0.3022556390977443,0.05529256033338421,-0.31035198340152026,0.06906454815853234,3
lsac,variance_group_mag2.0,xgb,per_subgroup_ewma[maj_neg],AOD_star,-0.3037593984962406,0.11418673988914063,-0.26032182702709084,0.09094402099187436,3
lsac,variance_group_mag2.0,xgb,per_subgroup_ewma[maj_neg],BalAcc,0.015037593984962405,0.2969712247714991,0.08516964431296958,0.2696905352204845,3
lsac,variance_group_mag2.0,xgb,per_subgroup_baseline_relative[maj_neg],DI_star,-0.14837092731829574,0.04430918923430489,-0.19615355432578566,0.10780146568106976,3
lsac,variance_group_mag2.0,xgb,per_subgroup_baseline_relative[maj_neg],AOD_star,-0.12030075187969924,0.11629288737082066,-0.09670602696345644,0.09494639225358656,3
lsac,variance_group_mag2.0,xgb,per_subgroup_baseline_relative[maj_neg],BalAcc,0.1413533834586466,0.2949388086086456,0.21993023230491157,0.24542749278018097,3
lsac,variance_group_mag2.0,xgb,per_subgroup_ewma[maj_pos],DI_star,0.4741854636591478,0.14757457491625647,0.5058901777001307,0.14180858265190854,3
lsac,variance_group_mag2.0,xgb,per_subgroup_ewma[maj_pos],AOD_star,0.393984962406015,0.07079923254047886,0.3888540029515139,0.06785367101195947,3
lsac,variance_group_mag2.0,xgb,per_subgroup_ewma[maj_pos],BalAcc,-0.014536340852130328,0.14077808237419914,-0.05377824110204607,0.11357649666580176,3
lsac,variance_group_mag2.0,xgb,per_subgroup_baseline_relative[maj_pos],DI_star,0.19649122807017547,0.1930494952399238,0.18418990340143393,0.17183200373324473,3
lsac,variance_group_mag2.0,xgb,per_subgroup_baseline_relative[maj_pos],AOD_star,0.2160401002506266,0.0538328129156245,0.21956070345084577,0.0576219153990865,3
lsac,variance_group_mag2.0,xgb,per_subgroup_baseline_relative[maj_pos],BalAcc,0.12431077694235591,0.22091903737055335,0.10886238343279965,0.18107636493808774,3
lsac,variance_group_mag2.5,lr,global_mean,DI_star,-0.20729880937169834,0.06621201732223797,-0.15550410958969565,0.12869000290157853,3
lsac,variance_group_mag2.5,lr,global_mean,AOD_star,0.022055137844611526,0.18195005413466986,-0.03062970633952682,0.2481226012110555,3
lsac,variance_group_mag2.5,lr,global_mean,BalAcc,0.19498746867167918,0.11970613280621065,0.1411001867201409,0.10944761064208089,3
lsac,variance_group_mag2.5,lr,global_ewma,DI_star,-0.07394888387088366,0.0790229357330008,-0.07613593709339611,0.0944355178136812,3
lsac,variance_group_mag2.5,lr,global_ewma,AOD_star,0.06766917293233084,0.16691503532081642,-0.005351557177602995,0.19892486716480523,3
lsac,variance_group_mag2.5,lr,global_ewma,BalAcc,0.022055137844611532,0.08118753526906738,-0.006255163551974048,0.0751185629700325,3
lsac,variance_group_mag2.5,lr,global_std,DI_star,-0.12560510737210287,0.14436010753060388,-0.0830127668915218,0.1637092598705448,3
lsac,variance_group_mag2.5,lr,global_std,AOD_star,0.06115288220551377,0.24556390465856406,0.003641779023172679,0.27301206075889084,3
lsac,variance_group_mag2.5,lr,global_std,BalAcc,0.06616541353383458,0.19895140341102227,0.04973186148316134,0.1827862818078568,3
lsac,variance_group_mag2.5,lr,subgroup_violation_diff,DI_star,-0.06891957182772375,0.06457898093747655,-0.06893571169865594,0.05822926395079177,3
lsac,variance_group_mag2.5,lr,subgroup_violation_diff,AOD_star,-0.08320802005012527,0.24089059491155365,-0.09909558373313188,0.22176871322374148,3
lsac,variance_group_mag2.5,lr,subgroup_violation_diff,BalAcc,-0.1724310776942356,0.30163862591117024,-0.13468593606855103,0.28951847013294146,3
lsac,variance_group_mag2.5,lr,max_subgroup_deviation,DI_star,-0.07850673326373488,0.3055264108255126,0.020674074170465555,0.28766334892695317,3
lsac,variance_group_mag2.5,lr,max_subgroup_deviation,AOD_star,0.06265664160401001,0.25898542049911866,0.0682140533315211,0.32440916837230244,3
lsac,variance_group_mag2.5,lr,max_subgroup_deviation,BalAcc,0.07719298245614034,0.1247324886705099,0.021956178067109592,0.11111808324440921,3
lsac,variance_group_mag2.5,lr,assignment_proportion_drift,DI_star,0.1322644459153904,0.28083410987528346,0.008724680562954298,0.1803787851790812,3
lsac,variance_group_mag2.5,lr,assignment_proportion_drift,AOD_star,0.02955244043831005,0.17244593578574538,0.009237913735362924,0.13724492755535136,3
lsac,variance_group_mag2.5,lr,assignment_proportion_drift,BalAcc,-0.0032663471734703333,0.08006498334813422,-0.003083784423554725,0.08610388919221086,3
lsac,variance_group_mag2.5,lr,ks_statistic,DI_star,-0.07095456338893318,0.12261480392366539,-0.04969641097021941,0.11872165713134589,3
lsac,variance_group_mag2.5,lr,ks_statistic,AOD_star,0.012030075187969924,0.1044652898223062,0.041681694835043415,0.17048360760596545,3
lsac,variance_group_mag2.5,lr,ks_statistic,BalAcc,-0.012531328320801996,0.1535815386840698,-0.032087258727632746,0.0848272706061903,3
lsac,variance_group_mag2.5,lr,kl_divergence,DI_star,-0.21583085982923503,0.09129299438364494,-0.08148473576919578,0.12854627099397392,3
lsac,variance_group_mag2.5,lr,kl_divergence,AOD_star,-0.06867167919799498,0.1975000953137667,-0.009025808956521922,0.20352398808791805,3
lsac,variance_group_mag2.5,lr,kl_divergence,BalAcc,0.04411027568922305,0.14086372467197333,0.01642042575204165,0.07029968585363365,3
lsac,variance_group_mag2.5,lr,per_subgroup_ewma[min_neg],DI_star,-0.20079647114935428,0.12111202336422439,-0.10394614608362958,0.08323530740438051,3
lsac,variance_group_mag2.5,lr,per_subgroup_ewma[min_neg],AOD_star,-0.02355889724310778,0.20081554314551783,-0.026016063697934355,0.20990635386232054,3
lsac,variance_group_mag2.5,lr,per_subgroup_ewma[min_neg],BalAcc,0.027067669172932327,0.10168645954315533,0.008449570042470336,0.0896008820425726,3
lsac,variance_group_mag2.5,lr,per_subgroup_baseline_relative[min_neg],DI_star,-0.2732336766327165,0.09678085797449025,-0.17613516552514188,0.09292834754122033,3
lsac,variance_group_mag2.5,lr,per_subgroup_baseline_relative[min_neg],AOD_star,-0.042105263157894736,0.18772314627762085,-0.07333062173093442,0.2535566439035295,3
lsac,variance_group_mag2.5,lr,per_subgroup_baseline_relative[min_neg],BalAcc,0.15087719298245614,0.13969772834562838,0.10524054093107203,0.18478143208342757,3
lsac,variance_group_mag2.5,lr,per_subgroup_ewma[min_pos],DI_star,0.03259484049648494,0.09861307506423496,0.011185626143757121,0.11349221063164804,3
lsac,variance_group_mag2.5,lr,per_subgroup_ewma[min_pos],AOD_star,0.06716791979949874,0.27153951407270555,0.1108282715837881,0.26756694209779386,3
lsac,variance_group_mag2.5,lr,per_subgroup_ewma[min_pos],BalAcc,-0.052130325814536305,0.2247280530939013,-0.04420940781899855,0.19236939645200538,3
lsac,variance_group_mag2.5,lr,per_subgroup_baseline_relative[min_pos],DI_star,-0.03585477705979202,0.21666767242537582,-0.02645428288244221,0.2669590783322524,3
lsac,variance_group_mag2.5,lr,per_subgroup_baseline_relative[min_pos],AOD_star,0.04110275689223058,0.2188726267169167,0.020634983100579263,0.2784334313772724,3
lsac,variance_group_mag2.5,lr,per_subgroup_baseline_relative[min_pos],BalAcc,-0.041604010025062664,0.09338118508755379,-0.0803814316455306,0.10862250036975639,3
lsac,variance_group_mag2.5,lr,per_subgroup_ewma[maj_neg],DI_star,-0.1523598350768852,0.23293332248927728,-0.1383200534943966,0.17978071728445022,3
lsac,variance_group_mag2.5,lr,per_subgroup_ewma[maj_neg],AOD_star,-0.04060150375939849,0.32695846994509487,-0.047159510773325496,0.27774295579371167,3
lsac,variance_group_mag2.5,lr,per_subgroup_ewma[maj_neg],BalAcc,0.09273182957393482,0.2121574239695575,0.07761120096393197,0.20911177279748178,3
lsac,variance_group_mag2.5,lr,per_subgroup_baseline_relative[maj_neg],DI_star,-0.20026052530269756,0.08903974686440198,-0.17079419394888232,0.11470508429818951,3
lsac,variance_group_mag2.5,lr,per_subgroup_baseline_relative[maj_neg],AOD_star,-0.08370927318295739,0.2125549710214548,-0.09216357830139676,0.23255005423996572,3
lsac,variance_group_mag2.5,lr,per_subgroup_baseline_relative[maj_neg],BalAcc,0.1659147869674185,0.2579296857979156,0.11290341819188332,0.22347087918635802,3
lsac,variance_group_mag2.5,lr,per_subgroup_ewma[maj_pos],DI_star,0.08972374513486912,0.13862021424455742,0.1508643404244312,0.11266681222974954,3
lsac,variance_group_mag2.5,lr,per_subgroup_ewma[maj_pos],AOD_star,0.020551378446115282,0.18112378111120464,0.06850079158580645,0.20831781406172903,3
lsac,variance_group_mag2.5,lr,per_subgroup_ewma[maj_pos],BalAcc,0.0025062656641603918,0.21354560076776055,0.025832823317446612,0.23597283729810187,3
lsac,variance_group_mag2.5,lr,per_subgroup_baseline_relative[maj_pos],DI_star,0.11150346243552141,0.22205844566944596,0.15744193167772444,0.16059499298498245,3
lsac,variance_group_mag2.5,lr,per_subgroup_baseline_relative[maj_pos],AOD_star,0.16190476190476188,0.2066829023509997,0.1999957264849309,0.12870171416006565,3
lsac,variance_group_mag2.5,lr,per_subgroup_baseline_relative[maj_pos],BalAcc,0.20802005012531324,0.1326058507620754,0.17375715502688593,0.156678339296907,3
lsac,variance_group_mag2.5,xgb,global_mean,DI_star,-0.45463659147869667,0.021348911718342724,-0.4744278683633442,0.022905937025267335,3
lsac,variance_group_mag2.5,xgb,global_mean,AOD_star,-0.3729323308270676,0.043600379404476454,-0.368403903240161,0.09976315543665809,3
lsac,variance_group_mag2.5,xgb,global_mean,BalAcc,0.10075187969924813,0.257841025556124,0.18372527241474934,0.20863407645151813,3
lsac,variance_group_mag2.5,xgb,global_ewma,DI_star,-0.5263157894736842,0.0841120082507414,-0.5666407944607806,0.04915099294761751,3
lsac,variance_group_mag2.5,xgb,global_ewma,AOD_star,-0.5037593984962406,0.051612036997685753,-0.5326001242887325,0.03470594314193511,3
lsac,variance_group_mag2.5,xgb,global_ewma,BalAcc,-0.05664160401002504,0.21804107967347158,0.02910554171778072,0.1547863806160381,3
lsac,variance_group_mag2.5,xgb,global_std,DI_star,-0.5162907268170426,0.0980279928264975,-0.48957965581935065,0.0817006840291955,3
lsac,variance_group_mag2.5,xgb,global_std,AOD_star,-0.4451127819548872,0.10639562677478936,-0.42095188132142275,0.12350244361108748,3
lsac,variance_group_mag2.5,xgb,global_std,BalAcc,0.09624060150375942,0.23007354988195994,0.17089702513256422,0.1924633914414556,3
lsac,variance_group_mag2.5,xgb,subgroup_violation_diff,DI_star,-0.20501253132832079,0.20403280802381565,-0.1874036198954505,0.20762017329927684,3
lsac,variance_group_mag2.5,xgb,subgroup_violation_diff,AOD_star,-0.24060150375939848,0.06273879326161359,-0.24435064080089106,0.064922480046261,3
lsac,variance_group_mag2.5,xgb,subgroup_violation_diff,BalAcc,-0.11278195488721802,0.3010599925489492,-0.15483839405178376,0.32878504374782425,3
lsac,variance_group_mag2.5,xgb,max_subgroup_deviation,DI_star,-0.3859649122807018,0.15299145609569564,-0.40154342482873756,0.10345904966018524,3
lsac,variance_group_mag2.5,xgb,max_subgroup_deviation,AOD_star,-0.2882205513784461,0.13027182224557607,-0.3243659068647913,0.12762209422412685,3
lsac,variance_group_mag2.5,xgb,max_subgroup_deviation,BalAcc,0.17543859649122806,0.2540755170753039,0.18069267380096823,0.2041535392938734,3
lsac,variance_group_mag2.5,xgb,assignment_proportion_drift,DI_star,-0.09053360314662316,0.3171139980653859,-0.17519945348913354,0.26607588595336806,3
lsac,variance_group_mag2.5,xgb,assignment_proportion_drift,AOD_star,-0.051430579459704105,0.2799586235445425,-0.15719843212984275,0.2345797968064876,3
lsac,variance_group_mag2.5,xgb,assignment_proportion_drift,BalAcc,-0.12231236356854853,0.09746807606118224,-0.12704439334188786,0.09423270825242082,3
lsac,variance_group_mag2.5,xgb,ks_statistic,DI_star,-0.5102756892230577,0.10523689850286576,-0.5084071638912864,0.11600072294326655,3
lsac,variance_group_mag2.5,xgb,ks_statistic,AOD_star,-0.4165413533834586,0.10956480825632917,-0.43011082283110574,0.05479566433945545,3
lsac,variance_group_mag2.5,xgb,ks_statistic,BalAcc,-0.106265664160401,0.08214742124891457,-0.0575457645662725,0.08551000977680095,3
lsac,variance_group_mag2.5,xgb,kl_divergence,DI_star,-0.6907268170426065,0.057147253931009896,-0.6191198618936196,0.09238924197503201,3
lsac,variance_group_mag2.5,xgb,kl_divergence,AOD_star,-0.6340852130325814,0.02484112620223332,-0.5722273003320905,0.05020728137625011,3
lsac,variance_group_mag2.5,xgb,kl_divergence,BalAcc,-0.0631578947368421,0.16199241867722172,0.04570303677998875,0.13269431695571338,3
lsac,variance_group_mag2.5,xgb,per_subgroup_ewma[min_neg],DI_star,-0.6571428571428571,0.01964503051856182,-0.6013401725082669,0.058513998629698166,3
lsac,variance_group_mag2.5,xgb,per_subgroup_ewma[min_neg],AOD_star,-0.5959899749373433,0.05876003855526957,-0.55658967494056,0.051771344827414245,3
lsac,variance_group_mag2.5,xgb,per_subgroup_ewma[min_neg],BalAcc,-0.008521303258145374,0.19833795364764803,0.024919419493960832,0.16367692878637216,3
lsac,variance_group_mag2.5,xgb,per_subgroup_baseline_relative[min_neg],DI_star,-0.5172932330827067,0.0957695237779889,-0.4694344925375013,0.046151013497841745,3
lsac,variance_group_mag2.5,xgb,per_subgroup_baseline_relative[min_neg],AOD_star,-0.4451127819548872,0.1495365041489115,-0.3963049882145297,0.13756331822315723,3
lsac,variance_group_mag2.5,xgb,per_subgroup_baseline_relative[min_neg],BalAcc,0.09423558897243108,0.32087405206006325,0.133290838027343,0.22778967963528557,3
lsac,variance_group_mag2.5,xgb,per_subgroup_ewma[min_pos],DI_star,-0.2556390977443609,0.2849693494105184,-0.24758561070249208,0.26322494672580193,3
lsac,variance_group_mag2.5,xgb,per_subgroup_ewma[min_pos],AOD_star,-0.29974937343358393,0.24266761176905585,-0.2867661008441757,0.20728254519249417,3
lsac,variance_group_mag2.5,xgb,per_subgroup_ewma[min_pos],BalAcc,-0.268671679197995,0.24665423433855735,-0.10421888390517076,0.2753373237701402,3
lsac,variance_group_mag2.5,xgb,per_subgroup_baseline_relative[min_pos],DI_star,-0.31729323308270674,0.10898538818505213,-0.2956489055901352,0.1166541960532868,3
lsac,variance_group_mag2.5,xgb,per_subgroup_baseline_relative[min_pos],AOD_star,-0.27418546365914787,0.07915674189702725,-0.25933339685738543,0.05808706196646936,3
lsac,variance_group_mag2.5,xgb,per_subgroup_baseline_relative[min_pos],BalAcc,-0.1824561403508772,0.13706684199736568,-0.0959597454984681,0.14517385492727877,3
lsac,variance_group_mag2.5,xgb,per_subgroup_ewma[maj_neg],DI_star,-0.25012531328320803,0.07999974874490229,-0.2889251861320126,0.04025630243292427,3
lsac,variance_group_mag2.5,xgb,per_subgroup_ewma[maj_neg],AOD_star,-0.20651629072681701,0.1747181771219734,-0.22529147612548991,0.08013656126030215,3
lsac,variance_group_mag2.5,xgb,per_subgroup_ewma[maj_neg],BalAcc,0.012531328320802004,0.282018928956412,0.09296655272198819,0.2016117881919857,3
lsac,variance_group_mag2.5,xgb,per_subgroup_baseline_relative[maj_neg],DI_star,-0.18496240601503755,0.14618212101671862,-0.18829743824864453,0.13357108647365096,3
lsac,variance_group_mag2.5,xgb,per_subgroup_baseline_relative[maj_neg],AOD_star,-0.09473684210526313,0.16822401650148278,-0.0916005824532193,0.15040140486021128,3
lsac,variance_group_mag2.5,xgb,per_subgroup_baseline_relative[maj_neg],BalAcc,0.18045112781954886,0.27671079807888993,0.23122127993867983,0.22343007061503012,3
lsac,variance_group_mag2.5,xgb,per_subgroup_ewma[maj_pos],DI_star,0.4375939849624059,0.2439645909062834,0.4923570701425533,0.20185862268506996,3
lsac,variance_group_mag2.5,xgb,per_subgroup_ewma[maj_pos],AOD_star,0.36340852130325807,0.21045947142652835,0.37496787895237427,0.16256080622555955,3
lsac,variance_group_mag2.5,xgb,per_subgroup_ewma[maj_pos],BalAcc,-0.05914786967418547,0.12020882034585337,-0.10612633215699602,0.06322673642545884,3
lsac,variance_group_mag2.5,xgb,per_subgroup_baseline_relative[maj_pos],DI_star,0.20852130325814536,0.1804859337081587,0.21314624917200573,0.13137907025097945,3
lsac,variance_group_mag2.5,xgb,per_subgroup_baseline_relative[maj_pos],AOD_star,0.26365914786967415,0.08334982029231022,0.2573764551600335,0.04710089192789343,3
lsac,variance_group_mag2.5,xgb,per_subgroup_baseline_relative[maj_pos],BalAcc,0.06766917293233081,0.19004964772414498,0.0451756993504678,0.13625357810086747,3
meps,no_drift,lr,global_mean,DI_star,0.212531328320802,0.301943337539185,0.2590462336401196,0.26676998068547286,3
meps,no_drift,lr,global_mean,AOD_star,0.09273182957393482,0.20862128892613596,0.11889570305431262,0.2139243433953857,3
meps,no_drift,lr,global_mean,BalAcc,0.21954887218045113,0.2946831315185565,0.22992879776215458,0.24499387595705446,3
meps,no_drift,lr,global_ewma,DI_star,0.0506265664160401,0.10873149867057025,0.045880946898727105,0.10189792994862179,3
meps,no_drift,lr,global_ewma,AOD_star,-0.03208020050125313,0.07410074414716798,-0.0417666363443166,0.09921383023293452,3
meps,no_drift,lr,global_ewma,BalAcc,0.04761904761904761,0.061271916689667326,0.047224810775280436,0.06760768095408276,3
meps,no_drift,lr,global_std,DI_star,0.3142857142857142,0.37864291385912296,0.3377689333902833,0.37824926408560505,3
meps,no_drift,lr,global_std,AOD_star,0.2581453634085213,0.12930193524693528,0.22049856682636504,0.1595265889032308,3
meps,no_drift,lr,global_std,BalAcc,0.21152882205513782,0.245016920330353,0.10742871307554398,0.1885400593130369,3
meps,no_drift,lr,subgroup_violation_diff,DI_star,0.011528822055137852,0.18594126676173311,0.02800225737006538,0.19496806673183434,3
meps,no_drift,lr,subgroup_violation_diff,AOD_star,-0.13834586466165413,0.22382622226911936,-0.22714155528900082,0.24459977118830747,3
meps,no_drift,lr,subgroup_violation_diff,BalAcc,-0.07167919799498747,0.0784296987314452,-0.11778006105595189,0.0788304884504885,3
meps,no_drift,lr,max_subgroup_deviation,DI_star,0.0832080200501253,0.20565188831241624,0.1280609495836882,0.20569035727603713,3
meps,no_drift,lr,max_subgroup_deviation,AOD_star,0.12280701754385964,0.12585147587009474,0.23833676373262605,0.15202863562816413,3
meps,no_drift,lr,max_subgroup_deviation,BalAcc,0.15639097744360897,0.17183700191289386,0.172867926647845,0.15799289073833866,3
meps,no_drift,lr,assignment_proportion_drift,DI_star,0.1769423558897243,0.09517211802530087,0.2122331034672907,0.13202486328997423,3
meps,no_drift,lr,assignment_proportion_drift,AOD_star,0.009523809523809526,0.2001613660492846,0.06352003064695806,0.14992928300025585,3
meps,no_drift,lr,assignment_proportion_drift,BalAcc,0.14586466165413534,0.14635733143370053,0.13914520333537925,0.19569500242873747,3
meps,no_drift,lr,ks_statistic,DI_star,0.041102756892230564,0.20232628047123058,0.07795982314021929,0.10346977309846529,3
meps,no_drift,lr,ks_statistic,AOD_star,-0.14335839598997493,0.22182815670517722,-0.0056797938703892865,0.2908673459525904,3
meps,no_drift,lr,ks_statistic,BalAcc,0.09172932330827067,0.07860889370714194,0.13704406191641397,0.11349694570885921,3
meps,no_drift,lr,kl_divergence,DI_star,0.15087719298245614,0.11901780394353761,0.20428667522812569,0.11450976107752991,3
meps,no_drift,lr,kl_divergence,AOD_star,-0.08170426065162906,0.32986950353130773,0.1038862030526493,0.33170218279259023,3
meps,no_drift,lr,kl_divergence,BalAcc,-0.22857142857142854,0.2034285062152616,-0.14258133823517907,0.26313679033486964,3
meps,no_drift,lr,per_subgroup_ewma[min_neg],DI_star,nan,nan,nan,nan,0
meps,no_drift,lr,per_subgroup_ewma[min_neg],AOD_star,nan,nan,nan,nan,0
meps,no_drift,lr,per_subgroup_ewma[min_neg],BalAcc,nan,nan,nan,nan,0
meps,no_drift,lr,per_subgroup_baseline_relative[min_neg],DI_star,nan,nan,nan,nan,0
meps,no_drift,lr,per_subgroup_baseline_relative[min_neg],AOD_star,nan,nan,nan,nan,0
meps,no_drift,lr,per_subgroup_baseline_relative[min_neg],BalAcc,nan,nan,nan,nan,0
meps,no_drift,lr,per_subgroup_ewma[min_pos],DI_star,0.17944862155388466,0.1980184624895792,0.09407176488386958,0.21252041120607348,3
meps,no_drift,lr,per_subgroup_ewma[min_pos],AOD_star,-0.009523809523809526,0.1758019867010163,-0.05412512348833584,0.15010225457248158,3
meps,no_drift,lr,per_subgroup_ewma[min_pos],BalAcc,-0.05213032581453634,0.2072219493698758,-0.00720870800152304,0.18706545183997708,3
meps,no_drift,lr,per_subgroup_baseline_relative[min_pos],DI_star,0.23558897243107768,0.3561007528530357,0.21053405869019381,0.3767835703221182,3
meps,no_drift,lr,per_subgroup_baseline_relative[min_pos],AOD_star,0.07418546365914785,0.17270916551071622,0.0003986345847562152,0.22071034846249693,3
meps,no_drift,lr,per_subgroup_baseline_relative[min_pos],BalAcc,0.16541353383458643,0.1541824000529972,0.13264977786196544,0.21104964346845248,3
meps,no_drift,lr,per_subgroup_ewma[maj_neg],DI_star,0.03034363226164755,0.0795309712990233,0.15631862293165558,0.15208752751419705,3
meps,no_drift,lr,per_subgroup_ewma[maj_neg],AOD_star,0.1428974919916998,0.2456935513846097,0.2297301405428498,0.31434128822480206,3
meps,no_drift,lr,per_subgroup_ewma[maj_neg],BalAcc,0.13938042397813458,0.2648076603444171,0.0762702494595343,0.3071272139567886,3
meps,no_drift,lr,per_subgroup_baseline_relative[maj_neg],DI_star,0.05679737955441394,0.2466046027679982,0.23826134844152322,0.1776201397370351,3
meps,no_drift,lr,per_subgroup_baseline_relative[maj_neg],AOD_star,0.04152256616592898,0.0755415253480971,0.32444559768457926,0.07806775701956048,3
meps,no_drift,lr,per_subgroup_baseline_relative[maj_neg],BalAcc,0.1464005947401692,0.09742030691237939,0.09993550270176864,0.0781289129611281,3
meps,no_drift,lr,per_subgroup_ewma[maj_pos],DI_star,0.009523809523809525,0.06249000397447514,0.0880754819678405,0.07282988985673662,3
meps,no_drift,lr,per_subgroup_ewma[maj_pos],AOD_star,0.2531328320802005,0.2928725586126913,0.2482862925059854,0.28814450953226334,3
meps,no_drift,lr,per_subgroup_ewma[maj_pos],BalAcc,0.09523809523809523,0.2553804775656929,0.16526830937585693,0.2498324618597738,3
meps,no_drift,lr,per_subgroup_baseline_relative[maj_pos],DI_star,0.07869674185463661,0.19946725863261783,0.13224687090365705,0.2115754505607016,3
meps,no_drift,lr,per_subgroup_baseline_relative[maj_pos],AOD_star,0.11679197994987467,0.11857365086818103,0.18223132509120812,0.0734729652845579,3
meps,no_drift,lr,per_subgroup_baseline_relative[maj_pos],BalAcc,0.15388471177944857,0.17476562656093086,0.14210017806931396,0.18617616838536724,3
meps,no_drift,xgb,global_mean,DI_star,0.20401002506265664,0.030008279793675728,0.19880882162151323,0.019644715084199467,3
meps,no_drift,xgb,global_mean,AOD_star,0.2015037593984962,0.1031364102224496,0.1936501341832153,0.05858244751939529,3
meps,no_drift,xgb,global_mean,BalAcc,0.1288220551378446,0.23682924206890668,0.15693321328033152,0.2103499426138991,3
meps,no_drift,xgb,global_ewma,DI_star,-0.013533834586466164,0.027673531311964428,-0.018789090809337522,0.15348935980332704,3
meps,no_drift,xgb,global_ewma,AOD_star,0.10025062656641603,0.06270674688319199,0.12090994408939337,0.1191797319820966,3
meps,no_drift,xgb,global_ewma,BalAcc,-0.1182957393483709,0.2928725586126913,0.0006593420350248236,0.30352153341912463,3
meps,no_drift,xgb,global_std,DI_star,0.32380952380952377,0.05944870608217753,0.3702013205388779,0.07850629166385896,3
meps,no_drift,xgb,global_std,AOD_star,0.3468671679197995,0.06022968872927912,0.3152773453225855,0.05406789308022214,3
meps,no_drift,xgb,global_std,BalAcc,0.15889724310776943,0.2672924987094335,0.23746213414754655,0.2046593470225764,3
meps,no_drift,xgb,subgroup_violation_diff,DI_star,0.04962406015037593,0.086157233884172,0.02736148471845645,0.03574454421960984,3
meps,no_drift,xgb,subgroup_violation_diff,AOD_star,-0.10827067669172931,0.058472848406687455,-0.15073394474340565,0.05433001625903635,3
meps,no_drift,xgb,subgroup_violation_diff,BalAcc,-0.04110275689223057,0.3032784433646904,-0.054549942686172886,0.20421506799984637,3
meps,no_drift,xgb,max_subgroup_deviation,DI_star,0.02606516290726817,0.029089961159993797,0.03592530045565883,0.12008142593034218,3
meps,no_drift,xgb,max_subgroup_deviation,AOD_star,0.16741854636591477,0.019848611401727653,0.2125556058104019,0.028141334895243446,3
meps,no_drift,xgb,max_subgroup_deviation,BalAcc,0.06516290726817042,0.1330881345385551,0.0966295842651667,0.04810397733820018,3
meps,no_drift,xgb,assignment_proportion_drift,DI_star,0.21553884711779447,0.16949769254985447,0.2156254970230662,0.15034481427469248,3
meps,no_drift,xgb,assignment_proportion_drift,AOD_star,0.006015037593984955,0.18941400181883222,-0.027276411537331364,0.1947638680941971,3
meps,no_drift,xgb,assignment_proportion_drift,BalAcc,0.24661654135338343,0.1854121719496214,0.16110325262407582,0.1988975565164651,3
meps,no_drift,xgb,ks_statistic,DI_star,-0.04912280701754385,0.2125017712459024,-0.05133727477501138,0.16471211924752427,3
meps,no_drift,xgb,ks_statistic,AOD_star,-0.08020050125313283,0.11487995708092955,-0.06121776797326269,0.14748723032490552,3
meps,no_drift,xgb,ks_statistic,BalAcc,0.1263157894736842,0.22550375137630668,0.07629030260906439,0.19338099779264406,3
meps,no_drift,xgb,kl_divergence,DI_star,-0.1283208020050125,0.2773130577871717,-0.13803527808452282,0.25110410482595014,3
meps,no_drift,xgb,kl_divergence,AOD_star,-0.24561403508771928,0.37731344715373094,-0.19304959964301363,0.43863163748175854,3
meps,no_drift,xgb,kl_divergence,BalAcc,-0.2992481203007519,0.22341836733080148,-0.28043292124076585,0.10837955529729931,3
meps,no_drift,xgb,per_subgroup_ewma[min_neg],DI_star,nan,nan,nan,nan,0
meps,no_drift,xgb,per_subgroup_ewma[min_neg],AOD_star,nan,nan,nan,nan,0
meps,no_drift,xgb,per_subgroup_ewma[min_neg],BalAcc,nan,nan,nan,nan,0
meps,no_drift,xgb,per_subgroup_baseline_relative[min_neg],DI_star,nan,nan,nan,nan,0
meps,no_drift,xgb,per_subgroup_baseline_relative[min_neg],AOD_star,nan,nan,nan,nan,0
meps,no_drift,xgb,per_subgroup_baseline_relative[min_neg],BalAcc,nan,nan,nan,nan,0
meps,no_drift,xgb,per_subgroup_ewma[min_pos],DI_star,0.04862155388471177,0.13681364287619416,0.0035666387249070988,0.11426761724710477,3
meps,no_drift,xgb,per_subgroup_ewma[min_pos],AOD_star,0.11729323308270677,0.10771228887068304,0.10617482350625611,0.08726358628749296,3
meps,no_drift,xgb,per_subgroup_ewma[min_pos],BalAcc,-0.07719298245614035,0.38973067712325443,-0.02986883946339272,0.36211015579652894,3
meps,no_drift,xgb,per_subgroup_baseline_relative[min_pos],DI_star,0.14636591478696742,0.07844891777165156,0.13559174143737915,0.07672594524769533,3
meps,no_drift,xgb,per_subgroup_baseline_relative[min_pos],AOD_star,0.12330827067669171,0.012092569505578764,0.07579948058032521,0.01499661756183937,3
meps,no_drift,xgb,per_subgroup_baseline_relative[min_pos],BalAcc,0.18045112781954886,0.3122199500801197,0.12321464516476655,0.32131673614572964,3
meps,no_drift,xgb,per_subgroup_ewma[maj_neg],DI_star,0.006260290560705317,0.17837964562402692,-0.009054513131569566,0.16429567592390762,3
meps,no_drift,xgb,per_subgroup_ewma[maj_neg],AOD_star,0.09723745134869127,0.16746687121237513,0.13670406335352436,0.13991108273226954,3
meps,no_drift,xgb,per_subgroup_ewma[maj_neg],BalAcc,0.18449113191208663,0.1328340145827078,0.2058431599164562,0.2317881804343176,3
meps,no_drift,xgb,per_subgroup_baseline_relative[maj_neg],DI_star,-0.040515916697347776,0.3116234279776375,-0.05069936412144623,0.2795732703098442,3
meps,no_drift,xgb,per_subgroup_baseline_relative[maj_neg],AOD_star,0.06360256323461118,0.016578475653274374,0.13552647835086734,0.08835757237899694,3
meps,no_drift,xgb,per_subgroup_baseline_relative[maj_neg],BalAcc,0.039133266561842135,0.12036358976222986,0.05392926679448943,0.18601836638493752,3
meps,no_drift,xgb,per_subgroup_ewma[maj_pos],DI_star,0.03308270676691729,0.03738286584858962,0.09565421592006651,0.10500559565621559,3
meps,no_drift,xgb,per_subgroup_ewma[maj_pos],AOD_star,0.2160401002506265,0.1487244315478049,0.23720147629059044,0.1150324738596282,3
meps,no_drift,xgb,per_subgroup_ewma[maj_pos],BalAcc,-0.10325814536340851,0.0546664745484036,0.069775758523717,0.07426007457618301,3
meps,no_drift,xgb,per_subgroup_baseline_relative[maj_pos],DI_star,0.03308270676691729,0.0354155824213648,0.12277824574343714,0.15989933006894677,3
meps,no_drift,xgb,per_subgroup_baseline_relative[maj_pos],AOD_star,0.16741854636591477,0.019848611401727653,0.2369754574618094,0.030686590703640697,3
meps,no_drift,xgb,per_subgroup_baseline_relative[maj_pos],BalAcc,0.06516290726817042,0.1330881345385551,0.08631052314020943,0.061776570644966715,3
meps,gradual_group_mag0.5,lr,global_mean,DI_star,0.23558897243107768,0.2920813661038612,0.20531564077620054,0.23250995925733203,3
meps,gradual_group_mag0.5,lr,global_mean,AOD_star,0.35538847117794475,0.1689587430860584,0.34924148651665216,0.10323607683531869,3
meps,gradual_group_mag0.5,lr,global_mean,BalAcc,0.26115288220551375,0.15168519436139305,0.19989242683071348,0.10659109408212389,3
meps,gradual_group_mag0.5,lr,global_ewma,DI_star,0.18546365914786964,0.21553068702860742,0.2474718257859775,0.17854803476008396,3
meps,gradual_group_mag0.5,lr,global_ewma,AOD_star,0.41102756892230574,0.13161307589377352,0.46884387014257706,0.09229169707700957,3
meps,gradual_group_mag0.5,lr,global_ewma,BalAcc,0.15238095238095237,0.1271800800893277,0.16421793591683922,0.04085530617402403,3
meps,gradual_group_mag0.5,lr,global_std,DI_star,0.14486215538847116,0.07541153062788046,0.14552212976740908,0.021701309250524367,3
meps,gradual_group_mag0.5,lr,global_std,AOD_star,-0.0987468671679198,0.2000935704883416,-0.14325903988411856,0.1539695835810814,3
meps,gradual_group_mag0.5,lr,global_std,BalAcc,-0.08922305764411026,0.18363660103911264,-0.12318505150541471,0.19694361836289279,3
meps,gradual_group_mag0.5,lr,subgroup_violation_diff,DI_star,0.1914786967418546,0.25106427942673926,0.1433965020046762,0.2303977822665615,3
meps,gradual_group_mag0.5,lr,subgroup_violation_diff,AOD_star,0.10726817042606514,0.24796177310849707,0.1222328222390303,0.1679996024902675,3
meps,gradual_group_mag0.5,lr,subgroup_violation_diff,BalAcc,0.2025062656641604,0.26437194594116326,0.19249667857360278,0.19497193530281323,3
meps,gradual_group_mag0.5,lr,max_subgroup_deviation,DI_star,0.21403508771929822,0.3046967678709487,0.1701796417399484,0.24679051858725626,3
meps,gradual_group_mag0.5,lr,max_subgroup_deviation,AOD_star,0.24310776942355886,0.08060985754537307,0.24898625170249933,0.07722849826190217,3
meps,gradual_group_mag0.5,lr,max_subgroup_deviation,BalAcc,0.2781954887218045,0.12430067062160371,0.23195987062218104,0.14535058800389203,3
meps,gradual_group_mag0.5,lr,assignment_proportion_drift,DI_star,-0.02533366080735014,0.03217203195774774,0.1008984894566552,0.17208572050050988,3
meps,gradual_group_mag0.5,lr,assignment_proportion_drift,AOD_star,-0.025989550341787404,0.21249369335329943,0.1416693042041979,0.1113013074912587,3
meps,gradual_group_mag0.5,lr,assignment_proportion_drift,BalAcc,0.14576585739723127,0.07749406872848297,0.1664172461813708,0.06972335833875731,3
meps,gradual_group_mag0.5,lr,ks_statistic,DI_star,0.19047619047619047,0.18511244941460056,0.17788307118899546,0.2553077764551989,3
meps,gradual_group_mag0.5,lr,ks_statistic,AOD_star,0.374937343358396,0.15789394120020725,0.3032842078459358,0.1489475874424704,3
meps,gradual_group_mag0.5,lr,ks_statistic,BalAcc,0.17042606516290726,0.05612244612442469,0.18712346338607858,0.09371940144455349,3
meps,gradual_group_mag0.5,lr,kl_divergence,DI_star,0.1709273182957393,0.15854661154923336,0.16832001040343933,0.16876423507377966,3
meps,gradual_group_mag0.5,lr,kl_divergence,AOD_star,0.2706766917293233,0.09890576633025772,0.287016800161974,0.0394315871917458,3
meps,gradual_group_mag0.5,lr,kl_divergence,BalAcc,0.17042606516290726,0.07530150158682274,0.201653805601448,0.06087841269536272,3
meps,gradual_group_mag0.5,lr,per_subgroup_ewma[min_neg],DI_star,nan,nan,nan,nan,0
meps,gradual_group_mag0.5,lr,per_subgroup_ewma[min_neg],AOD_star,nan,nan,nan,nan,0
meps,gradual_group_mag0.5,lr,per_subgroup_ewma[min_neg],BalAcc,nan,nan,nan,nan,0
meps,gradual_group_mag0.5,lr,per_subgroup_baseline_relative[min_neg],DI_star,nan,nan,nan,nan,0
meps,gradual_group_mag0.5,lr,per_subgroup_baseline_relative[min_neg],AOD_star,nan,nan,nan,nan,0
meps,gradual_group_mag0.5,lr,per_subgroup_baseline_relative[min_neg],BalAcc,nan,nan,nan,nan,0
meps,gradual_group_mag0.5,lr,per_subgroup_ewma[min_pos],DI_star,0.25864661654135335,0.19996419299944446,0.2209526578556439,0.21019181460098937,3
meps,gradual_group_mag0.5,lr,per_subgroup_ewma[min_pos],AOD_star,0.43508771929824563,0.12736959478045465,0.40887321195752285,0.0796098870813145,3
meps,gradual_group_mag0.5,lr,per_subgroup_ewma[min_pos],BalAcc,0.14937343358395985,0.11971242942834794,0.18270888183604037,0.0673995591529747,3
meps,gradual_group_mag0.5,lr,per_subgroup_baseline_relative[min_pos],DI_star,0.2401002506265664,0.31682925449311045,0.22056040218298753,0.30122304355771096,3
meps,gradual_group_mag0.5,lr,per_subgroup_baseline_relative[min_pos],AOD_star,0.25162907268170426,0.16564273632129006,0.27381927321216576,0.11499205914746208,3
meps,gradual_group_mag0.5,lr,per_subgroup_baseline_relative[min_pos],BalAcc,0.3383458646616541,0.10578460176208301,0.23535695697610473,0.1159623917044866,3
meps,gradual_group_mag0.5,lr,per_subgroup_ewma[maj_neg],DI_star,0.038612329206120566,0.06895658453081968,0.1502510452030171,0.09063492187571343,3
meps,gradual_group_mag0.5,lr,per_subgroup_ewma[maj_neg],AOD_star,0.12083632063164051,0.3179335139257446,0.1707216635606914,0.3135229327939457,3
meps,gradual_group_mag0.5,lr,per_subgroup_ewma[maj_neg],BalAcc,0.207046203058026,0.1511815709235948,0.13899243817170737,0.1562587105400685,3
meps,gradual_group_mag0.5,lr,per_subgroup_baseline_relative[maj_neg],DI_star,0.11879185380988717,0.07398912049590102,0.24965949266496482,0.07291107956450502,3
meps,gradual_group_mag0.5,lr,per_subgroup_baseline_relative[maj_neg],AOD_star,0.050626374295178224,0.12964774604369425,0.18718305152712786,0.22953186632926142,3
meps,gradual_group_mag0.5,lr,per_subgroup_baseline_relative[maj_neg],BalAcc,0.0884844016036852,0.04655844159104906,0.041900517405287184,0.06625296235058466,3
meps,gradual_group_mag0.5,lr,per_subgroup_ewma[maj_pos],DI_star,0.17493734335839597,0.09428090415820634,0.2631282654504428,0.0960031906794317,3
meps,gradual_group_mag0.5,lr,per_subgroup_ewma[maj_pos],AOD_star,0.4350877192982456,0.06718662067125891,0.4840054111360767,0.08647069026832246,3
meps,gradual_group_mag0.5,lr,per_subgroup_ewma[maj_pos],BalAcc,0.0631578947368421,0.09995947696853279,0.09260254148598963,0.014596714461155274,3
meps,gradual_group_mag0.5,lr,per_subgroup_baseline_relative[maj_pos],DI_star,0.15187969924812028,0.20811725844184295,0.13620150172202594,0.11224880208991975,3
meps,gradual_group_mag0.5,lr,per_subgroup_baseline_relative[maj_pos],AOD_star,0.2766917293233082,0.15319660346781408,0.29408941470644795,0.1527939950008934,3
meps,gradual_group_mag0.5,lr,per_subgroup_baseline_relative[maj_pos],BalAcc,0.131328320802005,0.12909190308736276,0.10678359431861167,0.14681004771716474,3
meps,gradual_group_mag0.5,xgb,global_mean,DI_star,0.10776942355889724,0.17716869802004626,-0.043049071840107346,0.22115826751321518,3
meps,gradual_group_mag0.5,xgb,global_mean,AOD_star,0.1463659147869674,0.12013982553063811,0.04456990329604049,0.18061647831598823,3
meps,gradual_group_mag0.5,xgb,global_mean,BalAcc,0.2275689223057644,0.10072070241689349,0.17936953763307853,0.034704762017864765,3
meps,gradual_group_mag0.5,xgb,global_ewma,DI_star,-0.00551378446115286,0.20675582866902145,-0.028925321589600362,0.1752298553486369,3
meps,gradual_group_mag0.5,xgb,global_ewma,AOD_star,0.1162907268170426,0.18020172126705913,0.15217598357164544,0.13378045187431395,3
meps,gradual_group_mag0.5,xgb,global_ewma,BalAcc,0.18746867167919798,0.18366943530960883,0.16105543109619344,0.09201660613634664,3
meps,gradual_group_mag0.5,xgb,global_std,DI_star,0.24862155388471177,0.1858682844839733,0.2787270443102822,0.2176080586624913,3
meps,gradual_group_mag0.5,xgb,global_std,AOD_star,0.21854636591478696,0.31290081926260466,0.1846333524978329,0.2752630460158562,3
meps,gradual_group_mag0.5,xgb,global_std,BalAcc,0.11879699248120297,0.21297183270651618,0.09713865196454156,0.19692717912427946,3
meps,gradual_group_mag0.5,xgb,subgroup_violation_diff,DI_star,0.2496240601503759,0.19418109026041844,0.13671301076838052,0.20873490458730234,3
meps,gradual_group_mag0.5,xgb,subgroup_violation_diff,AOD_star,0.22406015037593982,0.11852702423190097,0.10289278562647718,0.06161875046427838,3
meps,gradual_group_mag0.5,xgb,subgroup_violation_diff,BalAcc,0.2701754385964912,0.282358163284755,0.23271911309438176,0.13268873718230684,3
meps,gradual_group_mag0.5,xgb,max_subgroup_deviation,DI_star,0.08020050125313283,0.2569752295774889,0.013903724876391585,0.294367149853817,3
meps,gradual_group_mag0.5,xgb,max_subgroup_deviation,AOD_star,0.12030075187969924,0.12092569505578765,0.08064185933629923,0.12285183635605018,3
meps,gradual_group_mag0.5,xgb,max_subgroup_deviation,BalAcc,0.26365914786967415,0.09610213514417343,0.24787348224686814,0.11845225491615459,3
meps,gradual_group_mag0.5,xgb,assignment_proportion_drift,DI_star,-0.03289184627163122,0.23975170127904416,0.021118522239208987,0.21554690407931168,3
meps,gradual_group_mag0.5,xgb,assignment_proportion_drift,AOD_star,-0.028541456079985237,0.18353935665022209,0.010241316840232906,0.14708186604630308,3
meps,gradual_group_mag0.5,xgb,assignment_proportion_drift,BalAcc,0.19770075065235151,0.20742670689413492,0.18641341605996775,0.15086528943650127,3
meps,gradual_group_mag0.5,xgb,ks_statistic,DI_star,0.07167919799498745,0.20630692358152056,0.03279865347954682,0.21973021892579844,3
meps,gradual_group_mag0.5,xgb,ks_statistic,AOD_star,0.18596491228070175,0.14507620058258192,0.10968697925349198,0.12656593534264549,3
meps,gradual_group_mag0.5,xgb,ks_statistic,BalAcc,0.2591478696741855,0.15419869513120388,0.23085599916955626,0.14724348366422757,3
meps,gradual_group_mag0.5,xgb,kl_divergence,DI_star,0.1082706766917293,0.1913973242309452,0.026924208910722128,0.23378757642886394,3
meps,gradual_group_mag0.5,xgb,kl_divergence,AOD_star,0.09473684210526316,0.0890228950748824,0.07184517726222671,0.12862583739161912,3
meps,gradual_group_mag0.5,xgb,kl_divergence,BalAcc,0.22556390977443608,0.16465078184772022,0.18024789046307899,0.03869220188038987,3
meps,gradual_group_mag0.5,xgb,per_subgroup_ewma[min_neg],DI_star,nan,nan,nan,nan,0
meps,gradual_group_mag0.5,xgb,per_subgroup_ewma[min_neg],AOD_star,nan,nan,nan,nan,0
meps,gradual_group_mag0.5,xgb,per_subgroup_ewma[min_neg],BalAcc,nan,nan,nan,nan,0
meps,gradual_group_mag0.5,xgb,per_subgroup_baseline_relative[min_neg],DI_star,nan,nan,nan,nan,0
meps,gradual_group_mag0.5,xgb,per_subgroup_baseline_relative[min_neg],AOD_star,nan,nan,nan,nan,0
meps,gradual_group_mag0.5,xgb,per_subgroup_baseline_relative[min_neg],BalAcc,nan,nan,nan,nan,0
meps,gradual_group_mag0.5,xgb,per_subgroup_ewma[min_pos],DI_star,0.06666666666666667,0.17335388668220406,-0.014527946395662775,0.21544084594903612,3
meps,gradual_group_mag0.5,xgb,per_subgroup_ewma[min_pos],AOD_star,0.13533834586466165,0.1434389944663252,0.11561085712182388,0.13040152990557433,3
meps,gradual_group_mag0.5,xgb,per_subgroup_ewma[min_pos],BalAcc,0.19749373433583958,0.1916505153611404,0.190035905526744,0.08979237747797104,3
meps,gradual_group_mag0.5,xgb,per_subgroup_baseline_relative[min_pos],DI_star,0.15037593984962405,0.2461852087153489,0.08840587603297963,0.25597040616127353,3
meps,gradual_group_mag0.5,xgb,per_subgroup_baseline_relative[min_pos],AOD_star,0.13383458646616542,0.1129789424213392,0.0975892078535006,0.1498745130574089,3
meps,gradual_group_mag0.5,xgb,per_subgroup_baseline_relative[min_pos],BalAcc,0.356390977443609,0.1713494079187262,0.2934397902155628,0.04360388163140602,3
meps,gradual_group_mag0.5,xgb,per_subgroup_ewma[maj_neg],DI_star,-0.08348249785729582,0.07942098454708865,0.003468458521650749,0.18386466112658237,3
meps,gradual_group_mag0.5,xgb,per_subgroup_ewma[maj_neg],AOD_star,0.08344346855424305,0.34210084200507335,0.12022955359832203,0.30377021762021406,3
meps,gradual_group_mag0.5,xgb,per_subgroup_ewma[maj_neg],BalAcc,0.11230841821597415,0.16350843683274577,0.2177604502409046,0.12330787133809493,3
meps,gradual_group_mag0.5,xgb,per_subgroup_baseline_relative[maj_neg],DI_star,0.010265806079549999,0.09225241390607448,0.020256811700953132,0.15229898358867147,3
meps,gradual_group_mag0.5,xgb,per_subgroup_baseline_relative[maj_neg],AOD_star,0.05211598120027148,0.17085984740950433,0.07134618995936917,0.16276359475516658,3
meps,gradual_group_mag0.5,xgb,per_subgroup_baseline_relative[maj_neg],BalAcc,-0.0018719897156027944,0.12049149162686643,0.1180349838477444,0.23139828781525876,3
meps,gradual_group_mag0.5,xgb,per_subgroup_ewma[maj_pos],DI_star,-0.012531328320802013,0.10098229242307263,-0.023187768959356328,0.08128919448186486,3
meps,gradual_group_mag0.5,xgb,per_subgroup_ewma[maj_pos],AOD_star,0.1729323308270677,0.11083023021165883,0.2151421072422238,0.14598368257053967,3
meps,gradual_group_mag0.5,xgb,per_subgroup_ewma[maj_pos],BalAcc,0.05263157894736842,0.08288429341065064,0.09341552373760971,0.06546154067101374,3
meps,gradual_group_mag0.5,xgb,per_subgroup_baseline_relative[maj_pos],DI_star,-0.07719298245614035,0.16322236732859033,-0.1270898465140534,0.12051144312485916,3
meps,gradual_group_mag0.5,xgb,per_subgroup_baseline_relative[maj_pos],AOD_star,-0.03659147869674185,0.17170242968877253,-0.01691682417257338,0.16559062170357733,3
meps,gradual_group_mag0.5,xgb,per_subgroup_baseline_relative[maj_pos],BalAcc,0.051629072681704254,0.06702937119022542,0.06467156685362901,0.10770749992564788,3
meps,gradual_group_mag1.0,lr,global_mean,DI_star,0.23859649122807017,0.3484102320013797,0.2182197116950346,0.3419445387390467,3
meps,gradual_group_mag1.0,lr,global_mean,AOD_star,0.4005012531328321,0.17034938566892874,0.3626503100648805,0.15563178855726814,3
meps,gradual_group_mag1.0,lr,global_mean,BalAcc,0.1538847117794486,0.11264040128159783,0.16735833433600392,0.10686495309389375,3
meps,gradual_group_mag1.0,lr,global_ewma,DI_star,0.21754385964912282,0.3517732918250073,0.23434922540379835,0.3141456536208361,3
meps,gradual_group_mag1.0,lr,global_ewma,AOD_star,0.43809523809523804,0.18197490862457813,0.433933325078127,0.13156223537016354,3
meps,gradual_group_mag1.0,lr,global_ewma,BalAcc,0.1368421052631579,0.13443866935564602,0.14722729677878565,0.07010502882738336,3
meps,gradual_group_mag1.0,lr,global_std,DI_star,0.30476190476190473,0.06532080349552082,0.3211807240901728,0.026973076388183796,3
meps,gradual_group_mag1.0,lr,global_std,AOD_star,0.22155388471177942,0.07170197860830534,0.17704639562955535,0.08918248962550798,3
meps,gradual_group_mag1.0,lr,global_std,BalAcc,-0.08320802005012533,0.1548231287379362,-0.07617721908730654,0.1371898423492379,3
meps,gradual_group_mag1.0,lr,subgroup_violation_diff,DI_star,0.2411027568922305,0.26671942493539275,0.1962347417983488,0.23927120816594227,3
meps,gradual_group_mag1.0,lr,subgroup_violation_diff,AOD_star,0.22556390977443605,0.2703116446785753,0.20149521309298132,0.17877373974439853,3
meps,gradual_group_mag1.0,lr,subgroup_violation_diff,BalAcc,0.33734335839598995,0.17935058438473234,0.2525459458245399,0.12530812409981937,3
meps,gradual_group_mag1.0,lr,max_subgroup_deviation,DI_star,0.20952380952380947,0.3466729866312071,0.22528523430964223,0.3268559215850231,3
meps,gradual_group_mag1.0,lr,max_subgroup_deviation,AOD_star,0.34486215538847115,0.17204012332561913,0.36838315375329095,0.18665705715661018,3
meps,gradual_group_mag1.0,lr,max_subgroup_deviation,BalAcc,0.2621553884711779,0.08746256738076491,0.213742636177191,0.10113836820921672,3
meps,gradual_group_mag1.0,lr,assignment_proportion_drift,DI_star,-0.05369601230548626,0.07473484120847819,0.0624666590025881,0.1751809751869835,3
meps,gradual_group_mag1.0,lr,assignment_proportion_drift,AOD_star,-0.1179913075458473,0.15622245581272123,0.049834290122041124,0.13393528318422604,3
meps,gradual_group_mag1.0,lr,assignment_proportion_drift,BalAcc,0.12014994451776413,0.1459412430188274,0.1277070373369433,0.07252332131101033,3
meps,gradual_group_mag1.0,lr,ks_statistic,DI_star,0.23909774436090223,0.37125705049057334,0.22898963353094662,0.3479708978472456,3
meps,gradual_group_mag1.0,lr,ks_statistic,AOD_star,0.3969924812030075,0.20483168178826586,0.36306776788271033,0.165052628916669,3
meps,gradual_group_mag1.0,lr,ks_statistic,BalAcc,0.1213032581453634,0.10668805257941216,0.16077588576369353,0.08674932258100523,3
meps,gradual_group_mag1.0,lr,kl_divergence,DI_star,0.01052631578947369,0.17079864919465124,0.06234550682904788,0.2273510538612178,3
meps,gradual_group_mag1.0,lr,kl_divergence,AOD_star,0.09273182957393482,0.08690058318904996,0.18659771395888355,0.08181536946001212,3
meps,gradual_group_mag1.0,lr,kl_divergence,BalAcc,0.21203007518796993,0.08937780503409873,0.21085586774278287,0.05449341327791531,3
meps,gradual_group_mag1.0,lr,per_subgroup_ewma[min_neg],DI_star,nan,nan,nan,nan,0
meps,gradual_group_mag1.0,lr,per_subgroup_ewma[min_neg],AOD_star,nan,nan,nan,nan,0
meps,gradual_group_mag1.0,lr,per_subgroup_ewma[min_neg],BalAcc,nan,nan,nan,nan,0
meps,gradual_group_mag1.0,lr,per_subgroup_baseline_relative[min_neg],DI_star,nan,nan,nan,nan,0
meps,gradual_group_mag1.0,lr,per_subgroup_baseline_relative[min_neg],AOD_star,nan,nan,nan,nan,0
meps,gradual_group_mag1.0,lr,per_subgroup_baseline_relative[min_neg],BalAcc,nan,nan,nan,nan,0
meps,gradual_group_mag1.0,lr,per_subgroup_ewma[min_pos],DI_star,0.25062656641604014,0.34019396872546653,0.23805869752893438,0.3153671600627568,3
meps,gradual_group_mag1.0,lr,per_subgroup_ewma[min_pos],AOD_star,0.4416040100250626,0.18075301953916198,0.42506892154580406,0.12399795980555156,3
meps,gradual_group_mag1.0,lr,per_subgroup_ewma[min_pos],BalAcc,0.14035087719298245,0.12210633315168394,0.17507145049166395,0.06914563590551275,3
meps,gradual_group_mag1.0,lr,per_subgroup_baseline_relative[min_pos],DI_star,0.24210526315789468,0.3875286488157092,0.2459637621053559,0.35069874275448093,3
meps,gradual_group_mag1.0,lr,per_subgroup_baseline_relative[min_pos],AOD_star,0.3333333333333333,0.22667839404605136,0.3283770940007335,0.16063561737749077,3
meps,gradual_group_mag1.0,lr,per_subgroup_baseline_relative[min_pos],BalAcc,0.29523809523809524,0.1057085695152449,0.23474066486746845,0.10764203614648737,3
meps,gradual_group_mag1.0,lr,per_subgroup_ewma[maj_neg],DI_star,0.0970195377488436,0.08418380544648753,0.18173700547641558,0.1045723400183806,3
meps,gradual_group_mag1.0,lr,per_subgroup_ewma[maj_neg],AOD_star,0.1619466194181808,0.32049456559194245,0.2084658090527011,0.3157469286106437,3
meps,gradual_group_mag1.0,lr,per_subgroup_ewma[maj_neg],BalAcc,0.1995334395809926,0.10080713564213993,0.1224380141239987,0.13228246490931134,3
meps,gradual_group_mag1.0,lr,per_subgroup_baseline_relative[maj_neg],DI_star,0.1232302838081783,0.032722049169466874,0.2202389262330423,0.1259487537626085,3
meps,gradual_group_mag1.0,lr,per_subgroup_baseline_relative[maj_neg],AOD_star,0.0752096325647967,0.12561805471634682,0.20200659838670246,0.2158345652203469,3
meps,gradual_group_mag1.0,lr,per_subgroup_baseline_relative[maj_neg],BalAcc,0.07086361290434806,0.04591158558246236,0.016328277586046065,0.05821435507586351,3
meps,gradual_group_mag1.0,lr,per_subgroup_ewma[maj_pos],DI_star,0.20050125313283207,0.29777051942845084,0.24052096050608318,0.2876433193162703,3
meps,gradual_group_mag1.0,lr,per_subgroup_ewma[maj_pos],AOD_star,0.4200501253132831,0.14287209172984092,0.4464813877329506,0.1364499918170712,3
meps,gradual_group_mag1.0,lr,per_subgroup_ewma[maj_pos],BalAcc,0.10375939849624057,0.08402234613352776,0.10468540794494267,0.07539554574713914,3
meps,gradual_group_mag1.0,lr,per_subgroup_baseline_relative[maj_pos],DI_star,0.1583959899749373,0.32329156180716573,0.16749259701844757,0.2829969342630871,3
meps,gradual_group_mag1.0,lr,per_subgroup_baseline_relative[maj_pos],AOD_star,0.32481203007518794,0.18744990725384225,0.3251061640269492,0.17273031388469917,3
meps,gradual_group_mag1.0,lr,per_subgroup_baseline_relative[maj_pos],BalAcc,0.11779448621553884,0.029476071033562208,0.08376746369565763,0.08421629521647853,3
meps,gradual_group_mag1.0,xgb,global_mean,DI_star,0.4761904761904761,0.054486930292536095,0.5744711181082289,0.023150462555795195,3
meps,gradual_group_mag1.0,xgb,global_mean,AOD_star,0.3458646616541354,0.11225608394642822,0.37026936013767847,0.16548685887383888,3
meps,gradual_group_mag1.0,xgb,global_mean,BalAcc,-0.22406015037593982,0.21392530038663993,-0.21634114169346794,0.1714719023902903,3
meps,gradual_group_mag1.0,xgb,global_ewma,DI_star,0.4401002506265664,0.046109839495038066,0.6002153624287674,0.027171491368476793,3
meps,gradual_group_mag1.0,xgb,global_ewma,AOD_star,0.3719298245614035,0.11170637214784254,0.4112744376095588,0.14066727889072325,3
meps,gradual_group_mag1.0,xgb,global_ewma,BalAcc,-0.2736842105263158,0.19499069006623096,-0.2966990984880676,0.20155635179763298,3
meps,gradual_group_mag1.0,xgb,global_std,DI_star,0.4200501253132832,0.09594513961055082,0.46130816464206764,0.06922596797398253,3
meps,gradual_group_mag1.0,xgb,global_std,AOD_star,0.36892230576441093,0.2130897756041033,0.35052714687880443,0.18894925100841817,3
meps,gradual_group_mag1.0,xgb,global_std,BalAcc,-0.31478696741854634,0.15253751355692516,-0.23533871131147963,0.1455639631366473,3
meps,gradual_group_mag1.0,xgb,subgroup_violation_diff,DI_star,0.27017543859649124,0.20501314410629598,0.2573173318403302,0.18550882105100003,3
meps,gradual_group_mag1.0,xgb,subgroup_violation_diff,AOD_star,0.21904761904761902,0.09815094410700567,0.14115273238491,0.09792644347572955,3
meps,gradual_group_mag1.0,xgb,subgroup_violation_diff,BalAcc,0.10426065162907268,0.27717711956133584,0.06974423889067241,0.18090169792888178,3
meps,gradual_group_mag1.0,xgb,max_subgroup_deviation,DI_star,0.43358395989974935,0.13696781982344616,0.5826230634687146,0.017595139886973886,3
meps,gradual_group_mag1.0,xgb,max_subgroup_deviation,AOD_star,0.32681704260651623,0.07813119907127301,0.3819430927013177,0.15985662676620319,3
meps,gradual_group_mag1.0,xgb,max_subgroup_deviation,BalAcc,-0.16491228070175434,0.2759752446574161,-0.18304915124993104,0.2356592585911905,3
meps,gradual_group_mag1.0,xgb,assignment_proportion_drift,DI_star,-0.19370195692747574,0.1498768989214225,-0.0850483467223659,0.10194698179406449,3
meps,gradual_group_mag1.0,xgb,assignment_proportion_drift,AOD_star,-0.18217277633763895,0.16501746532400358,-0.08677438972817549,0.13719592931312144,3
meps,gradual_group_mag1.0,xgb,assignment_proportion_drift,BalAcc,0.32139942587084785,0.309294553459831,0.20303687809816615,0.15162494350720326,3
meps,gradual_group_mag1.0,xgb,ks_statistic,DI_star,0.46315789473684205,0.03342272296374867,0.49752649249376074,0.0158577954037544,3
meps,gradual_group_mag1.0,xgb,ks_statistic,AOD_star,0.3288220551378446,0.11956121897329475,0.33111395882231626,0.14213000138190576,3
meps,gradual_group_mag1.0,xgb,ks_statistic,BalAcc,-0.29172932330827067,0.2073480100674023,-0.181020462388688,0.15463885792235812,3
meps,gradual_group_mag1.0,xgb,kl_divergence,DI_star,0.028571428571428564,0.09247814653546944,0.2007092474295352,0.07989000356163942,3
meps,gradual_group_mag1.0,xgb,kl_divergence,AOD_star,-0.041102756892230564,0.18588856021312994,0.08938867738020158,0.17210912681902127,3
meps,gradual_group_mag1.0,xgb,kl_divergence,BalAcc,0.09273182957393482,0.050345381571888594,0.016530761568756262,0.038827561515454044,3
meps,gradual_group_mag1.0,xgb,per_subgroup_ewma[min_neg],DI_star,nan,nan,nan,nan,0
meps,gradual_group_mag1.0,xgb,per_subgroup_ewma[min_neg],AOD_star,nan,nan,nan,nan,0
meps,gradual_group_mag1.0,xgb,per_subgroup_ewma[min_neg],BalAcc,nan,nan,nan,nan,0
meps,gradual_group_mag1.0,xgb,per_subgroup_baseline_relative[min_neg],DI_star,nan,nan,nan,nan,0
meps,gradual_group_mag1.0,xgb,per_subgroup_baseline_relative[min_neg],AOD_star,nan,nan,nan,nan,0
meps,gradual_group_mag1.0,xgb,per_subgroup_baseline_relative[min_neg],BalAcc,nan,nan,nan,nan,0
meps,gradual_group_mag1.0,xgb,per_subgroup_ewma[min_pos],DI_star,0.46867167919799496,0.03692300122446694,0.5251576303224588,0.028984852754079853,3
meps,gradual_group_mag1.0,xgb,per_subgroup_ewma[min_pos],AOD_star,0.37343358395989973,0.10357641293326579,0.37029932565605145,0.13349896477321196,3
meps,gradual_group_mag1.0,xgb,per_subgroup_ewma[min_pos],BalAcc,-0.25664160401002506,0.2132347559005987,-0.2201054370250836,0.19991782341503792,3
meps,gradual_group_mag1.0,xgb,per_subgroup_baseline_relative[min_pos],DI_star,0.4350877192982456,0.148201488294336,0.4720612167970695,0.061389335269133205,3
meps,gradual_group_mag1.0,xgb,per_subgroup_baseline_relative[min_pos],AOD_star,0.3278195488721804,0.08027878384985947,0.297035632807027,0.11943935104364595,3
meps,gradual_group_mag1.0,xgb,per_subgroup_baseline_relative[min_pos],BalAcc,-0.0681704260651629,0.32824771039705425,-0.04892592813536847,0.2156499932355296,3
meps,gradual_group_mag1.0,xgb,per_subgroup_ewma[maj_neg],DI_star,0.02236279998674477,0.30817119265409537,0.18466614236085618,0.36397067554480544,3
meps,gradual_group_mag1.0,xgb,per_subgroup_ewma[maj_neg],AOD_star,0.03310759501813935,0.23288523463982777,0.07914436500939005,0.24296123324535535,3
meps,gradual_group_mag1.0,xgb,per_subgroup_ewma[maj_neg],BalAcc,-0.12587015781138625,0.22500779569009563,-0.15927916228257802,0.3425453546108003,3
meps,gradual_group_mag1.0,xgb,per_subgroup_baseline_relative[maj_neg],DI_star,-0.042860542851402866,0.16449290529600513,0.07877288313179927,0.18756158158351804,3
meps,gradual_group_mag1.0,xgb,per_subgroup_baseline_relative[maj_neg],AOD_star,-0.0585118439033982,0.08938692111187957,-0.025019727647547535,0.09432352447187826,3
meps,gradual_group_mag1.0,xgb,per_subgroup_baseline_relative[maj_neg],BalAcc,0.12630571241443048,0.13772649196355574,0.020946852842460634,0.327779633835782,3
meps,gradual_group_mag1.0,xgb,per_subgroup_ewma[maj_pos],DI_star,0.4270676691729323,0.03303710687375255,0.6850415441114494,0.06725960625063752,3
meps,gradual_group_mag1.0,xgb,per_subgroup_ewma[maj_pos],AOD_star,0.33884711779448623,0.10580122653262075,0.47476195898592194,0.16310242510585451,3
meps,gradual_group_mag1.0,xgb,per_subgroup_ewma[maj_pos],BalAcc,-0.3027568922305764,0.23855752509261094,-0.3953675656146774,0.22097223963334744,3
meps,gradual_group_mag1.0,xgb,per_subgroup_baseline_relative[maj_pos],DI_star,0.42907268170426066,0.08281454206742213,0.5637725940486086,0.1108298340871434,3
meps,gradual_group_mag1.0,xgb,per_subgroup_baseline_relative[maj_pos],AOD_star,0.29473684210526313,0.17871765547052715,0.3672970411970973,0.23578787261884837,3
meps,gradual_group_mag1.0,xgb,per_subgroup_baseline_relative[maj_pos],BalAcc,-0.2260651629072681,0.20593757881345487,-0.3006041419922184,0.1455011428311209,3
meps,gradual_group_mag2.0,lr,global_mean,DI_star,0.2185463659147869,0.45376727160438923,0.22410671431841322,0.4788218313489718,3
meps,gradual_group_mag2.0,lr,global_mean,AOD_star,0.3919799498746867,0.24571426526332066,0.4225932744470217,0.23418287954704853,3
meps,gradual_group_mag2.0,lr,global_mean,BalAcc,0.1365994919594459,0.10760244035834929,0.15157676492941127,0.08860840753307095,3
meps,gradual_group_mag2.0,lr,global_ewma,DI_star,0.22205513784461148,0.4429166396214783,0.23477831232420865,0.45865806708909,3
meps,gradual_group_mag2.0,lr,global_ewma,AOD_star,0.4120300751879699,0.23191070855527218,0.4685961721971383,0.20912104129081424,3
meps,gradual_group_mag2.0,lr,global_ewma,BalAcc,0.13609484497417446,0.10766078425029928,0.1414167045955056,0.07567602429110862,3
meps,gradual_group_mag2.0,lr,global_std,DI_star,0.28320802005012524,0.3053689048128226,0.29921989494849266,0.3582566882699445,3
meps,gradual_group_mag2.0,lr,global_std,AOD_star,0.43308270676691724,0.1159423526120374,0.4522610620412449,0.16543043581097408,3
meps,gradual_group_mag2.0,lr,global_std,BalAcc,0.04937352785763877,0.0703621995907167,0.050166168067873114,0.044653776464221286,3
meps,gradual_group_mag2.0,lr,subgroup_violation_diff,DI_star,0.2721804511278195,0.34645476519812857,0.2492915410128603,0.38247910580232514,3
meps,gradual_group_mag2.0,lr,subgroup_violation_diff,AOD_star,0.3684210526315789,0.18481360030819297,0.3732715792537522,0.2068283340335976,3
meps,gradual_group_mag2.0,lr,subgroup_violation_diff,BalAcc,0.18622204373095994,0.11410369418167413,0.1616737815881282,0.08672144757979647,3
meps,gradual_group_mag2.0,lr,max_subgroup_deviation,DI_star,0.2426065162907268,0.41061229709699454,0.22432659354250298,0.45696488179400263,3
meps,gradual_group_mag2.0,lr,max_subgroup_deviation,AOD_star,0.3864661654135338,0.2093882594474969,0.41995512976765387,0.22201711950022593,3
meps,gradual_group_mag2.0,lr,max_subgroup_deviation,BalAcc,0.20077309127699416,0.09236283916706438,0.16766871274593254,0.08264292167101232,3
meps,gradual_group_mag2.0,lr,assignment_proportion_drift,DI_star,0.10227845332803126,0.17086083013545036,0.12869270378604705,0.2588985399944487,3
meps,gradual_group_mag2.0,lr,assignment_proportion_drift,AOD_star,0.09449215478061601,0.23795938732451938,0.14587719630885282,0.2222584295211286,3
meps,gradual_group_mag2.0,lr,assignment_proportion_drift,BalAcc,0.13708820367878347,0.18544740061153822,0.1302229655029764,0.09956037430511515,3
meps,gradual_group_mag2.0,lr,ks_statistic,DI_star,0.16240601503759394,0.4897009662926573,0.1730423551822707,0.44925516494728424,3
meps,gradual_group_mag2.0,lr,ks_statistic,AOD_star,0.32380952380952377,0.2943538336266959,0.35634829804351903,0.20013814747845296,3
meps,gradual_group_mag2.0,lr,ks_statistic,BalAcc,0.12932877614405122,0.08937256146484383,0.1658490401308127,0.08455542667295936,3
meps,gradual_group_mag2.0,lr,kl_divergence,DI_star,0.05162907268170427,0.3648599483254822,0.09961607114675985,0.36234624927759584,3
meps,gradual_group_mag2.0,lr,kl_divergence,AOD_star,0.10225563909774436,0.3153045566770084,0.1938137641204082,0.2120317356497309,3
meps,gradual_group_mag2.0,lr,kl_divergence,BalAcc,0.18673366696846783,0.11473606451592457,0.1349579210021525,0.13225279641639667,3
meps,gradual_group_mag2.0,lr,per_subgroup_ewma[min_neg],DI_star,nan,nan,nan,nan,0
meps,gradual_group_mag2.0,lr,per_subgroup_ewma[min_neg],AOD_star,nan,nan,nan,nan,0
meps,gradual_group_mag2.0,lr,per_subgroup_ewma[min_neg],BalAcc,nan,nan,nan,nan,0
meps,gradual_group_mag2.0,lr,per_subgroup_baseline_relative[min_neg],DI_star,nan,nan,nan,nan,0
meps,gradual_group_mag2.0,lr,per_subgroup_baseline_relative[min_neg],AOD_star,nan,nan,nan,nan,0
meps,gradual_group_mag2.0,lr,per_subgroup_baseline_relative[min_neg],BalAcc,nan,nan,nan,nan,0
meps,gradual_group_mag2.0,lr,per_subgroup_ewma[min_pos],DI_star,0.24310776942355883,0.4356169471103827,0.22854177778608076,0.4571725186737902,3
meps,gradual_group_mag2.0,lr,per_subgroup_ewma[min_pos],AOD_star,0.425062656641604,0.22669501972560438,0.45528305764313365,0.20722948984493642,3
meps,gradual_group_mag2.0,lr,per_subgroup_ewma[min_pos],BalAcc,0.13158658353640962,0.09730019825365178,0.1478235532261661,0.08204726409393086,3
meps,gradual_group_mag2.0,lr,per_subgroup_baseline_relative[min_pos],DI_star,0.28571428571428564,0.44048258978513516,0.2436036968869361,0.46053681082335857,3
meps,gradual_group_mag2.0,lr,per_subgroup_baseline_relative[min_pos],AOD_star,0.41453634085213026,0.231228238599907,0.3974775612403834,0.2325913104401451,3
meps,gradual_group_mag2.0,lr,per_subgroup_baseline_relative[min_pos],BalAcc,0.18774296093901074,0.10620854057085097,0.15912299738003932,0.10223461710807706,3
meps,gradual_group_mag2.0,lr,per_subgroup_ewma[maj_neg],DI_star,0.21682111051664596,0.03962788805125884,0.25124061238037254,0.013719565181947673,3
meps,gradual_group_mag2.0,lr,per_subgroup_ewma[maj_neg],AOD_star,0.21758609425725717,0.24578078377695167,0.26863188609321004,0.30172463489665324,3
meps,gradual_group_mag2.0,lr,per_subgroup_ewma[maj_neg],BalAcc,0.17021550491001158,0.10999365404354321,0.1495105356445517,0.14155308247696582,3
meps,gradual_group_mag2.0,lr,per_subgroup_baseline_relative[maj_neg],DI_star,0.09299558942341062,0.10866229166892702,0.22147465905662264,0.022925833056436116,3
meps,gradual_group_mag2.0,lr,per_subgroup_baseline_relative[maj_neg],AOD_star,0.08322433835739483,0.05656712910432954,0.228669287019907,0.20188987235253583,3
meps,gradual_group_mag2.0,lr,per_subgroup_baseline_relative[maj_neg],BalAcc,0.08835950908026709,0.03516814772124587,0.11646148334193966,0.08027884384761029,3
meps,gradual_group_mag2.0,lr,per_subgroup_ewma[maj_pos],DI_star,0.19248120300751878,0.44261134146445835,0.22456046980298547,0.4580265631202023,3
meps,gradual_group_mag2.0,lr,per_subgroup_ewma[maj_pos],AOD_star,0.3959899749373433,0.2144297395191343,0.4685592601352104,0.2059936488539447,3
meps,gradual_group_mag2.0,lr,per_subgroup_ewma[maj_pos],BalAcc,0.14812737127779504,0.10000387893562208,0.14202945102114137,0.10107434446388246,3
meps,gradual_group_mag2.0,lr,per_subgroup_baseline_relative[maj_pos],DI_star,0.15538847117794485,0.4511684749155055,0.12677746207114274,0.47662666253112485,3
meps,gradual_group_mag2.0,lr,per_subgroup_baseline_relative[maj_pos],AOD_star,0.23558897243107768,0.28026012520162236,0.29358822664520884,0.2863073368478817,3
meps,gradual_group_mag2.0,lr,per_subgroup_baseline_relative[maj_pos],BalAcc,0.07820208787932552,0.042687987811407396,0.07286752474498433,0.09520368814156159,3
meps,gradual_group_mag2.0,xgb,global_mean,DI_star,0.5864661654135338,0.16379246681732454,0.5318420744513452,0.07853386198753153,3
meps,gradual_group_mag2.0,xgb,global_mean,AOD_star,-0.14937343358395988,0.1607749400657086,-0.09733732562214746,0.19717648778776284,3
meps,gradual_group_mag2.0,xgb,global_mean,BalAcc,-0.7243107769423558,0.0704291867769366,-0.740775738307725,0.08918806494544745,3
meps,gradual_group_mag2.0,xgb,global_ewma,DI_star,0.5458646616541353,0.16484294388376292,0.48776695693921357,0.1198609177918647,3
meps,gradual_group_mag2.0,xgb,global_ewma,AOD_star,-0.1969924812030075,0.11802994650589407,-0.19154107466659312,0.19185495687601478,3
meps,gradual_group_mag2.0,xgb,global_ewma,BalAcc,-0.7548872180451127,0.03923246502125217,-0.830281954818061,0.07743548897527905,3
meps,gradual_group_mag2.0,xgb,global_std,DI_star,0.4080200501253133,0.20783214631392022,0.19824311017412166,0.17728167632134947,3
meps,gradual_group_mag2.0,xgb,global_std,AOD_star,-0.23558897243107768,0.09537781599049613,-0.4143699331623682,0.1206604809440474,3
meps,gradual_group_mag2.0,xgb,global_std,BalAcc,-0.7137844611528821,0.11996402330865252,-0.8088854919594146,0.06583174106081532,3
meps,gradual_group_mag2.0,xgb,subgroup_violation_diff,DI_star,0.44711779448621547,0.13691277655864545,0.3593514020892464,0.13798455227735146,3
meps,gradual_group_mag2.0,xgb,subgroup_violation_diff,AOD_star,-0.19849624060150375,0.11700369121159043,-0.19658240297010487,0.19986403602278105,3
meps,gradual_group_mag2.0,xgb,subgroup_violation_diff,BalAcc,-0.5593984962406015,0.14256929184564338,-0.6315242670693119,0.09618067470299665,3
meps,gradual_group_mag2.0,xgb,max_subgroup_deviation,DI_star,0.5689223057644109,0.18116955289018366,0.46730830959383596,0.10402115265069194,3
meps,gradual_group_mag2.0,xgb,max_subgroup_deviation,AOD_star,-0.1463659147869674,0.1552412593965964,-0.16760185232986166,0.21048116919124937,3
meps,gradual_group_mag2.0,xgb,max_subgroup_deviation,BalAcc,-0.6626566416040099,0.11930877567730876,-0.7544131549207682,0.12222831872649685,3
meps,gradual_group_mag2.0,xgb,assignment_proportion_drift,DI_star,-0.0165345656785799,0.07962504304295648,0.1287683682314182,0.041564273135111365,3
meps,gradual_group_mag2.0,xgb,assignment_proportion_drift,AOD_star,-0.16319513283999632,0.02305472398142519,-0.11781812074368976,0.10791552017543024,3
meps,gradual_group_mag2.0,xgb,assignment_proportion_drift,BalAcc,0.016523629931830836,0.12511222974084246,-0.2346350877853364,0.06887042779391135,3
meps,gradual_group_mag2.0,xgb,ks_statistic,DI_star,0.6060150375939849,0.11691346527269895,0.5252225489982666,0.04049708514934672,3
meps,gradual_group_mag2.0,xgb,ks_statistic,AOD_star,-0.1343358395989975,0.1475285986097015,-0.05202499022327467,0.1837733403839176,3
meps,gradual_group_mag2.0,xgb,ks_statistic,BalAcc,-0.7203007518796992,0.08678485456773587,-0.6364194933592356,0.0994684780977835,3
meps,gradual_group_mag2.0,xgb,kl_divergence,DI_star,0.3924812030075187,0.12943400286723075,0.40168397699132385,0.08045199119130321,3
meps,gradual_group_mag2.0,xgb,kl_divergence,AOD_star,-0.07468671679197991,0.2171959381289772,-0.020767348149413545,0.23082919412246372,3
meps,gradual_group_mag2.0,xgb,kl_divergence,BalAcc,-0.4080200501253133,0.12716229860642927,-0.4235039306991963,0.08114090691557013,3
meps,gradual_group_mag2.0,xgb,per_subgroup_ewma[min_neg],DI_star,nan,nan,nan,nan,0
meps,gradual_group_mag2.0,xgb,per_subgroup_ewma[min_neg],AOD_star,nan,nan,nan,nan,0
meps,gradual_group_mag2.0,xgb,per_subgroup_ewma[min_neg],BalAcc,nan,nan,nan,nan,0
meps,gradual_group_mag2.0,xgb,per_subgroup_baseline_relative[min_neg],DI_star,nan,nan,nan,nan,0
meps,gradual_group_mag2.0,xgb,per_subgroup_baseline_relative[min_neg],AOD_star,nan,nan,nan,nan,0
meps,gradual_group_mag2.0,xgb,per_subgroup_baseline_relative[min_neg],BalAcc,nan,nan,nan,nan,0
meps,gradual_group_mag2.0,xgb,per_subgroup_ewma[min_pos],DI_star,0.5568922305764411,0.15668149867906037,0.4758320296834657,0.11930733064794687,3
meps,gradual_group_mag2.0,xgb,per_subgroup_ewma[min_pos],AOD_star,-0.19899749373433584,0.11881496855418917,-0.18820520948964037,0.19637888318640875,3
meps,gradual_group_mag2.0,xgb,per_subgroup_ewma[min_pos],BalAcc,-0.7573934837092731,0.047590018852803735,-0.8009187629364863,0.09157794834779405,3
meps,gradual_group_mag2.0,xgb,per_subgroup_baseline_relative[min_pos],DI_star,0.5368421052631578,0.14559311208973993,0.4669772173046529,0.08553524863847652,3
meps,gradual_group_mag2.0,xgb,per_subgroup_baseline_relative[min_pos],AOD_star,-0.16340852130325811,0.14063880240979604,-0.1257571453647345,0.1934086733216194,3
meps,gradual_group_mag2.0,xgb,per_subgroup_baseline_relative[min_pos],BalAcc,-0.643609022556391,0.12183854223079327,-0.6710235236518688,0.10556323773245528,3
meps,gradual_group_mag2.0,xgb,per_subgroup_ewma[maj_neg],DI_star,0.005331883406634115,0.4139505797767436,0.010783072990817077,0.44497609546964284,3
meps,gradual_group_mag2.0,xgb,per_subgroup_ewma[maj_neg],AOD_star,-0.17395105216549775,0.1309300087216758,-0.20334614182081415,0.12522609617751793,3
meps,gradual_group_mag2.0,xgb,per_subgroup_ewma[maj_neg],BalAcc,-0.2584856442435441,0.486236840963323,-0.29586580249376954,0.5873347481946416,3
meps,gradual_group_mag2.0,xgb,per_subgroup_baseline_relative[maj_neg],DI_star,-0.08816503591695142,0.24456780946774712,0.12673988512815784,0.24875630028598641,3
meps,gradual_group_mag2.0,xgb,per_subgroup_baseline_relative[maj_neg],AOD_star,-0.10330586155923328,0.15616529877183635,-0.006070357406370565,0.08411761844141347,3
meps,gradual_group_mag2.0,xgb,per_subgroup_baseline_relative[maj_neg],BalAcc,0.07048481925904108,0.22526358574238745,-0.058925996999488674,0.28598356035640077,3
meps,gradual_group_mag2.0,xgb,per_subgroup_ewma[maj_pos],DI_star,0.5428571428571428,0.1473581910417864,0.5695761573107175,0.06847576719891793,3
meps,gradual_group_mag2.0,xgb,per_subgroup_ewma[maj_pos],AOD_star,-0.17944862155388472,0.0730145347992124,-0.1149045971208974,0.1585158795220097,3
meps,gradual_group_mag2.0,xgb,per_subgroup_ewma[maj_pos],BalAcc,-0.7488721804511278,0.045924198179634466,-0.8335381375212005,0.08660440488385457,3
meps,gradual_group_mag2.0,xgb,per_subgroup_baseline_relative[maj_pos],DI_star,0.5964912280701754,0.11591200972084442,0.5908891164485784,0.037823805069510795,3
meps,gradual_group_mag2.0,xgb,per_subgroup_baseline_relative[maj_pos],AOD_star,0.050626566416040096,0.023755379671323875,0.06260730721093957,0.05197372521925819,3
meps,gradual_group_mag2.0,xgb,per_subgroup_baseline_relative[maj_pos],BalAcc,-0.6215538847117793,0.05585318607392129,-0.6112133482399883,0.08687183466081852,3
meps,gradual_global_mag0.5,lr,global_mean,DI_star,0.24160401002506263,0.1639228034339455,0.1684010542595701,0.12057145534203731,3
meps,gradual_global_mag0.5,lr,global_mean,AOD_star,0.3759398496240601,0.03758395856271778,0.3232665554962544,0.07970914823416302,3
meps,gradual_global_mag0.5,lr,global_mean,BalAcc,0.1774436090225564,0.14553097247440852,0.17057704202451004,0.12561327707947623,3
meps,gradual_global_mag0.5,lr,global_ewma,DI_star,0.15438596491228068,0.12616253582609743,0.20118895054008126,0.08590664341013747,3
meps,gradual_global_mag0.5,lr,global_ewma,AOD_star,0.3969924812030075,0.045462305136333744,0.4293332701483756,0.05475869682899835,3
meps,gradual_global_mag0.5,lr,global_ewma,BalAcc,0.13182957393483707,0.1046479215872961,0.1340598761354381,0.062362767027205744,3
meps,gradual_global_mag0.5,lr,global_std,DI_star,0.042606516290726815,0.08309621984559334,-0.027259853665822398,0.014507520739602351,3
meps,gradual_global_mag0.5,lr,global_std,AOD_star,-0.09423558897243108,0.17745776815065983,-0.244046409202298,0.15262874187356598,3
meps,gradual_global_mag0.5,lr,global_std,BalAcc,-0.0656641604010025,0.07245492231806637,-0.12750031238087,0.12246284531429143,3
meps,gradual_global_mag0.5,lr,subgroup_violation_diff,DI_star,0.13032581453634084,0.1560741601698272,0.1359322331716798,0.1945274838174807,3
meps,gradual_global_mag0.5,lr,subgroup_violation_diff,AOD_star,-0.042606516290726815,0.17134207611403066,0.0964385178799697,0.10839891031128977,3
meps,gradual_global_mag0.5,lr,subgroup_violation_diff,BalAcc,0.07769423558897241,0.12136331080464459,0.10290048393383093,0.13108961470906325,3
meps,gradual_global_mag0.5,lr,max_subgroup_deviation,DI_star,0.18546365914786966,0.10222860716951158,0.15370755694663546,0.18416470290629627,3
meps,gradual_global_mag0.5,lr,max_subgroup_deviation,AOD_star,0.11428571428571425,0.16694212825246849,0.17859978599245388,0.05177276888227247,3
meps,gradual_global_mag0.5,lr,max_subgroup_deviation,BalAcc,0.18245614035087718,0.12101500580175296,0.16250386624850122,0.10357670480637837,3
meps,gradual_global_mag0.5,lr,assignment_proportion_drift,DI_star,-0.05472161253416726,0.045143681683681054,0.10025372595998067,0.1578342047675722,3
meps,gradual_global_mag0.5,lr,assignment_proportion_drift,AOD_star,-0.1500482663489456,0.13399593606801444,0.11867368286588853,0.07156748502282306,3
meps,gradual_global_mag0.5,lr,assignment_proportion_drift,BalAcc,0.04199226564605707,0.14687650889150416,0.11983086155044172,0.0894249472409107,3
meps,gradual_global_mag0.5,lr,ks_statistic,DI_star,0.2150375939849624,0.11708097238990511,0.17733149120124944,0.17259926601498843,3
meps,gradual_global_mag0.5,lr,ks_statistic,AOD_star,0.3944862155388471,0.0466300139531137,0.2816867922040484,0.07935219382172566,3
meps,gradual_global_mag0.5,lr,ks_statistic,BalAcc,0.10927318295739347,0.08816642221841849,0.15523841649592882,0.08761394776387375,3
meps,gradual_global_mag0.5,lr,kl_divergence,DI_star,0.1729323308270677,0.07797346540589208,0.15581569145819577,0.10109011406265164,3
meps,gradual_global_mag0.5,lr,kl_divergence,AOD_star,0.2706766917293233,0.031757461777357714,0.26304850722302053,0.03655150770399075,3
meps,gradual_global_mag0.5,lr,kl_divergence,BalAcc,0.15789473684210523,0.059634378245475496,0.17794955898810053,0.04033471274519874,3
meps,gradual_global_mag0.5,lr,per_subgroup_ewma[min_neg],DI_star,nan,nan,nan,nan,0
meps,gradual_global_mag0.5,lr,per_subgroup_ewma[min_neg],AOD_star,nan,nan,nan,nan,0
meps,gradual_global_mag0.5,lr,per_subgroup_ewma[min_neg],BalAcc,nan,nan,nan,nan,0
meps,gradual_global_mag0.5,lr,per_subgroup_baseline_relative[min_neg],DI_star,nan,nan,nan,nan,0
meps,gradual_global_mag0.5,lr,per_subgroup_baseline_relative[min_neg],AOD_star,nan,nan,nan,nan,0
meps,gradual_global_mag0.5,lr,per_subgroup_baseline_relative[min_neg],BalAcc,nan,nan,nan,nan,0
meps,gradual_global_mag0.5,lr,per_subgroup_ewma[min_pos],DI_star,0.1964912280701754,0.10698437618824189,0.15085789022073606,0.1317624079049933,3
meps,gradual_global_mag0.5,lr,per_subgroup_ewma[min_pos],AOD_star,0.39699248120300745,0.03738286584858963,0.32576897496854745,0.040364292172394865,3
meps,gradual_global_mag0.5,lr,per_subgroup_ewma[min_pos],BalAcc,0.11929824561403507,0.0923258742708688,0.15972445075020808,0.08445041658998768,3
meps,gradual_global_mag0.5,lr,per_subgroup_baseline_relative[min_pos],DI_star,0.20852130325814533,0.11301451933776403,0.1702816559457874,0.19699322806776826,3
meps,gradual_global_mag0.5,lr,per_subgroup_baseline_relative[min_pos],AOD_star,0.1343358395989975,0.1582753895122612,0.1986431314458994,0.05851101591236359,3
meps,gradual_global_mag0.5,lr,per_subgroup_baseline_relative[min_pos],BalAcc,0.15839598997493734,0.08150258794979183,0.14175826262980992,0.09139006326501446,3
meps,gradual_global_mag0.5,lr,per_subgroup_ewma[maj_neg],DI_star,0.05614261344548588,0.17035330448829938,0.05280425152389658,0.19677633216713258,3
meps,gradual_global_mag0.5,lr,per_subgroup_ewma[maj_neg],AOD_star,-0.054135903987937904,0.28761526354719175,-0.14041039142975298,0.24530147934448968,3
meps,gradual_global_mag0.5,lr,per_subgroup_ewma[maj_neg],BalAcc,0.06768255979473058,0.08679088738460418,0.02946186774805119,0.14168790056740474,3
meps,gradual_global_mag0.5,lr,per_subgroup_baseline_relative[maj_neg],DI_star,-0.09725987267798476,0.11271985518209722,-0.012235945133327486,0.2216720050209843,3
meps,gradual_global_mag0.5,lr,per_subgroup_baseline_relative[maj_neg],AOD_star,-0.2674531560892302,0.23630557623291065,-0.2290454977131369,0.23059300424623194,3
meps,gradual_global_mag0.5,lr,per_subgroup_baseline_relative[maj_neg],BalAcc,-0.04830364666583547,0.19859064069895008,0.065319791959362,0.10469136692218924,3
meps,gradual_global_mag0.5,lr,per_subgroup_ewma[maj_pos],DI_star,0.11929824561403507,0.03751034974209464,0.2162620745776124,0.03784519930332245,3
meps,gradual_global_mag0.5,lr,per_subgroup_ewma[maj_pos],AOD_star,0.40501253132832077,0.07442554122190484,0.45894608774530976,0.05709509189880322,3
meps,gradual_global_mag0.5,lr,per_subgroup_ewma[maj_pos],BalAcc,0.0631578947368421,0.0515682051112248,0.08730123794381339,0.03307772743910936,3
meps,gradual_global_mag0.5,lr,per_subgroup_baseline_relative[maj_pos],DI_star,0.15939849624060148,0.08939467036211637,0.10064113167603454,0.03919746336884402,3
meps,gradual_global_mag0.5,lr,per_subgroup_baseline_relative[maj_pos],AOD_star,0.35588972431077687,0.07906146030501936,0.2856957733623044,0.1341856676706603,3
meps,gradual_global_mag0.5,lr,per_subgroup_baseline_relative[maj_pos],BalAcc,0.14486215538847116,0.13876113621268168,0.12355099695364781,0.1541512388474082,3
meps,gradual_global_mag0.5,xgb,global_mean,DI_star,0.030576441102756882,0.18340248671354684,-0.0857803301337251,0.18580812831194038,3
meps,gradual_global_mag0.5,xgb,global_mean,AOD_star,0.07719298245614033,0.17540278904183149,0.014104312189349127,0.1769302680516198,3
meps,gradual_global_mag0.5,xgb,global_mean,BalAcc,0.181453634085213,0.15437457237528313,0.15752748144251305,0.06095309081386841,3
meps,gradual_global_mag0.5,xgb,global_ewma,DI_star,-0.03609022556390979,0.21162263773787449,-0.06089213466337746,0.1752233796490527,3
meps,gradual_global_mag0.5,xgb,global_ewma,AOD_star,0.09824561403508773,0.22241522764665025,0.12002288839099579,0.16882335729961276,3
meps,gradual_global_mag0.5,xgb,global_ewma,BalAcc,0.16290726817042608,0.17530822223396791,0.15259850660405375,0.1308733733076962,3
meps,gradual_global_mag0.5,xgb,global_std,DI_star,0.2546365914786967,0.1394763300633774,0.19507401496438873,0.1854904736161044,3
meps,gradual_global_mag0.5,xgb,global_std,AOD_star,0.2581453634085213,0.23816540319523796,0.10288892644596803,0.21465589590828793,3
meps,gradual_global_mag0.5,xgb,global_std,BalAcc,0.1112781954887218,0.09251074369775619,-0.016587627087340972,0.08026701411123799,3
meps,gradual_global_mag0.5,xgb,subgroup_violation_diff,DI_star,0.21052631578947367,0.03192317459266297,0.11353714260700505,0.10232688353857385,3
meps,gradual_global_mag0.5,xgb,subgroup_violation_diff,AOD_star,0.1288220551378446,0.1412911574939671,0.08543876997576595,0.04804380013764688,3
meps,gradual_global_mag0.5,xgb,subgroup_violation_diff,BalAcc,0.2726817042606516,0.24450879144118376,0.17848758318304717,0.20665058459103966,3
meps,gradual_global_mag0.5,xgb,max_subgroup_deviation,DI_star,0.2521303258145363,0.092733184302236,0.06374276035369851,0.14832257422435208,3
meps,gradual_global_mag0.5,xgb,max_subgroup_deviation,AOD_star,0.24912280701754386,0.16349921372744242,0.0835873184388492,0.10279196170463509,3
meps,gradual_global_mag0.5,xgb,max_subgroup_deviation,BalAcc,0.39348370927318294,0.21632310546205302,0.23382801490958025,0.1868587655008067,3
meps,gradual_global_mag0.5,xgb,assignment_proportion_drift,DI_star,0.06528652585753524,0.06458909817080236,0.030134406953601117,0.15472291121221818,3
meps,gradual_global_mag0.5,xgb,assignment_proportion_drift,AOD_star,-0.03613781627249997,0.10892027325150758,0.028397560435097963,0.13518394593208757,3
meps,gradual_global_mag0.5,xgb,assignment_proportion_drift,BalAcc,0.108294362633418,0.28596347796705973,0.1646179231863422,0.19767333124311795,3
meps,gradual_global_mag0.5,xgb,ks_statistic,DI_star,0.020050125313283207,0.14030074292555225,0.02247631514716285,0.19023654051216735,3
meps,gradual_global_mag0.5,xgb,ks_statistic,AOD_star,0.0756892230576441,0.20444615406168962,0.09312808630239827,0.15015413464459818,3
meps,gradual_global_mag0.5,xgb,ks_statistic,BalAcc,0.1619047619047619,0.14146176900136098,0.20944106283142952,0.20558710259288912,3
meps,gradual_global_mag0.5,xgb,kl_divergence,DI_star,0.05062656641604008,0.11348043248278056,-0.010801126183424289,0.18523369599055217,3
meps,gradual_global_mag0.5,xgb,kl_divergence,AOD_star,0.04310776942355889,0.08515699174470212,0.04151033307550775,0.10620865167985305,3
meps,gradual_global_mag0.5,xgb,kl_divergence,BalAcc,0.21353383458646616,0.1485959818579738,0.17097058685528801,0.08332636432015236,3
meps,gradual_global_mag0.5,xgb,per_subgroup_ewma[min_neg],DI_star,nan,nan,nan,nan,0
meps,gradual_global_mag0.5,xgb,per_subgroup_ewma[min_neg],AOD_star,nan,nan,nan,nan,0
meps,gradual_global_mag0.5,xgb,per_subgroup_ewma[min_neg],BalAcc,nan,nan,nan,nan,0
meps,gradual_global_mag0.5,xgb,per_subgroup_baseline_relative[min_neg],DI_star,nan,nan,nan,nan,0
meps,gradual_global_mag0.5,xgb,per_subgroup_baseline_relative[min_neg],AOD_star,nan,nan,nan,nan,0
meps,gradual_global_mag0.5,xgb,per_subgroup_baseline_relative[min_neg],BalAcc,nan,nan,nan,nan,0
meps,gradual_global_mag0.5,xgb,per_subgroup_ewma[min_pos],DI_star,0.010526315789473698,0.18086835641773147,-0.053555629199715814,0.1953903981496821,3
meps,gradual_global_mag0.5,xgb,per_subgroup_ewma[min_pos],AOD_star,0.10877192982456141,0.20580943340838728,0.05671512053540548,0.16070465561431901,3
meps,gradual_global_mag0.5,xgb,per_subgroup_ewma[min_pos],BalAcc,0.18446115288220552,0.1804358111015586,0.16936986107751448,0.13640319467562148,3
meps,gradual_global_mag0.5,xgb,per_subgroup_baseline_relative[min_pos],DI_star,0.2591478696741854,0.09700769893507452,0.052698445458410785,0.15101566092460952,3
meps,gradual_global_mag0.5,xgb,per_subgroup_baseline_relative[min_pos],AOD_star,0.23659147869674188,0.16183103142054095,0.06920512158096524,0.11195720942386596,3
meps,gradual_global_mag0.5,xgb,per_subgroup_baseline_relative[min_pos],BalAcc,0.37844611528822053,0.19549771844859476,0.2002383922354969,0.17002788974718155,3
meps,gradual_global_mag0.5,xgb,per_subgroup_ewma[maj_neg],DI_star,-0.053907808830772126,0.19235419337664553,-0.061358272811954974,0.24937402274582274,3
meps,gradual_global_mag0.5,xgb,per_subgroup_ewma[maj_neg],AOD_star,0.008493209701841697,0.293532404080859,-0.09445776648080666,0.2714513775741741,3
meps,gradual_global_mag0.5,xgb,per_subgroup_ewma[maj_neg],BalAcc,0.09222605130451693,0.10753792507175387,-0.04080770635730073,0.08937806412077046,3
meps,gradual_global_mag0.5,xgb,per_subgroup_baseline_relative[maj_neg],DI_star,-0.09497624957503,0.24433296818134678,-0.15704313540411366,0.21912302753259705,3
meps,gradual_global_mag0.5,xgb,per_subgroup_baseline_relative[maj_neg],AOD_star,-0.1574496858832829,0.2506511461396436,-0.2386941638320912,0.27293162039782265,3
meps,gradual_global_mag0.5,xgb,per_subgroup_baseline_relative[maj_neg],BalAcc,0.06354294441886302,0.12577258226749716,0.12176961506935362,0.13017949534550025,3
meps,gradual_global_mag0.5,xgb,per_subgroup_ewma[maj_pos],DI_star,-0.09774436090225563,0.12357084336806623,-0.05970055210921651,0.12493911936620904,3
meps,gradual_global_mag0.5,xgb,per_subgroup_ewma[maj_pos],AOD_star,0.08721804511278193,0.16320235468297245,0.16357615146940704,0.17167928638881796,3
meps,gradual_global_mag0.5,xgb,per_subgroup_ewma[maj_pos],BalAcc,0.059649122807017535,0.07170197860830534,0.10852393687652762,0.09724627052345917,3
meps,gradual_global_mag0.5,xgb,per_subgroup_baseline_relative[maj_pos],DI_star,-0.06115288220551379,0.1707912937467417,-0.15259389594319864,0.13722771931278963,3
meps,gradual_global_mag0.5,xgb,per_subgroup_baseline_relative[maj_pos],AOD_star,-0.0015037593984962478,0.20194467901277874,-0.033982284083524855,0.1741914544339625,3
meps,gradual_global_mag0.5,xgb,per_subgroup_baseline_relative[maj_pos],BalAcc,0.11077694235588971,0.04543466343308134,0.08215720641835332,0.08608276240217227,3
meps,gradual_global_mag1.0,lr,global_mean,DI_star,0.21403508771929824,0.1923885010684655,0.16694503925629087,0.18322178273186548,3
meps,gradual_global_mag1.0,lr,global_mean,AOD_star,0.3739348370927318,0.04581464602411972,0.3409152888254727,0.05094466979106307,3
meps,gradual_global_mag1.0,lr,global_mean,BalAcc,0.08370927318295739,0.10682220555366403,0.11371035303715478,0.12987121277643415,3
meps,gradual_global_mag1.0,lr,global_ewma,DI_star,0.16541353383458646,0.20155986201377674,0.17023430998038522,0.16328612703848172,3
meps,gradual_global_mag1.0,lr,global_ewma,AOD_star,0.3859649122807018,0.05086669768409971,0.3988200367027635,0.05596455551711376,3
meps,gradual_global_mag1.0,lr,global_ewma,BalAcc,0.07969924812030074,0.10103204229919291,0.08846759614708462,0.11488819407431462,3
meps,gradual_global_mag1.0,lr,global_std,DI_star,0.04110275689223058,0.11838915643696858,-0.05079814990146625,0.11377970985810244,3
meps,gradual_global_mag1.0,lr,global_std,AOD_star,-0.14235588972431076,0.16330547052775682,-0.2579354868844648,0.07508570989365439,3
meps,gradual_global_mag1.0,lr,global_std,BalAcc,-0.035588972431077684,0.12229754687049278,-0.0786625661715118,0.14282262370007695,3
meps,gradual_global_mag1.0,lr,subgroup_violation_diff,DI_star,0.11378446115288221,0.13469260223701982,0.0999188017310612,0.18133911004523667,3
meps,gradual_global_mag1.0,lr,subgroup_violation_diff,AOD_star,-0.07268170426065163,0.1588316080850601,-0.00364077497293841,0.10166953039683438,3
meps,gradual_global_mag1.0,lr,subgroup_violation_diff,BalAcc,0.15488721804511277,0.09290101750802322,0.10792343698358027,0.05306034042530401,3
meps,gradual_global_mag1.0,lr,max_subgroup_deviation,DI_star,0.07218045112781954,0.16107783267092868,0.11262987352901117,0.2193081488106562,3
meps,gradual_global_mag1.0,lr,max_subgroup_deviation,AOD_star,0.17894736842105263,0.15957336603540603,0.1722705922864045,0.07379233230019695,3
meps,gradual_global_mag1.0,lr,max_subgroup_deviation,BalAcc,0.1664160401002506,0.0814840891590221,0.1378696136274272,0.07651188214922094,3
meps,gradual_global_mag1.0,lr,assignment_proportion_drift,DI_star,-0.016013499413181777,0.12338491168386076,0.05032346259790349,0.1693029367119499,3
meps,gradual_global_mag1.0,lr,assignment_proportion_drift,AOD_star,-0.1837716510442955,0.12410832731702955,-0.004298113844850353,0.08456203730159001,3
meps,gradual_global_mag1.0,lr,assignment_proportion_drift,BalAcc,0.09660022858317181,0.12907802865766602,0.09491175668573722,0.06323128129506402,3
meps,gradual_global_mag1.0,lr,ks_statistic,DI_star,0.1829573934837093,0.1951349539831752,0.201377632212001,0.20395425365452047,3
meps,gradual_global_mag1.0,lr,ks_statistic,AOD_star,0.35989974937343355,0.042396652538928326,0.3414209886986472,0.051969556399493654,3
meps,gradual_global_mag1.0,lr,ks_statistic,BalAcc,0.06416040100250626,0.08814932189392242,0.10887111114550481,0.09967641694890211,3
meps,gradual_global_mag1.0,lr,kl_divergence,DI_star,-0.03909774436090225,0.1261963870559662,0.05150669192474653,0.1632413508331294,3
meps,gradual_global_mag1.0,lr,kl_divergence,AOD_star,0.068671679197995,0.16943987108374886,0.20606615512794516,0.09656964387364317,3
meps,gradual_global_mag1.0,lr,kl_divergence,BalAcc,0.17293233082706763,0.17499263045465005,0.17695419569042617,0.11493880180319885,3
meps,gradual_global_mag1.0,lr,per_subgroup_ewma[min_neg],DI_star,nan,nan,nan,nan,0
meps,gradual_global_mag1.0,lr,per_subgroup_ewma[min_neg],AOD_star,nan,nan,nan,nan,0
meps,gradual_global_mag1.0,lr,per_subgroup_ewma[min_neg],BalAcc,nan,nan,nan,nan,0
meps,gradual_global_mag1.0,lr,per_subgroup_baseline_relative[min_neg],DI_star,nan,nan,nan,nan,0
meps,gradual_global_mag1.0,lr,per_subgroup_baseline_relative[min_neg],AOD_star,nan,nan,nan,nan,0
meps,gradual_global_mag1.0,lr,per_subgroup_baseline_relative[min_neg],BalAcc,nan,nan,nan,nan,0
meps,gradual_global_mag1.0,lr,per_subgroup_ewma[min_pos],DI_star,0.212531328320802,0.18032298429751864,0.1421190889719625,0.1778587814619323,3
meps,gradual_global_mag1.0,lr,per_subgroup_ewma[min_pos],AOD_star,0.3904761904761904,0.09152228851167335,0.3253471771685347,0.05342829333582572,3
meps,gradual_global_mag1.0,lr,per_subgroup_ewma[min_pos],BalAcc,0.07218045112781955,0.062232145991630815,0.1328285831012809,0.1220639292971614,3
meps,gradual_global_mag1.0,lr,per_subgroup_baseline_relative[min_pos],DI_star,0.12781954887218044,0.08649776038207364,0.14938330226285626,0.21642215063035403,3
meps,gradual_global_mag1.0,lr,per_subgroup_baseline_relative[min_pos],AOD_star,0.12481203007518797,0.1632993161855452,0.1841137711367685,0.07451244878398736,3
meps,gradual_global_mag1.0,lr,per_subgroup_baseline_relative[min_pos],BalAcc,0.19799498746867164,0.08497977805705538,0.1396432822587405,0.05566842951866365,3
meps,gradual_global_mag1.0,lr,per_subgroup_ewma[maj_neg],DI_star,0.0854797799469567,0.10932034778001266,0.06391521026125495,0.10766983435330796,3
meps,gradual_global_mag1.0,lr,per_subgroup_ewma[maj_neg],AOD_star,-0.18597245417501143,0.19627785414860208,-0.1375102255008132,0.22639185358048589,3
meps,gradual_global_mag1.0,lr,per_subgroup_ewma[maj_neg],BalAcc,0.012773375982440738,0.10490576135651132,-0.05624882343062201,0.10449484277776706,3
meps,gradual_global_mag1.0,lr,per_subgroup_baseline_relative[maj_neg],DI_star,-0.14262885131407074,0.05135730517553778,-0.10842832759771907,0.2318087800724264,3
meps,gradual_global_mag1.0,lr,per_subgroup_baseline_relative[maj_neg],AOD_star,-0.269639863131189,0.18755451475364512,-0.17173150179488528,0.1262565963601697,3
meps,gradual_global_mag1.0,lr,per_subgroup_baseline_relative[maj_neg],BalAcc,-0.1874165148844886,0.23086904043332251,-0.0720493411477044,0.11933636364094459,3
meps,gradual_global_mag1.0,lr,per_subgroup_ewma[maj_pos],DI_star,0.10275689223057644,0.17723675693721958,0.16787929562212278,0.15549216627037743,3
meps,gradual_global_mag1.0,lr,per_subgroup_ewma[maj_pos],AOD_star,0.3538847117794486,0.09539362053908548,0.4066309284138016,0.05566863792076226,3
meps,gradual_global_mag1.0,lr,per_subgroup_ewma[maj_pos],BalAcc,0.07719298245614035,0.10129530871772292,0.04763306650921584,0.1038818449427927,3
meps,gradual_global_mag1.0,lr,per_subgroup_baseline_relative[maj_pos],DI_star,0.13684210526315785,0.1514896104639012,0.1273090694278439,0.1501727354206119,3
meps,gradual_global_mag1.0,lr,per_subgroup_baseline_relative[maj_pos],AOD_star,0.33884711779448623,0.07501065139617172,0.3276950247067698,0.042907999826050834,3
meps,gradual_global_mag1.0,lr,per_subgroup_baseline_relative[maj_pos],BalAcc,0.10075187969924813,0.09775592759786471,0.06211591640134648,0.13609480616672687,3
meps,gradual_global_mag1.0,xgb,global_mean,DI_star,0.13483709273182956,0.16546061454993652,0.18871973261801123,0.2674266682051753,3
meps,gradual_global_mag1.0,xgb,global_mean,AOD_star,-0.33533834586466166,0.13478583964088156,-0.34264936811140706,0.14644377818612045,3
meps,gradual_global_mag1.0,xgb,global_mean,BalAcc,-0.37894736842105264,0.09033410346975475,-0.4237165848063056,0.10305661014612881,3
meps,gradual_global_mag1.0,xgb,global_ewma,DI_star,0.09373433583959896,0.19472506842930434,0.16347314021323983,0.2870775872363924,3
meps,gradual_global_mag1.0,xgb,global_ewma,AOD_star,-0.3293233082706767,0.13464036108835378,-0.3817111152083343,0.1474444798913798,3
meps,gradual_global_mag1.0,xgb,global_ewma,BalAcc,-0.3909774436090226,0.08098922941391525,-0.4810833167895841,0.14310039573419508,3
meps,gradual_global_mag1.0,xgb,global_std,DI_star,-0.08571428571428567,0.2713219821399462,-0.1795567217800139,0.3107334528729028,3
meps,gradual_global_mag1.0,xgb,global_std,AOD_star,0.4120300751879699,0.15555492741752938,0.34147951304987206,0.1715259261578717,3
meps,gradual_global_mag1.0,xgb,global_std,BalAcc,0.4466165413533834,0.042691938546100414,0.46457404568614463,0.08642020092321041,3
meps,gradual_global_mag1.0,xgb,subgroup_violation_diff,DI_star,-0.035087719298245605,0.2361886464818006,-0.09760423089554833,0.2592315704826692,3
meps,gradual_global_mag1.0,xgb,subgroup_violation_diff,AOD_star,0.16340852130325814,0.19450042580439952,0.04637686161964059,0.25674219029799683,3
meps,gradual_global_mag1.0,xgb,subgroup_violation_diff,BalAcc,0.3518796992481203,0.22968007090081072,0.30986504697177136,0.10469776093363026,3
meps,gradual_global_mag1.0,xgb,max_subgroup_deviation,DI_star,0.26115288220551375,0.1258634539297215,0.10582603711201662,0.035219255284511676,3
meps,gradual_global_mag1.0,xgb,max_subgroup_deviation,AOD_star,-0.08020050125313283,0.03188379728078045,-0.19423430091040714,0.07404136479455421,3
meps,gradual_global_mag1.0,xgb,max_subgroup_deviation,BalAcc,-0.13483709273182956,0.14229057063335313,-0.1275283390842848,0.09257770892868995,3
meps,gradual_global_mag1.0,xgb,assignment_proportion_drift,DI_star,-0.02610590319858418,0.1658637552291047,-0.026212469148859052,0.1310900272944271,3
meps,gradual_global_mag1.0,xgb,assignment_proportion_drift,AOD_star,0.09801888025637302,0.16423603616442844,-0.05258992776757863,0.1514349899994562,3
meps,gradual_global_mag1.0,xgb,assignment_proportion_drift,BalAcc,0.2646343635239909,0.25202101432345625,0.12558252063671313,0.12067408738681777,3
meps,gradual_global_mag1.0,xgb,ks_statistic,DI_star,0.11428571428571428,0.18135529535935718,0.15934272192528132,0.20929867432313054,3
meps,gradual_global_mag1.0,xgb,ks_statistic,AOD_star,-0.3644110275689223,0.13695130916691117,-0.31361923706538575,0.1220602120925338,3
meps,gradual_global_mag1.0,xgb,ks_statistic,BalAcc,-0.406015037593985,0.09145363065103149,-0.3693669010480036,0.08367334334039396,3
meps,gradual_global_mag1.0,xgb,kl_divergence,DI_star,-0.1293233082706767,0.16986935462501274,0.014457227924066183,0.12466737545955445,3
meps,gradual_global_mag1.0,xgb,kl_divergence,AOD_star,-0.31879699248120297,0.26785778041519337,-0.2862177574926938,0.14104806312798793,3
meps,gradual_global_mag1.0,xgb,kl_divergence,BalAcc,0.028070175438596485,0.06675893891382613,-0.0799087234043807,0.058547878758035604,3
meps,gradual_global_mag1.0,xgb,per_subgroup_ewma[min_neg],DI_star,nan,nan,nan,nan,0
meps,gradual_global_mag1.0,xgb,per_subgroup_ewma[min_neg],AOD_star,nan,nan,nan,nan,0
meps,gradual_global_mag1.0,xgb,per_subgroup_ewma[min_neg],BalAcc,nan,nan,nan,nan,0
meps,gradual_global_mag1.0,xgb,per_subgroup_baseline_relative[min_neg],DI_star,nan,nan,nan,nan,0
meps,gradual_global_mag1.0,xgb,per_subgroup_baseline_relative[min_neg],AOD_star,nan,nan,nan,nan,0
meps,gradual_global_mag1.0,xgb,per_subgroup_baseline_relative[min_neg],BalAcc,nan,nan,nan,nan,0
meps,gradual_global_mag1.0,xgb,per_subgroup_ewma[min_pos],DI_star,0.06315789473684212,0.20962571420727275,0.06115293070288332,0.16723782983530674,3
meps,gradual_global_mag1.0,xgb,per_subgroup_ewma[min_pos],AOD_star,-0.33884711779448623,0.09241563650319008,-0.34149020183131834,0.08671792625799074,3
meps,gradual_global_mag1.0,xgb,per_subgroup_ewma[min_pos],BalAcc,-0.3704260651629072,0.10139943275623095,-0.28918529990968045,0.10665896267370367,3
meps,gradual_global_mag1.0,xgb,per_subgroup_baseline_relative[min_pos],DI_star,0.068671679197995,0.36436172629858365,0.06700578822634817,0.05479062556868765,3
meps,gradual_global_mag1.0,xgb,per_subgroup_baseline_relative[min_pos],AOD_star,-0.05614035087719299,0.30388427253669514,-0.15934933085849193,0.1197855576076157,3
meps,gradual_global_mag1.0,xgb,per_subgroup_baseline_relative[min_pos],BalAcc,0.1533834586466165,0.0840582224571667,-0.05787922834141166,0.028584546372576455,3
meps,gradual_global_mag1.0,xgb,per_subgroup_ewma[maj_neg],DI_star,0.11661177582157554,0.3404475907730093,0.11770980154283302,0.32659197369069637,3
meps,gradual_global_mag1.0,xgb,per_subgroup_ewma[maj_neg],AOD_star,0.3619424713763104,0.077081674628802,0.20357437466934458,0.15481160596587087,3
meps,gradual_global_mag1.0,xgb,per_subgroup_ewma[maj_neg],BalAcc,0.08188936701122947,0.4285191934855115,-0.10653139808762602,0.46070822854429566,3
meps,gradual_global_mag1.0,xgb,per_subgroup_baseline_relative[maj_neg],DI_star,-0.23350211166761006,0.12235135468363922,-0.22726547290276145,0.022836182412150196,3
meps,gradual_global_mag1.0,xgb,per_subgroup_baseline_relative[maj_neg],AOD_star,-0.036565518447761375,0.11812255827398266,-0.15370784224112427,0.1803742471035702,3
meps,gradual_global_mag1.0,xgb,per_subgroup_baseline_relative[maj_neg],BalAcc,0.11110413985700478,0.16154862972672548,0.10527174444413812,0.146497620729884,3
meps,gradual_global_mag1.0,xgb,per_subgroup_ewma[maj_pos],DI_star,0.05664160401002505,0.20952980528889284,0.23841829315607224,0.351723774738635,3
meps,gradual_global_mag1.0,xgb,per_subgroup_ewma[maj_pos],AOD_star,-0.37994987468671676,0.11657341839316376,-0.3641444107516954,0.23694721721349662,3
meps,gradual_global_mag1.0,xgb,per_subgroup_ewma[maj_pos],BalAcc,-0.4055137844611529,0.10024812026942276,-0.5781107303955523,0.15511451305014207,3
meps,gradual_global_mag1.0,xgb,per_subgroup_baseline_relative[maj_pos],DI_star,0.09924812030075188,0.21800189702238232,0.25810168841072206,0.36036394674704575,3
meps,gradual_global_mag1.0,xgb,per_subgroup_baseline_relative[maj_pos],AOD_star,-0.3669172932330827,0.12228316484576261,-0.3517331459886106,0.24059707986890694,3
meps,gradual_global_mag1.0,xgb,per_subgroup_baseline_relative[maj_pos],BalAcc,-0.38897243107769414,0.06626027983084613,-0.5582813653376185,0.12216753117701262,3
meps,gradual_global_mag2.0,lr,global_mean,DI_star,0.15739348370927314,0.3256702977430047,0.19105460643322777,0.30670490688044877,3
meps,gradual_global_mag2.0,lr,global_mean,AOD_star,0.32731829573934834,0.06448461318430378,0.3668439150412553,0.05446439296490281,3
meps,gradual_global_mag2.0,lr,global_mean,BalAcc,0.1238095238095238,0.07944190099893068,0.11282178403415195,0.13616386868294286,3
meps,gradual_global_mag2.0,lr,global_ewma,DI_star,0.12982456140350873,0.3238553006586816,0.1817564492842494,0.27363685074335625,3
meps,gradual_global_mag2.0,lr,global_ewma,AOD_star,0.33884711779448623,0.06205424708143951,0.3958565568790941,0.07107008273463643,3
meps,gradual_global_mag2.0,lr,global_ewma,BalAcc,0.1368421052631579,0.08054125605269442,0.0963203672062465,0.14460720767457175,3
meps,gradual_global_mag2.0,lr,global_std,DI_star,-0.16641604010025063,0.33131504984057886,-0.09739651821532919,0.3077047327196747,3
meps,gradual_global_mag2.0,lr,global_std,AOD_star,-0.22055137844611528,0.05648391116860741,-0.23732489890163866,0.050660302756953324,3
meps,gradual_global_mag2.0,lr,global_std,BalAcc,-0.12030075187969924,0.007667698516680874,-0.10680784497136069,0.10899121362336602,3
meps,gradual_global_mag2.0,lr,subgroup_violation_diff,DI_star,0.012030075187969924,0.021301783820426842,-0.06667625835027509,0.033146527065820684,3
meps,gradual_global_mag2.0,lr,subgroup_violation_diff,AOD_star,-0.2401002506265664,0.22657861434991083,-0.30517502116224,0.10086236391599554,3
meps,gradual_global_mag2.0,lr,subgroup_violation_diff,BalAcc,0.02606516290726817,0.1380476972873494,0.02171784002602777,0.11888107511501009,3
meps,gradual_global_mag2.0,lr,max_subgroup_deviation,DI_star,0.12080200501253131,0.29342024316498794,0.20717382465595324,0.28895873479245426,3
meps,gradual_global_mag2.0,lr,max_subgroup_deviation,AOD_star,0.28872180451127816,0.034444516376159376,0.3447059462901765,0.028257143666564535,3
meps,gradual_global_mag2.0,lr,max_subgroup_deviation,BalAcc,0.1112781954887218,0.08722668698004246,0.10623488494943935,0.09952932813100207,3
meps,gradual_global_mag2.0,lr,assignment_proportion_drift,DI_star,0.09753203106161039,0.15316469459838006,0.14718417672068823,0.19163987892114034,3
meps,gradual_global_mag2.0,lr,assignment_proportion_drift,AOD_star,0.1986000002033458,0.14056981328171242,0.19320473049125275,0.09585494520624292,3
meps,gradual_global_mag2.0,lr,assignment_proportion_drift,BalAcc,0.16496548107942613,0.09314951620235197,0.16163506905805308,0.04672081388899201,3
meps,gradual_global_mag2.0,lr,ks_statistic,DI_star,0.13283208020050125,0.32982837029589895,0.1601386504957912,0.3074198672582889,3
meps,gradual_global_mag2.0,lr,ks_statistic,AOD_star,0.3087719298245614,0.05221219713283123,0.31417154141756165,0.03507848346064066,3
meps,gradual_global_mag2.0,lr,ks_statistic,BalAcc,0.11829573934837091,0.07761820194197733,0.12636276415542383,0.13049249204745755,3
meps,gradual_global_mag2.0,lr,kl_divergence,DI_star,0.1473684210526316,0.31379487039033505,0.14296090906323625,0.29756954719045287,3
meps,gradual_global_mag2.0,lr,kl_divergence,AOD_star,0.13533834586466162,0.17513902098871403,0.18327335513679235,0.10066955973976062,3
meps,gradual_global_mag2.0,lr,kl_divergence,BalAcc,0.19398496240601504,0.11764614986918011,0.14445271944247567,0.15500185569081865,3
meps,gradual_global_mag2.0,lr,per_subgroup_ewma[min_neg],DI_star,nan,nan,nan,nan,0
meps,gradual_global_mag2.0,lr,per_subgroup_ewma[min_neg],AOD_star,nan,nan,nan,nan,0
meps,gradual_global_mag2.0,lr,per_subgroup_ewma[min_neg],BalAcc,nan,nan,nan,nan,0
meps,gradual_global_mag2.0,lr,per_subgroup_baseline_relative[min_neg],DI_star,nan,nan,nan,nan,0
meps,gradual_global_mag2.0,lr,per_subgroup_baseline_relative[min_neg],AOD_star,nan,nan,nan,nan,0
meps,gradual_global_mag2.0,lr,per_subgroup_baseline_relative[min_neg],BalAcc,nan,nan,nan,nan,0
meps,gradual_global_mag2.0,lr,per_subgroup_ewma[min_pos],DI_star,0.14786967418546362,0.31997779459516945,0.1368131995249846,0.29278226519296163,3
meps,gradual_global_mag2.0,lr,per_subgroup_ewma[min_pos],AOD_star,0.3523809523809523,0.06877222209981952,0.3060430286262323,0.05971927705922894,3
meps,gradual_global_mag2.0,lr,per_subgroup_ewma[min_pos],BalAcc,0.131328320802005,0.09103507636889416,0.11685272734676579,0.16262513359810174,3
meps,gradual_global_mag2.0,lr,per_subgroup_baseline_relative[min_pos],DI_star,0.10275689223057642,0.23927369618082686,0.16569867723276244,0.2793713768473631,3
meps,gradual_global_mag2.0,lr,per_subgroup_baseline_relative[min_pos],AOD_star,0.2110275689223057,0.08735908856098668,0.2130257503232684,0.0555414016772787,3
meps,gradual_global_mag2.0,lr,per_subgroup_baseline_relative[min_pos],BalAcc,0.10676691729323307,0.07256580509523868,0.1219246919387254,0.08271081399634926,3
meps,gradual_global_mag2.0,lr,per_subgroup_ewma[maj_neg],DI_star,0.1443714609076727,0.09369404653927149,0.10236579809648583,0.06050294068224543,3
meps,gradual_global_mag2.0,lr,per_subgroup_ewma[maj_neg],AOD_star,0.26392344411952656,0.10956440464900545,0.28609064915097787,0.13458068125197606,3
meps,gradual_global_mag2.0,lr,per_subgroup_ewma[maj_neg],BalAcc,0.10878795634996956,0.07610209883277907,0.13022623979007295,0.05895176532715006,3
meps,gradual_global_mag2.0,lr,per_subgroup_baseline_relative[maj_neg],DI_star,-0.1512575674190232,0.04019229250918313,-0.05614568014476124,0.08633942619917803,3
meps,gradual_global_mag2.0,lr,per_subgroup_baseline_relative[maj_neg],AOD_star,-0.18452543347939684,0.10799334205466159,0.028948501750913343,0.11236416515938412,3
meps,gradual_global_mag2.0,lr,per_subgroup_baseline_relative[maj_neg],BalAcc,0.053747668277478435,0.0388304775754631,0.11699796141182196,0.09973355705968386,3
meps,gradual_global_mag2.0,lr,per_subgroup_ewma[maj_pos],DI_star,0.1162907268170426,0.3097314453788649,0.2008129499250955,0.249237892716076,3
meps,gradual_global_mag2.0,lr,per_subgroup_ewma[maj_pos],AOD_star,0.32631578947368417,0.07703985071620817,0.4209845293136731,0.06323924372147441,3
meps,gradual_global_mag2.0,lr,per_subgroup_ewma[maj_pos],BalAcc,0.1408521303258145,0.08306900244959035,0.07480977147877911,0.12013229122417045,3
meps,gradual_global_mag2.0,lr,per_subgroup_baseline_relative[maj_pos],DI_star,0.13182957393483707,0.29914944868457866,0.20775531762276236,0.2836484688534226,3
meps,gradual_global_mag2.0,lr,per_subgroup_baseline_relative[maj_pos],AOD_star,0.3263157894736842,0.07492686492653554,0.4158900530762762,0.05054263443007518,3
meps,gradual_global_mag2.0,lr,per_subgroup_baseline_relative[maj_pos],BalAcc,0.13984962406015036,0.06078611407942176,0.08829943045618587,0.13215918730011317,3
meps,gradual_global_mag2.0,xgb,global_mean,DI_star,0.7698168018479344,0.060791468504808065,0.7777739595252687,0.07772378131697959,3
meps,gradual_global_mag2.0,xgb,global_mean,AOD_star,0.35975098909887143,0.0983986103783574,0.366316871979466,0.1589049227970224,3
meps,gradual_global_mag2.0,xgb,global_mean,BalAcc,-0.822144218444134,0.041362335082467734,-0.8229467752179621,0.040024384426662785,3
meps,gradual_global_mag2.0,xgb,global_ewma,DI_star,0.7582443924083903,0.055259330252088415,0.8489674158926069,0.06015984751954302,3
meps,gradual_global_mag2.0,xgb,global_ewma,AOD_star,0.3602541373353733,0.09999113907224348,0.4475269799151418,0.14285514552333411,3
meps,gradual_global_mag2.0,xgb,global_ewma,BalAcc,-0.8246599596266435,0.037083083196594965,-0.8934970895910586,0.03275877574880031,3
meps,gradual_global_mag2.0,xgb,global_std,DI_star,-0.46490897052777225,0.1510815166316844,-0.42820095718651724,0.12588066054004354,3
meps,gradual_global_mag2.0,xgb,global_std,AOD_star,0.07647853194829154,0.18822149439861205,-0.010619447715891711,0.19546326222913984,3
meps,gradual_global_mag2.0,xgb,global_std,BalAcc,0.565035469591654,0.06633070202659533,0.5207045124944251,0.06851208001355184,3
meps,gradual_global_mag2.0,xgb,subgroup_violation_diff,DI_star,-0.5315761118642763,0.12725423634333308,-0.5557682253477704,0.0743321215013227,3
meps,gradual_global_mag2.0,xgb,subgroup_violation_diff,AOD_star,-0.3700655279471607,0.07910876054545478,-0.34677710153763996,0.08010436635701505,3
meps,gradual_global_mag2.0,xgb,subgroup_violation_diff,BalAcc,0.6478033544962194,0.045242791744154534,0.6138404824606083,0.023505467011407443,3
meps,gradual_global_mag2.0,xgb,max_subgroup_deviation,DI_star,0.7577412441718884,0.013331054715298524,0.7683976752993633,0.035515731941472735,3
meps,gradual_global_mag2.0,xgb,max_subgroup_deviation,AOD_star,0.39044303152548837,0.06413906690382692,0.42789030375147435,0.11356285588853873,3
meps,gradual_global_mag2.0,xgb,max_subgroup_deviation,BalAcc,-0.8241568113901417,0.02582283023906182,-0.7813713107715836,0.022466544751191187,3
meps,gradual_global_mag2.0,xgb,assignment_proportion_drift,DI_star,0.44276618739821166,0.12859331500527812,0.48483252738477667,0.06685964418271664,3
meps,gradual_global_mag2.0,xgb,assignment_proportion_drift,AOD_star,0.441720502574432,0.1072738498451564,0.31034650470948383,0.07799677196986816,3
meps,gradual_global_mag2.0,xgb,assignment_proportion_drift,BalAcc,-0.34511263255878505,0.10684196860229979,-0.4373373877888318,0.05681931126036678,3
meps,gradual_global_mag2.0,xgb,ks_statistic,DI_star,0.7572380959353867,0.06170082842267889,0.681223827159314,0.0783213989914294,3
meps,gradual_global_mag2.0,xgb,ks_statistic,AOD_star,0.3325809843277678,0.1011240338696505,0.26540184290908975,0.14010255333468047,3
meps,gradual_global_mag2.0,xgb,ks_statistic,BalAcc,-0.8246599596266435,0.05015860518176724,-0.7309326911516955,0.050917270847769716,3
meps,gradual_global_mag2.0,xgb,kl_divergence,DI_star,0.5028966623836669,0.20106454490144426,0.4677813196103446,0.1257176364041682,3
meps,gradual_global_mag2.0,xgb,kl_divergence,AOD_star,0.2940901442353711,0.25015399930142446,0.18160200783666233,0.1500695032306649,3
meps,gradual_global_mag2.0,xgb,kl_divergence,BalAcc,-0.4384936881114216,0.1661498023359737,-0.4711206282774363,0.08402547261610616,3
meps,gradual_global_mag2.0,xgb,per_subgroup_ewma[min_neg],DI_star,nan,nan,nan,nan,0
meps,gradual_global_mag2.0,xgb,per_subgroup_ewma[min_neg],AOD_star,nan,nan,nan,nan,0
meps,gradual_global_mag2.0,xgb,per_subgroup_ewma[min_neg],BalAcc,nan,nan,nan,nan,0
meps,gradual_global_mag2.0,xgb,per_subgroup_baseline_relative[min_neg],DI_star,nan,nan,nan,nan,0
meps,gradual_global_mag2.0,xgb,per_subgroup_baseline_relative[min_neg],AOD_star,nan,nan,nan,nan,0
meps,gradual_global_mag2.0,xgb,per_subgroup_baseline_relative[min_neg],BalAcc,nan,nan,nan,nan,0
meps,gradual_global_mag2.0,xgb,per_subgroup_ewma[min_pos],DI_star,0.7642821712464135,0.05525933025208836,0.6979828326627583,0.08330563015395574,3
meps,gradual_global_mag2.0,xgb,per_subgroup_ewma[min_pos],AOD_star,0.35773839615286374,0.0933173830070897,0.27327532532998,0.13391322332964606,3
meps,gradual_global_mag2.0,xgb,per_subgroup_ewma[min_pos],BalAcc,-0.8271757008091533,0.04285334531667576,-0.7562855893605493,0.07513434945238925,3
meps,gradual_global_mag2.0,xgb,per_subgroup_baseline_relative[min_pos],DI_star,0.6563568745167521,0.029036928411322407,0.52160115093243,0.05902362008618185,3
meps,gradual_global_mag2.0,xgb,per_subgroup_baseline_relative[min_pos],AOD_star,0.45711017286199257,0.09008812621145774,0.24285404678440325,0.11281925002876163,3
meps,gradual_global_mag2.0,xgb,per_subgroup_baseline_relative[min_pos],BalAcc,-0.6181176085426062,0.08644124775935726,-0.5187950469848849,0.05886028060996874,3
meps,gradual_global_mag2.0,xgb,per_subgroup_ewma[maj_neg],DI_star,0.4307662415428281,0.10363880954356781,0.5058540469550281,0.033140178052371655,3
meps,gradual_global_mag2.0,xgb,per_subgroup_ewma[maj_neg],AOD_star,0.20049671794751767,0.21175597659238216,0.1881834071129224,0.15086933359260724,3
meps,gradual_global_mag2.0,xgb,per_subgroup_ewma[maj_neg],BalAcc,-0.49215846458486573,0.10105285198263496,-0.5694478397963032,0.02759380356165033,3
meps,gradual_global_mag2.0,xgb,per_subgroup_baseline_relative[maj_neg],DI_star,-0.2068081920101481,0.14791114169746433,0.05521126602498421,0.09342389871873649,3
meps,gradual_global_mag2.0,xgb,per_subgroup_baseline_relative[maj_neg],AOD_star,-0.12617669942278387,0.06938165186576753,-0.060124236212046045,0.11539033117497989,3
meps,gradual_global_mag2.0,xgb,per_subgroup_baseline_relative[maj_neg],BalAcc,0.03748097473117798,0.16055929265530428,-0.12051930147404437,0.12224884948664158,3
meps,gradual_global_mag2.0,xgb,per_subgroup_ewma[maj_pos],DI_star,0.7512003170973637,0.05823057816049478,0.8972238368714134,0.04099051246312053,3
meps,gradual_global_mag2.0,xgb,per_subgroup_ewma[maj_pos],AOD_star,0.3562289514433579,0.09722355129341416,0.5520690023820106,0.12308213216453226,3
meps,gradual_global_mag2.0,xgb,per_subgroup_ewma[maj_pos],BalAcc,-0.8231505149171379,0.03765216631499369,-0.921203181907727,0.015526665058857884,3
meps,gradual_global_mag2.0,xgb,per_subgroup_baseline_relative[maj_pos],DI_star,0.7532129100433712,0.04806580133202488,0.8593852811559134,0.07274719408629943,3
meps,gradual_global_mag2.0,xgb,per_subgroup_baseline_relative[maj_pos],AOD_star,0.3587446926258675,0.08533667020892768,0.46481091549259573,0.13944233828264022,3
meps,gradual_global_mag2.0,xgb,per_subgroup_baseline_relative[maj_pos],BalAcc,-0.8231505149171378,0.034866393937310794,-0.9017550323806057,0.029596985035578373,3
meps,abrupt_global_mag0.5,lr,global_mean,DI_star,0.20802005012531324,0.21829329349561657,0.10825617576557876,0.12165440654566709,3
meps,abrupt_global_mag0.5,lr,global_mean,AOD_star,0.12380952380952381,0.06359004004466387,0.18014739010402084,0.02903274803702169,3
meps,abrupt_global_mag0.5,lr,global_mean,BalAcc,0.20751879699248119,0.233507576225263,0.13900363798893214,0.11003392213339971,3
meps,abrupt_global_mag0.5,lr,global_ewma,DI_star,0.11027568922305764,0.12478686422821224,0.1210611099014252,0.11784774280213381,3
meps,abrupt_global_mag0.5,lr,global_ewma,AOD_star,0.3729323308270676,0.05367388961676617,0.3424217751573915,0.060690793573036854,3
meps,abrupt_global_mag0.5,lr,global_ewma,BalAcc,0.10375939849624059,0.08242833058621674,0.14079260353121,0.10714288057713905,3
meps,abrupt_global_mag0.5,lr,global_std,DI_star,0.02756892230576441,0.12831884397002366,0.0017030836074652667,0.04121975931981857,3
meps,abrupt_global_mag0.5,lr,global_std,AOD_star,-0.09022556390977443,0.11413391845002917,-0.145521499442771,0.05977437229164812,3
meps,abrupt_global_mag0.5,lr,global_std,BalAcc,-0.050626566416040096,0.0688598486659625,-0.1030056920041346,0.07291964558503242,3
meps,abrupt_global_mag0.5,lr,subgroup_violation_diff,DI_star,0.051629072681704254,0.10059339896647627,0.07991247851312418,0.13642712404867974,3
meps,abrupt_global_mag0.5,lr,subgroup_violation_diff,AOD_star,0.08671679197994987,0.08449944470112229,0.18141211646542296,0.0272003397676146,3
meps,abrupt_global_mag0.5,lr,subgroup_violation_diff,BalAcc,0.0807017543859649,0.0588113275134386,0.10378005047842791,0.0860308327679147,3
meps,abrupt_global_mag0.5,lr,max_subgroup_deviation,DI_star,0.059147869674185456,0.11234557739066305,0.0677499690868237,0.12169442438471208,3
meps,abrupt_global_mag0.5,lr,max_subgroup_deviation,AOD_star,0.09172932330827066,0.06223214599163081,0.15352243364295745,0.03315303568624097,3
meps,abrupt_global_mag0.5,lr,max_subgroup_deviation,BalAcc,0.1358395989974937,0.060864598442749024,0.13350602783743318,0.08530394356516012,3
meps,abrupt_global_mag0.5,lr,assignment_proportion_drift,DI_star,-0.14821568168922195,0.18355165299935225,0.030445452263565497,0.09099502733530453,3
meps,abrupt_global_mag0.5,lr,assignment_proportion_drift,AOD_star,-0.005063926558514159,0.07179266690070905,0.1432499672797993,0.02783647406975367,3
meps,abrupt_global_mag0.5,lr,assignment_proportion_drift,BalAcc,0.06201466850374684,0.08370867917132595,0.109984072480612,0.06111877065011594,3
meps,abrupt_global_mag0.5,lr,ks_statistic,DI_star,0.06666666666666665,0.10706888944514079,0.06773154367891439,0.10396457509227186,3
meps,abrupt_global_mag0.5,lr,ks_statistic,AOD_star,0.15238095238095237,0.17572908281869729,0.16892647505123914,0.02897028222305092,3
meps,abrupt_global_mag0.5,lr,ks_statistic,BalAcc,0.0681704260651629,0.0921869789078508,0.11923696484396056,0.0880796847151705,3
meps,abrupt_global_mag0.5,lr,kl_divergence,DI_star,-0.12431077694235587,0.1219086366618076,0.006236784349542737,0.1117736939857673,3
meps,abrupt_global_mag0.5,lr,kl_divergence,AOD_star,-0.04411027568922305,0.03263154044864119,0.09972013676351728,0.029419566063203683,3
meps,abrupt_global_mag0.5,lr,kl_divergence,BalAcc,0.09223057644110273,0.026257244819466254,0.18694253502957667,0.04694326710269028,3
meps,abrupt_global_mag0.5,lr,per_subgroup_ewma[min_neg],DI_star,nan,nan,nan,nan,0
meps,abrupt_global_mag0.5,lr,per_subgroup_ewma[min_neg],AOD_star,nan,nan,nan,nan,0
meps,abrupt_global_mag0.5,lr,per_subgroup_ewma[min_neg],BalAcc,nan,nan,nan,nan,0
meps,abrupt_global_mag0.5,lr,per_subgroup_baseline_relative[min_neg],DI_star,nan,nan,nan,nan,0
meps,abrupt_global_mag0.5,lr,per_subgroup_baseline_relative[min_neg],AOD_star,nan,nan,nan,nan,0
meps,abrupt_global_mag0.5,lr,per_subgroup_baseline_relative[min_neg],BalAcc,nan,nan,nan,nan,0
meps,abrupt_global_mag0.5,lr,per_subgroup_ewma[min_pos],DI_star,0.14335839598997493,0.10537289899525544,0.11690306384608486,0.12462188667705,3
meps,abrupt_global_mag0.5,lr,per_subgroup_ewma[min_pos],AOD_star,0.4020050125313283,0.04422405012553941,0.33860015248751724,0.05297393664302869,3
meps,abrupt_global_mag0.5,lr,per_subgroup_ewma[min_pos],BalAcc,0.09273182957393483,0.08033822760761573,0.13728701836265433,0.10969148806413558,3
meps,abrupt_global_mag0.5,lr,per_subgroup_baseline_relative[min_pos],DI_star,0.08922305764411027,0.1394655211567006,0.09328114787450521,0.13786649819270405,3
meps,abrupt_global_mag0.5,lr,per_subgroup_baseline_relative[min_pos],AOD_star,0.11027568922305764,0.042467708431027845,0.18044532114387338,0.023190867771520594,3
meps,abrupt_global_mag0.5,lr,per_subgroup_baseline_relative[min_pos],BalAcc,0.11929824561403507,0.09113438137233894,0.11907542921599795,0.09409602485130354,3
meps,abrupt_global_mag0.5,lr,per_subgroup_ewma[maj_neg],DI_star,-0.07320464033962411,0.0856236901496494,-0.012755090245440073,0.12313234059493264,3
meps,abrupt_global_mag0.5,lr,per_subgroup_ewma[maj_neg],AOD_star,-0.17346752248429345,0.24911538373269407,-0.18830435840844054,0.24446366335885059,3
meps,abrupt_global_mag0.5,lr,per_subgroup_ewma[maj_neg],BalAcc,0.005771293006126538,0.0586663021354815,-0.03933736118816545,0.11640936324075653,3
meps,abrupt_global_mag0.5,lr,per_subgroup_baseline_relative[maj_neg],DI_star,-0.05923299456821554,0.1110912855466518,-0.054597837863510364,0.0704481508149026,3
meps,abrupt_global_mag0.5,lr,per_subgroup_baseline_relative[maj_neg],AOD_star,-0.2119475414366749,0.11544285908607627,-0.17460377198873978,0.1376984107309997,3
meps,abrupt_global_mag0.5,lr,per_subgroup_baseline_relative[maj_neg],BalAcc,-0.00702471226723111,0.07643077325698866,0.07630675586929209,0.11182221395476923,3
meps,abrupt_global_mag0.5,lr,per_subgroup_ewma[maj_pos],DI_star,0.13383458646616542,0.08903982762759376,0.12300750254116673,0.11147629810107854,3
meps,abrupt_global_mag0.5,lr,per_subgroup_ewma[maj_pos],AOD_star,0.3759398496240601,0.03342272296374866,0.34892878946250355,0.06577271423260277,3
meps,abrupt_global_mag0.5,lr,per_subgroup_ewma[maj_pos],BalAcc,0.10927318295739347,0.10148859690582943,0.1515213594725446,0.10600288382643218,3
meps,abrupt_global_mag0.5,lr,per_subgroup_baseline_relative[maj_pos],DI_star,0.13834586466165413,0.10141925378613367,0.10296839109181317,0.1158538663067811,3
meps,abrupt_global_mag0.5,lr,per_subgroup_baseline_relative[maj_pos],AOD_star,0.1268170426065163,0.05915636487992754,0.1535468264129055,0.014062240784245552,3
meps,abrupt_global_mag0.5,lr,per_subgroup_baseline_relative[maj_pos],BalAcc,0.24761904761904754,0.18361607663846594,0.15653947296312967,0.11381989861750998,3
meps,abrupt_global_mag0.5,xgb,global_mean,DI_star,0.16491228070175434,0.20952980528889284,-0.009961060923475096,0.20850063647941444,3
meps,abrupt_global_mag0.5,xgb,global_mean,AOD_star,0.08270676691729323,0.11093899395737275,0.03545346839795137,0.18873919187131477,3
meps,abrupt_global_mag0.5,xgb,global_mean,BalAcc,0.2496240601503759,0.17412901845938533,0.1790054257049849,0.15836848581789464,3
meps,abrupt_global_mag0.5,xgb,global_ewma,DI_star,-0.027067669172932334,0.20439330225362856,-0.08192620045326993,0.1804879171344582,3
meps,abrupt_global_mag0.5,xgb,global_ewma,AOD_star,0.06917293233082704,0.2253064529032925,0.04577909698910639,0.1643988508831367,3
meps,abrupt_global_mag0.5,xgb,global_ewma,BalAcc,0.19548872180451124,0.19153904755597778,0.1586587731261353,0.11479617422704771,3
meps,abrupt_global_mag0.5,xgb,global_std,DI_star,0.11829573934837091,0.04257406990994701,0.08459161268330485,0.21645252843999507,3
meps,abrupt_global_mag0.5,xgb,global_std,AOD_star,0.17744360902255632,0.2336689208379009,0.02580430416977587,0.20397324052067578,3
meps,abrupt_global_mag0.5,xgb,global_std,BalAcc,0.04962406015037594,0.13643664628227073,-0.08939737646640451,0.17249920875895533,3
meps,abrupt_global_mag0.5,xgb,subgroup_violation_diff,DI_star,0.05814536340852131,0.22284859681216043,-0.004866063081076131,0.2066039820459892,3
meps,abrupt_global_mag0.5,xgb,subgroup_violation_diff,AOD_star,0.0932330827067669,0.11857788874415831,0.04040204214881322,0.18159130495842077,3
meps,abrupt_global_mag0.5,xgb,subgroup_violation_diff,BalAcc,0.2756892230576441,0.16189622640970577,0.1739504229706228,0.12986034298274285,3
meps,abrupt_global_mag0.5,xgb,max_subgroup_deviation,DI_star,0.1263157894736842,0.19277859231737582,-0.010014244756074561,0.20241814570583605,3
meps,abrupt_global_mag0.5,xgb,max_subgroup_deviation,AOD_star,0.18295739348370924,0.044766142479731534,0.036672589370891316,0.1637026850764179,3
meps,abrupt_global_mag0.5,xgb,max_subgroup_deviation,BalAcc,0.3117794486215538,0.15050787862686538,0.20627294543958163,0.15293262546113573,3
meps,abrupt_global_mag0.5,xgb,assignment_proportion_drift,DI_star,-0.12029156633293862,0.1562786732275186,-0.05507821028530512,0.19890089605289082,3
meps,abrupt_global_mag0.5,xgb,assignment_proportion_drift,AOD_star,-0.09838873335259872,0.16881085677857527,0.00499099975958046,0.19036889493194992,3
meps,abrupt_global_mag0.5,xgb,assignment_proportion_drift,BalAcc,0.05884654845635851,0.17150822720261732,0.1515182607784023,0.17341315317967854,3
meps,abrupt_global_mag0.5,xgb,ks_statistic,DI_star,-0.04160401002506266,0.2279417964717148,-0.03504051579102437,0.2181610459734011,3
meps,abrupt_global_mag0.5,xgb,ks_statistic,AOD_star,0.025062656641603998,0.25778645025112995,0.020014248516123084,0.1990185847291989,3
meps,abrupt_global_mag0.5,xgb,ks_statistic,BalAcc,0.1639097744360902,0.2813999551558534,0.1638987043194216,0.17239365089059117,3
meps,abrupt_global_mag0.5,xgb,kl_divergence,DI_star,-0.032080200501253126,0.1696754811647421,0.03130343949821409,0.21095297095458937,3
meps,abrupt_global_mag0.5,xgb,kl_divergence,AOD_star,-0.007017543859649126,0.22031429499231586,0.06702026352265868,0.19476421206424624,3
meps,abrupt_global_mag0.5,xgb,kl_divergence,BalAcc,0.14035087719298245,0.12789520587587372,0.21042643217281531,0.13915033007367067,3
meps,abrupt_global_mag0.5,xgb,per_subgroup_ewma[min_neg],DI_star,nan,nan,nan,nan,0
meps,abrupt_global_mag0.5,xgb,per_subgroup_ewma[min_neg],AOD_star,nan,nan,nan,nan,0
meps,abrupt_global_mag0.5,xgb,per_subgroup_ewma[min_neg],BalAcc,nan,nan,nan,nan,0
meps,abrupt_global_mag0.5,xgb,per_subgroup_baseline_relative[min_neg],DI_star,nan,nan,nan,nan,0
meps,abrupt_global_mag0.5,xgb,per_subgroup_baseline_relative[min_neg],AOD_star,nan,nan,nan,nan,0
meps,abrupt_global_mag0.5,xgb,per_subgroup_baseline_relative[min_neg],BalAcc,nan,nan,nan,nan,0
meps,abrupt_global_mag0.5,xgb,per_subgroup_ewma[min_pos],DI_star,0.00401002506265664,0.19682341109272586,-0.07858278144599547,0.17794852511822984,3
meps,abrupt_global_mag0.5,xgb,per_subgroup_ewma[min_pos],AOD_star,0.09273182957393485,0.2135703076384849,0.047668043466578915,0.15855316005029604,3
meps,abrupt_global_mag0.5,xgb,per_subgroup_ewma[min_pos],BalAcc,0.18796992481203004,0.15979993899367975,0.15684665867011305,0.1114355925405844,3
meps,abrupt_global_mag0.5,xgb,per_subgroup_baseline_relative[min_pos],DI_star,0.13483709273182956,0.21192636270922197,-0.010002810747599586,0.20132447972316636,3
meps,abrupt_global_mag0.5,xgb,per_subgroup_baseline_relative[min_pos],AOD_star,0.1764411027568922,0.04571582462344,0.03882601217043429,0.18169385014437686,3
meps,abrupt_global_mag0.5,xgb,per_subgroup_baseline_relative[min_pos],BalAcc,0.3082706766917293,0.15021043523813282,0.18218585673049023,0.1441346666179658,3
meps,abrupt_global_mag0.5,xgb,per_subgroup_ewma[maj_neg],DI_star,-0.19126511973123503,0.08387607994788189,-0.18013370548019061,0.09180696785381386,3
meps,abrupt_global_mag0.5,xgb,per_subgroup_ewma[maj_neg],AOD_star,-0.18903257768481416,0.21684932388020164,-0.20118445904101834,0.2081417784804692,3
meps,abrupt_global_mag0.5,xgb,per_subgroup_ewma[maj_neg],BalAcc,-0.02305613573141374,0.06964428652638371,-0.09295553887873283,0.08373853110604525,3
meps,abrupt_global_mag0.5,xgb,per_subgroup_baseline_relative[maj_neg],DI_star,0.019617762926591235,0.2508100911622666,-0.04804986336759526,0.1450788490756677,3
meps,abrupt_global_mag0.5,xgb,per_subgroup_baseline_relative[maj_neg],AOD_star,-0.05510468311981931,0.1513984163268366,-0.12097971937258005,0.1228426256135364,3
meps,abrupt_global_mag0.5,xgb,per_subgroup_baseline_relative[maj_neg],BalAcc,0.06549810171147777,0.09074932410736716,0.1258401694887873,0.010055323695049714,3
meps,abrupt_global_mag0.5,xgb,per_subgroup_ewma[maj_pos],DI_star,-0.03859649122807017,0.19176060812461962,-0.09255522474856631,0.17886883935496364,3
meps,abrupt_global_mag0.5,xgb,per_subgroup_ewma[maj_pos],AOD_star,0.04310776942355888,0.21991363708586387,0.046537727573595665,0.1714933445359395,3
meps,abrupt_global_mag0.5,xgb,per_subgroup_ewma[maj_pos],BalAcc,0.19097744360902258,0.2181747086999535,0.166496404971903,0.11759541018661163,3
meps,abrupt_global_mag0.5,xgb,per_subgroup_baseline_relative[maj_pos],DI_star,0.05213032581453634,0.1806028323605117,-0.03476748680172814,0.17060416693623084,3
meps,abrupt_global_mag0.5,xgb,per_subgroup_baseline_relative[maj_pos],AOD_star,0.027568922305764413,0.1479214895835246,0.020784243195570446,0.17215295413276088,3
meps,abrupt_global_mag0.5,xgb,per_subgroup_baseline_relative[maj_pos],BalAcc,0.18496240601503758,0.22125542672895268,0.18388725685036136,0.1864392530496495,3
meps,abrupt_global_mag1.0,lr,global_mean,DI_star,0.17894736842105263,0.22550709393055954,0.11460706270583697,0.1832126150692773,3
meps,abrupt_global_mag1.0,lr,global_mean,AOD_star,0.17593984962406015,0.057707277148275365,0.1805856335782234,0.053048529409211884,3
meps,abrupt_global_mag1.0,lr,global_mean,BalAcc,0.16991934415670062,0.1536169485968492,0.10221148460327363,0.10703471327610059,3
meps,abrupt_global_mag1.0,lr,global_ewma,DI_star,0.13934837092731828,0.20254224350990976,0.1606966842204845,0.21194844927585912,3
meps,abrupt_global_mag1.0,lr,global_ewma,AOD_star,0.36741854636591476,0.05881132751343861,0.351301517098662,0.08178591258243033,3
meps,abrupt_global_mag1.0,lr,global_ewma,BalAcc,0.06341068959787219,0.06468438935051214,0.10533159104174865,0.12875336782526628,3
meps,abrupt_global_mag1.0,lr,global_std,DI_star,0.07619047619047618,0.1135733857536418,-0.05619083329209477,0.1597916407311426,3
meps,abrupt_global_mag1.0,lr,global_std,AOD_star,0.0030075187969924796,0.05131911728264241,-0.16818924145092673,0.06261406637263031,3
meps,abrupt_global_mag1.0,lr,global_std,BalAcc,0.0017503321967208135,0.11130370679952796,-0.09252573622716614,0.10282440948873721,3
meps,abrupt_global_mag1.0,lr,subgroup_violation_diff,DI_star,-0.016541353383458645,0.09861574185216007,0.1188898951175617,0.17437576198393256,3
meps,abrupt_global_mag1.0,lr,subgroup_violation_diff,AOD_star,-0.08220551378446113,0.1796864891322341,0.1346562633616453,0.06467084013150834,3
meps,abrupt_global_mag1.0,lr,subgroup_violation_diff,BalAcc,0.026067425475561082,0.025201896913526114,0.04504942785440468,0.09157150946898686,3
meps,abrupt_global_mag1.0,lr,max_subgroup_deviation,DI_star,0.07919799498746867,0.13087219187422336,0.10270470440789231,0.16814567729742405,3
meps,abrupt_global_mag1.0,lr,max_subgroup_deviation,AOD_star,0.1182957393483709,0.2527220667797296,0.1548572692275372,0.06030412807533036,3
meps,abrupt_global_mag1.0,lr,max_subgroup_deviation,BalAcc,0.17846402728720612,0.0524592674346837,0.1279760016408703,0.07980147808914971,3
meps,abrupt_global_mag1.0,lr,assignment_proportion_drift,DI_star,-0.16249038931682136,0.14229901326702896,0.03765972494986552,0.14862763853347982,3
meps,abrupt_global_mag1.0,lr,assignment_proportion_drift,AOD_star,0.020281175916830884,0.17551146308063062,0.166439947376724,0.09457826950372955,3
meps,abrupt_global_mag1.0,lr,assignment_proportion_drift,BalAcc,0.12886474050068117,0.1175242721060007,0.11560343058838905,0.09738460311136078,3
meps,abrupt_global_mag1.0,lr,ks_statistic,DI_star,0.16741854636591477,0.21114243297587312,0.09870998458847317,0.17396700110812985,3
meps,abrupt_global_mag1.0,lr,ks_statistic,AOD_star,0.11629072681704261,0.08591484545667902,0.17471970898944203,0.0577009425779606,3
meps,abrupt_global_mag1.0,lr,ks_statistic,BalAcc,0.04936730579483325,0.06961157727820458,0.09710306957488078,0.10416816707193596,3
meps,abrupt_global_mag1.0,lr,kl_divergence,DI_star,0.18997493734335838,0.05888817719378995,0.16205741173018468,0.17387329560037212,3
meps,abrupt_global_mag1.0,lr,kl_divergence,AOD_star,0.15388471177944862,0.06227250668462874,0.23959788793468906,0.096864334948005,3
meps,abrupt_global_mag1.0,lr,kl_divergence,BalAcc,0.1175669567004463,0.09376617630130774,0.10172298416940524,0.07548321428760144,3
meps,abrupt_global_mag1.0,lr,per_subgroup_ewma[min_neg],DI_star,nan,nan,nan,nan,0
meps,abrupt_global_mag1.0,lr,per_subgroup_ewma[min_neg],AOD_star,nan,nan,nan,nan,0
meps,abrupt_global_mag1.0,lr,per_subgroup_ewma[min_neg],BalAcc,nan,nan,nan,nan,0
meps,abrupt_global_mag1.0,lr,per_subgroup_baseline_relative[min_neg],DI_star,nan,nan,nan,nan,0
meps,abrupt_global_mag1.0,lr,per_subgroup_baseline_relative[min_neg],AOD_star,nan,nan,nan,nan,0
meps,abrupt_global_mag1.0,lr,per_subgroup_baseline_relative[min_neg],BalAcc,nan,nan,nan,nan,0
meps,abrupt_global_mag1.0,lr,per_subgroup_ewma[min_pos],DI_star,0.16040100250626566,0.1918313486796846,0.16140786485570371,0.21287471835569047,3
meps,abrupt_global_mag1.0,lr,per_subgroup_ewma[min_pos],AOD_star,0.3864661654135338,0.05833087681821669,0.35025900061436266,0.07987365751844533,3
meps,abrupt_global_mag1.0,lr,per_subgroup_ewma[min_pos],BalAcc,0.06090159572334564,0.06650978878930279,0.10516388037315923,0.13170477119602406,3
meps,abrupt_global_mag1.0,lr,per_subgroup_baseline_relative[min_pos],DI_star,0.035588972431077684,0.13701183851383195,0.12162684126255757,0.1880361896144055,3
meps,abrupt_global_mag1.0,lr,per_subgroup_baseline_relative[min_pos],AOD_star,0.024561403508771933,0.1054801439416441,0.18037667007720407,0.05257577492092544,3
meps,abrupt_global_mag1.0,lr,per_subgroup_baseline_relative[min_pos],BalAcc,0.13634405743540745,0.09480335238851643,0.09623713731779011,0.11027827821672846,3
meps,abrupt_global_mag1.0,lr,per_subgroup_ewma[maj_neg],DI_star,0.12635745843974536,0.15283400065195107,0.041858966652403594,0.1643982580459283,3
meps,abrupt_global_mag1.0,lr,per_subgroup_ewma[maj_neg],AOD_star,0.07749894767205388,0.3700225455371413,0.07328793747988449,0.40400047530624605,3
meps,abrupt_global_mag1.0,lr,per_subgroup_ewma[maj_neg],BalAcc,0.10151139556648481,0.12090565780177506,0.15391146213481954,0.18712455743109885,3
meps,abrupt_global_mag1.0,lr,per_subgroup_baseline_relative[maj_neg],DI_star,-0.06038376647618705,0.1997620355799553,-0.006098968685105908,0.13104731398770697,3
meps,abrupt_global_mag1.0,lr,per_subgroup_baseline_relative[maj_neg],AOD_star,-0.27163433360337763,0.16201347726070398,-0.09990068154408194,0.2607988269934915,3
meps,abrupt_global_mag1.0,lr,per_subgroup_baseline_relative[maj_neg],BalAcc,0.16148853752641668,0.0514516162792356,0.24784335888117684,0.10913402750497195,3
meps,abrupt_global_mag1.0,lr,per_subgroup_ewma[maj_pos],DI_star,0.13483709273182956,0.1808739129639123,0.16310738421050902,0.2116916633395167,3
meps,abrupt_global_mag1.0,lr,per_subgroup_ewma[maj_pos],AOD_star,0.35789473684210527,0.053476920550141846,0.35486106056425754,0.0818831623070516,3
meps,abrupt_global_mag1.0,lr,per_subgroup_ewma[maj_pos],BalAcc,0.066919272980339,0.07071524271429086,0.1064597667170392,0.12702020148234608,3
meps,abrupt_global_mag1.0,lr,per_subgroup_baseline_relative[maj_pos],DI_star,0.20050125313283207,0.2467917139755647,0.11293039133066939,0.18126159188669763,3
meps,abrupt_global_mag1.0,lr,per_subgroup_baseline_relative[maj_pos],AOD_star,0.26416040100250626,0.10867602577107735,0.18490068741274893,0.04461107180843479,3
meps,abrupt_global_mag1.0,lr,per_subgroup_baseline_relative[maj_pos],BalAcc,0.15163689739705058,0.07809572586325117,0.11036518652062662,0.10069005844833168,3
meps,abrupt_global_mag1.0,xgb,global_mean,DI_star,0.3804511278195489,0.12908411755553695,0.6969733612712936,0.34181388203038554,3
meps,abrupt_global_mag1.0,xgb,global_mean,AOD_star,-0.16541353383458643,0.19034291604438774,-0.2625442616311909,0.34501458182380607,3
meps,abrupt_global_mag1.0,xgb,global_mean,BalAcc,-0.38496240601503756,0.05392607842719129,-0.8157924507244401,0.0813845610731901,3
meps,abrupt_global_mag1.0,xgb,global_ewma,DI_star,0.2987468671679198,0.25718926528219127,0.5344863768005631,0.3573004319063796,3
meps,abrupt_global_mag1.0,xgb,global_ewma,AOD_star,-0.26365914786967415,0.29084000907708135,-0.2320129428435541,0.34280851767245096,3
meps,abrupt_global_mag1.0,xgb,global_ewma,BalAcc,-0.4456140350877192,0.048499964238283205,-0.6209993321115265,0.1194663636651781,3
meps,abrupt_global_mag1.0,xgb,global_std,DI_star,-0.3754385964912281,0.2629138383748657,-0.6876420066263605,0.33376002937725224,3
meps,abrupt_global_mag1.0,xgb,global_std,AOD_star,0.2947368421052632,0.33093869158095834,0.27793954985912456,0.34993634249054073,3
meps,abrupt_global_mag1.0,xgb,global_std,BalAcc,0.6516290726817042,0.04515175147824979,0.8267975325131206,0.08218388603066591,3
meps,abrupt_global_mag1.0,xgb,subgroup_violation_diff,DI_star,0.5674185463659148,0.20491752858809748,0.688012417628325,0.30073408923519496,3
meps,abrupt_global_mag1.0,xgb,subgroup_violation_diff,AOD_star,-0.20200501253132827,0.3064284666292797,-0.23683726661543145,0.3144852620608102,3
meps,abrupt_global_mag1.0,xgb,subgroup_violation_diff,BalAcc,-0.6355889724310776,0.059156364879927543,-0.8120270006091163,0.07952362671578986,3
meps,abrupt_global_mag1.0,xgb,max_subgroup_deviation,DI_star,0.40551378446115277,0.2612226250082622,0.6748372841277542,0.34295746791230836,3
meps,abrupt_global_mag1.0,xgb,max_subgroup_deviation,AOD_star,-0.07468671679197994,0.3345841194664872,-0.24640100131177475,0.3588240489505985,3
meps,abrupt_global_mag1.0,xgb,max_subgroup_deviation,BalAcc,-0.3864661654135338,0.026590049543608694,-0.7855008761325926,0.059600794451177705,3
meps,abrupt_global_mag1.0,xgb,assignment_proportion_drift,DI_star,0.37042715189275066,0.27693294262947155,0.6659737016486242,0.3662071247115129,3
meps,abrupt_global_mag1.0,xgb,assignment_proportion_drift,AOD_star,-0.22881406137391314,0.3681864580932518,-0.2586405486072157,0.36499043632964717,3
meps,abrupt_global_mag1.0,xgb,assignment_proportion_drift,BalAcc,-0.5015869144648817,0.01289543721087685,-0.782784658981142,0.09480326859565354,3
meps,abrupt_global_mag1.0,xgb,ks_statistic,DI_star,0.2942355889724311,0.18153946377006835,0.6974185805018349,0.34012324337937827,3
meps,abrupt_global_mag1.0,xgb,ks_statistic,AOD_star,-0.36491228070175435,0.22144725770865567,-0.275436221821739,0.34312502681394513,3
meps,abrupt_global_mag1.0,xgb,ks_statistic,BalAcc,-0.5127819548872181,0.068151995149622,-0.8223236367360679,0.08537664335404023,3
meps,abrupt_global_mag1.0,xgb,kl_divergence,DI_star,0.47719298245614034,0.2565466224615377,0.6785214437921789,0.34144942641350695,3
meps,abrupt_global_mag1.0,xgb,kl_divergence,AOD_star,-0.2200501253132832,0.2882680575428736,-0.2730868341423377,0.3501638918948664,3
meps,abrupt_global_mag1.0,xgb,kl_divergence,BalAcc,-0.5649122807017544,0.060204653873166335,-0.8108065348421595,0.08056508307713049,3
meps,abrupt_global_mag1.0,xgb,per_subgroup_ewma[min_neg],DI_star,nan,nan,nan,nan,0
meps,abrupt_global_mag1.0,xgb,per_subgroup_ewma[min_neg],AOD_star,nan,nan,nan,nan,0
meps,abrupt_global_mag1.0,xgb,per_subgroup_ewma[min_neg],BalAcc,nan,nan,nan,nan,0
meps,abrupt_global_mag1.0,xgb,per_subgroup_baseline_relative[min_neg],DI_star,nan,nan,nan,nan,0
meps,abrupt_global_mag1.0,xgb,per_subgroup_baseline_relative[min_neg],AOD_star,nan,nan,nan,nan,0
meps,abrupt_global_mag1.0,xgb,per_subgroup_baseline_relative[min_neg],BalAcc,nan,nan,nan,nan,0
meps,abrupt_global_mag1.0,xgb,per_subgroup_ewma[min_pos],DI_star,0.3082706766917293,0.2501971258179774,0.5377646727037334,0.35621231809114906,3
meps,abrupt_global_mag1.0,xgb,per_subgroup_ewma[min_pos],AOD_star,-0.2621553884711779,0.28327765462371096,-0.2287922580592404,0.3465675428939041,3
meps,abrupt_global_mag1.0,xgb,per_subgroup_ewma[min_pos],BalAcc,-0.45313283208020044,0.04358885253595925,-0.6245691797551878,0.12010498432855099,3
meps,abrupt_global_mag1.0,xgb,per_subgroup_baseline_relative[min_pos],DI_star,0.4947368421052631,0.17592056960103103,0.6979573006801049,0.3459692448332573,3
meps,abrupt_global_mag1.0,xgb,per_subgroup_baseline_relative[min_pos],AOD_star,-0.143859649122807,0.2857362696550495,-0.2552765186958205,0.3536266674771612,3
meps,abrupt_global_mag1.0,xgb,per_subgroup_baseline_relative[min_pos],BalAcc,-0.48220551378446114,0.05741044500991269,-0.8170231583447297,0.07813874022604407,3
meps,abrupt_global_mag1.0,xgb,per_subgroup_ewma[maj_neg],DI_star,0.2945560723348908,0.2620626894381851,0.35386131130935033,0.25137071822622953,3
meps,abrupt_global_mag1.0,xgb,per_subgroup_ewma[maj_neg],AOD_star,0.009280819125382053,0.28474868212789384,0.04283783578372066,0.27101749908083805,3
meps,abrupt_global_mag1.0,xgb,per_subgroup_ewma[maj_neg],BalAcc,-0.20780421054640075,0.16471623578486036,-0.27537758723822586,0.1789602966974235,3
meps,abrupt_global_mag1.0,xgb,per_subgroup_baseline_relative[maj_neg],DI_star,-0.24656214520449293,0.1130578520191379,0.13694734774808417,0.1045667151946042,3
meps,abrupt_global_mag1.0,xgb,per_subgroup_baseline_relative[maj_neg],AOD_star,0.19035585069784614,0.12167027812271267,0.026741603323779242,0.05443736039959265,3
meps,abrupt_global_mag1.0,xgb,per_subgroup_baseline_relative[maj_neg],BalAcc,0.41109938578936284,0.23075143920069047,-0.002425030169165942,0.1854127185930295,3
meps,abrupt_global_mag1.0,xgb,per_subgroup_ewma[maj_pos],DI_star,0.29974937343358393,0.2585105818557554,0.5318086921530717,0.35990069575950506,3
meps,abrupt_global_mag1.0,xgb,per_subgroup_ewma[maj_pos],AOD_star,-0.26115288220551375,0.2869314092389139,-0.23183431226659232,0.34038914814074656,3
meps,abrupt_global_mag1.0,xgb,per_subgroup_ewma[maj_pos],BalAcc,-0.4421052631578947,0.048307904975064674,-0.6171367224511595,0.12122994731099108,3
meps,abrupt_global_mag1.0,xgb,per_subgroup_baseline_relative[maj_pos],DI_star,0.3408521303258145,0.22980255878147313,0.6831058060263929,0.3484510866335701,3
meps,abrupt_global_mag1.0,xgb,per_subgroup_baseline_relative[maj_pos],AOD_star,-0.13583959899749373,0.293281490338501,-0.2592640640299301,0.3466832070873513,3
meps,abrupt_global_mag1.0,xgb,per_subgroup_baseline_relative[maj_pos],BalAcc,-0.3959899749373433,0.02832856371116748,-0.8025163515919935,0.07900119618040245,3
meps,abrupt_global_mag2.0,lr,global_mean,DI_star,0.18897243107769424,0.2609396904473156,0.1330295930571005,0.33597127702890944,3
meps,abrupt_global_mag2.0,lr,global_mean,AOD_star,0.11779448621553883,0.06564311204866562,0.16966708003645722,0.06920600017811193,3
meps,abrupt_global_mag2.0,lr,global_mean,BalAcc,0.12280701754385963,0.16023958042930966,0.10135432935096524,0.16801622361237306,3
meps,abrupt_global_mag2.0,lr,global_ewma,DI_star,0.10426065162907265,0.30660552374760425,0.14875828560695137,0.30884769454205435,3
meps,abrupt_global_mag2.0,lr,global_ewma,AOD_star,0.33884711779448623,0.09870232956150378,0.30327856885262366,0.09866896879031986,3
meps,abrupt_global_mag2.0,lr,global_ewma,BalAcc,0.12581453634085213,0.07523139932034338,0.10930229772339888,0.1602343893205563,3
meps,abrupt_global_mag2.0,lr,global_std,DI_star,-0.16190476190476186,0.22663183565472506,-0.09595417000246718,0.32151470652786285,3
meps,abrupt_global_mag2.0,lr,global_std,AOD_star,-0.26115288220551375,0.10386709991563321,-0.17102606338410986,0.0672374235608183,3
meps,abrupt_global_mag2.0,lr,global_std,BalAcc,-0.1588972431077694,0.12398088655424852,-0.1027848879580684,0.1386396990612689,3
meps,abrupt_global_mag2.0,lr,subgroup_violation_diff,DI_star,-0.018546365914786967,0.14754392563707777,0.07099010606384684,0.14811664011570658,3
meps,abrupt_global_mag2.0,lr,subgroup_violation_diff,AOD_star,-0.059147869674185456,0.2254380044043431,-0.038624503942597345,0.22573793387660718,3
meps,abrupt_global_mag2.0,lr,subgroup_violation_diff,BalAcc,-0.057142857142857134,0.0851009140038264,-0.14401910078058183,0.07125582413175968,3
meps,abrupt_global_mag2.0,lr,max_subgroup_deviation,DI_star,0.13233082706766916,0.24995297954182158,0.12943285341357066,0.3334836725596761,3
meps,abrupt_global_mag2.0,lr,max_subgroup_deviation,AOD_star,0.12230576441102757,0.08559842086136554,0.16336759593578123,0.0752012584581034,3
meps,abrupt_global_mag2.0,lr,max_subgroup_deviation,BalAcc,0.01453634085213032,0.1398109916906711,0.09729911327039625,0.16225972919820847,3
meps,abrupt_global_mag2.0,lr,assignment_proportion_drift,DI_star,-0.06920166254424498,0.24156868952202076,0.08010886145045457,0.332228484625366,3
meps,abrupt_global_mag2.0,lr,assignment_proportion_drift,AOD_star,-0.010330549079533034,0.07657049401152755,0.13718895045836008,0.08997166262222976,3
meps,abrupt_global_mag2.0,lr,assignment_proportion_drift,BalAcc,0.005519439572146741,0.028459484062544768,0.07787215908697888,0.14326986285898288,3
meps,abrupt_global_mag2.0,lr,ks_statistic,DI_star,0.22842660202998652,0.17599611042323476,0.12382144782854139,0.3326760373099694,3
meps,abrupt_global_mag2.0,lr,ks_statistic,AOD_star,0.12800345804049942,0.10949630912512298,0.16726194549242604,0.06984405327170323,3
meps,abrupt_global_mag2.0,lr,ks_statistic,BalAcc,0.10446334172959543,0.18031945452727544,0.1009104051933729,0.16794491312804485,3
meps,abrupt_global_mag2.0,lr,kl_divergence,DI_star,0.15639097744360902,0.24841025057376742,0.13453865145900287,0.3409964346692589,3
meps,abrupt_global_mag2.0,lr,kl_divergence,AOD_star,0.1413533834586466,0.032554451891989,0.1761217848105058,0.08411312862786677,3
meps,abrupt_global_mag2.0,lr,kl_divergence,BalAcc,0.05363408521303259,0.210205029934066,0.07960006073339192,0.1811156353921705,3
meps,abrupt_global_mag2.0,lr,per_subgroup_ewma[min_neg],DI_star,nan,nan,nan,nan,0
meps,abrupt_global_mag2.0,lr,per_subgroup_ewma[min_neg],AOD_star,nan,nan,nan,nan,0
meps,abrupt_global_mag2.0,lr,per_subgroup_ewma[min_neg],BalAcc,nan,nan,nan,nan,0
meps,abrupt_global_mag2.0,lr,per_subgroup_baseline_relative[min_neg],DI_star,nan,nan,nan,nan,0
meps,abrupt_global_mag2.0,lr,per_subgroup_baseline_relative[min_neg],AOD_star,nan,nan,nan,nan,0
meps,abrupt_global_mag2.0,lr,per_subgroup_baseline_relative[min_neg],BalAcc,nan,nan,nan,nan,0
meps,abrupt_global_mag2.0,lr,per_subgroup_ewma[min_pos],DI_star,0.12481203007518797,0.2956662753272932,0.14896476308035714,0.31078326013917396,3
meps,abrupt_global_mag2.0,lr,per_subgroup_ewma[min_pos],AOD_star,0.3583959899749374,0.09756554558064655,0.30467973005652155,0.09674231792476323,3
meps,abrupt_global_mag2.0,lr,per_subgroup_ewma[min_pos],BalAcc,0.12080200501253134,0.0960707565619882,0.10828609480509187,0.15982384200642866,3
meps,abrupt_global_mag2.0,lr,per_subgroup_baseline_relative[min_pos],DI_star,0.07268170426065164,0.27686148582803993,0.14018971072218747,0.34853772679559814,3
meps,abrupt_global_mag2.0,lr,per_subgroup_baseline_relative[min_pos],AOD_star,0.09022556390977443,0.0723473425670926,0.17618256038584093,0.06328214885735081,3
meps,abrupt_global_mag2.0,lr,per_subgroup_baseline_relative[min_pos],BalAcc,0.10476190476190476,0.04920968227077647,0.09271460198829536,0.16917813927673694,3
meps,abrupt_global_mag2.0,lr,per_subgroup_ewma[maj_neg],DI_star,0.27796399971219937,0.2977225940763961,0.23983732949967626,0.33469372382588664,3
meps,abrupt_global_mag2.0,lr,per_subgroup_ewma[maj_neg],AOD_star,0.18497107919349376,0.1182511349331609,0.2889310110211012,0.11036175074668597,3
meps,abrupt_global_mag2.0,lr,per_subgroup_ewma[maj_neg],BalAcc,-0.07920855363950226,0.041897153011772305,-0.05731609479520283,0.17524906238976146,3
meps,abrupt_global_mag2.0,lr,per_subgroup_baseline_relative[maj_neg],DI_star,-0.0013724643449370456,0.10231427956946698,0.045425124496399204,0.24843148969823836,3
meps,abrupt_global_mag2.0,lr,per_subgroup_baseline_relative[maj_neg],AOD_star,-0.15174672292377123,0.13323341119463905,0.08287201661084348,0.048470854344063105,3
meps,abrupt_global_mag2.0,lr,per_subgroup_baseline_relative[maj_neg],BalAcc,-0.14867413271158503,0.14304083901137532,-0.025778474365363718,0.33683220245708945,3
meps,abrupt_global_mag2.0,lr,per_subgroup_ewma[maj_pos],DI_star,0.11378446115288217,0.29956239296048254,0.14987954222009922,0.3092341547185405,3
meps,abrupt_global_mag2.0,lr,per_subgroup_ewma[maj_pos],AOD_star,0.3323308270676691,0.08288429341065061,0.3012869131116803,0.10059995290638753,3
meps,abrupt_global_mag2.0,lr,per_subgroup_ewma[maj_pos],BalAcc,0.12832080200501253,0.07499055118106485,0.10817435040970147,0.16162959493686166,3
meps,abrupt_global_mag2.0,lr,per_subgroup_baseline_relative[maj_pos],DI_star,0.13233082706766916,0.24995297954182158,0.1294328534135706,0.3334836725596761,3
meps,abrupt_global_mag2.0,lr,per_subgroup_baseline_relative[maj_pos],AOD_star,0.12230576441102757,0.08559842086136554,0.1633675959357813,0.0752012584581034,3
meps,abrupt_global_mag2.0,lr,per_subgroup_baseline_relative[maj_pos],BalAcc,0.01453634085213032,0.1398109916906711,0.09729911327039624,0.16225972919820844,3
meps,abrupt_global_mag2.0,xgb,global_mean,DI_star,0.7371699857772738,0.01058150425360129,0.9934273349822611,0.002898549384661172,3
meps,abrupt_global_mag2.0,xgb,global_mean,AOD_star,0.743098966896126,0.00898450241965584,0.9726994193389281,0.012144653223818259,3
meps,abrupt_global_mag2.0,xgb,global_mean,BalAcc,-0.743098966896126,0.0073947386664653895,-0.9952742832102826,0.0026056460437746645,3
meps,abrupt_global_mag2.0,xgb,global_ewma,DI_star,0.7299234532986768,0.005187204890523195,0.8457014185946955,0.004563777872049203,3
meps,abrupt_global_mag2.0,xgb,global_ewma,AOD_star,0.7430989668961258,0.008538708719341401,0.828224303667144,0.008327261522751685,3
meps,abrupt_global_mag2.0,xgb,global_ewma,BalAcc,-0.7391463128168912,0.008538708719341401,-0.8477571178964629,0.0032485841193611686,3
meps,abrupt_global_mag2.0,xgb,global_std,DI_star,-0.7430989668961258,0.008068321353212919,-0.9669428134193604,0.032783708995739354,3
meps,abrupt_global_mag2.0,xgb,global_std,AOD_star,-0.735852434417529,0.0033591100467499652,-0.9436703095819351,0.02443667408413469,3
meps,abrupt_global_mag2.0,xgb,global_std,BalAcc,0.7398050884967636,0.008280681894013486,0.9747606278754551,0.02465112411806415,3
meps,abrupt_global_mag2.0,xgb,subgroup_violation_diff,DI_star,-0.575769944208523,0.21268764375831137,-0.6760069715169648,0.2872630015506434,3
meps,abrupt_global_mag2.0,xgb,subgroup_violation_diff,AOD_star,-0.5843340280468649,0.20984047819394944,-0.6609108221250699,0.2909211419175985,3
meps,abrupt_global_mag2.0,xgb,subgroup_violation_diff,BalAcc,0.5658883090104362,0.20943058055521496,0.6738471369679105,0.28367652579507163,3
meps,abrupt_global_mag2.0,xgb,max_subgroup_deviation,DI_star,0.7325585560181667,0.010374409781046303,0.991540240765505,0.0027681296882750583,3
meps,abrupt_global_mag2.0,xgb,max_subgroup_deviation,AOD_star,0.7450752939357432,0.00981553656194574,0.9709413542666057,0.011795864058826488,3
meps,abrupt_global_mag2.0,xgb,max_subgroup_deviation,BalAcc,-0.735852434417529,0.013724054139862262,-0.9931690933741092,0.004359765080574188,3
meps,abrupt_global_mag2.0,xgb,assignment_proportion_drift,DI_star,0.740823293205321,0.006062082038885609,0.982750058014367,0.005466152280347088,3
meps,abrupt_global_mag2.0,xgb,assignment_proportion_drift,AOD_star,0.7388512026197341,0.006051646261031789,0.960027705802574,0.01450840968099434,3
meps,abrupt_global_mag2.0,xgb,assignment_proportion_drift,BalAcc,-0.7362066503955544,0.006133991216882087,-0.9836591510367837,0.00478617496211779,3
meps,abrupt_global_mag2.0,xgb,ks_statistic,DI_star,0.7354480877640225,0.0019833180432181864,0.9938184028728165,0.003956425749923793,3
meps,abrupt_global_mag2.0,xgb,ks_statistic,AOD_star,0.732142500020258,0.005800037086162934,0.9706308217757075,0.011110448746395843,3
meps,abrupt_global_mag2.0,xgb,ks_statistic,BalAcc,-0.7453408865527881,0.008829951644102624,-0.9961985948806676,0.0021312247981700484,3
meps,abrupt_global_mag2.0,xgb,kl_divergence,DI_star,0.7398050884967636,0.005667002676280004,0.9768616768909791,0.0037680245384128994,3
meps,abrupt_global_mag2.0,xgb,kl_divergence,AOD_star,0.7286059019389319,0.004060966025821079,0.9554499732355092,0.01318534487015861,3
meps,abrupt_global_mag2.0,xgb,kl_divergence,BalAcc,-0.7457340696156157,0.012324564444108923,-0.9786885321172273,0.0027883076095300344,3
meps,abrupt_global_mag2.0,xgb,per_subgroup_ewma[min_neg],DI_star,nan,nan,nan,nan,0
meps,abrupt_global_mag2.0,xgb,per_subgroup_ewma[min_neg],AOD_star,nan,nan,nan,nan,0
meps,abrupt_global_mag2.0,xgb,per_subgroup_ewma[min_neg],BalAcc,nan,nan,nan,nan,0
meps,abrupt_global_mag2.0,xgb,per_subgroup_baseline_relative[min_neg],DI_star,nan,nan,nan,nan,0
meps,abrupt_global_mag2.0,xgb,per_subgroup_baseline_relative[min_neg],AOD_star,nan,nan,nan,nan,0
meps,abrupt_global_mag2.0,xgb,per_subgroup_baseline_relative[min_neg],BalAcc,nan,nan,nan,nan,0
meps,abrupt_global_mag2.0,xgb,per_subgroup_ewma[min_pos],DI_star,0.7384875371370186,0.007625879825728198,0.8452120586775532,0.005974481997281773,3
meps,abrupt_global_mag2.0,xgb,per_subgroup_ewma[min_pos],AOD_star,0.7457340696156156,0.0056670026762799565,0.8286811389498202,0.008164844468607822,3
meps,abrupt_global_mag2.0,xgb,per_subgroup_ewma[min_pos],BalAcc,-0.7470516209753605,0.004840992811927734,-0.8474214762549802,0.004279718407378912,3
meps,abrupt_global_mag2.0,xgb,per_subgroup_baseline_relative[min_pos],DI_star,0.7378287614571463,0.01074430618700498,0.9921338535832556,0.0018502179212263885,3
meps,abrupt_global_mag2.0,xgb,per_subgroup_baseline_relative[min_pos],AOD_star,0.7417814155363809,0.00917568345682945,0.9716790690704786,0.013221010535194614,3
meps,abrupt_global_mag2.0,xgb,per_subgroup_baseline_relative[min_pos],BalAcc,-0.7411226398565085,0.004269354359670727,-0.9942328059339284,0.0027247481498772486,3
meps,abrupt_global_mag2.0,xgb,per_subgroup_ewma[maj_neg],DI_star,0.34096783278741044,0.3631658324041524,0.43902291073118144,0.16699577663254037,3
meps,abrupt_global_mag2.0,xgb,per_subgroup_ewma[maj_neg],AOD_star,0.3235027193776377,0.36355545362452535,0.43003087861769185,0.1679535716446399,3
meps,abrupt_global_mag2.0,xgb,per_subgroup_ewma[maj_neg],BalAcc,-0.31724348311963513,0.35225074967525893,-0.4385775932151858,0.1662528155973993,3
meps,abrupt_global_mag2.0,xgb,per_subgroup_baseline_relative[maj_neg],DI_star,-0.39226855991895354,0.22716925815508127,0.17721408209565728,0.06879605792222236,3
meps,abrupt_global_mag2.0,xgb,per_subgroup_baseline_relative[maj_neg],AOD_star,-0.40931502614183374,0.2341628250543692,0.17385693574730157,0.07286466323996785,3
meps,abrupt_global_mag2.0,xgb,per_subgroup_baseline_relative[maj_neg],BalAcc,0.41970381019625375,0.19219781088513976,-0.17645029202895626,0.06782075460412339,3
meps,abrupt_global_mag2.0,xgb,per_subgroup_ewma[maj_pos],DI_star,0.7312410046584218,0.002794948503111494,0.8475396402052588,0.004914659116098475,3
meps,abrupt_global_mag2.0,xgb,per_subgroup_ewma[maj_pos],AOD_star,0.7463928452954881,0.008280681894013486,0.8299866709728801,0.011099599750766713,3
meps,abrupt_global_mag2.0,xgb,per_subgroup_ewma[maj_pos],BalAcc,-0.7345348830577839,0.008887369810199003,-0.8494158947558099,0.0026635987526872854,3
meps,abrupt_global_mag2.0,xgb,per_subgroup_baseline_relative[maj_pos],DI_star,0.7325585560181667,0.010374409781046303,0.991540240765505,0.0027681296882750804,3
meps,abrupt_global_mag2.0,xgb,per_subgroup_baseline_relative[maj_pos],AOD_star,0.7450752939357432,0.00981553656194574,0.9709413542666057,0.011795864058826403,3
meps,abrupt_global_mag2.0,xgb,per_subgroup_baseline_relative[maj_pos],BalAcc,-0.735852434417529,0.013724054139862262,-0.9931690933741092,0.004359765080574324,3
meps,variance_group_mag1.5,lr,global_mean,DI_star,0.5573934837092731,0.18219844646086292,0.550682182235719,0.16284673589814022,3
meps,variance_group_mag1.5,lr,global_mean,AOD_star,0.5794486215538845,0.08857583960262827,0.5661465433502321,0.10107786632402613,3
meps,variance_group_mag1.5,lr,global_mean,BalAcc,0.1283208020050125,0.22822930910338718,0.11603243643337859,0.14772177897054062,3
meps,variance_group_mag1.5,lr,global_ewma,DI_star,0.5082706766917292,0.16108251210538885,0.5439919653200856,0.11476850088631013,3
meps,variance_group_mag1.5,lr,global_ewma,AOD_star,0.569423558897243,0.09518003770560729,0.5837034753190605,0.11242991998209369,3
meps,variance_group_mag1.5,lr,global_ewma,BalAcc,0.07017543859649124,0.19255298369168625,0.07158769523598589,0.1285388791788914,3
meps,variance_group_mag1.5,lr,global_std,DI_star,-0.0506265664160401,0.09016149214875932,-0.03622667188102777,0.1529467374769899,3
meps,variance_group_mag1.5,lr,global_std,AOD_star,-0.25162907268170426,0.11681886811723216,-0.2296987010594033,0.1630326235502976,3
meps,variance_group_mag1.5,lr,global_std,BalAcc,0.03208020050125312,0.08868639821392066,-0.04025933707981578,0.11615157245967193,3
meps,variance_group_mag1.5,lr,subgroup_violation_diff,DI_star,0.021553884711779436,0.10396864835108106,0.01983894278092968,0.1356600904759626,3
meps,variance_group_mag1.5,lr,subgroup_violation_diff,AOD_star,-0.07619047619047618,0.07332358514500444,-0.06764829789749648,0.07696409992134867,3
meps,variance_group_mag1.5,lr,subgroup_violation_diff,BalAcc,0.10927318295739347,0.06202994860876681,0.1178301803491884,0.07084824341979444,3
meps,variance_group_mag1.5,lr,max_subgroup_deviation,DI_star,0.42907268170426055,0.2537460004507838,0.38881864162231045,0.20189108507575176,3
meps,variance_group_mag1.5,lr,max_subgroup_deviation,AOD_star,0.3443609022556391,0.12144195554628548,0.31447917277760007,0.14871430422551202,3
meps,variance_group_mag1.5,lr,max_subgroup_deviation,BalAcc,0.16390977443609023,0.1490214689054398,0.12662438975081688,0.14755826799296193,3
meps,variance_group_mag1.5,lr,assignment_proportion_drift,DI_star,0.127513793991923,0.05590341331039521,0.3089068736148012,0.0929725771900354,3
meps,variance_group_mag1.5,lr,assignment_proportion_drift,AOD_star,0.22239114845117994,0.18570082400688986,0.30144449578234345,0.05843019361672784,3
meps,variance_group_mag1.5,lr,assignment_proportion_drift,BalAcc,0.2334408447796493,0.03466078364138984,0.1925875671603284,0.08939829455094296,3
meps,variance_group_mag1.5,lr,ks_statistic,DI_star,0.1864661654135338,0.06265463655939746,0.3295287854896006,0.12282020756739165,3
meps,variance_group_mag1.5,lr,ks_statistic,AOD_star,0.27167919799498746,0.045318384169606825,0.3230545653952748,0.06497043881481694,3
meps,variance_group_mag1.5,lr,ks_statistic,BalAcc,0.21303258145363405,0.03806884721012033,0.1554076175463208,0.09245523100691257,3
meps,variance_group_mag1.5,lr,kl_divergence,DI_star,0.5077694235588972,0.06948098924730967,0.46624861685620217,0.12114620725345947,3
meps,variance_group_mag1.5,lr,kl_divergence,AOD_star,0.45914786967418547,0.04299688484011496,0.41829923132265145,0.099034074569351,3
meps,variance_group_mag1.5,lr,kl_divergence,BalAcc,0.09122807017543859,0.15003637517671878,0.04156977282654089,0.20781067953485016,3
meps,variance_group_mag1.5,lr,per_subgroup_ewma[min_neg],DI_star,nan,nan,nan,nan,0
meps,variance_group_mag1.5,lr,per_subgroup_ewma[min_neg],AOD_star,nan,nan,nan,nan,0
meps,variance_group_mag1.5,lr,per_subgroup_ewma[min_neg],BalAcc,nan,nan,nan,nan,0
meps,variance_group_mag1.5,lr,per_subgroup_baseline_relative[min_neg],DI_star,nan,nan,nan,nan,0
meps,variance_group_mag1.5,lr,per_subgroup_baseline_relative[min_neg],AOD_star,nan,nan,nan,nan,0
meps,variance_group_mag1.5,lr,per_subgroup_baseline_relative[min_neg],BalAcc,nan,nan,nan,nan,0
meps,variance_group_mag1.5,lr,per_subgroup_ewma[min_pos],DI_star,0.48020050125313274,0.19412414945298653,0.4634087023366049,0.12738052656590468,3
meps,variance_group_mag1.5,lr,per_subgroup_ewma[min_pos],AOD_star,0.5388471177944861,0.08989356908856931,0.4928786274024007,0.05422678200188134,3
meps,variance_group_mag1.5,lr,per_subgroup_ewma[min_pos],BalAcc,0.10977443609022554,0.12283667996331508,0.1512920386028537,0.09239113119888191,3
meps,variance_group_mag1.5,lr,per_subgroup_baseline_relative[min_pos],DI_star,0.2631578947368421,0.26547210157016676,0.32194552192349774,0.25051702869194864,3
meps,variance_group_mag1.5,lr,per_subgroup_baseline_relative[min_pos],AOD_star,0.20952380952380947,0.1235972732424857,0.26115867990295505,0.15416082049694305,3
meps,variance_group_mag1.5,lr,per_subgroup_baseline_relative[min_pos],BalAcc,0.19348370927318292,0.18645134282315462,0.1556665982099677,0.12459860545784417,3
meps,variance_group_mag1.5,lr,per_subgroup_ewma[maj_neg],DI_star,0.281014695854115,0.30823264970070857,0.31968775260213517,0.32361426448203534,3
meps,variance_group_mag1.5,lr,per_subgroup_ewma[maj_neg],AOD_star,0.24968703496786201,0.4138392345086227,0.31739350092452845,0.43233620508413817,3
meps,variance_group_mag1.5,lr,per_subgroup_ewma[maj_neg],BalAcc,0.2128208899165919,0.12623103082500065,0.12229137074640879,0.11201645168028941,3
meps,variance_group_mag1.5,lr,per_subgroup_baseline_relative[maj_neg],DI_star,0.3153223168083765,0.24599836311970105,0.349479272720701,0.21273873360803394,3
meps,variance_group_mag1.5,lr,per_subgroup_baseline_relative[maj_neg],AOD_star,0.22324016303674296,0.26223794311153403,0.32857567758822687,0.3229625273417865,3
meps,variance_group_mag1.5,lr,per_subgroup_baseline_relative[maj_neg],BalAcc,0.23714185063476548,0.16286445070426614,0.09215943135104321,0.10420263709277065,3
meps,variance_group_mag1.5,lr,per_subgroup_ewma[maj_pos],DI_star,0.2832080200501253,0.1120297948447037,0.364153380992585,0.07746954752604651,3
meps,variance_group_mag1.5,lr,per_subgroup_ewma[maj_pos],AOD_star,0.406516290726817,0.12218038686458045,0.415629189351085,0.15195091673684366,3
meps,variance_group_mag1.5,lr,per_subgroup_ewma[maj_pos],BalAcc,-0.03909774436090225,0.16591857282402034,-0.0445241310639433,0.1387920745958237,3
meps,variance_group_mag1.5,lr,per_subgroup_baseline_relative[maj_pos],DI_star,0.4596491228070175,0.1071955343984001,0.43392970625686766,0.08939515610413386,3
meps,variance_group_mag1.5,lr,per_subgroup_baseline_relative[maj_pos],AOD_star,0.5268170426065163,0.0529148600316657,0.4875260339129344,0.07160248508847904,3
meps,variance_group_mag1.5,lr,per_subgroup_baseline_relative[maj_pos],BalAcc,0.042105263157894736,0.17180190627772307,0.03121756418951832,0.112204637220993,3
meps,variance_group_mag1.5,xgb,global_mean,DI_star,0.0781954887218045,0.16335469691837817,0.03398757255192425,0.17133623230398543,3
meps,variance_group_mag1.5,xgb,global_mean,AOD_star,0.22907268170426062,0.10144402462737598,0.2178541454216987,0.1413676958618213,3
meps,variance_group_mag1.5,xgb,global_mean,BalAcc,0.24561403508771928,0.09524337144071073,0.18398912701216386,0.06471601004594717,3
meps,variance_group_mag1.5,xgb,global_ewma,DI_star,0.009022556390977455,0.2155784774430968,0.05704188610922245,0.16774329682428576,3
meps,variance_group_mag1.5,xgb,global_ewma,AOD_star,0.1669172932330827,0.15633795129576805,0.26091473194847076,0.17244042934943876,3
meps,variance_group_mag1.5,xgb,global_ewma,BalAcc,0.20952380952380953,0.14619415197192742,0.21328759654299315,0.15295556218455467,3
meps,variance_group_mag1.5,xgb,global_std,DI_star,0.2721804511278196,0.17048060457115463,0.3055949907466244,0.17498055432314136,3
meps,variance_group_mag1.5,xgb,global_std,AOD_star,0.10676691729323305,0.15748604465065918,0.10241994242276058,0.18847655493359575,3
meps,variance_group_mag1.5,xgb,global_std,BalAcc,0.13734335839598996,0.08996900309246945,0.19387928078852146,0.11855127956073627,3
meps,variance_group_mag1.5,xgb,subgroup_violation_diff,DI_star,0.02857142857142857,0.23754004654077226,0.07791553468625621,0.2448064923174533,3
meps,variance_group_mag1.5,xgb,subgroup_violation_diff,AOD_star,-0.01754385964912281,0.1336589387398986,-0.05697207270296526,0.17915733814437335,3
meps,variance_group_mag1.5,xgb,subgroup_violation_diff,BalAcc,0.1639097744360902,0.11706809573631768,0.15264844342291856,0.06393751223284608,3
meps,variance_group_mag1.5,xgb,max_subgroup_deviation,DI_star,0.10375939849624059,0.2775186510029771,0.12137980429760387,0.2823163329915353,3
meps,variance_group_mag1.5,xgb,max_subgroup_deviation,AOD_star,0.17744360902255638,0.14562934795400576,0.18620861783599288,0.14488254362610523,3
meps,variance_group_mag1.5,xgb,max_subgroup_deviation,BalAcc,0.3077694235588972,0.08102024669873126,0.2739681247964635,0.03069910759331867,3
meps,variance_group_mag1.5,xgb,assignment_proportion_drift,DI_star,0.019645356384366586,0.23151566407100246,0.05003756124216078,0.2253032264885186,3
meps,variance_group_mag1.5,xgb,assignment_proportion_drift,AOD_star,0.08212791180171276,0.17400722783789727,0.0471852009506896,0.14133325809353747,3
meps,variance_group_mag1.5,xgb,assignment_proportion_drift,BalAcc,0.29215142670788136,0.17367399382212811,0.22735987120079107,0.15200911801498324,3
meps,variance_group_mag1.5,xgb,ks_statistic,DI_star,-0.04160401002506265,0.23601624987080147,0.030692399303104564,0.2067620950838204,3
meps,variance_group_mag1.5,xgb,ks_statistic,AOD_star,0.0581453634085213,0.17500698788191632,0.0555185239326871,0.12775510518211802,3
meps,variance_group_mag1.5,xgb,ks_statistic,BalAcc,0.34536340852130315,0.019848611401727632,0.20308903395337938,0.1380394153344537,3
meps,variance_group_mag1.5,xgb,kl_divergence,DI_star,0.0756892230576441,0.05600143931201729,0.043251498202210394,0.1423104111929973,3
meps,variance_group_mag1.5,xgb,kl_divergence,AOD_star,0.06365914786967418,0.1098762416881352,0.08562682260894035,0.09555336159828255,3
meps,variance_group_mag1.5,xgb,kl_divergence,BalAcc,0.1363408521303258,0.09542522178350545,0.15805574950847548,0.2331096972681662,3
meps,variance_group_mag1.5,xgb,per_subgroup_ewma[min_neg],DI_star,nan,nan,nan,nan,0
meps,variance_group_mag1.5,xgb,per_subgroup_ewma[min_neg],AOD_star,nan,nan,nan,nan,0
meps,variance_group_mag1.5,xgb,per_subgroup_ewma[min_neg],BalAcc,nan,nan,nan,nan,0
meps,variance_group_mag1.5,xgb,per_subgroup_baseline_relative[min_neg],DI_star,nan,nan,nan,nan,0
meps,variance_group_mag1.5,xgb,per_subgroup_baseline_relative[min_neg],AOD_star,nan,nan,nan,nan,0
meps,variance_group_mag1.5,xgb,per_subgroup_baseline_relative[min_neg],BalAcc,nan,nan,nan,nan,0
meps,variance_group_mag1.5,xgb,per_subgroup_ewma[min_pos],DI_star,0.0355889724310777,0.2060327209480161,0.0073349450344942085,0.2389030230483101,3
meps,variance_group_mag1.5,xgb,per_subgroup_ewma[min_pos],AOD_star,0.1764411027568922,0.1645286577182155,0.12374811338144691,0.1568784265110508,3
meps,variance_group_mag1.5,xgb,per_subgroup_ewma[min_pos],BalAcc,0.2370927318295739,0.13049728453774692,0.2059608613916586,0.07775419768606237,3
meps,variance_group_mag1.5,xgb,per_subgroup_baseline_relative[min_pos],DI_star,0.06666666666666667,0.30294024224576005,0.1106127721240926,0.28640388778981,3
meps,variance_group_mag1.5,xgb,per_subgroup_baseline_relative[min_pos],AOD_star,0.12581453634085213,0.18999940326914286,0.10284803270993066,0.2127878722691015,3
meps,variance_group_mag1.5,xgb,per_subgroup_baseline_relative[min_pos],BalAcc,0.3548872180451128,0.07155114137365605,0.2893067772250613,0.026575972553362453,3
meps,variance_group_mag1.5,xgb,per_subgroup_ewma[maj_neg],DI_star,0.10199247413203842,0.18917286766286448,0.12955172394857073,0.1550330842451174,3
meps,variance_group_mag1.5,xgb,per_subgroup_ewma[maj_neg],AOD_star,0.19047807594976787,0.38169804577455446,0.24537918292123692,0.31040382091458674,3
meps,variance_group_mag1.5,xgb,per_subgroup_ewma[maj_neg],BalAcc,0.24691477612762955,0.2322792396246463,0.30689599129860645,0.1894170210448653,3
meps,variance_group_mag1.5,xgb,per_subgroup_baseline_relative[maj_neg],DI_star,0.1316581500657544,0.0526909838052105,0.13663024450616804,0.1264139069435485,3
meps,variance_group_mag1.5,xgb,per_subgroup_baseline_relative[maj_neg],AOD_star,0.20503503796338166,0.1670458859324768,0.23258008084649148,0.19812842747967466,3
meps,variance_group_mag1.5,xgb,per_subgroup_baseline_relative[maj_neg],BalAcc,0.31783693385366135,0.14301992348922116,0.25501362022913754,0.17298009002321715,3
meps,variance_group_mag1.5,xgb,per_subgroup_ewma[maj_pos],DI_star,0.06466165413533832,0.08507433796174685,0.0889817847134833,0.12304634223675236,3
meps,variance_group_mag1.5,xgb,per_subgroup_ewma[maj_pos],AOD_star,0.28621553884711776,0.256687613357047,0.32484263033191607,0.2652554665641382,3
meps,variance_group_mag1.5,xgb,per_subgroup_ewma[maj_pos],BalAcc,0.10526315789473685,0.12972485308986284,0.14110861359366678,0.15638190703355367,3
meps,variance_group_mag1.5,xgb,per_subgroup_baseline_relative[maj_pos],DI_star,0.018045112781954878,0.08495907904857464,-0.025910215747391437,0.10098327755317069,3
meps,variance_group_mag1.5,xgb,per_subgroup_baseline_relative[maj_pos],AOD_star,0.16340852130325811,0.11199614855811417,0.20378403961653455,0.13185015350239299,3
meps,variance_group_mag1.5,xgb,per_subgroup_baseline_relative[maj_pos],BalAcc,0.08621553884711779,0.04325904563487,0.07769115787046052,0.07162674978657442,3
meps,variance_group_mag2.0,lr,global_mean,DI_star,0.5488721804511277,0.16931823334052626,0.5757730447616917,0.12227144616899721,3
meps,variance_group_mag2.0,lr,global_mean,AOD_star,0.5849624060150376,0.08565710619724673,0.5797201252146547,0.057683257837229614,3
meps,variance_group_mag2.0,lr,global_mean,BalAcc,0.1964912280701754,0.16387681411186114,0.18285315867425064,0.16950098381861237,3
meps,variance_group_mag2.0,lr,global_ewma,DI_star,0.5373433583959899,0.18153531165507414,0.607645011660772,0.10936869169586991,3
meps,variance_group_mag2.0,lr,global_ewma,AOD_star,0.6015037593984962,0.10906835093864316,0.6447917667822095,0.07737246753521353,3
meps,variance_group_mag2.0,lr,global_ewma,BalAcc,0.1423558897243108,0.11753931728882974,0.13061983785465298,0.09172750506484213,3
meps,variance_group_mag2.0,lr,global_std,DI_star,0.3318295739348371,0.17132447850260657,0.4211330528173323,0.1118634317280065,3
meps,variance_group_mag2.0,lr,global_std,AOD_star,0.3017543859649123,0.18633811325229283,0.3079372494201989,0.18448527155020003,3
meps,variance_group_mag2.0,lr,global_std,BalAcc,0.0035087719298245446,0.2463362100511401,-0.04415261412118096,0.2088665517536311,3
meps,variance_group_mag2.0,lr,subgroup_violation_diff,DI_star,0.06365914786967419,0.1287293777392571,0.012607232862654768,0.1200397627359572,3
meps,variance_group_mag2.0,lr,subgroup_violation_diff,AOD_star,0.01704260651629072,0.19300654082693644,0.015288192187473224,0.2137023027361447,3
meps,variance_group_mag2.0,lr,subgroup_violation_diff,BalAcc,0.1588972431077694,0.2006465638852865,0.13915827553195456,0.1911571911750822,3
meps,variance_group_mag2.0,lr,max_subgroup_deviation,DI_star,0.5333333333333333,0.20028936171989564,0.5570841715069602,0.13895177267319586,3
meps,variance_group_mag2.0,lr,max_subgroup_deviation,AOD_star,0.5213032581453634,0.07798635358208023,0.5249766152746259,0.08464359771075561,3
meps,variance_group_mag2.0,lr,max_subgroup_deviation,BalAcc,0.23558897243107765,0.15944735305222796,0.17272607164493592,0.17949979068431365,3
meps,variance_group_mag2.0,lr,assignment_proportion_drift,DI_star,0.16396233884698844,0.08632825896343808,0.37379485093117565,0.09001662980288419,3
meps,variance_group_mag2.0,lr,assignment_proportion_drift,AOD_star,0.19335611053902646,0.10169860661937255,0.3542514306343046,0.05253315577465969,3
meps,variance_group_mag2.0,lr,assignment_proportion_drift,BalAcc,0.2641266201021742,0.02083507638268446,0.19391501493296648,0.11019470259701937,3
meps,variance_group_mag2.0,lr,ks_statistic,DI_star,0.46065162907268165,0.09802799282649755,0.49238410104036845,0.10429073904152392,3
meps,variance_group_mag2.0,lr,ks_statistic,AOD_star,0.5082706766917293,0.09167589552968367,0.4869939362648282,0.06677071913133772,3
meps,variance_group_mag2.0,lr,ks_statistic,BalAcc,0.17994987468671675,0.08816642221841849,0.18817984026601672,0.1347868545396071,3
meps,variance_group_mag2.0,lr,kl_divergence,DI_star,0.49473684210526314,0.16931823334052626,0.5520484058916438,0.14352787540711032,3
meps,variance_group_mag2.0,lr,kl_divergence,AOD_star,0.5674185463659147,0.05415390009451427,0.636036046685634,0.046339732164822824,3
meps,variance_group_mag2.0,lr,kl_divergence,BalAcc,0.14085213032581453,0.08842253023617765,0.1455702335740268,0.1333554418241711,3
meps,variance_group_mag2.0,lr,per_subgroup_ewma[min_neg],DI_star,nan,nan,nan,nan,0
meps,variance_group_mag2.0,lr,per_subgroup_ewma[min_neg],AOD_star,nan,nan,nan,nan,0
meps,variance_group_mag2.0,lr,per_subgroup_ewma[min_neg],BalAcc,nan,nan,nan,nan,0
meps,variance_group_mag2.0,lr,per_subgroup_baseline_relative[min_neg],DI_star,nan,nan,nan,nan,0
meps,variance_group_mag2.0,lr,per_subgroup_baseline_relative[min_neg],AOD_star,nan,nan,nan,nan,0
meps,variance_group_mag2.0,lr,per_subgroup_baseline_relative[min_neg],BalAcc,nan,nan,nan,nan,0
meps,variance_group_mag2.0,lr,per_subgroup_ewma[min_pos],DI_star,0.4756892230576441,0.20984254635192112,0.5442532744107559,0.1228611353744562,3
meps,variance_group_mag2.0,lr,per_subgroup_ewma[min_pos],AOD_star,0.556892230576441,0.09440873550892197,0.5801313856001812,0.05832337777839798,3
meps,variance_group_mag2.0,lr,per_subgroup_ewma[min_pos],BalAcc,0.15739348370927317,0.10396864835108108,0.1703547398597992,0.10681859347610088,3
meps,variance_group_mag2.0,lr,per_subgroup_baseline_relative[min_pos],DI_star,0.27669172932330827,0.23337196054667142,0.37821230450945276,0.18154633894735092,3
meps,variance_group_mag2.0,lr,per_subgroup_baseline_relative[min_pos],AOD_star,0.24912280701754383,0.17746201566879705,0.3787089556466194,0.16675769099833207,3
meps,variance_group_mag2.0,lr,per_subgroup_baseline_relative[min_pos],BalAcc,0.22807017543859645,0.17340605631423311,0.2012153104911936,0.15973895769175764,3
meps,variance_group_mag2.0,lr,per_subgroup_ewma[maj_neg],DI_star,0.2837665915797112,0.34429966530826417,0.2907634679809749,0.3499121662169365,3
meps,variance_group_mag2.0,lr,per_subgroup_ewma[maj_neg],AOD_star,0.2376569597798921,0.47551480936344437,0.2673342321577122,0.45833672840709255,3
meps,variance_group_mag2.0,lr,per_subgroup_ewma[maj_neg],BalAcc,0.13261171548500292,0.13165383610146178,0.07258392461101672,0.14666160197383238,3
meps,variance_group_mag2.0,lr,per_subgroup_baseline_relative[maj_neg],DI_star,0.15623698371074476,0.1862601534646351,0.21761986567170574,0.15074870454397032,3
meps,variance_group_mag2.0,lr,per_subgroup_baseline_relative[maj_neg],AOD_star,0.21737219382661255,0.28824937203254447,0.3055729179515307,0.3118534435968997,3
meps,variance_group_mag2.0,lr,per_subgroup_baseline_relative[maj_neg],BalAcc,0.15038376679461007,0.09172786511935797,0.1611472116780204,0.1092676386530615,3
meps,variance_group_mag2.0,lr,per_subgroup_ewma[maj_pos],DI_star,0.4280701754385965,0.15846576934473813,0.5649841608690968,0.10526058977869501,3
meps,variance_group_mag2.0,lr,per_subgroup_ewma[maj_pos],AOD_star,0.5588972431077693,0.10811973140862109,0.611662538702661,0.10336364338865485,3
meps,variance_group_mag2.0,lr,per_subgroup_ewma[maj_pos],BalAcc,0.06967418546365914,0.06557417929428784,0.07098741709893026,0.05674442831766897,3
meps,variance_group_mag2.0,lr,per_subgroup_baseline_relative[maj_pos],DI_star,0.5363408521303258,0.1318190910380805,0.530953195354129,0.09603737587777911,3
meps,variance_group_mag2.0,lr,per_subgroup_baseline_relative[maj_pos],AOD_star,0.5804511278195488,0.07369955341258853,0.5301975534478595,0.0956804403843863,3
meps,variance_group_mag2.0,lr,per_subgroup_baseline_relative[maj_pos],BalAcc,0.16090225563909774,0.15980937256250602,0.11506343601083356,0.1700823093202777,3
meps,variance_group_mag2.0,xgb,global_mean,DI_star,0.17644110275689218,0.17076039740569968,0.04405311737290368,0.19520959866146817,3
meps,variance_group_mag2.0,xgb,global_mean,AOD_star,0.1869674185463659,0.09278194134715405,0.1161048320637831,0.1458796534804883,3
meps,variance_group_mag2.0,xgb,global_mean,BalAcc,0.2611528822055138,0.04396764362824739,0.2120755921948779,0.06302780983568017,3
meps,variance_group_mag2.0,xgb,global_ewma,DI_star,0.10977443609022557,0.1916492043520775,0.06315528823894272,0.1480662476077241,3
meps,variance_group_mag2.0,xgb,global_ewma,AOD_star,0.16842105263157894,0.15751954468332724,0.19692557970809865,0.11380204214134308,3
meps,variance_group_mag2.0,xgb,global_ewma,BalAcc,0.20350877192982453,0.12176015364430012,0.16939217349346913,0.11486594675471143,3
meps,variance_group_mag2.0,xgb,global_std,DI_star,0.38095238095238093,0.19603676152515928,0.4089185177805412,0.1892373759345702,3
meps,variance_group_mag2.0,xgb,global_std,AOD_star,0.41453634085213026,0.32740617595387284,0.39224840303295566,0.35250706107235497,3
meps,variance_group_mag2.0,xgb,global_std,BalAcc,0.1418546365914787,0.24416327719682868,0.19282225844562614,0.26796483745792893,3
meps,variance_group_mag2.0,xgb,subgroup_violation_diff,DI_star,0.093734335839599,0.2144789467181112,0.10782211892617344,0.22569478810166302,3
meps,variance_group_mag2.0,xgb,subgroup_violation_diff,AOD_star,0.0987468671679198,0.04759001885280369,0.06443042179028113,0.06884790444999872,3
meps,variance_group_mag2.0,xgb,subgroup_violation_diff,BalAcc,0.20501253132832076,0.2336151516816317,0.16256377567829808,0.14686691497033516,3
meps,variance_group_mag2.0,xgb,max_subgroup_deviation,DI_star,0.19799498746867164,0.2639496384242623,0.12002918114710005,0.2723610734340533,3
meps,variance_group_mag2.0,xgb,max_subgroup_deviation,AOD_star,0.20651629072681701,0.09474347220570624,0.1776788187569546,0.10339973686460709,3
meps,variance_group_mag2.0,xgb,max_subgroup_deviation,BalAcc,0.2696741854636591,0.02738145420300282,0.2682124424122642,0.10274204069083187,3
meps,variance_group_mag2.0,xgb,assignment_proportion_drift,DI_star,-0.027822420054477926,0.22841482059656007,0.03951848234463731,0.1992001955120496,3
meps,variance_group_mag2.0,xgb,assignment_proportion_drift,AOD_star,-0.04841230538184719,0.22629468103679906,0.028163492793816473,0.14742310239973158,3
meps,variance_group_mag2.0,xgb,assignment_proportion_drift,BalAcc,0.19828512428207992,0.1421354971999069,0.20062666071672056,0.14101012270241325,3
meps,variance_group_mag2.0,xgb,ks_statistic,DI_star,0.14937343358395985,0.15384633745525042,0.08665037473951516,0.17661215706864017,3
meps,variance_group_mag2.0,xgb,ks_statistic,AOD_star,0.10827067669172934,0.14213509652231088,0.1290521073061421,0.11179757050716385,3
meps,variance_group_mag2.0,xgb,ks_statistic,BalAcc,0.28521303258145364,0.1276238119942987,0.23246889491212364,0.18458667253967498,3
meps,variance_group_mag2.0,xgb,kl_divergence,DI_star,0.1488721804511278,0.11602034075041556,0.08637259969012175,0.1399448556813198,3
meps,variance_group_mag2.0,xgb,kl_divergence,AOD_star,0.21052631578947364,0.03957678384591855,0.24410295818148983,0.020277119743548493,3
meps,variance_group_mag2.0,xgb,kl_divergence,BalAcc,0.19047619047619047,0.09483889425874786,0.1476836469487188,0.15839338105937562,3
meps,variance_group_mag2.0,xgb,per_subgroup_ewma[min_neg],DI_star,nan,nan,nan,nan,0
meps,variance_group_mag2.0,xgb,per_subgroup_ewma[min_neg],AOD_star,nan,nan,nan,nan,0
meps,variance_group_mag2.0,xgb,per_subgroup_ewma[min_neg],BalAcc,nan,nan,nan,nan,0
meps,variance_group_mag2.0,xgb,per_subgroup_baseline_relative[min_neg],DI_star,nan,nan,nan,nan,0
meps,variance_group_mag2.0,xgb,per_subgroup_baseline_relative[min_neg],AOD_star,nan,nan,nan,nan,0
meps,variance_group_mag2.0,xgb,per_subgroup_baseline_relative[min_neg],BalAcc,nan,nan,nan,nan,0
meps,variance_group_mag2.0,xgb,per_subgroup_ewma[min_pos],DI_star,0.1513784461152882,0.18914054865976493,0.05005644685823105,0.20720176117522368,3
meps,variance_group_mag2.0,xgb,per_subgroup_ewma[min_pos],AOD_star,0.1819548872180451,0.1432444295231261,0.1547532816521996,0.13756364155247897,3
meps,variance_group_mag2.0,xgb,per_subgroup_ewma[min_pos],BalAcc,0.19749373433583958,0.09716297760494444,0.1974271691630353,0.08505660918525966,3
meps,variance_group_mag2.0,xgb,per_subgroup_baseline_relative[min_pos],DI_star,0.1213032581453634,0.32995175461857607,0.14719787028928602,0.286053295368831,3
meps,variance_group_mag2.0,xgb,per_subgroup_baseline_relative[min_pos],AOD_star,0.1333333333333333,0.18101971129836517,0.14335329703663321,0.1767062679180923,3
meps,variance_group_mag2.0,xgb,per_subgroup_baseline_relative[min_pos],BalAcc,0.3518796992481203,0.11001792613344007,0.3026585284082128,0.018200373982779884,3
meps,variance_group_mag2.0,xgb,per_subgroup_ewma[maj_neg],DI_star,-0.041359511247773255,0.032364292862431365,-0.02934992542767294,0.16260082235415935,3
meps,variance_group_mag2.0,xgb,per_subgroup_ewma[maj_neg],AOD_star,-0.005007817644377234,0.14137790969324313,0.09225683652405707,0.15607614146054938,3
meps,variance_group_mag2.0,xgb,per_subgroup_ewma[maj_neg],BalAcc,0.16119313706639185,0.21718653865398946,0.22293852244546433,0.13457298437688914,3
meps,variance_group_mag2.0,xgb,per_subgroup_baseline_relative[maj_neg],DI_star,-0.059002368063449696,0.2768402516683612,-0.0007345385820954712,0.3101787086891107,3
meps,variance_group_mag2.0,xgb,per_subgroup_baseline_relative[maj_neg],AOD_star,0.05885267037398765,0.14479524777795388,0.1364555688410961,0.21491915724453547,3
meps,variance_group_mag2.0,xgb,per_subgroup_baseline_relative[maj_neg],BalAcc,0.24537772532275168,0.0431391546113234,0.24741551005128123,0.1303778704635969,3
meps,variance_group_mag2.0,xgb,per_subgroup_ewma[maj_pos],DI_star,0.0706766917293233,0.10990825091501714,0.09334737422697688,0.08503653944080708,3
meps,variance_group_mag2.0,xgb,per_subgroup_ewma[maj_pos],AOD_star,0.1729323308270677,0.1045590486017638,0.2517682287377793,0.12784562047726172,3
meps,variance_group_mag2.0,xgb,per_subgroup_ewma[maj_pos],BalAcc,0.07669172932330826,0.0701897586534909,0.13687891398921484,0.1218780919053614,3
meps,variance_group_mag2.0,xgb,per_subgroup_baseline_relative[maj_pos],DI_star,0.14536340852130322,0.12435119401171471,-0.0024162218144721387,0.11540789729700804,3
meps,variance_group_mag2.0,xgb,per_subgroup_baseline_relative[maj_pos],AOD_star,0.12982456140350876,0.10143659401015309,0.08184218177859826,0.11429588830019471,3
meps,variance_group_mag2.0,xgb,per_subgroup_baseline_relative[maj_pos],BalAcc,0.17794486215538843,0.06840957609369071,0.14215626564607706,0.10435772613240142,3
meps,variance_group_mag2.5,lr,global_mean,DI_star,0.6736842105263157,0.11562987405813388,0.6406564356336907,0.11077846016712055,3
meps,variance_group_mag2.5,lr,global_mean,AOD_star,0.6305764411027569,0.0967119826099868,0.6123724409747361,0.04760194648005337,3
meps,variance_group_mag2.5,lr,global_mean,BalAcc,0.09473684210526313,0.1783461182465326,0.13267947555965712,0.1719791051338897,3
meps,variance_group_mag2.5,lr,global_ewma,DI_star,0.6651629072681703,0.10804999323314146,0.6787893964692575,0.08310381493027615,3
meps,variance_group_mag2.5,lr,global_ewma,AOD_star,0.656641604010025,0.07551141790371961,0.6718481707711895,0.05517042047478417,3
meps,variance_group_mag2.5,lr,global_ewma,BalAcc,0.04611528822055138,0.19256472707437344,0.07755950796574569,0.12086217383471069,3
meps,variance_group_mag2.5,lr,global_std,DI_star,0.5749373433583959,0.14641568831313773,0.6431818785669693,0.0854990836564547,3
meps,variance_group_mag2.5,lr,global_std,AOD_star,0.5218045112781954,0.06962909415212165,0.5511948614096723,0.10154015825172973,3
meps,variance_group_mag2.5,lr,global_std,BalAcc,-0.05513784461152881,0.16047460717232928,-0.052751085641760585,0.1628777410147339,3
meps,variance_group_mag2.5,lr,subgroup_violation_diff,DI_star,0.05463659147869674,0.05845135972549922,0.01426425568955896,0.053327391291040735,3
meps,variance_group_mag2.5,lr,subgroup_violation_diff,AOD_star,0.04461152882205514,0.10685748097557077,0.051373730828103814,0.17096083707550114,3
meps,variance_group_mag2.5,lr,subgroup_violation_diff,BalAcc,0.19548872180451127,0.14539624553492397,0.19416672605928462,0.1736905611494146,3
meps,variance_group_mag2.5,lr,max_subgroup_deviation,DI_star,0.6842105263157894,0.12953878417746978,0.6590752101904329,0.11603284072720389,3
meps,variance_group_mag2.5,lr,max_subgroup_deviation,AOD_star,0.6080200501253132,0.05942334220158816,0.5978340840039533,0.05736780851710624,3
meps,variance_group_mag2.5,lr,max_subgroup_deviation,BalAcc,0.07067669172932331,0.1763485175176009,0.09895449621204193,0.19316371189485715,3
meps,variance_group_mag2.5,lr,assignment_proportion_drift,DI_star,0.20988779297348645,0.1625979884582596,0.41488429762444773,0.08208919231239994,3
meps,variance_group_mag2.5,lr,assignment_proportion_drift,AOD_star,0.19386735734451874,0.17359115685435836,0.38037789821872475,0.05857567008271596,3
meps,variance_group_mag2.5,lr,assignment_proportion_drift,BalAcc,0.2158624649408062,0.07379017875966631,0.16839318474831724,0.09433631466652388,3
meps,variance_group_mag2.5,lr,ks_statistic,DI_star,0.5904761904761905,0.107966247962284,0.5740206099164135,0.09183086377616043,3
meps,variance_group_mag2.5,lr,ks_statistic,AOD_star,0.5869674185463659,0.08550150199587127,0.5516409786309427,0.06072735048484494,3
meps,variance_group_mag2.5,lr,ks_statistic,BalAcc,0.07919799498746866,0.054167817231873756,0.14058362044613673,0.11096039679786233,3
meps,variance_group_mag2.5,lr,kl_divergence,DI_star,0.5904761904761904,0.022650874240992495,0.6045146992631222,0.0334682675570311,3
meps,variance_group_mag2.5,lr,kl_divergence,AOD_star,0.5809523809523809,0.03939224602383658,0.6011841250555514,0.024541612025923618,3
meps,variance_group_mag2.5,lr,kl_divergence,BalAcc,0.05714285714285713,0.13924194922911326,0.10286764619071635,0.15850327443473053,3
meps,variance_group_mag2.5,lr,per_subgroup_ewma[min_neg],DI_star,nan,nan,nan,nan,0
meps,variance_group_mag2.5,lr,per_subgroup_ewma[min_neg],AOD_star,nan,nan,nan,nan,0
meps,variance_group_mag2.5,lr,per_subgroup_ewma[min_neg],BalAcc,nan,nan,nan,nan,0
meps,variance_group_mag2.5,lr,per_subgroup_baseline_relative[min_neg],DI_star,nan,nan,nan,nan,0
meps,variance_group_mag2.5,lr,per_subgroup_baseline_relative[min_neg],AOD_star,nan,nan,nan,nan,0
meps,variance_group_mag2.5,lr,per_subgroup_baseline_relative[min_neg],BalAcc,nan,nan,nan,nan,0
meps,variance_group_mag2.5,lr,per_subgroup_ewma[min_pos],DI_star,0.6611528822055137,0.09805105793538886,0.6309525191065688,0.08556751665884564,3
meps,variance_group_mag2.5,lr,per_subgroup_ewma[min_pos],AOD_star,0.6476190476190476,0.06803391905418182,0.6322572039611176,0.036633742018323985,3
meps,variance_group_mag2.5,lr,per_subgroup_ewma[min_pos],BalAcc,0.04711779448621553,0.20182644769199895,0.11739466838528918,0.12441398598740581,3
meps,variance_group_mag2.5,lr,per_subgroup_baseline_relative[min_pos],DI_star,0.46516290726817044,0.11987602551524774,0.4693726215360896,0.11189926820039203,3
meps,variance_group_mag2.5,lr,per_subgroup_baseline_relative[min_pos],AOD_star,0.38847117794486213,0.14394433073916116,0.46185491150082997,0.10289133754550041,3
meps,variance_group_mag2.5,lr,per_subgroup_baseline_relative[min_pos],BalAcc,0.15689223057644106,0.19902085050708748,0.1857559539386885,0.18422860823778592,3
meps,variance_group_mag2.5,lr,per_subgroup_ewma[maj_neg],DI_star,0.2394365168170631,0.3304744404152994,0.23756533077114442,0.2534275010945455,3
meps,variance_group_mag2.5,lr,per_subgroup_ewma[maj_neg],AOD_star,0.19331217832334002,0.3796263894256495,0.25938671736023583,0.27980170778710817,3
meps,variance_group_mag2.5,lr,per_subgroup_ewma[maj_neg],BalAcc,0.07021069695238912,0.235638685379971,-0.0010259194510506369,0.2757261659379235,3
meps,variance_group_mag2.5,lr,per_subgroup_baseline_relative[maj_neg],DI_star,0.2743542455715989,0.22341492647407885,0.32841765100226694,0.11139408281914377,3
meps,variance_group_mag2.5,lr,per_subgroup_baseline_relative[maj_neg],AOD_star,0.2574617151761584,0.2694195552112724,0.3969410941394799,0.252094954859487,3
meps,variance_group_mag2.5,lr,per_subgroup_baseline_relative[maj_neg],BalAcc,0.11078765010162613,0.22692768732715293,-0.007729594928789728,0.2729688906474725,3
meps,variance_group_mag2.5,lr,per_subgroup_ewma[maj_pos],DI_star,0.5929824561403508,0.09865649847604287,0.6649775430864417,0.08534078643445239,3
meps,variance_group_mag2.5,lr,per_subgroup_ewma[maj_pos],AOD_star,0.6075187969924811,0.06265463655939749,0.658892211652334,0.07662852978514657,3
meps,variance_group_mag2.5,lr,per_subgroup_ewma[maj_pos],BalAcc,0.007518796992481207,0.13080113821342937,0.03371823455110527,0.10427860713069462,3
meps,variance_group_mag2.5,lr,per_subgroup_baseline_relative[maj_pos],DI_star,0.6426065162907267,0.12126389717455084,0.6238039331348871,0.10339653767760072,3
meps,variance_group_mag2.5,lr,per_subgroup_baseline_relative[maj_pos],AOD_star,0.6010025062656641,0.04358885253595922,0.5820728793213689,0.055662325702438335,3
meps,variance_group_mag2.5,lr,per_subgroup_baseline_relative[maj_pos],BalAcc,0.039097744360902235,0.1520557802106698,0.07021246209727995,0.15257641190472637,3
meps,variance_group_mag2.5,xgb,global_mean,DI_star,0.3859649122807017,0.09143164924688,0.3608977072961788,0.044830676705869356,3
meps,variance_group_mag2.5,xgb,global_mean,AOD_star,0.29022556390977444,0.05638596468948171,0.22959003784996138,0.08226593627804715,3
meps,variance_group_mag2.5,xgb,global_mean,BalAcc,0.12731829573934836,0.16731346033368502,0.12745417555376057,0.033535640421217934,3
meps,variance_group_mag2.5,xgb,global_ewma,DI_star,0.36040100250626567,0.04463123667078106,0.41023130660429263,0.055797464163478895,3
meps,variance_group_mag2.5,xgb,global_ewma,AOD_star,0.3137844611528822,0.05409819574228389,0.29946182273457395,0.07220629334116027,3
meps,variance_group_mag2.5,xgb,global_ewma,BalAcc,0.04862155388471179,0.1802184520532985,0.04317876024032338,0.05562994812461025,3
meps,variance_group_mag2.5,xgb,global_std,DI_star,0.46315789473684205,0.10478948204622165,0.5885269715379841,0.08404048022528593,3
meps,variance_group_mag2.5,xgb,global_std,AOD_star,0.44110275689223055,0.180753019539162,0.4481690107706529,0.24277704557469176,3
meps,variance_group_mag2.5,xgb,global_std,BalAcc,0.023057644110275676,0.186346203360472,0.03452226359470966,0.14378652707696443,3
meps,variance_group_mag2.5,xgb,subgroup_violation_diff,DI_star,-0.0030075187969924957,0.27098562153340344,-0.014575057684525994,0.27152062660390447,3
meps,variance_group_mag2.5,xgb,subgroup_violation_diff,AOD_star,0.01403508771929824,0.14982019277370537,-0.012283229237952484,0.13842886624265222,3
meps,variance_group_mag2.5,xgb,subgroup_violation_diff,BalAcc,0.26115288220551375,0.15597270716416045,0.20581238090722395,0.07194446464374951,3
meps,variance_group_mag2.5,xgb,max_subgroup_deviation,DI_star,0.4125313283208019,0.14700140135788128,0.43909611441481283,0.09316902480279622,3
meps,variance_group_mag2.5,xgb,max_subgroup_deviation,AOD_star,0.3092731829573934,0.0299831507343121,0.2807941376799244,0.0557228846883257,3
meps,variance_group_mag2.5,xgb,max_subgroup_deviation,BalAcc,0.09473684210526313,0.1514597534303759,0.11943553800914554,0.018900695345969155,3
meps,variance_group_mag2.5,xgb,assignment_proportion_drift,DI_star,-0.07206534948404086,0.17178719554970753,0.1466188607971373,0.12245671174531639,3
meps,variance_group_mag2.5,xgb,assignment_proportion_drift,AOD_star,-0.07906155873201,0.19718563606431183,0.059101078842934286,0.10410737852421487,3
meps,variance_group_mag2.5,xgb,assignment_proportion_drift,BalAcc,0.25230261345840294,0.10065373784825817,0.18843425912066988,0.15234388178444558,3
meps,variance_group_mag2.5,xgb,ks_statistic,DI_star,0.28571428571428564,0.11699080605201038,0.2893014104812612,0.08317355990533928,3
meps,variance_group_mag2.5,xgb,ks_statistic,AOD_star,0.27117794486215535,0.03887217237161161,0.195411083192265,0.03265988211225748,3
meps,variance_group_mag2.5,xgb,ks_statistic,BalAcc,0.0962406015037594,0.1777407138454297,0.1241512056167033,0.0969274787546193,3
meps,variance_group_mag2.5,xgb,kl_divergence,DI_star,0.2020050125313283,0.21521570461123324,0.24954694261535057,0.14474123440241293,3
meps,variance_group_mag2.5,xgb,kl_divergence,AOD_star,0.156390977443609,0.08750277609609716,0.14766681809264426,0.08832276819462283,3
meps,variance_group_mag2.5,xgb,kl_divergence,BalAcc,0.03107769423558897,0.06887079414757973,0.05188985087468856,0.040897785585503346,3
meps,variance_group_mag2.5,xgb,per_subgroup_ewma[min_neg],DI_star,nan,nan,nan,nan,0
meps,variance_group_mag2.5,xgb,per_subgroup_ewma[min_neg],AOD_star,nan,nan,nan,nan,0
meps,variance_group_mag2.5,xgb,per_subgroup_ewma[min_neg],BalAcc,nan,nan,nan,nan,0
meps,variance_group_mag2.5,xgb,per_subgroup_baseline_relative[min_neg],DI_star,nan,nan,nan,nan,0
meps,variance_group_mag2.5,xgb,per_subgroup_baseline_relative[min_neg],AOD_star,nan,nan,nan,nan,0
meps,variance_group_mag2.5,xgb,per_subgroup_baseline_relative[min_neg],BalAcc,nan,nan,nan,nan,0
meps,variance_group_mag2.5,xgb,per_subgroup_ewma[min_pos],DI_star,0.37894736842105264,0.06046284752789385,0.35706042119725767,0.05569123441920973,3
meps,variance_group_mag2.5,xgb,per_subgroup_ewma[min_pos],AOD_star,0.31378446115288217,0.031407418942998554,0.2572448590717601,0.052603145838692945,3
meps,variance_group_mag2.5,xgb,per_subgroup_ewma[min_pos],BalAcc,0.0932330827067669,0.1424423472851777,0.08266885231343142,0.05584844863841058,3
meps,variance_group_mag2.5,xgb,per_subgroup_baseline_relative[min_pos],DI_star,0.26265664160401003,0.24474604953889387,0.31198003257699464,0.19100356956405365,3
meps,variance_group_mag2.5,xgb,per_subgroup_baseline_relative[min_pos],AOD_star,0.20401002506265664,0.11340069760742386,0.1992272440358416,0.13642089925831644,3
meps,variance_group_mag2.5,xgb,per_subgroup_baseline_relative[min_pos],BalAcc,0.26666666666666666,0.1312632565680835,0.25543993130120674,0.007540952018231076,3
meps,variance_group_mag2.5,xgb,per_subgroup_ewma[maj_neg],DI_star,0.31710228175501626,0.1299145306923663,0.4320685933976611,0.18925722313172205,3
meps,variance_group_mag2.5,xgb,per_subgroup_ewma[maj_neg],AOD_star,0.2185938798489381,0.22158035415064578,0.3208081893648282,0.15853061319176193,3
meps,variance_group_mag2.5,xgb,per_subgroup_ewma[maj_neg],BalAcc,0.12607110214903708,0.1736802538085882,0.13436119602365876,0.18960356394789993,3
meps,variance_group_mag2.5,xgb,per_subgroup_baseline_relative[maj_neg],DI_star,0.2639286424928438,0.09294071435482956,0.28098933323181874,0.13092258907749094,3
meps,variance_group_mag2.5,xgb,per_subgroup_baseline_relative[maj_neg],AOD_star,0.314065273688735,0.20457229816433928,0.3401843117998107,0.18127276717277602,3
meps,variance_group_mag2.5,xgb,per_subgroup_baseline_relative[maj_neg],BalAcc,0.11553678821718405,0.16969078976429097,0.08451056919523144,0.1904548836027924,3
meps,variance_group_mag2.5,xgb,per_subgroup_ewma[maj_pos],DI_star,0.31879699248120297,0.08482589339049898,0.4554370265824299,0.0957342689921999,3
meps,variance_group_mag2.5,xgb,per_subgroup_ewma[maj_pos],AOD_star,0.25764411027568923,0.013242952194108173,0.34780177694096853,0.1146043364393918,3
meps,variance_group_mag2.5,xgb,per_subgroup_ewma[maj_pos],BalAcc,-0.010526315789473694,0.09319265029985799,0.012162506925632859,0.058436490521645686,3
meps,variance_group_mag2.5,xgb,per_subgroup_baseline_relative[maj_pos],DI_star,0.362406015037594,0.05546949697868637,0.3699341292206473,0.06898975177394058,3
meps,variance_group_mag2.5,xgb,per_subgroup_baseline_relative[maj_pos],AOD_star,0.26165413533834586,0.03726168930334997,0.22774922251768062,0.08142123522481504,3
meps,variance_group_mag2.5,xgb,per_subgroup_baseline_relative[maj_pos],BalAcc,0.04711779448621553,0.11051921163354188,0.05842683032926336,0.014023579921077205,3
