dataset,scenario,model,signal,metric,spearman_mean,spearman_std,pearson_mean,pearson_std,n_seeds_valid
lsac,no_drift,lr,global_mean,DI_star,-0.011013614590302817,0.21043675021254163,-0.026610387952697954,0.2024624028828278,20
lsac,no_drift,lr,global_mean,AOD_star,0.04781954887218045,0.22312698649014925,0.05481948183544903,0.23398849396701218,20
lsac,no_drift,lr,global_mean,BalAcc,0.04804511278195488,0.23611631243261794,0.06591591385688937,0.22787292087077,20
lsac,no_drift,lr,global_ewma,DI_star,0.07108502666209446,0.2800859733447661,0.0530329728614549,0.28411223025753385,20
lsac,no_drift,lr,global_ewma,AOD_star,0.05661654135338344,0.23597060088948088,0.05553339636195446,0.24906615069353477,20
lsac,no_drift,lr,global_ewma,BalAcc,-0.02887218045112781,0.20904127140752893,-0.03589986063991481,0.20457185923890375,20
lsac,no_drift,lr,global_std,DI_star,-0.046753306646817386,0.21482995023813106,-0.024202616836424024,0.19196395960745904,20
lsac,no_drift,lr,global_std,AOD_star,0.01428571428571428,0.21030788883618462,0.03368947275623622,0.20869763902132138,20
lsac,no_drift,lr,global_std,BalAcc,0.01526315789473684,0.23665861133918287,0.029663157013969942,0.21392822504010225,20
lsac,no_drift,lr,subgroup_violation_diff,DI_star,-0.08546695919777396,0.20924610256276696,-0.10981240807925752,0.1991312062057044,20
lsac,no_drift,lr,subgroup_violation_diff,AOD_star,-0.14052631578947367,0.24260513240351791,-0.1550909774653328,0.22502079997139554,20
lsac,no_drift,lr,subgroup_violation_diff,BalAcc,-0.10210526315789473,0.2839179382667203,-0.05682049630872784,0.31276607205757584,20
lsac,no_drift,lr,max_subgroup_deviation,DI_star,0.0013470692270178997,0.24483572193640643,0.0005527138862806192,0.2284313697822176,20
lsac,no_drift,lr,max_subgroup_deviation,AOD_star,0.07360902255639096,0.2535707903925264,0.07355641117151925,0.25642689156609877,20
lsac,no_drift,lr,max_subgroup_deviation,BalAcc,0.045789473684210526,0.24347786081976203,0.05035356273689007,0.23003993642160714,20
lsac,no_drift,lr,assignment_proportion_drift,DI_star,0.08542051251913865,0.2165148856965975,0.07838544876385956,0.20402034688691612,20
lsac,no_drift,lr,assignment_proportion_drift,AOD_star,0.06418356708849518,0.22490245950998947,0.06590562888676924,0.21889069208096565,20
lsac,no_drift,lr,assignment_proportion_drift,BalAcc,0.051753907349883575,0.24391073420615839,0.036428904450793984,0.2541350493099706,20
lsac,no_drift,lr,ks_statistic,DI_star,-0.025336041878549587,0.2563793809497842,-0.04489532770102661,0.25824619612472444,20
lsac,no_drift,lr,ks_statistic,AOD_star,-0.030977443609022548,0.29343867864771905,-0.03232997492268255,0.2721882204580981,20
lsac,no_drift,lr,ks_statistic,BalAcc,0.02947368421052631,0.19790319245139115,0.0386299497429587,0.20088802894757948,20
lsac,no_drift,lr,kl_divergence,DI_star,-0.013858390648292213,0.20355622511264082,-0.022448611136376327,0.198162909012589,20
lsac,no_drift,lr,kl_divergence,AOD_star,-0.013984962406015045,0.18527518025633508,-0.024657999895815554,0.18710488999634092,20
lsac,no_drift,lr,kl_divergence,BalAcc,0.04105263157894736,0.22274534754389522,0.05100604197294221,0.20374855751831966,20
lsac,no_drift,lr,per_subgroup_ewma[min_neg],DI_star,0.016963875623130426,0.2682617928169438,0.023998681323113696,0.2595452691606822,20
lsac,no_drift,lr,per_subgroup_ewma[min_neg],AOD_star,0.013308270676691719,0.2202339065616647,0.031207115470479985,0.22279846383974716,20
lsac,no_drift,lr,per_subgroup_ewma[min_neg],BalAcc,-0.01398496240601504,0.22012752048663745,0.0013238452716278527,0.23515793875726876,20
lsac,no_drift,lr,per_subgroup_baseline_relative[min_neg],DI_star,-0.07961814401749497,0.1911498082576283,-0.07422754038417664,0.17445569174575631,20
lsac,no_drift,lr,per_subgroup_baseline_relative[min_neg],AOD_star,-0.021052631578947358,0.19919108277099354,-0.004138751532476283,0.1995748915614058,20
lsac,no_drift,lr,per_subgroup_baseline_relative[min_neg],BalAcc,0.04398496240601503,0.24199309735344468,0.081844352293988,0.2387848610662321,20
lsac,no_drift,lr,per_subgroup_ewma[min_pos],DI_star,-0.015369744530279672,0.2049821047551032,-0.02684908225487686,0.21712664339470003,20
lsac,no_drift,lr,per_subgroup_ewma[min_pos],AOD_star,0.01105263157894737,0.21663493957199118,0.02056284261487856,0.22778604703254793,20
lsac,no_drift,lr,per_subgroup_ewma[min_pos],BalAcc,-0.02097744360902257,0.25527150705559104,-0.019543849709484907,0.25851093738247344,20
lsac,no_drift,lr,per_subgroup_baseline_relative[min_pos],DI_star,-0.028991516272884786,0.1759036439046882,-0.028713677194509006,0.16836122824649138,20
lsac,no_drift,lr,per_subgroup_baseline_relative[min_pos],AOD_star,0.005488721804511281,0.23088866705191805,0.010002913029635904,0.22169237691244956,20
lsac,no_drift,lr,per_subgroup_baseline_relative[min_pos],BalAcc,-0.023233082706766918,0.26470799107353665,-0.04223030090260763,0.25511777532191887,20
lsac,no_drift,lr,per_subgroup_ewma[maj_neg],DI_star,0.053023896236345,0.30826102928828564,0.08312841367053932,0.2876604975636116,20
lsac,no_drift,lr,per_subgroup_ewma[maj_neg],AOD_star,0.03789473684210526,0.27686068721765533,0.07594914784179602,0.2872823510108017,20
lsac,no_drift,lr,per_subgroup_ewma[maj_neg],BalAcc,0.012932330827067679,0.21704223607486023,-0.023742215347748064,0.22810804498251444,20
lsac,no_drift,lr,per_subgroup_baseline_relative[maj_neg],DI_star,-0.005820896967975144,0.24987921690519227,-0.007241837376918718,0.2258334970916409,20
lsac,no_drift,lr,per_subgroup_baseline_relative[maj_neg],AOD_star,0.03962406015037592,0.2255249465094852,0.06326819137357417,0.23959189470356615,20
lsac,no_drift,lr,per_subgroup_baseline_relative[maj_neg],BalAcc,0.09105263157894736,0.2510321167423763,0.07321967721767579,0.269787580933949,20
lsac,no_drift,lr,per_subgroup_ewma[maj_pos],DI_star,0.11427384340733811,0.2739612760298708,0.11613442354841927,0.25345146035933136,20
lsac,no_drift,lr,per_subgroup_ewma[maj_pos],AOD_star,0.10451127819548871,0.24953957262131937,0.11575107898185777,0.2529255469414684,20
lsac,no_drift,lr,per_subgroup_ewma[maj_pos],BalAcc,-0.0001503759398496167,0.2003535232703556,0.006469677345806074,0.20811156802380004,20
lsac,no_drift,lr,per_subgroup_baseline_relative[maj_pos],DI_star,0.10895271487999589,0.22811029011822276,0.11546162258594281,0.19749519711975655,20
lsac,no_drift,lr,per_subgroup_baseline_relative[maj_pos],AOD_star,0.17015037593984958,0.24914133731379318,0.16593671651960823,0.21468616302912505,20
lsac,no_drift,lr,per_subgroup_baseline_relative[maj_pos],BalAcc,0.03924812030075187,0.25072088951895916,0.04042659167252867,0.2611572228070151,20
lsac,no_drift,xgb,global_mean,DI_star,-0.06616541353383457,0.2015497646955245,-0.05442034572143124,0.2225483836189659,20
lsac,no_drift,xgb,global_mean,AOD_star,-0.10210526315789474,0.20212165391823944,-0.08217832848143174,0.21442881501157496,20
lsac,no_drift,xgb,global_mean,BalAcc,-0.035338345864661655,0.17985207582506677,-0.031730563029177664,0.20626826021062708,20
lsac,no_drift,xgb,global_ewma,DI_star,0.06180451127819547,0.2256240020205063,0.05585709081648064,0.23139981291331405,20
lsac,no_drift,xgb,global_ewma,AOD_star,0.008045112781954886,0.20353052928869286,-0.0071760057669423005,0.18496452213385695,20
lsac,no_drift,xgb,global_ewma,BalAcc,-0.07150375939849625,0.15191503720510796,-0.04503905934300397,0.15462704918597453,20
lsac,no_drift,xgb,global_std,DI_star,-0.08458646616541352,0.20350530726583957,-0.05453559509313127,0.21356401074673498,20
lsac,no_drift,xgb,global_std,AOD_star,-0.11533834586466166,0.2211723372878931,-0.08657903880949021,0.2166684544010104,20
lsac,no_drift,xgb,global_std,BalAcc,-0.05240601503759399,0.16209401595867284,-0.05123832716886737,0.17194813874382586,20
lsac,no_drift,xgb,subgroup_violation_diff,DI_star,0.029849624060150376,0.22483354185811036,0.02144204312851869,0.22070107654690135,20
lsac,no_drift,xgb,subgroup_violation_diff,AOD_star,-0.02646616541353384,0.22160046687065715,-0.03853939936593275,0.2290142560385722,20
lsac,no_drift,xgb,subgroup_violation_diff,BalAcc,-0.038345864661654135,0.27958017515550937,-0.03348375755058889,0.2816482539562297,20
lsac,no_drift,xgb,max_subgroup_deviation,DI_star,-0.036541353383458645,0.15811878125398346,-0.019727997397869595,0.15804342016405196,20
lsac,no_drift,xgb,max_subgroup_deviation,AOD_star,0.015563909774436077,0.19183000452480958,0.01976691287086372,0.19582536852579052,20
lsac,no_drift,xgb,max_subgroup_deviation,BalAcc,0.03744360902255638,0.22558190404416195,0.02028297752761708,0.20743423070954525,20
lsac,no_drift,xgb,assignment_proportion_drift,DI_star,0.024212391082161205,0.14693148972952425,0.007049010997920835,0.14491762484039147,20
lsac,no_drift,xgb,assignment_proportion_drift,AOD_star,0.04530865739839447,0.16191526601928807,0.03925660152783746,0.1826024438698832,20
lsac,no_drift,xgb,assignment_proportion_drift,BalAcc,0.039172652703704104,0.14071298556196182,0.047970438699393325,0.14606192395654455,20
lsac,no_drift,xgb,ks_statistic,DI_star,0.02496240601503759,0.3240573242728678,-0.01647115962608523,0.25079917250818784,20
lsac,no_drift,xgb,ks_statistic,AOD_star,0.06142857142857142,0.23694031857912196,0.0037417616795327596,0.22149293614416418,20
lsac,no_drift,xgb,ks_statistic,BalAcc,-0.052030075187969926,0.26172041334977597,-0.046070665587026216,0.229259858421513,20
lsac,no_drift,xgb,kl_divergence,DI_star,-0.09225563909774434,0.2806444837297728,-0.09539487810507777,0.28525704792136986,20
lsac,no_drift,xgb,kl_divergence,AOD_star,-0.08451127819548869,0.27990355542435297,-0.08517947027545132,0.27779177115153736,20
lsac,no_drift,xgb,kl_divergence,BalAcc,-0.03661654135338345,0.21278927429691727,-0.04505043255345971,0.19756660225325262,20
lsac,no_drift,xgb,per_subgroup_ewma[min_neg],DI_star,0.026390977443609027,0.2558744935682652,0.02308808792437196,0.2264267787571909,20
lsac,no_drift,xgb,per_subgroup_ewma[min_neg],AOD_star,-0.00759398496240601,0.16764555280540863,-0.02398587643379274,0.1397933251832164,20
lsac,no_drift,xgb,per_subgroup_ewma[min_neg],BalAcc,-0.06248120300751879,0.2130681541875861,-0.055967926984767234,0.21113418449723165,20
lsac,no_drift,xgb,per_subgroup_baseline_relative[min_neg],DI_star,-0.04827067669172933,0.2030954418345702,-0.05767178473633221,0.20388265347563772,20
lsac,no_drift,xgb,per_subgroup_baseline_relative[min_neg],AOD_star,-0.07406015037593984,0.15541255169544638,-0.08116391311365187,0.16180722184237303,20
lsac,no_drift,xgb,per_subgroup_baseline_relative[min_neg],BalAcc,0.013759398496240605,0.2695373997411761,-0.020461451552253637,0.28096209921834825,20
lsac,no_drift,xgb,per_subgroup_ewma[min_pos],DI_star,0.027593984962406014,0.2555485354846596,0.039916531673738376,0.2673233501319955,20
lsac,no_drift,xgb,per_subgroup_ewma[min_pos],AOD_star,0.019398496240601505,0.26299238619160403,0.025509109941025343,0.24882436633359978,20
lsac,no_drift,xgb,per_subgroup_ewma[min_pos],BalAcc,-0.06406015037593984,0.20527852541003005,-0.027806329892526932,0.20816736037975583,20
lsac,no_drift,xgb,per_subgroup_baseline_relative[min_pos],DI_star,-0.012631578947368416,0.1933815877082989,-0.004185035070606705,0.21929951250797294,20
lsac,no_drift,xgb,per_subgroup_baseline_relative[min_pos],AOD_star,-0.014812030075187966,0.24646211697372775,-0.019462674783688322,0.24090616598803913,20
lsac,no_drift,xgb,per_subgroup_baseline_relative[min_pos],BalAcc,-0.044887218045112774,0.18099309277577416,-0.057944107450153395,0.167930195691857,20
lsac,no_drift,xgb,per_subgroup_ewma[maj_neg],DI_star,-0.053233082706766924,0.23640293451555605,-0.04823913085384035,0.23532485561934646,20
lsac,no_drift,xgb,per_subgroup_ewma[maj_neg],AOD_star,-0.051127819548872175,0.21106215374508264,-0.02928185033066742,0.2169569941992679,20
lsac,no_drift,xgb,per_subgroup_ewma[maj_neg],BalAcc,-0.02210526315789474,0.17823012892582646,-0.006395713676972922,0.19051623262596404,20
lsac,no_drift,xgb,per_subgroup_baseline_relative[maj_neg],DI_star,-0.0743609022556391,0.3109854694940233,-0.07773782728911083,0.28860874494730204,20
lsac,no_drift,xgb,per_subgroup_baseline_relative[maj_neg],AOD_star,-0.026240601503759398,0.2293395655521769,-0.020642408348522632,0.21467222212346826,20
lsac,no_drift,xgb,per_subgroup_baseline_relative[maj_neg],BalAcc,-0.0015037593984962433,0.2511561822711933,0.025302290924670727,0.2589970017501159,20
lsac,no_drift,xgb,per_subgroup_ewma[maj_pos],DI_star,0.003458646616541353,0.2640856257086306,0.03368971350648246,0.2412030451606838,20
lsac,no_drift,xgb,per_subgroup_ewma[maj_pos],AOD_star,-0.007669172932330831,0.2301650519867986,0.02350664328480561,0.22675934741839662,20
lsac,no_drift,xgb,per_subgroup_ewma[maj_pos],BalAcc,-0.006691729323308274,0.16664034126047084,0.022902617405823313,0.14815491936337602,20
lsac,no_drift,xgb,per_subgroup_baseline_relative[maj_pos],DI_star,0.00030075187969924035,0.19151696923599823,0.0005552641674238621,0.1753989532502525,20
lsac,no_drift,xgb,per_subgroup_baseline_relative[maj_pos],AOD_star,0.016616541353383456,0.20089430615491138,0.023629036800619754,0.1997347782102227,20
lsac,no_drift,xgb,per_subgroup_baseline_relative[maj_pos],BalAcc,0.011503759398496237,0.2573385681815923,0.0016995016670577011,0.22507400403891695,20
lsac,gradual_group_mag0.5,lr,global_mean,DI_star,0.1261974831759795,0.2516095095740372,0.12503794624165682,0.30654950157992833,20
lsac,gradual_group_mag0.5,lr,global_mean,AOD_star,0.16060150375939847,0.24305962368511674,0.16440325032272854,0.2875981547652164,20
lsac,gradual_group_mag0.5,lr,global_mean,BalAcc,0.07661654135338344,0.22750715572839944,0.06134592247927957,0.21115475611825865,20
lsac,gradual_group_mag0.5,lr,global_ewma,DI_star,0.31824727609445547,0.43237113901785224,0.29332181031311727,0.43153478367905973,20
lsac,gradual_group_mag0.5,lr,global_ewma,AOD_star,0.3420300751879699,0.42992070283929346,0.29160612002704084,0.4267983364452051,20
lsac,gradual_group_mag0.5,lr,global_ewma,BalAcc,-0.020977443609022553,0.22449243005151076,-0.009258058353578744,0.22638375929709126,20
lsac,gradual_group_mag0.5,lr,global_std,DI_star,0.10770316901941021,0.2858518733624052,0.08457555934673433,0.3129214044540586,20
lsac,gradual_group_mag0.5,lr,global_std,AOD_star,0.11541353383458648,0.28801207999426726,0.10835676271139738,0.30487745430265506,20
lsac,gradual_group_mag0.5,lr,global_std,BalAcc,0.03421052631578947,0.25027448327117197,0.03226330967269318,0.2149042539116341,20
lsac,gradual_group_mag0.5,lr,subgroup_violation_diff,DI_star,-0.1808786284012433,0.2699361866527282,-0.16227113900651846,0.30050578776205894,20
lsac,gradual_group_mag0.5,lr,subgroup_violation_diff,AOD_star,-0.2190225563909775,0.24043898411500267,-0.2030827021736103,0.26709085771549446,20
lsac,gradual_group_mag0.5,lr,subgroup_violation_diff,BalAcc,-0.034736842105263156,0.274556941152858,-0.015409835751169415,0.2938186064811437,20
lsac,gradual_group_mag0.5,lr,max_subgroup_deviation,DI_star,0.23682244423546273,0.3154643241955428,0.21878429450188303,0.34132366411105514,20
lsac,gradual_group_mag0.5,lr,max_subgroup_deviation,AOD_star,0.2433834586466165,0.3109057649973315,0.24069566243972207,0.33062717785881046,20
lsac,gradual_group_mag0.5,lr,max_subgroup_deviation,BalAcc,-0.01729323308270677,0.2788087124739711,-0.020046576807594207,0.2835737220340337,20
lsac,gradual_group_mag0.5,lr,assignment_proportion_drift,DI_star,0.20863021204979715,0.22907795286779858,0.1952392072498479,0.2177148037317831,20
lsac,gradual_group_mag0.5,lr,assignment_proportion_drift,AOD_star,0.20587555026404497,0.23949687645923556,0.16868971949577038,0.22762927569022798,20
lsac,gradual_group_mag0.5,lr,assignment_proportion_drift,BalAcc,-0.01150794514983813,0.19421638756248394,-0.021783345655244295,0.18374960911616553,20
lsac,gradual_group_mag0.5,lr,ks_statistic,DI_star,0.1165392002979436,0.2321700608173747,0.1513753368577571,0.18673369882671464,20
lsac,gradual_group_mag0.5,lr,ks_statistic,AOD_star,0.08578947368421053,0.24581819937619165,0.10314884358130003,0.2183502620482383,20
lsac,gradual_group_mag0.5,lr,ks_statistic,BalAcc,-0.021578947368421048,0.24907552513191875,-0.024522175504160814,0.2417062903000364,20
lsac,gradual_group_mag0.5,lr,kl_divergence,DI_star,0.3268034064266983,0.22329233297010745,0.33798728846919823,0.18665953428653287,20
lsac,gradual_group_mag0.5,lr,kl_divergence,AOD_star,0.3017293233082706,0.209193566113638,0.30312711455774144,0.20077330239731597,20
lsac,gradual_group_mag0.5,lr,kl_divergence,BalAcc,-0.01646616541353384,0.21387057795938805,-0.011616186517402729,0.22684654767037737,20
lsac,gradual_group_mag0.5,lr,per_subgroup_ewma[min_neg],DI_star,0.33327773090113116,0.3703774790885378,0.3300300547386264,0.36029688894950634,20
lsac,gradual_group_mag0.5,lr,per_subgroup_ewma[min_neg],AOD_star,0.3490977443609022,0.36920869465237166,0.33822357741699705,0.34373599085059264,20
lsac,gradual_group_mag0.5,lr,per_subgroup_ewma[min_neg],BalAcc,-0.02736842105263156,0.23942975954854984,0.006308719291675598,0.25831580370580687,20
lsac,gradual_group_mag0.5,lr,per_subgroup_baseline_relative[min_neg],DI_star,0.06157180819013437,0.22750361450235743,0.07161117566436098,0.24236421213345108,20
lsac,gradual_group_mag0.5,lr,per_subgroup_baseline_relative[min_neg],AOD_star,0.09315789473684208,0.23787195835930272,0.11011112489101849,0.23932705819749003,20
lsac,gradual_group_mag0.5,lr,per_subgroup_baseline_relative[min_neg],BalAcc,0.08293233082706766,0.24688792834096854,0.10218535039052881,0.2396652705373883,20
lsac,gradual_group_mag0.5,lr,per_subgroup_ewma[min_pos],DI_star,0.31726371318975854,0.319157229652161,0.283845459147077,0.3383930933360595,20
lsac,gradual_group_mag0.5,lr,per_subgroup_ewma[min_pos],AOD_star,0.32887218045112776,0.3202834899510338,0.2783913899209215,0.336888314837169,20
lsac,gradual_group_mag0.5,lr,per_subgroup_ewma[min_pos],BalAcc,-0.0027819548872180383,0.27757674536518334,-0.0012495003040020256,0.2465854511404585,20
lsac,gradual_group_mag0.5,lr,per_subgroup_baseline_relative[min_pos],DI_star,0.04287799379055155,0.2179277150320485,0.050149243212195035,0.22022450851109926,20
lsac,gradual_group_mag0.5,lr,per_subgroup_baseline_relative[min_pos],AOD_star,0.06398496240601503,0.24600394987606836,0.06638578345334137,0.25345236725229253,20
lsac,gradual_group_mag0.5,lr,per_subgroup_baseline_relative[min_pos],BalAcc,0.008796992481203008,0.25357248476791683,-0.01258091740484813,0.2508059189576106,20
lsac,gradual_group_mag0.5,lr,per_subgroup_ewma[maj_neg],DI_star,0.07101857887438863,0.384675502830891,0.0870713874791666,0.4094648061531798,20
lsac,gradual_group_mag0.5,lr,per_subgroup_ewma[maj_neg],AOD_star,0.11022556390977442,0.35341100516536533,0.1014837209672494,0.3755095743744326,20
lsac,gradual_group_mag0.5,lr,per_subgroup_ewma[maj_neg],BalAcc,-0.037368421052631565,0.24536970482499304,-0.03726791472842626,0.24463151483113124,20
lsac,gradual_group_mag0.5,lr,per_subgroup_baseline_relative[maj_neg],DI_star,-0.0529094401284342,0.1861905911084425,-0.05256401511872616,0.16566799062554133,20
lsac,gradual_group_mag0.5,lr,per_subgroup_baseline_relative[maj_neg],AOD_star,0.008571428571428568,0.14649511069375926,0.009515904861591647,0.145756935222504,20
lsac,gradual_group_mag0.5,lr,per_subgroup_baseline_relative[maj_neg],BalAcc,0.07526315789473684,0.2424237735803715,0.05324594832413092,0.26358190509972074,20
lsac,gradual_group_mag0.5,lr,per_subgroup_ewma[maj_pos],DI_star,0.3155469684337073,0.44153319408975544,0.3111961312003527,0.4579443618119986,20
lsac,gradual_group_mag0.5,lr,per_subgroup_ewma[maj_pos],AOD_star,0.3225563909774436,0.4561441653425018,0.30693802297577005,0.4535392370113322,20
lsac,gradual_group_mag0.5,lr,per_subgroup_ewma[maj_pos],BalAcc,0.015187969924812033,0.23680839955889466,0.007102675794154627,0.24194033886109398,20
lsac,gradual_group_mag0.5,lr,per_subgroup_baseline_relative[maj_pos],DI_star,0.23938427458683903,0.30262229606480845,0.22272031921452853,0.323127239986647,20
lsac,gradual_group_mag0.5,lr,per_subgroup_baseline_relative[maj_pos],AOD_star,0.2612781954887218,0.29194042242151774,0.26103761057277747,0.29718734627275556,20
lsac,gradual_group_mag0.5,lr,per_subgroup_baseline_relative[maj_pos],BalAcc,0.0006015037593985039,0.2637494532636918,0.014960393239441913,0.2674616149706737,20
lsac,gradual_group_mag0.5,xgb,global_mean,DI_star,0.23969924812030072,0.3660708837236672,0.34162919259863317,0.42737242191769065,20
lsac,gradual_group_mag0.5,xgb,global_mean,AOD_star,0.22714285714285715,0.3260095146301319,0.37854167801658195,0.3927123267108858,20
lsac,gradual_group_mag0.5,xgb,global_mean,BalAcc,-0.27395476419116005,0.3163795511136403,-0.27802456274187104,0.3421690854530599,20
lsac,gradual_group_mag0.5,xgb,global_ewma,DI_star,0.4004511278195489,0.5250128017197158,0.46567908707060146,0.5753585149244912,20
lsac,gradual_group_mag0.5,xgb,global_ewma,AOD_star,0.2880451127819549,0.430557979974253,0.4139745238660784,0.5323283410772055,20
lsac,gradual_group_mag0.5,xgb,global_ewma,BalAcc,-0.22331387053321666,0.3022878781670828,-0.25694380683144574,0.3496413221493121,20
lsac,gradual_group_mag0.5,xgb,global_std,DI_star,0.2335338345864661,0.358968850055377,0.2907680688810893,0.36694900318429585,20
lsac,gradual_group_mag0.5,xgb,global_std,AOD_star,0.19187969924812026,0.25896308668335566,0.2864305649526851,0.3139091872269193,20
lsac,gradual_group_mag0.5,xgb,global_std,BalAcc,-0.242939486199294,0.257250640152907,-0.2648079910929835,0.26642428627595177,20
lsac,gradual_group_mag0.5,xgb,subgroup_violation_diff,DI_star,-0.16849624060150376,0.3434135028862592,-0.2407426927460114,0.39038813161791575,20
lsac,gradual_group_mag0.5,xgb,subgroup_violation_diff,AOD_star,-0.22586466165413532,0.35002195807492337,-0.28189496049602214,0.38656558363002,20
lsac,gradual_group_mag0.5,xgb,subgroup_violation_diff,BalAcc,0.1426411948626133,0.2899225639528515,0.149144368016485,0.31447256227505627,20
lsac,gradual_group_mag0.5,xgb,max_subgroup_deviation,DI_star,0.28518796992481205,0.3209165864844123,0.35550986956368774,0.37053951469398333,20
lsac,gradual_group_mag0.5,xgb,max_subgroup_deviation,AOD_star,0.2840601503759398,0.33017772911827115,0.3646210663374594,0.3726164304339784,20
lsac,gradual_group_mag0.5,xgb,max_subgroup_deviation,BalAcc,-0.21245159871684066,0.252833959886211,-0.22621495587951718,0.2879038812047712,20
lsac,gradual_group_mag0.5,xgb,assignment_proportion_drift,DI_star,0.21574228499691048,0.18872952930795459,0.26991239126043876,0.2166757289780259,20
lsac,gradual_group_mag0.5,xgb,assignment_proportion_drift,AOD_star,0.24177901496440377,0.259630113741522,0.2926342746193049,0.2549960285380857,20
lsac,gradual_group_mag0.5,xgb,assignment_proportion_drift,BalAcc,-0.20971274575560273,0.15657217361452574,-0.2149604260760561,0.16023812021786088,20
lsac,gradual_group_mag0.5,xgb,ks_statistic,DI_star,0.1401503759398496,0.23501628254490042,0.16749790223065864,0.22424777011677138,20
lsac,gradual_group_mag0.5,xgb,ks_statistic,AOD_star,0.08834586466165413,0.20795414452551259,0.1167366406460552,0.19343073776762656,20
lsac,gradual_group_mag0.5,xgb,ks_statistic,BalAcc,-0.14342208492836256,0.1812344592630339,-0.13425251831023008,0.19906490385983974,20
lsac,gradual_group_mag0.5,xgb,kl_divergence,DI_star,0.317593984962406,0.2233138907168547,0.35085435426366696,0.16864521405083205,20
lsac,gradual_group_mag0.5,xgb,kl_divergence,AOD_star,0.18436090225563911,0.23892432354556564,0.2120346349247809,0.19224868293095526,20
lsac,gradual_group_mag0.5,xgb,kl_divergence,BalAcc,-0.19176500825123594,0.20294280271247575,-0.19597281539139105,0.19326730708019912,20
lsac,gradual_group_mag0.5,xgb,per_subgroup_ewma[min_neg],DI_star,0.4838345864661653,0.435886100787774,0.5334500197808738,0.46953112288175297,20
lsac,gradual_group_mag0.5,xgb,per_subgroup_ewma[min_neg],AOD_star,0.34233082706766915,0.34138957610124276,0.45972074718398337,0.40421747687330384,20
lsac,gradual_group_mag0.5,xgb,per_subgroup_ewma[min_neg],BalAcc,-0.26395422683119046,0.28820677040432374,-0.29400582368983563,0.3105533985107299,20
lsac,gradual_group_mag0.5,xgb,per_subgroup_baseline_relative[min_neg],DI_star,0.2482706766917293,0.2952075035957037,0.2794512558584007,0.32256932038959374,20
lsac,gradual_group_mag0.5,xgb,per_subgroup_baseline_relative[min_neg],AOD_star,0.16917293233082706,0.2716117932826408,0.25327220885396706,0.2852244693790893,20
lsac,gradual_group_mag0.5,xgb,per_subgroup_baseline_relative[min_neg],BalAcc,-0.19620409637978792,0.3057967989721264,-0.2106518026568855,0.3229047009438717,20
lsac,gradual_group_mag0.5,xgb,per_subgroup_ewma[min_pos],DI_star,0.42142857142857126,0.37225255624153425,0.4994643536333846,0.4471322393483235,20
lsac,gradual_group_mag0.5,xgb,per_subgroup_ewma[min_pos],AOD_star,0.31714285714285706,0.3892840424298717,0.44095902566188716,0.482427955086655,20
lsac,gradual_group_mag0.5,xgb,per_subgroup_ewma[min_pos],BalAcc,-0.29586963930437976,0.2595875973579772,-0.3247341742119602,0.26255859571484064,20
lsac,gradual_group_mag0.5,xgb,per_subgroup_baseline_relative[min_pos],DI_star,0.17233082706766917,0.20524602644089807,0.22624846266253948,0.27372623665692486,20
lsac,gradual_group_mag0.5,xgb,per_subgroup_baseline_relative[min_pos],AOD_star,0.1480451127819549,0.2569878066597306,0.23888666590108104,0.3131950888133474,20
lsac,gradual_group_mag0.5,xgb,per_subgroup_baseline_relative[min_pos],BalAcc,-0.26335017768246255,0.25742769804985466,-0.2500095884321342,0.24764136183080285,20
lsac,gradual_group_mag0.5,xgb,per_subgroup_ewma[maj_neg],DI_star,0.06375939849624059,0.4344642750404142,0.15087526842061644,0.5549608069318994,20
lsac,gradual_group_mag0.5,xgb,per_subgroup_ewma[maj_neg],AOD_star,0.20097744360902253,0.4227942698635244,0.2490059132649604,0.527865496046426,20
lsac,gradual_group_mag0.5,xgb,per_subgroup_ewma[maj_neg],BalAcc,-0.1491431866296307,0.33178771593469686,-0.14060648205149034,0.34163714429337666,20
lsac,gradual_group_mag0.5,xgb,per_subgroup_baseline_relative[maj_neg],DI_star,0.01684210526315789,0.26676522195594243,0.08896191082045396,0.30990787975676276,20
lsac,gradual_group_mag0.5,xgb,per_subgroup_baseline_relative[maj_neg],AOD_star,0.1545112781954887,0.29974827851201097,0.19923117601046708,0.31644638681054954,20
lsac,gradual_group_mag0.5,xgb,per_subgroup_baseline_relative[maj_neg],BalAcc,-0.10865753343336668,0.3119202415044584,-0.10395709267708035,0.3056367388165794,20
lsac,gradual_group_mag0.5,xgb,per_subgroup_ewma[maj_pos],DI_star,0.3169172932330827,0.591344636160324,0.34406871447468224,0.6379164916276605,20
lsac,gradual_group_mag0.5,xgb,per_subgroup_ewma[maj_pos],AOD_star,0.2281954887218045,0.43337940833888666,0.2774838737863645,0.5509046037938696,20
lsac,gradual_group_mag0.5,xgb,per_subgroup_ewma[maj_pos],BalAcc,-0.13959083575042924,0.3295731206957507,-0.16535155682797714,0.3519676900747607,20
lsac,gradual_group_mag0.5,xgb,per_subgroup_baseline_relative[maj_pos],DI_star,0.2457894736842105,0.36348837684547514,0.32733204954769174,0.407532235180987,20
lsac,gradual_group_mag0.5,xgb,per_subgroup_baseline_relative[maj_pos],AOD_star,0.26443609022556386,0.3329121833054549,0.3327068934116908,0.39920036483112303,20
lsac,gradual_group_mag0.5,xgb,per_subgroup_baseline_relative[maj_pos],BalAcc,-0.19448085372380453,0.23513138643856776,-0.21458616638724753,0.2683913419164087,20
lsac,gradual_group_mag1.0,lr,global_mean,DI_star,0.27605112310297414,0.2543253914170913,0.2955935303825624,0.2778097102761242,20
lsac,gradual_group_mag1.0,lr,global_mean,AOD_star,0.28015037593984965,0.24762589155762768,0.31948391577926777,0.2638727367293005,20
lsac,gradual_group_mag1.0,lr,global_mean,BalAcc,0.030827067669172932,0.23573580983618153,0.029911144499986785,0.22345720863913168,20
lsac,gradual_group_mag1.0,lr,global_ewma,DI_star,0.5164298374884491,0.46682105964835496,0.4912899885648037,0.46207071041272085,20
lsac,gradual_group_mag1.0,lr,global_ewma,AOD_star,0.5249624060150375,0.46215590766474945,0.49543248584517785,0.46267429351459066,20
lsac,gradual_group_mag1.0,lr,global_ewma,BalAcc,-0.06842105263157895,0.24630298239860518,-0.04902206070006664,0.24200079225535642,20
lsac,gradual_group_mag1.0,lr,global_std,DI_star,0.2416601501515662,0.3022965136705078,0.22922683490772813,0.3110114575689772,20
lsac,gradual_group_mag1.0,lr,global_std,AOD_star,0.2261654135338346,0.30808261272459764,0.23943110889576041,0.30223715152831077,20
lsac,gradual_group_mag1.0,lr,global_std,BalAcc,0.03255639097744361,0.256520054382964,0.017635274036129134,0.22251943060866433,20
lsac,gradual_group_mag1.0,lr,subgroup_violation_diff,DI_star,-0.08460586857151568,0.23074522131368447,-0.06283810508650835,0.24411634752862912,20
lsac,gradual_group_mag1.0,lr,subgroup_violation_diff,AOD_star,-0.12406015037593984,0.21191299492387,-0.09892407196648823,0.2323416164175126,20
lsac,gradual_group_mag1.0,lr,subgroup_violation_diff,BalAcc,-0.03676691729323309,0.2698904516635339,-0.014246860600951405,0.2883104212875119,20
lsac,gradual_group_mag1.0,lr,max_subgroup_deviation,DI_star,0.28720205960730905,0.23599076332532964,0.2738625338114504,0.25712743735645877,20
lsac,gradual_group_mag1.0,lr,max_subgroup_deviation,AOD_star,0.29097744360902256,0.238250971361588,0.2915100804553425,0.2480138604999081,20
lsac,gradual_group_mag1.0,lr,max_subgroup_deviation,BalAcc,-0.04518796992481203,0.26300166146424375,-0.04970735401030799,0.2793481210544033,20
lsac,gradual_group_mag1.0,lr,assignment_proportion_drift,DI_star,0.20362098501480713,0.20820648364593788,0.1816596063145842,0.225372592148387,20
lsac,gradual_group_mag1.0,lr,assignment_proportion_drift,AOD_star,0.2048799566163272,0.21593216764637682,0.1734335042645538,0.22319061366868573,20
lsac,gradual_group_mag1.0,lr,assignment_proportion_drift,BalAcc,-0.03037396010236776,0.1817108037435723,-0.03580803123204022,0.18266261852304172,20
lsac,gradual_group_mag1.0,lr,ks_statistic,DI_star,0.4210081644209822,0.15875350420306886,0.4474648540959416,0.14155701058318132,20
lsac,gradual_group_mag1.0,lr,ks_statistic,AOD_star,0.3911278195488721,0.1596394122076782,0.4048482217419685,0.15348538391697497,20
lsac,gradual_group_mag1.0,lr,ks_statistic,BalAcc,-0.06142857142857141,0.24541163339600297,-0.09379418059815801,0.23782325901556836,20
lsac,gradual_group_mag1.0,lr,kl_divergence,DI_star,0.7311198913729329,0.07686388995814603,0.6884904774202093,0.0820076890742093,20
lsac,gradual_group_mag1.0,lr,kl_divergence,AOD_star,0.698345864661654,0.11218932013560937,0.6734169259454638,0.08624503241115489,20
lsac,gradual_group_mag1.0,lr,kl_divergence,BalAcc,-0.10218045112781952,0.18230282708810855,-0.11886009755253506,0.20744285972012103,20
lsac,gradual_group_mag1.0,lr,per_subgroup_ewma[min_neg],DI_star,0.5354385147341899,0.31704420987794796,0.5369532909341064,0.293766948019125,20
lsac,gradual_group_mag1.0,lr,per_subgroup_ewma[min_neg],AOD_star,0.5363157894736842,0.32594111576273227,0.5445710909682698,0.28555156061714315,20
lsac,gradual_group_mag1.0,lr,per_subgroup_ewma[min_neg],BalAcc,-0.07067669172932328,0.24621138551353122,-0.047012057369091156,0.2681076296767359,20
lsac,gradual_group_mag1.0,lr,per_subgroup_baseline_relative[min_neg],DI_star,0.2042431737530014,0.20078422075656632,0.19926882041019994,0.19842441005371936,20
lsac,gradual_group_mag1.0,lr,per_subgroup_baseline_relative[min_neg],AOD_star,0.20842105263157892,0.22217779218031608,0.21703101357674956,0.19535639979925531,20
lsac,gradual_group_mag1.0,lr,per_subgroup_baseline_relative[min_neg],BalAcc,0.07225563909774436,0.244359502598652,0.07079088016142317,0.2544607853569441,20
lsac,gradual_group_mag1.0,lr,per_subgroup_ewma[min_pos],DI_star,0.5384939920632467,0.36481259184702225,0.5108649820336737,0.3702125778771731,20
lsac,gradual_group_mag1.0,lr,per_subgroup_ewma[min_pos],AOD_star,0.5380451127819549,0.37695040118327267,0.5103373860631732,0.3836157620349652,20
lsac,gradual_group_mag1.0,lr,per_subgroup_ewma[min_pos],BalAcc,-0.08473684210526315,0.24941982540984833,-0.05810353401412961,0.23079680175202916,20
lsac,gradual_group_mag1.0,lr,per_subgroup_baseline_relative[min_pos],DI_star,0.2601606182178088,0.27548125509901505,0.25588171540193894,0.2721088975561547,20
lsac,gradual_group_mag1.0,lr,per_subgroup_baseline_relative[min_pos],AOD_star,0.2578947368421053,0.2823888389885907,0.26169918416944793,0.29219913913159706,20
lsac,gradual_group_mag1.0,lr,per_subgroup_baseline_relative[min_pos],BalAcc,-0.03338345864661653,0.22129013888911317,-0.047444507207345846,0.23452969013284122,20
lsac,gradual_group_mag1.0,lr,per_subgroup_ewma[maj_neg],DI_star,0.18199858859530754,0.5029308120598265,0.16287938639197133,0.5140728967280409,20
lsac,gradual_group_mag1.0,lr,per_subgroup_ewma[maj_neg],AOD_star,0.1924812030075188,0.47912733720536604,0.1818456475582982,0.4958349909506614,20
lsac,gradual_group_mag1.0,lr,per_subgroup_ewma[maj_neg],BalAcc,-0.020300751879699246,0.2442030722222509,-0.0165646735563874,0.2603118384860947,20
lsac,gradual_group_mag1.0,lr,per_subgroup_baseline_relative[maj_neg],DI_star,0.07024961877967287,0.25453158258076153,0.050430479526878666,0.24698165345924986,20
lsac,gradual_group_mag1.0,lr,per_subgroup_baseline_relative[maj_neg],AOD_star,0.10413533834586464,0.2460808757059503,0.09297051328589857,0.23712198016732022,20
lsac,gradual_group_mag1.0,lr,per_subgroup_baseline_relative[maj_neg],BalAcc,0.10022556390977444,0.2561936819445884,0.09241886873982648,0.27522674078018744,20
lsac,gradual_group_mag1.0,lr,per_subgroup_ewma[maj_pos],DI_star,0.36430675821664027,0.5473677773217118,0.37817256938009236,0.5433719925513947,20
lsac,gradual_group_mag1.0,lr,per_subgroup_ewma[maj_pos],AOD_star,0.3652631578947369,0.5331309351758672,0.3837508445799942,0.531623933666669,20
lsac,gradual_group_mag1.0,lr,per_subgroup_ewma[maj_pos],BalAcc,-0.051353383458646616,0.27516671720389757,-0.044051498222835564,0.2630579134040907,20
lsac,gradual_group_mag1.0,lr,per_subgroup_baseline_relative[maj_pos],DI_star,0.1833357734688538,0.2558287950563533,0.1825644668301957,0.2777087653154852,20
lsac,gradual_group_mag1.0,lr,per_subgroup_baseline_relative[maj_pos],AOD_star,0.20992481203007513,0.2400649091564355,0.21440598949177528,0.25973403615857,20
lsac,gradual_group_mag1.0,lr,per_subgroup_baseline_relative[maj_pos],BalAcc,-0.026015037593984956,0.24138785971642143,-0.010530004701769126,0.25788563048060537,20
lsac,gradual_group_mag1.0,xgb,global_mean,DI_star,0.2628571428571428,0.24316379996642273,0.41721362962008346,0.3635552196783774,20
lsac,gradual_group_mag1.0,xgb,global_mean,AOD_star,0.19458646616541347,0.21333645436501922,0.30904257124565343,0.276069861190936,20
lsac,gradual_group_mag1.0,xgb,global_mean,BalAcc,-0.3080709772208868,0.3265118672401231,-0.3086964808404656,0.3455330000509774,20
lsac,gradual_group_mag1.0,xgb,global_ewma,DI_star,0.487142857142857,0.47524899079983424,0.5467262195788811,0.56579221752714,20
lsac,gradual_group_mag1.0,xgb,global_ewma,AOD_star,0.06030075187969923,0.3099987872884356,0.2138945916583174,0.3740887849485693,20
lsac,gradual_group_mag1.0,xgb,global_ewma,BalAcc,-0.27758624544470084,0.3426100735405688,-0.3059403106833541,0.382904911103087,20
lsac,gradual_group_mag1.0,xgb,global_std,DI_star,0.2426315789473684,0.26791374945986074,0.3416034562759251,0.31218042375045324,20
lsac,gradual_group_mag1.0,xgb,global_std,AOD_star,0.1812781954887218,0.16544256409646055,0.2442736545067791,0.21044626345752412,20
lsac,gradual_group_mag1.0,xgb,global_std,BalAcc,-0.2740832981998417,0.27341585151392805,-0.277476823580424,0.2818908985088652,20
lsac,gradual_group_mag1.0,xgb,subgroup_violation_diff,DI_star,-0.1418796992481203,0.25362910606621675,-0.2071793718595678,0.32962234275399105,20
lsac,gradual_group_mag1.0,xgb,subgroup_violation_diff,AOD_star,-0.2606766917293232,0.2652485269523099,-0.2683158594006685,0.291569638270877,20
lsac,gradual_group_mag1.0,xgb,subgroup_violation_diff,BalAcc,0.1473034769852159,0.26452525486945355,0.14589213358403166,0.28872042273332943,20
lsac,gradual_group_mag1.0,xgb,max_subgroup_deviation,DI_star,0.2805263157894737,0.24001360270117758,0.38298487492241606,0.3088047053157757,20
lsac,gradual_group_mag1.0,xgb,max_subgroup_deviation,AOD_star,0.2808270676691729,0.2646650183484062,0.30731477638743965,0.2891556375388691,20
lsac,gradual_group_mag1.0,xgb,max_subgroup_deviation,BalAcc,-0.2534024749518269,0.2943506346294916,-0.25556341589595777,0.3176746577153109,20
lsac,gradual_group_mag1.0,xgb,assignment_proportion_drift,DI_star,0.24256293121524486,0.21770882309522543,0.30040557398307255,0.22193193166388325,20
lsac,gradual_group_mag1.0,xgb,assignment_proportion_drift,AOD_star,0.23225307249816662,0.25603974630325627,0.2517741343500259,0.2636824981887949,20
lsac,gradual_group_mag1.0,xgb,assignment_proportion_drift,BalAcc,-0.21437008044712474,0.16573102967292336,-0.20756634928647796,0.18172478354562283,20
lsac,gradual_group_mag1.0,xgb,ks_statistic,DI_star,0.34263157894736834,0.16943723714267886,0.33564562330726744,0.15323595360488498,20
lsac,gradual_group_mag1.0,xgb,ks_statistic,AOD_star,-0.04571428571428571,0.15972685713514426,-0.03308551977695408,0.18510834235622878,20
lsac,gradual_group_mag1.0,xgb,ks_statistic,BalAcc,-0.23816788395669217,0.16988064843650355,-0.247265257256033,0.157679192867716,20
lsac,gradual_group_mag1.0,xgb,kl_divergence,DI_star,0.5880451127819548,0.1736366663436045,0.41009481426260885,0.11410335481262791,20
lsac,gradual_group_mag1.0,xgb,kl_divergence,AOD_star,-0.07150375939849622,0.1945346731224675,-0.17590568041565957,0.17914528632621388,20
lsac,gradual_group_mag1.0,xgb,kl_divergence,BalAcc,-0.34811137271509895,0.15765380331144216,-0.2695760896463243,0.14819191053345407,20
lsac,gradual_group_mag1.0,xgb,per_subgroup_ewma[min_neg],DI_star,0.5485714285714284,0.35845807689077896,0.6135816062295101,0.4118486957201255,20
lsac,gradual_group_mag1.0,xgb,per_subgroup_ewma[min_neg],AOD_star,0.12315789473684206,0.2895382800693718,0.23580739489976196,0.31859377820942364,20
lsac,gradual_group_mag1.0,xgb,per_subgroup_ewma[min_neg],BalAcc,-0.31104438269592405,0.2916041257962733,-0.34258715124880695,0.31464392617312964,20
lsac,gradual_group_mag1.0,xgb,per_subgroup_baseline_relative[min_neg],DI_star,0.28240601503759394,0.26804805490376177,0.31878161105373687,0.2856990554742233,20
lsac,gradual_group_mag1.0,xgb,per_subgroup_baseline_relative[min_neg],AOD_star,0.13458646616541353,0.19975138598307524,0.18774556341892606,0.2054923390977373,20
lsac,gradual_group_mag1.0,xgb,per_subgroup_baseline_relative[min_neg],BalAcc,-0.22306710038485428,0.32023944662907305,-0.23023680865635035,0.32698927326399824,20
lsac,gradual_group_mag1.0,xgb,per_subgroup_ewma[min_pos],DI_star,0.49037593984962397,0.38665303694179476,0.5340064096312626,0.45821526505589694,20
lsac,gradual_group_mag1.0,xgb,per_subgroup_ewma[min_pos],AOD_star,0.023909774436090207,0.26483115727227835,0.12758241070860496,0.3607649716163578,20
lsac,gradual_group_mag1.0,xgb,per_subgroup_ewma[min_pos],BalAcc,-0.3672081549415113,0.24765290945694418,-0.36919510821518065,0.26050695409875974,20
lsac,gradual_group_mag1.0,xgb,per_subgroup_baseline_relative[min_pos],DI_star,0.21165413533834582,0.22846301099091282,0.2848598309822306,0.2857215303036083,20
lsac,gradual_group_mag1.0,xgb,per_subgroup_baseline_relative[min_pos],AOD_star,0.11390977443609021,0.21355706481709255,0.13344784542079735,0.24786303555433153,20
lsac,gradual_group_mag1.0,xgb,per_subgroup_baseline_relative[min_pos],BalAcc,-0.29087182106666243,0.2471823010060426,-0.2743676747761485,0.2433726830390059,20
lsac,gradual_group_mag1.0,xgb,per_subgroup_ewma[maj_neg],DI_star,0.18210526315789471,0.48256852774236875,0.23540875137207387,0.5940628060644615,20
lsac,gradual_group_mag1.0,xgb,per_subgroup_ewma[maj_neg],AOD_star,0.11240601503759398,0.3501806145026807,0.1871376607708244,0.38106364814819654,20
lsac,gradual_group_mag1.0,xgb,per_subgroup_ewma[maj_neg],BalAcc,-0.19069508547692257,0.40013116608257304,-0.17303921224104576,0.41370759426818476,20
lsac,gradual_group_mag1.0,xgb,per_subgroup_baseline_relative[maj_neg],DI_star,0.1269924812030075,0.2764961203792382,0.17312305328432379,0.3125603313885978,20
lsac,gradual_group_mag1.0,xgb,per_subgroup_baseline_relative[maj_neg],AOD_star,0.13586466165413533,0.18586081400986162,0.17364482516239751,0.22517653130787724,20
lsac,gradual_group_mag1.0,xgb,per_subgroup_baseline_relative[maj_neg],BalAcc,-0.1531657050050535,0.32908221863683945,-0.14858432529119087,0.3275504278512077,20
lsac,gradual_group_mag1.0,xgb,per_subgroup_ewma[maj_pos],DI_star,0.3621804511278195,0.5755383030601285,0.399577987636457,0.6554735133061982,20
lsac,gradual_group_mag1.0,xgb,per_subgroup_ewma[maj_pos],AOD_star,0.06488721804511276,0.25036861286666795,0.14051571661772813,0.36717492654167666,20
lsac,gradual_group_mag1.0,xgb,per_subgroup_ewma[maj_pos],BalAcc,-0.21578269630099517,0.36617214888493144,-0.23430865324506245,0.37857718616778463,20
lsac,gradual_group_mag1.0,xgb,per_subgroup_baseline_relative[maj_pos],DI_star,0.24481203007518793,0.2647601491364404,0.31686357967254153,0.3496282472471369,20
lsac,gradual_group_mag1.0,xgb,per_subgroup_baseline_relative[maj_pos],AOD_star,0.280375939849624,0.2808729014141929,0.2908853157442207,0.31307122919586705,20
lsac,gradual_group_mag1.0,xgb,per_subgroup_baseline_relative[maj_pos],BalAcc,-0.22144385238811543,0.22279546290240096,-0.21954973042771062,0.24853101135399183,20
lsac,gradual_group_mag2.0,lr,global_mean,DI_star,0.6733222986001076,0.09410565916550584,0.7000030171105015,0.07939279406250875,20
lsac,gradual_group_mag2.0,lr,global_mean,AOD_star,0.6233834586466165,0.13268704192158387,0.640798604167237,0.12168476180628934,20
lsac,gradual_group_mag2.0,lr,global_mean,BalAcc,-0.18745506327453926,0.20308101982007098,-0.2324321285638676,0.19148530293103677,20
lsac,gradual_group_mag2.0,lr,global_ewma,DI_star,0.8405426345632863,0.12426041247478978,0.8450621810142602,0.11210676669159197,20
lsac,gradual_group_mag2.0,lr,global_ewma,AOD_star,0.7833082706766916,0.16645665627491743,0.7691507634251337,0.18506929658940444,20
lsac,gradual_group_mag2.0,lr,global_ewma,BalAcc,-0.3090351136450031,0.17829180829255548,-0.3110820566974607,0.18866364119468998,20
lsac,gradual_group_mag2.0,lr,global_std,DI_star,0.688508995830255,0.09698971448526796,0.7101455389987714,0.09467891093131384,20
lsac,gradual_group_mag2.0,lr,global_std,AOD_star,0.6268421052631579,0.16129056860541563,0.6318088384393836,0.15517100846257892,20
lsac,gradual_group_mag2.0,lr,global_std,BalAcc,-0.23147876509071494,0.19092204689148612,-0.26832303804922997,0.18921757585172921,20
lsac,gradual_group_mag2.0,lr,subgroup_violation_diff,DI_star,-0.302716891910404,0.33742840027546545,-0.3061921363916924,0.34201510095225607,20
lsac,gradual_group_mag2.0,lr,subgroup_violation_diff,AOD_star,-0.2800751879699248,0.30402760250597866,-0.28873631454152154,0.30557504010782494,20
lsac,gradual_group_mag2.0,lr,subgroup_violation_diff,BalAcc,0.08433169391441232,0.2231238391991859,0.09748247271626856,0.27503852867690015,20
lsac,gradual_group_mag2.0,lr,max_subgroup_deviation,DI_star,0.5296387668442799,0.17661104520975696,0.5577053155574055,0.14904638229482578,20
lsac,gradual_group_mag2.0,lr,max_subgroup_deviation,AOD_star,0.47601503759398495,0.15941230965824102,0.4982250765403017,0.14686405526022364,20
lsac,gradual_group_mag2.0,lr,max_subgroup_deviation,BalAcc,-0.18997183809660867,0.23458963061387775,-0.2343822632096324,0.23943863827584155,20
lsac,gradual_group_mag2.0,lr,assignment_proportion_drift,DI_star,0.30125456521088334,0.22299357388505262,0.324655971711165,0.22765186203057922,20
lsac,gradual_group_mag2.0,lr,assignment_proportion_drift,AOD_star,0.27522982378918537,0.24375164390216006,0.31269768412513155,0.2275423144768071,20
lsac,gradual_group_mag2.0,lr,assignment_proportion_drift,BalAcc,-0.07833303248968108,0.2397877760655775,-0.1026031332278069,0.2240624352788407,20
lsac,gradual_group_mag2.0,lr,ks_statistic,DI_star,0.7619318160933127,0.08420502767743436,0.7541317906022393,0.07317099393176435,20
lsac,gradual_group_mag2.0,lr,ks_statistic,AOD_star,0.6959398496240601,0.07812113295308146,0.6890332759647163,0.0883417417245014,20
lsac,gradual_group_mag2.0,lr,ks_statistic,BalAcc,-0.3030567791497152,0.2005406315159814,-0.32620424966525474,0.19295172470853494,20
lsac,gradual_group_mag2.0,lr,kl_divergence,DI_star,0.885166793701025,0.03140830102659432,0.862818357367423,0.044172958501270725,20
lsac,gradual_group_mag2.0,lr,kl_divergence,AOD_star,0.8284962406015037,0.05129445423895147,0.7891824756105561,0.08682907050408993,20
lsac,gradual_group_mag2.0,lr,kl_divergence,BalAcc,-0.33426114420948794,0.17059827144592243,-0.3296531668828017,0.17721794646206984,20
lsac,gradual_group_mag2.0,lr,per_subgroup_ewma[min_neg],DI_star,0.810354933318459,0.11989546256828566,0.8286012976246168,0.09921213799652644,20
lsac,gradual_group_mag2.0,lr,per_subgroup_ewma[min_neg],AOD_star,0.7888721804511276,0.11519366286801531,0.7787849847472759,0.14025769855787557,20
lsac,gradual_group_mag2.0,lr,per_subgroup_ewma[min_neg],BalAcc,-0.26749323704262673,0.19602910503215754,-0.26456540352849395,0.20229367151750588,20
lsac,gradual_group_mag2.0,lr,per_subgroup_baseline_relative[min_neg],DI_star,0.47144110040049336,0.22963400250485316,0.5071088547077874,0.1988372517336003,20
lsac,gradual_group_mag2.0,lr,per_subgroup_baseline_relative[min_neg],AOD_star,0.4806766917293233,0.19207857030979258,0.4927818041878205,0.1621669194638618,20
lsac,gradual_group_mag2.0,lr,per_subgroup_baseline_relative[min_neg],BalAcc,-0.050307341609852355,0.2340551955456038,-0.08597466405049864,0.2673024455292451,20
lsac,gradual_group_mag2.0,lr,per_subgroup_ewma[min_pos],DI_star,0.7382084702073851,0.21763321557098547,0.7429531367248488,0.20306025892060378,20
lsac,gradual_group_mag2.0,lr,per_subgroup_ewma[min_pos],AOD_star,0.6713533834586466,0.24667864384037452,0.6609121942840057,0.2601887285728392,20
lsac,gradual_group_mag2.0,lr,per_subgroup_ewma[min_pos],BalAcc,-0.27636323977177263,0.1934332192800522,-0.2822269992869622,0.20433372575474656,20
lsac,gradual_group_mag2.0,lr,per_subgroup_baseline_relative[min_pos],DI_star,0.486437381303862,0.23294731558635223,0.5020512587538388,0.23528320256372792,20
lsac,gradual_group_mag2.0,lr,per_subgroup_baseline_relative[min_pos],AOD_star,0.43684210526315786,0.211208615091097,0.442683602312945,0.226165814076488,20
lsac,gradual_group_mag2.0,lr,per_subgroup_baseline_relative[min_pos],BalAcc,-0.18537634994012714,0.2214133293109194,-0.21213277109929138,0.21408991840299754,20
lsac,gradual_group_mag2.0,lr,per_subgroup_ewma[maj_neg],DI_star,0.6176343364524752,0.33633618085463235,0.6250017509851225,0.28882593499088993,20
lsac,gradual_group_mag2.0,lr,per_subgroup_ewma[maj_neg],AOD_star,0.5565413533834586,0.37459666816772813,0.5503736672363364,0.3172285705804096,20
lsac,gradual_group_mag2.0,lr,per_subgroup_ewma[maj_neg],BalAcc,-0.1969298222050047,0.23734853922662782,-0.22206468998950912,0.22483151928286824,20
lsac,gradual_group_mag2.0,lr,per_subgroup_baseline_relative[maj_neg],DI_star,0.47951788206669355,0.253981790068696,0.5043908447964676,0.23461826506666905,20
lsac,gradual_group_mag2.0,lr,per_subgroup_baseline_relative[maj_neg],AOD_star,0.4459398496240602,0.23250010865750248,0.45914110825685384,0.22511800217814926,20
lsac,gradual_group_mag2.0,lr,per_subgroup_baseline_relative[maj_neg],BalAcc,-0.08057314388128155,0.24292084400347833,-0.13367741621322562,0.22783510870029045,20
lsac,gradual_group_mag2.0,lr,per_subgroup_ewma[maj_pos],DI_star,0.546366379085279,0.4678095444882904,0.5623897833546504,0.4849809793135619,20
lsac,gradual_group_mag2.0,lr,per_subgroup_ewma[maj_pos],AOD_star,0.5145864661654135,0.48128467352127097,0.5255876552712764,0.49897436831283765,20
lsac,gradual_group_mag2.0,lr,per_subgroup_ewma[maj_pos],BalAcc,-0.2271556972179194,0.22096680065161906,-0.22562280323930928,0.23885501752713065,20
lsac,gradual_group_mag2.0,lr,per_subgroup_baseline_relative[maj_pos],DI_star,0.38519984840834975,0.23158391387418764,0.41221347936046226,0.22412560029460846,20
lsac,gradual_group_mag2.0,lr,per_subgroup_baseline_relative[maj_pos],AOD_star,0.3584210526315789,0.20951328504224298,0.3905278921630809,0.20761197208864357,20
lsac,gradual_group_mag2.0,lr,per_subgroup_baseline_relative[maj_pos],BalAcc,-0.13125003358533044,0.22850996617995514,-0.15473988176058298,0.24084841889526973,20
lsac,gradual_group_mag2.0,xgb,global_mean,DI_star,0.20248120300751876,0.19547673473948413,0.47004124184323925,0.24729387784586387,20
lsac,gradual_group_mag2.0,xgb,global_mean,AOD_star,-0.26924812030075185,0.26737099003307535,-0.19072284814709636,0.29405616365801024,20
lsac,gradual_group_mag2.0,xgb,global_mean,BalAcc,-0.47714285714285715,0.198692145295067,-0.5075907799264349,0.1940396274945151,20
lsac,gradual_group_mag2.0,xgb,global_ewma,DI_star,0.2402255639097744,0.29071713210901473,0.4867410579973493,0.2717988489919716,20
lsac,gradual_group_mag2.0,xgb,global_ewma,AOD_star,-0.43766917293233065,0.23424086505006791,-0.366525541775011,0.21056884832736,20
lsac,gradual_group_mag2.0,xgb,global_ewma,BalAcc,-0.47894736842105257,0.17599928306608564,-0.5055105170290287,0.1883461104994507,20
lsac,gradual_group_mag2.0,xgb,global_std,DI_star,0.15744360902255639,0.17812986958431587,0.3661063638029218,0.17389739888825406,20
lsac,gradual_group_mag2.0,xgb,global_std,AOD_star,-0.3205263157894737,0.19910323857217158,-0.3091681804332168,0.1840083981036601,20
lsac,gradual_group_mag2.0,xgb,global_std,BalAcc,-0.46443609022556387,0.20423204898374553,-0.4686479995476014,0.18441413819809852,20
lsac,gradual_group_mag2.0,xgb,subgroup_violation_diff,DI_star,-0.12541353383458648,0.20850663867848468,-0.20445052282173987,0.2486419020688898,20
lsac,gradual_group_mag2.0,xgb,subgroup_violation_diff,AOD_star,0.04586466165413534,0.31865953200450203,0.07079620194609983,0.30278978827718395,20
lsac,gradual_group_mag2.0,xgb,subgroup_violation_diff,BalAcc,0.2451127819548872,0.2620086613832311,0.24889670368508562,0.27339315517084856,20
lsac,gradual_group_mag2.0,xgb,max_subgroup_deviation,DI_star,0.2569924812030075,0.22439793884877685,0.39940777956678664,0.20587519505745333,20
lsac,gradual_group_mag2.0,xgb,max_subgroup_deviation,AOD_star,-0.09676691729323308,0.30112092958616343,-0.13200502875972145,0.3268167571198226,20
lsac,gradual_group_mag2.0,xgb,max_subgroup_deviation,BalAcc,-0.35067669172932325,0.19294739127453753,-0.36984860303234013,0.18086273587133658,20
lsac,gradual_group_mag2.0,xgb,assignment_proportion_drift,DI_star,0.2449806397928187,0.1880150027523767,0.36292016548683376,0.18587484116047234,20
lsac,gradual_group_mag2.0,xgb,assignment_proportion_drift,AOD_star,0.06082804840554645,0.2533943901593105,0.054565029971326263,0.26312272882266563,20
lsac,gradual_group_mag2.0,xgb,assignment_proportion_drift,BalAcc,-0.2274654371826334,0.20719848341485933,-0.2512999871632534,0.17731702858274134,20
lsac,gradual_group_mag2.0,xgb,ks_statistic,DI_star,0.2524060150375939,0.1868878780863932,0.36792606640794484,0.11260041617857572,20
lsac,gradual_group_mag2.0,xgb,ks_statistic,AOD_star,-0.3800751879699248,0.15431595872345547,-0.40199262280991893,0.1031524612514233,20
lsac,gradual_group_mag2.0,xgb,ks_statistic,BalAcc,-0.42774436090225565,0.163035867884171,-0.4286969593576746,0.14192029460144445,20
lsac,gradual_group_mag2.0,xgb,kl_divergence,DI_star,0.2733082706766917,0.1722371610979101,0.31918387344532867,0.09801134670885635,20
lsac,gradual_group_mag2.0,xgb,kl_divergence,AOD_star,-0.48127819548872164,0.1587285360247706,-0.5526941926694722,0.10219867271153903,20
lsac,gradual_group_mag2.0,xgb,kl_divergence,BalAcc,-0.5029323308270677,0.1367027920120362,-0.4535381829555606,0.12302287273724839,20
lsac,gradual_group_mag2.0,xgb,per_subgroup_ewma[min_neg],DI_star,0.31360902255639095,0.2549697007623795,0.510585392284113,0.2407396525619821,20
lsac,gradual_group_mag2.0,xgb,per_subgroup_ewma[min_neg],AOD_star,-0.3650375939849624,0.25168228151645666,-0.33916492819099464,0.2382016156458068,20
lsac,gradual_group_mag2.0,xgb,per_subgroup_ewma[min_neg],BalAcc,-0.4734586466165413,0.16301492297919415,-0.49963856796827716,0.1673396404729344,20
lsac,gradual_group_mag2.0,xgb,per_subgroup_baseline_relative[min_neg],DI_star,0.21736842105263157,0.20640897246831996,0.3651532383030417,0.21410361211211806,20
lsac,gradual_group_mag2.0,xgb,per_subgroup_baseline_relative[min_neg],AOD_star,-0.16135338345864664,0.27599458595425125,-0.1369855209923643,0.2871558345228336,20
lsac,gradual_group_mag2.0,xgb,per_subgroup_baseline_relative[min_neg],BalAcc,-0.3832330827067669,0.17439802216189712,-0.40012417118996685,0.14854100999024306,20
lsac,gradual_group_mag2.0,xgb,per_subgroup_ewma[min_pos],DI_star,0.2677443609022557,0.272418570288363,0.41108981821245694,0.3263089624803944,20
lsac,gradual_group_mag2.0,xgb,per_subgroup_ewma[min_pos],AOD_star,-0.337593984962406,0.2731716674680722,-0.32807037771168523,0.2727381630701449,20
lsac,gradual_group_mag2.0,xgb,per_subgroup_ewma[min_pos],BalAcc,-0.47187969924812023,0.2197097978559423,-0.4604371877097022,0.20430635715707934,20
lsac,gradual_group_mag2.0,xgb,per_subgroup_baseline_relative[min_pos],DI_star,0.175187969924812,0.19294264472340827,0.32332289908205497,0.23078375809130391,20
lsac,gradual_group_mag2.0,xgb,per_subgroup_baseline_relative[min_pos],AOD_star,-0.15443609022556387,0.3389188464959532,-0.14855313271252976,0.31189341645678564,20
lsac,gradual_group_mag2.0,xgb,per_subgroup_baseline_relative[min_pos],BalAcc,-0.35398496240601496,0.25563396721963566,-0.3402740992480266,0.2529553248361948,20
lsac,gradual_group_mag2.0,xgb,per_subgroup_ewma[maj_neg],DI_star,0.1314285714285714,0.3625923459467082,0.2628307148507131,0.32463573078733476,20
lsac,gradual_group_mag2.0,xgb,per_subgroup_ewma[maj_neg],AOD_star,-0.34315789473684216,0.21088240561699975,-0.3394834436744013,0.19430566818700687,20
lsac,gradual_group_mag2.0,xgb,per_subgroup_ewma[maj_neg],BalAcc,-0.33263157894736833,0.34717066271296776,-0.35754954729140875,0.29709179257494345,20
lsac,gradual_group_mag2.0,xgb,per_subgroup_baseline_relative[maj_neg],DI_star,0.11917293233082707,0.21054074869968095,0.2542568061168931,0.19641703064276164,20
lsac,gradual_group_mag2.0,xgb,per_subgroup_baseline_relative[maj_neg],AOD_star,-0.2407518796992481,0.2852377902403094,-0.22818202954047612,0.24569729534347823,20
lsac,gradual_group_mag2.0,xgb,per_subgroup_baseline_relative[maj_neg],BalAcc,-0.3429323308270677,0.2648591517894347,-0.3682252275872096,0.2513125503102788,20
lsac,gradual_group_mag2.0,xgb,per_subgroup_ewma[maj_pos],DI_star,0.14315789473684212,0.4115964459868797,0.34419567204775514,0.52985337705821,20
lsac,gradual_group_mag2.0,xgb,per_subgroup_ewma[maj_pos],AOD_star,-0.291578947368421,0.3293023305022538,-0.21934047604211937,0.30398061557783956,20
lsac,gradual_group_mag2.0,xgb,per_subgroup_ewma[maj_pos],BalAcc,-0.3057142857142857,0.3382309245034566,-0.33267861278666777,0.3695682114069586,20
lsac,gradual_group_mag2.0,xgb,per_subgroup_baseline_relative[maj_pos],DI_star,0.18421052631578946,0.2388112436799756,0.31458468341067913,0.2775505979511857,20
lsac,gradual_group_mag2.0,xgb,per_subgroup_baseline_relative[maj_pos],AOD_star,-0.040150375939849624,0.29186924014682675,-0.061097470007265384,0.30759085164832695,20
lsac,gradual_group_mag2.0,xgb,per_subgroup_baseline_relative[maj_pos],BalAcc,-0.28609022556390973,0.2046272752638278,-0.306366771510644,0.2164932657612236,20
lsac,gradual_global_mag0.5,lr,global_mean,DI_star,0.42709044655127554,0.2238435142060708,0.4060579655501114,0.15991313867078777,20
lsac,gradual_global_mag0.5,lr,global_mean,AOD_star,0.13691729323308272,0.2869559387444546,0.08759875855349736,0.26031754335112084,20
lsac,gradual_global_mag0.5,lr,global_mean,BalAcc,-0.05639097744360903,0.23144830803977978,-0.0676895229449102,0.22704349497969098,20
lsac,gradual_global_mag0.5,lr,global_ewma,DI_star,0.5357650532043243,0.20757765420862093,0.5280468910158045,0.19149128515666963,20
lsac,gradual_global_mag0.5,lr,global_ewma,AOD_star,0.15593984962406016,0.28695263885942224,0.13835001419051912,0.29908721358794577,20
lsac,gradual_global_mag0.5,lr,global_ewma,BalAcc,-0.1290225563909774,0.22326477387064947,-0.12789669577839144,0.23765932393949044,20
lsac,gradual_global_mag0.5,lr,global_std,DI_star,0.08871228560689595,0.31936717049613556,0.047271637161736754,0.27549277918570275,20
lsac,gradual_global_mag0.5,lr,global_std,AOD_star,-0.004661654135338348,0.2462870988642945,-0.03937275761186529,0.24777223144590368,20
lsac,gradual_global_mag0.5,lr,global_std,BalAcc,0.010751879699248118,0.24277322277331803,0.04547634398616097,0.20886911661493401,20
lsac,gradual_global_mag0.5,lr,subgroup_violation_diff,DI_star,0.11661631471280294,0.22323748392931841,0.13988066034212615,0.2833005992819451,20
lsac,gradual_global_mag0.5,lr,subgroup_violation_diff,AOD_star,0.07736842105263159,0.2040599148939527,0.12387764402112329,0.21251164307031023,20
lsac,gradual_global_mag0.5,lr,subgroup_violation_diff,BalAcc,-0.07142857142857142,0.21901547110722092,-0.055571620642545574,0.23140119619483013,20
lsac,gradual_global_mag0.5,lr,max_subgroup_deviation,DI_star,0.21379628338728143,0.24376274114425744,0.28786966811597064,0.21368388032842217,20
lsac,gradual_global_mag0.5,lr,max_subgroup_deviation,AOD_star,0.010746234855882827,0.26883964586279113,0.021694895053119008,0.29307925464603085,20
lsac,gradual_global_mag0.5,lr,max_subgroup_deviation,BalAcc,0.039861906924108834,0.27453387822407105,-0.01981462269438162,0.2615669566325086,20
lsac,gradual_global_mag0.5,lr,assignment_proportion_drift,DI_star,0.11808010494298651,0.2808665454876464,0.26704713420145787,0.22017585693512362,20
lsac,gradual_global_mag0.5,lr,assignment_proportion_drift,AOD_star,-0.06526766116315635,0.23856989571682852,0.024523316384612782,0.2643549058147952,20
lsac,gradual_global_mag0.5,lr,assignment_proportion_drift,BalAcc,-0.03251968419294232,0.27439613679799146,-0.0386727075278019,0.25274217917156644,20
lsac,gradual_global_mag0.5,lr,ks_statistic,DI_star,0.547493129989402,0.20556711529061222,0.54348745498739,0.19281682550089085,20
lsac,gradual_global_mag0.5,lr,ks_statistic,AOD_star,0.16375939849624058,0.3033261631710367,0.14126612512780604,0.3175202487817428,20
lsac,gradual_global_mag0.5,lr,ks_statistic,BalAcc,-0.146015037593985,0.2230891307224107,-0.14083106175510512,0.21904810995933421,20
lsac,gradual_global_mag0.5,lr,kl_divergence,DI_star,0.5206488716407291,0.17187451692817068,0.4300302145835443,0.16763949701270142,20
lsac,gradual_global_mag0.5,lr,kl_divergence,AOD_star,0.13932330827067668,0.2639015379045873,0.1270136185077871,0.23573159413984185,20
lsac,gradual_global_mag0.5,lr,kl_divergence,BalAcc,-0.12932330827067667,0.21778257463872078,-0.11172352121019513,0.1790828022390529,20
lsac,gradual_global_mag0.5,lr,per_subgroup_ewma[min_neg],DI_star,0.5409515499653628,0.20895799941260257,0.5174221750132975,0.1920653446944064,20
lsac,gradual_global_mag0.5,lr,per_subgroup_ewma[min_neg],AOD_star,0.16278195488721803,0.29460249930462046,0.13266542905282794,0.2985275144117313,20
lsac,gradual_global_mag0.5,lr,per_subgroup_ewma[min_neg],BalAcc,-0.12984962406015038,0.21561900211519577,-0.11755455853704959,0.239697670505203,20
lsac,gradual_global_mag0.5,lr,per_subgroup_baseline_relative[min_neg],DI_star,0.32860485805705664,0.19517534554221222,0.3729069352032541,0.16019545045736192,20
lsac,gradual_global_mag0.5,lr,per_subgroup_baseline_relative[min_neg],AOD_star,0.09180451127819547,0.20044073491437248,0.07407863585210789,0.2562951757479851,20
lsac,gradual_global_mag0.5,lr,per_subgroup_baseline_relative[min_neg],BalAcc,-0.016541353383458652,0.19344448808388898,-0.05241155375774441,0.22523950737635032,20
lsac,gradual_global_mag0.5,lr,per_subgroup_ewma[min_pos],DI_star,0.5404277272222748,0.19780625060515866,0.5017486294638568,0.1912630087706633,20
lsac,gradual_global_mag0.5,lr,per_subgroup_ewma[min_pos],AOD_star,0.15285714285714283,0.28503055308309155,0.1082576686460035,0.3031331055666051,20
lsac,gradual_global_mag0.5,lr,per_subgroup_ewma[min_pos],BalAcc,-0.15330827067669173,0.22266633892572843,-0.1249351796458876,0.245382337014983,20
lsac,gradual_global_mag0.5,lr,per_subgroup_baseline_relative[min_pos],DI_star,0.20127959930946085,0.2697385369253008,0.29581196416186506,0.22137064569086257,20
lsac,gradual_global_mag0.5,lr,per_subgroup_baseline_relative[min_pos],AOD_star,-0.03178404002482317,0.2655224291379727,0.024402631251233188,0.2878654295543876,20
lsac,gradual_global_mag0.5,lr,per_subgroup_baseline_relative[min_pos],BalAcc,-0.05015608368814907,0.28557879284398885,-0.045040703913636064,0.26053700282824394,20
lsac,gradual_global_mag0.5,lr,per_subgroup_ewma[maj_neg],DI_star,0.4805764033577706,0.24374833928505973,0.47695093112421993,0.21575697747348493,20
lsac,gradual_global_mag0.5,lr,per_subgroup_ewma[maj_neg],AOD_star,0.13962406015037593,0.2869148795629943,0.11769831920118712,0.2998580598246523,20
lsac,gradual_global_mag0.5,lr,per_subgroup_ewma[maj_neg],BalAcc,-0.11684210526315789,0.23130982311584872,-0.09724739121797821,0.24148051324484812,20
lsac,gradual_global_mag0.5,lr,per_subgroup_baseline_relative[maj_neg],DI_star,0.2545056211917716,0.21344642607088024,0.28658512482684734,0.19862265296129233,20
lsac,gradual_global_mag0.5,lr,per_subgroup_baseline_relative[maj_neg],AOD_star,0.10042795115973231,0.23935871230875955,0.08084090303372216,0.24623118301296146,20
lsac,gradual_global_mag0.5,lr,per_subgroup_baseline_relative[maj_neg],BalAcc,-0.01837612948074832,0.2560746263611135,-0.015067574299202816,0.2431605664188322,20
lsac,gradual_global_mag0.5,lr,per_subgroup_ewma[maj_pos],DI_star,0.5392247197034779,0.20570884987774676,0.4994458723726412,0.19394187390190148,20
lsac,gradual_global_mag0.5,lr,per_subgroup_ewma[maj_pos],AOD_star,0.1606015037593985,0.28885280549366754,0.11694992107289179,0.30243693097549945,20
lsac,gradual_global_mag0.5,lr,per_subgroup_ewma[maj_pos],BalAcc,-0.1275187969924812,0.2245987370505883,-0.10978554464776454,0.24531713082653656,20
lsac,gradual_global_mag0.5,lr,per_subgroup_baseline_relative[maj_pos],DI_star,0.4425277157100928,0.19869188323891052,0.3322434856460156,0.1708906918080015,20
lsac,gradual_global_mag0.5,lr,per_subgroup_baseline_relative[maj_pos],AOD_star,0.16229290783851463,0.30606974640235063,0.05571392994098297,0.27681356778220884,20
lsac,gradual_global_mag0.5,lr,per_subgroup_baseline_relative[maj_pos],BalAcc,-0.036277926808737024,0.2202389448123462,-0.03674987453139562,0.2467662117526303,20
lsac,gradual_global_mag0.5,xgb,global_mean,DI_star,0.5664661654135339,0.12410443502154801,0.7136152945128436,0.1228103919731809,20
lsac,gradual_global_mag0.5,xgb,global_mean,AOD_star,0.11398496240601501,0.18802381182473718,0.10415318299682892,0.2173385437177818,20
lsac,gradual_global_mag0.5,xgb,global_mean,BalAcc,-0.47631578947368414,0.10793062199604188,-0.9115204688327598,0.07937212336790858,20
lsac,gradual_global_mag0.5,xgb,global_ewma,DI_star,0.6462406015037593,0.12568035211338147,0.7108598260212371,0.12185160373823004,20
lsac,gradual_global_mag0.5,xgb,global_ewma,AOD_star,0.1893984962406015,0.2092909376707501,0.19335446425025532,0.20765219103648136,20
lsac,gradual_global_mag0.5,xgb,global_ewma,BalAcc,-0.5228571428571428,0.102934610057313,-0.7685088928852614,0.07203311904119655,20
lsac,gradual_global_mag0.5,xgb,global_std,DI_star,0.08436090225563911,0.37653633881693005,0.059516031007296175,0.5268583891792377,20
lsac,gradual_global_mag0.5,xgb,global_std,AOD_star,0.03503759398496241,0.16152651020781447,0.0035719630043461363,0.2041765581769277,20
lsac,gradual_global_mag0.5,xgb,global_std,BalAcc,-0.0081954887218045,0.44500442569549215,-0.04522349361570114,0.705439827554576,20
lsac,gradual_global_mag0.5,xgb,subgroup_violation_diff,DI_star,0.09789473684210523,0.4305570411774749,0.1448251343020047,0.6670651511375901,20
lsac,gradual_global_mag0.5,xgb,subgroup_violation_diff,AOD_star,0.03872180451127819,0.26728953182086784,0.05367244923845368,0.2237578748302655,20
lsac,gradual_global_mag0.5,xgb,subgroup_violation_diff,BalAcc,-0.04977443609022555,0.47982318619543707,-0.1665234530446235,0.9202471510554485,20
lsac,gradual_global_mag0.5,xgb,max_subgroup_deviation,DI_star,0.45605018192665286,0.17229735995443154,0.6785470637416205,0.1702491880025694,20
lsac,gradual_global_mag0.5,xgb,max_subgroup_deviation,AOD_star,0.06953255770428979,0.25104300465308715,0.06331966049179541,0.23345267201344272,20
lsac,gradual_global_mag0.5,xgb,max_subgroup_deviation,BalAcc,-0.4436763904784672,0.12691479975486925,-0.9077586952989378,0.10004731835725088,20
lsac,gradual_global_mag0.5,xgb,assignment_proportion_drift,DI_star,0.34662569210775956,0.16104313679536775,0.6718001262857166,0.13424377025012463,20
lsac,gradual_global_mag0.5,xgb,assignment_proportion_drift,AOD_star,-0.05822265732847082,0.2186422606551932,0.034419873617781024,0.20078637155771278,20
lsac,gradual_global_mag0.5,xgb,assignment_proportion_drift,BalAcc,-0.4709656815502738,0.11899371798855936,-0.9504060632262249,0.033044770880371215,20
lsac,gradual_global_mag0.5,xgb,ks_statistic,DI_star,0.636015037593985,0.14290816263459044,0.7014366754760599,0.11923755496896321,20
lsac,gradual_global_mag0.5,xgb,ks_statistic,AOD_star,0.1814285714285714,0.21205048427344786,0.1871635815530988,0.23167565794807912,20
lsac,gradual_global_mag0.5,xgb,ks_statistic,BalAcc,-0.5297744360902256,0.10690671774944932,-0.7604730097603973,0.028761963198328112,20
lsac,gradual_global_mag0.5,xgb,kl_divergence,DI_star,0.6497744360902256,0.12531730319366582,0.4330642353507631,0.11218164315229406,20
lsac,gradual_global_mag0.5,xgb,kl_divergence,AOD_star,0.18984962406015038,0.2307581759014802,0.20930754892571596,0.21748478612613226,20
lsac,gradual_global_mag0.5,xgb,kl_divergence,BalAcc,-0.5179699248120301,0.09964772027171911,-0.3351535489449449,0.03762835598325673,20
lsac,gradual_global_mag0.5,xgb,per_subgroup_ewma[min_neg],DI_star,0.6455639097744361,0.12457001629300768,0.7174083868795573,0.1180580079717424,20
lsac,gradual_global_mag0.5,xgb,per_subgroup_ewma[min_neg],AOD_star,0.19007518796992479,0.2090882138454679,0.18691331514717366,0.20919284275077007,20
lsac,gradual_global_mag0.5,xgb,per_subgroup_ewma[min_neg],BalAcc,-0.5227819548872179,0.10198579499131326,-0.7880304509954564,0.05217489994542014,20
lsac,gradual_global_mag0.5,xgb,per_subgroup_baseline_relative[min_neg],DI_star,0.48466165413533824,0.12874683545538557,0.7053813934676417,0.12341304135684393,20
lsac,gradual_global_mag0.5,xgb,per_subgroup_baseline_relative[min_neg],AOD_star,0.07571428571428572,0.1975457277335121,0.08847604249828459,0.21404331419941505,20
lsac,gradual_global_mag0.5,xgb,per_subgroup_baseline_relative[min_neg],BalAcc,-0.443984962406015,0.10668203233683468,-0.9238069282493553,0.056283441751106084,20
lsac,gradual_global_mag0.5,xgb,per_subgroup_ewma[min_pos],DI_star,0.6298496240601504,0.13758229540713962,0.708829167744453,0.11972820157380365,20
lsac,gradual_global_mag0.5,xgb,per_subgroup_ewma[min_pos],AOD_star,0.1883458646616541,0.21063685336546292,0.17461552692913596,0.21704937233804233,20
lsac,gradual_global_mag0.5,xgb,per_subgroup_ewma[min_pos],BalAcc,-0.4996992481203006,0.12651622121863768,-0.7836660336019445,0.09399436003069989,20
lsac,gradual_global_mag0.5,xgb,per_subgroup_baseline_relative[min_pos],DI_star,0.3852571506966149,0.2506285265766539,0.6454391448560505,0.23022374274091012,20
lsac,gradual_global_mag0.5,xgb,per_subgroup_baseline_relative[min_pos],AOD_star,0.02641689303216401,0.26197583280542136,0.06593715160021836,0.24111202120545736,20
lsac,gradual_global_mag0.5,xgb,per_subgroup_baseline_relative[min_pos],BalAcc,-0.3771022879186775,0.24794034770957948,-0.8448442730833376,0.22195761493143998,20
lsac,gradual_global_mag0.5,xgb,per_subgroup_ewma[maj_neg],DI_star,0.6175939849624059,0.12635794140942488,0.6968665471368892,0.1269731535587418,20
lsac,gradual_global_mag0.5,xgb,per_subgroup_ewma[maj_neg],AOD_star,0.17924812030075182,0.20486568142310552,0.18681424690891282,0.21392305154830507,20
lsac,gradual_global_mag0.5,xgb,per_subgroup_ewma[maj_neg],BalAcc,-0.5217293233082707,0.1088221907831841,-0.7705713401184593,0.06441128119607815,20
lsac,gradual_global_mag0.5,xgb,per_subgroup_baseline_relative[maj_neg],DI_star,0.4315278451177219,0.16541898502626448,0.6203149171507152,0.20118551351247232,20
lsac,gradual_global_mag0.5,xgb,per_subgroup_baseline_relative[maj_neg],AOD_star,0.08414255253998534,0.20901464781506782,0.11169601321020059,0.23530245775289374,20
lsac,gradual_global_mag0.5,xgb,per_subgroup_baseline_relative[maj_neg],BalAcc,-0.4771559473007051,0.16131719598452618,-0.8076885316736506,0.19732393716272162,20
lsac,gradual_global_mag0.5,xgb,per_subgroup_ewma[maj_pos],DI_star,0.6464661654135337,0.12152097324649562,0.725227235733873,0.11147222424655663,20
lsac,gradual_global_mag0.5,xgb,per_subgroup_ewma[maj_pos],AOD_star,0.18736842105263157,0.20257732195889824,0.1768338461397207,0.2173498379481647,20
lsac,gradual_global_mag0.5,xgb,per_subgroup_ewma[maj_pos],BalAcc,-0.5235338345864661,0.10126262083638465,-0.8132795777144965,0.02413243876410272,20
lsac,gradual_global_mag0.5,xgb,per_subgroup_baseline_relative[maj_pos],DI_star,0.5518151736312757,0.13530484943509066,0.7199601207387065,0.11780048666871612,20
lsac,gradual_global_mag0.5,xgb,per_subgroup_baseline_relative[maj_pos],AOD_star,0.09857326690816656,0.19696232440726794,0.07497024716775118,0.210202117769987,20
lsac,gradual_global_mag0.5,xgb,per_subgroup_baseline_relative[maj_pos],BalAcc,-0.48997537335956637,0.130874345241129,-0.9663998532124672,0.011247262812838592,20
lsac,gradual_global_mag1.0,lr,global_mean,DI_star,0.7559243814471048,0.09913745848913454,0.6843066322626805,0.1181161291429845,20
lsac,gradual_global_mag1.0,lr,global_mean,AOD_star,0.40819548872180444,0.2452384358953275,0.3677421627652542,0.21758278069968398,20
lsac,gradual_global_mag1.0,lr,global_mean,BalAcc,-0.3871502104898091,0.23698490929662586,-0.3534029208529138,0.22310293912419246,20
lsac,gradual_global_mag1.0,lr,global_ewma,DI_star,0.775551954526479,0.08920476431897974,0.7765399034275251,0.09947426199823062,20
lsac,gradual_global_mag1.0,lr,global_ewma,AOD_star,0.4152631578947368,0.24505478118139867,0.4411416785596174,0.23827631309038202,20
lsac,gradual_global_mag1.0,lr,global_ewma,BalAcc,-0.4183550563453441,0.2279335819080152,-0.4249345925991232,0.20906106712720907,20
lsac,gradual_global_mag1.0,lr,global_std,DI_star,0.5734307132076568,0.15177002260499542,0.5759605758292884,0.1385487018332084,20
lsac,gradual_global_mag1.0,lr,global_std,AOD_star,0.307218045112782,0.21675172529625777,0.32643451993547756,0.20561198688094182,20
lsac,gradual_global_mag1.0,lr,global_std,BalAcc,-0.3403839719670639,0.2266043368280907,-0.314890811910438,0.18070217782457318,20
lsac,gradual_global_mag1.0,lr,subgroup_violation_diff,DI_star,0.05096588493941555,0.13413904979375316,0.08326256345276374,0.21405180002251267,20
lsac,gradual_global_mag1.0,lr,subgroup_violation_diff,AOD_star,0.08857142857142856,0.18698200538420237,0.10833040349301497,0.16217194237494167,20
lsac,gradual_global_mag1.0,lr,subgroup_violation_diff,BalAcc,-0.07297044803094781,0.2310848942556442,-0.07340131148087488,0.21356691588516227,20
lsac,gradual_global_mag1.0,lr,max_subgroup_deviation,DI_star,0.5532108153123957,0.188331259566955,0.5326444813219502,0.12654247452707623,20
lsac,gradual_global_mag1.0,lr,max_subgroup_deviation,AOD_star,0.3235338345864661,0.23749035286321066,0.23654923193799954,0.23194520075468594,20
lsac,gradual_global_mag1.0,lr,max_subgroup_deviation,BalAcc,-0.24639601165806072,0.2669408967826523,-0.24312769713991256,0.24348413890715448,20
lsac,gradual_global_mag1.0,lr,assignment_proportion_drift,DI_star,0.13459832053365536,0.2816062155573814,0.34646473948970274,0.21721389143787975,20
lsac,gradual_global_mag1.0,lr,assignment_proportion_drift,AOD_star,0.03357410231615521,0.2165183414170711,0.1442938057648417,0.20596430797516643,20
lsac,gradual_global_mag1.0,lr,assignment_proportion_drift,BalAcc,-0.08094270408839478,0.25019423829808674,-0.14575143899924708,0.2598168924265857,20
lsac,gradual_global_mag1.0,lr,ks_statistic,DI_star,0.7786347746136865,0.0970209964288413,0.7708718863556951,0.09642940191550574,20
lsac,gradual_global_mag1.0,lr,ks_statistic,AOD_star,0.4196992481203007,0.25052238937612187,0.4235745886625179,0.2510836325922775,20
lsac,gradual_global_mag1.0,lr,ks_statistic,BalAcc,-0.41873045883499865,0.23357679979258755,-0.40892873946804675,0.21196616404682897,20
lsac,gradual_global_mag1.0,lr,kl_divergence,DI_star,0.7589337133687414,0.09722241011271739,0.7438465538746712,0.09420791781975107,20
lsac,gradual_global_mag1.0,lr,kl_divergence,AOD_star,0.3973684210526315,0.2500584475744555,0.4674312780408584,0.23699940897230912,20
lsac,gradual_global_mag1.0,lr,kl_divergence,BalAcc,-0.41794105585604713,0.22240780609910304,-0.44787381765810197,0.16005072775847407,20
lsac,gradual_global_mag1.0,lr,per_subgroup_ewma[min_neg],DI_star,0.774347700484489,0.08776041706768126,0.7638367396392671,0.09975304404516631,20
lsac,gradual_global_mag1.0,lr,per_subgroup_ewma[min_neg],AOD_star,0.41571428571428565,0.24522276004985663,0.4283885021276901,0.2361563022872742,20
lsac,gradual_global_mag1.0,lr,per_subgroup_ewma[min_neg],BalAcc,-0.4208362876349665,0.22236221020390576,-0.41379004972461375,0.20954257600995188,20
lsac,gradual_global_mag1.0,lr,per_subgroup_baseline_relative[min_neg],DI_star,0.5934326396525914,0.12624360187791794,0.6244310850278261,0.13541598964102722,20
lsac,gradual_global_mag1.0,lr,per_subgroup_baseline_relative[min_neg],AOD_star,0.29887218045112784,0.19305182979872793,0.32034916829127147,0.21670069147165116,20
lsac,gradual_global_mag1.0,lr,per_subgroup_baseline_relative[min_neg],BalAcc,-0.31722186319677625,0.26208961231019134,-0.32221647675507253,0.22277133033017776,20
lsac,gradual_global_mag1.0,lr,per_subgroup_ewma[min_pos],DI_star,0.7687860571158582,0.09816408588043357,0.7289630678402246,0.10630225727468287,20
lsac,gradual_global_mag1.0,lr,per_subgroup_ewma[min_pos],AOD_star,0.40924812030075186,0.2548241210965591,0.3715969175819154,0.24631551085863246,20
lsac,gradual_global_mag1.0,lr,per_subgroup_ewma[min_pos],BalAcc,-0.43843030087947615,0.22532310082957804,-0.39301681986419196,0.22214545039565262,20
lsac,gradual_global_mag1.0,lr,per_subgroup_baseline_relative[min_pos],DI_star,0.5524546495734122,0.2256872698554709,0.5344392709523628,0.14395365430452042,20
lsac,gradual_global_mag1.0,lr,per_subgroup_baseline_relative[min_pos],AOD_star,0.3211123244553313,0.2661010380744783,0.23788695200332124,0.23894902960626482,20
lsac,gradual_global_mag1.0,lr,per_subgroup_baseline_relative[min_pos],BalAcc,-0.29481901932681925,0.26044437111620633,-0.2608513944953702,0.2485526062394607,20
lsac,gradual_global_mag1.0,lr,per_subgroup_ewma[maj_neg],DI_star,0.7595378234948162,0.10879552633763255,0.7243825101712932,0.10834128742514289,20
lsac,gradual_global_mag1.0,lr,per_subgroup_ewma[maj_neg],AOD_star,0.40503759398496236,0.25993222849868025,0.3786799917715551,0.23956907022085122,20
lsac,gradual_global_mag1.0,lr,per_subgroup_ewma[maj_neg],BalAcc,-0.40925714229181986,0.21278323200917898,-0.3770213765896554,0.21073567026592657,20
lsac,gradual_global_mag1.0,lr,per_subgroup_baseline_relative[maj_neg],DI_star,0.4951933417387089,0.16907166130847875,0.5231136397937777,0.11689639669238625,20
lsac,gradual_global_mag1.0,lr,per_subgroup_baseline_relative[maj_neg],AOD_star,0.2932709467246626,0.18946314036734574,0.26412862713988233,0.16878179397339207,20
lsac,gradual_global_mag1.0,lr,per_subgroup_baseline_relative[maj_neg],BalAcc,-0.19613483648680174,0.23707860201305334,-0.21001828426264812,0.21348965745989704,20
lsac,gradual_global_mag1.0,lr,per_subgroup_ewma[maj_pos],DI_star,0.7784100039459438,0.08416356558062883,0.7559064196014896,0.10027530982274199,20
lsac,gradual_global_mag1.0,lr,per_subgroup_ewma[maj_pos],AOD_star,0.41872180451127816,0.24275189180906145,0.40886481145999565,0.24546002449504828,20
lsac,gradual_global_mag1.0,lr,per_subgroup_ewma[maj_pos],BalAcc,-0.41842979180161033,0.22635223422947012,-0.3900190532542595,0.21818494803286692,20
lsac,gradual_global_mag1.0,lr,per_subgroup_baseline_relative[maj_pos],DI_star,0.7542734190768863,0.10492482347654393,0.6262146859543898,0.10430996558668544,20
lsac,gradual_global_mag1.0,lr,per_subgroup_baseline_relative[maj_pos],AOD_star,0.41684210526315785,0.24211955312051703,0.31663981321386886,0.23558136722779033,20
lsac,gradual_global_mag1.0,lr,per_subgroup_baseline_relative[maj_pos],BalAcc,-0.3866224805951523,0.2259251155265558,-0.29125740829644436,0.2180314112729053,20
lsac,gradual_global_mag1.0,xgb,global_mean,DI_star,0.8306766917293233,0.07412084837576871,0.8316053490685696,0.0692504371741494,20
lsac,gradual_global_mag1.0,xgb,global_mean,AOD_star,0.6284962406015038,0.13637238642766453,0.5347624594925352,0.1675170603236247,20
lsac,gradual_global_mag1.0,xgb,global_mean,BalAcc,-0.7031578947368421,0.11843324916306625,-0.861680494508329,0.13313962753806627,20
lsac,gradual_global_mag1.0,xgb,global_ewma,DI_star,0.8537593984962406,0.06859990669690541,0.8480930689037403,0.07088012734125598,20
lsac,gradual_global_mag1.0,xgb,global_ewma,AOD_star,0.652781954887218,0.13173816360627363,0.641947399181005,0.11701287270452952,20
lsac,gradual_global_mag1.0,xgb,global_ewma,BalAcc,-0.713984962406015,0.10572145132347442,-0.7484789855661791,0.10229216954451295,20
lsac,gradual_global_mag1.0,xgb,global_std,DI_star,0.6003007518796993,0.19683664845937607,0.5688517858395563,0.24422862391289088,20
lsac,gradual_global_mag1.0,xgb,global_std,AOD_star,0.5293233082706768,0.1612272734513679,0.5268893916542736,0.1592587248333099,20
lsac,gradual_global_mag1.0,xgb,global_std,BalAcc,-0.4386466165413534,0.25036763065080514,-0.3881569460103943,0.3876538260740662,20
lsac,gradual_global_mag1.0,xgb,subgroup_violation_diff,DI_star,0.012932330827067661,0.19626243648870395,0.07039090441168795,0.5024619175644388,20
lsac,gradual_global_mag1.0,xgb,subgroup_violation_diff,AOD_star,-0.02451127819548872,0.22604465060955445,0.009662687917806998,0.24160534779213855,20
lsac,gradual_global_mag1.0,xgb,subgroup_violation_diff,BalAcc,-0.06533834586466167,0.32687159449844244,-0.1391236179431535,0.7976493308420001,20
lsac,gradual_global_mag1.0,xgb,max_subgroup_deviation,DI_star,0.6376691729323308,0.17084022174813285,0.7750519340310619,0.10330878375156662,20
lsac,gradual_global_mag1.0,xgb,max_subgroup_deviation,AOD_star,0.4268421052631579,0.23335335971711604,0.38695826048659027,0.19794643070012796,20
lsac,gradual_global_mag1.0,xgb,max_subgroup_deviation,BalAcc,-0.5985714285714285,0.14278864602423122,-0.9369903150451009,0.05728460782851899,20
lsac,gradual_global_mag1.0,xgb,assignment_proportion_drift,DI_star,0.2745817665506576,0.2446836345760033,0.62550741654167,0.17268973395073314,20
lsac,gradual_global_mag1.0,xgb,assignment_proportion_drift,AOD_star,0.01176041060482975,0.28235925479148033,0.20459887387099157,0.23903447881475676,20
lsac,gradual_global_mag1.0,xgb,assignment_proportion_drift,BalAcc,-0.39638035121634935,0.14910691551212588,-0.8868615799723087,0.08068964673558343,20
lsac,gradual_global_mag1.0,xgb,ks_statistic,DI_star,0.8557894736842104,0.0697327785938905,0.8682816508822475,0.05115545370348259,20
lsac,gradual_global_mag1.0,xgb,ks_statistic,AOD_star,0.656390977443609,0.13735630072748484,0.6491657612796848,0.12929951198394857,20
lsac,gradual_global_mag1.0,xgb,ks_statistic,BalAcc,-0.7157142857142856,0.10576622538205495,-0.7785977707234949,0.029187551132487534,20
lsac,gradual_global_mag1.0,xgb,kl_divergence,DI_star,0.8419548872180449,0.0683009770128357,0.7056150381074981,0.06044732077058429,20
lsac,gradual_global_mag1.0,xgb,kl_divergence,AOD_star,0.6376691729323308,0.12768367391101113,0.6601112921618768,0.10879806530678261,20
lsac,gradual_global_mag1.0,xgb,kl_divergence,BalAcc,-0.7075939849624059,0.10260276661859909,-0.4888718936545945,0.03321510870024296,20
lsac,gradual_global_mag1.0,xgb,per_subgroup_ewma[min_neg],DI_star,0.8498496240601503,0.06414247772055275,0.8513424560686527,0.06795408024463939,20
lsac,gradual_global_mag1.0,xgb,per_subgroup_ewma[min_neg],AOD_star,0.6503759398496239,0.12775186177733064,0.6262214166528962,0.11460288997025475,20
lsac,gradual_global_mag1.0,xgb,per_subgroup_ewma[min_neg],BalAcc,-0.7117293233082707,0.10554430767172625,-0.7710112796492838,0.10060689777598995,20
lsac,gradual_global_mag1.0,xgb,per_subgroup_baseline_relative[min_neg],DI_star,0.6989473684210525,0.1311366141770357,0.795742835672601,0.0736553455673755,20
lsac,gradual_global_mag1.0,xgb,per_subgroup_baseline_relative[min_neg],AOD_star,0.48270676691729325,0.1689599327436708,0.47506401666923637,0.1835375009105896,20
lsac,gradual_global_mag1.0,xgb,per_subgroup_baseline_relative[min_neg],BalAcc,-0.6324812030075188,0.14954159513853885,-0.868483483157938,0.12868695090594676,20
lsac,gradual_global_mag1.0,xgb,per_subgroup_ewma[min_pos],DI_star,0.841203007518797,0.06971413001857449,0.8553354157407755,0.06782300500277337,20
lsac,gradual_global_mag1.0,xgb,per_subgroup_ewma[min_pos],AOD_star,0.6427819548872181,0.12514176482547712,0.5957832982009934,0.15698663505289992,20
lsac,gradual_global_mag1.0,xgb,per_subgroup_ewma[min_pos],BalAcc,-0.7060902255639097,0.10765118827407102,-0.8122898808289765,0.08246074428166103,20
lsac,gradual_global_mag1.0,xgb,per_subgroup_baseline_relative[min_pos],DI_star,0.5841052894963094,0.17556494754708593,0.7482205628418773,0.13990123599149762,20
lsac,gradual_global_mag1.0,xgb,per_subgroup_baseline_relative[min_pos],AOD_star,0.37749588118193933,0.23210665038686745,0.37899557173070897,0.20908431019260715,20
lsac,gradual_global_mag1.0,xgb,per_subgroup_baseline_relative[min_pos],BalAcc,-0.5609496096448301,0.15497624959236095,-0.8968739279125627,0.13960373027214235,20
lsac,gradual_global_mag1.0,xgb,per_subgroup_ewma[maj_neg],DI_star,0.8368421052631578,0.06929459715658212,0.850485007310662,0.06656405019751593,20
lsac,gradual_global_mag1.0,xgb,per_subgroup_ewma[maj_neg],AOD_star,0.6387969924812029,0.1303192980826986,0.5896221865418376,0.14176666423060544,20
lsac,gradual_global_mag1.0,xgb,per_subgroup_ewma[maj_neg],BalAcc,-0.7051879699248118,0.10781176238911294,-0.8078126193133729,0.07087155050139494,20
lsac,gradual_global_mag1.0,xgb,per_subgroup_baseline_relative[maj_neg],DI_star,0.5506727529465677,0.1527304842351618,0.7330306818772366,0.12241724175547851,20
lsac,gradual_global_mag1.0,xgb,per_subgroup_baseline_relative[maj_neg],AOD_star,0.33794895158765664,0.17954359379622478,0.37351439436368256,0.1990900324269389,20
lsac,gradual_global_mag1.0,xgb,per_subgroup_baseline_relative[maj_neg],BalAcc,-0.5514071359788029,0.148171196553207,-0.8735541422560346,0.13132320795865754,20
lsac,gradual_global_mag1.0,xgb,per_subgroup_ewma[maj_pos],DI_star,0.8541353383458645,0.06727873998589831,0.872375061205578,0.05406303193544767,20
lsac,gradual_global_mag1.0,xgb,per_subgroup_ewma[maj_pos],AOD_star,0.6537593984962407,0.1297787704344185,0.6289701239028693,0.13124438996154095,20
lsac,gradual_global_mag1.0,xgb,per_subgroup_ewma[maj_pos],BalAcc,-0.7137593984962405,0.10591556683661277,-0.8072815416072302,0.02989403377993306,20
lsac,gradual_global_mag1.0,xgb,per_subgroup_baseline_relative[maj_pos],DI_star,0.8338345864661655,0.07481335246498166,0.8505370447640874,0.069595483491317,20
lsac,gradual_global_mag1.0,xgb,per_subgroup_baseline_relative[maj_pos],AOD_star,0.6342105263157894,0.13537833577942146,0.49034398351899366,0.1566737380213333,20
lsac,gradual_global_mag1.0,xgb,per_subgroup_baseline_relative[maj_pos],BalAcc,-0.6961654135338347,0.10533882886978507,-0.94827304464695,0.017376482907288257,20
lsac,gradual_global_mag2.0,lr,global_mean,DI_star,0.9269172932330827,0.025715604767645974,0.9139974699436626,0.039301336431343904,20
lsac,gradual_global_mag2.0,lr,global_mean,AOD_star,0.8317293233082707,0.06346666378462736,0.821575954316671,0.06564436203536969,20
lsac,gradual_global_mag2.0,lr,global_mean,BalAcc,-0.7966917293233083,0.06591133718828214,-0.770914992430522,0.08006673706510199,20
lsac,gradual_global_mag2.0,lr,global_ewma,DI_star,0.9254887218045112,0.025052266016522492,0.9401385529980916,0.023416136093841997,20
lsac,gradual_global_mag2.0,lr,global_ewma,AOD_star,0.8297744360902255,0.06322695830085687,0.8653141647823201,0.054704196580076005,20
lsac,gradual_global_mag2.0,lr,global_ewma,BalAcc,-0.7960902255639096,0.06694077479368671,-0.8135996841237821,0.0679183463405937,20
lsac,gradual_global_mag2.0,lr,global_std,DI_star,0.7021804511278195,0.18819023179870772,0.7403367063163804,0.17427715616458545,20
lsac,gradual_global_mag2.0,lr,global_std,AOD_star,0.616766917293233,0.2594158324816013,0.6355398570336261,0.24852388052468372,20
lsac,gradual_global_mag2.0,lr,global_std,BalAcc,-0.5983458646616541,0.24541791054625953,-0.6211425980155265,0.239273245543777,20
lsac,gradual_global_mag2.0,lr,subgroup_violation_diff,DI_star,0.4109774436090225,0.240595441652954,0.4764172590825534,0.23619369256181663,20
lsac,gradual_global_mag2.0,lr,subgroup_violation_diff,AOD_star,0.40706766917293236,0.2893184233561325,0.45693865783439824,0.27254961549841,20
lsac,gradual_global_mag2.0,lr,subgroup_violation_diff,BalAcc,-0.3733082706766917,0.2923054055439926,-0.40604340191713195,0.28103745578433015,20
lsac,gradual_global_mag2.0,lr,max_subgroup_deviation,DI_star,0.870375939849624,0.052576985649412385,0.8470815675626687,0.053123835485255066,20
lsac,gradual_global_mag2.0,lr,max_subgroup_deviation,AOD_star,0.7808270676691729,0.07453987600180763,0.7383951360534533,0.09402911097988519,20
lsac,gradual_global_mag2.0,lr,max_subgroup_deviation,BalAcc,-0.7670676691729323,0.07151462959838305,-0.7019398290034331,0.10306905549229119,20
lsac,gradual_global_mag2.0,lr,assignment_proportion_drift,DI_star,0.4888039391914175,0.2774769650072277,0.6330613374945563,0.18741395272883238,20
lsac,gradual_global_mag2.0,lr,assignment_proportion_drift,AOD_star,0.391735878973388,0.27570726500035314,0.524269347421545,0.19529849051542783,20
lsac,gradual_global_mag2.0,lr,assignment_proportion_drift,BalAcc,-0.4042609722472359,0.30665065831963184,-0.4906140191746509,0.23853249554700273,20
lsac,gradual_global_mag2.0,lr,ks_statistic,DI_star,0.9282706766917291,0.022786297012941503,0.9304841929212919,0.02295392461884806,20
lsac,gradual_global_mag2.0,lr,ks_statistic,AOD_star,0.8330827067669173,0.06146495825537374,0.8234219996422395,0.07011543610197143,20
lsac,gradual_global_mag2.0,lr,ks_statistic,BalAcc,-0.7992481203007518,0.06828541459286205,-0.7786499035297283,0.0834880142249547,20
lsac,gradual_global_mag2.0,lr,kl_divergence,DI_star,0.9274436090225562,0.02741990942898996,0.9254034094928691,0.03016466741579505,20
lsac,gradual_global_mag2.0,lr,kl_divergence,AOD_star,0.8293233082706767,0.06958442497097655,0.8696561791626912,0.048930295958561146,20
lsac,gradual_global_mag2.0,lr,kl_divergence,BalAcc,-0.7993233082706765,0.06989404287052116,-0.8234305671839639,0.06316067132050535,20
lsac,gradual_global_mag2.0,lr,per_subgroup_ewma[min_neg],DI_star,0.9248120300751881,0.026395154222529447,0.9233759027102583,0.027685520465611433,20
lsac,gradual_global_mag2.0,lr,per_subgroup_ewma[min_neg],AOD_star,0.8324060150375938,0.06276547440257302,0.8486299773764294,0.06401079009577611,20
lsac,gradual_global_mag2.0,lr,per_subgroup_ewma[min_neg],BalAcc,-0.7963157894736842,0.06877373369109592,-0.7922364620618261,0.07342148159021772,20
lsac,gradual_global_mag2.0,lr,per_subgroup_baseline_relative[min_neg],DI_star,0.8607518796992479,0.07484644238204739,0.8543415514695569,0.07913458477371961,20
lsac,gradual_global_mag2.0,lr,per_subgroup_baseline_relative[min_neg],AOD_star,0.7711278195488721,0.07018159657908066,0.7711345479536721,0.1064768569998524,20
lsac,gradual_global_mag2.0,lr,per_subgroup_baseline_relative[min_neg],BalAcc,-0.738796992481203,0.08885309516074819,-0.7216799803981623,0.10962815963949032,20
lsac,gradual_global_mag2.0,lr,per_subgroup_ewma[min_pos],DI_star,0.925187969924812,0.02156663084099769,0.9303715396615827,0.02063739890678006,20
lsac,gradual_global_mag2.0,lr,per_subgroup_ewma[min_pos],AOD_star,0.8330075187969923,0.059694655227579274,0.8342248325223199,0.06074185213981137,20
lsac,gradual_global_mag2.0,lr,per_subgroup_ewma[min_pos],BalAcc,-0.8045112781954886,0.06360031224246043,-0.7898214841734327,0.07881234238130021,20
lsac,gradual_global_mag2.0,lr,per_subgroup_baseline_relative[min_pos],DI_star,0.8693296791710884,0.05885552506544366,0.8407695303620656,0.058433713718099675,20
lsac,gradual_global_mag2.0,lr,per_subgroup_baseline_relative[min_pos],AOD_star,0.7811686344216968,0.08170596999726502,0.7272124432161383,0.10236056422977778,20
lsac,gradual_global_mag2.0,lr,per_subgroup_baseline_relative[min_pos],BalAcc,-0.7760692148773316,0.06528393055349052,-0.6992660997853711,0.1067407853898268,20
lsac,gradual_global_mag2.0,lr,per_subgroup_ewma[maj_neg],DI_star,0.9248872180451129,0.02466566536239799,0.9311750953982874,0.023471936973583313,20
lsac,gradual_global_mag2.0,lr,per_subgroup_ewma[maj_neg],AOD_star,0.8330827067669171,0.06183359175350412,0.8368778926048195,0.056159837099493744,20
lsac,gradual_global_mag2.0,lr,per_subgroup_ewma[maj_neg],BalAcc,-0.8017293233082705,0.06903103294552164,-0.7859713594371576,0.07686664290187145,20
lsac,gradual_global_mag2.0,lr,per_subgroup_baseline_relative[maj_neg],DI_star,0.8557778744871337,0.07294523850662409,0.831055863592247,0.06613622350526488,20
lsac,gradual_global_mag2.0,lr,per_subgroup_baseline_relative[maj_neg],AOD_star,0.7779343401649286,0.08072702723614157,0.7281598427385074,0.09153650144714469,20
lsac,gradual_global_mag2.0,lr,per_subgroup_baseline_relative[maj_neg],BalAcc,-0.7327137403399735,0.1094872795487934,-0.6701938977624916,0.12023132761426339,20
lsac,gradual_global_mag2.0,lr,per_subgroup_ewma[maj_pos],DI_star,0.9275939849624061,0.024641817622873267,0.9318149727801336,0.02555582237887278,20
lsac,gradual_global_mag2.0,lr,per_subgroup_ewma[maj_pos],AOD_star,0.8318796992481203,0.06010449377894752,0.8396248633998313,0.0620603790177357,20
lsac,gradual_global_mag2.0,lr,per_subgroup_ewma[maj_pos],BalAcc,-0.7982706766917292,0.06686620504843449,-0.7933449374011861,0.0792155709573909,20
lsac,gradual_global_mag2.0,lr,per_subgroup_baseline_relative[maj_pos],DI_star,0.9227067669172933,0.027570107060439556,0.8755239616888488,0.04315417245336589,20
lsac,gradual_global_mag2.0,lr,per_subgroup_baseline_relative[maj_pos],AOD_star,0.829548872180451,0.064022501203072,0.7692388639934489,0.08528502843765573,20
lsac,gradual_global_mag2.0,lr,per_subgroup_baseline_relative[maj_pos],BalAcc,-0.790375939849624,0.0709025347031241,-0.7243376451373276,0.10589439203763171,20
lsac,gradual_global_mag2.0,xgb,global_mean,DI_star,0.934565476635879,0.029475020068327487,0.9079335216568042,0.035743136548457656,20
lsac,gradual_global_mag2.0,xgb,global_mean,AOD_star,0.8817976357253723,0.04595569502250909,0.840396617163522,0.06810786358388041,20
lsac,gradual_global_mag2.0,xgb,global_mean,BalAcc,-0.880115435318119,0.05233905429939205,-0.820022647223064,0.0938504307754843,20
lsac,gradual_global_mag2.0,xgb,global_ewma,DI_star,0.9365209908788819,0.02755323560049824,0.8783722668640455,0.048572370458927365,20
lsac,gradual_global_mag2.0,xgb,global_ewma,AOD_star,0.8836781044697313,0.044789489406711507,0.8710638229162994,0.0475933859468538,20
lsac,gradual_global_mag2.0,xgb,global_ewma,BalAcc,-0.879890185208637,0.05239921240402641,-0.7186846120285084,0.07930084737676814,20
lsac,gradual_global_mag2.0,xgb,global_std,DI_star,0.7229920483414374,0.15883365708758773,0.7682953545514462,0.07199985172540263,20
lsac,gradual_global_mag2.0,xgb,global_std,AOD_star,0.6953832352038456,0.20706815335007098,0.7458352427784328,0.1566742013724812,20
lsac,gradual_global_mag2.0,xgb,global_std,BalAcc,-0.6702052705404948,0.1446124550918428,-0.6442545258581448,0.18345815722731662,20
lsac,gradual_global_mag2.0,xgb,subgroup_violation_diff,DI_star,0.39759913640984906,0.24318672746607897,0.43952505669956554,0.25579179617570835,20
lsac,gradual_global_mag2.0,xgb,subgroup_violation_diff,AOD_star,0.3705227753866226,0.2844806738836477,0.4052764715347297,0.22835080384818154,20
lsac,gradual_global_mag2.0,xgb,subgroup_violation_diff,BalAcc,-0.37328428703704225,0.23221168257829997,-0.40933221352567023,0.4714964191687143,20
lsac,gradual_global_mag2.0,xgb,max_subgroup_deviation,DI_star,0.8966472141434003,0.06600715054342293,0.9002563803116604,0.04992954312321549,20
lsac,gradual_global_mag2.0,xgb,max_subgroup_deviation,AOD_star,0.8325216163949627,0.09137339351241755,0.7749811181952254,0.10109924557466472,20
lsac,gradual_global_mag2.0,xgb,max_subgroup_deviation,BalAcc,-0.8374610631296239,0.06957388709502815,-0.8919889797625405,0.036446238965231206,20
lsac,gradual_global_mag2.0,xgb,assignment_proportion_drift,DI_star,0.5009034546965051,0.28006281870624866,0.7498160710413349,0.11446681358487008,20
lsac,gradual_global_mag2.0,xgb,assignment_proportion_drift,AOD_star,0.3855616669555868,0.3106706414534129,0.5493152844501485,0.19814324953272255,20
lsac,gradual_global_mag2.0,xgb,assignment_proportion_drift,BalAcc,-0.5207468745281495,0.25232758184458054,-0.8571456988295163,0.09943126673332774,20
lsac,gradual_global_mag2.0,xgb,ks_statistic,DI_star,0.9374944260399822,0.028340493574373276,0.9341156278029175,0.022497275085661038,20
lsac,gradual_global_mag2.0,xgb,ks_statistic,AOD_star,0.8860797651820684,0.0461519882051157,0.881533894237489,0.05520654393551293,20
lsac,gradual_global_mag2.0,xgb,ks_statistic,BalAcc,-0.8789127693060911,0.05072048085672153,-0.8147233874495103,0.02013271071709392,20
lsac,gradual_global_mag2.0,xgb,kl_divergence,DI_star,0.9351663591598717,0.024491117940476658,0.8191626286507869,0.04043671244390259,20
lsac,gradual_global_mag2.0,xgb,kl_divergence,AOD_star,0.8844655215505132,0.040093571385546846,0.8590586193256048,0.047167762268825325,20
lsac,gradual_global_mag2.0,xgb,kl_divergence,BalAcc,-0.8789507400780066,0.05230942319983683,-0.6173056164268524,0.026121964929254622,20
lsac,gradual_global_mag2.0,xgb,per_subgroup_ewma[min_neg],DI_star,0.9365955015337262,0.02728343957441104,0.871512123102747,0.08314716916818779,20
lsac,gradual_global_mag2.0,xgb,per_subgroup_ewma[min_neg],AOD_star,0.8859332076629135,0.04298067393913631,0.8511328670021513,0.05564873299705356,20
lsac,gradual_global_mag2.0,xgb,per_subgroup_ewma[min_neg],BalAcc,-0.8789136528901228,0.05293794826286045,-0.7289619288996674,0.12966144358518808,20
lsac,gradual_global_mag2.0,xgb,per_subgroup_baseline_relative[min_neg],DI_star,0.8708317631564917,0.072947118135092,0.8526285803475753,0.052178960209313834,20
lsac,gradual_global_mag2.0,xgb,per_subgroup_baseline_relative[min_neg],AOD_star,0.8116986558317313,0.07771302264525948,0.7685164157103728,0.08607598507804838,20
lsac,gradual_global_mag2.0,xgb,per_subgroup_baseline_relative[min_neg],BalAcc,-0.8187051518389621,0.0798257437936865,-0.7997556549625388,0.14734584455735666,20
lsac,gradual_global_mag2.0,xgb,per_subgroup_ewma[min_pos],DI_star,0.9308727094628233,0.03604659757165864,0.9151205214460851,0.022313855631522914,20
lsac,gradual_global_mag2.0,xgb,per_subgroup_ewma[min_pos],AOD_star,0.8833023863406261,0.04612265092450047,0.8749595055759919,0.05866075627552878,20
lsac,gradual_global_mag2.0,xgb,per_subgroup_ewma[min_pos],BalAcc,-0.8761250344070584,0.0537947913921998,-0.7866575724082152,0.048134220876079534,20
lsac,gradual_global_mag2.0,xgb,per_subgroup_baseline_relative[min_pos],DI_star,0.8865881827278679,0.07688791332988969,0.8996856242968784,0.05548021429690638,20
lsac,gradual_global_mag2.0,xgb,per_subgroup_baseline_relative[min_pos],AOD_star,0.8322955754914834,0.09785681964850815,0.7751622018156257,0.10920401702557825,20
lsac,gradual_global_mag2.0,xgb,per_subgroup_baseline_relative[min_pos],BalAcc,-0.8348391404393214,0.08272128145134776,-0.8888413021206663,0.06437243270093045,20
lsac,gradual_global_mag2.0,xgb,per_subgroup_ewma[maj_neg],DI_star,0.9348625960292288,0.028572088669456465,0.9157620532815643,0.025265372461348978,20
lsac,gradual_global_mag2.0,xgb,per_subgroup_ewma[maj_neg],AOD_star,0.8827711068501509,0.049791203595867146,0.8774124947373588,0.053459950731666685,20
lsac,gradual_global_mag2.0,xgb,per_subgroup_ewma[maj_neg],BalAcc,-0.8792143977282351,0.05215932262345619,-0.7847280061863228,0.03362952784083892,20
lsac,gradual_global_mag2.0,xgb,per_subgroup_baseline_relative[maj_neg],DI_star,0.8722363217920484,0.05647775137008986,0.895794975359182,0.04470240738219336,20
lsac,gradual_global_mag2.0,xgb,per_subgroup_baseline_relative[maj_neg],AOD_star,0.81381273966464,0.08289032880087369,0.7745003756711271,0.09095435441959353,20
lsac,gradual_global_mag2.0,xgb,per_subgroup_baseline_relative[maj_neg],BalAcc,-0.8286495685341577,0.0672876894692932,-0.882051434394195,0.04442333394425937,20
lsac,gradual_global_mag2.0,xgb,per_subgroup_ewma[maj_pos],DI_star,0.9362954854629646,0.026891208951090786,0.9050553718635295,0.03050988441547186,20
lsac,gradual_global_mag2.0,xgb,per_subgroup_ewma[maj_pos],AOD_star,0.8840553514579307,0.045055170771414584,0.8740547997532842,0.05002877646257386,20
lsac,gradual_global_mag2.0,xgb,per_subgroup_ewma[maj_pos],BalAcc,-0.879666323032866,0.053415518476276146,-0.7679263832803682,0.03010641192131103,20
lsac,gradual_global_mag2.0,xgb,per_subgroup_baseline_relative[maj_pos],DI_star,0.9323079962634436,0.026448648540530435,0.9131929534459221,0.032802389231308994,20
lsac,gradual_global_mag2.0,xgb,per_subgroup_baseline_relative[maj_pos],AOD_star,0.8807075100177123,0.048069247453632474,0.8059249308823659,0.07539621677354007,20
lsac,gradual_global_mag2.0,xgb,per_subgroup_baseline_relative[maj_pos],BalAcc,-0.8762052613665385,0.05312204703464052,-0.8765552027154584,0.03845428294689909,20
lsac,abrupt_group_mag0.5,lr,global_mean,DI_star,0.24680175377308852,0.26699863821924213,0.3003184503828501,0.3476230989553914,20
lsac,abrupt_group_mag0.5,lr,global_mean,AOD_star,0.2706015037593985,0.2886702941989308,0.3277033040018204,0.3263869548048887,20
lsac,abrupt_group_mag0.5,lr,global_mean,BalAcc,0.0474436090225564,0.2300021875441323,0.031046333059049754,0.22473216937562726,20
lsac,abrupt_group_mag0.5,lr,global_ewma,DI_star,0.29395227536603785,0.363414793125141,0.3482470773352859,0.4039710071678627,20
lsac,abrupt_group_mag0.5,lr,global_ewma,AOD_star,0.29157894736842105,0.36447352716496473,0.3386803024385688,0.4081019067388131,20
lsac,abrupt_group_mag0.5,lr,global_ewma,BalAcc,-0.029849624060150383,0.2180898450356186,-0.022300095289680636,0.22545510431516003,20
lsac,abrupt_group_mag0.5,lr,global_std,DI_star,0.1964986544787853,0.28275183543369226,0.22049923747834135,0.3238428424205776,20
lsac,abrupt_group_mag0.5,lr,global_std,AOD_star,0.2075187969924812,0.30423620733127743,0.23690952147179473,0.3085734371143118,20
lsac,abrupt_group_mag0.5,lr,global_std,BalAcc,0.027443609022556388,0.25564125386087644,0.012166470498930076,0.23123502614864583,20
lsac,abrupt_group_mag0.5,lr,subgroup_violation_diff,DI_star,-0.2687230772059429,0.3052579121063829,-0.2544319927976074,0.34945351735370705,20
lsac,abrupt_group_mag0.5,lr,subgroup_violation_diff,AOD_star,-0.3007518796992481,0.27344490901384283,-0.29319889628835305,0.31078347030346154,20
lsac,abrupt_group_mag0.5,lr,subgroup_violation_diff,BalAcc,-0.05045112781954886,0.2702136703923612,-0.024630821348711546,0.2805454725366655,20
lsac,abrupt_group_mag0.5,lr,max_subgroup_deviation,DI_star,0.3260115306131309,0.27332848770106377,0.3415353135296305,0.3219805340306688,20
lsac,abrupt_group_mag0.5,lr,max_subgroup_deviation,AOD_star,0.33,0.27213993592030744,0.35821701870674477,0.29594952606835134,20
lsac,abrupt_group_mag0.5,lr,max_subgroup_deviation,BalAcc,-0.006691729323308267,0.2801074210649056,-0.0263191104341656,0.26837437966305844,20
lsac,abrupt_group_mag0.5,lr,assignment_proportion_drift,DI_star,0.348347087863967,0.20302609931419993,0.34867922421557385,0.20684801170506417,20
lsac,abrupt_group_mag0.5,lr,assignment_proportion_drift,AOD_star,0.32398013323814434,0.22487678455520532,0.3172420612665391,0.22254738679597127,20
lsac,abrupt_group_mag0.5,lr,assignment_proportion_drift,BalAcc,-0.023276064432476824,0.2087638673010011,-0.030406376623974007,0.18471759729441561,20
lsac,abrupt_group_mag0.5,lr,ks_statistic,DI_star,0.25249011187017206,0.15690152078908923,0.25841197373929997,0.14500978850076715,20
lsac,abrupt_group_mag0.5,lr,ks_statistic,AOD_star,0.1933082706766917,0.16531608544462026,0.1981996080662029,0.17013706179251872,20
lsac,abrupt_group_mag0.5,lr,ks_statistic,BalAcc,-0.04548872180451127,0.2638216655610412,-0.04706178534879359,0.27156347659074037,20
lsac,abrupt_group_mag0.5,lr,kl_divergence,DI_star,0.40876639831689676,0.14137982336903554,0.3170880145418447,0.12770143574451287,20
lsac,abrupt_group_mag0.5,lr,kl_divergence,AOD_star,0.3607518796992481,0.17952135152620743,0.27604337332501544,0.1473260600418882,20
lsac,abrupt_group_mag0.5,lr,kl_divergence,BalAcc,-0.08323308270676691,0.17740427434549536,-0.11224329694906424,0.22697639186903873,20
lsac,abrupt_group_mag0.5,lr,per_subgroup_ewma[min_neg],DI_star,0.3284257474607867,0.28692112745172554,0.36980836364823716,0.32282596646013617,20
lsac,abrupt_group_mag0.5,lr,per_subgroup_ewma[min_neg],AOD_star,0.3297744360902255,0.28981938151033526,0.3666263799172522,0.3189203406822123,20
lsac,abrupt_group_mag0.5,lr,per_subgroup_ewma[min_neg],BalAcc,-0.039699248120300755,0.21797893732648327,-0.019825078359732035,0.24114046314436458,20
lsac,abrupt_group_mag0.5,lr,per_subgroup_baseline_relative[min_neg],DI_star,0.1803764772095936,0.20403347188815416,0.18287035478127395,0.2293309173206473,20
lsac,abrupt_group_mag0.5,lr,per_subgroup_baseline_relative[min_neg],AOD_star,0.20902255639097742,0.21721230639129616,0.2161402442716605,0.2276913569716809,20
lsac,abrupt_group_mag0.5,lr,per_subgroup_baseline_relative[min_neg],BalAcc,0.060676691729323315,0.21136154136980256,0.0738855183109042,0.23094190812295745,20
lsac,abrupt_group_mag0.5,lr,per_subgroup_ewma[min_pos],DI_star,0.28752289789751206,0.31953598614299034,0.31209932189272316,0.3741318209397494,20
lsac,abrupt_group_mag0.5,lr,per_subgroup_ewma[min_pos],AOD_star,0.2877443609022556,0.3314434705246562,0.29989873173798387,0.3785945305886893,20
lsac,abrupt_group_mag0.5,lr,per_subgroup_ewma[min_pos],BalAcc,-0.012180451127819552,0.263711940929912,-0.0021399246587833812,0.24332079572314536,20
lsac,abrupt_group_mag0.5,lr,per_subgroup_baseline_relative[min_pos],DI_star,0.16995110731462484,0.2941895517176815,0.17874375583626723,0.30916251370814557,20
lsac,abrupt_group_mag0.5,lr,per_subgroup_baseline_relative[min_pos],AOD_star,0.18157894736842106,0.3116491469530122,0.17891615716991788,0.31745091295605987,20
lsac,abrupt_group_mag0.5,lr,per_subgroup_baseline_relative[min_pos],BalAcc,-0.015563909774436085,0.2651879912426365,-0.05703944661794611,0.2609062314900071,20
lsac,abrupt_group_mag0.5,lr,per_subgroup_ewma[maj_neg],DI_star,0.12680053764263102,0.43274016631484435,0.13458569714837215,0.4914338791388001,20
lsac,abrupt_group_mag0.5,lr,per_subgroup_ewma[maj_neg],AOD_star,0.13451127819548872,0.40994960041777745,0.14704822450238528,0.46692710448979846,20
lsac,abrupt_group_mag0.5,lr,per_subgroup_ewma[maj_neg],BalAcc,-0.008421052631578958,0.2630411771238165,-0.037272459392540355,0.252195787394026,20
lsac,abrupt_group_mag0.5,lr,per_subgroup_baseline_relative[maj_neg],DI_star,0.10225645927875052,0.2500940292969742,0.0938958153892366,0.24569678348448606,20
lsac,abrupt_group_mag0.5,lr,per_subgroup_baseline_relative[maj_neg],AOD_star,0.14007518796992482,0.22116424730566106,0.14160480826458516,0.223159525344615,20
lsac,abrupt_group_mag0.5,lr,per_subgroup_baseline_relative[maj_neg],BalAcc,0.09436090225563909,0.24352355086496355,0.0695781063081696,0.24121485078620145,20
lsac,abrupt_group_mag0.5,lr,per_subgroup_ewma[maj_pos],DI_star,0.23673346663645706,0.3832254098743446,0.30582274294869377,0.44575908699838573,20
lsac,abrupt_group_mag0.5,lr,per_subgroup_ewma[maj_pos],AOD_star,0.2483458646616541,0.3749645318369159,0.30041701312116104,0.43991338133001334,20
lsac,abrupt_group_mag0.5,lr,per_subgroup_ewma[maj_pos],BalAcc,0.001954887218045113,0.24328489529617245,-0.002423115406366007,0.25174598122887076,20
lsac,abrupt_group_mag0.5,lr,per_subgroup_baseline_relative[maj_pos],DI_star,0.2790589766686379,0.30818277256736254,0.31181376411242673,0.359942001291795,20
lsac,abrupt_group_mag0.5,lr,per_subgroup_baseline_relative[maj_pos],AOD_star,0.3087218045112782,0.29280597389033003,0.3465055610274312,0.3238754759138669,20
lsac,abrupt_group_mag0.5,lr,per_subgroup_baseline_relative[maj_pos],BalAcc,-0.005789473684210527,0.26730577469175704,0.00011098639347714834,0.2560855475237865,20
lsac,abrupt_group_mag0.5,xgb,global_mean,DI_star,0.27973004025933257,0.36834561389069925,0.46589846387483425,0.42939247595721314,20
lsac,abrupt_group_mag0.5,xgb,global_mean,AOD_star,0.3335338345864662,0.3019111492152363,0.43445664770871584,0.38260017534130636,20
lsac,abrupt_group_mag0.5,xgb,global_mean,BalAcc,-0.33233082706766914,0.3058152716645933,-0.33876450384341505,0.32582389713583837,20
lsac,abrupt_group_mag0.5,xgb,global_ewma,DI_star,0.34465195337378246,0.4430460128610021,0.4779768828305815,0.5482173084581853,20
lsac,abrupt_group_mag0.5,xgb,global_ewma,AOD_star,0.34759398496240596,0.45037990006668865,0.433109330230122,0.5209826168537786,20
lsac,abrupt_group_mag0.5,xgb,global_ewma,BalAcc,-0.2750375939849624,0.32880513358868363,-0.28725710718321046,0.35543462560725,20
lsac,abrupt_group_mag0.5,xgb,global_std,DI_star,0.2745422117450388,0.3263439775586442,0.3974725602143021,0.35021035306566284,20
lsac,abrupt_group_mag0.5,xgb,global_std,AOD_star,0.3006766917293232,0.2583415209662233,0.3529348602003711,0.30030943038752494,20
lsac,abrupt_group_mag0.5,xgb,global_std,BalAcc,-0.293609022556391,0.22904327781100148,-0.31152258322352344,0.2504361748228271,20
lsac,abrupt_group_mag0.5,xgb,subgroup_violation_diff,DI_star,-0.17713864310941158,0.3763716481829863,-0.27217232049391615,0.4169152486206159,20
lsac,abrupt_group_mag0.5,xgb,subgroup_violation_diff,AOD_star,-0.2424812030075188,0.2972608951724814,-0.27142200644898196,0.3548024097694396,20
lsac,abrupt_group_mag0.5,xgb,subgroup_violation_diff,BalAcc,0.16315789473684209,0.3239868730716985,0.15939425358782908,0.3503105698519009,20
lsac,abrupt_group_mag0.5,xgb,max_subgroup_deviation,DI_star,0.30041083289368675,0.3206347675556617,0.42373840027884013,0.36649544166734893,20
lsac,abrupt_group_mag0.5,xgb,max_subgroup_deviation,AOD_star,0.3507518796992481,0.2671786817132128,0.38981092331067513,0.33319750059302927,20
lsac,abrupt_group_mag0.5,xgb,max_subgroup_deviation,BalAcc,-0.27954887218045116,0.2671300221866921,-0.26861858010243056,0.29022113355493706,20
lsac,abrupt_group_mag0.5,xgb,assignment_proportion_drift,DI_star,0.2570278621146879,0.22743729285140324,0.35826285288590787,0.2449825354305011,20
lsac,abrupt_group_mag0.5,xgb,assignment_proportion_drift,AOD_star,0.28977860063131927,0.29359256629049924,0.3285161188255,0.2833594998116679,20
lsac,abrupt_group_mag0.5,xgb,assignment_proportion_drift,BalAcc,-0.22874542006783552,0.18833830398223844,-0.2354320059146417,0.1909447351627239,20
lsac,abrupt_group_mag0.5,xgb,ks_statistic,DI_star,0.24966786205709202,0.19166181159652898,0.2764328567775676,0.1801814706253751,20
lsac,abrupt_group_mag0.5,xgb,ks_statistic,AOD_star,0.1385714285714286,0.17218752653157973,0.2138702467431334,0.12614648266092682,20
lsac,abrupt_group_mag0.5,xgb,ks_statistic,BalAcc,-0.23007518796992482,0.19832528523381251,-0.20064914712871812,0.19014005272789528,20
lsac,abrupt_group_mag0.5,xgb,kl_divergence,DI_star,0.44974539744162056,0.1258139553603815,0.4733242219608235,0.09580475064732044,20
lsac,abrupt_group_mag0.5,xgb,kl_divergence,AOD_star,0.44834586466165416,0.1376800544313059,0.4213892797659903,0.1589263542478386,20
lsac,abrupt_group_mag0.5,xgb,kl_divergence,BalAcc,-0.38157894736842096,0.17708443002900476,-0.32095565743763754,0.17255967922353682,20
lsac,abrupt_group_mag0.5,xgb,per_subgroup_ewma[min_neg],DI_star,0.4202170227144687,0.3591469005244143,0.5385856355685308,0.4314546730309087,20
lsac,abrupt_group_mag0.5,xgb,per_subgroup_ewma[min_neg],AOD_star,0.38323308270676687,0.35874079405346043,0.4754115761137741,0.3981911861310778,20
lsac,abrupt_group_mag0.5,xgb,per_subgroup_ewma[min_neg],BalAcc,-0.3102255639097744,0.27954320976926306,-0.3303686944130802,0.2865606947355949,20
lsac,abrupt_group_mag0.5,xgb,per_subgroup_baseline_relative[min_neg],DI_star,0.2993183871846396,0.2963455000427091,0.3634439550921556,0.2924640995803567,20
lsac,abrupt_group_mag0.5,xgb,per_subgroup_baseline_relative[min_neg],AOD_star,0.22857142857142856,0.2709397218243031,0.30450255910688806,0.2760702164970215,20
lsac,abrupt_group_mag0.5,xgb,per_subgroup_baseline_relative[min_neg],BalAcc,-0.2702255639097745,0.29951403155175815,-0.2779186657547757,0.30227066012879483,20
lsac,abrupt_group_mag0.5,xgb,per_subgroup_ewma[min_pos],DI_star,0.36021917215434696,0.2946612819363656,0.46836576974216265,0.43151196671633535,20
lsac,abrupt_group_mag0.5,xgb,per_subgroup_ewma[min_pos],AOD_star,0.36293233082706766,0.3714581812190916,0.42615172774608145,0.43757876297881815,20
lsac,abrupt_group_mag0.5,xgb,per_subgroup_ewma[min_pos],BalAcc,-0.323984962406015,0.26252791403501763,-0.31620523684174207,0.2701790108487014,20
lsac,abrupt_group_mag0.5,xgb,per_subgroup_baseline_relative[min_pos],DI_star,0.24214315410494555,0.23839733997146004,0.3155766927447815,0.31188651643729554,20
lsac,abrupt_group_mag0.5,xgb,per_subgroup_baseline_relative[min_pos],AOD_star,0.2969172932330827,0.25736325910401153,0.3221366117215364,0.28828101748403756,20
lsac,abrupt_group_mag0.5,xgb,per_subgroup_baseline_relative[min_pos],BalAcc,-0.29819548872180446,0.24457161533931004,-0.27673408719841314,0.25125959654162844,20
lsac,abrupt_group_mag0.5,xgb,per_subgroup_ewma[maj_neg],DI_star,0.12602213640200396,0.4687537625977735,0.17749754857495964,0.5903520253168238,20
lsac,abrupt_group_mag0.5,xgb,per_subgroup_ewma[maj_neg],AOD_star,0.15706766917293233,0.44057699000296713,0.19889733979549415,0.5228911533339831,20
lsac,abrupt_group_mag0.5,xgb,per_subgroup_ewma[maj_neg],BalAcc,-0.13556390977443608,0.40577444138436813,-0.1170487512266701,0.39762972089520343,20
lsac,abrupt_group_mag0.5,xgb,per_subgroup_baseline_relative[maj_neg],DI_star,0.10375625918273416,0.3139122565638134,0.1582254410085297,0.3171824375099012,20
lsac,abrupt_group_mag0.5,xgb,per_subgroup_baseline_relative[maj_neg],AOD_star,0.14390977443609024,0.22372033574465147,0.16722279570839793,0.24444393513931312,20
lsac,abrupt_group_mag0.5,xgb,per_subgroup_baseline_relative[maj_neg],BalAcc,-0.12233082706766915,0.3106958611588151,-0.10803008696259295,0.3065170219308427,20
lsac,abrupt_group_mag0.5,xgb,per_subgroup_ewma[maj_pos],DI_star,0.20513879441840027,0.48686621037313577,0.34776929700836473,0.602063151104658,20
lsac,abrupt_group_mag0.5,xgb,per_subgroup_ewma[maj_pos],AOD_star,0.31879699248120297,0.4456999277262856,0.336481225443766,0.5400161685755519,20
lsac,abrupt_group_mag0.5,xgb,per_subgroup_ewma[maj_pos],BalAcc,-0.18601503759398497,0.36864964521013993,-0.20768255315565587,0.37462881905715284,20
lsac,abrupt_group_mag0.5,xgb,per_subgroup_baseline_relative[maj_pos],DI_star,0.23194826920578832,0.37486554840736197,0.37309672333511656,0.4433125463170217,20
lsac,abrupt_group_mag0.5,xgb,per_subgroup_baseline_relative[maj_pos],AOD_star,0.3184962406015037,0.2799233478500924,0.3564469131894293,0.38446082779080853,20
lsac,abrupt_group_mag0.5,xgb,per_subgroup_baseline_relative[maj_pos],BalAcc,-0.23481203007518797,0.2663077971824767,-0.24138317676186807,0.297751319200946,20
lsac,abrupt_group_mag1.0,lr,global_mean,DI_star,0.4599248120300752,0.21248246677890967,0.5935833819382274,0.27537259332728653,20
lsac,abrupt_group_mag1.0,lr,global_mean,AOD_star,0.4530075187969924,0.21742815230164583,0.5972205996617829,0.2750438581916002,20
lsac,abrupt_group_mag1.0,lr,global_mean,BalAcc,0.03890961888452008,0.23918829971064867,-0.030517995044857298,0.23739384980793105,20
lsac,abrupt_group_mag1.0,lr,global_ewma,DI_star,0.48067669172932337,0.1912349663876066,0.6467547005894254,0.23089268048388376,20
lsac,abrupt_group_mag1.0,lr,global_ewma,AOD_star,0.4575187969924811,0.23171652733842132,0.6302881993235682,0.243359512836377,20
lsac,abrupt_group_mag1.0,lr,global_ewma,BalAcc,-0.060266028528258464,0.22618431702596029,-0.08240802903846857,0.22561189533471473,20
lsac,abrupt_group_mag1.0,lr,global_std,DI_star,0.38924812030075184,0.24009310713992793,0.4844491535815628,0.2810366885104914,20
lsac,abrupt_group_mag1.0,lr,global_std,AOD_star,0.3606015037593985,0.234098006981334,0.4777954048838535,0.27416893439920903,20
lsac,abrupt_group_mag1.0,lr,global_std,BalAcc,0.01612523173638717,0.2715730303867232,-0.031260816966541975,0.2510513421944418,20
lsac,abrupt_group_mag1.0,lr,subgroup_violation_diff,DI_star,-0.1550375939849624,0.3420300338668144,-0.17443233141748854,0.3587836332332006,20
lsac,abrupt_group_mag1.0,lr,subgroup_violation_diff,AOD_star,-0.16556390977443608,0.3164646916615827,-0.19437215189992724,0.33612163121614824,20
lsac,abrupt_group_mag1.0,lr,subgroup_violation_diff,BalAcc,-0.0024462816813523966,0.25589992033606956,0.023395875477958242,0.2983863607129713,20
lsac,abrupt_group_mag1.0,lr,max_subgroup_deviation,DI_star,0.3946616541353383,0.2550255685028411,0.48173510664210817,0.26818949041172624,20
lsac,abrupt_group_mag1.0,lr,max_subgroup_deviation,AOD_star,0.39398496240601505,0.25713626162231373,0.4860577413124599,0.26122240894798276,20
lsac,abrupt_group_mag1.0,lr,max_subgroup_deviation,BalAcc,-0.003982728119825788,0.254467328523432,-0.05532696780653494,0.24393931042337338,20
lsac,abrupt_group_mag1.0,lr,assignment_proportion_drift,DI_star,0.35027694542027177,0.26312354302349605,0.3902294552167898,0.26307443950458015,20
lsac,abrupt_group_mag1.0,lr,assignment_proportion_drift,AOD_star,0.3315507854650297,0.28016389459601837,0.3848434431496298,0.25854842092324615,20
lsac,abrupt_group_mag1.0,lr,assignment_proportion_drift,BalAcc,-0.06633140119490533,0.21994366456454253,-0.07820185942207705,0.19981740211479299,20
lsac,abrupt_group_mag1.0,lr,ks_statistic,DI_star,0.5010526315789472,0.13525026373445523,0.5707896534110741,0.11158166609187709,20
lsac,abrupt_group_mag1.0,lr,ks_statistic,AOD_star,0.49060150375939837,0.13397717756680858,0.5465159744028543,0.11102917485798504,20
lsac,abrupt_group_mag1.0,lr,ks_statistic,BalAcc,-0.11710691766095896,0.25048995694030096,-0.15160380748275953,0.24727983102437726,20
lsac,abrupt_group_mag1.0,lr,kl_divergence,DI_star,0.6032330827067669,0.09775393244055344,0.7352557599014461,0.08887208332427146,20
lsac,abrupt_group_mag1.0,lr,kl_divergence,AOD_star,0.5628571428571428,0.10331505597662091,0.7119520979985776,0.08559933916817047,20
lsac,abrupt_group_mag1.0,lr,kl_divergence,BalAcc,-0.1432735756073546,0.20665815212880378,-0.18186192798526404,0.20394548649041813,20
lsac,abrupt_group_mag1.0,lr,per_subgroup_ewma[min_neg],DI_star,0.5220300751879698,0.1281051872550032,0.6757990570407862,0.14043111067882175,20
lsac,abrupt_group_mag1.0,lr,per_subgroup_ewma[min_neg],AOD_star,0.5075939849624059,0.13056015898177847,0.6680981043763414,0.13487666583256244,20
lsac,abrupt_group_mag1.0,lr,per_subgroup_ewma[min_neg],BalAcc,-0.08522673761707636,0.2055536967059571,-0.07559754282348671,0.2217982662993272,20
lsac,abrupt_group_mag1.0,lr,per_subgroup_baseline_relative[min_neg],DI_star,0.37969924812030076,0.15880688907415808,0.4684126336112556,0.16058192894047288,20
lsac,abrupt_group_mag1.0,lr,per_subgroup_baseline_relative[min_neg],AOD_star,0.38691729323308266,0.1668096245579313,0.4757445295030488,0.16150600146477695,20
lsac,abrupt_group_mag1.0,lr,per_subgroup_baseline_relative[min_neg],BalAcc,0.06376245296343605,0.22241718149025844,0.02874792534343388,0.22811260587923837,20
lsac,abrupt_group_mag1.0,lr,per_subgroup_ewma[min_pos],DI_star,0.4038345864661654,0.2738487793244207,0.543254897318546,0.3699558492632474,20
lsac,abrupt_group_mag1.0,lr,per_subgroup_ewma[min_pos],AOD_star,0.3739097744360902,0.3227465920110655,0.5252568995801841,0.3831248207772455,20
lsac,abrupt_group_mag1.0,lr,per_subgroup_ewma[min_pos],BalAcc,-0.08951267815961995,0.2535175933996354,-0.10515204953297694,0.23887218817077893,20
lsac,abrupt_group_mag1.0,lr,per_subgroup_baseline_relative[min_pos],DI_star,0.31270676691729327,0.28053334882956227,0.39748887017007783,0.31484855829274494,20
lsac,abrupt_group_mag1.0,lr,per_subgroup_baseline_relative[min_pos],AOD_star,0.2890977443609022,0.2968962916468786,0.38665711360302646,0.32284356906800343,20
lsac,abrupt_group_mag1.0,lr,per_subgroup_baseline_relative[min_pos],BalAcc,-0.052820552886860425,0.2560447793185304,-0.09811228605992715,0.2478941779809264,20
lsac,abrupt_group_mag1.0,lr,per_subgroup_ewma[maj_neg],DI_star,0.24751879699248117,0.42287051177275164,0.3065557735420418,0.521512571788024,20
lsac,abrupt_group_mag1.0,lr,per_subgroup_ewma[maj_neg],AOD_star,0.2346616541353383,0.4370824788696532,0.31624578161362393,0.5121960293242837,20
lsac,abrupt_group_mag1.0,lr,per_subgroup_ewma[maj_neg],BalAcc,-0.03940242745301044,0.2648787980796908,-0.055574448992394984,0.2649368088691324,20
lsac,abrupt_group_mag1.0,lr,per_subgroup_baseline_relative[maj_neg],DI_star,0.21939849624060143,0.34354235051821724,0.26942181450526775,0.33806821968411,20
lsac,abrupt_group_mag1.0,lr,per_subgroup_baseline_relative[maj_neg],AOD_star,0.2189473684210526,0.3273516699738975,0.2906946584098106,0.31700208785964185,20
lsac,abrupt_group_mag1.0,lr,per_subgroup_baseline_relative[maj_neg],BalAcc,0.035753986715970895,0.32248699346563237,0.016935587727063463,0.31139525841096244,20
lsac,abrupt_group_mag1.0,lr,per_subgroup_ewma[maj_pos],DI_star,0.25015037593984957,0.41083253747500836,0.32089009147747904,0.5211875471877178,20
lsac,abrupt_group_mag1.0,lr,per_subgroup_ewma[maj_pos],AOD_star,0.2517293233082707,0.41627482583450964,0.3184824727123169,0.5225247118540315,20
lsac,abrupt_group_mag1.0,lr,per_subgroup_ewma[maj_pos],BalAcc,-0.058009795506337204,0.25504867186021546,-0.04701259791427661,0.23672000579755628,20
lsac,abrupt_group_mag1.0,lr,per_subgroup_baseline_relative[maj_pos],DI_star,0.27864661654135336,0.31156468600334347,0.32645295191049506,0.35174563486326205,20
lsac,abrupt_group_mag1.0,lr,per_subgroup_baseline_relative[maj_pos],AOD_star,0.2902255639097744,0.28247150665493514,0.34136666822701267,0.3296843958675785,20
lsac,abrupt_group_mag1.0,lr,per_subgroup_baseline_relative[maj_pos],BalAcc,-0.028607537745948756,0.2534437051195943,-0.042610243232888236,0.26008812561109046,20
lsac,abrupt_group_mag1.0,xgb,global_mean,DI_star,0.45849624060150374,0.19921316192119165,0.6320501921645534,0.26771113535510516,20
lsac,abrupt_group_mag1.0,xgb,global_mean,AOD_star,0.27639097744360897,0.19720106044234126,0.2787865565706077,0.25274492775626306,20
lsac,abrupt_group_mag1.0,xgb,global_mean,BalAcc,-0.4385468302130985,0.2685759115065117,-0.4659181234247839,0.27197487469207926,20
lsac,abrupt_group_mag1.0,xgb,global_ewma,DI_star,0.5295488721804512,0.16750440334485972,0.7173218857976187,0.23268392033189988,20
lsac,abrupt_group_mag1.0,xgb,global_ewma,AOD_star,0.3042105263157895,0.2246337211248633,0.3357458081262917,0.22817434934778263,20
lsac,abrupt_group_mag1.0,xgb,global_ewma,BalAcc,-0.3933985047257644,0.2104540851045804,-0.44549038269456964,0.22707080116074466,20
lsac,abrupt_group_mag1.0,xgb,global_std,DI_star,0.44421052631578944,0.17335704628982432,0.5350667544382592,0.24053742801493536,20
lsac,abrupt_group_mag1.0,xgb,global_std,AOD_star,0.2839097744360902,0.19582250278673174,0.26728082510506235,0.22911011674146697,20
lsac,abrupt_group_mag1.0,xgb,global_std,BalAcc,-0.36971047611545427,0.2178593230638632,-0.39375184041717826,0.24269710966693134,20
lsac,abrupt_group_mag1.0,xgb,subgroup_violation_diff,DI_star,-0.19368421052631576,0.30539409762568287,-0.17916231708692476,0.34051549920810215,20
lsac,abrupt_group_mag1.0,xgb,subgroup_violation_diff,AOD_star,-0.1039097744360902,0.260069047220498,-0.09880506751639517,0.2621480321666839,20
lsac,abrupt_group_mag1.0,xgb,subgroup_violation_diff,BalAcc,0.12443937094958861,0.2758406028000529,0.10976687043096367,0.28994959971838336,20
lsac,abrupt_group_mag1.0,xgb,max_subgroup_deviation,DI_star,0.3857142857142857,0.2521892385967224,0.4949164965631003,0.268402398524581,20
lsac,abrupt_group_mag1.0,xgb,max_subgroup_deviation,AOD_star,0.24992481203007513,0.1936148477114781,0.23242408518098528,0.21026607629923927,20
lsac,abrupt_group_mag1.0,xgb,max_subgroup_deviation,BalAcc,-0.3347065307619935,0.22257833970797192,-0.3443116291315814,0.2598169779719268,20
lsac,abrupt_group_mag1.0,xgb,assignment_proportion_drift,DI_star,0.30077818205565326,0.3004136533746755,0.3728105038703575,0.270933107579015,20
lsac,abrupt_group_mag1.0,xgb,assignment_proportion_drift,AOD_star,0.12453110395015539,0.268522013293313,0.11405600643714175,0.249275048237344,20
lsac,abrupt_group_mag1.0,xgb,assignment_proportion_drift,BalAcc,-0.26411212581061405,0.22160996704275432,-0.2483227031372747,0.20181845609682333,20
lsac,abrupt_group_mag1.0,xgb,ks_statistic,DI_star,0.41646616541353376,0.13491954835051606,0.5463333348701301,0.10587123182576764,20
lsac,abrupt_group_mag1.0,xgb,ks_statistic,AOD_star,0.2023308270676692,0.21731299179099545,0.19386039330154498,0.2186318393989001,20
lsac,abrupt_group_mag1.0,xgb,ks_statistic,BalAcc,-0.403541951550217,0.16291641733884843,-0.4019453884746479,0.14472597809931995,20
lsac,abrupt_group_mag1.0,xgb,kl_divergence,DI_star,0.5673684210526316,0.119400863596538,0.7347971411590558,0.10272334281405854,20
lsac,abrupt_group_mag1.0,xgb,kl_divergence,AOD_star,0.29150375939849615,0.2129390609997946,0.28106734820703083,0.2439504451240421,20
lsac,abrupt_group_mag1.0,xgb,kl_divergence,BalAcc,-0.5089231377300703,0.15803156487935968,-0.5111021964460524,0.16627052307782086,20
lsac,abrupt_group_mag1.0,xgb,per_subgroup_ewma[min_neg],DI_star,0.5539849624060149,0.1398402454612557,0.7496959506750029,0.14886736572241055,20
lsac,abrupt_group_mag1.0,xgb,per_subgroup_ewma[min_neg],AOD_star,0.301578947368421,0.23784581448047964,0.32172495969278486,0.25100786028360333,20
lsac,abrupt_group_mag1.0,xgb,per_subgroup_ewma[min_neg],BalAcc,-0.4171952568090863,0.15804060084208008,-0.46488370383315114,0.15844564981141812,20
lsac,abrupt_group_mag1.0,xgb,per_subgroup_baseline_relative[min_neg],DI_star,0.3927067669172932,0.19826044037090826,0.5140121930838782,0.19455078699052597,20
lsac,abrupt_group_mag1.0,xgb,per_subgroup_baseline_relative[min_neg],AOD_star,0.21045112781954883,0.27708189025031305,0.20939878258825484,0.26726538662553284,20
lsac,abrupt_group_mag1.0,xgb,per_subgroup_baseline_relative[min_neg],BalAcc,-0.368093835774708,0.23753122936662396,-0.3844526777174465,0.2570688715385935,20
lsac,abrupt_group_mag1.0,xgb,per_subgroup_ewma[min_pos],DI_star,0.4130827067669173,0.26274300269568274,0.5962737780499825,0.38349593125371234,20
lsac,abrupt_group_mag1.0,xgb,per_subgroup_ewma[min_pos],AOD_star,0.2245112781954887,0.2588821711082531,0.2577697740294687,0.2797770498467818,20
lsac,abrupt_group_mag1.0,xgb,per_subgroup_ewma[min_pos],BalAcc,-0.40200674952430465,0.23306116526255857,-0.4249919046126074,0.2587567099805145,20
lsac,abrupt_group_mag1.0,xgb,per_subgroup_baseline_relative[min_pos],DI_star,0.29330827067669174,0.2650993795630557,0.42209196309803526,0.31342029454835035,20
lsac,abrupt_group_mag1.0,xgb,per_subgroup_baseline_relative[min_pos],AOD_star,0.16616541353383457,0.2187391081739606,0.17047518093402367,0.23405583215497194,20
lsac,abrupt_group_mag1.0,xgb,per_subgroup_baseline_relative[min_pos],BalAcc,-0.38997121589032807,0.2531181264829219,-0.3799283947790972,0.2597015822982099,20
lsac,abrupt_group_mag1.0,xgb,per_subgroup_ewma[maj_neg],DI_star,0.2540601503759399,0.3212814507435704,0.34318894608885997,0.5220933304219724,20
lsac,abrupt_group_mag1.0,xgb,per_subgroup_ewma[maj_neg],AOD_star,0.16285714285714284,0.23527616945110158,0.18459640742940692,0.25626240054887495,20
lsac,abrupt_group_mag1.0,xgb,per_subgroup_ewma[maj_neg],BalAcc,-0.22027736965182668,0.4029911567414941,-0.2267370829489324,0.39278025207775985,20
lsac,abrupt_group_mag1.0,xgb,per_subgroup_baseline_relative[maj_neg],DI_star,0.24804511278195487,0.18967972744874811,0.3039191399938369,0.2744233045986669,20
lsac,abrupt_group_mag1.0,xgb,per_subgroup_baseline_relative[maj_neg],AOD_star,0.1112781954887218,0.2515367432882073,0.1227781872876704,0.2633533197597847,20
lsac,abrupt_group_mag1.0,xgb,per_subgroup_baseline_relative[maj_neg],BalAcc,-0.2383162886530797,0.3030227077681067,-0.22331771454301202,0.30617379008694073,20
lsac,abrupt_group_mag1.0,xgb,per_subgroup_ewma[maj_pos],DI_star,0.29157894736842105,0.44739227838073636,0.3423436023714094,0.5835574097035016,20
lsac,abrupt_group_mag1.0,xgb,per_subgroup_ewma[maj_pos],AOD_star,0.1481954887218045,0.3052159210091226,0.1367521615838419,0.31912363014566064,20
lsac,abrupt_group_mag1.0,xgb,per_subgroup_ewma[maj_pos],BalAcc,-0.20275939284035166,0.35615395909542097,-0.2349144679712119,0.37733424087097894,20
lsac,abrupt_group_mag1.0,xgb,per_subgroup_baseline_relative[maj_pos],DI_star,0.30609022556390975,0.3006317335204361,0.33306326352682125,0.3599701692003943,20
lsac,abrupt_group_mag1.0,xgb,per_subgroup_baseline_relative[maj_pos],AOD_star,0.1933834586466165,0.2181619598765589,0.16974933462339928,0.24014448416992526,20
lsac,abrupt_group_mag1.0,xgb,per_subgroup_baseline_relative[maj_pos],BalAcc,-0.22030810522665117,0.2275489620105525,-0.22890149786356623,0.25616598313505407,20
lsac,abrupt_group_mag2.0,lr,global_mean,DI_star,0.5495980194047592,0.08986958736810834,0.8851251062205433,0.036588985664338526,20
lsac,abrupt_group_mag2.0,lr,global_mean,AOD_star,0.5268421052631578,0.09996355828736388,0.8336334526986876,0.05650592512555854,20
lsac,abrupt_group_mag2.0,lr,global_mean,BalAcc,-0.24556390977443607,0.16747120718168762,-0.3553653873007077,0.16852822704639797,20
lsac,abrupt_group_mag2.0,lr,global_ewma,DI_star,0.5472658065140107,0.13029099318141787,0.8413174711359934,0.03310767883672373,20
lsac,abrupt_group_mag2.0,lr,global_ewma,AOD_star,0.538796992481203,0.12199381928665924,0.8034914139705803,0.04939459893124731,20
lsac,abrupt_group_mag2.0,lr,global_ewma,BalAcc,-0.2858646616541353,0.17162493700074236,-0.35849638289958474,0.17594006711355575,20
lsac,abrupt_group_mag2.0,lr,global_std,DI_star,0.5369676848699519,0.12086177892295205,0.902534595318294,0.024871347658568566,20
lsac,abrupt_group_mag2.0,lr,global_std,AOD_star,0.531203007518797,0.09776503540748967,0.854871208912582,0.044296245705061854,20
lsac,abrupt_group_mag2.0,lr,global_std,BalAcc,-0.2985714285714286,0.19521002400980936,-0.38189561792837673,0.1750020105138456,20
lsac,abrupt_group_mag2.0,lr,subgroup_violation_diff,DI_star,-0.4215115935412104,0.20736605543491987,-0.5745843671642723,0.32326924220225195,20
lsac,abrupt_group_mag2.0,lr,subgroup_violation_diff,AOD_star,-0.3983458646616541,0.21180914208053028,-0.5469785243981319,0.29897850404714327,20
lsac,abrupt_group_mag2.0,lr,subgroup_violation_diff,BalAcc,0.22977443609022555,0.26035960120607965,0.2562690405077182,0.2816843583279981,20
lsac,abrupt_group_mag2.0,lr,max_subgroup_deviation,DI_star,0.5077158878957241,0.12713384488605245,0.762270363339576,0.07828951207759581,20
lsac,abrupt_group_mag2.0,lr,max_subgroup_deviation,AOD_star,0.49390977443609013,0.12009990282417077,0.7109993192888128,0.10337208023280885,20
lsac,abrupt_group_mag2.0,lr,max_subgroup_deviation,BalAcc,-0.3347368421052631,0.16470071977965162,-0.39709008440665067,0.16201927927271895,20
lsac,abrupt_group_mag2.0,lr,assignment_proportion_drift,DI_star,0.46813795578003214,0.1895538218168709,0.5565065113424275,0.1575645181368699,20
lsac,abrupt_group_mag2.0,lr,assignment_proportion_drift,AOD_star,0.4032810936697203,0.18288086932173878,0.5310355756999422,0.15012477630968657,20
lsac,abrupt_group_mag2.0,lr,assignment_proportion_drift,BalAcc,-0.2326353507245087,0.22633955458713823,-0.2261847198590833,0.2389292337560956,20
lsac,abrupt_group_mag2.0,lr,ks_statistic,DI_star,0.6173428893848807,0.10416825171420058,0.8179693192652875,0.05377099438967518,20
lsac,abrupt_group_mag2.0,lr,ks_statistic,AOD_star,0.5833834586466164,0.10331874940016066,0.7897453078887123,0.06288775485479872,20
lsac,abrupt_group_mag2.0,lr,ks_statistic,BalAcc,-0.3103007518796993,0.21791039395378037,-0.36284969606085415,0.1848842665463298,20
lsac,abrupt_group_mag2.0,lr,kl_divergence,DI_star,0.5660273968732848,0.10377397104440444,0.9053584959334522,0.02327737652593425,20
lsac,abrupt_group_mag2.0,lr,kl_divergence,AOD_star,0.5275187969924812,0.11828155048503255,0.8590771141683111,0.03986104754559618,20
lsac,abrupt_group_mag2.0,lr,kl_divergence,BalAcc,-0.29263157894736846,0.17256017490568362,-0.38503660259583994,0.1745026714350836,20
lsac,abrupt_group_mag2.0,lr,per_subgroup_ewma[min_neg],DI_star,0.5530554216087394,0.14804713940847974,0.7595925917948102,0.20833122612548854,20
lsac,abrupt_group_mag2.0,lr,per_subgroup_ewma[min_neg],AOD_star,0.5721052631578946,0.12691985440882272,0.73258954163623,0.18664329162348794,20
lsac,abrupt_group_mag2.0,lr,per_subgroup_ewma[min_neg],BalAcc,-0.242406015037594,0.17719148648927338,-0.2750027772826007,0.19337959688193307,20
lsac,abrupt_group_mag2.0,lr,per_subgroup_baseline_relative[min_neg],DI_star,0.48422181087515037,0.14228740144926202,0.6458284115971203,0.1852808171597133,20
lsac,abrupt_group_mag2.0,lr,per_subgroup_baseline_relative[min_neg],AOD_star,0.5027067669172931,0.13589534503379525,0.6226769371342165,0.17139656753282476,20
lsac,abrupt_group_mag2.0,lr,per_subgroup_baseline_relative[min_neg],BalAcc,-0.12030075187969921,0.19207958570649983,-0.1414613621958924,0.2075864386883602,20
lsac,abrupt_group_mag2.0,lr,per_subgroup_ewma[min_pos],DI_star,0.5055753640264189,0.16206319437003036,0.777225577243089,0.15482796651215824,20
lsac,abrupt_group_mag2.0,lr,per_subgroup_ewma[min_pos],AOD_star,0.4914285714285714,0.15514439558443463,0.7391663219196637,0.15682664280604802,20
lsac,abrupt_group_mag2.0,lr,per_subgroup_ewma[min_pos],BalAcc,-0.2826315789473684,0.21556823690750984,-0.3383359704108886,0.2121476261186588,20
lsac,abrupt_group_mag2.0,lr,per_subgroup_baseline_relative[min_pos],DI_star,0.41760238474719336,0.14211303003725892,0.5955929036367349,0.24273172866104895,20
lsac,abrupt_group_mag2.0,lr,per_subgroup_baseline_relative[min_pos],AOD_star,0.41654135338345866,0.16657487060678253,0.5583117577535395,0.24124863310307074,20
lsac,abrupt_group_mag2.0,lr,per_subgroup_baseline_relative[min_pos],BalAcc,-0.2716541353383458,0.20820974380771304,-0.3043585209166568,0.2224554588870471,20
lsac,abrupt_group_mag2.0,lr,per_subgroup_ewma[maj_neg],DI_star,0.5474556289166124,0.13401460469403081,0.7965479909608817,0.08307374659646727,20
lsac,abrupt_group_mag2.0,lr,per_subgroup_ewma[maj_neg],AOD_star,0.5318045112781955,0.125005986628081,0.766533550774298,0.08018548225543724,20
lsac,abrupt_group_mag2.0,lr,per_subgroup_ewma[maj_neg],BalAcc,-0.28661654135338344,0.18412390168249232,-0.33191024760753723,0.19005471952726738,20
lsac,abrupt_group_mag2.0,lr,per_subgroup_baseline_relative[maj_neg],DI_star,0.5156854450404065,0.119286309182952,0.6737198995171992,0.14272389780636996,20
lsac,abrupt_group_mag2.0,lr,per_subgroup_baseline_relative[maj_neg],AOD_star,0.48436090225563905,0.11593380322238189,0.6382096013972789,0.13144538077955423,20
lsac,abrupt_group_mag2.0,lr,per_subgroup_baseline_relative[maj_neg],BalAcc,-0.2119548872180451,0.234400097069619,-0.26021342524889646,0.22368420062313477,20
lsac,abrupt_group_mag2.0,lr,per_subgroup_ewma[maj_pos],DI_star,0.5432065894474916,0.13965363138608222,0.7674297307963401,0.12174778966384274,20
lsac,abrupt_group_mag2.0,lr,per_subgroup_ewma[maj_pos],AOD_star,0.5369172932330827,0.11094898977082333,0.7395642144308113,0.1174489861388645,20
lsac,abrupt_group_mag2.0,lr,per_subgroup_ewma[maj_pos],BalAcc,-0.29330827067669174,0.1780901150960315,-0.3406934192022406,0.19265859272704658,20
lsac,abrupt_group_mag2.0,lr,per_subgroup_baseline_relative[maj_pos],DI_star,0.4835056726830748,0.15436943781290458,0.6697009699389271,0.16963853183754707,20
lsac,abrupt_group_mag2.0,lr,per_subgroup_baseline_relative[maj_pos],AOD_star,0.46150375939849625,0.15637499918376113,0.6392284583369789,0.1562778225500379,20
lsac,abrupt_group_mag2.0,lr,per_subgroup_baseline_relative[maj_pos],BalAcc,-0.2502255639097744,0.2240800314134736,-0.29491353569316325,0.2379392226131528,20
lsac,abrupt_group_mag2.0,xgb,global_mean,DI_star,0.5265105895265304,0.10294614833730381,0.8556969209135705,0.04371062598273989,20
lsac,abrupt_group_mag2.0,xgb,global_mean,AOD_star,-0.2840601503759398,0.26468382511373584,-0.3514509651817217,0.28929812662844817,20
lsac,abrupt_group_mag2.0,xgb,global_mean,BalAcc,-0.5818045112781955,0.11208294659948888,-0.6918598816744795,0.10440762180661892,20
lsac,abrupt_group_mag2.0,xgb,global_ewma,DI_star,0.5994856475403749,0.09766238483722081,0.8235800700559051,0.03737763385893834,20
lsac,abrupt_group_mag2.0,xgb,global_ewma,AOD_star,-0.22954887218045114,0.2652826254940168,-0.29207808574426924,0.26028365795440345,20
lsac,abrupt_group_mag2.0,xgb,global_ewma,BalAcc,-0.49721804511278195,0.1118965495840141,-0.595984972899405,0.09549302502457382,20
lsac,abrupt_group_mag2.0,xgb,global_std,DI_star,0.532225469164993,0.0912226188538711,0.8741420844957934,0.03784591256024527,20
lsac,abrupt_group_mag2.0,xgb,global_std,AOD_star,-0.27135338345864657,0.2632367121495883,-0.3573199071997854,0.2806775986222067,20
lsac,abrupt_group_mag2.0,xgb,global_std,BalAcc,-0.5742857142857144,0.13264393920548515,-0.6920823801049099,0.09420595901438684,20
lsac,abrupt_group_mag2.0,xgb,subgroup_violation_diff,DI_star,-0.37561458423234184,0.2596196685766866,-0.5419372769021927,0.3275130772454332,20
lsac,abrupt_group_mag2.0,xgb,subgroup_violation_diff,AOD_star,0.1925563909774436,0.28668946164674436,0.17820222024656654,0.3103272044597848,20
lsac,abrupt_group_mag2.0,xgb,subgroup_violation_diff,BalAcc,0.4245112781954886,0.20748724833739596,0.45031384120367346,0.22471909703269285,20
lsac,abrupt_group_mag2.0,xgb,max_subgroup_deviation,DI_star,0.49222744891224945,0.09334001074218086,0.7448428805696302,0.06171721086625573,20
lsac,abrupt_group_mag2.0,xgb,max_subgroup_deviation,AOD_star,-0.27984962406015035,0.202742182488865,-0.29876396769927016,0.21994882922628628,20
lsac,abrupt_group_mag2.0,xgb,max_subgroup_deviation,BalAcc,-0.5309774436090225,0.13415177417090052,-0.5813745276521521,0.12617354098150213,20
lsac,abrupt_group_mag2.0,xgb,assignment_proportion_drift,DI_star,0.4522607395958282,0.17265894294673115,0.5383831684188151,0.1564393579988469,20
lsac,abrupt_group_mag2.0,xgb,assignment_proportion_drift,AOD_star,-0.16248120033281793,0.2818311526132132,-0.19952232804820452,0.24821893808434448,20
lsac,abrupt_group_mag2.0,xgb,assignment_proportion_drift,BalAcc,-0.3824557537032537,0.15345670398636665,-0.40089148542570996,0.15194648239876662,20
lsac,abrupt_group_mag2.0,xgb,ks_statistic,DI_star,0.6512133022045297,0.11192762093749417,0.8085862692655151,0.06705019929397638,20
lsac,abrupt_group_mag2.0,xgb,ks_statistic,AOD_star,-0.18541353383458647,0.24917619937871172,-0.25208638089797825,0.26351069335729976,20
lsac,abrupt_group_mag2.0,xgb,ks_statistic,BalAcc,-0.5540601503759397,0.11378250415107932,-0.6205968188616255,0.1113458064447173,20
lsac,abrupt_group_mag2.0,xgb,kl_divergence,DI_star,0.5253452466979549,0.12268005188346527,0.8766568669941011,0.031728564442403774,20
lsac,abrupt_group_mag2.0,xgb,kl_divergence,AOD_star,-0.3051127819548872,0.2326903804645163,-0.3610141013224455,0.27390821998369774,20
lsac,abrupt_group_mag2.0,xgb,kl_divergence,BalAcc,-0.5842857142857143,0.1122639482443678,-0.6975001092038142,0.09051478079944142,20
lsac,abrupt_group_mag2.0,xgb,per_subgroup_ewma[min_neg],DI_star,0.5867046259625778,0.144030467625068,0.7394813669147806,0.21876972380865928,20
lsac,abrupt_group_mag2.0,xgb,per_subgroup_ewma[min_neg],AOD_star,-0.2206766917293233,0.2541655340872307,-0.28016799578135554,0.2615312346669311,20
lsac,abrupt_group_mag2.0,xgb,per_subgroup_ewma[min_neg],BalAcc,-0.48218045112781943,0.13373593982121754,-0.5455844214807648,0.1648073692062246,20
lsac,abrupt_group_mag2.0,xgb,per_subgroup_baseline_relative[min_neg],DI_star,0.4721114569385966,0.18419098039638843,0.6224871853172234,0.19319544085766877,20
lsac,abrupt_group_mag2.0,xgb,per_subgroup_baseline_relative[min_neg],AOD_star,-0.22924812030075184,0.2884649840706501,-0.2711490524674053,0.2946607951349722,20
lsac,abrupt_group_mag2.0,xgb,per_subgroup_baseline_relative[min_neg],BalAcc,-0.4764661654135338,0.12848502130988115,-0.5077321362117811,0.16314350388181967,20
lsac,abrupt_group_mag2.0,xgb,per_subgroup_ewma[min_pos],DI_star,0.5300097573257632,0.15530239719329222,0.7609958491406842,0.15648637471968024,20
lsac,abrupt_group_mag2.0,xgb,per_subgroup_ewma[min_pos],AOD_star,-0.22624060150375938,0.24584395534890233,-0.2799560148896044,0.25933842979517485,20
lsac,abrupt_group_mag2.0,xgb,per_subgroup_ewma[min_pos],BalAcc,-0.49947368421052635,0.14603298171489995,-0.5592257829547481,0.14317820676539222,20
lsac,abrupt_group_mag2.0,xgb,per_subgroup_baseline_relative[min_pos],DI_star,0.39948095271116724,0.2193543495213479,0.5786351054151028,0.2537105338172751,20
lsac,abrupt_group_mag2.0,xgb,per_subgroup_baseline_relative[min_pos],AOD_star,-0.24924812030075186,0.2819021003218418,-0.26277748505271253,0.27093432866299516,20
lsac,abrupt_group_mag2.0,xgb,per_subgroup_baseline_relative[min_pos],BalAcc,-0.45511278195488714,0.21690929214730023,-0.48969789776592243,0.21869561803739776,20
lsac,abrupt_group_mag2.0,xgb,per_subgroup_ewma[maj_neg],DI_star,0.5806896732149041,0.14886144640098933,0.7728799771031306,0.10984004985766131,20
lsac,abrupt_group_mag2.0,xgb,per_subgroup_ewma[maj_neg],AOD_star,-0.19548872180451127,0.2794100696066072,-0.26605354481003096,0.26493228462326074,20
lsac,abrupt_group_mag2.0,xgb,per_subgroup_ewma[maj_neg],BalAcc,-0.5027067669172933,0.11483160091407284,-0.5718750597676676,0.10647900954283103,20
lsac,abrupt_group_mag2.0,xgb,per_subgroup_baseline_relative[maj_neg],DI_star,0.46764064336159183,0.21649502112736024,0.643325284505106,0.17015213472013252,20
lsac,abrupt_group_mag2.0,xgb,per_subgroup_baseline_relative[maj_neg],AOD_star,-0.1957142857142857,0.32614710133461505,-0.2041685113002163,0.30483473268886996,20
lsac,abrupt_group_mag2.0,xgb,per_subgroup_baseline_relative[maj_neg],BalAcc,-0.5491729323308271,0.1276510167133495,-0.5592037783860574,0.12232760065271309,20
lsac,abrupt_group_mag2.0,xgb,per_subgroup_ewma[maj_pos],DI_star,0.559787021626355,0.11215672889028924,0.7498240177693744,0.113522133332656,20
lsac,abrupt_group_mag2.0,xgb,per_subgroup_ewma[maj_pos],AOD_star,-0.21203007518796985,0.24203473497535863,-0.2586710731317947,0.24331728855077975,20
lsac,abrupt_group_mag2.0,xgb,per_subgroup_ewma[maj_pos],BalAcc,-0.47729323308270677,0.11037266185130575,-0.5520550889717836,0.10810485507707102,20
lsac,abrupt_group_mag2.0,xgb,per_subgroup_baseline_relative[maj_pos],DI_star,0.4360254454081324,0.1406101787273198,0.6395516667348911,0.16917580846228103,20
lsac,abrupt_group_mag2.0,xgb,per_subgroup_baseline_relative[maj_pos],AOD_star,-0.23105263157894734,0.23543574577686285,-0.2457153940184587,0.23425709130970612,20
lsac,abrupt_group_mag2.0,xgb,per_subgroup_baseline_relative[maj_pos],BalAcc,-0.4492481203007518,0.17330190975556237,-0.5014828468667019,0.1648868061978189,20
lsac,abrupt_global_mag0.5,lr,global_mean,DI_star,0.44210526315789467,0.2053801754086837,0.6092484828677837,0.16242891092057818,20
lsac,abrupt_global_mag0.5,lr,global_mean,AOD_star,0.09601503759398496,0.30381235115018373,0.15938053852918838,0.2805086723623138,20
lsac,abrupt_global_mag0.5,lr,global_mean,BalAcc,-0.09315789473684209,0.22690552145133577,-0.17392617836344043,0.25776590882845196,20
lsac,abrupt_global_mag0.5,lr,global_ewma,DI_star,0.4586466165413533,0.2111044692869115,0.529486794132843,0.20271466078737368,20
lsac,abrupt_global_mag0.5,lr,global_ewma,AOD_star,0.11233082706766917,0.2829626501550695,0.1365596887826003,0.28948064571957405,20
lsac,abrupt_global_mag0.5,lr,global_ewma,BalAcc,-0.1436842105263158,0.22283079760668828,-0.16304296135251412,0.2456290127585991,20
lsac,abrupt_global_mag0.5,lr,global_std,DI_star,-0.014060150375939834,0.3665742495359728,0.02122859389828973,0.44493678710158724,20
lsac,abrupt_global_mag0.5,lr,global_std,AOD_star,-0.13496240601503756,0.21668117613994844,-0.1135237578795534,0.21671085862495,20
lsac,abrupt_global_mag0.5,lr,global_std,BalAcc,0.04789473684210526,0.24288869414917513,0.027698428768912597,0.2558586061217506,20
lsac,abrupt_global_mag0.5,lr,subgroup_violation_diff,DI_star,0.13323308270676693,0.4738656771392112,0.16721031158873467,0.5855853652607559,20
lsac,abrupt_global_mag0.5,lr,subgroup_violation_diff,AOD_star,0.12962406015037592,0.24478902923484638,0.16913233821522794,0.2532432110434386,20
lsac,abrupt_global_mag0.5,lr,subgroup_violation_diff,BalAcc,-0.1333082706766917,0.2648795561457119,-0.11377800476457031,0.29039480837840076,20
lsac,abrupt_global_mag0.5,lr,max_subgroup_deviation,DI_star,0.4347757512080458,0.19928707572099988,0.5732554373578891,0.20588364921443184,20
lsac,abrupt_global_mag0.5,lr,max_subgroup_deviation,AOD_star,0.0863787595748273,0.3059555978647521,0.13202043889835455,0.3103772239725579,20
lsac,abrupt_global_mag0.5,lr,max_subgroup_deviation,BalAcc,-0.12711002869236168,0.22754660523921016,-0.176381045937853,0.25618094958105964,20
lsac,abrupt_global_mag0.5,lr,assignment_proportion_drift,DI_star,0.4530584093892183,0.1684965763117993,0.6100118279024066,0.15773398262877278,20
lsac,abrupt_global_mag0.5,lr,assignment_proportion_drift,AOD_star,0.08073719886755419,0.26472486913230586,0.15661061714012184,0.2753835668173156,20
lsac,abrupt_global_mag0.5,lr,assignment_proportion_drift,BalAcc,-0.15857878461585248,0.2737393883824748,-0.17746701660327233,0.2649138843201687,20
lsac,abrupt_global_mag0.5,lr,ks_statistic,DI_star,0.49909774436090215,0.18263212064663656,0.6196414766974374,0.15777261357941247,20
lsac,abrupt_global_mag0.5,lr,ks_statistic,AOD_star,0.14022556390977442,0.29616268392498796,0.16301555832703213,0.28475470957249477,20
lsac,abrupt_global_mag0.5,lr,ks_statistic,BalAcc,-0.22067669172932333,0.2609843102966945,-0.18983383483684496,0.264425150282079,20
lsac,abrupt_global_mag0.5,lr,kl_divergence,DI_star,0.47075187969924814,0.14959078860814526,0.5959925244171942,0.16454408103179596,20
lsac,abrupt_global_mag0.5,lr,kl_divergence,AOD_star,0.11541353383458645,0.2717055945799921,0.15022730793820932,0.2792468518717726,20
lsac,abrupt_global_mag0.5,lr,kl_divergence,BalAcc,-0.15631578947368419,0.22539114937987254,-0.17711195947074174,0.2564076983449145,20
lsac,abrupt_global_mag0.5,lr,per_subgroup_ewma[min_neg],DI_star,0.46323308270676683,0.207308095605253,0.5316061696301292,0.2039229700316864,20
lsac,abrupt_global_mag0.5,lr,per_subgroup_ewma[min_neg],AOD_star,0.11796992481203006,0.28194284686071397,0.140986454188925,0.28921774692893637,20
lsac,abrupt_global_mag0.5,lr,per_subgroup_ewma[min_neg],BalAcc,-0.16,0.21839349922620907,-0.163843752303041,0.247382112278527,20
lsac,abrupt_global_mag0.5,lr,per_subgroup_baseline_relative[min_neg],DI_star,0.47721804511278193,0.15158556719641933,0.6089996744689603,0.1629622295419295,20
lsac,abrupt_global_mag0.5,lr,per_subgroup_baseline_relative[min_neg],AOD_star,0.13842105263157894,0.22441737431566394,0.17101188573358594,0.27374404956584353,20
lsac,abrupt_global_mag0.5,lr,per_subgroup_baseline_relative[min_neg],BalAcc,-0.1271428571428571,0.2122067599575407,-0.17381802677774905,0.24789156277035831,20
lsac,abrupt_global_mag0.5,lr,per_subgroup_ewma[min_pos],DI_star,0.4504511278195489,0.21686612810524908,0.5124639216850075,0.22112578950514863,20
lsac,abrupt_global_mag0.5,lr,per_subgroup_ewma[min_pos],AOD_star,0.11022556390977442,0.2881487499100694,0.12371895936713487,0.2981458163605478,20
lsac,abrupt_global_mag0.5,lr,per_subgroup_ewma[min_pos],BalAcc,-0.15082706766917292,0.23032032741274688,-0.17659612292045299,0.24040982470506228,20
lsac,abrupt_global_mag0.5,lr,per_subgroup_baseline_relative[min_pos],DI_star,0.4052976788001897,0.2805505052956736,0.5482306158393777,0.2609250322333998,20
lsac,abrupt_global_mag0.5,lr,per_subgroup_baseline_relative[min_pos],AOD_star,0.07252748743475237,0.32882962356217443,0.11907465682264813,0.32152800730477044,20
lsac,abrupt_global_mag0.5,lr,per_subgroup_baseline_relative[min_pos],BalAcc,-0.1369737773273031,0.21582293375669293,-0.18452011299995963,0.2503463146869665,20
lsac,abrupt_global_mag0.5,lr,per_subgroup_ewma[maj_neg],DI_star,0.4567669172932331,0.21377032070456614,0.5144351257891044,0.22983698315427517,20
lsac,abrupt_global_mag0.5,lr,per_subgroup_ewma[maj_neg],AOD_star,0.11075187969924812,0.2799765280132251,0.13794059385668306,0.2932381134236915,20
lsac,abrupt_global_mag0.5,lr,per_subgroup_ewma[maj_neg],BalAcc,-0.16541353383458646,0.23601550467393484,-0.16146522301643745,0.2419020907251088,20
lsac,abrupt_global_mag0.5,lr,per_subgroup_baseline_relative[maj_neg],DI_star,0.44629805474876233,0.20785384584732855,0.5560657696335801,0.21628413676403527,20
lsac,abrupt_global_mag0.5,lr,per_subgroup_baseline_relative[maj_neg],AOD_star,0.14842210793892083,0.20635029275023134,0.17316369439747825,0.25811318190258736,20
lsac,abrupt_global_mag0.5,lr,per_subgroup_baseline_relative[maj_neg],BalAcc,-0.08662729716748507,0.22327857551775623,-0.1561278795087287,0.2447218056364386,20
lsac,abrupt_global_mag0.5,lr,per_subgroup_ewma[maj_pos],DI_star,0.46744360902255633,0.20549480167847284,0.5309308256824821,0.20307095439701253,20
lsac,abrupt_global_mag0.5,lr,per_subgroup_ewma[maj_pos],AOD_star,0.12293233082706764,0.280122920694066,0.13837441335007516,0.2900455166330703,20
lsac,abrupt_global_mag0.5,lr,per_subgroup_ewma[maj_pos],BalAcc,-0.14052631578947367,0.2275518787849999,-0.16476266786776259,0.24675382451672917,20
lsac,abrupt_global_mag0.5,lr,per_subgroup_baseline_relative[maj_pos],DI_star,0.4394736842105262,0.16503228449849033,0.6115493529285235,0.15521759302007548,20
lsac,abrupt_global_mag0.5,lr,per_subgroup_baseline_relative[maj_pos],AOD_star,0.0918796992481203,0.31863270699556934,0.16218482795029723,0.2830665298746767,20
lsac,abrupt_global_mag0.5,lr,per_subgroup_baseline_relative[maj_pos],BalAcc,-0.09969924812030075,0.25802079384853516,-0.17492424212859622,0.2583093331589601,20
lsac,abrupt_global_mag0.5,xgb,global_mean,DI_star,0.5524060150375939,0.12499784610049991,0.8740743785356344,0.05008385860926386,20
lsac,abrupt_global_mag0.5,xgb,global_mean,AOD_star,0.28751879699248123,0.23946611808021262,0.36862332349191285,0.25345062740523117,20
lsac,abrupt_global_mag0.5,xgb,global_mean,BalAcc,-0.5580538519519863,0.10655351804349264,-0.9780554496033848,0.009848153710152836,20
lsac,abrupt_global_mag0.5,xgb,global_ewma,DI_star,0.5152631578947366,0.09897921534250208,0.7331311040670717,0.0819025228615886,20
lsac,abrupt_global_mag0.5,xgb,global_ewma,AOD_star,0.22466165413533828,0.2264880317754322,0.2800055978385873,0.2527105464780922,20
lsac,abrupt_global_mag0.5,xgb,global_ewma,BalAcc,-0.5479783245968173,0.09544890081208916,-0.8379612614626133,0.02230865352609959,20
lsac,abrupt_global_mag0.5,xgb,global_std,DI_star,0.07503759398496239,0.4312822589756242,0.1300162903687828,0.6199809834504987,20
lsac,abrupt_global_mag0.5,xgb,global_std,AOD_star,0.007067669172932325,0.3118465263207073,-0.009551484272140889,0.3552731007902532,20
lsac,abrupt_global_mag0.5,xgb,global_std,BalAcc,-0.0809711932641134,0.4764163067736489,-0.1692627717531225,0.687583791235829,20
lsac,abrupt_global_mag0.5,xgb,subgroup_violation_diff,DI_star,0.13751879699248115,0.5980673407459516,0.16123644441356416,0.8340257429631946,20
lsac,abrupt_global_mag0.5,xgb,subgroup_violation_diff,AOD_star,0.12142857142857144,0.38198563460398943,0.13374896941116365,0.4191558110494272,20
lsac,abrupt_global_mag0.5,xgb,subgroup_violation_diff,BalAcc,-0.09741649355700058,0.562610279163588,-0.17032137951609277,0.9306182108227419,20
lsac,abrupt_global_mag0.5,xgb,max_subgroup_deviation,DI_star,0.5718192745363068,0.14300616724442394,0.8494152386117557,0.08967675017783648,20
lsac,abrupt_global_mag0.5,xgb,max_subgroup_deviation,AOD_star,0.31677367671600815,0.21320279173339923,0.3503942512423336,0.25193417876187135,20
lsac,abrupt_global_mag0.5,xgb,max_subgroup_deviation,BalAcc,-0.5627361237408938,0.11975693569645607,-0.9555898570575927,0.044722902705116994,20
lsac,abrupt_global_mag0.5,xgb,assignment_proportion_drift,DI_star,0.542515612497464,0.13447536574994814,0.871151490765353,0.05072163618386199,20
lsac,abrupt_global_mag0.5,xgb,assignment_proportion_drift,AOD_star,0.27601853508452046,0.22714310983936273,0.3683993890768456,0.25540497364650927,20
lsac,abrupt_global_mag0.5,xgb,assignment_proportion_drift,BalAcc,-0.5575015610182275,0.08229165295180658,-0.972556546420593,0.011996978320481924,20
lsac,abrupt_global_mag0.5,xgb,ks_statistic,DI_star,0.5703007518796992,0.10173671402280084,0.8754176639764772,0.05104860309654297,20
lsac,abrupt_global_mag0.5,xgb,ks_statistic,AOD_star,0.2878947368421052,0.20148045819714794,0.3672497564408472,0.2508848400278387,20
lsac,abrupt_global_mag0.5,xgb,ks_statistic,BalAcc,-0.6401987312652552,0.10271998243316678,-0.9799123886045727,0.005978050809773527,20
lsac,abrupt_global_mag0.5,xgb,kl_divergence,DI_star,0.5405263157894736,0.11173698857523842,0.8498035329141048,0.03738264879234743,20
lsac,abrupt_global_mag0.5,xgb,kl_divergence,AOD_star,0.24962406015037591,0.22986427012152358,0.35041252707964066,0.24808879660601713,20
lsac,abrupt_global_mag0.5,xgb,kl_divergence,BalAcc,-0.5819654364427107,0.11755517799464596,-0.9525653727670512,0.02131301824866327,20
lsac,abrupt_global_mag0.5,xgb,per_subgroup_ewma[min_neg],DI_star,0.5137593984962405,0.09851205176429895,0.7337009236793124,0.08499368902673456,20
lsac,abrupt_global_mag0.5,xgb,per_subgroup_ewma[min_neg],AOD_star,0.21661654135338343,0.23069133429328648,0.2800338629315805,0.25300874638731746,20
lsac,abrupt_global_mag0.5,xgb,per_subgroup_ewma[min_neg],BalAcc,-0.5458733159778556,0.10184731105773516,-0.8385790713136169,0.028494733066742384,20
lsac,abrupt_global_mag0.5,xgb,per_subgroup_baseline_relative[min_neg],DI_star,0.5729323308270675,0.10835940391160236,0.8645781039573924,0.056875580948320216,20
lsac,abrupt_global_mag0.5,xgb,per_subgroup_baseline_relative[min_neg],AOD_star,0.3203007518796992,0.25344257582157564,0.367132436040893,0.26093803750879274,20
lsac,abrupt_global_mag0.5,xgb,per_subgroup_baseline_relative[min_neg],BalAcc,-0.5477199605186513,0.11007434577015954,-0.9666904873476989,0.015254338368557555,20
lsac,abrupt_global_mag0.5,xgb,per_subgroup_ewma[min_pos],DI_star,0.5124812030075188,0.10303616307729202,0.7147672264568073,0.09231529720971977,20
lsac,abrupt_global_mag0.5,xgb,per_subgroup_ewma[min_pos],AOD_star,0.2239097744360902,0.22452487507236085,0.26499050919263567,0.2532722000666773,20
lsac,abrupt_global_mag0.5,xgb,per_subgroup_ewma[min_pos],BalAcc,-0.5481285591261488,0.10264801167629488,-0.8214161986242567,0.048234409697688045,20
lsac,abrupt_global_mag0.5,xgb,per_subgroup_baseline_relative[min_pos],DI_star,0.5174246626849847,0.2302864117211913,0.812386059989436,0.17112056799523892,20
lsac,abrupt_global_mag0.5,xgb,per_subgroup_baseline_relative[min_pos],AOD_star,0.27739445292958076,0.245767499994104,0.3274612409531099,0.2707601856816171,20
lsac,abrupt_global_mag0.5,xgb,per_subgroup_baseline_relative[min_pos],BalAcc,-0.5200619095527724,0.13683371936972083,-0.9216337882982316,0.13109380622062294,20
lsac,abrupt_global_mag0.5,xgb,per_subgroup_ewma[maj_neg],DI_star,0.4842105263157895,0.11684026667542505,0.7039744439735841,0.130136750981868,20
lsac,abrupt_global_mag0.5,xgb,per_subgroup_ewma[maj_neg],AOD_star,0.20240601503759398,0.22870860545326682,0.2651350681737263,0.25681388361996976,20
lsac,abrupt_global_mag0.5,xgb,per_subgroup_ewma[maj_neg],BalAcc,-0.5532413127989323,0.10707726598017274,-0.8072424026456773,0.11590460089962239,20
lsac,abrupt_global_mag0.5,xgb,per_subgroup_baseline_relative[maj_neg],DI_star,0.4882166674745445,0.19960978323655845,0.7753569792103644,0.19263108116979605,20
lsac,abrupt_global_mag0.5,xgb,per_subgroup_baseline_relative[maj_neg],AOD_star,0.248729052965538,0.21487263317409583,0.32341716523058545,0.26294538455692756,20
lsac,abrupt_global_mag0.5,xgb,per_subgroup_baseline_relative[maj_neg],BalAcc,-0.5536602289810981,0.1938334742178852,-0.8750105184696014,0.19551600521255993,20
lsac,abrupt_global_mag0.5,xgb,per_subgroup_ewma[maj_pos],DI_star,0.515563909774436,0.09773079720812244,0.7315480852427457,0.07826848034305309,20
lsac,abrupt_global_mag0.5,xgb,per_subgroup_ewma[maj_pos],AOD_star,0.22488721804511277,0.21268574301360263,0.2773198904387221,0.24937418923200452,20
lsac,abrupt_global_mag0.5,xgb,per_subgroup_ewma[maj_pos],BalAcc,-0.5472265297438803,0.09274513986132235,-0.8365495651867072,0.023480041615668728,20
lsac,abrupt_global_mag0.5,xgb,per_subgroup_baseline_relative[maj_pos],DI_star,0.49751879699248114,0.09216496453947949,0.8731625450549112,0.045563798920027966,20
lsac,abrupt_global_mag0.5,xgb,per_subgroup_baseline_relative[maj_pos],AOD_star,0.23601503759398496,0.16836429964847616,0.3663040347547711,0.241980679146408,20
lsac,abrupt_global_mag0.5,xgb,per_subgroup_baseline_relative[maj_pos],BalAcc,-0.5538807923516929,0.1264059511519276,-0.9765751379752723,0.008520346752939533,20
lsac,abrupt_global_mag1.0,lr,global_mean,DI_star,0.5592186291384884,0.1096314586575712,0.8706843099626379,0.05225980886973702,20
lsac,abrupt_global_mag1.0,lr,global_mean,AOD_star,0.4493233082706767,0.16748234643458357,0.6193046627544123,0.16521747425299885,20
lsac,abrupt_global_mag1.0,lr,global_mean,BalAcc,-0.4257894736842105,0.1512196444188401,-0.5905449242904252,0.1720019669245789,20
lsac,abrupt_global_mag1.0,lr,global_ewma,DI_star,0.529675385096666,0.10098779865063602,0.7198479237050328,0.08981216703899914,20
lsac,abrupt_global_mag1.0,lr,global_ewma,AOD_star,0.4110526315789474,0.18049139588298665,0.4862214926769048,0.19781124007127282,20
lsac,abrupt_global_mag1.0,lr,global_ewma,BalAcc,-0.3906766917293233,0.20808933230413332,-0.4958479094504534,0.19235464798585486,20
lsac,abrupt_global_mag1.0,lr,global_std,DI_star,0.5574552895313685,0.1009958697558283,0.8257156256954854,0.06438135379482422,20
lsac,abrupt_global_mag1.0,lr,global_std,AOD_star,0.4642857142857143,0.1432451201698843,0.5800289043688633,0.15166049777915183,20
lsac,abrupt_global_mag1.0,lr,global_std,BalAcc,-0.379172932330827,0.16050071109913341,-0.5729451525694735,0.1540708578556464,20
lsac,abrupt_global_mag1.0,lr,subgroup_violation_diff,DI_star,0.17095335432855846,0.532257424873726,0.18555796770810146,0.7492940189457582,20
lsac,abrupt_global_mag1.0,lr,subgroup_violation_diff,AOD_star,0.19631578947368417,0.4418569900297982,0.21181285143330758,0.5307060921287452,20
lsac,abrupt_global_mag1.0,lr,subgroup_violation_diff,BalAcc,-0.13842105263157894,0.4424819312506384,-0.15003839083261636,0.5197927556303579,20
lsac,abrupt_global_mag1.0,lr,max_subgroup_deviation,DI_star,0.5988071174743136,0.0919450134990253,0.8718399905233962,0.04921420392327398,20
lsac,abrupt_global_mag1.0,lr,max_subgroup_deviation,AOD_star,0.49097744360902257,0.19077219448403004,0.62217756368502,0.16666940138033767,20
lsac,abrupt_global_mag1.0,lr,max_subgroup_deviation,BalAcc,-0.42924812030075177,0.15012646599362472,-0.5912862733857384,0.17041307751992615,20
lsac,abrupt_global_mag1.0,lr,assignment_proportion_drift,DI_star,0.6080529339564404,0.126936029925688,0.848862886918807,0.10008777346907617,20
lsac,abrupt_global_mag1.0,lr,assignment_proportion_drift,AOD_star,0.47306935190275395,0.22080100417782247,0.6009146916426921,0.19275853592664122,20
lsac,abrupt_global_mag1.0,lr,assignment_proportion_drift,BalAcc,-0.4726877021460668,0.22198411729893736,-0.5794452605384015,0.20201377297647705,20
lsac,abrupt_global_mag1.0,lr,ks_statistic,DI_star,0.5906507075479138,0.10266984551896026,0.8736582784288357,0.05030878674065313,20
lsac,abrupt_global_mag1.0,lr,ks_statistic,AOD_star,0.46443609022556387,0.19817031512634564,0.6224204855823877,0.1672540337661008,20
lsac,abrupt_global_mag1.0,lr,ks_statistic,BalAcc,-0.4700751879699248,0.1582162140859255,-0.594730398349147,0.17176021791842438,20
lsac,abrupt_global_mag1.0,lr,kl_divergence,DI_star,0.5768507030226709,0.11407410557424019,0.8688163983769168,0.054283720913644494,20
lsac,abrupt_global_mag1.0,lr,kl_divergence,AOD_star,0.4540601503759397,0.14969430096469322,0.6195188265603851,0.1604203047658379,20
lsac,abrupt_global_mag1.0,lr,kl_divergence,BalAcc,-0.4133082706766918,0.14966544559320644,-0.5895688783520758,0.16640901082664816,20
lsac,abrupt_global_mag1.0,lr,per_subgroup_ewma[min_neg],DI_star,0.5317428987180282,0.10505482862201841,0.715345557591532,0.0912591318522712,20
lsac,abrupt_global_mag1.0,lr,per_subgroup_ewma[min_neg],AOD_star,0.4102255639097745,0.18353418881048078,0.4831789596500287,0.19877103593916481,20
lsac,abrupt_global_mag1.0,lr,per_subgroup_ewma[min_neg],BalAcc,-0.39917293233082696,0.19959622025260398,-0.4938520397607373,0.19193243961450132,20
lsac,abrupt_global_mag1.0,lr,per_subgroup_baseline_relative[min_neg],DI_star,0.5885468584952022,0.11183937616729102,0.8639724077405122,0.05271016047946132,20
lsac,abrupt_global_mag1.0,lr,per_subgroup_baseline_relative[min_neg],AOD_star,0.451203007518797,0.17545236430044828,0.6123866021620654,0.1672907594080397,20
lsac,abrupt_global_mag1.0,lr,per_subgroup_baseline_relative[min_neg],BalAcc,-0.46556390977443607,0.15631678402038707,-0.5975959888959288,0.17173458621961538,20
lsac,abrupt_global_mag1.0,lr,per_subgroup_ewma[min_pos],DI_star,0.5311793707519915,0.10309767692277234,0.7205549729896507,0.0892166617923669,20
lsac,abrupt_global_mag1.0,lr,per_subgroup_ewma[min_pos],AOD_star,0.41082706766917293,0.1889027081310352,0.48705356052731963,0.19791578252956926,20
lsac,abrupt_global_mag1.0,lr,per_subgroup_ewma[min_pos],BalAcc,-0.39541353383458644,0.203215418468561,-0.4964321256136562,0.19152606141043474,20
lsac,abrupt_global_mag1.0,lr,per_subgroup_baseline_relative[min_pos],DI_star,0.5942956130219957,0.09038164133075315,0.8713549881552257,0.04969780707575065,20
lsac,abrupt_global_mag1.0,lr,per_subgroup_baseline_relative[min_pos],AOD_star,0.4881203007518796,0.18981851900326926,0.6214786741487738,0.1655217365016194,20
lsac,abrupt_global_mag1.0,lr,per_subgroup_baseline_relative[min_pos],BalAcc,-0.41548872180451124,0.14118058547064272,-0.5916257833852702,0.17086385532983353,20
lsac,abrupt_global_mag1.0,lr,per_subgroup_ewma[maj_neg],DI_star,0.5370439192777121,0.10020653507410913,0.7175458670813791,0.09368971533267766,20
lsac,abrupt_global_mag1.0,lr,per_subgroup_ewma[maj_neg],AOD_star,0.41796992481203005,0.1803066307431396,0.4838882138725952,0.20051886880224232,20
lsac,abrupt_global_mag1.0,lr,per_subgroup_ewma[maj_neg],BalAcc,-0.4012781954887218,0.20847077871365455,-0.49741335161968514,0.19461592928453658,20
lsac,abrupt_global_mag1.0,lr,per_subgroup_baseline_relative[maj_neg],DI_star,0.5174158430686164,0.10185849964730533,0.8543140163193993,0.06025172519930886,20
lsac,abrupt_global_mag1.0,lr,per_subgroup_baseline_relative[maj_neg],AOD_star,0.4163157894736842,0.13976331316689933,0.6088173133161298,0.16070712546181226,20
lsac,abrupt_global_mag1.0,lr,per_subgroup_baseline_relative[maj_neg],BalAcc,-0.40541353383458645,0.15223913397961228,-0.5813759095875345,0.17146396444231912,20
lsac,abrupt_global_mag1.0,lr,per_subgroup_ewma[maj_pos],DI_star,0.5333221571895893,0.10270629770012946,0.7199107109262325,0.08833667126304738,20
lsac,abrupt_global_mag1.0,lr,per_subgroup_ewma[maj_pos],AOD_star,0.4139097744360901,0.17669900800877456,0.4867202095390103,0.19580048182084556,20
lsac,abrupt_global_mag1.0,lr,per_subgroup_ewma[maj_pos],BalAcc,-0.3938345864661654,0.20423627020561155,-0.49472504755674274,0.19283101241437967,20
lsac,abrupt_global_mag1.0,lr,per_subgroup_baseline_relative[maj_pos],DI_star,0.5430158620175725,0.06876731530207242,0.8675054661087097,0.049516706918647894,20
lsac,abrupt_global_mag1.0,lr,per_subgroup_baseline_relative[maj_pos],AOD_star,0.44330827067669176,0.12555769648307513,0.6181024842164786,0.16266988536061708,20
lsac,abrupt_global_mag1.0,lr,per_subgroup_baseline_relative[maj_pos],BalAcc,-0.4242857142857142,0.14209712750709833,-0.5856386495884613,0.1709864613265956,20
lsac,abrupt_global_mag1.0,xgb,global_mean,DI_star,0.5605263157894737,0.12070971370271874,0.9525221738410286,0.018060569769936037,20
lsac,abrupt_global_mag1.0,xgb,global_mean,AOD_star,0.5521804511278193,0.12088168006566957,0.8233279480628852,0.0803164796522912,20
lsac,abrupt_global_mag1.0,xgb,global_mean,BalAcc,-0.5785591329281914,0.1403071283395621,-0.9895374552434643,0.005167937847341964,20
lsac,abrupt_global_mag1.0,xgb,global_ewma,DI_star,0.5335338345864662,0.06528221197198189,0.7997421000915521,0.02811045330653855,20
lsac,abrupt_global_mag1.0,xgb,global_ewma,AOD_star,0.4939849624060151,0.10260499807264387,0.6732368162013542,0.0840838884580295,20
lsac,abrupt_global_mag1.0,xgb,global_ewma,BalAcc,-0.5383628056417473,0.10431833736922015,-0.8408823413347024,0.014111690478063148,20
lsac,abrupt_global_mag1.0,xgb,global_std,DI_star,0.5638345864661652,0.10024276598255526,0.9024603572376909,0.054544337539597705,20
lsac,abrupt_global_mag1.0,xgb,global_std,AOD_star,0.549548872180451,0.11465065890829236,0.7760231307795575,0.09516565197321805,20
lsac,abrupt_global_mag1.0,xgb,global_std,BalAcc,-0.5705088162391626,0.07900107453722378,-0.9426923242855704,0.04511445280973867,20
lsac,abrupt_global_mag1.0,xgb,subgroup_violation_diff,DI_star,0.11804511278195488,0.5677056204999993,0.17165413222321393,0.8279434055919663,20
lsac,abrupt_global_mag1.0,xgb,subgroup_violation_diff,AOD_star,0.10909774436090225,0.566231506192284,0.164851750669368,0.728134622335066,20
lsac,abrupt_global_mag1.0,xgb,subgroup_violation_diff,BalAcc,-0.08756214638553869,0.5088552498575707,-0.17922445694015862,0.8598564745277555,20
lsac,abrupt_global_mag1.0,xgb,max_subgroup_deviation,DI_star,0.5781203007518797,0.10472955514973337,0.9511844047754769,0.01934342058031977,20
lsac,abrupt_global_mag1.0,xgb,max_subgroup_deviation,AOD_star,0.5734586466165411,0.13137838635121354,0.8223227093694552,0.08538940777426164,20
lsac,abrupt_global_mag1.0,xgb,max_subgroup_deviation,BalAcc,-0.5675443640141911,0.103727031845163,-0.988000152855111,0.004011863989839293,20
lsac,abrupt_global_mag1.0,xgb,assignment_proportion_drift,DI_star,0.6022035339527372,0.10639552319243932,0.9268253899913226,0.07194075624501718,20
lsac,abrupt_global_mag1.0,xgb,assignment_proportion_drift,AOD_star,0.5720303958789499,0.106117881842805,0.8013161410063736,0.10192064791530309,20
lsac,abrupt_global_mag1.0,xgb,assignment_proportion_drift,BalAcc,-0.547669766451945,0.1403617461377529,-0.9594368992518806,0.07401062336258979,20
lsac,abrupt_global_mag1.0,xgb,ks_statistic,DI_star,0.5908270676691729,0.10349525056265661,0.953669912065951,0.017775550983479722,20
lsac,abrupt_global_mag1.0,xgb,ks_statistic,AOD_star,0.5805263157894738,0.12692965321278626,0.825261100393291,0.08143739126189825,20
lsac,abrupt_global_mag1.0,xgb,ks_statistic,BalAcc,-0.5978057259953454,0.1172504227042545,-0.9897115454238221,0.003898858905008267,20
lsac,abrupt_global_mag1.0,xgb,kl_divergence,DI_star,0.607142857142857,0.09550810886017673,0.9487840816314105,0.01607636445636206,20
lsac,abrupt_global_mag1.0,xgb,kl_divergence,AOD_star,0.598345864661654,0.09852309798558993,0.8240697377663487,0.07761861788087977,20
lsac,abrupt_global_mag1.0,xgb,kl_divergence,BalAcc,-0.5760014126918757,0.1140910085585386,-0.9829454528382537,0.00671063054247515,20
lsac,abrupt_global_mag1.0,xgb,per_subgroup_ewma[min_neg],DI_star,0.5313533834586467,0.05891259331774308,0.7930128032800404,0.02871172756191901,20
lsac,abrupt_global_mag1.0,xgb,per_subgroup_ewma[min_neg],AOD_star,0.49225563909774434,0.1001138760284563,0.6658777965615463,0.08393787015550767,20
lsac,abrupt_global_mag1.0,xgb,per_subgroup_ewma[min_neg],BalAcc,-0.5385138320699812,0.10776182393913485,-0.8342995451255149,0.01687713799393303,20
lsac,abrupt_global_mag1.0,xgb,per_subgroup_baseline_relative[min_neg],DI_star,0.5218796992481203,0.11659564585462587,0.9373035273160364,0.024083662509165903,20
lsac,abrupt_global_mag1.0,xgb,per_subgroup_baseline_relative[min_neg],AOD_star,0.4901503759398496,0.10879101677007169,0.8030986318410077,0.08346771052367605,20
lsac,abrupt_global_mag1.0,xgb,per_subgroup_baseline_relative[min_neg],BalAcc,-0.536900613863778,0.1279256972477393,-0.976967227672336,0.009068475395302368,20
lsac,abrupt_global_mag1.0,xgb,per_subgroup_ewma[min_pos],DI_star,0.5326315789473683,0.06637117697906106,0.7998478364432219,0.028082706349115968,20
lsac,abrupt_global_mag1.0,xgb,per_subgroup_ewma[min_pos],AOD_star,0.4961654135338346,0.10483530124285896,0.6732343305977467,0.08477001230267506,20
lsac,abrupt_global_mag1.0,xgb,per_subgroup_ewma[min_pos],BalAcc,-0.5394906817548268,0.10426631024410836,-0.8413438611691346,0.013005382135905913,20
lsac,abrupt_global_mag1.0,xgb,per_subgroup_baseline_relative[min_pos],DI_star,0.5817293233082707,0.10986943566747238,0.9512548504046782,0.019271740019212478,20
lsac,abrupt_global_mag1.0,xgb,per_subgroup_baseline_relative[min_pos],AOD_star,0.5800000000000001,0.14093852094268183,0.8225340984640891,0.08528476001174237,20
lsac,abrupt_global_mag1.0,xgb,per_subgroup_baseline_relative[min_pos],BalAcc,-0.5708524367161572,0.10346162426204392,-0.9888394074969143,0.003960161290690348,20
lsac,abrupt_global_mag1.0,xgb,per_subgroup_ewma[maj_neg],DI_star,0.5357142857142856,0.06621985969028206,0.7979723360647253,0.02861611269730658,20
lsac,abrupt_global_mag1.0,xgb,per_subgroup_ewma[maj_neg],AOD_star,0.49699248120300743,0.10246385259047022,0.6717107533991402,0.08350062217695177,20
lsac,abrupt_global_mag1.0,xgb,per_subgroup_ewma[maj_neg],BalAcc,-0.5441521379154396,0.10426090532473463,-0.8391711041271537,0.018521089594127287,20
lsac,abrupt_global_mag1.0,xgb,per_subgroup_baseline_relative[maj_neg],DI_star,0.5430075187969925,0.07929376209169202,0.9382228601950887,0.023470735391549105,20
lsac,abrupt_global_mag1.0,xgb,per_subgroup_baseline_relative[maj_neg],AOD_star,0.5409774436090224,0.09879810827810882,0.8098043772690909,0.08485840107134782,20
lsac,abrupt_global_mag1.0,xgb,per_subgroup_baseline_relative[maj_neg],BalAcc,-0.555473088873042,0.10769839448321807,-0.9780853058583878,0.010617819710424702,20
lsac,abrupt_global_mag1.0,xgb,per_subgroup_ewma[maj_pos],DI_star,0.5340601503759399,0.06642341189523253,0.7996767336911758,0.02799072055276526,20
lsac,abrupt_global_mag1.0,xgb,per_subgroup_ewma[maj_pos],AOD_star,0.49443609022556395,0.10250257666885683,0.6732841866670396,0.0843367539820726,20
lsac,abrupt_global_mag1.0,xgb,per_subgroup_ewma[maj_pos],BalAcc,-0.5385136906594628,0.10121177551202386,-0.8404778998147296,0.014325599777601287,20
lsac,abrupt_global_mag1.0,xgb,per_subgroup_baseline_relative[maj_pos],DI_star,0.590827067669173,0.12228985269765275,0.9523520576489328,0.01878778138341259,20
lsac,abrupt_global_mag1.0,xgb,per_subgroup_baseline_relative[maj_pos],AOD_star,0.5840601503759398,0.12911716390477085,0.8253360141021288,0.07684227860409958,20
lsac,abrupt_global_mag1.0,xgb,per_subgroup_baseline_relative[maj_pos],BalAcc,-0.6194227340034392,0.08923858896675897,-0.9865347949742567,0.005781556976954853,20
lsac,abrupt_global_mag2.0,lr,global_mean,DI_star,0.5953750277531105,0.08107487893985281,0.971482884151094,0.012785626839415944,20
lsac,abrupt_global_mag2.0,lr,global_mean,AOD_star,0.5818895131380908,0.08310399295815767,0.9268715957637564,0.032339063271280805,20
lsac,abrupt_global_mag2.0,lr,global_mean,BalAcc,-0.5991478814588385,0.07947813210413061,-0.9228125763203673,0.02875523639734734,20
lsac,abrupt_global_mag2.0,lr,global_ewma,DI_star,0.5486414762703424,0.09233645597368959,0.8217245049333751,0.025638596452271775,20
lsac,abrupt_global_mag2.0,lr,global_ewma,AOD_star,0.5616657027187434,0.08919964704155799,0.7818619669204708,0.05291497683576256,20
lsac,abrupt_global_mag2.0,lr,global_ewma,BalAcc,-0.5678675930944457,0.0909607871997158,-0.7818604676495111,0.04038828644077771,20
lsac,abrupt_global_mag2.0,lr,global_std,DI_star,0.5395798693660641,0.12027298161718022,0.9213615174224403,0.05472967581435786,20
lsac,abrupt_global_mag2.0,lr,global_std,AOD_star,0.5269299918976267,0.11467293554647431,0.8762287247058798,0.06273247602540427,20
lsac,abrupt_global_mag2.0,lr,global_std,BalAcc,-0.5164394176153256,0.1117609014613213,-0.8753916061841478,0.04603357022183916,20
lsac,abrupt_global_mag2.0,lr,subgroup_violation_diff,DI_star,0.4964945889277136,0.2615522767412563,0.7522141031088697,0.3889031842837224,20
lsac,abrupt_global_mag2.0,lr,subgroup_violation_diff,AOD_star,0.4542612290557989,0.2724836209053223,0.7049915959655111,0.3879173842644316,20
lsac,abrupt_global_mag2.0,lr,subgroup_violation_diff,BalAcc,-0.5162912476795615,0.28101259990447913,-0.7242941709001807,0.3695484832329077,20
lsac,abrupt_global_mag2.0,lr,max_subgroup_deviation,DI_star,0.5960115942491937,0.09072828195849625,0.9706512856101505,0.012687186542186061,20
lsac,abrupt_global_mag2.0,lr,max_subgroup_deviation,AOD_star,0.5673809500245535,0.086223341456967,0.9253369503017673,0.033178372152748825,20
lsac,abrupt_global_mag2.0,lr,max_subgroup_deviation,BalAcc,-0.6027199746597031,0.10617355348694572,-0.9228942195054606,0.02790690485398816,20
lsac,abrupt_global_mag2.0,lr,assignment_proportion_drift,DI_star,0.6026718092155503,0.09129737890980152,0.9686632647536808,0.01485201260101164,20
lsac,abrupt_global_mag2.0,lr,assignment_proportion_drift,AOD_star,0.589556324495575,0.10975172396926769,0.9241683680900113,0.03329953852336956,20
lsac,abrupt_global_mag2.0,lr,assignment_proportion_drift,BalAcc,-0.598093612448686,0.11223956338608612,-0.9195690632862025,0.028570854544441537,20
lsac,abrupt_global_mag2.0,lr,ks_statistic,DI_star,0.6127426003426322,0.07167234937034339,0.9719280157172836,0.012482902989492308,20
lsac,abrupt_global_mag2.0,lr,ks_statistic,AOD_star,0.5970039071728868,0.09764028551390926,0.9274261300436395,0.032478495242333386,20
lsac,abrupt_global_mag2.0,lr,ks_statistic,BalAcc,-0.6350114966751382,0.07793401594341519,-0.9236015842253826,0.028572139455692525,20
lsac,abrupt_global_mag2.0,lr,kl_divergence,DI_star,0.6154115894412892,0.06381842652690095,0.970044433821128,0.01408349783946707,20
lsac,abrupt_global_mag2.0,lr,kl_divergence,AOD_star,0.6132829935478739,0.10431567681011823,0.9256773665551,0.035079389937297305,20
lsac,abrupt_global_mag2.0,lr,kl_divergence,BalAcc,-0.6198989126949768,0.08483832652826417,-0.9225646287015209,0.029909779080729615,20
lsac,abrupt_global_mag2.0,lr,per_subgroup_ewma[min_neg],DI_star,0.5531152877503352,0.08916832570109695,0.8221690254234447,0.025064249768918512,20
lsac,abrupt_global_mag2.0,lr,per_subgroup_ewma[min_neg],AOD_star,0.5685831939265518,0.09104992103809872,0.7827834609409285,0.05385197388514702,20
lsac,abrupt_global_mag2.0,lr,per_subgroup_ewma[min_neg],BalAcc,-0.569747292342566,0.08657942880769753,-0.7822053225228331,0.041923974013863184,20
lsac,abrupt_global_mag2.0,lr,per_subgroup_baseline_relative[min_neg],DI_star,0.6622924058325041,0.07822278130425063,0.9676688139761886,0.0135361590452539,20
lsac,abrupt_global_mag2.0,lr,per_subgroup_baseline_relative[min_neg],AOD_star,0.6254627659052054,0.09344614897176033,0.9252041535939233,0.031744995867451074,20
lsac,abrupt_global_mag2.0,lr,per_subgroup_baseline_relative[min_neg],BalAcc,-0.6532458662176219,0.09103696070365427,-0.9190442676890976,0.03020745394711533,20
lsac,abrupt_global_mag2.0,lr,per_subgroup_ewma[min_pos],DI_star,0.5487171450360295,0.09152026193561351,0.8219328386070671,0.025203375681792494,20
lsac,abrupt_global_mag2.0,lr,per_subgroup_ewma[min_pos],AOD_star,0.5618913797569325,0.08737269089546,0.7818831202900721,0.05320817802964964,20
lsac,abrupt_global_mag2.0,lr,per_subgroup_ewma[min_pos],BalAcc,-0.570273664696247,0.08843530718619476,-0.7822332381305827,0.040277671951686654,20
lsac,abrupt_global_mag2.0,lr,per_subgroup_baseline_relative[min_pos],DI_star,0.5777407195827386,0.07896172073376762,0.9704352654947253,0.012854530785415482,20
lsac,abrupt_global_mag2.0,lr,per_subgroup_baseline_relative[min_pos],AOD_star,0.5578698839448424,0.07699719266504024,0.9256250762059615,0.03260284067551799,20
lsac,abrupt_global_mag2.0,lr,per_subgroup_baseline_relative[min_pos],BalAcc,-0.5761399384302911,0.10496606267586547,-0.9220279266038498,0.028235686781138143,20
lsac,abrupt_global_mag2.0,lr,per_subgroup_ewma[maj_neg],DI_star,0.5486799611415701,0.09593234536807356,0.8212158628134377,0.028309411342316432,20
lsac,abrupt_global_mag2.0,lr,per_subgroup_ewma[maj_neg],AOD_star,0.561966341470028,0.09336987214172683,0.7815487392063674,0.05569768344029362,20
lsac,abrupt_global_mag2.0,lr,per_subgroup_ewma[maj_neg],BalAcc,-0.5695594779693242,0.0933110945600821,-0.7810873285118201,0.04257906645306147,20
lsac,abrupt_global_mag2.0,lr,per_subgroup_baseline_relative[maj_neg],DI_star,0.5819894479487193,0.11364106816886559,0.9679605983249562,0.01623423718348651,20
lsac,abrupt_global_mag2.0,lr,per_subgroup_baseline_relative[maj_neg],AOD_star,0.577115176035228,0.09033294360650178,0.9247498461564078,0.035743032776389926,20
lsac,abrupt_global_mag2.0,lr,per_subgroup_baseline_relative[maj_neg],BalAcc,-0.5602753050582594,0.08379735886841587,-0.917637705894857,0.03163615576257385,20
lsac,abrupt_global_mag2.0,lr,per_subgroup_ewma[maj_pos],DI_star,0.5509726144411518,0.09241719030799375,0.8213511114296113,0.025230844706990687,20
lsac,abrupt_global_mag2.0,lr,per_subgroup_ewma[maj_pos],AOD_star,0.5620413031831235,0.08593476138492963,0.7816389191879562,0.05156323030779207,20
lsac,abrupt_global_mag2.0,lr,per_subgroup_ewma[maj_pos],BalAcc,-0.5715899208246416,0.08733860360935536,-0.7811133620122006,0.04109625268993851,20
lsac,abrupt_global_mag2.0,lr,per_subgroup_baseline_relative[maj_pos],DI_star,0.5773671837119257,0.0889212457616046,0.969412034874237,0.013308396967084317,20
lsac,abrupt_global_mag2.0,lr,per_subgroup_baseline_relative[maj_pos],AOD_star,0.5963248680289593,0.09718795905512988,0.9255730911612499,0.03189199104492459,20
lsac,abrupt_global_mag2.0,lr,per_subgroup_baseline_relative[maj_pos],BalAcc,-0.5600463472960455,0.09880454477254799,-0.9198243547767481,0.029637820284506868,20
lsac,abrupt_global_mag2.0,xgb,global_mean,DI_star,0.6287043213825005,0.10594958346603695,0.9830280193241722,0.010932077491172686,20
lsac,abrupt_global_mag2.0,xgb,global_mean,AOD_star,0.6222695175138904,0.10535798243411006,0.9672698754571261,0.022089740885211824,20
lsac,abrupt_global_mag2.0,xgb,global_mean,BalAcc,-0.5571268017876966,0.11321510456908047,-0.9950717687556155,0.0028858175056983904,20
lsac,abrupt_global_mag2.0,xgb,global_ewma,DI_star,0.505955051950221,0.09148405123600448,0.8314589925581994,0.011212148395902264,20
lsac,abrupt_global_mag2.0,xgb,global_ewma,AOD_star,0.5039612017379871,0.09137418045266359,0.8132599644958418,0.020860170043791853,20
lsac,abrupt_global_mag2.0,xgb,global_ewma,BalAcc,-0.6131011718122987,0.0952641125619159,-0.8470135736280675,0.004754813812444927,20
lsac,abrupt_global_mag2.0,xgb,global_std,DI_star,0.540701467577587,0.09231875800062586,0.93541610870908,0.03957282888917058,20
lsac,abrupt_global_mag2.0,xgb,global_std,AOD_star,0.5536913011798892,0.0912372562579997,0.9193876821992732,0.04149363928847074,20
lsac,abrupt_global_mag2.0,xgb,global_std,BalAcc,-0.6177966512643834,0.10893458463953493,-0.9511998884565264,0.03485965365499231,20
lsac,abrupt_global_mag2.0,xgb,subgroup_violation_diff,DI_star,0.48219198068803737,0.23077222458769722,0.7604617223442645,0.39403808057421263,20
lsac,abrupt_global_mag2.0,xgb,subgroup_violation_diff,AOD_star,0.47550512905575165,0.2399320684808868,0.7464025935834854,0.38462086160322984,20
lsac,abrupt_global_mag2.0,xgb,subgroup_violation_diff,BalAcc,-0.4873587802314459,0.2928857830249822,-0.769917695184947,0.3963290971144834,20
lsac,abrupt_global_mag2.0,xgb,max_subgroup_deviation,DI_star,0.6224366426504092,0.0834503798813502,0.9819284119715508,0.011353019487646655,20
lsac,abrupt_global_mag2.0,xgb,max_subgroup_deviation,AOD_star,0.6174228609531214,0.09072300064234287,0.9664185208742608,0.022421500478922416,20
lsac,abrupt_global_mag2.0,xgb,max_subgroup_deviation,BalAcc,-0.587637622798625,0.11691494431945867,-0.9934997705255333,0.0031729720736593495,20
lsac,abrupt_global_mag2.0,xgb,assignment_proportion_drift,DI_star,0.6059042086810905,0.10805263665378995,0.9790291413968367,0.011731353101862631,20
lsac,abrupt_global_mag2.0,xgb,assignment_proportion_drift,AOD_star,0.6050073966401495,0.09492092759430897,0.9631662832000366,0.020349463025393737,20
lsac,abrupt_global_mag2.0,xgb,assignment_proportion_drift,BalAcc,-0.5857327472399766,0.10645844856287331,-0.9913142549135608,0.005904548261391444,20
lsac,abrupt_global_mag2.0,xgb,ks_statistic,DI_star,0.6191059662300674,0.09441687302488888,0.9832465188412994,0.011029074470684538,20
lsac,abrupt_global_mag2.0,xgb,ks_statistic,AOD_star,0.613041737079449,0.08948439896081867,0.9674681956979339,0.02212299039161782,20
lsac,abrupt_global_mag2.0,xgb,ks_statistic,BalAcc,-0.5559525293625835,0.1290059033637607,-0.9949557547765414,0.002666144504463414,20
lsac,abrupt_global_mag2.0,xgb,kl_divergence,DI_star,0.6017513140408601,0.10675849935457364,0.9815018427294723,0.011011414228218145,20
lsac,abrupt_global_mag2.0,xgb,kl_divergence,AOD_star,0.5989638040558677,0.09940857540860285,0.9658184645074911,0.02229748017261399,20
lsac,abrupt_global_mag2.0,xgb,kl_divergence,BalAcc,-0.5912676752718542,0.09287348369298908,-0.993522633834154,0.0030398508579625645,20
lsac,abrupt_global_mag2.0,xgb,per_subgroup_ewma[min_neg],DI_star,0.5082147937740149,0.09231194314435932,0.8310387383356869,0.014021780417758983,20
lsac,abrupt_global_mag2.0,xgb,per_subgroup_ewma[min_neg],AOD_star,0.5074481640710539,0.09301107763671113,0.8127099446604985,0.020428435389185255,20
lsac,abrupt_global_mag2.0,xgb,per_subgroup_ewma[min_neg],BalAcc,-0.6071674269794486,0.09666757721017341,-0.8464791378987814,0.009512761731748112,20
lsac,abrupt_global_mag2.0,xgb,per_subgroup_baseline_relative[min_neg],DI_star,0.6110306751660713,0.0968158701343108,0.9748414011283675,0.014975929808660816,20
lsac,abrupt_global_mag2.0,xgb,per_subgroup_baseline_relative[min_neg],AOD_star,0.5970405544779112,0.11104463492092038,0.9593111929327376,0.024855824377481232,20
lsac,abrupt_global_mag2.0,xgb,per_subgroup_baseline_relative[min_neg],BalAcc,-0.5592896085208037,0.09023721074313619,-0.9862291996933669,0.011695641542121075,20
lsac,abrupt_global_mag2.0,xgb,per_subgroup_ewma[min_pos],DI_star,0.5042951507411493,0.09087450711374537,0.8316497134528748,0.01191975934864381,20
lsac,abrupt_global_mag2.0,xgb,per_subgroup_ewma[min_pos],AOD_star,0.505203619044832,0.08976927215589521,0.813484071619935,0.020834908109592893,20
lsac,abrupt_global_mag2.0,xgb,per_subgroup_ewma[min_pos],BalAcc,-0.6137304025358079,0.09449903153514308,-0.8472176016615972,0.005090665795830805,20
lsac,abrupt_global_mag2.0,xgb,per_subgroup_baseline_relative[min_pos],DI_star,0.6322506583095125,0.08179077533732264,0.9823561848630661,0.011007064541377733,20
lsac,abrupt_global_mag2.0,xgb,per_subgroup_baseline_relative[min_pos],AOD_star,0.6274464674398372,0.07303739001105601,0.9667129714882247,0.02211358516461905,20
lsac,abrupt_global_mag2.0,xgb,per_subgroup_baseline_relative[min_pos],BalAcc,-0.5430604540789521,0.13071836308200757,-0.9943122391210217,0.0032073414077464888,20
lsac,abrupt_global_mag2.0,xgb,per_subgroup_ewma[maj_neg],DI_star,0.5067677647851552,0.0901215487579926,0.8309816038331505,0.011843666944509055,20
lsac,abrupt_global_mag2.0,xgb,per_subgroup_ewma[maj_neg],AOD_star,0.5060577014218237,0.0893030850651277,0.8130114804959738,0.02279834133146406,20
lsac,abrupt_global_mag2.0,xgb,per_subgroup_ewma[maj_neg],BalAcc,-0.6136055374271363,0.09616878609967262,-0.8466472408997916,0.007123105586653258,20
lsac,abrupt_global_mag2.0,xgb,per_subgroup_baseline_relative[maj_neg],DI_star,0.6147019459553664,0.0624279159299035,0.979211109064494,0.01221215653853028,20
lsac,abrupt_global_mag2.0,xgb,per_subgroup_baseline_relative[maj_neg],AOD_star,0.6192582963926988,0.058249230066949494,0.9641299798777225,0.023120428320210926,20
lsac,abrupt_global_mag2.0,xgb,per_subgroup_baseline_relative[maj_neg],BalAcc,-0.5807549722385857,0.12658986799674846,-0.9921503123208918,0.005128387492808613,20
lsac,abrupt_global_mag2.0,xgb,per_subgroup_ewma[maj_pos],DI_star,0.5054054562754866,0.09039740482574618,0.83113233589053,0.011228325862624337,20
lsac,abrupt_global_mag2.0,xgb,per_subgroup_ewma[maj_pos],AOD_star,0.5021119331149787,0.09082199046807524,0.8128314538973509,0.020439536870164476,20
lsac,abrupt_global_mag2.0,xgb,per_subgroup_ewma[maj_pos],BalAcc,-0.6134483556528771,0.09225680799589145,-0.8467076543377849,0.007188810867137396,20
lsac,abrupt_global_mag2.0,xgb,per_subgroup_baseline_relative[maj_pos],DI_star,0.6263238540439426,0.11931937435238599,0.9815742701890307,0.010845033050689188,20
lsac,abrupt_global_mag2.0,xgb,per_subgroup_baseline_relative[maj_pos],AOD_star,0.6286318999539423,0.11060949265142553,0.9661109681157232,0.021574158294459307,20
lsac,abrupt_global_mag2.0,xgb,per_subgroup_baseline_relative[maj_pos],BalAcc,-0.5861681373770026,0.08443705073750761,-0.9929776666107841,0.003979743241384545,20
lsac,variance_group_mag1.5,lr,global_mean,DI_star,-0.015268115578359057,0.2603456575795854,-0.03799832356767131,0.24859240046745107,20
lsac,variance_group_mag1.5,lr,global_mean,AOD_star,0.04857142857142856,0.2445669923300176,0.031062235668169107,0.23132374396190225,20
lsac,variance_group_mag1.5,lr,global_mean,BalAcc,0.0918796992481203,0.24832841579588794,0.07514033451975972,0.21847091002780827,20
lsac,variance_group_mag1.5,lr,global_ewma,DI_star,0.04203336628483591,0.2569266072962432,0.04573964690153083,0.26203084767072765,20
lsac,variance_group_mag1.5,lr,global_ewma,AOD_star,0.03992481203007518,0.23558130819933423,0.05661096822250418,0.239841962930834,20
lsac,variance_group_mag1.5,lr,global_ewma,BalAcc,0.012030075187969929,0.23573125336155198,0.015755075534109795,0.2392867252183364,20
lsac,variance_group_mag1.5,lr,global_std,DI_star,-0.02606439724851995,0.2603572667516108,-0.029375387820096993,0.24506381229360272,20
lsac,variance_group_mag1.5,lr,global_std,AOD_star,0.024360902255639093,0.2428865179282867,0.009092948563247234,0.23996224596052856,20
lsac,variance_group_mag1.5,lr,global_std,BalAcc,0.03571428571428571,0.2614539355961021,0.025184291141870714,0.2229937952853906,20
lsac,variance_group_mag1.5,lr,subgroup_violation_diff,DI_star,-0.10410244367255109,0.2229367415639186,-0.1400583290494305,0.237968740238831,20
lsac,variance_group_mag1.5,lr,subgroup_violation_diff,AOD_star,-0.1582706766917293,0.2231788060445383,-0.19199290930640173,0.21324830488978824,20
lsac,variance_group_mag1.5,lr,subgroup_violation_diff,BalAcc,-0.04360902255639096,0.2797372437609087,-0.03762797415145327,0.29833146715098746,20
lsac,variance_group_mag1.5,lr,max_subgroup_deviation,DI_star,0.05205709480547466,0.24324204358790022,0.043228077116248466,0.2309257943335254,20
lsac,variance_group_mag1.5,lr,max_subgroup_deviation,AOD_star,0.07203007518796992,0.21744428498527404,0.09093279279402199,0.20864421420511445,20
lsac,variance_group_mag1.5,lr,max_subgroup_deviation,BalAcc,-0.001879699248120295,0.23677018838904895,-0.024389659863787282,0.2585980282866704,20
lsac,variance_group_mag1.5,lr,assignment_proportion_drift,DI_star,0.10134951111274168,0.19849587743893418,0.05744490136176804,0.16233479479021953,20
lsac,variance_group_mag1.5,lr,assignment_proportion_drift,AOD_star,0.02837411074063458,0.2118894009795966,0.021383049388296306,0.18174685783015057,20
lsac,variance_group_mag1.5,lr,assignment_proportion_drift,BalAcc,-0.024188154761906853,0.1876093963566084,-0.032482529746340874,0.2024153074090662,20
lsac,variance_group_mag1.5,lr,ks_statistic,DI_star,-0.045627259143409406,0.20309911046152823,-0.047088415739822545,0.22828967719500462,20
lsac,variance_group_mag1.5,lr,ks_statistic,AOD_star,-0.03759398496240602,0.24062076990532416,-0.030117801102256776,0.23600126054850873,20
lsac,variance_group_mag1.5,lr,ks_statistic,BalAcc,0.02052631578947369,0.21129252352882785,0.0444535650170179,0.19703616644746297,20
lsac,variance_group_mag1.5,lr,kl_divergence,DI_star,-0.02383938136468794,0.25649741283205857,-0.04352732512986592,0.21178179870473593,20
lsac,variance_group_mag1.5,lr,kl_divergence,AOD_star,-0.04466165413533834,0.23504971610897132,-0.05419114925887227,0.22060677636324758,20
lsac,variance_group_mag1.5,lr,kl_divergence,BalAcc,0.007368421052631585,0.23055034722133497,0.02536572148863654,0.2524394131899642,20
lsac,variance_group_mag1.5,lr,per_subgroup_ewma[min_neg],DI_star,0.013221827400445585,0.2526613357681391,0.005382355230772051,0.2518176838591455,20
lsac,variance_group_mag1.5,lr,per_subgroup_ewma[min_neg],AOD_star,0.025037593984962404,0.2396962646393132,0.021983103189606102,0.2562193124664615,20
lsac,variance_group_mag1.5,lr,per_subgroup_ewma[min_neg],BalAcc,-0.0007518796992481245,0.21692087668558568,0.03094021792602184,0.2501680966367821,20
lsac,variance_group_mag1.5,lr,per_subgroup_baseline_relative[min_neg],DI_star,-0.043160091530897976,0.24771146383799228,-0.06435084445083883,0.24443404138953126,20
lsac,variance_group_mag1.5,lr,per_subgroup_baseline_relative[min_neg],AOD_star,-0.0076691729323308325,0.24003688449680533,-0.0177787740223806,0.2578660321114813,20
lsac,variance_group_mag1.5,lr,per_subgroup_baseline_relative[min_neg],BalAcc,0.07984962406015038,0.24824462594958585,0.08958794632334514,0.24775492699818588,20
lsac,variance_group_mag1.5,lr,per_subgroup_ewma[min_pos],DI_star,-0.009704107449930966,0.2415789585993705,0.00012613367361249866,0.2282435277392151,20
lsac,variance_group_mag1.5,lr,per_subgroup_ewma[min_pos],AOD_star,-0.002857142857142861,0.2144815883567205,0.01262625952726518,0.22105079340843342,20
lsac,variance_group_mag1.5,lr,per_subgroup_ewma[min_pos],BalAcc,0.015639097744360904,0.25255208201415624,-0.0013816385117802123,0.24382425269465224,20
lsac,variance_group_mag1.5,lr,per_subgroup_baseline_relative[min_pos],DI_star,-0.0327982534261452,0.2365284000799929,-0.05254756852324376,0.229039866718918,20
lsac,variance_group_mag1.5,lr,per_subgroup_baseline_relative[min_pos],AOD_star,-0.006992481203007529,0.23295183082873702,-0.01341830993654411,0.23063413042333378,20
lsac,variance_group_mag1.5,lr,per_subgroup_baseline_relative[min_pos],BalAcc,0.024586466165413535,0.2282656616287639,-0.02102639973326938,0.24163414255374202,20
lsac,variance_group_mag1.5,lr,per_subgroup_ewma[maj_neg],DI_star,0.016323952767404705,0.2793256089591513,0.036655510151027824,0.2724583359941582,20
lsac,variance_group_mag1.5,lr,per_subgroup_ewma[maj_neg],AOD_star,0.026015037593984946,0.2276262114191805,0.04952496632276656,0.2511627359843134,20
lsac,variance_group_mag1.5,lr,per_subgroup_ewma[maj_neg],BalAcc,-0.0026315789473684292,0.2491139252487519,-0.009984710565598956,0.2687619575459587,20
lsac,variance_group_mag1.5,lr,per_subgroup_baseline_relative[maj_neg],DI_star,-0.01646292243834794,0.247983473140888,-0.01725316315254815,0.22761401268830372,20
lsac,variance_group_mag1.5,lr,per_subgroup_baseline_relative[maj_neg],AOD_star,0.054210526315789466,0.20711275247582916,0.06985076273253747,0.21809780518255648,20
lsac,variance_group_mag1.5,lr,per_subgroup_baseline_relative[maj_neg],BalAcc,0.10909774436090228,0.2913432353313905,0.09889325939167455,0.30690631784437206,20
lsac,variance_group_mag1.5,lr,per_subgroup_ewma[maj_pos],DI_star,0.11540018975836985,0.2004781211217272,0.11870817154183728,0.20492612762899515,20
lsac,variance_group_mag1.5,lr,per_subgroup_ewma[maj_pos],AOD_star,0.09721804511278194,0.19501752060457386,0.1050626574464049,0.20394903309907614,20
lsac,variance_group_mag1.5,lr,per_subgroup_ewma[maj_pos],BalAcc,0.02894736842105263,0.23497455607683357,0.018205329759476384,0.22628165637858363,20
lsac,variance_group_mag1.5,lr,per_subgroup_baseline_relative[maj_pos],DI_star,0.14519417227508688,0.24537753375921179,0.14443547723624756,0.21670768973731105,20
lsac,variance_group_mag1.5,lr,per_subgroup_baseline_relative[maj_pos],AOD_star,0.18413533834586465,0.19489758802355825,0.18536259279513354,0.16253814932829055,20
lsac,variance_group_mag1.5,lr,per_subgroup_baseline_relative[maj_pos],BalAcc,0.026090225563909768,0.2618507924871456,0.024542134773359935,0.26798904587627165,20
lsac,variance_group_mag1.5,xgb,global_mean,DI_star,-0.05932330827067669,0.2458490142407622,-0.048336447068660644,0.2708251742200904,20
lsac,variance_group_mag1.5,xgb,global_mean,AOD_star,-0.0625563909774436,0.2454301188557805,-0.028730395943812003,0.26303871437056325,20
lsac,variance_group_mag1.5,xgb,global_mean,BalAcc,-0.11661654135338344,0.22103241429720022,-0.09329031385514687,0.2553826059133531,20
lsac,variance_group_mag1.5,xgb,global_ewma,DI_star,-0.1303007518796992,0.18909215376121222,-0.09671711119004565,0.2111094480754969,20
lsac,variance_group_mag1.5,xgb,global_ewma,AOD_star,-0.11849624060150377,0.19029812280767108,-0.09267180567535145,0.18553978721849038,20
lsac,variance_group_mag1.5,xgb,global_ewma,BalAcc,-0.06218045112781954,0.17447450639981374,-0.06900600739995917,0.22207364533423204,20
lsac,variance_group_mag1.5,xgb,global_std,DI_star,-0.09428571428571428,0.22352668997127728,-0.07675074524664809,0.24936032496713142,20
lsac,variance_group_mag1.5,xgb,global_std,AOD_star,-0.08496240601503759,0.2211986117134517,-0.0615502861555681,0.25345264557593156,20
lsac,variance_group_mag1.5,xgb,global_std,BalAcc,-0.10571428571428572,0.1941953163844267,-0.09440983311633858,0.21262280742356413,20
lsac,variance_group_mag1.5,xgb,subgroup_violation_diff,DI_star,-0.15233082706766915,0.26443988487125797,-0.15976449337766502,0.2812705695906393,20
lsac,variance_group_mag1.5,xgb,subgroup_violation_diff,AOD_star,-0.16789473684210524,0.2054667392207294,-0.1704886030554596,0.2351586681464098,20
lsac,variance_group_mag1.5,xgb,subgroup_violation_diff,BalAcc,0.03172932330827066,0.2851477961431866,0.02817201490876915,0.2871861890617722,20
lsac,variance_group_mag1.5,xgb,max_subgroup_deviation,DI_star,0.03684210526315789,0.22218496744897706,0.021397028880286106,0.24595391634093802,20
lsac,variance_group_mag1.5,xgb,max_subgroup_deviation,AOD_star,0.04759398496240601,0.19096398922472455,0.045072015379364824,0.21215109309766095,20
lsac,variance_group_mag1.5,xgb,max_subgroup_deviation,BalAcc,-0.062030075187969914,0.2451676099941016,-0.05714202840327674,0.24846729902073758,20
lsac,variance_group_mag1.5,xgb,assignment_proportion_drift,DI_star,0.02182828086122999,0.1930173135800596,-0.020355335973129593,0.1989547883371731,20
lsac,variance_group_mag1.5,xgb,assignment_proportion_drift,AOD_star,0.0024528752122627497,0.18446545512438164,-0.013964284756002065,0.19389859141965737,20
lsac,variance_group_mag1.5,xgb,assignment_proportion_drift,BalAcc,-0.043683624975515006,0.15446550715823185,-0.04561360855355757,0.14673704731978826,20
lsac,variance_group_mag1.5,xgb,ks_statistic,DI_star,-0.004586466165413536,0.2616716245991477,-0.05344824091800284,0.23895693289732495,20
lsac,variance_group_mag1.5,xgb,ks_statistic,AOD_star,0.009022556390977451,0.23433281061664016,-0.038128619743792655,0.2372043271071383,20
lsac,variance_group_mag1.5,xgb,ks_statistic,BalAcc,-0.061578947368421046,0.21112775260800515,-0.05894513641717418,0.2027961565805978,20
lsac,variance_group_mag1.5,xgb,kl_divergence,DI_star,-0.24676691729323305,0.20007963816667973,-0.25993345157481024,0.19498170319203612,20
lsac,variance_group_mag1.5,xgb,kl_divergence,AOD_star,-0.21187969924812028,0.19997959079539562,-0.2382275560572161,0.18903433158129224,20
lsac,variance_group_mag1.5,xgb,kl_divergence,BalAcc,-0.0550375939849624,0.11364820211847737,-0.008929675088056682,0.1306219183054628,20
lsac,variance_group_mag1.5,xgb,per_subgroup_ewma[min_neg],DI_star,-0.18368421052631578,0.2159925559276975,-0.19812865281336195,0.24445121880569973,20
lsac,variance_group_mag1.5,xgb,per_subgroup_ewma[min_neg],AOD_star,-0.16030075187969922,0.1884081508223193,-0.1707502490545635,0.19927814934433077,20
lsac,variance_group_mag1.5,xgb,per_subgroup_ewma[min_neg],BalAcc,-0.06932330827067669,0.19707161356148728,-0.06195200473689416,0.2161757874977096,20
lsac,variance_group_mag1.5,xgb,per_subgroup_baseline_relative[min_neg],DI_star,-0.09172932330827065,0.2621087572399201,-0.11723475446419478,0.273835213409989,20
lsac,variance_group_mag1.5,xgb,per_subgroup_baseline_relative[min_neg],AOD_star,-0.1032330827067669,0.2519617305541833,-0.10805964216583556,0.2583788119072182,20
lsac,variance_group_mag1.5,xgb,per_subgroup_baseline_relative[min_neg],BalAcc,-0.05451127819548871,0.2815577654480068,-0.046400130013493954,0.28736316839793896,20
lsac,variance_group_mag1.5,xgb,per_subgroup_ewma[min_pos],DI_star,-0.10774436090225563,0.22408955501659036,-0.06014227767275249,0.2257818246351284,20
lsac,variance_group_mag1.5,xgb,per_subgroup_ewma[min_pos],AOD_star,-0.09045112781954887,0.19884810178720458,-0.05265491477589079,0.2122214405937122,20
lsac,variance_group_mag1.5,xgb,per_subgroup_ewma[min_pos],BalAcc,-0.13075187969924812,0.18934323890147295,-0.12811086366251473,0.17720210396696856,20
lsac,variance_group_mag1.5,xgb,per_subgroup_baseline_relative[min_pos],DI_star,0.0041353383458646534,0.23700406206199393,0.024165279188319455,0.22422184966413153,20
lsac,variance_group_mag1.5,xgb,per_subgroup_baseline_relative[min_pos],AOD_star,0.03413533834586466,0.23475369978916458,0.032726984820610025,0.22016273829888208,20
lsac,variance_group_mag1.5,xgb,per_subgroup_baseline_relative[min_pos],BalAcc,-0.15526315789473685,0.19524500423717597,-0.16184055123948124,0.18909275822740734,20
lsac,variance_group_mag1.5,xgb,per_subgroup_ewma[maj_neg],DI_star,-0.0712781954887218,0.21748561871252353,-0.04835185744280539,0.22267028882796253,20
lsac,variance_group_mag1.5,xgb,per_subgroup_ewma[maj_neg],AOD_star,-0.05834586466165413,0.17318621442011614,-0.037913614900780726,0.19759804204756473,20
lsac,variance_group_mag1.5,xgb,per_subgroup_ewma[maj_neg],BalAcc,-0.05646616541353383,0.20937141602137915,-0.04956896998564134,0.20328248062475338,20
lsac,variance_group_mag1.5,xgb,per_subgroup_baseline_relative[maj_neg],DI_star,0.06616541353383458,0.32779678475145446,0.058185266451194505,0.29955962542339626,20
lsac,variance_group_mag1.5,xgb,per_subgroup_baseline_relative[maj_neg],AOD_star,0.10082706766917289,0.26748471932973156,0.1008475731121127,0.23254051499170475,20
lsac,variance_group_mag1.5,xgb,per_subgroup_baseline_relative[maj_neg],BalAcc,-0.07616541353383458,0.30163039921906815,-0.06204605885289638,0.29396523782588674,20
lsac,variance_group_mag1.5,xgb,per_subgroup_ewma[maj_pos],DI_star,0.06240601503759398,0.27740896741574217,0.10262176962991372,0.292652606716672,20
lsac,variance_group_mag1.5,xgb,per_subgroup_ewma[maj_pos],AOD_star,0.07857142857142857,0.23748016451381615,0.08020297814041946,0.24011696411662342,20
lsac,variance_group_mag1.5,xgb,per_subgroup_ewma[maj_pos],BalAcc,-0.04082706766917292,0.19360064220128406,-0.05984431894882338,0.18197952423982935,20
lsac,variance_group_mag1.5,xgb,per_subgroup_baseline_relative[maj_pos],DI_star,0.12293233082706764,0.26007512275918815,0.11268405445202927,0.26440113204621235,20
lsac,variance_group_mag1.5,xgb,per_subgroup_baseline_relative[maj_pos],AOD_star,0.12736842105263158,0.1813312496624134,0.10659699708299733,0.20442563154049442,20
lsac,variance_group_mag1.5,xgb,per_subgroup_baseline_relative[maj_pos],BalAcc,-0.07375939849624061,0.22921973502313692,-0.06569003163454726,0.22622513046699105,20
lsac,variance_group_mag2.0,lr,global_mean,DI_star,0.0003378984090709608,0.2531610601442656,-0.01978457434302383,0.23828777536099752,20
lsac,variance_group_mag2.0,lr,global_mean,AOD_star,0.0431578947368421,0.23756071909501228,0.03541993717658657,0.22875877322743557,20
lsac,variance_group_mag2.0,lr,global_mean,BalAcc,0.08,0.24283949748508668,0.07184316920334761,0.2214815152363271,20
lsac,variance_group_mag2.0,lr,global_ewma,DI_star,0.026195308524007456,0.25955418693553584,0.05344450522479145,0.26655792363969744,20
lsac,variance_group_mag2.0,lr,global_ewma,AOD_star,0.04458646616541353,0.2127084944528885,0.055293503302712335,0.23873342531037656,20
lsac,variance_group_mag2.0,lr,global_ewma,BalAcc,0.015639097744360893,0.20989992743044103,0.017739688023320686,0.2237575606861341,20
lsac,variance_group_mag2.0,lr,global_std,DI_star,-0.010490979506611906,0.24052293852991014,-0.002070259589998632,0.23694171395333924,20
lsac,variance_group_mag2.0,lr,global_std,AOD_star,0.01789473684210525,0.24955561159563988,0.018482105824564284,0.25022671081257586,20
lsac,variance_group_mag2.0,lr,global_std,BalAcc,0.02383458646616542,0.260469305569967,0.024456870047682336,0.2317857603855861,20
lsac,variance_group_mag2.0,lr,subgroup_violation_diff,DI_star,-0.034650764385732814,0.2197917262183583,-0.0792608625588649,0.23932901520268382,20
lsac,variance_group_mag2.0,lr,subgroup_violation_diff,AOD_star,-0.10593984962406014,0.19828849632372278,-0.1346234323421415,0.21107782334027259,20
lsac,variance_group_mag2.0,lr,subgroup_violation_diff,BalAcc,-0.06586466165413533,0.26475032690894734,-0.05891427290895729,0.29301387487390396,20
lsac,variance_group_mag2.0,lr,max_subgroup_deviation,DI_star,0.007891278109977123,0.22504737933043215,0.02022965154858984,0.21331734599776092,20
lsac,variance_group_mag2.0,lr,max_subgroup_deviation,AOD_star,0.04105263157894736,0.18863767108851837,0.06132117958587626,0.19613161747968197,20
lsac,variance_group_mag2.0,lr,max_subgroup_deviation,BalAcc,0.04195488721804512,0.22866040017496375,0.00155850533673908,0.23879657211545263,20
lsac,variance_group_mag2.0,lr,assignment_proportion_drift,DI_star,0.10420480584087681,0.21194322081922323,0.07958078509479542,0.18589996945362983,20
lsac,variance_group_mag2.0,lr,assignment_proportion_drift,AOD_star,0.025634941234500767,0.2222732471628107,0.032739141574505644,0.20222696155682826,20
lsac,variance_group_mag2.0,lr,assignment_proportion_drift,BalAcc,-0.015074132955430457,0.19666427631914432,-0.04074279416783884,0.1938803194281746,20
lsac,variance_group_mag2.0,lr,ks_statistic,DI_star,-0.0658477244076244,0.18959096087697766,-0.06534294939351046,0.2065600606341211,20
lsac,variance_group_mag2.0,lr,ks_statistic,AOD_star,-0.051127819548872175,0.21592801609564038,-0.040824294267072674,0.21157286207005588,20
lsac,variance_group_mag2.0,lr,ks_statistic,BalAcc,0.04676691729323307,0.18554093763559665,0.05993396928204251,0.18170558671555193,20
lsac,variance_group_mag2.0,lr,kl_divergence,DI_star,-0.017345318180476688,0.270360860023024,-0.004335449997871579,0.2647374433743572,20
lsac,variance_group_mag2.0,lr,kl_divergence,AOD_star,-0.022406015037593974,0.23629171039401087,-0.008366984214828255,0.24665571152662055,20
lsac,variance_group_mag2.0,lr,kl_divergence,BalAcc,0.020300751879699253,0.20185666549264672,0.03619328440537251,0.20312347884690643,20
lsac,variance_group_mag2.0,lr,per_subgroup_ewma[min_neg],DI_star,0.011225288674940756,0.27214030793371236,0.028598250477934035,0.26518931752853464,20
lsac,variance_group_mag2.0,lr,per_subgroup_ewma[min_neg],AOD_star,0.015338345864661646,0.22884164873961005,0.02704582908619676,0.24622281827341702,20
lsac,variance_group_mag2.0,lr,per_subgroup_ewma[min_neg],BalAcc,0.0034586466165413554,0.18818459921814357,0.023330669022450106,0.20332932162394005,20
lsac,variance_group_mag2.0,lr,per_subgroup_baseline_relative[min_neg],DI_star,-0.024092536174820958,0.23662467803017143,-0.03571292250614473,0.24069654242282318,20
lsac,variance_group_mag2.0,lr,per_subgroup_baseline_relative[min_neg],AOD_star,0.009849624060150376,0.2269777619148334,-0.00042235213074358796,0.25000898729592574,20
lsac,variance_group_mag2.0,lr,per_subgroup_baseline_relative[min_neg],BalAcc,0.0900751879699248,0.2379871592186543,0.08463693541276326,0.21665507331496128,20
lsac,variance_group_mag2.0,lr,per_subgroup_ewma[min_pos],DI_star,0.02214307963147586,0.21453665366819305,0.02633223321694691,0.23464524548937923,20
lsac,variance_group_mag2.0,lr,per_subgroup_ewma[min_pos],AOD_star,0.042706766917293235,0.20866546009875986,0.039679257971621223,0.2289596856513313,20
lsac,variance_group_mag2.0,lr,per_subgroup_ewma[min_pos],BalAcc,0.023684210526315787,0.2515677003809323,0.00335235777333244,0.2503753886821624,20
lsac,variance_group_mag2.0,lr,per_subgroup_baseline_relative[min_pos],DI_star,-0.02906431391589608,0.20350802719765979,-0.011777463849339169,0.2112783886074019,20
lsac,variance_group_mag2.0,lr,per_subgroup_baseline_relative[min_pos],AOD_star,-0.006616541353383456,0.18471552690689186,0.007072524806539124,0.20267484651886009,20
lsac,variance_group_mag2.0,lr,per_subgroup_baseline_relative[min_pos],BalAcc,-0.0030075187969924796,0.23054500167047642,-0.0444304127663533,0.241179308690094,20
lsac,variance_group_mag2.0,lr,per_subgroup_ewma[maj_neg],DI_star,0.013938982980750475,0.2592061901224277,0.041133399835990764,0.2646065434066418,20
lsac,variance_group_mag2.0,lr,per_subgroup_ewma[maj_neg],AOD_star,0.034736842105263156,0.20314720897082233,0.04734816112206976,0.23467598538276113,20
lsac,variance_group_mag2.0,lr,per_subgroup_ewma[maj_neg],BalAcc,0.021879699248120298,0.2362312088032892,0.01495722489786327,0.24908247805360792,20
lsac,variance_group_mag2.0,lr,per_subgroup_baseline_relative[maj_neg],DI_star,-0.02102846454001238,0.2201631768005663,-0.013212164855226315,0.20595106802405705,20
lsac,variance_group_mag2.0,lr,per_subgroup_baseline_relative[maj_neg],AOD_star,0.03308270676691728,0.18426545137893002,0.0523751317646476,0.20343706300751999,20
lsac,variance_group_mag2.0,lr,per_subgroup_baseline_relative[maj_neg],BalAcc,0.10233082706766916,0.28402288232143436,0.08234590035296001,0.31079957423503624,20
lsac,variance_group_mag2.0,lr,per_subgroup_ewma[maj_pos],DI_star,0.08244556618623364,0.21384864368052162,0.09707332267586785,0.22051224459943639,20
lsac,variance_group_mag2.0,lr,per_subgroup_ewma[maj_pos],AOD_star,0.07390977443609022,0.2027591212147958,0.09224968366421468,0.20923578743979354,20
lsac,variance_group_mag2.0,lr,per_subgroup_ewma[maj_pos],BalAcc,0.026691729323308266,0.20897650544803456,0.027266807044820908,0.2043888702354203,20
lsac,variance_group_mag2.0,lr,per_subgroup_baseline_relative[maj_pos],DI_star,0.07500142012262903,0.2141816207162543,0.09913452439929431,0.2209271780157633,20
lsac,variance_group_mag2.0,lr,per_subgroup_baseline_relative[maj_pos],AOD_star,0.12488721804511278,0.17421458258977554,0.14410428032763506,0.1709420585753627,20
lsac,variance_group_mag2.0,lr,per_subgroup_baseline_relative[maj_pos],BalAcc,0.056165413533834585,0.2501079081944856,0.04598116252110845,0.2608071551413653,20
lsac,variance_group_mag2.0,xgb,global_mean,DI_star,-0.24571428571428564,0.19167500336220494,-0.2540549570933158,0.23225496014967026,20
lsac,variance_group_mag2.0,xgb,global_mean,AOD_star,-0.25375939849624063,0.2164263870875207,-0.23249995756506134,0.2324354045964932,20
lsac,variance_group_mag2.0,xgb,global_mean,BalAcc,-0.08586466165413534,0.2325970686573949,-0.06749946832094081,0.24293737750488506,20
lsac,variance_group_mag2.0,xgb,global_ewma,DI_star,-0.3606015037593985,0.1968757043531635,-0.3502024746428968,0.2127802770620507,20
lsac,variance_group_mag2.0,xgb,global_ewma,AOD_star,-0.35586466165413533,0.21337454346676293,-0.33199965940087856,0.20767510431584774,20
lsac,variance_group_mag2.0,xgb,global_ewma,BalAcc,-0.0788721804511278,0.16828369465928386,-0.05069971140506382,0.1917858477186647,20
lsac,variance_group_mag2.0,xgb,global_std,DI_star,-0.30165413533834584,0.20604214738483517,-0.2907017254773813,0.22695470130859896,20
lsac,variance_group_mag2.0,xgb,global_std,AOD_star,-0.30052631578947364,0.23381320164284886,-0.27517063248489404,0.2386480619378575,20
lsac,variance_group_mag2.0,xgb,global_std,BalAcc,-0.08097744360902255,0.20188286355874074,-0.054688947600231276,0.21182676595833436,20
lsac,variance_group_mag2.0,xgb,subgroup_violation_diff,DI_star,-0.20676691729323307,0.21059853755833252,-0.21240153402876624,0.21392888806421648,20
lsac,variance_group_mag2.0,xgb,subgroup_violation_diff,AOD_star,-0.1955639097744361,0.16829847513064977,-0.2141445873843602,0.1734955192049302,20
lsac,variance_group_mag2.0,xgb,subgroup_violation_diff,BalAcc,0.024285714285714306,0.29733216512342264,0.0068568736716373285,0.29989059679947216,20
lsac,variance_group_mag2.0,xgb,max_subgroup_deviation,DI_star,-0.11075187969924812,0.24670330172021213,-0.11008016888708086,0.24611828209713102,20
lsac,variance_group_mag2.0,xgb,max_subgroup_deviation,AOD_star,-0.1,0.2609824149356572,-0.10070853515189244,0.24532646681030765,20
lsac,variance_group_mag2.0,xgb,max_subgroup_deviation,BalAcc,-0.015112781954887222,0.23023164123732043,-0.031773551784426333,0.2287206020173569,20
lsac,variance_group_mag2.0,xgb,assignment_proportion_drift,DI_star,-0.019843704350594328,0.20896019119730583,-0.011272873621439873,0.1994070624565631,20
lsac,variance_group_mag2.0,xgb,assignment_proportion_drift,AOD_star,0.0024858652569716396,0.2295577281316532,-0.0025934250437850393,0.2111056180539203,20
lsac,variance_group_mag2.0,xgb,assignment_proportion_drift,BalAcc,-0.01991418188455637,0.14788173251171735,-0.03124305509326485,0.1450754454149983,20
lsac,variance_group_mag2.0,xgb,ks_statistic,DI_star,-0.13466165413533834,0.26817873057668373,-0.1349333908170634,0.23559692891997897,20
lsac,variance_group_mag2.0,xgb,ks_statistic,AOD_star,-0.10962406015037593,0.24801770492222364,-0.11679319976052609,0.2237344943365239,20
lsac,variance_group_mag2.0,xgb,ks_statistic,BalAcc,-0.03781954887218044,0.22343318194496714,-0.03244280154065887,0.2120300727384007,20
lsac,variance_group_mag2.0,xgb,kl_divergence,DI_star,-0.423157894736842,0.1789608891082157,-0.4007155149226308,0.18020453949378204,20
lsac,variance_group_mag2.0,xgb,kl_divergence,AOD_star,-0.39601503759398493,0.1813213821065308,-0.37714421300035994,0.17876260723060378,20
lsac,variance_group_mag2.0,xgb,kl_divergence,BalAcc,-0.06488721804511279,0.1533954550815084,0.0112254160228429,0.1446274079304123,20
lsac,variance_group_mag2.0,xgb,per_subgroup_ewma[min_neg],DI_star,-0.3941353383458646,0.2066314799078093,-0.39342842517219345,0.2302064184978755,20
lsac,variance_group_mag2.0,xgb,per_subgroup_ewma[min_neg],AOD_star,-0.3742105263157895,0.2069214869963187,-0.3740786067377927,0.21545988418703788,20
lsac,variance_group_mag2.0,xgb,per_subgroup_ewma[min_neg],BalAcc,-0.05090225563909774,0.1674220337157238,-0.03446044754641537,0.19529106881147698,20
lsac,variance_group_mag2.0,xgb,per_subgroup_baseline_relative[min_neg],DI_star,-0.3269172932330827,0.22015027322401973,-0.33418217730200217,0.24988401253939477,20
lsac,variance_group_mag2.0,xgb,per_subgroup_baseline_relative[min_neg],AOD_star,-0.3381954887218045,0.24154696754834123,-0.3187808196762127,0.250600649936031,20
lsac,variance_group_mag2.0,xgb,per_subgroup_baseline_relative[min_neg],BalAcc,-0.047368421052631574,0.2519649726600233,-0.032449164019331275,0.2494431313636523,20
lsac,variance_group_mag2.0,xgb,per_subgroup_ewma[min_pos],DI_star,-0.22488721804511275,0.26068157120290314,-0.1927417892772941,0.2657688802796946,20
lsac,variance_group_mag2.0,xgb,per_subgroup_ewma[min_pos],AOD_star,-0.21812030075187971,0.24537763033477472,-0.18350969416348928,0.25914713542979523,20
lsac,variance_group_mag2.0,xgb,per_subgroup_ewma[min_pos],BalAcc,-0.11045112781954887,0.17563657107565667,-0.09989725030086828,0.18192040053096278,20
lsac,variance_group_mag2.0,xgb,per_subgroup_baseline_relative[min_pos],DI_star,-0.04398496240601504,0.25696906363696653,-0.017332456447964027,0.23301379523226057,20
lsac,variance_group_mag2.0,xgb,per_subgroup_baseline_relative[min_pos],AOD_star,-0.02157894736842106,0.23666100009751231,-0.015228854816738352,0.22390972424759942,20
lsac,variance_group_mag2.0,xgb,per_subgroup_baseline_relative[min_pos],BalAcc,-0.13729323308270674,0.2256556705586323,-0.1325969218108827,0.19965320329191139,20
lsac,variance_group_mag2.0,xgb,per_subgroup_ewma[maj_neg],DI_star,-0.1663157894736842,0.23727464977692492,-0.18225618101217306,0.21011718665961107,20
lsac,variance_group_mag2.0,xgb,per_subgroup_ewma[maj_neg],AOD_star,-0.15969924812030073,0.24691417946073632,-0.16041166286050598,0.20704580819787183,20
lsac,variance_group_mag2.0,xgb,per_subgroup_ewma[maj_neg],BalAcc,-0.05315789473684211,0.23181965568433416,-0.017985511782843838,0.250946758866435,20
lsac,variance_group_mag2.0,xgb,per_subgroup_baseline_relative[maj_neg],DI_star,-0.019172932330827067,0.22726868312098825,-0.050578377908385076,0.21849510014852525,20
lsac,variance_group_mag2.0,xgb,per_subgroup_baseline_relative[maj_neg],AOD_star,-0.023759398496240595,0.16618181118697106,-0.024646284315855145,0.1593499633575313,20
lsac,variance_group_mag2.0,xgb,per_subgroup_baseline_relative[maj_neg],BalAcc,-0.09015037593984962,0.28942172173009884,-0.0733758947604021,0.3102137214640271,20
lsac,variance_group_mag2.0,xgb,per_subgroup_ewma[maj_pos],DI_star,0.017894736842105265,0.3671332102286596,0.042391570119852125,0.35740549302298547,20
lsac,variance_group_mag2.0,xgb,per_subgroup_ewma[maj_pos],AOD_star,0.015263157894736822,0.3389662732984344,0.02328856803127546,0.31581080707193543,20
lsac,variance_group_mag2.0,xgb,per_subgroup_ewma[maj_pos],BalAcc,-0.04082706766917292,0.17291812625545816,-0.047733206170149575,0.16770629453685093,20
lsac,variance_group_mag2.0,xgb,per_subgroup_baseline_relative[maj_pos],DI_star,0.10556390977443611,0.26525079677266805,0.09967893890412519,0.246625682004715,20
lsac,variance_group_mag2.0,xgb,per_subgroup_baseline_relative[maj_pos],AOD_star,0.09676691729323307,0.19947257891879952,0.08859887775971256,0.21195396045201642,20
lsac,variance_group_mag2.0,xgb,per_subgroup_baseline_relative[maj_pos],BalAcc,-0.042105263157894736,0.23664414689247162,-0.03975539451944616,0.21962199923359949,20
lsac,variance_group_mag2.5,lr,global_mean,DI_star,-0.031199557880761584,0.2601270602358679,-0.03487779596937773,0.25864969775054153,20
lsac,variance_group_mag2.5,lr,global_mean,AOD_star,0.022706766917293224,0.24191787452243926,0.007056778587491178,0.2511082403368646,20
lsac,variance_group_mag2.5,lr,global_mean,BalAcc,0.062255639097744356,0.23710018162695884,0.06668838611282994,0.21919867371909732,20
lsac,variance_group_mag2.5,lr,global_ewma,DI_star,-0.017370101995134356,0.27543854200239065,0.022541562887481992,0.2830651495104273,20
lsac,variance_group_mag2.5,lr,global_ewma,AOD_star,0.000451127819548873,0.23021033919299774,0.01693769000947188,0.255521991300831,20
lsac,variance_group_mag2.5,lr,global_ewma,BalAcc,0.0013533834586466147,0.20281076513831706,0.012099201676269858,0.21140225953890532,20
lsac,variance_group_mag2.5,lr,global_std,DI_star,-0.03977146404801477,0.26086771377249873,-0.018121822296315752,0.2689799669938342,20
lsac,variance_group_mag2.5,lr,global_std,AOD_star,-0.009999999999999998,0.2749262385723644,-0.011343072616723227,0.2740470848372011,20
lsac,variance_group_mag2.5,lr,global_std,BalAcc,0.016766917293233076,0.24260597128089734,0.02153418793965289,0.22354493726323185,20
lsac,variance_group_mag2.5,lr,subgroup_violation_diff,DI_star,-0.06609627107560054,0.19963301072126205,-0.08704815713806949,0.21077138842689871,20
lsac,variance_group_mag2.5,lr,subgroup_violation_diff,AOD_star,-0.10052631578947366,0.20051619461871387,-0.11855576873709177,0.1749984133507121,20
lsac,variance_group_mag2.5,lr,subgroup_violation_diff,BalAcc,-0.01616541353383459,0.30232329134781993,0.0035576847440537533,0.30046986709997264,20
lsac,variance_group_mag2.5,lr,max_subgroup_deviation,DI_star,-0.012926606940967011,0.24128385229151822,0.023538322627889612,0.21940776572605514,20
lsac,variance_group_mag2.5,lr,max_subgroup_deviation,AOD_star,0.014736842105263165,0.2546995560856002,0.05605944993892863,0.23920388199201317,20
lsac,variance_group_mag2.5,lr,max_subgroup_deviation,BalAcc,0.01699248120300751,0.21796270156381,0.01678021213578671,0.2261326221961699,20
lsac,variance_group_mag2.5,lr,assignment_proportion_drift,DI_star,0.10032620001606207,0.23467531769271746,0.07311247907777248,0.21607121505071905,20
lsac,variance_group_mag2.5,lr,assignment_proportion_drift,AOD_star,0.02733926927561211,0.2579712200417091,0.03311420456845999,0.23745046902256323,20
lsac,variance_group_mag2.5,lr,assignment_proportion_drift,BalAcc,0.009442100172591955,0.18754078153632184,-0.018529757762241212,0.1986865400835567,20
lsac,variance_group_mag2.5,lr,ks_statistic,DI_star,-0.06972358036660678,0.19387782647518925,-0.07504367624958586,0.2075902171134137,20
lsac,variance_group_mag2.5,lr,ks_statistic,AOD_star,-0.04834586466165413,0.19680199422451977,-0.04739421463277755,0.20575163451199344,20
lsac,variance_group_mag2.5,lr,ks_statistic,BalAcc,0.06270676691729322,0.16545119188563215,0.07247816679297117,0.16485812071528713,20
lsac,variance_group_mag2.5,lr,kl_divergence,DI_star,-0.031098858562689895,0.2831532082158703,-0.028113618345055724,0.28303109053216463,20
lsac,variance_group_mag2.5,lr,kl_divergence,AOD_star,-0.02150375939849624,0.24042667520386435,-0.027068113574018216,0.2696925277201882,20
lsac,variance_group_mag2.5,lr,kl_divergence,BalAcc,0.021879699248120294,0.20178214133715974,0.03368224055765835,0.1856135504292063,20
lsac,variance_group_mag2.5,lr,per_subgroup_ewma[min_neg],DI_star,-0.03309489476959777,0.28550101007945566,0.01081654770264834,0.28832598441060525,20
lsac,variance_group_mag2.5,lr,per_subgroup_ewma[min_neg],AOD_star,-0.01180451127819548,0.23899760280522647,0.0034210349695867836,0.2618064170870034,20
lsac,variance_group_mag2.5,lr,per_subgroup_ewma[min_neg],BalAcc,0.005639097744360892,0.19127847626120217,0.019015197421549994,0.20402878293885168,20
lsac,variance_group_mag2.5,lr,per_subgroup_baseline_relative[min_neg],DI_star,-0.06040335006129396,0.25772554703883443,-0.04850252384895778,0.26320448115761036,20
lsac,variance_group_mag2.5,lr,per_subgroup_baseline_relative[min_neg],AOD_star,-0.0124812030075188,0.2269332371065998,-0.020232653684628413,0.24716821522708238,20
lsac,variance_group_mag2.5,lr,per_subgroup_baseline_relative[min_neg],BalAcc,0.05766917293233083,0.21176343016046686,0.07599610854884468,0.21025765514260092,20
lsac,variance_group_mag2.5,lr,per_subgroup_ewma[min_pos],DI_star,-0.02398690252736032,0.24872829993190468,0.002842585756757263,0.23845271771092968,20
lsac,variance_group_mag2.5,lr,per_subgroup_ewma[min_pos],AOD_star,0.016842105263157887,0.2367872474957837,0.01290734800406757,0.22479477964034203,20
lsac,variance_group_mag2.5,lr,per_subgroup_ewma[min_pos],BalAcc,0.02578947368421052,0.26957263346785504,0.019031469502750687,0.2531295598703238,20
lsac,variance_group_mag2.5,lr,per_subgroup_baseline_relative[min_pos],DI_star,-0.04316094250013973,0.20471127959534885,-0.024166600220159203,0.21023184412044188,20
lsac,variance_group_mag2.5,lr,per_subgroup_baseline_relative[min_pos],AOD_star,0.011954887218045116,0.20639199090373905,0.009909501954481429,0.20142279991596387,20
lsac,variance_group_mag2.5,lr,per_subgroup_baseline_relative[min_pos],BalAcc,0.033383458646616536,0.2612145646540062,0.009816465284921342,0.2669897014550517,20
lsac,variance_group_mag2.5,lr,per_subgroup_ewma[maj_neg],DI_star,0.010456069529212433,0.2538259745237822,0.041739497012130956,0.2784780598908473,20
lsac,variance_group_mag2.5,lr,per_subgroup_ewma[maj_neg],AOD_star,0.022406015037593992,0.216449907591726,0.030281192446376358,0.2596127539028246,20
lsac,variance_group_mag2.5,lr,per_subgroup_ewma[maj_neg],BalAcc,0.0001503759398496257,0.25333142412099324,-0.001082629141950371,0.23585484326075243,20
lsac,variance_group_mag2.5,lr,per_subgroup_baseline_relative[maj_neg],DI_star,-0.01872099854862133,0.17596849884173466,-0.0070680809960614295,0.21841963308582393,20
lsac,variance_group_mag2.5,lr,per_subgroup_baseline_relative[maj_neg],AOD_star,0.021353383458646614,0.18081454632839608,0.027751163198600676,0.23895922661422878,20
lsac,variance_group_mag2.5,lr,per_subgroup_baseline_relative[maj_neg],BalAcc,0.051578947368421044,0.30375943571800557,0.04270868642539731,0.29653214128789646,20
lsac,variance_group_mag2.5,lr,per_subgroup_ewma[maj_pos],DI_star,0.08781174345421619,0.19098180966451053,0.08447952766288522,0.18565904008127826,20
lsac,variance_group_mag2.5,lr,per_subgroup_ewma[maj_pos],AOD_star,0.06661654135338345,0.17223730879848545,0.07410039649638223,0.19150605411688884,20
lsac,variance_group_mag2.5,lr,per_subgroup_ewma[maj_pos],BalAcc,-0.015263157894736845,0.17078183969208569,0.01055961602227805,0.19408057722702832,20
lsac,variance_group_mag2.5,lr,per_subgroup_baseline_relative[maj_pos],DI_star,0.06828738059392275,0.2086325355920591,0.08249484258206916,0.21029340188303883,20
lsac,variance_group_mag2.5,lr,per_subgroup_baseline_relative[maj_pos],AOD_star,0.10706766917293234,0.2124485818016875,0.12457161694438605,0.18510210037075236,20
lsac,variance_group_mag2.5,lr,per_subgroup_baseline_relative[maj_pos],BalAcc,0.035413533834586466,0.2224168811876805,0.01625877321296387,0.2340992204403466,20
lsac,variance_group_mag2.5,xgb,global_mean,DI_star,-0.3723308270676691,0.21507986334653276,-0.38163027364915114,0.2125257030254333,20
lsac,variance_group_mag2.5,xgb,global_mean,AOD_star,-0.3730827067669173,0.22970282905789496,-0.35818618576092404,0.21082322468641324,20
lsac,variance_group_mag2.5,xgb,global_mean,BalAcc,-0.07135338345864663,0.1957444683383666,-0.05019498007170518,0.20641024665078467,20
lsac,variance_group_mag2.5,xgb,global_ewma,DI_star,-0.4292481203007519,0.22185648683750425,-0.42301178793024563,0.2196609441786423,20
lsac,variance_group_mag2.5,xgb,global_ewma,AOD_star,-0.42330827067669174,0.22098894279689016,-0.407446863438883,0.21602581015989142,20
lsac,variance_group_mag2.5,xgb,global_ewma,BalAcc,-0.058796992481203,0.17525340028252945,-0.04275155535933742,0.1822815231370949,20
lsac,variance_group_mag2.5,xgb,global_std,DI_star,-0.4178947368421052,0.2225309373780163,-0.40440273559667794,0.2158978481920925,20
lsac,variance_group_mag2.5,xgb,global_std,AOD_star,-0.41233082706766916,0.2386559497111334,-0.3868875194655243,0.22372401253740684,20
lsac,variance_group_mag2.5,xgb,global_std,BalAcc,-0.0581954887218045,0.19547431988592126,-0.03456796301417563,0.18319641351033977,20
lsac,variance_group_mag2.5,xgb,subgroup_violation_diff,DI_star,-0.26165413533834586,0.17015554233482266,-0.2536375868595824,0.16535676105969802,20
lsac,variance_group_mag2.5,xgb,subgroup_violation_diff,AOD_star,-0.24210526315789474,0.14889496294119173,-0.2557988964659415,0.13988474467259274,20
lsac,variance_group_mag2.5,xgb,subgroup_violation_diff,BalAcc,-0.014360902255639107,0.2717137505887971,-0.007411651614427253,0.27654451308196804,20
lsac,variance_group_mag2.5,xgb,max_subgroup_deviation,DI_star,-0.23714285714285716,0.26278990382418593,-0.24613566445116825,0.2530804985538676,20
lsac,variance_group_mag2.5,xgb,max_subgroup_deviation,AOD_star,-0.2172932330827068,0.2803930678275153,-0.22934462344298376,0.25653448265206924,20
lsac,variance_group_mag2.5,xgb,max_subgroup_deviation,BalAcc,-0.0032330827067669154,0.24246285411720414,-0.016763953206905623,0.23506463171480826,20
lsac,variance_group_mag2.5,xgb,assignment_proportion_drift,DI_star,-0.014843048471049091,0.19327974299647677,-0.025908839364929333,0.18713575962063767,20
lsac,variance_group_mag2.5,xgb,assignment_proportion_drift,AOD_star,-0.017807331003398714,0.20780858776611424,-0.02098467198898207,0.1910400533043385,20
lsac,variance_group_mag2.5,xgb,assignment_proportion_drift,BalAcc,-0.02263661316182015,0.14167616978400624,-0.016991327809577742,0.15874246251863225,20
lsac,variance_group_mag2.5,xgb,ks_statistic,DI_star,-0.2593233082706767,0.23922183142193648,-0.23606906517943177,0.23191319860886567,20
lsac,variance_group_mag2.5,xgb,ks_statistic,AOD_star,-0.22721804511278193,0.22432839571807486,-0.21841545394646555,0.2087410403743038,20
lsac,variance_group_mag2.5,xgb,ks_statistic,BalAcc,-0.014962406015037583,0.2199889887725884,-0.01780516412115893,0.2155534152264596,20
lsac,variance_group_mag2.5,xgb,kl_divergence,DI_star,-0.4803759398496242,0.20534850466166438,-0.46165950979654724,0.19613092825451417,20
lsac,variance_group_mag2.5,xgb,kl_divergence,AOD_star,-0.4605263157894736,0.19974367372050073,-0.4336234696358625,0.19242765309514565,20
lsac,variance_group_mag2.5,xgb,kl_divergence,BalAcc,-0.0493984962406015,0.14718591967870048,0.012995070493124058,0.15655351974289827,20
lsac,variance_group_mag2.5,xgb,per_subgroup_ewma[min_neg],DI_star,-0.4594736842105263,0.22936421427350884,-0.4402620645171342,0.22947802317984523,20
lsac,variance_group_mag2.5,xgb,per_subgroup_ewma[min_neg],AOD_star,-0.44421052631578944,0.22592672575198192,-0.428146843207295,0.22368494430930225,20
lsac,variance_group_mag2.5,xgb,per_subgroup_ewma[min_neg],BalAcc,-0.04721804511278195,0.1704114397380661,-0.03215149572980651,0.18667387027030916,20
lsac,variance_group_mag2.5,xgb,per_subgroup_baseline_relative[min_neg],DI_star,-0.4351879699248119,0.2406289458034562,-0.4268823152119393,0.23981336171515366,20
lsac,variance_group_mag2.5,xgb,per_subgroup_baseline_relative[min_neg],AOD_star,-0.43045112781954875,0.2527778286844604,-0.4043055201707998,0.2336514727478834,20
lsac,variance_group_mag2.5,xgb,per_subgroup_baseline_relative[min_neg],BalAcc,-0.04842105263157894,0.23566054477252898,-0.023103888923959804,0.2191717093692126,20
lsac,variance_group_mag2.5,xgb,per_subgroup_ewma[min_pos],DI_star,-0.3160902255639098,0.2890402379325426,-0.30246502535704517,0.28012888063105906,20
lsac,variance_group_mag2.5,xgb,per_subgroup_ewma[min_pos],AOD_star,-0.3142105263157895,0.27038935249878343,-0.29136816391910497,0.2719903484696205,20
lsac,variance_group_mag2.5,xgb,per_subgroup_ewma[min_pos],BalAcc,-0.09112781954887217,0.19321137352087026,-0.07941902170063757,0.1899354829939039,20
lsac,variance_group_mag2.5,xgb,per_subgroup_baseline_relative[min_pos],DI_star,-0.14300751879699247,0.24433980244358827,-0.1452614710113407,0.23471594890966188,20
lsac,variance_group_mag2.5,xgb,per_subgroup_baseline_relative[min_pos],AOD_star,-0.1332330827067669,0.22683371904520455,-0.1432440774266632,0.2304904868068968,20
lsac,variance_group_mag2.5,xgb,per_subgroup_baseline_relative[min_pos],BalAcc,-0.12293233082706764,0.20702069183889435,-0.10340883166447137,0.1871991003444452,20
lsac,variance_group_mag2.5,xgb,per_subgroup_ewma[maj_neg],DI_star,-0.2299248120300752,0.23414547908559433,-0.23500330856611956,0.24123894707164903,20
lsac,variance_group_mag2.5,xgb,per_subgroup_ewma[maj_neg],AOD_star,-0.2225563909774436,0.2446339711961358,-0.2136037214674591,0.24144983728299502,20
lsac,variance_group_mag2.5,xgb,per_subgroup_ewma[maj_neg],BalAcc,-0.031127819548872178,0.24706959119511962,-0.013076708136679027,0.23326480836906824,20
lsac,variance_group_mag2.5,xgb,per_subgroup_baseline_relative[maj_neg],DI_star,-0.08195488721804511,0.18212537839892232,-0.11006758719573531,0.19417503313908263,20
lsac,variance_group_mag2.5,xgb,per_subgroup_baseline_relative[maj_neg],AOD_star,-0.07744360902255638,0.18264982558969856,-0.08678881090674383,0.19795624758272767,20
lsac,variance_group_mag2.5,xgb,per_subgroup_baseline_relative[maj_neg],BalAcc,-0.024285714285714285,0.2858884609585011,-0.0319797596350838,0.2767262615722139,20
lsac,variance_group_mag2.5,xgb,per_subgroup_ewma[maj_pos],DI_star,-0.04879699248120299,0.40961684905270973,-0.02158065453973063,0.40511316725096685,20
lsac,variance_group_mag2.5,xgb,per_subgroup_ewma[maj_pos],AOD_star,-0.04872180451127821,0.3952849470739209,-0.03183779425391971,0.3633003142237635,20
lsac,variance_group_mag2.5,xgb,per_subgroup_ewma[maj_pos],BalAcc,-0.014436090225563908,0.17075676304005888,-0.038620808675145495,0.1812478981655899,20
lsac,variance_group_mag2.5,xgb,per_subgroup_baseline_relative[maj_pos],DI_star,0.07308270676691728,0.24196156946243916,0.058002369017199205,0.234988869848116,20
lsac,variance_group_mag2.5,xgb,per_subgroup_baseline_relative[maj_pos],AOD_star,0.06082706766917293,0.20543988371160016,0.0546275564670637,0.19878261204277442,20
lsac,variance_group_mag2.5,xgb,per_subgroup_baseline_relative[maj_pos],BalAcc,-0.04466165413533834,0.23643483302465776,-0.04723353442676735,0.21923664398582052,20
lsac,variance_global_mag1.5,lr,global_mean,DI_star,0.03927803685738175,0.2740007395735271,0.026327810472582612,0.23009754559756326,20
lsac,variance_global_mag1.5,lr,global_mean,AOD_star,0.21157894736842103,0.24407460382758273,0.18392817445661117,0.20911812500290775,20
lsac,variance_global_mag1.5,lr,global_mean,BalAcc,0.04248120300751879,0.253613324707329,0.009425145148465751,0.24744123359761577,20
lsac,variance_global_mag1.5,lr,global_ewma,DI_star,0.055145984799934766,0.27448390611775364,0.06722730936441439,0.26270156128762506,20
lsac,variance_global_mag1.5,lr,global_ewma,AOD_star,0.2218796992481203,0.24962699291691445,0.23751916891517494,0.22495075725597635,20
lsac,variance_global_mag1.5,lr,global_ewma,BalAcc,0.014661654135338343,0.22806923214434907,-0.019568588627505473,0.24726302833275646,20
lsac,variance_global_mag1.5,lr,global_std,DI_star,0.030337467653745,0.25148583917921347,0.01820271749830791,0.2526563443811175,20
lsac,variance_global_mag1.5,lr,global_std,AOD_star,0.18736842105263157,0.2710992524535527,0.18276561210134507,0.2753570560988577,20
lsac,variance_global_mag1.5,lr,global_std,BalAcc,0.02112781954887218,0.2549546232429219,0.019847759262503,0.2508792842783514,20
lsac,variance_global_mag1.5,lr,subgroup_violation_diff,DI_star,0.011665807328243117,0.22309104282859238,0.060723387438175236,0.19232076796137135,20
lsac,variance_global_mag1.5,lr,subgroup_violation_diff,AOD_star,-0.06210526315789474,0.2686141551780786,0.05064292993686091,0.22383252064375486,20
lsac,variance_global_mag1.5,lr,subgroup_violation_diff,BalAcc,-0.037669172932330824,0.2228439896476617,-0.022885365104410593,0.26195297288204084,20
lsac,variance_global_mag1.5,lr,max_subgroup_deviation,DI_star,-0.024407760152997747,0.2700566259359167,0.0013118549993316956,0.23757332385555308,20
lsac,variance_global_mag1.5,lr,max_subgroup_deviation,AOD_star,0.08759398496240602,0.25455936285699293,0.14473629281618433,0.2299223521733751,20
lsac,variance_global_mag1.5,lr,max_subgroup_deviation,BalAcc,0.01954887218045113,0.27416961003957396,0.013067863658105718,0.26981734937558793,20
lsac,variance_global_mag1.5,lr,assignment_proportion_drift,DI_star,-0.061388680599889875,0.20878765830061988,-0.019767870770281182,0.21643953179005088,20
lsac,variance_global_mag1.5,lr,assignment_proportion_drift,AOD_star,-0.0467803832434117,0.2155682408829049,0.0835023679733817,0.20200914132228007,20
lsac,variance_global_mag1.5,lr,assignment_proportion_drift,BalAcc,0.024859035487667398,0.2697868804792027,0.018832662419716848,0.2670776645262781,20
lsac,variance_global_mag1.5,lr,ks_statistic,DI_star,0.058226765121917566,0.2521154292839568,0.03611846900479058,0.2529656424573921,20
lsac,variance_global_mag1.5,lr,ks_statistic,AOD_star,0.20736842105263156,0.24063575883970173,0.20349300266584827,0.23666902495910574,20
lsac,variance_global_mag1.5,lr,ks_statistic,BalAcc,-0.012105263157894734,0.1944992163574471,-0.009549287738095902,0.2230667202502419,20
lsac,variance_global_mag1.5,lr,kl_divergence,DI_star,0.04123530380152242,0.24799456248437987,0.06547647265436093,0.2427334704090919,20
lsac,variance_global_mag1.5,lr,kl_divergence,AOD_star,0.2102255639097744,0.24908520515203578,0.22908367284873138,0.23673328196998236,20
lsac,variance_global_mag1.5,lr,kl_divergence,BalAcc,0.005864661654135339,0.2402896945709005,-0.014663186917741508,0.20438165074836942,20
lsac,variance_global_mag1.5,lr,per_subgroup_ewma[min_neg],DI_star,0.054615816120592076,0.26793688745342686,0.06159070646114169,0.2613123035098528,20
lsac,variance_global_mag1.5,lr,per_subgroup_ewma[min_neg],AOD_star,0.22263157894736837,0.24402798605802425,0.2326933912758519,0.2192766966047824,20
lsac,variance_global_mag1.5,lr,per_subgroup_ewma[min_neg],BalAcc,0.013007518796992476,0.2211008463606718,-0.017151427622154103,0.24935159500413517,20
lsac,variance_global_mag1.5,lr,per_subgroup_baseline_relative[min_neg],DI_star,0.042727957811572716,0.26122691653632674,0.014215462033728607,0.2351733638829987,20
lsac,variance_global_mag1.5,lr,per_subgroup_baseline_relative[min_neg],AOD_star,0.17992481203007515,0.2060129932394038,0.16806756393772884,0.20312077468118583,20
lsac,variance_global_mag1.5,lr,per_subgroup_baseline_relative[min_neg],BalAcc,0.01045112781954887,0.228557812712778,0.013644803462772201,0.253477330544505,20
lsac,variance_global_mag1.5,lr,per_subgroup_ewma[min_pos],DI_star,0.05424622220722285,0.2661424802439413,0.06414991621291713,0.2598015471104229,20
lsac,variance_global_mag1.5,lr,per_subgroup_ewma[min_pos],AOD_star,0.21631578947368418,0.24738431514173365,0.2251233773608321,0.22913851069522298,20
lsac,variance_global_mag1.5,lr,per_subgroup_ewma[min_pos],BalAcc,0.0004511278195488674,0.2424016772312862,-0.022089472906449064,0.2547375526522695,20
lsac,variance_global_mag1.5,lr,per_subgroup_baseline_relative[min_pos],DI_star,-0.01182745814112503,0.2489876189921007,0.008242620154844555,0.23462186148202485,20
lsac,variance_global_mag1.5,lr,per_subgroup_baseline_relative[min_pos],AOD_star,0.11038350217139759,0.24963195485153183,0.1455837540654021,0.22850928215082014,20
lsac,variance_global_mag1.5,lr,per_subgroup_baseline_relative[min_pos],BalAcc,0.032829765102321995,0.27153636441675316,0.008961625608898169,0.264816838443775,20
lsac,variance_global_mag1.5,lr,per_subgroup_ewma[maj_neg],DI_star,0.05913253369001349,0.27228057227519,0.06531838842951852,0.2625051746489571,20
lsac,variance_global_mag1.5,lr,per_subgroup_ewma[maj_neg],AOD_star,0.2190225563909774,0.24974735382549004,0.2380047662952252,0.22976324045937055,20
lsac,variance_global_mag1.5,lr,per_subgroup_ewma[maj_neg],BalAcc,-0.0007518796992481286,0.23111588308927256,-0.01592776395708611,0.24766151733318997,20
lsac,variance_global_mag1.5,lr,per_subgroup_baseline_relative[maj_neg],DI_star,0.03375962895762406,0.2842394851611272,0.02658703081383489,0.23282592303164507,20
lsac,variance_global_mag1.5,lr,per_subgroup_baseline_relative[maj_neg],AOD_star,0.22430042841070938,0.23961690832162136,0.19102687588552691,0.20800338446301492,20
lsac,variance_global_mag1.5,lr,per_subgroup_baseline_relative[maj_neg],BalAcc,0.07937290316414168,0.21655707927369156,0.02351399836571399,0.23892001203590635,20
lsac,variance_global_mag1.5,lr,per_subgroup_ewma[maj_pos],DI_star,0.05950847353963756,0.2752468507175929,0.05390964567851346,0.26776472862336514,20
lsac,variance_global_mag1.5,lr,per_subgroup_ewma[maj_pos],AOD_star,0.2259398496240601,0.2592730981634712,0.2253047973472691,0.2337155871636927,20
lsac,variance_global_mag1.5,lr,per_subgroup_ewma[maj_pos],BalAcc,0.014436090225563903,0.23046328268304705,-0.014730391824531858,0.24812866858336532,20
lsac,variance_global_mag1.5,lr,per_subgroup_baseline_relative[maj_pos],DI_star,0.07980276616279172,0.2623138995177299,0.022113166742474467,0.2362075503525525,20
lsac,variance_global_mag1.5,lr,per_subgroup_baseline_relative[maj_pos],AOD_star,0.23781954887218043,0.2720197569085137,0.17034586779485522,0.23145022594906278,20
lsac,variance_global_mag1.5,lr,per_subgroup_baseline_relative[maj_pos],BalAcc,0.03225563909774436,0.24023678889373445,0.018927598900971593,0.2580452218556927,20
lsac,variance_global_mag1.5,xgb,global_mean,DI_star,-0.19992481203007517,0.24442242140591172,-0.1270844879038729,0.286330720436957,20
lsac,variance_global_mag1.5,xgb,global_mean,AOD_star,-0.4408270676691729,0.18807592499935236,-0.6421451428073023,0.11591838047499979,20
lsac,variance_global_mag1.5,xgb,global_mean,BalAcc,-0.4415037593984962,0.12371508173362589,-0.8723889666325475,0.07544680592435143,20
lsac,variance_global_mag1.5,xgb,global_ewma,DI_star,-0.19827067669172932,0.24423444964120597,-0.1972898186350364,0.26250044859084937,20
lsac,variance_global_mag1.5,xgb,global_ewma,AOD_star,-0.43323308270676686,0.1819007562555739,-0.5399011327537223,0.15397481602335622,20
lsac,variance_global_mag1.5,xgb,global_ewma,BalAcc,-0.45503759398496235,0.11904551904228781,-0.7127875076068544,0.0667834003468194,20
lsac,variance_global_mag1.5,xgb,global_std,DI_star,-0.22263157894736846,0.23191191520156895,-0.23091949233703363,0.22640099882034065,20
lsac,variance_global_mag1.5,xgb,global_std,AOD_star,-0.29894736842105263,0.2823956855109618,-0.3725711823734382,0.3121075324987977,20
lsac,variance_global_mag1.5,xgb,global_std,BalAcc,-0.2727067669172932,0.25695559949519287,-0.45434560717536404,0.2950257651132961,20
lsac,variance_global_mag1.5,xgb,subgroup_violation_diff,DI_star,0.1295488721804511,0.23568821431287174,0.1423450624387848,0.2163827651383812,20
lsac,variance_global_mag1.5,xgb,subgroup_violation_diff,AOD_star,-0.06067669172932331,0.3723191888447939,-0.05152241984873198,0.6143313463295487,20
lsac,variance_global_mag1.5,xgb,subgroup_violation_diff,BalAcc,-0.10338345864661655,0.5560323727515705,-0.16249661684858097,0.8769777985655413,20
lsac,variance_global_mag1.5,xgb,max_subgroup_deviation,DI_star,-0.07075187969924811,0.25742827013189784,-0.08243993849826621,0.2610774939099377,20
lsac,variance_global_mag1.5,xgb,max_subgroup_deviation,AOD_star,-0.39827067669172933,0.1753510325695636,-0.613986282018413,0.10774309195762506,20
lsac,variance_global_mag1.5,xgb,max_subgroup_deviation,BalAcc,-0.4904511278195488,0.126151230977163,-0.8649875485238345,0.09332636984188009,20
lsac,variance_global_mag1.5,xgb,assignment_proportion_drift,DI_star,0.06510346199561654,0.24754706829074496,-0.027170134256425726,0.2455637479230254,20
lsac,variance_global_mag1.5,xgb,assignment_proportion_drift,AOD_star,-0.4302099668075246,0.16833957298838023,-0.6410100163240025,0.10609052446008288,20
lsac,variance_global_mag1.5,xgb,assignment_proportion_drift,BalAcc,-0.5111704202297285,0.1239740577069836,-0.9055378494568922,0.04123945507767931,20
lsac,variance_global_mag1.5,xgb,ks_statistic,DI_star,-0.17616541353383458,0.25335926124393005,-0.1572134438987821,0.2752587245417297,20
lsac,variance_global_mag1.5,xgb,ks_statistic,AOD_star,-0.41338345864661646,0.18149316923462613,-0.5709931012833052,0.1696011196136979,20
lsac,variance_global_mag1.5,xgb,ks_statistic,BalAcc,-0.4511278195488721,0.13286971614171048,-0.7962395295333964,0.05659480651361167,20
lsac,variance_global_mag1.5,xgb,kl_divergence,DI_star,-0.19984962406015033,0.24342000464256075,-0.20548909921850228,0.22990857819687105,20
lsac,variance_global_mag1.5,xgb,kl_divergence,AOD_star,-0.4344360902255639,0.184529660646517,-0.31936189376536206,0.20099851207647196,20
lsac,variance_global_mag1.5,xgb,kl_divergence,BalAcc,-0.4510526315789474,0.12547200724807317,-0.4258536884164612,0.07919026857996014,20
lsac,variance_global_mag1.5,xgb,per_subgroup_ewma[min_neg],DI_star,-0.19864661654135335,0.24367116073749823,-0.19572744248243942,0.26503740028747425,20
lsac,variance_global_mag1.5,xgb,per_subgroup_ewma[min_neg],AOD_star,-0.4339849624060149,0.1778632733284066,-0.5536227051616619,0.15084340891889186,20
lsac,variance_global_mag1.5,xgb,per_subgroup_ewma[min_neg],BalAcc,-0.4510526315789473,0.11389473584939375,-0.7305429016269256,0.05966121985905402,20
lsac,variance_global_mag1.5,xgb,per_subgroup_baseline_relative[min_neg],DI_star,-0.11812030075187965,0.31489507246884496,-0.1222231843474709,0.3054522227566097,20
lsac,variance_global_mag1.5,xgb,per_subgroup_baseline_relative[min_neg],AOD_star,-0.41488721804511275,0.20783070163647654,-0.644669761491369,0.12663343046617462,20
lsac,variance_global_mag1.5,xgb,per_subgroup_baseline_relative[min_neg],BalAcc,-0.4436842105263158,0.1112451434352418,-0.8719199973052565,0.07454538224384415,20
lsac,variance_global_mag1.5,xgb,per_subgroup_ewma[min_pos],DI_star,-0.1970676691729323,0.23633361095809996,-0.19667782050180854,0.25811156372975774,20
lsac,variance_global_mag1.5,xgb,per_subgroup_ewma[min_pos],AOD_star,-0.4341353383458646,0.16763315975897283,-0.5471021540702458,0.15061721757268492,20
lsac,variance_global_mag1.5,xgb,per_subgroup_ewma[min_pos],BalAcc,-0.45563909774436084,0.11756571396411704,-0.7131333192096263,0.09675994899899343,20
lsac,variance_global_mag1.5,xgb,per_subgroup_baseline_relative[min_pos],DI_star,-0.0915144888779538,0.2375041522688388,-0.08401491407715815,0.24832788235014955,20
lsac,variance_global_mag1.5,xgb,per_subgroup_baseline_relative[min_pos],AOD_star,-0.3766333001373082,0.18736621932926412,-0.5922683207740889,0.13460236821011473,20
lsac,variance_global_mag1.5,xgb,per_subgroup_baseline_relative[min_pos],BalAcc,-0.4439321860602063,0.19671141777634976,-0.8261965683925047,0.1772113584221848,20
lsac,variance_global_mag1.5,xgb,per_subgroup_ewma[maj_neg],DI_star,-0.19894736842105262,0.23403400340394814,-0.19833413702717873,0.2536403242243872,20
lsac,variance_global_mag1.5,xgb,per_subgroup_ewma[maj_neg],AOD_star,-0.4258646616541353,0.17162737450264268,-0.5363253714636292,0.15426396161731767,20
lsac,variance_global_mag1.5,xgb,per_subgroup_ewma[maj_neg],BalAcc,-0.44984962406015033,0.11207928979055307,-0.7074587203303753,0.07765873052075738,20
lsac,variance_global_mag1.5,xgb,per_subgroup_baseline_relative[maj_neg],DI_star,-0.1381011673982649,0.2005945671325077,-0.08679455516626527,0.23748205921991034,20
lsac,variance_global_mag1.5,xgb,per_subgroup_baseline_relative[maj_neg],AOD_star,-0.384697895303506,0.13539650533935435,-0.5951482052393209,0.12031251535283441,20
lsac,variance_global_mag1.5,xgb,per_subgroup_baseline_relative[maj_neg],BalAcc,-0.4296421742657933,0.14264959831045124,-0.8504585133891736,0.10458126095458073,20
lsac,variance_global_mag1.5,xgb,per_subgroup_ewma[maj_pos],DI_star,-0.20172932330827065,0.2411212783177692,-0.19653939863769365,0.26037733576165545,20
lsac,variance_global_mag1.5,xgb,per_subgroup_ewma[maj_pos],AOD_star,-0.43458646616541347,0.17812409343518465,-0.5594725579653619,0.15786901783928062,20
lsac,variance_global_mag1.5,xgb,per_subgroup_ewma[maj_pos],BalAcc,-0.45511278195488714,0.1171729429451447,-0.7389105252138086,0.04950117333740949,20
lsac,variance_global_mag1.5,xgb,per_subgroup_baseline_relative[maj_pos],DI_star,-0.15406015037593984,0.24578048040367007,-0.09165378889705265,0.2578879407253219,20
lsac,variance_global_mag1.5,xgb,per_subgroup_baseline_relative[maj_pos],AOD_star,-0.41789473684210526,0.19833377949467573,-0.6505228557604945,0.11881936918960158,20
lsac,variance_global_mag1.5,xgb,per_subgroup_baseline_relative[maj_pos],BalAcc,-0.47022556390977444,0.13172546085592962,-0.9096154262370921,0.03575267210961555,20
lsac,variance_global_mag2.0,lr,global_mean,DI_star,0.07536934596750913,0.276984385222088,0.06939108197252739,0.24219830974518333,20
lsac,variance_global_mag2.0,lr,global_mean,AOD_star,0.3542105263157895,0.23045743223845971,0.3302006432264756,0.18206625943285157,20
lsac,variance_global_mag2.0,lr,global_mean,BalAcc,-0.0165381575057449,0.22539205056940168,-0.01847096405383362,0.22902053718611995,20
lsac,variance_global_mag2.0,lr,global_ewma,DI_star,0.08364186329848387,0.27528403055854034,0.10186410031556874,0.27121417546623994,20
lsac,variance_global_mag2.0,lr,global_ewma,AOD_star,0.3586466165413534,0.22544633527211097,0.37624513039234087,0.1955671111708899,20
lsac,variance_global_mag2.0,lr,global_ewma,BalAcc,-0.02819266051143838,0.218488189946756,-0.04852875417288386,0.237816314998898,20
lsac,variance_global_mag2.0,lr,global_std,DI_star,0.0687986830106974,0.2758936752021617,0.06994701349545744,0.26892910107881157,20
lsac,variance_global_mag2.0,lr,global_std,AOD_star,0.3269924812030075,0.2568086800986416,0.34415193043664577,0.22172285185196827,20
lsac,variance_global_mag2.0,lr,global_std,BalAcc,-0.0371405380103569,0.2506304523009156,-0.028527749129885614,0.23566314940620747,20
lsac,variance_global_mag2.0,lr,subgroup_violation_diff,DI_star,0.0021376394784828495,0.19130155850524672,0.04000759095226602,0.16994128400179764,20
lsac,variance_global_mag2.0,lr,subgroup_violation_diff,AOD_star,-0.11390977443609022,0.2656781040933359,-0.0305819571371798,0.23490134251110067,20
lsac,variance_global_mag2.0,lr,subgroup_violation_diff,BalAcc,0.01831227259435982,0.1959524306453716,0.0017702737869149537,0.23414579136158833,20
lsac,variance_global_mag2.0,lr,max_subgroup_deviation,DI_star,0.024835214915519554,0.26986189590992743,0.017016693895574076,0.23710247794158734,20
lsac,variance_global_mag2.0,lr,max_subgroup_deviation,AOD_star,0.23849624060150373,0.24000979873339215,0.24155298516843987,0.2095613307390246,20
lsac,variance_global_mag2.0,lr,max_subgroup_deviation,BalAcc,-0.02198921462003463,0.25322427475583836,-0.03630011329321674,0.25371263746791756,20
lsac,variance_global_mag2.0,lr,assignment_proportion_drift,DI_star,-0.031848991298021156,0.18249252095152146,-0.016786637015122428,0.17174051597462736,20
lsac,variance_global_mag2.0,lr,assignment_proportion_drift,AOD_star,-0.05203456726851047,0.195242710734025,0.0826609587006,0.16992240120350308,20
lsac,variance_global_mag2.0,lr,assignment_proportion_drift,BalAcc,0.0073889527948470465,0.24876457870809837,-0.0007357426991354221,0.25497019639061763,20
lsac,variance_global_mag2.0,lr,ks_statistic,DI_star,0.07770158694848575,0.2668294521377078,0.068251136575385,0.2699767617816179,20
lsac,variance_global_mag2.0,lr,ks_statistic,AOD_star,0.3402255639097745,0.21629626637733732,0.3361044572786168,0.20750930681356133,20
lsac,variance_global_mag2.0,lr,ks_statistic,BalAcc,-0.04454713283107594,0.21872325296972375,-0.050997778863574594,0.2244904763078034,20
lsac,variance_global_mag2.0,lr,kl_divergence,DI_star,0.08056077033835583,0.28188615719697674,0.10580619474400674,0.28939344903439673,20
lsac,variance_global_mag2.0,lr,kl_divergence,AOD_star,0.34864661654135337,0.24500217763790905,0.3703472230087126,0.21297489618925203,20
lsac,variance_global_mag2.0,lr,kl_divergence,BalAcc,-0.028231371639495396,0.22021627011740946,-0.0349809884199491,0.2053455382034944,20
lsac,variance_global_mag2.0,lr,per_subgroup_ewma[min_neg],DI_star,0.08337659397388501,0.27324074475884985,0.09991654916119938,0.26921626117284886,20
lsac,variance_global_mag2.0,lr,per_subgroup_ewma[min_neg],AOD_star,0.3602255639097744,0.22642116548591223,0.37464839268646133,0.19095913045982552,20
lsac,variance_global_mag2.0,lr,per_subgroup_ewma[min_neg],BalAcc,-0.029395668030235363,0.21365715626091566,-0.044613421259941485,0.23937418099968413,20
lsac,variance_global_mag2.0,lr,per_subgroup_baseline_relative[min_neg],DI_star,0.06678664039625645,0.2721096046477499,0.06432680166122444,0.23901314949649236,20
lsac,variance_global_mag2.0,lr,per_subgroup_baseline_relative[min_neg],AOD_star,0.3337593984962406,0.21810187231168462,0.31653543420361385,0.1785683384474455,20
lsac,variance_global_mag2.0,lr,per_subgroup_baseline_relative[min_neg],BalAcc,0.008383614198186682,0.19221922879210993,-0.007683169790798273,0.22550562839669866,20
lsac,variance_global_mag2.0,lr,per_subgroup_ewma[min_pos],DI_star,0.08409437866799271,0.26883074863890266,0.07995581580735636,0.2631983463393781,20
lsac,variance_global_mag2.0,lr,per_subgroup_ewma[min_pos],AOD_star,0.35563909774436087,0.2204813342864341,0.3517154690408403,0.20027867949669853,20
lsac,variance_global_mag2.0,lr,per_subgroup_ewma[min_pos],BalAcc,-0.046914832690064155,0.22506132913572627,-0.05303322923583896,0.24919605768441908,20
lsac,variance_global_mag2.0,lr,per_subgroup_baseline_relative[min_pos],DI_star,0.026707680745429358,0.26897076662404934,0.019174459441649194,0.24145599287299616,20
lsac,variance_global_mag2.0,lr,per_subgroup_baseline_relative[min_pos],AOD_star,0.22850974212966918,0.24833801131191846,0.23375838024747594,0.21667913405664438,20
lsac,variance_global_mag2.0,lr,per_subgroup_baseline_relative[min_pos],BalAcc,-0.05001110346359441,0.2591552245874284,-0.04615212150009368,0.2599808956760208,20
lsac,variance_global_mag2.0,lr,per_subgroup_ewma[maj_neg],DI_star,0.09127577820566302,0.27658480295761384,0.09399842743634088,0.2695042553624706,20
lsac,variance_global_mag2.0,lr,per_subgroup_ewma[maj_neg],AOD_star,0.3637593984962405,0.22052922536270586,0.36870139343984887,0.2033529688403265,20
lsac,variance_global_mag2.0,lr,per_subgroup_ewma[maj_neg],BalAcc,-0.042178075431111975,0.22627807538874217,-0.04763350415179892,0.23944586153221703,20
lsac,variance_global_mag2.0,lr,per_subgroup_baseline_relative[maj_neg],DI_star,0.08312731509742383,0.2629198356517101,0.06532223032124113,0.23924146600524726,20
lsac,variance_global_mag2.0,lr,per_subgroup_baseline_relative[maj_neg],AOD_star,0.35321255697136417,0.2378961642896399,0.31995983489622193,0.18808915162085293,20
lsac,variance_global_mag2.0,lr,per_subgroup_baseline_relative[maj_neg],BalAcc,0.014969985618818848,0.2350328342251653,0.0045748071567576504,0.2381613224820239,20
lsac,variance_global_mag2.0,lr,per_subgroup_ewma[maj_pos],DI_star,0.08811743095516233,0.27663245164996636,0.0889734341619952,0.2762248952415751,20
lsac,variance_global_mag2.0,lr,per_subgroup_ewma[maj_pos],AOD_star,0.36300751879699245,0.23352923514829313,0.3677804777317824,0.20544556131683958,20
lsac,variance_global_mag2.0,lr,per_subgroup_ewma[maj_pos],BalAcc,-0.029019756462714964,0.21919969453851526,-0.04538380315244557,0.23348535346175753,20
lsac,variance_global_mag2.0,lr,per_subgroup_baseline_relative[maj_pos],DI_star,0.08427932983311816,0.2596119259917327,0.05880941669918125,0.24693692689415658,20
lsac,variance_global_mag2.0,lr,per_subgroup_baseline_relative[maj_pos],AOD_star,0.3565413533834586,0.2325756794287984,0.31775655114425205,0.20599984601275895,20
lsac,variance_global_mag2.0,lr,per_subgroup_baseline_relative[maj_pos],BalAcc,-0.013305272773703617,0.2256540446813332,-0.013223636077390128,0.2341776976436088,20
lsac,variance_global_mag2.0,xgb,global_mean,DI_star,-0.34812030075187966,0.2270893282504871,-0.2749727591309745,0.2570332740211383,20
lsac,variance_global_mag2.0,xgb,global_mean,AOD_star,-0.4200751879699248,0.1851715151475723,-0.587161687672993,0.12558818701160382,20
lsac,variance_global_mag2.0,xgb,global_mean,BalAcc,-0.4793984962406014,0.1408562687250481,-0.831759770573845,0.0887136897181092,20
lsac,variance_global_mag2.0,xgb,global_ewma,DI_star,-0.3376691729323308,0.2325958898704429,-0.3308009586482387,0.24994445990420255,20
lsac,variance_global_mag2.0,xgb,global_ewma,AOD_star,-0.40924812030075186,0.18028330228415676,-0.4771705772866744,0.16893418978015418,20
lsac,variance_global_mag2.0,xgb,global_ewma,BalAcc,-0.48323308270676685,0.1431664834411046,-0.6826295354900511,0.07863438002467862,20
lsac,variance_global_mag2.0,xgb,global_std,DI_star,-0.3520300751879699,0.20562770239625755,-0.35464489115313874,0.23328663609715566,20
lsac,variance_global_mag2.0,xgb,global_std,AOD_star,-0.337593984962406,0.20138954231250625,-0.4062559621614694,0.24638082561114372,20
lsac,variance_global_mag2.0,xgb,global_std,BalAcc,-0.3926315789473684,0.18406832012926772,-0.5631123926446305,0.1847175753153012,20
lsac,variance_global_mag2.0,xgb,subgroup_violation_diff,DI_star,0.1569924812030075,0.24152800934440033,0.17087726861527477,0.23886877750870672,20
lsac,variance_global_mag2.0,xgb,subgroup_violation_diff,AOD_star,-0.13864661654135338,0.399305349678218,-0.0420059747796928,0.5923755970848306,20
lsac,variance_global_mag2.0,xgb,subgroup_violation_diff,BalAcc,-0.09105263157894739,0.5407694166534162,-0.08709074072457534,0.8077886008710047,20
lsac,variance_global_mag2.0,xgb,max_subgroup_deviation,DI_star,-0.2748872180451128,0.2264666646690919,-0.23629268148764654,0.2523204229302729,20
lsac,variance_global_mag2.0,xgb,max_subgroup_deviation,AOD_star,-0.44909774436090216,0.18778232743985257,-0.6327518248670729,0.1202399316234301,20
lsac,variance_global_mag2.0,xgb,max_subgroup_deviation,BalAcc,-0.524812030075188,0.12370923256276167,-0.8762095205882225,0.06954994702880311,20
lsac,variance_global_mag2.0,xgb,assignment_proportion_drift,DI_star,0.05235489503278189,0.17422439049079072,-0.06386695609226407,0.20219823801413872,20
lsac,variance_global_mag2.0,xgb,assignment_proportion_drift,AOD_star,-0.45159591347484235,0.14457299102300641,-0.6085685940021316,0.11529239434789139,20
lsac,variance_global_mag2.0,xgb,assignment_proportion_drift,BalAcc,-0.4902565147555623,0.13651116442166272,-0.8336158731912044,0.06328684611025204,20
lsac,variance_global_mag2.0,xgb,ks_statistic,DI_star,-0.33804511278195487,0.23663201088599814,-0.3206868662721662,0.25007470744105204,20
lsac,variance_global_mag2.0,xgb,ks_statistic,AOD_star,-0.4121804511278196,0.17624220533541068,-0.547776681160631,0.16694798940944344,20
lsac,variance_global_mag2.0,xgb,ks_statistic,BalAcc,-0.4856390977443608,0.13811804959671037,-0.7766633825018732,0.05541858762721816,20
lsac,variance_global_mag2.0,xgb,kl_divergence,DI_star,-0.33165413533834587,0.21013146376762623,-0.32249999396761314,0.22423639895730432,20
lsac,variance_global_mag2.0,xgb,kl_divergence,AOD_star,-0.41466165413533823,0.16361280609844553,-0.3394005414399106,0.18064560587852146,20
lsac,variance_global_mag2.0,xgb,kl_divergence,BalAcc,-0.48360902255639104,0.1317746342918459,-0.5087707967819293,0.0779307321219909,20
lsac,variance_global_mag2.0,xgb,per_subgroup_ewma[min_neg],DI_star,-0.3386466165413533,0.23544694700476365,-0.32880978951892387,0.2503612166226481,20
lsac,variance_global_mag2.0,xgb,per_subgroup_ewma[min_neg],AOD_star,-0.40827067669172934,0.18043201653183683,-0.49463245529459365,0.16554331459095772,20
lsac,variance_global_mag2.0,xgb,per_subgroup_ewma[min_neg],BalAcc,-0.4818045112781954,0.14210518359388313,-0.70276935952802,0.08350166850529259,20
lsac,variance_global_mag2.0,xgb,per_subgroup_baseline_relative[min_neg],DI_star,-0.3352631578947368,0.26274918853017576,-0.2638519510120856,0.26896597926670734,20
lsac,variance_global_mag2.0,xgb,per_subgroup_baseline_relative[min_neg],AOD_star,-0.4390225563909774,0.19089423028732483,-0.5970939624590569,0.12299311961918107,20
lsac,variance_global_mag2.0,xgb,per_subgroup_baseline_relative[min_neg],BalAcc,-0.4553383458646617,0.12698676073423995,-0.8362099039022908,0.09930100608089457,20
lsac,variance_global_mag2.0,xgb,per_subgroup_ewma[min_pos],DI_star,-0.3453383458646616,0.2342774497369618,-0.3409999205224327,0.2549363004617545,20
lsac,variance_global_mag2.0,xgb,per_subgroup_ewma[min_pos],AOD_star,-0.4132330827067669,0.17812510903541634,-0.5262730181854042,0.17042531855334986,20
lsac,variance_global_mag2.0,xgb,per_subgroup_ewma[min_pos],BalAcc,-0.48233082706766905,0.14084444854586622,-0.7226302638005552,0.08414291612626501,20
lsac,variance_global_mag2.0,xgb,per_subgroup_baseline_relative[min_pos],DI_star,-0.27013435093919724,0.20141313948776948,-0.23543445367117727,0.2388737273432606,20
lsac,variance_global_mag2.0,xgb,per_subgroup_baseline_relative[min_pos],AOD_star,-0.43009018906704427,0.17970146309029117,-0.6202261391695457,0.11816005174883362,20
lsac,variance_global_mag2.0,xgb,per_subgroup_baseline_relative[min_pos],BalAcc,-0.5044561276972628,0.15614632697373707,-0.853787180263548,0.1261326537555523,20
lsac,variance_global_mag2.0,xgb,per_subgroup_ewma[maj_neg],DI_star,-0.33428571428571424,0.22581294523207243,-0.3376767550759097,0.24688132167866292,20
lsac,variance_global_mag2.0,xgb,per_subgroup_ewma[maj_neg],AOD_star,-0.3999248120300751,0.17288752279907554,-0.4980107044123896,0.16436565943575865,20
lsac,variance_global_mag2.0,xgb,per_subgroup_ewma[maj_neg],BalAcc,-0.4793233082706766,0.1394211846149291,-0.6983137887230588,0.07500007185558653,20
lsac,variance_global_mag2.0,xgb,per_subgroup_baseline_relative[maj_neg],DI_star,-0.28475796883669824,0.1989662834585599,-0.2348376167135064,0.215206806439255,20
lsac,variance_global_mag2.0,xgb,per_subgroup_baseline_relative[maj_neg],AOD_star,-0.3826939904782937,0.14956449213050632,-0.582718444687782,0.1273053676591325,20
lsac,variance_global_mag2.0,xgb,per_subgroup_baseline_relative[maj_neg],BalAcc,-0.4210435883776311,0.1545186419561836,-0.8386598073507369,0.08423333049839822,20
lsac,variance_global_mag2.0,xgb,per_subgroup_ewma[maj_pos],DI_star,-0.3409774436090226,0.22941862927105863,-0.3370805029305889,0.2525133144955637,20
lsac,variance_global_mag2.0,xgb,per_subgroup_ewma[maj_pos],AOD_star,-0.4096240601503759,0.17730745381627835,-0.49550405675881387,0.17694244766146613,20
lsac,variance_global_mag2.0,xgb,per_subgroup_ewma[maj_pos],BalAcc,-0.4830075187969925,0.1413290652573926,-0.7028923504223814,0.06336935110584145,20
lsac,variance_global_mag2.0,xgb,per_subgroup_baseline_relative[maj_pos],DI_star,-0.31172932330827063,0.22098822651345296,-0.26447129855659585,0.24066201706708473,20
lsac,variance_global_mag2.0,xgb,per_subgroup_baseline_relative[maj_pos],AOD_star,-0.3938345864661655,0.1750080718198535,-0.6018618017485848,0.13381997278848098,20
lsac,variance_global_mag2.0,xgb,per_subgroup_baseline_relative[maj_pos],BalAcc,-0.49571428571428555,0.13926247104472692,-0.8631924998778194,0.04634165829960306,20
lsac,variance_global_mag2.5,lr,global_mean,DI_star,0.0762045090339759,0.294496394417169,0.08527329902650156,0.2588473754482957,20
lsac,variance_global_mag2.5,lr,global_mean,AOD_star,0.4227067669172932,0.20745171630199152,0.4176259177554905,0.1706516102565923,20
lsac,variance_global_mag2.5,lr,global_mean,BalAcc,-0.043759398496240595,0.2257121818438965,-0.044014206409775866,0.22848514151584973,20
lsac,variance_global_mag2.5,lr,global_ewma,DI_star,0.0795151594367632,0.2958633373102712,0.10960984519535968,0.2877452007810051,20
lsac,variance_global_mag2.5,lr,global_ewma,AOD_star,0.4230827067669172,0.2101318942200624,0.4492056940033322,0.18860730756365154,20
lsac,variance_global_mag2.5,lr,global_ewma,BalAcc,-0.053157894736842105,0.22514511246934438,-0.06557989692955093,0.23209045259442423,20
lsac,variance_global_mag2.5,lr,global_std,DI_star,0.07515539038402673,0.29088646457203476,0.09011958604920697,0.2858220012325529,20
lsac,variance_global_mag2.5,lr,global_std,AOD_star,0.39969924812030067,0.2180480165738717,0.43052863556592025,0.20677330301049301,20
lsac,variance_global_mag2.5,lr,global_std,BalAcc,-0.07090225563909773,0.2434786966902578,-0.054009741522665154,0.22841220967417505,20
lsac,variance_global_mag2.5,lr,subgroup_violation_diff,DI_star,0.0211907689274484,0.2163213100875549,0.026088083115552146,0.19696722300796213,20
lsac,variance_global_mag2.5,lr,subgroup_violation_diff,AOD_star,-0.1069172932330827,0.21759294573435523,-0.09725483068917182,0.2157716135798185,20
lsac,variance_global_mag2.5,lr,subgroup_violation_diff,BalAcc,0.035789473684210524,0.21340120841572807,0.024380137160454014,0.2093206180247614,20
lsac,variance_global_mag2.5,lr,max_subgroup_deviation,DI_star,0.04003920882043159,0.2925382510126589,0.034047733100957885,0.24739109780268678,20
lsac,variance_global_mag2.5,lr,max_subgroup_deviation,AOD_star,0.34421052631578947,0.24174862818878745,0.3459846538293912,0.19796041314504043,20
lsac,variance_global_mag2.5,lr,max_subgroup_deviation,BalAcc,-0.031654135338345865,0.2582141317751225,-0.03738347947365871,0.24236614225120673,20
lsac,variance_global_mag2.5,lr,assignment_proportion_drift,DI_star,-0.016345908604281915,0.16792142016934708,-0.026161706118450655,0.16002843220750432,20
lsac,variance_global_mag2.5,lr,assignment_proportion_drift,AOD_star,-0.015848790006091164,0.19653636048481923,0.06227494765647407,0.15671812312646013,20
lsac,variance_global_mag2.5,lr,assignment_proportion_drift,BalAcc,-0.019097862924528055,0.2378149134630393,-0.001123642135839173,0.25220029068600863,20
lsac,variance_global_mag2.5,lr,ks_statistic,DI_star,0.07620144938613874,0.2932032060247247,0.08239983543292337,0.28170660248518753,20
lsac,variance_global_mag2.5,lr,ks_statistic,AOD_star,0.40511278195488715,0.21174480890055145,0.4200697180547893,0.20307458847000545,20
lsac,variance_global_mag2.5,lr,ks_statistic,BalAcc,-0.06909774436090224,0.2262503215077537,-0.06594824891234861,0.22732286889546804,20
lsac,variance_global_mag2.5,lr,kl_divergence,DI_star,0.06544956968689063,0.2875658920288066,0.09542972824126823,0.2995166075627585,20
lsac,variance_global_mag2.5,lr,kl_divergence,AOD_star,0.4064661654135338,0.20453897424138678,0.4208489651008507,0.18923189940632557,20
lsac,variance_global_mag2.5,lr,kl_divergence,BalAcc,-0.05105263157894737,0.21710894440780984,-0.04628678152716835,0.19260801079502718,20
lsac,variance_global_mag2.5,lr,per_subgroup_ewma[min_neg],DI_star,0.07845992149113973,0.2961443141653272,0.10964140159098454,0.2829879978116289,20
lsac,variance_global_mag2.5,lr,per_subgroup_ewma[min_neg],AOD_star,0.42398496240601496,0.21225257615798912,0.4469506322805986,0.18212185288078783,20
lsac,variance_global_mag2.5,lr,per_subgroup_ewma[min_neg],BalAcc,-0.05338345864661653,0.22066433083952675,-0.06417253897524099,0.23523633429224836,20
lsac,variance_global_mag2.5,lr,per_subgroup_baseline_relative[min_neg],DI_star,0.061613736697532305,0.30280751529683747,0.08034591568005639,0.2524778034818536,20
lsac,variance_global_mag2.5,lr,per_subgroup_baseline_relative[min_neg],AOD_star,0.4,0.21812754469832465,0.3972032090892423,0.16422631133434823,20
lsac,variance_global_mag2.5,lr,per_subgroup_baseline_relative[min_neg],BalAcc,-0.03721804511278195,0.21873464993024375,-0.03757384713744937,0.2266964960522497,20
lsac,variance_global_mag2.5,lr,per_subgroup_ewma[min_pos],DI_star,0.08169663044719512,0.28218056393735397,0.08488365488731021,0.27541908676725996,20
lsac,variance_global_mag2.5,lr,per_subgroup_ewma[min_pos],AOD_star,0.4154135338345865,0.20387610064181622,0.4341855150019088,0.1933919526370934,20
lsac,variance_global_mag2.5,lr,per_subgroup_ewma[min_pos],BalAcc,-0.07172932330827068,0.22611016562441363,-0.06054944776272588,0.24363901263067314,20
lsac,variance_global_mag2.5,lr,per_subgroup_baseline_relative[min_pos],DI_star,0.04542511320130158,0.28829005429893584,0.03868852942269974,0.2442256669655555,20
lsac,variance_global_mag2.5,lr,per_subgroup_baseline_relative[min_pos],AOD_star,0.3466759528534328,0.24253583710856993,0.3495531731132401,0.19526781708913774,20
lsac,variance_global_mag2.5,lr,per_subgroup_baseline_relative[min_pos],BalAcc,-0.04643013488909904,0.25447054518261664,-0.043004992831554754,0.24478986775269165,20
lsac,variance_global_mag2.5,lr,per_subgroup_ewma[maj_neg],DI_star,0.08583253539451112,0.30098171329732953,0.10158139302853639,0.28512329066125547,20
lsac,variance_global_mag2.5,lr,per_subgroup_ewma[maj_neg],AOD_star,0.4307518796992481,0.21139053284061612,0.4482597600881181,0.19320492564601024,20
lsac,variance_global_mag2.5,lr,per_subgroup_ewma[maj_neg],BalAcc,-0.058571428571428566,0.22727893124912618,-0.06313160378274976,0.2361245565884062,20
lsac,variance_global_mag2.5,lr,per_subgroup_baseline_relative[maj_neg],DI_star,0.07621142157168205,0.2818780422489601,0.07432265288124319,0.2525124426749473,20
lsac,variance_global_mag2.5,lr,per_subgroup_baseline_relative[maj_neg],AOD_star,0.4249624060150376,0.22293221671376198,0.4075645783796265,0.181379908544245,20
lsac,variance_global_mag2.5,lr,per_subgroup_baseline_relative[maj_neg],BalAcc,-0.025789473684210522,0.2609281584506799,-0.023963048763291365,0.2585428435833769,20
lsac,variance_global_mag2.5,lr,per_subgroup_ewma[maj_pos],DI_star,0.08417840005616524,0.2982862165096838,0.09863345418700967,0.29401671537309276,20
lsac,variance_global_mag2.5,lr,per_subgroup_ewma[maj_pos],AOD_star,0.4269924812030076,0.21524648090891335,0.4446108678321078,0.19889500941510296,20
lsac,variance_global_mag2.5,lr,per_subgroup_ewma[maj_pos],BalAcc,-0.052932330827067664,0.22831039705141573,-0.06379187086462022,0.22395434570624773,20
lsac,variance_global_mag2.5,lr,per_subgroup_baseline_relative[maj_pos],DI_star,0.08380053376160668,0.28458119827365436,0.07266388759298527,0.2715783045319475,20
lsac,variance_global_mag2.5,lr,per_subgroup_baseline_relative[maj_pos],AOD_star,0.42496240601503754,0.21669136407956566,0.40680973808508447,0.19537748844566186,20
lsac,variance_global_mag2.5,lr,per_subgroup_baseline_relative[maj_pos],BalAcc,-0.041203007518796984,0.2237088632399569,-0.04079744902894463,0.2232708990951238,20
lsac,variance_global_mag2.5,xgb,global_mean,DI_star,-0.38253693996197996,0.23563004193782328,-0.3320680638036783,0.25847163774038046,20
lsac,variance_global_mag2.5,xgb,global_mean,AOD_star,-0.3486466165413533,0.17556948035792136,-0.4934981706329604,0.1569175311025848,20
lsac,variance_global_mag2.5,xgb,global_mean,BalAcc,-0.49233082706766906,0.1543434501888634,-0.801277778852854,0.09119906822230296,20
lsac,variance_global_mag2.5,xgb,global_ewma,DI_star,-0.37768721691446683,0.2430162610906735,-0.3545871156249804,0.2611054440039739,20
lsac,variance_global_mag2.5,xgb,global_ewma,AOD_star,-0.3454135338345864,0.17832335756750053,-0.3713741408257663,0.18662549324505706,20
lsac,variance_global_mag2.5,xgb,global_ewma,BalAcc,-0.49969924812030075,0.15873610418447973,-0.6652490196713043,0.08145651417676883,20
lsac,variance_global_mag2.5,xgb,global_std,DI_star,-0.3796417364651643,0.2339752780348633,-0.370069586016179,0.2564379442697088,20
lsac,variance_global_mag2.5,xgb,global_std,AOD_star,-0.30390977443609024,0.1968890849582063,-0.34704386238573404,0.23432107905795926,20
lsac,variance_global_mag2.5,xgb,global_std,BalAcc,-0.45067669172932323,0.17514575631327187,-0.6137583116891049,0.14362582965752785,20
lsac,variance_global_mag2.5,xgb,subgroup_violation_diff,DI_star,0.1807169018088744,0.258737342621158,0.18832711178337214,0.30107147822007846,20
lsac,variance_global_mag2.5,xgb,subgroup_violation_diff,AOD_star,-0.0848872180451128,0.42078925033026937,-0.007762609741276233,0.5695574081940404,20
lsac,variance_global_mag2.5,xgb,subgroup_violation_diff,BalAcc,-0.018646616541353373,0.5009734207035895,0.03459932605798468,0.7160560010013538,20
lsac,variance_global_mag2.5,xgb,max_subgroup_deviation,DI_star,-0.3204666829765626,0.2351088123365968,-0.296386208409106,0.25204117022448735,20
lsac,variance_global_mag2.5,xgb,max_subgroup_deviation,AOD_star,-0.36330827067669164,0.19603417253191174,-0.5637752345174347,0.14202565897567992,20
lsac,variance_global_mag2.5,xgb,max_subgroup_deviation,BalAcc,-0.4957894736842105,0.15968558343192804,-0.8590114673453861,0.05879357948965137,20
lsac,variance_global_mag2.5,xgb,assignment_proportion_drift,DI_star,-0.03872820812398779,0.1814977947831384,-0.10195923608129479,0.2164348842391742,20
lsac,variance_global_mag2.5,xgb,assignment_proportion_drift,AOD_star,-0.534259124162505,0.1394034618536058,-0.6076200100958651,0.12737649142022373,20
lsac,variance_global_mag2.5,xgb,assignment_proportion_drift,BalAcc,-0.48899987210662693,0.144152475949442,-0.7443316664593227,0.09709690094789955,20
lsac,variance_global_mag2.5,xgb,ks_statistic,DI_star,-0.3774630671098754,0.24744559671048502,-0.3598149747328355,0.2717590335691433,20
lsac,variance_global_mag2.5,xgb,ks_statistic,AOD_star,-0.3487218045112782,0.17292049648947827,-0.4709552435600292,0.19277509060659345,20
lsac,variance_global_mag2.5,xgb,ks_statistic,BalAcc,-0.49676691729323297,0.15702753260077024,-0.7714152794733261,0.05672935829086135,20
lsac,variance_global_mag2.5,xgb,kl_divergence,DI_star,-0.36452940702393566,0.2480098618167081,-0.3181475260411809,0.25372280087122795,20
lsac,variance_global_mag2.5,xgb,kl_divergence,AOD_star,-0.3424812030075188,0.17580219214717285,-0.24436013869019826,0.20192873843586012,20
lsac,variance_global_mag2.5,xgb,kl_divergence,BalAcc,-0.5006766917293233,0.15295641200015112,-0.5247682761112119,0.07947376853183563,20
lsac,variance_global_mag2.5,xgb,per_subgroup_ewma[min_neg],DI_star,-0.3781005951974831,0.24488753909317995,-0.35188912455085747,0.25925819145702617,20
lsac,variance_global_mag2.5,xgb,per_subgroup_ewma[min_neg],AOD_star,-0.3440601503759398,0.17797397481502483,-0.3915203339971639,0.18824126406808217,20
lsac,variance_global_mag2.5,xgb,per_subgroup_ewma[min_neg],BalAcc,-0.49827067669172925,0.15785697722506697,-0.6856243475383239,0.09469498395596884,20
lsac,variance_global_mag2.5,xgb,per_subgroup_baseline_relative[min_neg],DI_star,-0.3591535095974671,0.2568432238722324,-0.3083142603800017,0.2645900939250132,20
lsac,variance_global_mag2.5,xgb,per_subgroup_baseline_relative[min_neg],AOD_star,-0.3448120300751879,0.17917474655087862,-0.5064425127564667,0.17002526417589733,20
lsac,variance_global_mag2.5,xgb,per_subgroup_baseline_relative[min_neg],BalAcc,-0.48624060150375925,0.1642352256342631,-0.8115333023031225,0.11806520840117751,20
lsac,variance_global_mag2.5,xgb,per_subgroup_ewma[min_pos],DI_star,-0.3722368668527686,0.23719518240486664,-0.3682431343704849,0.2611624402110889,20
lsac,variance_global_mag2.5,xgb,per_subgroup_ewma[min_pos],AOD_star,-0.33458646616541354,0.17106973392153055,-0.430257363351935,0.19030330441099944,20
lsac,variance_global_mag2.5,xgb,per_subgroup_ewma[min_pos],BalAcc,-0.4859398496240601,0.17852244678437318,-0.7157058117237948,0.08913522748479197,20
lsac,variance_global_mag2.5,xgb,per_subgroup_baseline_relative[min_pos],DI_star,-0.3204210001610852,0.21255247213206183,-0.30071983696998694,0.24266228346353783,20
lsac,variance_global_mag2.5,xgb,per_subgroup_baseline_relative[min_pos],AOD_star,-0.3519677503682921,0.18847745009476422,-0.5533497877818563,0.1429786320866519,20
lsac,variance_global_mag2.5,xgb,per_subgroup_baseline_relative[min_pos],BalAcc,-0.4820360447645299,0.18567482769261517,-0.8436853282784957,0.09943052257879895,20
lsac,variance_global_mag2.5,xgb,per_subgroup_ewma[maj_neg],DI_star,-0.376334427379997,0.24104499327628562,-0.3682391407021734,0.26101071376338203,20
lsac,variance_global_mag2.5,xgb,per_subgroup_ewma[maj_neg],AOD_star,-0.33872180451127815,0.17366427317785701,-0.40801396378000226,0.18371886655671976,20
lsac,variance_global_mag2.5,xgb,per_subgroup_ewma[maj_neg],BalAcc,-0.49518796992481195,0.15493400271593197,-0.6945428929834268,0.07430409746281898,20
lsac,variance_global_mag2.5,xgb,per_subgroup_baseline_relative[maj_neg],DI_star,-0.3395642293627393,0.21599571653498958,-0.3157177870051822,0.23795744698841503,20
lsac,variance_global_mag2.5,xgb,per_subgroup_baseline_relative[maj_neg],AOD_star,-0.33278195488721807,0.171255089637426,-0.5299710017968738,0.1463564266702269,20
lsac,variance_global_mag2.5,xgb,per_subgroup_baseline_relative[maj_neg],BalAcc,-0.4632330827067669,0.15799457996143518,-0.831730258713827,0.06074281214878747,20
lsac,variance_global_mag2.5,xgb,per_subgroup_ewma[maj_pos],DI_star,-0.3808824086741829,0.23791260415032772,-0.36353541681334817,0.26962754641914244,20
lsac,variance_global_mag2.5,xgb,per_subgroup_ewma[maj_pos],AOD_star,-0.3460902255639097,0.17444404635731878,-0.3839842718446692,0.19811098530387602,20
lsac,variance_global_mag2.5,xgb,per_subgroup_ewma[maj_pos],BalAcc,-0.49947368421052624,0.1565133088643238,-0.6778643867465753,0.07218341220421529,20
lsac,variance_global_mag2.5,xgb,per_subgroup_baseline_relative[maj_pos],DI_star,-0.3707316933490893,0.24258051528781072,-0.33824726718140796,0.25940784021457547,20
lsac,variance_global_mag2.5,xgb,per_subgroup_baseline_relative[maj_pos],AOD_star,-0.34669172932330816,0.18003427729986068,-0.5101316485466552,0.17240845839931077,20
lsac,variance_global_mag2.5,xgb,per_subgroup_baseline_relative[maj_pos],BalAcc,-0.5095488721804512,0.1462248672363655,-0.8229632505891556,0.05467995781171778,20
meps,no_drift,lr,global_mean,DI_star,0.09789473684210527,0.28843614471243545,0.12130448293069984,0.267531062160447,20
meps,no_drift,lr,global_mean,AOD_star,0.011578947368421064,0.3216688984158072,0.016184081344404057,0.30152374298392975,20
meps,no_drift,lr,global_mean,BalAcc,0.1639112451054806,0.28783375641027564,0.14617913295220847,0.2613604541501285,20
meps,no_drift,lr,global_ewma,DI_star,0.1032330827067669,0.2277529245740735,0.1197225819936982,0.23911809791831679,20
meps,no_drift,lr,global_ewma,AOD_star,0.05661654135338347,0.2512688249401307,0.060773591990840405,0.2663823164301492,20
meps,no_drift,lr,global_ewma,BalAcc,0.10590716258408299,0.24810482923756935,0.09165354032767377,0.22239013844003516,20
meps,no_drift,lr,global_std,DI_star,0.14616541353383458,0.28007517787757963,0.1453228879809034,0.2761885525958915,20
meps,no_drift,lr,global_std,AOD_star,0.06624060150375939,0.24929703871330208,0.04069871874331557,0.26551767303142476,20
meps,no_drift,lr,global_std,BalAcc,0.15233603097474285,0.21318734345925827,0.11145307342988682,0.20261862217201163,20
meps,no_drift,lr,subgroup_violation_diff,DI_star,0.008270676691729323,0.2617921596029092,0.014758006409633522,0.2592362792282207,20
meps,no_drift,lr,subgroup_violation_diff,AOD_star,0.013984962406015034,0.27445981975893374,0.012109151953870126,0.2971993441295347,20
meps,no_drift,lr,subgroup_violation_diff,BalAcc,0.031656511035053424,0.28222045326069,0.02383764087371933,0.26878855241192545,20
meps,no_drift,lr,max_subgroup_deviation,DI_star,0.03323308270676691,0.24096208882144596,0.05474161400606579,0.24808794764051542,20
meps,no_drift,lr,max_subgroup_deviation,AOD_star,-0.020751879699248126,0.23891069431860906,-0.0028697163446922067,0.2764227075407808,20
meps,no_drift,lr,max_subgroup_deviation,BalAcc,0.055225097255064005,0.21014704477509605,0.06838927633937616,0.19963950133539568,20
meps,no_drift,lr,assignment_proportion_drift,DI_star,0.06695844077414236,0.20260045061585905,0.056634162502002094,0.23464295430765872,20
meps,no_drift,lr,assignment_proportion_drift,AOD_star,0.0017590663265795725,0.22405793036590693,0.012024767594691923,0.2608961082632929,20
meps,no_drift,lr,assignment_proportion_drift,BalAcc,0.017187334863083874,0.222535756785387,0.0581998173389198,0.22037812841750665,20
meps,no_drift,lr,ks_statistic,DI_star,-0.012481203007518794,0.20723315854397686,0.006439976258885022,0.1989560162015359,20
meps,no_drift,lr,ks_statistic,AOD_star,-0.060075187969924816,0.20296489388208716,-0.025124180488694713,0.22120387458933946,20
meps,no_drift,lr,ks_statistic,BalAcc,-0.010488764227666768,0.1824234908901525,-0.018320540881637353,0.19630218496765886,20
meps,no_drift,lr,kl_divergence,DI_star,0.010000000000000004,0.1880500731383777,-0.0050779354127209655,0.21301885937712828,20
meps,no_drift,lr,kl_divergence,AOD_star,-0.07345864661654135,0.22257431090221025,-0.046891066706781004,0.24544424787853011,20
meps,no_drift,lr,kl_divergence,BalAcc,-0.000518396800448484,0.2391290483395612,-0.008670900755850757,0.2451504149343364,20
meps,no_drift,lr,per_subgroup_ewma[min_neg],DI_star,nan,nan,nan,nan,0
meps,no_drift,lr,per_subgroup_ewma[min_neg],AOD_star,nan,nan,nan,nan,0
meps,no_drift,lr,per_subgroup_ewma[min_neg],BalAcc,nan,nan,nan,nan,0
meps,no_drift,lr,per_subgroup_baseline_relative[min_neg],DI_star,nan,nan,nan,nan,0
meps,no_drift,lr,per_subgroup_baseline_relative[min_neg],AOD_star,nan,nan,nan,nan,0
meps,no_drift,lr,per_subgroup_baseline_relative[min_neg],BalAcc,nan,nan,nan,nan,0
meps,no_drift,lr,per_subgroup_ewma[min_pos],DI_star,0.09375939849624058,0.18699734855548517,0.09041682747296546,0.19145432553972963,20
meps,no_drift,lr,per_subgroup_ewma[min_pos],AOD_star,0.035338345864661655,0.18901872816599405,0.04499817613457106,0.19461012495965216,20
meps,no_drift,lr,per_subgroup_ewma[min_pos],BalAcc,0.11357308307449276,0.24641610421998586,0.13430089873924284,0.2519847187252816,20
meps,no_drift,lr,per_subgroup_baseline_relative[min_pos],DI_star,0.04909774436090225,0.27075031371367403,0.06991521258409022,0.2512138630571298,20
meps,no_drift,lr,per_subgroup_baseline_relative[min_pos],AOD_star,0.017067669172932343,0.23335287519555636,0.002447546414059659,0.2436391253877091,20
meps,no_drift,lr,per_subgroup_baseline_relative[min_pos],BalAcc,0.16439712455857391,0.28190415828614956,0.14551780272757,0.29725855966923626,20
meps,no_drift,lr,per_subgroup_ewma[maj_neg],DI_star,-0.00825705094664865,0.1520280802465938,0.02629311185453214,0.2141878219992117,20
meps,no_drift,lr,per_subgroup_ewma[maj_neg],AOD_star,-0.013857322161267671,0.2109459035601,-0.004139181836471625,0.24984919807247655,20
meps,no_drift,lr,per_subgroup_ewma[maj_neg],BalAcc,-0.018181412856335392,0.21360464518218794,0.01074748006903574,0.21223301955375995,20
meps,no_drift,lr,per_subgroup_baseline_relative[maj_neg],DI_star,-0.01482960575821192,0.22013931475773904,-0.005919319361384861,0.23713121283646543,20
meps,no_drift,lr,per_subgroup_baseline_relative[maj_neg],AOD_star,-0.03155451716776929,0.2617916373291713,-0.009499091794029909,0.28848750185247096,20
meps,no_drift,lr,per_subgroup_baseline_relative[maj_neg],BalAcc,-0.03401540815573662,0.25239890707392226,-0.02855720198824623,0.22856087654400345,20
meps,no_drift,lr,per_subgroup_ewma[maj_pos],DI_star,0.0021052631578947294,0.17728768477419163,0.03343327469212227,0.20297366537891728,20
meps,no_drift,lr,per_subgroup_ewma[maj_pos],AOD_star,0.059097744360902246,0.2521361504481742,0.07014218913368549,0.24298261077211505,20
meps,no_drift,lr,per_subgroup_ewma[maj_pos],BalAcc,0.052630193124289,0.24975263540574563,0.07475592617435757,0.2320824530165293,20
meps,no_drift,lr,per_subgroup_baseline_relative[maj_pos],DI_star,0.035187969924812025,0.24110773810891337,0.06021696985085319,0.25435336033342654,20
meps,no_drift,lr,per_subgroup_baseline_relative[maj_pos],AOD_star,-0.015413533834586468,0.23824260707734699,0.001003612170541146,0.253542671922327,20
meps,no_drift,lr,per_subgroup_baseline_relative[maj_pos],BalAcc,0.05157835344424414,0.213575969717181,0.059325028467633246,0.20702565155355065,20
meps,no_drift,xgb,global_mean,DI_star,0.09473684210526315,0.2697008306893206,0.12747794014715347,0.22340112314799146,20
meps,no_drift,xgb,global_mean,AOD_star,0.009624060150375934,0.3064477183495296,0.0021702249527274925,0.3086489616037274,20
meps,no_drift,xgb,global_mean,BalAcc,0.15778095087253804,0.26932135362204923,0.14543758053082637,0.24040988208456673,20
meps,no_drift,xgb,global_ewma,DI_star,0.08285714285714287,0.23015129705818674,0.12222740406506907,0.23499613874213413,20
meps,no_drift,xgb,global_ewma,AOD_star,0.07007518796992478,0.2553905912878911,0.08898014692780597,0.27924879543522413,20
meps,no_drift,xgb,global_ewma,BalAcc,0.07560655211490205,0.26042598305362114,0.06912279422671093,0.25333960309132275,20
meps,no_drift,xgb,global_std,DI_star,0.12248120300751879,0.19292856553150434,0.12243657377865155,0.18731607886088666,20
meps,no_drift,xgb,global_std,AOD_star,0.022781954887218035,0.25422309069118576,0.007087405504251526,0.27409575363242733,20
meps,no_drift,xgb,global_std,BalAcc,0.19060014621842275,0.21329650600182412,0.1783610233641408,0.2015088171448356,20
meps,no_drift,xgb,subgroup_violation_diff,DI_star,0.029248120300751867,0.23167290106605043,0.022611490959535803,0.24092384531290986,20
meps,no_drift,xgb,subgroup_violation_diff,AOD_star,0.046390977443609024,0.25778150257476645,0.041134351404043576,0.2570045836863059,20
meps,no_drift,xgb,subgroup_violation_diff,BalAcc,0.09154758958731599,0.28475351383234593,0.0923084986225033,0.2722130785294524,20
meps,no_drift,xgb,max_subgroup_deviation,DI_star,0.01270676691729323,0.21496316867584897,0.024402587614714807,0.21913108311308865,20
meps,no_drift,xgb,max_subgroup_deviation,AOD_star,-0.06045112781954887,0.24348302691785914,-0.052059480642249065,0.2773884011522211,20
meps,no_drift,xgb,max_subgroup_deviation,BalAcc,0.026124015605929723,0.23334058191364895,0.052242756876783036,0.2308145739806113,20
meps,no_drift,xgb,assignment_proportion_drift,DI_star,0.04890546559930873,0.21643678817569542,0.0419979762413958,0.20217102294975436,20
meps,no_drift,xgb,assignment_proportion_drift,AOD_star,0.006637320637605916,0.22177393302306928,-0.011278762247200059,0.2204484319562094,20
meps,no_drift,xgb,assignment_proportion_drift,BalAcc,0.010965754668278366,0.19816220081339211,0.02861708858071526,0.1915085247691852,20
meps,no_drift,xgb,ks_statistic,DI_star,-0.005037593984962404,0.14992509483310557,-0.015443595271395012,0.1582699807233409,20
meps,no_drift,xgb,ks_statistic,AOD_star,-0.05022556390977444,0.21179339427026753,-0.05289547133843665,0.2110564119024024,20
meps,no_drift,xgb,ks_statistic,BalAcc,-0.0028954297536449626,0.1984770307606569,0.004086489382625772,0.19895940253623126,20
meps,no_drift,xgb,kl_divergence,DI_star,-0.01654135338345865,0.20429444498045657,-0.045018907782451115,0.18548859826423794,20
meps,no_drift,xgb,kl_divergence,AOD_star,-0.11466165413533835,0.2553837180832767,-0.1070377653190675,0.260427045574077,20
meps,no_drift,xgb,kl_divergence,BalAcc,-0.011240643926914897,0.23799450650640896,-0.009914349334755674,0.20054062736796455,20
meps,no_drift,xgb,per_subgroup_ewma[min_neg],DI_star,nan,nan,nan,nan,0
meps,no_drift,xgb,per_subgroup_ewma[min_neg],AOD_star,nan,nan,nan,nan,0
meps,no_drift,xgb,per_subgroup_ewma[min_neg],BalAcc,nan,nan,nan,nan,0
meps,no_drift,xgb,per_subgroup_baseline_relative[min_neg],DI_star,nan,nan,nan,nan,0
meps,no_drift,xgb,per_subgroup_baseline_relative[min_neg],AOD_star,nan,nan,nan,nan,0
meps,no_drift,xgb,per_subgroup_baseline_relative[min_neg],BalAcc,nan,nan,nan,nan,0
meps,no_drift,xgb,per_subgroup_ewma[min_pos],DI_star,0.04984962406015039,0.23225576080048024,0.04009875742164977,0.21201556579906244,20
meps,no_drift,xgb,per_subgroup_ewma[min_pos],AOD_star,0.04962406015037594,0.2561454516410637,0.05464786895328666,0.24065280470717293,20
meps,no_drift,xgb,per_subgroup_ewma[min_pos],BalAcc,0.13974186217866305,0.26491261072055766,0.1279277552130932,0.2587212573205122,20
meps,no_drift,xgb,per_subgroup_baseline_relative[min_pos],DI_star,0.028796992481203005,0.21279246234584023,0.05021862808634475,0.2091399626445105,20
meps,no_drift,xgb,per_subgroup_baseline_relative[min_pos],AOD_star,0.021804511278195483,0.2245438086107356,0.00034486819857437663,0.23861975583116748,20
meps,no_drift,xgb,per_subgroup_baseline_relative[min_pos],BalAcc,0.23710618232626374,0.2627954705460581,0.20723219868641318,0.2650075264518605,20
meps,no_drift,xgb,per_subgroup_ewma[maj_neg],DI_star,-0.037099560740417814,0.17503438333868,-0.029769437670213263,0.18592710118820605,20
meps,no_drift,xgb,per_subgroup_ewma[maj_neg],AOD_star,-0.07105531014989044,0.19676868219423527,-0.060771054764349144,0.19868433690859333,20
meps,no_drift,xgb,per_subgroup_ewma[maj_neg],BalAcc,-0.08959564357726077,0.2347750325631293,-0.0543248467640412,0.24760545552623797,20
meps,no_drift,xgb,per_subgroup_baseline_relative[maj_neg],DI_star,-0.0034231140145715433,0.2506507694484309,-0.052360448002866614,0.23195005081547762,20
meps,no_drift,xgb,per_subgroup_baseline_relative[maj_neg],AOD_star,-0.0308717067565862,0.23624131647226942,-0.04980925127655993,0.2603118211211599,20
meps,no_drift,xgb,per_subgroup_baseline_relative[maj_neg],BalAcc,-0.07043526564994458,0.2546443146199248,-0.07656512820456607,0.26595560504579213,20
meps,no_drift,xgb,per_subgroup_ewma[maj_pos],DI_star,0.008721804511278191,0.2280854548849142,0.04113745470278977,0.24244098391965313,20
meps,no_drift,xgb,per_subgroup_ewma[maj_pos],AOD_star,0.056165413533834564,0.25235272606989967,0.071854374032475,0.25560511060497293,20
meps,no_drift,xgb,per_subgroup_ewma[maj_pos],BalAcc,0.003948711820976561,0.21670603631975438,0.03970283035736105,0.22611027101543474,20
meps,no_drift,xgb,per_subgroup_baseline_relative[maj_pos],DI_star,0.02045112781954888,0.21736133386625242,0.05056359261981826,0.22866852716888383,20
meps,no_drift,xgb,per_subgroup_baseline_relative[maj_pos],AOD_star,-0.032781954887218044,0.24302845513920626,-0.023535101269232105,0.2736769028538256,20
meps,no_drift,xgb,per_subgroup_baseline_relative[maj_pos],BalAcc,0.03048548350364206,0.23349862203470104,0.05199151225309338,0.22983755390611316,20
meps,gradual_group_mag0.5,lr,global_mean,DI_star,-0.09707960422067748,0.1967612525602321,-0.1313287712931726,0.18743783111763815,20
meps,gradual_group_mag0.5,lr,global_mean,AOD_star,-0.058796992481203,0.2676099875429817,-0.049757925616931806,0.24317414504354043,20
meps,gradual_group_mag0.5,lr,global_mean,BalAcc,0.054327960676728994,0.23297689280352146,0.05858177247263989,0.23245822374674435,20
meps,gradual_group_mag0.5,lr,global_ewma,DI_star,-0.1413652053779771,0.17569383737682281,-0.15584980835056528,0.16834836363491743,20
meps,gradual_group_mag0.5,lr,global_ewma,AOD_star,-0.04616541353383458,0.24154144407710185,-0.03791192614379344,0.23798181060221527,20
meps,gradual_group_mag0.5,lr,global_ewma,BalAcc,0.031090833629138493,0.21255976893202344,0.03538629036689252,0.22765631450188623,20
meps,gradual_group_mag0.5,lr,global_std,DI_star,0.22915574388365637,0.17670904757648145,0.23645952801127051,0.16381440631692112,20
meps,gradual_group_mag0.5,lr,global_std,AOD_star,0.10533834586466166,0.2265175205628478,0.08249928150705146,0.20550344725704298,20
meps,gradual_group_mag0.5,lr,global_std,BalAcc,0.0060467630424376195,0.20068999158398926,0.007990421454132073,0.2145188996314536,20
meps,gradual_group_mag0.5,lr,subgroup_violation_diff,DI_star,0.04052634407157734,0.23548658502955994,0.023898130384437638,0.23660006592314628,20
meps,gradual_group_mag0.5,lr,subgroup_violation_diff,AOD_star,0.02804511278195489,0.19539169078336144,0.028113693683128615,0.2173166860372805,20
meps,gradual_group_mag0.5,lr,subgroup_violation_diff,BalAcc,0.0552972307577934,0.24393910267876825,0.08712781008255434,0.22091635644744312,20
meps,gradual_group_mag0.5,lr,max_subgroup_deviation,DI_star,-0.07914256442335015,0.1642954921643961,-0.11806179007274384,0.1969403616863511,20
meps,gradual_group_mag0.5,lr,max_subgroup_deviation,AOD_star,-0.06075187969924811,0.2002047682598674,-0.09535120156024854,0.2342737274514222,20
meps,gradual_group_mag0.5,lr,max_subgroup_deviation,BalAcc,0.04387717224242406,0.23281410760435417,0.060247777065018805,0.20938526417625825,20
meps,gradual_group_mag0.5,lr,assignment_proportion_drift,DI_star,-0.09947462028206953,0.24775950740517855,-0.052501325116130725,0.21875382122883708,20
meps,gradual_group_mag0.5,lr,assignment_proportion_drift,AOD_star,-0.07594267911936603,0.24788656765420466,-0.019100368303917585,0.22396607419443756,20
meps,gradual_group_mag0.5,lr,assignment_proportion_drift,BalAcc,0.010881052913073296,0.23765945638463565,0.04295659702211618,0.23258330556186035,20
meps,gradual_group_mag0.5,lr,ks_statistic,DI_star,-0.16057390749808037,0.18615843263540896,-0.10099274290046592,0.20756864393728722,20
meps,gradual_group_mag0.5,lr,ks_statistic,AOD_star,-0.06834586466165413,0.23893855531994893,-0.03366123083516386,0.24127124401374325,20
meps,gradual_group_mag0.5,lr,ks_statistic,BalAcc,0.006468399699723075,0.20239692089029077,0.04372061608571884,0.22888692075718567,20
meps,gradual_group_mag0.5,lr,kl_divergence,DI_star,-0.16212177990643298,0.17300311538905438,-0.13150753854695504,0.18455764661273918,20
meps,gradual_group_mag0.5,lr,kl_divergence,AOD_star,-0.0988721804511278,0.2013392185351527,-0.06375636146121552,0.22178111458610458,20
meps,gradual_group_mag0.5,lr,kl_divergence,BalAcc,-0.010336747925804777,0.23145188187050714,0.013921917101453605,0.25023721991284065,20
meps,gradual_group_mag0.5,lr,per_subgroup_ewma[min_neg],DI_star,nan,nan,nan,nan,0
meps,gradual_group_mag0.5,lr,per_subgroup_ewma[min_neg],AOD_star,nan,nan,nan,nan,0
meps,gradual_group_mag0.5,lr,per_subgroup_ewma[min_neg],BalAcc,nan,nan,nan,nan,0
meps,gradual_group_mag0.5,lr,per_subgroup_baseline_relative[min_neg],DI_star,nan,nan,nan,nan,0
meps,gradual_group_mag0.5,lr,per_subgroup_baseline_relative[min_neg],AOD_star,nan,nan,nan,nan,0
meps,gradual_group_mag0.5,lr,per_subgroup_baseline_relative[min_neg],BalAcc,nan,nan,nan,nan,0
meps,gradual_group_mag0.5,lr,per_subgroup_ewma[min_pos],DI_star,-0.1395978214300336,0.18763408589114378,-0.13843495773573106,0.17745930929180245,20
meps,gradual_group_mag0.5,lr,per_subgroup_ewma[min_pos],AOD_star,-0.03864661654135338,0.23581857845536977,-0.034772816725008274,0.23425201276632554,20
meps,gradual_group_mag0.5,lr,per_subgroup_ewma[min_pos],BalAcc,0.03428681728775708,0.2076238362010016,0.05587770549740715,0.2300395302976633,20
meps,gradual_group_mag0.5,lr,per_subgroup_baseline_relative[min_pos],DI_star,-0.06080009361413539,0.24621903253132732,-0.05853760008041824,0.2337565785088004,20
meps,gradual_group_mag0.5,lr,per_subgroup_baseline_relative[min_pos],AOD_star,-0.006766917293233079,0.265547262312531,-0.018583649279949627,0.2528443257366221,20
meps,gradual_group_mag0.5,lr,per_subgroup_baseline_relative[min_pos],BalAcc,0.11192203048544598,0.21671394796081267,0.10464369383272394,0.20509758403304074,20
meps,gradual_group_mag0.5,lr,per_subgroup_ewma[maj_neg],DI_star,-0.04516741823222011,0.23067303564889763,-0.008923749389773517,0.24540746018713677,20
meps,gradual_group_mag0.5,lr,per_subgroup_ewma[maj_neg],AOD_star,-0.033882361589468266,0.2541180547765734,-0.04242791908306308,0.3020243099158239,20
meps,gradual_group_mag0.5,lr,per_subgroup_ewma[maj_neg],BalAcc,-0.0158843786291225,0.23639286416558114,-0.010807451700504797,0.18148040490921902,20
meps,gradual_group_mag0.5,lr,per_subgroup_baseline_relative[maj_neg],DI_star,-0.004984252173786892,0.21714329420579712,-0.005783442484847165,0.2187499980734963,20
meps,gradual_group_mag0.5,lr,per_subgroup_baseline_relative[maj_neg],AOD_star,-0.03769178361970564,0.2575858162718373,-0.06962216669155621,0.27709602409120276,20
meps,gradual_group_mag0.5,lr,per_subgroup_baseline_relative[maj_neg],BalAcc,-0.03913482182914742,0.2435871348616716,-0.032078810518108125,0.1766198672299198,20
meps,gradual_group_mag0.5,lr,per_subgroup_ewma[maj_pos],DI_star,-0.1367720929182031,0.19006841379803902,-0.14109894921522315,0.1952273347197059,20
meps,gradual_group_mag0.5,lr,per_subgroup_ewma[maj_pos],AOD_star,-0.017067669172932332,0.21698486066683784,-0.020461437554428027,0.23638767673199187,20
meps,gradual_group_mag0.5,lr,per_subgroup_ewma[maj_pos],BalAcc,0.0008634596647297225,0.20485955941510622,0.01802413559704153,0.201098650137909,20
meps,gradual_group_mag0.5,lr,per_subgroup_baseline_relative[maj_pos],DI_star,-0.13599137254507582,0.16470114956037774,-0.16855371208073136,0.17891206568647777,20
meps,gradual_group_mag0.5,lr,per_subgroup_baseline_relative[maj_pos],AOD_star,-0.05827067669172932,0.19410433757709936,-0.07732077706083078,0.21458142215847062,20
meps,gradual_group_mag0.5,lr,per_subgroup_baseline_relative[maj_pos],BalAcc,0.019742710641772916,0.2537872523441955,0.020320281071128474,0.2428290770184097,20
meps,gradual_group_mag0.5,xgb,global_mean,DI_star,0.0150375939849624,0.19560840754927408,-0.05246187869499006,0.21253674885989005,20
meps,gradual_group_mag0.5,xgb,global_mean,AOD_star,-0.0025563909774436117,0.22315105475604619,-0.021122622866788662,0.21355859912308353,20
meps,gradual_group_mag0.5,xgb,global_mean,BalAcc,0.053537567824149465,0.2030548745326946,0.01704841244572916,0.2052825600023506,20
meps,gradual_group_mag0.5,xgb,global_ewma,DI_star,-0.017894736842105262,0.21317395279716372,-0.05061277281210356,0.19653903862466607,20
meps,gradual_group_mag0.5,xgb,global_ewma,AOD_star,0.004661654135338341,0.20279626992608943,0.000569187555172146,0.1878175512199349,20
meps,gradual_group_mag0.5,xgb,global_ewma,BalAcc,0.020454154004640644,0.22443648481173645,-0.011550271855996917,0.2080887255581766,20
meps,gradual_group_mag0.5,xgb,global_std,DI_star,0.16195488721804507,0.1706512517889182,0.17322235966619384,0.18483648015398924,20
meps,gradual_group_mag0.5,xgb,global_std,AOD_star,0.05263157894736843,0.2216854529451293,0.043651085182536326,0.21058171481378843,20
meps,gradual_group_mag0.5,xgb,global_std,BalAcc,0.07267382533838311,0.24496913915664698,0.08420219871764674,0.24202415942545522,20
meps,gradual_group_mag0.5,xgb,subgroup_violation_diff,DI_star,0.08120300751879697,0.20092048901996515,0.03951995076149084,0.2076793620118931,20
meps,gradual_group_mag0.5,xgb,subgroup_violation_diff,AOD_star,0.04421052631578947,0.20050047618897085,0.014635001690153929,0.23070615700938826,20
meps,gradual_group_mag0.5,xgb,subgroup_violation_diff,BalAcc,0.09940553848441318,0.24369018063762676,0.08916499093071248,0.2401948669501593,20
meps,gradual_group_mag0.5,xgb,max_subgroup_deviation,DI_star,-0.008646616541353383,0.2009097264605264,-0.038635010545091074,0.2123366354259164,20
meps,gradual_group_mag0.5,xgb,max_subgroup_deviation,AOD_star,-0.0393984962406015,0.2193399974576183,-0.041847494569605605,0.22509937959429752,20
meps,gradual_group_mag0.5,xgb,max_subgroup_deviation,BalAcc,0.07481607441601154,0.22208447896301006,0.07795329970420187,0.1895832730853105,20
meps,gradual_group_mag0.5,xgb,assignment_proportion_drift,DI_star,-0.09170020631476303,0.25076114905752855,-0.028330632376822273,0.21796122161909298,20
meps,gradual_group_mag0.5,xgb,assignment_proportion_drift,AOD_star,-0.10261568665793644,0.22753311473733162,-0.030317222881501495,0.22679413489718186,20
meps,gradual_group_mag0.5,xgb,assignment_proportion_drift,BalAcc,-0.004071249754103545,0.28097542735091585,0.001392666206934623,0.2824747094633074,20
meps,gradual_group_mag0.5,xgb,ks_statistic,DI_star,-0.04827067669172931,0.18631324071150773,-0.03742649407481648,0.20833998183438798,20
meps,gradual_group_mag0.5,xgb,ks_statistic,AOD_star,-0.03308270676691729,0.2204272263915235,-0.018061592523006476,0.23126983032253837,20
meps,gradual_group_mag0.5,xgb,ks_statistic,BalAcc,0.02037398838447142,0.24274218170808617,0.005234057506552986,0.271875671425747,20
meps,gradual_group_mag0.5,xgb,kl_divergence,DI_star,-0.0269172932330827,0.19964743643484897,-0.04213368886273525,0.22605079730188823,20
meps,gradual_group_mag0.5,xgb,kl_divergence,AOD_star,-0.04172932330827067,0.2223459048337702,-0.019485250521629464,0.22854018397541676,20
meps,gradual_group_mag0.5,xgb,kl_divergence,BalAcc,0.02593801128732216,0.25880956108656217,-0.003985697990092252,0.25238846157808364,20
meps,gradual_group_mag0.5,xgb,per_subgroup_ewma[min_neg],DI_star,nan,nan,nan,nan,0
meps,gradual_group_mag0.5,xgb,per_subgroup_ewma[min_neg],AOD_star,nan,nan,nan,nan,0
meps,gradual_group_mag0.5,xgb,per_subgroup_ewma[min_neg],BalAcc,nan,nan,nan,nan,0
meps,gradual_group_mag0.5,xgb,per_subgroup_baseline_relative[min_neg],DI_star,nan,nan,nan,nan,0
meps,gradual_group_mag0.5,xgb,per_subgroup_baseline_relative[min_neg],AOD_star,nan,nan,nan,nan,0
meps,gradual_group_mag0.5,xgb,per_subgroup_baseline_relative[min_neg],BalAcc,nan,nan,nan,nan,0
meps,gradual_group_mag0.5,xgb,per_subgroup_ewma[min_pos],DI_star,-0.011428571428571422,0.21977092488944566,-0.04516977112206659,0.211504588640761,20
meps,gradual_group_mag0.5,xgb,per_subgroup_ewma[min_pos],AOD_star,0.002180451127819534,0.21088662775653075,0.00026827489423373734,0.21042643725137422,20
meps,gradual_group_mag0.5,xgb,per_subgroup_ewma[min_pos],BalAcc,0.02707134584640831,0.2179670985554538,0.011894600854282475,0.2158856842459528,20
meps,gradual_group_mag0.5,xgb,per_subgroup_baseline_relative[min_pos],DI_star,0.011127819548872172,0.24012283211708332,-0.0032497022499851464,0.23475243086306355,20
meps,gradual_group_mag0.5,xgb,per_subgroup_baseline_relative[min_pos],AOD_star,0.009172932330827045,0.24811615398676531,-0.004131681265595077,0.2488477883615677,20
meps,gradual_group_mag0.5,xgb,per_subgroup_baseline_relative[min_pos],BalAcc,0.17267812421813963,0.21276796909913814,0.10411087192167916,0.21525841272799437,20
meps,gradual_group_mag0.5,xgb,per_subgroup_ewma[maj_neg],DI_star,-0.03164792903589037,0.1721290107072653,-0.008678579734472485,0.20910129012225367,20
meps,gradual_group_mag0.5,xgb,per_subgroup_ewma[maj_neg],AOD_star,-0.05628698090631508,0.2071043425679513,-0.04643817126686244,0.2295019067598982,20
meps,gradual_group_mag0.5,xgb,per_subgroup_ewma[maj_neg],BalAcc,-0.049784743536988654,0.2357150597444151,-0.02176450531185155,0.2285860887906317,20
meps,gradual_group_mag0.5,xgb,per_subgroup_baseline_relative[maj_neg],DI_star,-0.005577684391313674,0.1900177664438483,-0.02148900777013363,0.22583335094259357,20
meps,gradual_group_mag0.5,xgb,per_subgroup_baseline_relative[maj_neg],AOD_star,-0.057216071309620975,0.19940330320572802,-0.07548799545813707,0.23605849648615265,20
meps,gradual_group_mag0.5,xgb,per_subgroup_baseline_relative[maj_neg],BalAcc,-0.05050469815267948,0.2538134541185331,-0.04040542640770615,0.24711115421720334,20
meps,gradual_group_mag0.5,xgb,per_subgroup_ewma[maj_pos],DI_star,-0.03368421052631578,0.20620396364436555,-0.03430693382222244,0.1673937127027644,20
meps,gradual_group_mag0.5,xgb,per_subgroup_ewma[maj_pos],AOD_star,0.024511278195488716,0.16379943861734142,0.017728911409777233,0.16551527406735397,20
meps,gradual_group_mag0.5,xgb,per_subgroup_ewma[maj_pos],BalAcc,-0.02488885840712514,0.21409602197255764,-0.030496091822391193,0.21160668251769726,20
meps,gradual_group_mag0.5,xgb,per_subgroup_baseline_relative[maj_pos],DI_star,-0.036466165413533834,0.15691920264283887,-0.09023370206807776,0.17387067641632192,20
meps,gradual_group_mag0.5,xgb,per_subgroup_baseline_relative[maj_pos],AOD_star,-0.04263157894736842,0.15544194043274548,-0.0376729001101781,0.16609815121448115,20
meps,gradual_group_mag0.5,xgb,per_subgroup_baseline_relative[maj_pos],BalAcc,0.0025891062995244186,0.2190251589668506,-0.008422585078490783,0.21636260572153387,20
meps,gradual_group_mag1.0,lr,global_mean,DI_star,-0.2880451127819548,0.18532727322839615,-0.2955352665381135,0.18741161744690296,20
meps,gradual_group_mag1.0,lr,global_mean,AOD_star,-0.12654135338345865,0.26895411570525696,-0.1317777989045698,0.2604568300666405,20
meps,gradual_group_mag1.0,lr,global_mean,BalAcc,0.04075945930302938,0.22893579468765554,0.0453850035345798,0.25191912976853476,20
meps,gradual_group_mag1.0,lr,global_ewma,DI_star,-0.33060150375939845,0.1658853660245195,-0.3317359333712834,0.1728050868094978,20
meps,gradual_group_mag1.0,lr,global_ewma,AOD_star,-0.13210526315789473,0.25352031064814357,-0.13268291601939103,0.2530345695975312,20
meps,gradual_group_mag1.0,lr,global_ewma,BalAcc,0.026771696968751868,0.2284923753558313,0.03418500507870072,0.23482134055362294,20
meps,gradual_group_mag1.0,lr,global_std,DI_star,0.1539097744360902,0.19254127058506718,0.17417535923026142,0.19593104405454792,20
meps,gradual_group_mag1.0,lr,global_std,AOD_star,0.10421052631578949,0.22820513784705437,0.10364841469393198,0.22697846046565778,20
meps,gradual_group_mag1.0,lr,global_std,BalAcc,0.02849646685833305,0.215698255354485,0.036577099817303026,0.1914491944185716,20
meps,gradual_group_mag1.0,lr,subgroup_violation_diff,DI_star,-0.023458646616541352,0.23603342068402305,-0.045711785858797246,0.2486824911676642,20
meps,gradual_group_mag1.0,lr,subgroup_violation_diff,AOD_star,0.0025563909774436134,0.21409547022629238,-0.002145965569345827,0.22832476076480193,20
meps,gradual_group_mag1.0,lr,subgroup_violation_diff,BalAcc,0.0700784969760532,0.26559451931012173,0.08657722040631825,0.23636018002862763,20
meps,gradual_group_mag1.0,lr,max_subgroup_deviation,DI_star,-0.293984962406015,0.14224761140298925,-0.2943060685237371,0.15408528731015267,20
meps,gradual_group_mag1.0,lr,max_subgroup_deviation,AOD_star,-0.15052631578947367,0.23575710419213072,-0.14739188634659134,0.25403648188074773,20
meps,gradual_group_mag1.0,lr,max_subgroup_deviation,BalAcc,0.05151131072017383,0.23238131454925348,0.06768096340692496,0.2183536896676728,20
meps,gradual_group_mag1.0,lr,assignment_proportion_drift,DI_star,-0.04649800488831135,0.24928819235471958,-0.11063652331410465,0.20905174269968044,20
meps,gradual_group_mag1.0,lr,assignment_proportion_drift,AOD_star,-0.04560624559485127,0.24290621350442307,-0.055101538236993305,0.21651871619817759,20
meps,gradual_group_mag1.0,lr,assignment_proportion_drift,BalAcc,0.011476985631443419,0.22049029329343828,0.0332396986576048,0.2175359036853886,20
meps,gradual_group_mag1.0,lr,ks_statistic,DI_star,-0.3410526315789474,0.17032264295226376,-0.2839805030841623,0.18768929131064915,20
meps,gradual_group_mag1.0,lr,ks_statistic,AOD_star,-0.15902255639097743,0.24577652417604146,-0.12137538934404901,0.23897572584005608,20
meps,gradual_group_mag1.0,lr,ks_statistic,BalAcc,0.02226072987640342,0.21605981725905296,0.04064900251051865,0.23737720898513506,20
meps,gradual_group_mag1.0,lr,kl_divergence,DI_star,-0.17586466165413533,0.2069226891017029,-0.17674445359135899,0.20791006409633575,20
meps,gradual_group_mag1.0,lr,kl_divergence,AOD_star,-0.09413533834586467,0.2729737121428697,-0.057350800966004936,0.2402773700887776,20
meps,gradual_group_mag1.0,lr,kl_divergence,BalAcc,0.04452046987917869,0.2469182637922684,0.05995679838235153,0.2470610442478643,20
meps,gradual_group_mag1.0,lr,per_subgroup_ewma[min_neg],DI_star,nan,nan,nan,nan,0
meps,gradual_group_mag1.0,lr,per_subgroup_ewma[min_neg],AOD_star,nan,nan,nan,nan,0
meps,gradual_group_mag1.0,lr,per_subgroup_ewma[min_neg],BalAcc,nan,nan,nan,nan,0
meps,gradual_group_mag1.0,lr,per_subgroup_baseline_relative[min_neg],DI_star,nan,nan,nan,nan,0
meps,gradual_group_mag1.0,lr,per_subgroup_baseline_relative[min_neg],AOD_star,nan,nan,nan,nan,0
meps,gradual_group_mag1.0,lr,per_subgroup_baseline_relative[min_neg],BalAcc,nan,nan,nan,nan,0
meps,gradual_group_mag1.0,lr,per_subgroup_ewma[min_pos],DI_star,-0.32834586466165416,0.17181217797671497,-0.3154819750969541,0.1767829944051367,20
meps,gradual_group_mag1.0,lr,per_subgroup_ewma[min_pos],AOD_star,-0.13285714285714284,0.2479604292422676,-0.12394884965329993,0.24269352306645794,20
meps,gradual_group_mag1.0,lr,per_subgroup_ewma[min_pos],BalAcc,0.03053160454285837,0.22330185459414334,0.044349405007188814,0.2404859102378047,20
meps,gradual_group_mag1.0,lr,per_subgroup_baseline_relative[min_pos],DI_star,-0.23120300751879697,0.2389094047073918,-0.2171828295749565,0.23299432394965608,20
meps,gradual_group_mag1.0,lr,per_subgroup_baseline_relative[min_pos],AOD_star,-0.08977443609022555,0.27787711918896857,-0.09762789799811283,0.2670200328971081,20
meps,gradual_group_mag1.0,lr,per_subgroup_baseline_relative[min_pos],BalAcc,0.09207506494303978,0.23835147316488653,0.07980629021956673,0.24147931978282072,20
meps,gradual_group_mag1.0,lr,per_subgroup_ewma[maj_neg],DI_star,-0.014331140017044655,0.31619853621824395,0.02543902460183023,0.3198687784101226,20
meps,gradual_group_mag1.0,lr,per_subgroup_ewma[maj_neg],AOD_star,-0.04339170256439719,0.28621252567454797,-0.03567769477878026,0.32510530087055295,20
meps,gradual_group_mag1.0,lr,per_subgroup_ewma[maj_neg],BalAcc,-0.005710686392307103,0.19643203854158586,-0.004758996533857301,0.15599243809044197,20
meps,gradual_group_mag1.0,lr,per_subgroup_baseline_relative[maj_neg],DI_star,0.04674882430949602,0.2593018222959919,0.03767498574969314,0.24346091729102623,20
meps,gradual_group_mag1.0,lr,per_subgroup_baseline_relative[maj_neg],AOD_star,-0.027990330149847205,0.27603387749335545,-0.04752448871684102,0.2769008887652147,20
meps,gradual_group_mag1.0,lr,per_subgroup_baseline_relative[maj_neg],BalAcc,-0.023437328770698894,0.2353112333567788,-0.03230723532292185,0.21380785107125058,20
meps,gradual_group_mag1.0,lr,per_subgroup_ewma[maj_pos],DI_star,-0.3324060150375939,0.17613540638926317,-0.3268174354503671,0.17739986910685376,20
meps,gradual_group_mag1.0,lr,per_subgroup_ewma[maj_pos],AOD_star,-0.1324812030075188,0.23834984935356585,-0.12508253405291028,0.2635556027324079,20
meps,gradual_group_mag1.0,lr,per_subgroup_ewma[maj_pos],BalAcc,0.024928870511950613,0.2285603832250934,0.026175391474631625,0.21464619241011185,20
meps,gradual_group_mag1.0,lr,per_subgroup_baseline_relative[maj_pos],DI_star,-0.33872180451127815,0.14243139963192117,-0.34099026946852384,0.15788446279369972,20
meps,gradual_group_mag1.0,lr,per_subgroup_baseline_relative[maj_pos],AOD_star,-0.16172932330827067,0.2375956386161164,-0.16642699926521448,0.24335089216949318,20
meps,gradual_group_mag1.0,lr,per_subgroup_baseline_relative[maj_pos],BalAcc,0.01989336940265915,0.24164310921373205,0.011167575078643577,0.24245404393343145,20
meps,gradual_group_mag1.0,xgb,global_mean,DI_star,0.5077443609022556,0.17802712454853153,0.5249497335835889,0.18449949207176922,20
meps,gradual_group_mag1.0,xgb,global_mean,AOD_star,0.36233082706766917,0.2347399127021451,0.34263804881736715,0.21817562523731393,20
meps,gradual_group_mag1.0,xgb,global_mean,BalAcc,-0.3101504607861606,0.25001357672080693,-0.3321580479616361,0.22151104200956137,20
meps,gradual_group_mag1.0,xgb,global_ewma,DI_star,0.5184210526315789,0.19485256526135594,0.5826890784892543,0.22287190070406035,20
meps,gradual_group_mag1.0,xgb,global_ewma,AOD_star,0.38924812030075184,0.22972811553342465,0.3965219434231887,0.23360717641412326,20
meps,gradual_group_mag1.0,xgb,global_ewma,BalAcc,-0.3316914606433235,0.2368514813354262,-0.3743269847498022,0.246673760714718,20
meps,gradual_group_mag1.0,xgb,global_std,DI_star,0.21270676691729323,0.2158575643797296,0.2588003330579828,0.22521383296692984,20
meps,gradual_group_mag1.0,xgb,global_std,AOD_star,0.17045112781954885,0.23635456443422806,0.14696238676845247,0.2279528427294532,20
meps,gradual_group_mag1.0,xgb,global_std,BalAcc,-0.11376423473596668,0.21748614381703357,-0.10114024650192903,0.21589638365550815,20
meps,gradual_group_mag1.0,xgb,subgroup_violation_diff,DI_star,0.10781954887218044,0.21839334391299184,0.12043129066894942,0.1955500408594982,20
meps,gradual_group_mag1.0,xgb,subgroup_violation_diff,AOD_star,0.05894736842105262,0.2570226162175789,0.06924657893660609,0.24168747160355503,20
meps,gradual_group_mag1.0,xgb,subgroup_violation_diff,BalAcc,0.07771006178236979,0.23805912896682152,0.02081213398510861,0.21706097494839371,20
meps,gradual_group_mag1.0,xgb,max_subgroup_deviation,DI_star,0.46105263157894727,0.1951856528703836,0.5418169281096186,0.23477798089434507,20
meps,gradual_group_mag1.0,xgb,max_subgroup_deviation,AOD_star,0.32774436090225567,0.27217067859330546,0.3449941826404035,0.26896614597236757,20
meps,gradual_group_mag1.0,xgb,max_subgroup_deviation,BalAcc,-0.26661637166076146,0.26542248539479385,-0.32250017479837456,0.26015713602550655,20
meps,gradual_group_mag1.0,xgb,assignment_proportion_drift,DI_star,-0.16918621913911716,0.20835468882185895,0.04403083281334495,0.1526367712425569,20
meps,gradual_group_mag1.0,xgb,assignment_proportion_drift,AOD_star,-0.17158585187616762,0.2305523676734194,0.009650995871452708,0.19226811920318432,20
meps,gradual_group_mag1.0,xgb,assignment_proportion_drift,BalAcc,0.1185526875844741,0.29021796096556873,-0.040088327563009035,0.22875795966633172,20
meps,gradual_group_mag1.0,xgb,ks_statistic,DI_star,0.49924812030075183,0.2089987545273264,0.4847718776507509,0.20072631647901396,20
meps,gradual_group_mag1.0,xgb,ks_statistic,AOD_star,0.35744360902255634,0.24068048515682994,0.3148432695989497,0.21668147847213548,20
meps,gradual_group_mag1.0,xgb,ks_statistic,BalAcc,-0.3265041412068957,0.2431551209703037,-0.31106215192116016,0.2328960597351631,20
meps,gradual_group_mag1.0,xgb,kl_divergence,DI_star,0.18398496240601503,0.17944347418444687,0.25751106574861604,0.13950902384815156,20
meps,gradual_group_mag1.0,xgb,kl_divergence,AOD_star,0.13353383458646614,0.22078117443040907,0.18162432675700352,0.20437404841478268,20
meps,gradual_group_mag1.0,xgb,kl_divergence,BalAcc,-0.10048613399202624,0.16590478558691193,-0.15598326378900157,0.17797836928057928,20
meps,gradual_group_mag1.0,xgb,per_subgroup_ewma[min_neg],DI_star,nan,nan,nan,nan,0
meps,gradual_group_mag1.0,xgb,per_subgroup_ewma[min_neg],AOD_star,nan,nan,nan,nan,0
meps,gradual_group_mag1.0,xgb,per_subgroup_ewma[min_neg],BalAcc,nan,nan,nan,nan,0
meps,gradual_group_mag1.0,xgb,per_subgroup_baseline_relative[min_neg],DI_star,nan,nan,nan,nan,0
meps,gradual_group_mag1.0,xgb,per_subgroup_baseline_relative[min_neg],AOD_star,nan,nan,nan,nan,0
meps,gradual_group_mag1.0,xgb,per_subgroup_baseline_relative[min_neg],BalAcc,nan,nan,nan,nan,0
meps,gradual_group_mag1.0,xgb,per_subgroup_ewma[min_pos],DI_star,0.5121804511278195,0.20101073114879248,0.5266557122814396,0.20767390654482287,20
meps,gradual_group_mag1.0,xgb,per_subgroup_ewma[min_pos],AOD_star,0.3857142857142857,0.23094165802045627,0.35848646343008456,0.22521158829679375,20
meps,gradual_group_mag1.0,xgb,per_subgroup_ewma[min_pos],BalAcc,-0.32180366281508554,0.23771137934139008,-0.32336734756285784,0.23332397374421562,20
meps,gradual_group_mag1.0,xgb,per_subgroup_baseline_relative[min_pos],DI_star,0.3963157894736842,0.17488047815095398,0.40465487474615686,0.16918386023062162,20
meps,gradual_group_mag1.0,xgb,per_subgroup_baseline_relative[min_pos],AOD_star,0.28541353383458645,0.21963001899286502,0.2565701128771501,0.21420396882463205,20
meps,gradual_group_mag1.0,xgb,per_subgroup_baseline_relative[min_pos],BalAcc,-0.1560504962801209,0.22682166151238595,-0.1923091495106247,0.21826741107541214,20
meps,gradual_group_mag1.0,xgb,per_subgroup_ewma[maj_neg],DI_star,-0.0003924626465506148,0.4207286463626959,0.07008208060757327,0.47208851449143246,20
meps,gradual_group_mag1.0,xgb,per_subgroup_ewma[maj_neg],AOD_star,-0.060025502514326055,0.3273025115714727,-0.02546834420196961,0.3390331380409652,20
meps,gradual_group_mag1.0,xgb,per_subgroup_ewma[maj_neg],BalAcc,-0.06258879043051244,0.3467868403581893,-0.06407137892906895,0.3855551905970344,20
meps,gradual_group_mag1.0,xgb,per_subgroup_baseline_relative[maj_neg],DI_star,-0.010395623555626779,0.2802666140166208,0.021872992204613893,0.25969623406229,20
meps,gradual_group_mag1.0,xgb,per_subgroup_baseline_relative[maj_neg],AOD_star,-0.11898503501258435,0.20308520519504666,-0.09547304636547992,0.21043745049344412,20
meps,gradual_group_mag1.0,xgb,per_subgroup_baseline_relative[maj_neg],BalAcc,-0.020154508589936164,0.29106699084011844,-0.03749256915351369,0.30711740052092357,20
meps,gradual_group_mag1.0,xgb,per_subgroup_ewma[maj_pos],DI_star,0.510827067669173,0.21060422833261608,0.6373148820354254,0.25573705950891834,20
meps,gradual_group_mag1.0,xgb,per_subgroup_ewma[maj_pos],AOD_star,0.394360902255639,0.24398507825802132,0.43650021220919843,0.2621707415165902,20
meps,gradual_group_mag1.0,xgb,per_subgroup_ewma[maj_pos],BalAcc,-0.34135394910071976,0.24187512657859683,-0.4292225859497963,0.26724596304506376,20
meps,gradual_group_mag1.0,xgb,per_subgroup_baseline_relative[maj_pos],DI_star,0.47609022556390973,0.20377487941634628,0.5373175602665501,0.23020972396566067,20
meps,gradual_group_mag1.0,xgb,per_subgroup_baseline_relative[maj_pos],AOD_star,0.34842105263157885,0.2698429515428766,0.34945744768493264,0.26713968515565223,20
meps,gradual_group_mag1.0,xgb,per_subgroup_baseline_relative[maj_pos],BalAcc,-0.3360900558712878,0.25169312715922143,-0.38727397255152024,0.2273614116302356,20
meps,gradual_group_mag2.0,lr,global_mean,DI_star,-0.5523308270676691,0.16358877307240538,-0.5408504753051178,0.1586831320259553,20
meps,gradual_group_mag2.0,lr,global_mean,AOD_star,-0.3173684210526315,0.21791983697022566,-0.30109161878399177,0.23348320005217096,20
meps,gradual_group_mag2.0,lr,global_mean,BalAcc,-0.011469516842817707,0.2194297039017049,-0.011544845950367168,0.22822446230279178,20
meps,gradual_group_mag2.0,lr,global_ewma,DI_star,-0.5626315789473685,0.16768453013051074,-0.5714925294071156,0.15624149610191435,20
meps,gradual_group_mag2.0,lr,global_ewma,AOD_star,-0.3128571428571429,0.2136516010103366,-0.3113654260496386,0.23354932413396737,20
meps,gradual_group_mag2.0,lr,global_ewma,BalAcc,-0.021695222163110456,0.21655121470290103,-0.02753092138173293,0.21784581444503162,20
meps,gradual_group_mag2.0,lr,global_std,DI_star,-0.38887218045112776,0.1780430806630628,-0.4007163810038093,0.17880364759301068,20
meps,gradual_group_mag2.0,lr,global_std,AOD_star,-0.21112781954887216,0.18877685444591086,-0.21911932085850844,0.2423207306669504,20
meps,gradual_group_mag2.0,lr,global_std,BalAcc,-0.03876399433808557,0.1931809869793229,-0.04225889065941592,0.18586195641242997,20
meps,gradual_group_mag2.0,lr,subgroup_violation_diff,DI_star,-0.4393984962406014,0.13906042986595,-0.43501811281994207,0.15490601337735696,20
meps,gradual_group_mag2.0,lr,subgroup_violation_diff,AOD_star,-0.2388721804511278,0.21802451289779365,-0.24578246237000756,0.2317556714957055,20
meps,gradual_group_mag2.0,lr,subgroup_violation_diff,BalAcc,0.012482051470628636,0.20891020128219748,0.0006611775518306897,0.2145164146501557,20
meps,gradual_group_mag2.0,lr,max_subgroup_deviation,DI_star,-0.5375187969924811,0.1586066834964669,-0.5416698669355464,0.15631637514582525,20
meps,gradual_group_mag2.0,lr,max_subgroup_deviation,AOD_star,-0.3146616541353383,0.2120172101893464,-0.307466314597974,0.23415068195322644,20
meps,gradual_group_mag2.0,lr,max_subgroup_deviation,BalAcc,-0.008913154147477776,0.22499209472200363,-0.004798190610129276,0.22843042676346784,20
meps,gradual_group_mag2.0,lr,assignment_proportion_drift,DI_star,-0.1134233235507762,0.18410792103192428,-0.19533473040911936,0.16876141934856861,20
meps,gradual_group_mag2.0,lr,assignment_proportion_drift,AOD_star,-0.06831669360579243,0.1839790936794665,-0.10847599311594047,0.21215117022745647,20
meps,gradual_group_mag2.0,lr,assignment_proportion_drift,BalAcc,-0.0056567607342048135,0.2277809012379682,0.015036728082203743,0.23666714073240858,20
meps,gradual_group_mag2.0,lr,ks_statistic,DI_star,-0.5587218045112782,0.16506900209812797,-0.5115837738422638,0.15684524597088778,20
meps,gradual_group_mag2.0,lr,ks_statistic,AOD_star,-0.32864661654135335,0.2074416741292034,-0.27650607028443125,0.21368285628987865,20
meps,gradual_group_mag2.0,lr,ks_statistic,BalAcc,-0.02647170870585147,0.21580522080417763,-0.0003602435380507259,0.2425868691805021,20
meps,gradual_group_mag2.0,lr,kl_divergence,DI_star,-0.340375939849624,0.21462933799386294,-0.35769874136080143,0.19873707032163362,20
meps,gradual_group_mag2.0,lr,kl_divergence,AOD_star,-0.22165413533834583,0.19460842864517866,-0.20529085819185572,0.20362736596375,20
meps,gradual_group_mag2.0,lr,kl_divergence,BalAcc,-0.017897310513538458,0.20442424515627414,-0.014119316125276147,0.2273533535585894,20
meps,gradual_group_mag2.0,lr,per_subgroup_ewma[min_neg],DI_star,nan,nan,nan,nan,0
meps,gradual_group_mag2.0,lr,per_subgroup_ewma[min_neg],AOD_star,nan,nan,nan,nan,0
meps,gradual_group_mag2.0,lr,per_subgroup_ewma[min_neg],BalAcc,nan,nan,nan,nan,0
meps,gradual_group_mag2.0,lr,per_subgroup_baseline_relative[min_neg],DI_star,nan,nan,nan,nan,0
meps,gradual_group_mag2.0,lr,per_subgroup_baseline_relative[min_neg],AOD_star,nan,nan,nan,nan,0
meps,gradual_group_mag2.0,lr,per_subgroup_baseline_relative[min_neg],BalAcc,nan,nan,nan,nan,0
meps,gradual_group_mag2.0,lr,per_subgroup_ewma[min_pos],DI_star,-0.5613533834586465,0.16993086688261014,-0.567532633726634,0.15765320038415007,20
meps,gradual_group_mag2.0,lr,per_subgroup_ewma[min_pos],AOD_star,-0.31052631578947365,0.21355421908420646,-0.3106458740683431,0.2320765701405648,20
meps,gradual_group_mag2.0,lr,per_subgroup_ewma[min_pos],BalAcc,-0.024627552990178124,0.2123229972795649,-0.02297715905288216,0.21465907452839939,20
meps,gradual_group_mag2.0,lr,per_subgroup_baseline_relative[min_pos],DI_star,-0.5199248120300752,0.1677462818747999,-0.5079568786286974,0.16372356606763283,20
meps,gradual_group_mag2.0,lr,per_subgroup_baseline_relative[min_pos],AOD_star,-0.2953383458646616,0.22353442890699907,-0.2874321247154599,0.2380236073390281,20
meps,gradual_group_mag2.0,lr,per_subgroup_baseline_relative[min_pos],BalAcc,-0.009175364591741939,0.2124714039680658,0.0024798628496425675,0.2177991679298989,20
meps,gradual_group_mag2.0,lr,per_subgroup_ewma[maj_neg],DI_star,-0.19729416688181123,0.40246914267804007,-0.19762527955842973,0.4104332239172745,20
meps,gradual_group_mag2.0,lr,per_subgroup_ewma[maj_neg],AOD_star,-0.13702693917355563,0.33451163234476455,-0.12940937633078745,0.3563158642072958,20
meps,gradual_group_mag2.0,lr,per_subgroup_ewma[maj_neg],BalAcc,-0.012607692646517432,0.21313885324636028,-0.017939543085559985,0.18017948198557307,20
meps,gradual_group_mag2.0,lr,per_subgroup_baseline_relative[maj_neg],DI_star,-0.13084432319137845,0.27143102019613136,-0.1203558641432976,0.2592740909791888,20
meps,gradual_group_mag2.0,lr,per_subgroup_baseline_relative[maj_neg],AOD_star,-0.10309234744460154,0.2274467432129726,-0.0886917590183354,0.2702943504987961,20
meps,gradual_group_mag2.0,lr,per_subgroup_baseline_relative[maj_neg],BalAcc,-0.0635408171192918,0.20021712015338938,-0.04324666333095668,0.19974718437013608,20
meps,gradual_group_mag2.0,lr,per_subgroup_ewma[maj_pos],DI_star,-0.5434586466165413,0.1747336067926127,-0.548736271387378,0.15552879031617098,20
meps,gradual_group_mag2.0,lr,per_subgroup_ewma[maj_pos],AOD_star,-0.3103759398496241,0.1952024508918644,-0.29616057826415004,0.22280470377373954,20
meps,gradual_group_mag2.0,lr,per_subgroup_ewma[maj_pos],BalAcc,-0.031435641954486795,0.23493585332315725,-0.02411956523117591,0.2477738372126319,20
meps,gradual_group_mag2.0,lr,per_subgroup_baseline_relative[maj_pos],DI_star,-0.44902255639097743,0.21681916181166452,-0.46610671741101584,0.2046510191138295,20
meps,gradual_group_mag2.0,lr,per_subgroup_baseline_relative[maj_pos],AOD_star,-0.2677443609022556,0.22785179304808786,-0.27723642184088293,0.23407370477738046,20
meps,gradual_group_mag2.0,lr,per_subgroup_baseline_relative[maj_pos],BalAcc,0.005555312014923021,0.2303881559846798,-0.012692434520718046,0.23386325050893056,20
meps,gradual_group_mag2.0,xgb,global_mean,DI_star,0.35812030075187967,0.13604433654934456,0.3982519928603635,0.14131056072619702,20
meps,gradual_group_mag2.0,xgb,global_mean,AOD_star,0.28887218045112784,0.21038658090862922,0.3033698187962742,0.21283842586416976,20
meps,gradual_group_mag2.0,xgb,global_mean,BalAcc,-0.21643704191861796,0.20372421607413108,-0.2701752925426165,0.20643766270397795,20
meps,gradual_group_mag2.0,xgb,global_ewma,DI_star,0.35240601503759394,0.12712529280241625,0.3575038401542451,0.1446108867460259,20
meps,gradual_group_mag2.0,xgb,global_ewma,AOD_star,0.2791729323308271,0.19996170982891895,0.28487334408470694,0.21182355797436597,20
meps,gradual_group_mag2.0,xgb,global_ewma,BalAcc,-0.21959363567869175,0.2002343989629449,-0.2453055348180142,0.19604995707693637,20
meps,gradual_group_mag2.0,xgb,global_std,DI_star,0.24097744360902254,0.16671658664085964,0.12519972042959918,0.12965976565415122,20
meps,gradual_group_mag2.0,xgb,global_std,AOD_star,0.18759398496240595,0.19528901019072212,0.11446351283999796,0.17671031051679773,20
meps,gradual_group_mag2.0,xgb,global_std,BalAcc,-0.11666054123482514,0.20741116876237833,-0.04107492813013899,0.1724339558858351,20
meps,gradual_group_mag2.0,xgb,subgroup_violation_diff,DI_star,0.2095488721804511,0.1580616911817417,0.20072092487876764,0.15628938236402043,20
meps,gradual_group_mag2.0,xgb,subgroup_violation_diff,AOD_star,0.18345864661654135,0.20602491606852424,0.1755316539488149,0.22259540432271935,20
meps,gradual_group_mag2.0,xgb,subgroup_violation_diff,BalAcc,-0.06646568461777158,0.17669140385056678,-0.09007933160930998,0.18289643356604224,20
meps,gradual_group_mag2.0,xgb,max_subgroup_deviation,DI_star,0.3527819548872181,0.14579829511054943,0.35765351462399203,0.14617633133334587,20
meps,gradual_group_mag2.0,xgb,max_subgroup_deviation,AOD_star,0.27375939849624065,0.21360555557152894,0.2697895439022707,0.21725542745032925,20
meps,gradual_group_mag2.0,xgb,max_subgroup_deviation,BalAcc,-0.20395479247326373,0.18993335517081786,-0.22632184634797808,0.20145111559401863,20
meps,gradual_group_mag2.0,xgb,assignment_proportion_drift,DI_star,-0.08049915945462645,0.1533016831690465,0.09427782633167975,0.13731464343753533,20
meps,gradual_group_mag2.0,xgb,assignment_proportion_drift,AOD_star,-0.07636618515603746,0.17591917766779244,0.042775471050159206,0.18585247368719812,20
meps,gradual_group_mag2.0,xgb,assignment_proportion_drift,BalAcc,0.053305471834156626,0.2289531902905608,-0.08069460684339627,0.23534902692080606,20
meps,gradual_group_mag2.0,xgb,ks_statistic,DI_star,0.370375939849624,0.14454335275010416,0.4314072909151766,0.14851909981861003,20
meps,gradual_group_mag2.0,xgb,ks_statistic,AOD_star,0.3006015037593984,0.21301159265615868,0.3231638951908149,0.21188314812207698,20
meps,gradual_group_mag2.0,xgb,ks_statistic,BalAcc,-0.2495183628624559,0.20685031381029806,-0.2994971186794027,0.21454996284093217,20
meps,gradual_group_mag2.0,xgb,kl_divergence,DI_star,0.27669172932330827,0.12370649066871504,0.33164688060984615,0.12641948443661102,20
meps,gradual_group_mag2.0,xgb,kl_divergence,AOD_star,0.21398496240601497,0.21099791432261458,0.23878494217714893,0.21205963088946364,20
meps,gradual_group_mag2.0,xgb,kl_divergence,BalAcc,-0.19064581474398049,0.20333864072231675,-0.24662329398756605,0.20962109686481217,20
meps,gradual_group_mag2.0,xgb,per_subgroup_ewma[min_neg],DI_star,nan,nan,nan,nan,0
meps,gradual_group_mag2.0,xgb,per_subgroup_ewma[min_neg],AOD_star,nan,nan,nan,nan,0
meps,gradual_group_mag2.0,xgb,per_subgroup_ewma[min_neg],BalAcc,nan,nan,nan,nan,0
meps,gradual_group_mag2.0,xgb,per_subgroup_baseline_relative[min_neg],DI_star,nan,nan,nan,nan,0
meps,gradual_group_mag2.0,xgb,per_subgroup_baseline_relative[min_neg],AOD_star,nan,nan,nan,nan,0
meps,gradual_group_mag2.0,xgb,per_subgroup_baseline_relative[min_neg],BalAcc,nan,nan,nan,nan,0
meps,gradual_group_mag2.0,xgb,per_subgroup_ewma[min_pos],DI_star,0.3495488721804511,0.13064672991174686,0.3534942363616488,0.13376668114067666,20
meps,gradual_group_mag2.0,xgb,per_subgroup_ewma[min_pos],AOD_star,0.2782706766917292,0.19847429532368732,0.28114363312490626,0.20362632008751924,20
meps,gradual_group_mag2.0,xgb,per_subgroup_ewma[min_pos],BalAcc,-0.2180903005117504,0.1952515010523536,-0.23532755695427796,0.1954647247916267,20
meps,gradual_group_mag2.0,xgb,per_subgroup_baseline_relative[min_pos],DI_star,0.3196240601503759,0.1368391927311301,0.3511316723843158,0.13314039156524465,20
meps,gradual_group_mag2.0,xgb,per_subgroup_baseline_relative[min_pos],AOD_star,0.26180451127819543,0.20510578119598635,0.2706463362968322,0.2121564191846643,20
meps,gradual_group_mag2.0,xgb,per_subgroup_baseline_relative[min_pos],BalAcc,-0.15703628310972356,0.20520466444471688,-0.2069757062047374,0.2012955362319419,20
meps,gradual_group_mag2.0,xgb,per_subgroup_ewma[maj_neg],DI_star,0.06332023237328685,0.36950242687115603,0.07920040260119275,0.39605845077802154,20
meps,gradual_group_mag2.0,xgb,per_subgroup_ewma[maj_neg],AOD_star,0.013905631325571549,0.35501271002215373,0.030662279383834423,0.3530485603712328,20
meps,gradual_group_mag2.0,xgb,per_subgroup_ewma[maj_neg],BalAcc,-0.12138534395585368,0.292516226328376,-0.10492249388541923,0.3287542944226933,20
meps,gradual_group_mag2.0,xgb,per_subgroup_baseline_relative[maj_neg],DI_star,0.0475921347462223,0.2506016943653351,0.0810285568898283,0.2610744478958579,20
meps,gradual_group_mag2.0,xgb,per_subgroup_baseline_relative[maj_neg],AOD_star,-0.011124574274101667,0.289189482711628,0.037877550906427304,0.2826637737075721,20
meps,gradual_group_mag2.0,xgb,per_subgroup_baseline_relative[maj_neg],BalAcc,-0.05116332451150642,0.26262501387647474,-0.08027683405397593,0.2610853011936727,20
meps,gradual_group_mag2.0,xgb,per_subgroup_ewma[maj_pos],DI_star,0.4254135338345864,0.16208329115814288,0.4595060791183917,0.19012240454282428,20
meps,gradual_group_mag2.0,xgb,per_subgroup_ewma[maj_pos],AOD_star,0.3318796992481203,0.20923940717636846,0.35708564040825325,0.22376439265151218,20
meps,gradual_group_mag2.0,xgb,per_subgroup_ewma[maj_pos],BalAcc,-0.28763925753851244,0.23393251180842947,-0.3215332950033294,0.2399621048207763,20
meps,gradual_group_mag2.0,xgb,per_subgroup_baseline_relative[maj_pos],DI_star,0.5077443609022556,0.14665569170757298,0.5253282172423134,0.1846032356298122,20
meps,gradual_group_mag2.0,xgb,per_subgroup_baseline_relative[maj_pos],AOD_star,0.38917293233082695,0.1953409505113816,0.36701986464961334,0.21106031809581624,20
meps,gradual_group_mag2.0,xgb,per_subgroup_baseline_relative[maj_pos],BalAcc,-0.341701444225916,0.2685184003943363,-0.38073276538041145,0.24621952650258982,20
meps,gradual_global_mag0.5,lr,global_mean,DI_star,0.03868337620425778,0.2387447063133478,0.020037648222164094,0.20175135718993895,20
meps,gradual_global_mag0.5,lr,global_mean,AOD_star,0.12375939849624058,0.24194834498181,0.1211205908830367,0.2200544473522838,20
meps,gradual_global_mag0.5,lr,global_mean,BalAcc,0.041654135338345846,0.24139160683904812,0.037557989508041886,0.23725851341242535,20
meps,gradual_global_mag0.5,lr,global_ewma,DI_star,0.022404629214514575,0.22799198314673155,0.014672633075420998,0.20308143893689387,20
meps,gradual_global_mag0.5,lr,global_ewma,AOD_star,0.14278195488721807,0.240351126774053,0.14054494551417368,0.23468905012093225,20
meps,gradual_global_mag0.5,lr,global_ewma,BalAcc,0.01744360902255639,0.23875437584913628,0.017973773328616577,0.2361760069232862,20
meps,gradual_global_mag0.5,lr,global_std,DI_star,0.052743583144404936,0.18124057644911906,0.03253072319513489,0.1666780196072294,20
meps,gradual_global_mag0.5,lr,global_std,AOD_star,-0.08481203007518796,0.1727592464971659,-0.10944691832688062,0.18871148256362005,20
meps,gradual_global_mag0.5,lr,global_std,BalAcc,0.013007518796992499,0.21779154299184253,-0.002144059253479215,0.23418622070413422,20
meps,gradual_global_mag0.5,lr,subgroup_violation_diff,DI_star,0.09289308233904106,0.20012561243814464,0.08906835337153596,0.22910581749020714,20
meps,gradual_global_mag0.5,lr,subgroup_violation_diff,AOD_star,0.03225563909774436,0.20511877650932012,0.09680480374415255,0.19674772205441635,20
meps,gradual_global_mag0.5,lr,subgroup_violation_diff,BalAcc,0.003533834586466168,0.23344104155527748,0.027608871290921634,0.22366216668442873,20
meps,gradual_global_mag0.5,lr,max_subgroup_deviation,DI_star,0.022592104202512526,0.20484241366862754,0.06566659095620737,0.21686286159819032,20
meps,gradual_global_mag0.5,lr,max_subgroup_deviation,AOD_star,0.02845651131771492,0.17227153958800095,0.09970536686641665,0.18616759873407146,20
meps,gradual_global_mag0.5,lr,max_subgroup_deviation,BalAcc,0.04458567426651101,0.21253067457073846,0.030300053535341608,0.237660814177665,20
meps,gradual_global_mag0.5,lr,assignment_proportion_drift,DI_star,-0.0007050218958354921,0.21137299749807495,0.0667920197209784,0.21921766843405394,20
meps,gradual_global_mag0.5,lr,assignment_proportion_drift,AOD_star,0.009464625217923272,0.23662039867790305,0.1038312994297812,0.2014407651884221,20
meps,gradual_global_mag0.5,lr,assignment_proportion_drift,BalAcc,-0.01118188280539304,0.23578705770044966,0.023109976456650784,0.24081518001681104,20
meps,gradual_global_mag0.5,lr,ks_statistic,DI_star,0.02394630784216532,0.24576591907480838,0.07016556590498411,0.22164099359937647,20
meps,gradual_global_mag0.5,lr,ks_statistic,AOD_star,0.14466165413533832,0.250698656298749,0.1415837370807179,0.2149299730233001,20
meps,gradual_global_mag0.5,lr,ks_statistic,BalAcc,0.0024812030075187855,0.239724093296394,0.02905078870590509,0.2507951211546695,20
meps,gradual_global_mag0.5,lr,kl_divergence,DI_star,0.0034946992268542116,0.2119136532494643,0.02539323819775267,0.2062297504387051,20
meps,gradual_global_mag0.5,lr,kl_divergence,AOD_star,0.07067669172932331,0.22982048902736354,0.10098376152667687,0.22271868995929914,20
meps,gradual_global_mag0.5,lr,kl_divergence,BalAcc,-0.021879699248120294,0.23132809135503465,-0.0013222382048688225,0.24876250019242935,20
meps,gradual_global_mag0.5,lr,per_subgroup_ewma[min_neg],DI_star,nan,nan,nan,nan,0
meps,gradual_global_mag0.5,lr,per_subgroup_ewma[min_neg],AOD_star,nan,nan,nan,nan,0
meps,gradual_global_mag0.5,lr,per_subgroup_ewma[min_neg],BalAcc,nan,nan,nan,nan,0
meps,gradual_global_mag0.5,lr,per_subgroup_baseline_relative[min_neg],DI_star,nan,nan,nan,nan,0
meps,gradual_global_mag0.5,lr,per_subgroup_baseline_relative[min_neg],AOD_star,nan,nan,nan,nan,0
meps,gradual_global_mag0.5,lr,per_subgroup_baseline_relative[min_neg],BalAcc,nan,nan,nan,nan,0
meps,gradual_global_mag0.5,lr,per_subgroup_ewma[min_pos],DI_star,0.021766252663797038,0.23641742781378042,0.02432763301948062,0.20667885228967958,20
meps,gradual_global_mag0.5,lr,per_subgroup_ewma[min_pos],AOD_star,0.14338345864661656,0.2444227914686259,0.1301878279000741,0.21667101223239332,20
meps,gradual_global_mag0.5,lr,per_subgroup_ewma[min_pos],BalAcc,0.010601503759398478,0.2426396171934003,0.02683561372734076,0.25306269927876673,20
meps,gradual_global_mag0.5,lr,per_subgroup_baseline_relative[min_pos],DI_star,0.05236501305914039,0.2349860968678462,0.0745534966846315,0.2279818569730668,20
meps,gradual_global_mag0.5,lr,per_subgroup_baseline_relative[min_pos],AOD_star,0.052857142857142846,0.20678429181956906,0.11689656101728989,0.20644903872965226,20
meps,gradual_global_mag0.5,lr,per_subgroup_baseline_relative[min_pos],BalAcc,0.03992481203007518,0.24787523783006643,0.03472995333158642,0.23935629498471028,20
meps,gradual_global_mag0.5,lr,per_subgroup_ewma[maj_neg],DI_star,0.03675050356343563,0.27095773760563885,0.0526617002080031,0.26414030634715313,19
meps,gradual_global_mag0.5,lr,per_subgroup_ewma[maj_neg],AOD_star,0.09557595849022897,0.24128856379910882,0.09700380534644802,0.25828061142800046,19
meps,gradual_global_mag0.5,lr,per_subgroup_ewma[maj_neg],BalAcc,0.026271414638621104,0.24296858751481773,0.018384489755500305,0.2376291930686761,19
meps,gradual_global_mag0.5,lr,per_subgroup_baseline_relative[maj_neg],DI_star,-0.03444910409704413,0.16481612997319453,0.03813783919737245,0.20180511696681133,19
meps,gradual_global_mag0.5,lr,per_subgroup_baseline_relative[maj_neg],AOD_star,-0.011052639984615052,0.1994269591165285,0.07380004765888258,0.2219898258930354,19
meps,gradual_global_mag0.5,lr,per_subgroup_baseline_relative[maj_neg],BalAcc,0.01337726496594681,0.24475464622526955,0.09430625859666023,0.21084602988823237,19
meps,gradual_global_mag0.5,lr,per_subgroup_ewma[maj_pos],DI_star,-0.006164169121273487,0.22207359552402872,-0.002994139539574431,0.20632587502682304,20
meps,gradual_global_mag0.5,lr,per_subgroup_ewma[maj_pos],AOD_star,0.12902255639097743,0.22861129450521883,0.12392031304167939,0.24477859453814138,20
meps,gradual_global_mag0.5,lr,per_subgroup_ewma[maj_pos],BalAcc,-0.00052631578947369,0.22301480679029645,0.006886634846144842,0.2155844117773114,20
meps,gradual_global_mag0.5,lr,per_subgroup_baseline_relative[maj_pos],DI_star,-0.006543870490684514,0.21694985976976663,-0.045260746686154166,0.18927786523845364,20
meps,gradual_global_mag0.5,lr,per_subgroup_baseline_relative[maj_pos],AOD_star,0.10842105263157897,0.2178359899427341,0.0630002707718271,0.2170593569915332,20
meps,gradual_global_mag0.5,lr,per_subgroup_baseline_relative[maj_pos],BalAcc,0.034135338345864664,0.22377895257756245,0.017736701443261824,0.22755827337429266,20
meps,gradual_global_mag0.5,xgb,global_mean,DI_star,-0.11481451890031016,0.2239120776057041,-0.16270709985432347,0.21054509825644038,20
meps,gradual_global_mag0.5,xgb,global_mean,AOD_star,-0.1475187969924812,0.22202889122253705,-0.12115256021757007,0.20884999363031556,20
meps,gradual_global_mag0.5,xgb,global_mean,BalAcc,0.01699248120300751,0.2022475890731058,-0.01630930942120353,0.20731639280078037,20
meps,gradual_global_mag0.5,xgb,global_ewma,DI_star,-0.14267294859316962,0.2246097158672661,-0.18882983727412028,0.20999027896154476,20
meps,gradual_global_mag0.5,xgb,global_ewma,AOD_star,-0.13601503759398495,0.2109037835174442,-0.1395651800318292,0.20364354322595846,20
meps,gradual_global_mag0.5,xgb,global_ewma,BalAcc,-0.003458646616541353,0.2153303123632758,-0.039682793493005256,0.20752314416965578,20
meps,gradual_global_mag0.5,xgb,global_std,DI_star,0.17161975137214902,0.19635058303301442,0.2047661682560234,0.19125525131366747,20
meps,gradual_global_mag0.5,xgb,global_std,AOD_star,0.11872180451127816,0.19910448788070886,0.11622129531530412,0.18770708463135344,20
meps,gradual_global_mag0.5,xgb,global_std,BalAcc,0.06067669172932331,0.22314911672337012,0.06181996906698443,0.21650093142847227,20
meps,gradual_global_mag0.5,xgb,subgroup_violation_diff,DI_star,0.07447253878532803,0.22367719218915874,0.009593750592710776,0.19946508688116416,20
meps,gradual_global_mag0.5,xgb,subgroup_violation_diff,AOD_star,0.028721804511278197,0.23125986219464736,-0.010672660252098589,0.20842778634086515,20
meps,gradual_global_mag0.5,xgb,subgroup_violation_diff,BalAcc,0.05345864661654134,0.2536706500335631,0.005142806176634413,0.26452146023555223,20
meps,gradual_global_mag0.5,xgb,max_subgroup_deviation,DI_star,-0.003266618209853906,0.18846243557749995,-0.05178054240695108,0.18265346866499277,20
meps,gradual_global_mag0.5,xgb,max_subgroup_deviation,AOD_star,-0.042858047884460015,0.2430768075666799,-0.05718386356720669,0.21846783517466425,20
meps,gradual_global_mag0.5,xgb,max_subgroup_deviation,BalAcc,0.09977652896589649,0.2301727093470024,0.005191995336055938,0.27457995775488603,20
meps,gradual_global_mag0.5,xgb,assignment_proportion_drift,DI_star,-0.005211684460945298,0.2171716080464516,-0.04373798722951992,0.20639668563327151,20
meps,gradual_global_mag0.5,xgb,assignment_proportion_drift,AOD_star,-0.01898593676319875,0.19692921749091036,-0.04238300184320441,0.2159464577080491,20
meps,gradual_global_mag0.5,xgb,assignment_proportion_drift,BalAcc,-0.00894347488408232,0.27280249801874423,-0.014894526507818645,0.28027231402821484,20
meps,gradual_global_mag0.5,xgb,ks_statistic,DI_star,-0.13650838352244488,0.21138899146945342,-0.09921257049601834,0.20173806118597506,20
meps,gradual_global_mag0.5,xgb,ks_statistic,AOD_star,-0.1509022556390977,0.20943016188536986,-0.08211788980405466,0.22312225545470413,20
meps,gradual_global_mag0.5,xgb,ks_statistic,BalAcc,-0.00796992481203008,0.2501236508048678,-0.016361783487196586,0.28096936987990634,20
meps,gradual_global_mag0.5,xgb,kl_divergence,DI_star,-0.12752315243644505,0.2079083247107796,-0.13596721353165214,0.2138830898319528,20
meps,gradual_global_mag0.5,xgb,kl_divergence,AOD_star,-0.16526315789473683,0.18207285059516967,-0.11764956279236038,0.20589962132470027,20
meps,gradual_global_mag0.5,xgb,kl_divergence,BalAcc,-0.01112781954887219,0.23032734719860076,-0.03680711186247145,0.2378523049898244,20
meps,gradual_global_mag0.5,xgb,per_subgroup_ewma[min_neg],DI_star,nan,nan,nan,nan,0
meps,gradual_global_mag0.5,xgb,per_subgroup_ewma[min_neg],AOD_star,nan,nan,nan,nan,0
meps,gradual_global_mag0.5,xgb,per_subgroup_ewma[min_neg],BalAcc,nan,nan,nan,nan,0
meps,gradual_global_mag0.5,xgb,per_subgroup_baseline_relative[min_neg],DI_star,nan,nan,nan,nan,0
meps,gradual_global_mag0.5,xgb,per_subgroup_baseline_relative[min_neg],AOD_star,nan,nan,nan,nan,0
meps,gradual_global_mag0.5,xgb,per_subgroup_baseline_relative[min_neg],BalAcc,nan,nan,nan,nan,0
meps,gradual_global_mag0.5,xgb,per_subgroup_ewma[min_pos],DI_star,-0.14635741365841834,0.23375599654576154,-0.15912659216820452,0.21055867019226726,20
meps,gradual_global_mag0.5,xgb,per_subgroup_ewma[min_pos],AOD_star,-0.1448872180451128,0.22285758678027484,-0.1164111952131794,0.21482996641232782,20
meps,gradual_global_mag0.5,xgb,per_subgroup_ewma[min_pos],BalAcc,-0.002330827067669172,0.22787957967371414,-0.03001900807454444,0.23980207476256873,20
meps,gradual_global_mag0.5,xgb,per_subgroup_baseline_relative[min_pos],DI_star,-0.017105871223123452,0.23904870195698844,-0.06094823977573895,0.20723853726469968,20
meps,gradual_global_mag0.5,xgb,per_subgroup_baseline_relative[min_pos],AOD_star,-0.060676691729323294,0.278723041753249,-0.06205128576607003,0.2268604072308444,20
meps,gradual_global_mag0.5,xgb,per_subgroup_baseline_relative[min_pos],BalAcc,0.08593984962406014,0.24715065717119766,-0.0026278051474775076,0.26890800850613006,20
meps,gradual_global_mag0.5,xgb,per_subgroup_ewma[maj_neg],DI_star,-0.04058350757708222,0.2564098631065733,-0.05567841003338936,0.2613080661119052,19
meps,gradual_global_mag0.5,xgb,per_subgroup_ewma[maj_neg],AOD_star,-0.05230992538497522,0.20529837058938616,-0.049016245429183536,0.2106992749462229,19
meps,gradual_global_mag0.5,xgb,per_subgroup_ewma[maj_neg],BalAcc,0.02655335909046727,0.23668132032230035,-0.012999837062590149,0.23029206137362687,19
meps,gradual_global_mag0.5,xgb,per_subgroup_baseline_relative[maj_neg],DI_star,0.017192194483104165,0.17973609072038368,0.012455538929658266,0.20740202911167738,19
meps,gradual_global_mag0.5,xgb,per_subgroup_baseline_relative[maj_neg],AOD_star,0.022871042950041446,0.18860642867159785,0.013508803742609807,0.21334695518815566,19
meps,gradual_global_mag0.5,xgb,per_subgroup_baseline_relative[maj_neg],BalAcc,0.04658314467851015,0.2271774382695104,0.08186634961462921,0.20083233348289709,19
meps,gradual_global_mag0.5,xgb,per_subgroup_ewma[maj_pos],DI_star,-0.17301091264943183,0.22604044869985082,-0.18463820871568548,0.2064654955292745,20
meps,gradual_global_mag0.5,xgb,per_subgroup_ewma[maj_pos],AOD_star,-0.14616541353383458,0.18124487083882365,-0.13834806343450895,0.1967179973459074,20
meps,gradual_global_mag0.5,xgb,per_subgroup_ewma[maj_pos],BalAcc,-0.02954887218045113,0.18419995366314348,-0.05157342261073222,0.18692158689159827,20
meps,gradual_global_mag0.5,xgb,per_subgroup_baseline_relative[maj_pos],DI_star,-0.15285889634756988,0.21116356324251861,-0.19916043931350608,0.19573155712371948,20
meps,gradual_global_mag0.5,xgb,per_subgroup_baseline_relative[maj_pos],AOD_star,-0.1631578947368421,0.1817338494619288,-0.14152160895043422,0.1795303839621753,20
meps,gradual_global_mag0.5,xgb,per_subgroup_baseline_relative[maj_pos],BalAcc,-0.0015037593984962446,0.189213928641677,-0.028522808023099772,0.19050733834500935,20
meps,gradual_global_mag1.0,lr,global_mean,DI_star,0.007067669172932334,0.24801232556052427,0.01040668570856666,0.2372480140536808,20
meps,gradual_global_mag1.0,lr,global_mean,AOD_star,0.22609022556390976,0.22715044798948003,0.21937438519685526,0.24268266670321015,20
meps,gradual_global_mag1.0,lr,global_mean,BalAcc,-0.01623932880909463,0.23160154418609638,-0.0037090965415423694,0.2574380804109062,20
meps,gradual_global_mag1.0,lr,global_ewma,DI_star,-0.011503759398496242,0.23466370186028512,-0.006390160194031563,0.22878348078029592,20
meps,gradual_global_mag1.0,lr,global_ewma,AOD_star,0.22451127819548872,0.22798157964137095,0.22967292310806497,0.23928500196097896,20
meps,gradual_global_mag1.0,lr,global_ewma,BalAcc,-0.02101264775622557,0.2264085963249554,-0.016152896268053246,0.23635581992700133,20
meps,gradual_global_mag1.0,lr,global_std,DI_star,0.042556390977443605,0.23683761781164728,0.02140857008261595,0.235363145588324,20
meps,gradual_global_mag1.0,lr,global_std,AOD_star,-0.19586466165413535,0.2300554687111955,-0.20415528954862405,0.23811822412260603,20
meps,gradual_global_mag1.0,lr,global_std,BalAcc,0.0493621042450447,0.22706006378841068,0.03125507292103417,0.2517904107110621,20
meps,gradual_global_mag1.0,lr,subgroup_violation_diff,DI_star,0.08218045112781953,0.2024242665692093,0.05764462949457474,0.20712736975351242,20
meps,gradual_global_mag1.0,lr,subgroup_violation_diff,AOD_star,0.03368421052631579,0.19766652746494473,0.0865982787590733,0.2117160807952958,20
meps,gradual_global_mag1.0,lr,subgroup_violation_diff,BalAcc,0.03493263203173757,0.21584051386252384,0.03745567406770628,0.21627119590974286,20
meps,gradual_global_mag1.0,lr,max_subgroup_deviation,DI_star,0.05496240601503759,0.19382955539823116,0.05048842980853877,0.20176508918211025,20
meps,gradual_global_mag1.0,lr,max_subgroup_deviation,AOD_star,0.1270676691729323,0.20473478498741504,0.1702139161712955,0.19641994262882642,20
meps,gradual_global_mag1.0,lr,max_subgroup_deviation,BalAcc,0.04305064193322068,0.24603573986460606,0.03572575619621733,0.2500221730454401,20
meps,gradual_global_mag1.0,lr,assignment_proportion_drift,DI_star,0.023210302484749624,0.21074866131268366,0.03836865223498988,0.2024677823668532,20
meps,gradual_global_mag1.0,lr,assignment_proportion_drift,AOD_star,0.0017266905450434521,0.22154698387088181,0.09992758002714013,0.21369826536513264,20
meps,gradual_global_mag1.0,lr,assignment_proportion_drift,BalAcc,0.023881194828883477,0.21053065786277012,0.025174727835900957,0.22579730312240037,20
meps,gradual_global_mag1.0,lr,ks_statistic,DI_star,-0.015112781954887217,0.24618634539728484,0.0234480934429953,0.22751273805801875,20
meps,gradual_global_mag1.0,lr,ks_statistic,AOD_star,0.22548872180451124,0.22400992271457246,0.22597372006692829,0.2243581160609158,20
meps,gradual_global_mag1.0,lr,ks_statistic,BalAcc,-0.03142811891491284,0.22517787940683498,-0.0017881628140382169,0.24874388826172125,20
meps,gradual_global_mag1.0,lr,kl_divergence,DI_star,0.009548872180451126,0.2661192241473638,0.02719384089797728,0.23737868360715755,20
meps,gradual_global_mag1.0,lr,kl_divergence,AOD_star,0.1387218045112782,0.22011867299154572,0.19095201158512393,0.22150504614801886,20
meps,gradual_global_mag1.0,lr,kl_divergence,BalAcc,0.02469827238772442,0.25398887693182304,0.03852305549837053,0.26076302669431095,20
meps,gradual_global_mag1.0,lr,per_subgroup_ewma[min_neg],DI_star,nan,nan,nan,nan,0
meps,gradual_global_mag1.0,lr,per_subgroup_ewma[min_neg],AOD_star,nan,nan,nan,nan,0
meps,gradual_global_mag1.0,lr,per_subgroup_ewma[min_neg],BalAcc,nan,nan,nan,nan,0
meps,gradual_global_mag1.0,lr,per_subgroup_baseline_relative[min_neg],DI_star,nan,nan,nan,nan,0
meps,gradual_global_mag1.0,lr,per_subgroup_baseline_relative[min_neg],AOD_star,nan,nan,nan,nan,0
meps,gradual_global_mag1.0,lr,per_subgroup_baseline_relative[min_neg],BalAcc,nan,nan,nan,nan,0
meps,gradual_global_mag1.0,lr,per_subgroup_ewma[min_pos],DI_star,-0.01052631578947368,0.23844901826062914,-0.00650067816655535,0.21415455246001244,20
meps,gradual_global_mag1.0,lr,per_subgroup_ewma[min_pos],AOD_star,0.22616541353383454,0.22399777100075724,0.21017059181266434,0.21567924765910348,20
meps,gradual_global_mag1.0,lr,per_subgroup_ewma[min_pos],BalAcc,-0.023118872505644796,0.22675357505802202,0.0005063121898308861,0.25072702128094887,20
meps,gradual_global_mag1.0,lr,per_subgroup_baseline_relative[min_pos],DI_star,0.030676691729323313,0.21716253842033903,0.04192659650322775,0.2239189080264073,20
meps,gradual_global_mag1.0,lr,per_subgroup_baseline_relative[min_pos],AOD_star,0.10909774436090225,0.19291274169623127,0.17005258809837964,0.20782771357305832,20
meps,gradual_global_mag1.0,lr,per_subgroup_baseline_relative[min_pos],BalAcc,0.040229891071634626,0.24992086186101173,0.02471909338154689,0.24473977730798405,20
meps,gradual_global_mag1.0,lr,per_subgroup_ewma[maj_neg],DI_star,0.01869392015069012,0.2660267606775369,0.02184024141479572,0.2637244213643908,19
meps,gradual_global_mag1.0,lr,per_subgroup_ewma[maj_neg],AOD_star,0.040916588853671915,0.30984776649833246,0.04522912850794079,0.3310836217345311,19
meps,gradual_global_mag1.0,lr,per_subgroup_ewma[maj_neg],BalAcc,0.036451328241519435,0.21470349693569565,0.035724851975596765,0.19693295527094143,19
meps,gradual_global_mag1.0,lr,per_subgroup_baseline_relative[maj_neg],DI_star,0.013256997162688277,0.224833284220384,0.06310338413913183,0.2283982299261237,19
meps,gradual_global_mag1.0,lr,per_subgroup_baseline_relative[maj_neg],AOD_star,-0.059470708246374654,0.27772254019368303,0.01839051097501846,0.29542385820668393,19
meps,gradual_global_mag1.0,lr,per_subgroup_baseline_relative[maj_neg],BalAcc,0.007474929738127542,0.2438055259939983,0.04848599294332905,0.2274592736861926,19
meps,gradual_global_mag1.0,lr,per_subgroup_ewma[maj_pos],DI_star,-0.040526315789473674,0.23472787091563987,-0.007217852507430315,0.23907817861001213,20
meps,gradual_global_mag1.0,lr,per_subgroup_ewma[maj_pos],AOD_star,0.19984962406015033,0.2209932404487594,0.22634582549172086,0.253598737413345,20
meps,gradual_global_mag1.0,lr,per_subgroup_ewma[maj_pos],BalAcc,-0.022556956619516826,0.2342746356036987,-0.02437972482381086,0.22427587045403205,20
meps,gradual_global_mag1.0,lr,per_subgroup_baseline_relative[maj_pos],DI_star,-0.03548872180451127,0.2186144498579587,-0.019138515368947825,0.23151946062768314,20
meps,gradual_global_mag1.0,lr,per_subgroup_baseline_relative[maj_pos],AOD_star,0.19729323308270674,0.22165311514644687,0.1940679944258788,0.2500046842641704,20
meps,gradual_global_mag1.0,lr,per_subgroup_baseline_relative[maj_pos],BalAcc,-0.022706314403634652,0.23574163576495696,-0.02487491716509868,0.2448252755744376,20
meps,gradual_global_mag1.0,xgb,global_mean,DI_star,0.08887218045112782,0.3562030848889951,0.16880332337452697,0.3900109988961103,20
meps,gradual_global_mag1.0,xgb,global_mean,AOD_star,-0.3447368421052631,0.2770538962716687,-0.3192301902943361,0.2832150653785817,20
meps,gradual_global_mag1.0,xgb,global_mean,BalAcc,-0.4584210526315789,0.20126249443733366,-0.477123456092983,0.17702240555461754,20
meps,gradual_global_mag1.0,xgb,global_ewma,DI_star,0.0757142857142857,0.37028293533720047,0.1738391720708441,0.4438272141933757,20
meps,gradual_global_mag1.0,xgb,global_ewma,AOD_star,-0.35473684210526313,0.2787630463310621,-0.36669701074518624,0.2822994264116837,20
meps,gradual_global_mag1.0,xgb,global_ewma,BalAcc,-0.4709022556390977,0.1861082394258272,-0.5214960671879433,0.19537798800109868,20
meps,gradual_global_mag1.0,xgb,global_std,DI_star,-0.09030075187969924,0.34407627696314197,-0.1483363164495734,0.37792246236472693,20
meps,gradual_global_mag1.0,xgb,global_std,AOD_star,0.2204511278195489,0.2954335788146114,0.2669067191060427,0.278044489293746,20
meps,gradual_global_mag1.0,xgb,global_std,BalAcc,0.4454887218045112,0.13369416896694186,0.47031321673426485,0.14446810212195454,20
meps,gradual_global_mag1.0,xgb,subgroup_violation_diff,DI_star,-0.11345864661654133,0.2686345163296637,-0.08005328444445238,0.21895375332670022,20
meps,gradual_global_mag1.0,xgb,subgroup_violation_diff,AOD_star,0.0349624060150376,0.25551561590914523,-0.06186246240221136,0.22579262834316502,20
meps,gradual_global_mag1.0,xgb,subgroup_violation_diff,BalAcc,0.21075187969924816,0.22200616550108004,0.030979809523860667,0.22465116556197504,20
meps,gradual_global_mag1.0,xgb,max_subgroup_deviation,DI_star,0.05744360902255637,0.23306165318448843,0.05980029267113185,0.21655185583523132,20
meps,gradual_global_mag1.0,xgb,max_subgroup_deviation,AOD_star,-0.1721052631578947,0.2697986908736785,-0.21094000377283276,0.2230921391861074,20
meps,gradual_global_mag1.0,xgb,max_subgroup_deviation,BalAcc,-0.17015037593984966,0.25640851702844447,-0.23900950754879519,0.18590582138250356,20
meps,gradual_global_mag1.0,xgb,assignment_proportion_drift,DI_star,-0.10732963392054148,0.2581949263117802,-0.03328592057986116,0.19297723318195137,20
meps,gradual_global_mag1.0,xgb,assignment_proportion_drift,AOD_star,0.03347918804947542,0.25398020357057316,-0.10591540784095672,0.2296310651956052,20
meps,gradual_global_mag1.0,xgb,assignment_proportion_drift,BalAcc,0.17560885876807827,0.2282960065453888,-0.06617377359272206,0.19503115934227758,20
meps,gradual_global_mag1.0,xgb,ks_statistic,DI_star,0.081203007518797,0.3758399867364468,0.15589762756302386,0.3796734076893235,20
meps,gradual_global_mag1.0,xgb,ks_statistic,AOD_star,-0.35879699248120306,0.2683409665494235,-0.3172870715141881,0.2652077681703848,20
meps,gradual_global_mag1.0,xgb,ks_statistic,BalAcc,-0.4742105263157894,0.1945130510773069,-0.4504670479096978,0.18658981768145622,20
meps,gradual_global_mag1.0,xgb,kl_divergence,DI_star,-0.06300751879699248,0.2377647145225469,0.018514978686491358,0.24948192219181484,20
meps,gradual_global_mag1.0,xgb,kl_divergence,AOD_star,-0.21526315789473682,0.2141927116474289,-0.23042872756073662,0.22176991702317733,20
meps,gradual_global_mag1.0,xgb,kl_divergence,BalAcc,-0.14233082706766914,0.1713344122098108,-0.24102064427375863,0.16145425384638412,20
meps,gradual_global_mag1.0,xgb,per_subgroup_ewma[min_neg],DI_star,nan,nan,nan,nan,0
meps,gradual_global_mag1.0,xgb,per_subgroup_ewma[min_neg],AOD_star,nan,nan,nan,nan,0
meps,gradual_global_mag1.0,xgb,per_subgroup_ewma[min_neg],BalAcc,nan,nan,nan,nan,0
meps,gradual_global_mag1.0,xgb,per_subgroup_baseline_relative[min_neg],DI_star,nan,nan,nan,nan,0
meps,gradual_global_mag1.0,xgb,per_subgroup_baseline_relative[min_neg],AOD_star,nan,nan,nan,nan,0
meps,gradual_global_mag1.0,xgb,per_subgroup_baseline_relative[min_neg],BalAcc,nan,nan,nan,nan,0
meps,gradual_global_mag1.0,xgb,per_subgroup_ewma[min_pos],DI_star,0.0674436090225564,0.36930943221710166,0.07923884983650135,0.3653515278283255,20
meps,gradual_global_mag1.0,xgb,per_subgroup_ewma[min_pos],AOD_star,-0.35894736842105257,0.2742323272802999,-0.35789759456140163,0.249121123561922,20
meps,gradual_global_mag1.0,xgb,per_subgroup_ewma[min_pos],BalAcc,-0.47172932330827055,0.18759668206658786,-0.41261276980999134,0.18340131435736157,20
meps,gradual_global_mag1.0,xgb,per_subgroup_baseline_relative[min_pos],DI_star,-0.0006015037593984973,0.342126711712992,0.03968979758939401,0.24800905269807652,20
meps,gradual_global_mag1.0,xgb,per_subgroup_baseline_relative[min_pos],AOD_star,-0.19007518796992479,0.32367330328395694,-0.21201431061928022,0.23221488185926598,20
meps,gradual_global_mag1.0,xgb,per_subgroup_baseline_relative[min_pos],BalAcc,-0.16541353383458643,0.26313469285472907,-0.237362151300111,0.18791359671543678,20
meps,gradual_global_mag1.0,xgb,per_subgroup_ewma[maj_neg],DI_star,-0.07175864536264809,0.3554718600388453,-0.008681921473833884,0.37973096908834064,19
meps,gradual_global_mag1.0,xgb,per_subgroup_ewma[maj_neg],AOD_star,-0.12249568661079127,0.3050844620530397,-0.1778180705677376,0.2507814230956611,19
meps,gradual_global_mag1.0,xgb,per_subgroup_ewma[maj_neg],BalAcc,-0.09272832668161857,0.35588233700229593,-0.1700061120205439,0.3562134241647048,19
meps,gradual_global_mag1.0,xgb,per_subgroup_baseline_relative[maj_neg],DI_star,-0.02417608870677741,0.23202584551601355,0.008744559916755622,0.21679072599652804,19
meps,gradual_global_mag1.0,xgb,per_subgroup_baseline_relative[maj_neg],AOD_star,-0.018151888629368222,0.22367364668487474,-0.06633776267836992,0.22145852286214018,19
meps,gradual_global_mag1.0,xgb,per_subgroup_baseline_relative[maj_neg],BalAcc,0.05769312973922153,0.17762258639825704,-0.017655744392953133,0.1921292560614165,19
meps,gradual_global_mag1.0,xgb,per_subgroup_ewma[maj_pos],DI_star,0.05827067669172932,0.39066235857874954,0.23716680775119087,0.48587576153887874,20
meps,gradual_global_mag1.0,xgb,per_subgroup_ewma[maj_pos],AOD_star,-0.3601503759398496,0.26808681618869207,-0.3342860846378355,0.3154353763817732,20
meps,gradual_global_mag1.0,xgb,per_subgroup_ewma[maj_pos],BalAcc,-0.4810526315789473,0.17632430202128885,-0.5661561779720671,0.20735653002888277,20
meps,gradual_global_mag1.0,xgb,per_subgroup_baseline_relative[maj_pos],DI_star,0.06203007518796992,0.3675139592731328,0.2146176306865287,0.4420752893522589,20
meps,gradual_global_mag1.0,xgb,per_subgroup_baseline_relative[maj_pos],AOD_star,-0.35390977443609023,0.2773656695139255,-0.3110157491248827,0.3189805418307033,20
meps,gradual_global_mag1.0,xgb,per_subgroup_baseline_relative[maj_pos],BalAcc,-0.46766917293233085,0.18585456331911998,-0.5332949702445925,0.18344511592553592,20
meps,gradual_global_mag2.0,lr,global_mean,DI_star,-0.06774436090225563,0.21755063194706814,-0.05527776289472598,0.23233198144179013,20
meps,gradual_global_mag2.0,lr,global_mean,AOD_star,0.3109774436090226,0.21981269553979435,0.32443223570297997,0.22150981532443237,20
meps,gradual_global_mag2.0,lr,global_mean,BalAcc,-0.13767279304159946,0.2457624266420451,-0.12833455797278398,0.25583023165727437,20
meps,gradual_global_mag2.0,lr,global_ewma,DI_star,-0.0769924812030075,0.21084701674305065,-0.07298699101571789,0.23136577266245514,20
meps,gradual_global_mag2.0,lr,global_ewma,AOD_star,0.30879699248120296,0.22185128855542977,0.3276630913591098,0.22333158988713628,20
meps,gradual_global_mag2.0,lr,global_ewma,BalAcc,-0.1372968531919754,0.24426249868865882,-0.15027904110326779,0.24481230435569726,20
meps,gradual_global_mag2.0,lr,global_std,DI_star,0.024060150375939855,0.22114928069742332,0.0446185410800764,0.23260015043186894,20
meps,gradual_global_mag2.0,lr,global_std,AOD_star,-0.25999999999999995,0.18811657437273824,-0.2731418737228867,0.19525799544372555,20
meps,gradual_global_mag2.0,lr,global_std,BalAcc,0.08271112236125709,0.27738705392036733,0.08509643597761815,0.27988361394283795,20
meps,gradual_global_mag2.0,lr,subgroup_violation_diff,DI_star,0.07624060150375939,0.18333725800399528,0.07994896986132276,0.19126131699714075,20
meps,gradual_global_mag2.0,lr,subgroup_violation_diff,AOD_star,-0.010977443609022558,0.23422716845494634,-0.029898612103197865,0.24925567265205195,20
meps,gradual_global_mag2.0,lr,subgroup_violation_diff,BalAcc,0.10180886672215936,0.17169356956917395,0.1014621891620712,0.17562115899608927,20
meps,gradual_global_mag2.0,lr,max_subgroup_deviation,DI_star,-0.05969924812030073,0.20202272974661917,-0.02874552268613755,0.2339277933642957,20
meps,gradual_global_mag2.0,lr,max_subgroup_deviation,AOD_star,0.28721804511278193,0.2129999680181049,0.31297130689444075,0.22675216510904936,20
meps,gradual_global_mag2.0,lr,max_subgroup_deviation,BalAcc,-0.15026577398932553,0.21163446855258103,-0.11684817723668924,0.23975681024192183,20
meps,gradual_global_mag2.0,lr,assignment_proportion_drift,DI_star,0.019174958217431065,0.199299522776456,0.021379475057678385,0.18300637421328741,20
meps,gradual_global_mag2.0,lr,assignment_proportion_drift,AOD_star,0.16829882043953037,0.24179849875448897,0.19712811501024047,0.21131094376009749,20
meps,gradual_global_mag2.0,lr,assignment_proportion_drift,BalAcc,-0.026148192068395117,0.23870430299458692,-0.027086010970494585,0.25178816794636627,20
meps,gradual_global_mag2.0,lr,ks_statistic,DI_star,-0.08112781954887219,0.22311121403417308,-0.04967377529431733,0.2301687591766858,20
meps,gradual_global_mag2.0,lr,ks_statistic,AOD_star,0.30120300751879703,0.21938612775435157,0.3192573161290002,0.2118595603381009,20
meps,gradual_global_mag2.0,lr,ks_statistic,BalAcc,-0.14609344972372718,0.23932367366256324,-0.1032516614942082,0.2641256889760114,20
meps,gradual_global_mag2.0,lr,kl_divergence,DI_star,-0.034887218045112786,0.26958954611800034,-0.012529212194760622,0.2489286260657027,20
meps,gradual_global_mag2.0,lr,kl_divergence,AOD_star,0.19669172932330828,0.21448722881983734,0.24767356771501986,0.197767041481982,20
meps,gradual_global_mag2.0,lr,kl_divergence,BalAcc,-0.07030242052381527,0.23037777885453065,-0.06098465094707278,0.24460308114932044,20
meps,gradual_global_mag2.0,lr,per_subgroup_ewma[min_neg],DI_star,nan,nan,nan,nan,0
meps,gradual_global_mag2.0,lr,per_subgroup_ewma[min_neg],AOD_star,nan,nan,nan,nan,0
meps,gradual_global_mag2.0,lr,per_subgroup_ewma[min_neg],BalAcc,nan,nan,nan,nan,0
meps,gradual_global_mag2.0,lr,per_subgroup_baseline_relative[min_neg],DI_star,nan,nan,nan,nan,0
meps,gradual_global_mag2.0,lr,per_subgroup_baseline_relative[min_neg],AOD_star,nan,nan,nan,nan,0
meps,gradual_global_mag2.0,lr,per_subgroup_baseline_relative[min_neg],BalAcc,nan,nan,nan,nan,0
meps,gradual_global_mag2.0,lr,per_subgroup_ewma[min_pos],DI_star,-0.07533834586466165,0.21419409728588432,-0.0690062293637041,0.219873032565855,20
meps,gradual_global_mag2.0,lr,per_subgroup_ewma[min_pos],AOD_star,0.30992481203007516,0.22495853601270974,0.31279955918554336,0.21164691364358315,20
meps,gradual_global_mag2.0,lr,per_subgroup_ewma[min_pos],BalAcc,-0.14075535839799844,0.2406187781663306,-0.11967031119283636,0.25911601689632024,20
meps,gradual_global_mag2.0,lr,per_subgroup_baseline_relative[min_pos],DI_star,-0.06654135338345864,0.1970256959887944,-0.005488053843560188,0.22219949126699648,20
meps,gradual_global_mag2.0,lr,per_subgroup_baseline_relative[min_pos],AOD_star,0.24330827067669167,0.26225477684896537,0.2700266841338005,0.21895005936254625,20
meps,gradual_global_mag2.0,lr,per_subgroup_baseline_relative[min_pos],BalAcc,-0.13492802204884077,0.25569609477284627,-0.06675213432875883,0.2541993751806262,20
meps,gradual_global_mag2.0,lr,per_subgroup_ewma[maj_neg],DI_star,0.008635555128370468,0.1848724144791454,-0.0016511085441363491,0.1957328225861812,19
meps,gradual_global_mag2.0,lr,per_subgroup_ewma[maj_neg],AOD_star,0.21145971897849392,0.26377131343262195,0.24174371346604617,0.27131404911690366,19
meps,gradual_global_mag2.0,lr,per_subgroup_ewma[maj_neg],BalAcc,-0.028540906051669316,0.23741950079081367,-0.026857713344878315,0.26483376697868755,19
meps,gradual_global_mag2.0,lr,per_subgroup_baseline_relative[maj_neg],DI_star,0.0795336224829697,0.2631601961741951,0.07870949191534034,0.21432983991909982,19
meps,gradual_global_mag2.0,lr,per_subgroup_baseline_relative[maj_neg],AOD_star,0.003178830346954583,0.24556834974518807,0.13728180832034753,0.22946068209771903,19
meps,gradual_global_mag2.0,lr,per_subgroup_baseline_relative[maj_neg],BalAcc,0.007690706693904714,0.1970857490935413,0.026709785554345843,0.20536609799737812,19
meps,gradual_global_mag2.0,lr,per_subgroup_ewma[maj_pos],DI_star,-0.0882706766917293,0.2053279250046218,-0.06885158286242912,0.24122833184010697,20
meps,gradual_global_mag2.0,lr,per_subgroup_ewma[maj_pos],AOD_star,0.29631578947368414,0.21257886373166088,0.31837175575162063,0.23426511468045147,20
meps,gradual_global_mag2.0,lr,per_subgroup_ewma[maj_pos],BalAcc,-0.14789810241244095,0.2512885894318571,-0.16228370148004193,0.2303891527106197,20
meps,gradual_global_mag2.0,lr,per_subgroup_baseline_relative[maj_pos],DI_star,-0.0850375939849624,0.2025103770768026,-0.07501266672897985,0.24037000756139723,20
meps,gradual_global_mag2.0,lr,per_subgroup_baseline_relative[maj_pos],AOD_star,0.2922556390977443,0.2131826377014681,0.3142106974468965,0.22831924944954704,20
meps,gradual_global_mag2.0,lr,per_subgroup_baseline_relative[maj_pos],BalAcc,-0.16022907089062846,0.24564787294706383,-0.15376178734205478,0.23586764110526456,20
meps,gradual_global_mag2.0,xgb,global_mean,DI_star,-0.10285714285714284,0.2927404382982455,-0.0023794476814894662,0.34821891914084757,20
meps,gradual_global_mag2.0,xgb,global_mean,AOD_star,-0.373984962406015,0.27736396762261845,-0.3981882104600821,0.2720085501627234,20
meps,gradual_global_mag2.0,xgb,global_mean,BalAcc,-0.326390977443609,0.1869454639155562,-0.40147935691545217,0.1733140110433351,20
meps,gradual_global_mag2.0,xgb,global_ewma,DI_star,-0.10556390977443608,0.2906761860674199,-0.03893215366025288,0.3382514303263283,20
meps,gradual_global_mag2.0,xgb,global_ewma,AOD_star,-0.3752631578947368,0.2751992581603591,-0.403087208185386,0.26294630410893816,20
meps,gradual_global_mag2.0,xgb,global_ewma,BalAcc,-0.3333082706766916,0.18436438257947158,-0.36842785267742184,0.16307668613504145,20
meps,gradual_global_mag2.0,xgb,global_std,DI_star,-0.16451127819548875,0.4404114142539786,-0.13316239221295748,0.41035705245391113,20
meps,gradual_global_mag2.0,xgb,global_std,AOD_star,0.22646616541353382,0.3698634951321574,0.29979489119232394,0.3057348426511285,20
meps,gradual_global_mag2.0,xgb,global_std,BalAcc,0.5307518796992481,0.23822628104682503,0.5019498988603089,0.20620360604288507,20
meps,gradual_global_mag2.0,xgb,subgroup_violation_diff,DI_star,0.09939849624060151,0.17142784592908084,0.04058917889808927,0.1942857805464142,20
meps,gradual_global_mag2.0,xgb,subgroup_violation_diff,AOD_star,0.07661654135338344,0.15656256853200906,0.06211220094020072,0.1991623911539528,20
meps,gradual_global_mag2.0,xgb,subgroup_violation_diff,BalAcc,-0.01992481203007519,0.20202876002381334,0.03522069095420664,0.2105382974040817,20
meps,gradual_global_mag2.0,xgb,max_subgroup_deviation,DI_star,-0.11691729323308268,0.22734478683307266,-0.07438048133477229,0.2471803947020194,20
meps,gradual_global_mag2.0,xgb,max_subgroup_deviation,AOD_star,-0.33503759398496236,0.21989395066545528,-0.3831103614486323,0.22859682348553947,20
meps,gradual_global_mag2.0,xgb,max_subgroup_deviation,BalAcc,-0.26541353383458643,0.21516033092257864,-0.290831727509006,0.1737954895294236,20
meps,gradual_global_mag2.0,xgb,assignment_proportion_drift,DI_star,-0.1908230537178296,0.17995510036326196,-0.1029235157134761,0.15958089447044047,20
meps,gradual_global_mag2.0,xgb,assignment_proportion_drift,AOD_star,-0.15521937652965112,0.20944200358755202,-0.2466503081184853,0.18330427590323103,20
meps,gradual_global_mag2.0,xgb,assignment_proportion_drift,BalAcc,0.049455282706245086,0.2221519481281103,-0.11768614389213805,0.21940352892771514,20
meps,gradual_global_mag2.0,xgb,ks_statistic,DI_star,-0.103609022556391,0.2927387002661265,0.030408063601926816,0.3556861945883201,20
meps,gradual_global_mag2.0,xgb,ks_statistic,AOD_star,-0.37488721804511277,0.261900799816537,-0.38427200595282784,0.2623051559038938,20
meps,gradual_global_mag2.0,xgb,ks_statistic,BalAcc,-0.33857142857142847,0.17703998634232515,-0.42826534574586167,0.17799032078022717,20
meps,gradual_global_mag2.0,xgb,kl_divergence,DI_star,-0.06864661654135339,0.22290172100902733,0.03472690819149292,0.28199049187537656,20
meps,gradual_global_mag2.0,xgb,kl_divergence,AOD_star,-0.283984962406015,0.2709773914531005,-0.30920143705462977,0.25182124646873466,20
meps,gradual_global_mag2.0,xgb,kl_divergence,BalAcc,-0.23812030075187965,0.18608575980059658,-0.33624113897323493,0.17974739722975117,20
meps,gradual_global_mag2.0,xgb,per_subgroup_ewma[min_neg],DI_star,nan,nan,nan,nan,0
meps,gradual_global_mag2.0,xgb,per_subgroup_ewma[min_neg],AOD_star,nan,nan,nan,nan,0
meps,gradual_global_mag2.0,xgb,per_subgroup_ewma[min_neg],BalAcc,nan,nan,nan,nan,0
meps,gradual_global_mag2.0,xgb,per_subgroup_baseline_relative[min_neg],DI_star,nan,nan,nan,nan,0
meps,gradual_global_mag2.0,xgb,per_subgroup_baseline_relative[min_neg],AOD_star,nan,nan,nan,nan,0
meps,gradual_global_mag2.0,xgb,per_subgroup_baseline_relative[min_neg],BalAcc,nan,nan,nan,nan,0
meps,gradual_global_mag2.0,xgb,per_subgroup_ewma[min_pos],DI_star,-0.10744360902255637,0.2907562544512425,0.005954506575701418,0.3608157734328481,20
meps,gradual_global_mag2.0,xgb,per_subgroup_ewma[min_pos],AOD_star,-0.3772932330827067,0.2707848154973201,-0.41246701109774964,0.2635209005264896,20
meps,gradual_global_mag2.0,xgb,per_subgroup_ewma[min_pos],BalAcc,-0.33218045112781946,0.18126377167304397,-0.42638319000694613,0.1809383988219846,20
meps,gradual_global_mag2.0,xgb,per_subgroup_baseline_relative[min_pos],DI_star,-0.12631578947368421,0.2349803902891758,-0.010399953142321222,0.25639314109525835,20
meps,gradual_global_mag2.0,xgb,per_subgroup_baseline_relative[min_pos],AOD_star,-0.3054887218045112,0.2462303389929415,-0.3301626778931437,0.2243498417073011,20
meps,gradual_global_mag2.0,xgb,per_subgroup_baseline_relative[min_pos],BalAcc,-0.222781954887218,0.20630859662158613,-0.3097523235221216,0.18651867586753032,20
meps,gradual_global_mag2.0,xgb,per_subgroup_ewma[maj_neg],DI_star,-0.14998587593899168,0.3086976976885886,-0.10411101629501945,0.3517565971545952,19
meps,gradual_global_mag2.0,xgb,per_subgroup_ewma[maj_neg],AOD_star,-0.2576883833419285,0.29424317432433617,-0.31432517531812465,0.2671673378640868,19
meps,gradual_global_mag2.0,xgb,per_subgroup_ewma[maj_neg],BalAcc,-0.15116725619386268,0.28705840257532517,-0.1717899732090949,0.29027789124385983,19
meps,gradual_global_mag2.0,xgb,per_subgroup_baseline_relative[maj_neg],DI_star,-0.0734847301413901,0.2508036761015501,-0.04257084444330812,0.18957689370531208,19
meps,gradual_global_mag2.0,xgb,per_subgroup_baseline_relative[maj_neg],AOD_star,-0.05098706441567239,0.25626852880711165,-0.12769857973867813,0.22015443032404108,19
meps,gradual_global_mag2.0,xgb,per_subgroup_baseline_relative[maj_neg],BalAcc,0.11946162343187258,0.224378545263006,0.016069655214755913,0.19462922200793392,19
meps,gradual_global_mag2.0,xgb,per_subgroup_ewma[maj_pos],DI_star,-0.11360902255639097,0.2954324593933495,-0.0878380069598805,0.2904681947856093,20
meps,gradual_global_mag2.0,xgb,per_subgroup_ewma[maj_pos],AOD_star,-0.3796240601503759,0.27208508901439626,-0.3839503545272779,0.2569980145061632,20
meps,gradual_global_mag2.0,xgb,per_subgroup_ewma[maj_pos],BalAcc,-0.3370676691729323,0.18298118257810292,-0.2916435160602847,0.16026864629964332,20
meps,gradual_global_mag2.0,xgb,per_subgroup_baseline_relative[maj_pos],DI_star,-0.11278195488721805,0.2928619204876345,-0.04348483356218276,0.33567966731649845,20
meps,gradual_global_mag2.0,xgb,per_subgroup_baseline_relative[maj_pos],AOD_star,-0.38135338345864656,0.2762739572446824,-0.3943366873715683,0.2813159860455685,20
meps,gradual_global_mag2.0,xgb,per_subgroup_baseline_relative[maj_pos],BalAcc,-0.34390977443609017,0.18396583410832051,-0.36070216144617673,0.16593568137036518,20
meps,abrupt_group_mag0.5,lr,global_mean,DI_star,-0.16342612926918615,0.23746848925558958,-0.1838660086199131,0.19663006847139083,20
meps,abrupt_group_mag0.5,lr,global_mean,AOD_star,-0.11353383458646615,0.2862399201304865,-0.09675478566546039,0.2589631944911052,20
meps,abrupt_group_mag0.5,lr,global_mean,BalAcc,0.07578947368421055,0.2800254383831404,0.022610751393214407,0.2632767548689968,20
meps,abrupt_group_mag0.5,lr,global_ewma,DI_star,-0.15394941887356808,0.18480793377302968,-0.180580876702495,0.16378254369644404,20
meps,abrupt_group_mag0.5,lr,global_ewma,AOD_star,-0.046917293233082705,0.24396734067531498,-0.06436603079368046,0.22835166405919696,20
meps,abrupt_group_mag0.5,lr,global_ewma,BalAcc,0.00887218045112783,0.2216415356392799,0.034770981669974166,0.24583834255472964,20
meps,abrupt_group_mag0.5,lr,global_std,DI_star,0.312568128050463,0.2209055944541952,0.2989752644938883,0.20705205572165564,20
meps,abrupt_group_mag0.5,lr,global_std,AOD_star,0.16112781954887215,0.2557139540999722,0.12622573191518882,0.24800854033679473,20
meps,abrupt_group_mag0.5,lr,global_std,BalAcc,0.03353383458646616,0.181507621539788,0.02514733792659065,0.18491741200392217,20
meps,abrupt_group_mag0.5,lr,subgroup_violation_diff,DI_star,-0.1822217076452061,0.17530876174015403,-0.17603088518472956,0.18254180265764397,20
meps,abrupt_group_mag0.5,lr,subgroup_violation_diff,AOD_star,-0.08624060150375941,0.23668536405538554,-0.08597555528092003,0.23951025451435706,20
meps,abrupt_group_mag0.5,lr,subgroup_violation_diff,BalAcc,0.05473684210526315,0.28830224841917634,0.050052808623520774,0.26593352821131433,20
meps,abrupt_group_mag0.5,lr,max_subgroup_deviation,DI_star,-0.1541749262191352,0.18073131119269628,-0.15493374482207933,0.16934186571794344,20
meps,abrupt_group_mag0.5,lr,max_subgroup_deviation,AOD_star,-0.10458646616541352,0.24506963733021103,-0.11282589974580759,0.23901915324150408,20
meps,abrupt_group_mag0.5,lr,max_subgroup_deviation,BalAcc,0.05533834586466165,0.276170889325438,0.04228225651796983,0.2722895026498554,20
meps,abrupt_group_mag0.5,lr,assignment_proportion_drift,DI_star,-0.2636441138962049,0.19937267867526665,-0.22671329961098485,0.18395527107665674,20
meps,abrupt_group_mag0.5,lr,assignment_proportion_drift,AOD_star,-0.1354390505177551,0.254708373954293,-0.10616088198303397,0.24219994755678734,20
meps,abrupt_group_mag0.5,lr,assignment_proportion_drift,BalAcc,0.027912996071868378,0.22160134704167095,0.012350571877494994,0.24925954067789083,20
meps,abrupt_group_mag0.5,lr,ks_statistic,DI_star,-0.2525988636252876,0.19518305446964954,-0.21439178165886635,0.186344149055458,20
meps,abrupt_group_mag0.5,lr,ks_statistic,AOD_star,-0.1705263157894737,0.28004118479564993,-0.1049535025043381,0.24310268829013834,20
meps,abrupt_group_mag0.5,lr,ks_statistic,BalAcc,0.0066917293233082695,0.22501008450965457,0.006427695531141568,0.2573355189871265,20
meps,abrupt_group_mag0.5,lr,kl_divergence,DI_star,-0.20917578882329685,0.1905124011838628,-0.21224273620441295,0.19045338362085654,20
meps,abrupt_group_mag0.5,lr,kl_divergence,AOD_star,-0.12729323308270676,0.2639229587778395,-0.10738577598893262,0.2553215709579263,20
meps,abrupt_group_mag0.5,lr,kl_divergence,BalAcc,0.004060150375939849,0.2298618599186471,0.02483868873301101,0.23885381638385333,20
meps,abrupt_group_mag0.5,lr,per_subgroup_ewma[min_neg],DI_star,nan,nan,nan,nan,0
meps,abrupt_group_mag0.5,lr,per_subgroup_ewma[min_neg],AOD_star,nan,nan,nan,nan,0
meps,abrupt_group_mag0.5,lr,per_subgroup_ewma[min_neg],BalAcc,nan,nan,nan,nan,0
meps,abrupt_group_mag0.5,lr,per_subgroup_baseline_relative[min_neg],DI_star,nan,nan,nan,nan,0
meps,abrupt_group_mag0.5,lr,per_subgroup_baseline_relative[min_neg],AOD_star,nan,nan,nan,nan,0
meps,abrupt_group_mag0.5,lr,per_subgroup_baseline_relative[min_neg],BalAcc,nan,nan,nan,nan,0
meps,abrupt_group_mag0.5,lr,per_subgroup_ewma[min_pos],DI_star,-0.14571711392465184,0.1925223271853219,-0.18347129200454199,0.16641359415442353,20
meps,abrupt_group_mag0.5,lr,per_subgroup_ewma[min_pos],AOD_star,-0.03736842105263157,0.2466693850408328,-0.06500941171339929,0.22830921417792402,20
meps,abrupt_group_mag0.5,lr,per_subgroup_ewma[min_pos],BalAcc,0.007293233082706768,0.21832249662646475,0.04125982644555592,0.23850431605851113,20
meps,abrupt_group_mag0.5,lr,per_subgroup_baseline_relative[min_pos],DI_star,-0.17391421472636506,0.18823363073058166,-0.18227514539999032,0.19746869777843792,20
meps,abrupt_group_mag0.5,lr,per_subgroup_baseline_relative[min_pos],AOD_star,-0.08676691729323308,0.24748933215208663,-0.09823790613947192,0.2599429496283709,20
meps,abrupt_group_mag0.5,lr,per_subgroup_baseline_relative[min_pos],BalAcc,0.07511278195488721,0.28177396701769913,0.04855428836376197,0.2608005480123505,20
meps,abrupt_group_mag0.5,lr,per_subgroup_ewma[maj_neg],DI_star,-0.04044407458616432,0.24698747163274354,-0.015404394371005303,0.23771537557562233,20
meps,abrupt_group_mag0.5,lr,per_subgroup_ewma[maj_neg],AOD_star,-0.07176712734753016,0.24640896938713605,-0.06265590122644941,0.2651682251857849,20
meps,abrupt_group_mag0.5,lr,per_subgroup_ewma[maj_neg],BalAcc,-0.046306864879056955,0.16975476458079705,-0.040681737203768345,0.139021884312631,20
meps,abrupt_group_mag0.5,lr,per_subgroup_baseline_relative[maj_neg],DI_star,0.003584940035859619,0.2480100030218216,-0.007835884400778684,0.22539849025503148,20
meps,abrupt_group_mag0.5,lr,per_subgroup_baseline_relative[maj_neg],AOD_star,-0.04596230116022494,0.2576695326123619,-0.054488214694281445,0.25823352499021296,20
meps,abrupt_group_mag0.5,lr,per_subgroup_baseline_relative[maj_neg],BalAcc,-0.021256483843651745,0.2392067823487152,-0.004719645862128999,0.19234375396957332,20
meps,abrupt_group_mag0.5,lr,per_subgroup_ewma[maj_pos],DI_star,-0.15075456649909594,0.17466907438026574,-0.1745574615671735,0.1607620314050905,20
meps,abrupt_group_mag0.5,lr,per_subgroup_ewma[maj_pos],AOD_star,-0.038120300751879686,0.23476919574928987,-0.06518971470017623,0.23921509849561481,20
meps,abrupt_group_mag0.5,lr,per_subgroup_ewma[maj_pos],BalAcc,0.015187969924812045,0.22542998530504754,0.032499115412404064,0.2531183538819055,20
meps,abrupt_group_mag0.5,lr,per_subgroup_baseline_relative[maj_pos],DI_star,-0.1506810188911835,0.2220262127788701,-0.17666479264533944,0.1946760616614568,20
meps,abrupt_group_mag0.5,lr,per_subgroup_baseline_relative[maj_pos],AOD_star,-0.11172932330827065,0.26670863389214994,-0.11496578905345782,0.25248443159043105,20
meps,abrupt_group_mag0.5,lr,per_subgroup_baseline_relative[maj_pos],BalAcc,0.019699248120300737,0.2875036567568118,0.003177121889055002,0.2690283177042262,20
meps,abrupt_group_mag0.5,xgb,global_mean,DI_star,0.010674711982066997,0.22625454691641,-0.02823427709681402,0.23088894950605454,20
meps,abrupt_group_mag0.5,xgb,global_mean,AOD_star,-0.05330827067669173,0.24567971476184858,-0.02893420142502695,0.2510089973819972,20
meps,abrupt_group_mag0.5,xgb,global_mean,BalAcc,0.08936759097315501,0.24540355562323926,-0.015175343305952682,0.2549923171043658,20
meps,abrupt_group_mag0.5,xgb,global_ewma,DI_star,-0.017443382765727104,0.20045144311519153,-0.06436018205226007,0.20754480371711725,20
meps,abrupt_group_mag0.5,xgb,global_ewma,AOD_star,-0.020827067669172923,0.23121603973295735,-0.01706153760013484,0.2065100685346813,20
meps,abrupt_group_mag0.5,xgb,global_ewma,BalAcc,0.0071802672941457465,0.22990568884794868,-0.020732921307184453,0.2305377274614208,20
meps,abrupt_group_mag0.5,xgb,global_std,DI_star,0.17677308279183127,0.1699884871099543,0.15091535399942899,0.1874571340585335,20
meps,abrupt_group_mag0.5,xgb,global_std,AOD_star,0.07774436090225564,0.2427656896173791,0.040607836780688314,0.23913678528337176,20
meps,abrupt_group_mag0.5,xgb,global_std,BalAcc,0.09752168176705464,0.21732893698076108,0.10150575067112441,0.2317770482711782,20
meps,abrupt_group_mag0.5,xgb,subgroup_violation_diff,DI_star,-0.03665632720137961,0.25894687408451944,-0.03219158911473571,0.25699265556135253,20
meps,abrupt_group_mag0.5,xgb,subgroup_violation_diff,AOD_star,-0.03624060150375939,0.23946012166360617,-0.021272500221866532,0.257028521220668,20
meps,abrupt_group_mag0.5,xgb,subgroup_violation_diff,BalAcc,0.10331788659193661,0.2263088635738467,0.031290678730723116,0.23199445473276364,20
meps,abrupt_group_mag0.5,xgb,max_subgroup_deviation,DI_star,-0.018532378058127606,0.21314711637366307,-0.03376036439219084,0.24165479524111821,20
meps,abrupt_group_mag0.5,xgb,max_subgroup_deviation,AOD_star,-0.07781954887218043,0.24074238121898417,-0.0664730921618645,0.24579064087537048,20
meps,abrupt_group_mag0.5,xgb,max_subgroup_deviation,BalAcc,0.08350468280944667,0.2534073449405417,0.02891159808305339,0.2691786371295153,20
meps,abrupt_group_mag0.5,xgb,assignment_proportion_drift,DI_star,-0.13605485132136816,0.20186891823296446,-0.07379527972436953,0.22218458477534692,20
meps,abrupt_group_mag0.5,xgb,assignment_proportion_drift,AOD_star,-0.0982664012109222,0.2635726562217841,-0.0407127538158847,0.249595600671117,20
meps,abrupt_group_mag0.5,xgb,assignment_proportion_drift,BalAcc,-0.02957019014637241,0.26928371345891794,-0.04296462184589923,0.2690827344879377,20
meps,abrupt_group_mag0.5,xgb,ks_statistic,DI_star,-0.11274717497156991,0.21252570308911684,-0.05801003975303078,0.22668797247975397,20
meps,abrupt_group_mag0.5,xgb,ks_statistic,AOD_star,-0.11323308270676688,0.27603554915869843,-0.03440965001784613,0.2541572348504621,20
meps,abrupt_group_mag0.5,xgb,ks_statistic,BalAcc,7.425466050398622e-05,0.22774973680131252,-0.03867804806624882,0.2646840602337428,20
meps,abrupt_group_mag0.5,xgb,kl_divergence,DI_star,-0.024702345010651668,0.2121844759579808,-0.0423261261547261,0.2483513356443711,20
meps,abrupt_group_mag0.5,xgb,kl_divergence,AOD_star,-0.04195488721804511,0.2911298778899459,-0.007858702920446473,0.2715615103833968,20
meps,abrupt_group_mag0.5,xgb,kl_divergence,BalAcc,0.015257501474004554,0.24072872784684834,-0.019980864031992996,0.25185574704931485,20
meps,abrupt_group_mag0.5,xgb,per_subgroup_ewma[min_neg],DI_star,nan,nan,nan,nan,0
meps,abrupt_group_mag0.5,xgb,per_subgroup_ewma[min_neg],AOD_star,nan,nan,nan,nan,0
meps,abrupt_group_mag0.5,xgb,per_subgroup_ewma[min_neg],BalAcc,nan,nan,nan,nan,0
meps,abrupt_group_mag0.5,xgb,per_subgroup_baseline_relative[min_neg],DI_star,nan,nan,nan,nan,0
meps,abrupt_group_mag0.5,xgb,per_subgroup_baseline_relative[min_neg],AOD_star,nan,nan,nan,nan,0
meps,abrupt_group_mag0.5,xgb,per_subgroup_baseline_relative[min_neg],BalAcc,nan,nan,nan,nan,0
meps,abrupt_group_mag0.5,xgb,per_subgroup_ewma[min_pos],DI_star,-0.014586466165413531,0.21979289147969586,-0.06514239648595617,0.21174496650920674,20
meps,abrupt_group_mag0.5,xgb,per_subgroup_ewma[min_pos],AOD_star,-0.013684210526315795,0.2257121818438965,-0.016742635145621677,0.2073760812096984,20
meps,abrupt_group_mag0.5,xgb,per_subgroup_ewma[min_pos],BalAcc,0.01060071186049596,0.21325317494808377,-0.013339000632403472,0.22383031189247563,20
meps,abrupt_group_mag0.5,xgb,per_subgroup_baseline_relative[min_pos],DI_star,-0.03601687593072296,0.2542374128554251,-0.03311772670741492,0.25188641486295416,20
meps,abrupt_group_mag0.5,xgb,per_subgroup_baseline_relative[min_pos],AOD_star,-0.04428571428571429,0.22408864682289092,-0.029639479467373164,0.2560326691099837,20
meps,abrupt_group_mag0.5,xgb,per_subgroup_baseline_relative[min_pos],BalAcc,0.11749004116491298,0.19935803728084917,0.0316306686510255,0.23493712678807707,20
meps,abrupt_group_mag0.5,xgb,per_subgroup_ewma[maj_neg],DI_star,-0.08530882251433754,0.1478589884371655,-0.048868688983066025,0.1918341780626542,20
meps,abrupt_group_mag0.5,xgb,per_subgroup_ewma[maj_neg],AOD_star,-0.11561640010727825,0.17440036620813798,-0.09692892060157776,0.1722398518035479,20
meps,abrupt_group_mag0.5,xgb,per_subgroup_ewma[maj_neg],BalAcc,-0.07899520398868214,0.21139838386464546,-0.05123380920955708,0.2188737979163221,20
meps,abrupt_group_mag0.5,xgb,per_subgroup_baseline_relative[maj_neg],DI_star,-0.01227944307581715,0.16477806785617977,-0.03409611268194684,0.2147715762507135,20
meps,abrupt_group_mag0.5,xgb,per_subgroup_baseline_relative[maj_neg],AOD_star,-0.050284767659540985,0.22656989428478727,-0.06986856098967527,0.2395843409720851,20
meps,abrupt_group_mag0.5,xgb,per_subgroup_baseline_relative[maj_neg],BalAcc,-0.026153400084401507,0.2541419922904058,-0.014998472247339665,0.23936699099214098,20
meps,abrupt_group_mag0.5,xgb,per_subgroup_ewma[maj_pos],DI_star,-0.016503490718511458,0.1702473430648492,-0.060989815791093104,0.19004662418241838,20
meps,abrupt_group_mag0.5,xgb,per_subgroup_ewma[maj_pos],AOD_star,-0.011729323308270678,0.2019939050535521,-0.01694721489018066,0.20182720133089374,20
meps,abrupt_group_mag0.5,xgb,per_subgroup_ewma[maj_pos],BalAcc,0.007027855042832496,0.23168644417103054,-0.025002859641280694,0.22557669748858583,20
meps,abrupt_group_mag0.5,xgb,per_subgroup_baseline_relative[maj_pos],DI_star,0.010187503270101622,0.1924631471939935,-0.026583213638441572,0.19898693569553041,20
meps,abrupt_group_mag0.5,xgb,per_subgroup_baseline_relative[maj_pos],AOD_star,-0.06684210526315788,0.2597304076809091,-0.05180162712579123,0.2325365095971984,20
meps,abrupt_group_mag0.5,xgb,per_subgroup_baseline_relative[maj_pos],BalAcc,0.021841299223203547,0.25961534017270044,-0.025339486615586694,0.264499735799614,20
meps,abrupt_group_mag1.0,lr,global_mean,DI_star,-0.3271497862582541,0.20050927795671622,-0.4242029931461614,0.16488883437803178,20
meps,abrupt_group_mag1.0,lr,global_mean,AOD_star,-0.18007518796992478,0.27088791883582114,-0.21912354221247896,0.23284656677494242,20
meps,abrupt_group_mag1.0,lr,global_mean,BalAcc,0.04613170833812562,0.2505487949606666,0.0006215462546057093,0.2667207400538803,20
meps,abrupt_group_mag1.0,lr,global_ewma,DI_star,-0.30387278851635646,0.18058116143361622,-0.36321210880781746,0.16930367425140933,20
meps,abrupt_group_mag1.0,lr,global_ewma,AOD_star,-0.10706766917293234,0.24673232198746206,-0.14781111371680028,0.2322185824448367,20
meps,abrupt_group_mag1.0,lr,global_ewma,BalAcc,0.03548917431816987,0.2208031162787841,0.04084142986871779,0.25418034682274226,20
meps,abrupt_group_mag1.0,lr,global_std,DI_star,0.21835276549494748,0.2303741101893765,0.21230227524955647,0.24619636936274014,20
meps,abrupt_group_mag1.0,lr,global_std,AOD_star,0.14451127819548867,0.20225250857068003,0.14069773584454354,0.20920836445423033,20
meps,abrupt_group_mag1.0,lr,global_std,BalAcc,0.025427618322209855,0.23372204042714564,0.011020382717807078,0.257228684948873,20
meps,abrupt_group_mag1.0,lr,subgroup_violation_diff,DI_star,-0.2877868901143069,0.20333674954387812,-0.3494161630525689,0.20032134233277368,20
meps,abrupt_group_mag1.0,lr,subgroup_violation_diff,AOD_star,-0.14278195488721807,0.25996885100660927,-0.16869285992922806,0.23713301155549668,20
meps,abrupt_group_mag1.0,lr,subgroup_violation_diff,BalAcc,0.06027437174883858,0.2602449561010989,0.05055280277824542,0.2579640336650324,20
meps,abrupt_group_mag1.0,lr,max_subgroup_deviation,DI_star,-0.3154575054339245,0.15215114282678838,-0.41622941945050307,0.1479616155197537,20
meps,abrupt_group_mag1.0,lr,max_subgroup_deviation,AOD_star,-0.1693984962406015,0.21111050793366262,-0.22012499504816058,0.21242464695083382,20
meps,abrupt_group_mag1.0,lr,max_subgroup_deviation,BalAcc,0.035975732541751036,0.2696239675328578,0.00274155434101672,0.2726646468052205,20
meps,abrupt_group_mag1.0,lr,assignment_proportion_drift,DI_star,-0.3966109100280406,0.15008028140638174,-0.44804075935302967,0.15275769160165592,20
meps,abrupt_group_mag1.0,lr,assignment_proportion_drift,AOD_star,-0.20863082513468476,0.21626592346394857,-0.22672765114569007,0.2188664866722815,20
meps,abrupt_group_mag1.0,lr,assignment_proportion_drift,BalAcc,-0.03451507700076781,0.24397126286890347,-0.017596932898005242,0.25722387501685584,20
meps,abrupt_group_mag1.0,lr,ks_statistic,DI_star,-0.3237662710474303,0.179087981580936,-0.43251455710749037,0.16552731009290533,20
meps,abrupt_group_mag1.0,lr,ks_statistic,AOD_star,-0.17917293233082704,0.2728713347612544,-0.21883768713240265,0.22521065682235117,20
meps,abrupt_group_mag1.0,lr,ks_statistic,BalAcc,-0.0025167748220694007,0.24242609555253936,-0.011212785611968317,0.26866035229079877,20
meps,abrupt_group_mag1.0,lr,kl_divergence,DI_star,-0.3018871940055906,0.16296706499198463,-0.40666950981277183,0.16262192723682553,20
meps,abrupt_group_mag1.0,lr,kl_divergence,AOD_star,-0.141578947368421,0.24166647530147858,-0.20017284459523688,0.22170381694555708,20
meps,abrupt_group_mag1.0,lr,kl_divergence,BalAcc,-0.035300370071299825,0.26869716024569473,-0.01986731884995637,0.2827409395317927,20
meps,abrupt_group_mag1.0,lr,per_subgroup_ewma[min_neg],DI_star,nan,nan,nan,nan,0
meps,abrupt_group_mag1.0,lr,per_subgroup_ewma[min_neg],AOD_star,nan,nan,nan,nan,0
meps,abrupt_group_mag1.0,lr,per_subgroup_ewma[min_neg],BalAcc,nan,nan,nan,nan,0
meps,abrupt_group_mag1.0,lr,per_subgroup_baseline_relative[min_neg],DI_star,nan,nan,nan,nan,0
meps,abrupt_group_mag1.0,lr,per_subgroup_baseline_relative[min_neg],AOD_star,nan,nan,nan,nan,0
meps,abrupt_group_mag1.0,lr,per_subgroup_baseline_relative[min_neg],BalAcc,nan,nan,nan,nan,0
meps,abrupt_group_mag1.0,lr,per_subgroup_ewma[min_pos],DI_star,-0.2967673980889953,0.18297305496920974,-0.36214007722763064,0.1693169225294186,20
meps,abrupt_group_mag1.0,lr,per_subgroup_ewma[min_pos],AOD_star,-0.10030075187969925,0.2452645408700515,-0.1449005661235804,0.2317369538718055,20
meps,abrupt_group_mag1.0,lr,per_subgroup_ewma[min_pos],BalAcc,0.03714367732386333,0.2143221719109872,0.04658300890933363,0.2489902039922847,20
meps,abrupt_group_mag1.0,lr,per_subgroup_baseline_relative[min_pos],DI_star,-0.3226748434941149,0.20077708717119397,-0.40866374363504976,0.1824174388455622,20
meps,abrupt_group_mag1.0,lr,per_subgroup_baseline_relative[min_pos],AOD_star,-0.16067669172932325,0.25570157352453404,-0.2083133797475633,0.24484581566148564,20
meps,abrupt_group_mag1.0,lr,per_subgroup_baseline_relative[min_pos],BalAcc,0.08557477010224208,0.2633138417573856,0.020874257720641692,0.2605669201074423,20
meps,abrupt_group_mag1.0,lr,per_subgroup_ewma[maj_neg],DI_star,-0.0697872705858674,0.32684671882209476,-0.057989098764756754,0.3327739953562537,20
meps,abrupt_group_mag1.0,lr,per_subgroup_ewma[maj_neg],AOD_star,-0.04132011380055819,0.3032642627981422,-0.042564483549097296,0.3153795806764124,20
meps,abrupt_group_mag1.0,lr,per_subgroup_ewma[maj_neg],BalAcc,-0.013115950842753937,0.20459992480700467,-0.008875326586725286,0.1942637303725452,20
meps,abrupt_group_mag1.0,lr,per_subgroup_baseline_relative[maj_neg],DI_star,-0.02091008301760243,0.31219080384205616,0.0008270030509063081,0.2999596558767023,20
meps,abrupt_group_mag1.0,lr,per_subgroup_baseline_relative[maj_neg],AOD_star,-0.05956352917187947,0.30912057038583546,-0.02958312929646729,0.33758860347021663,20
meps,abrupt_group_mag1.0,lr,per_subgroup_baseline_relative[maj_neg],BalAcc,-0.08707707384761003,0.2172484586386301,-0.08283372003542601,0.20554182434238874,20
meps,abrupt_group_mag1.0,lr,per_subgroup_ewma[maj_pos],DI_star,-0.30766968201019673,0.17667933829693036,-0.3612864170813652,0.16974266420381007,20
meps,abrupt_group_mag1.0,lr,per_subgroup_ewma[maj_pos],AOD_star,-0.11654135338345864,0.2409877069588994,-0.14768551747486588,0.23476552799138264,20
meps,abrupt_group_mag1.0,lr,per_subgroup_ewma[maj_pos],BalAcc,0.02853234977602394,0.22640440026146755,0.038079004035575716,0.26016798538525937,20
meps,abrupt_group_mag1.0,lr,per_subgroup_baseline_relative[maj_pos],DI_star,-0.3383141109310978,0.15055529646971477,-0.42533735608517925,0.15519545769247764,20
meps,abrupt_group_mag1.0,lr,per_subgroup_baseline_relative[maj_pos],AOD_star,-0.20586466165413536,0.2333081131768627,-0.22663744085351084,0.22390698334989986,20
meps,abrupt_group_mag1.0,lr,per_subgroup_baseline_relative[maj_pos],BalAcc,-0.02034005693193317,0.2840358801745494,-0.01718523161123773,0.27360393893858803,20
meps,abrupt_group_mag1.0,xgb,global_mean,DI_star,0.5114285714285713,0.1982972915037919,0.7565888796736001,0.25143283777233566,20
meps,abrupt_group_mag1.0,xgb,global_mean,AOD_star,0.4124812030075188,0.24069786604152252,0.556306552381311,0.2562063207957363,20
meps,abrupt_group_mag1.0,xgb,global_mean,BalAcc,-0.3182128256513489,0.2894981689530839,-0.5399019620870635,0.3363767054512309,20
meps,abrupt_group_mag1.0,xgb,global_ewma,DI_star,0.46842105263157885,0.15012045966857063,0.6245396546795823,0.24291620442253625,20
meps,abrupt_group_mag1.0,xgb,global_ewma,AOD_star,0.3542105263157895,0.18334612289368393,0.4592506917636817,0.22952420508369467,20
meps,abrupt_group_mag1.0,xgb,global_ewma,BalAcc,-0.3531025042394803,0.22616821579560412,-0.4523510798801512,0.2813463925576874,20
meps,abrupt_group_mag1.0,xgb,global_std,DI_star,0.0803007518796992,0.30155246826841653,0.11751485597813205,0.313314307984966,20
meps,abrupt_group_mag1.0,xgb,global_std,AOD_star,0.03308270676691728,0.2764100396774413,0.051922621088884714,0.3023979982561294,20
meps,abrupt_group_mag1.0,xgb,global_std,BalAcc,0.054889141228161756,0.2625303820484828,0.011577242593501992,0.2792772808615925,20
meps,abrupt_group_mag1.0,xgb,subgroup_violation_diff,DI_star,0.5355639097744359,0.18181270465439534,0.673049671473099,0.24780237910344738,20
meps,abrupt_group_mag1.0,xgb,subgroup_violation_diff,AOD_star,0.43172932330827063,0.22391068335530562,0.5062862744555516,0.2418095826376232,20
meps,abrupt_group_mag1.0,xgb,subgroup_violation_diff,BalAcc,-0.30971222960588135,0.27691944166255494,-0.4375256827835381,0.3209482383339045,20
meps,abrupt_group_mag1.0,xgb,max_subgroup_deviation,DI_star,0.4716541353383459,0.1900268063246346,0.7323757136967316,0.2573008724574038,20
meps,abrupt_group_mag1.0,xgb,max_subgroup_deviation,AOD_star,0.3654135338345864,0.19352921926366073,0.5334534872982796,0.258179271021081,20
meps,abrupt_group_mag1.0,xgb,max_subgroup_deviation,BalAcc,-0.3253188665670944,0.26687456449307934,-0.525794642267284,0.331474130893649,20
meps,abrupt_group_mag1.0,xgb,assignment_proportion_drift,DI_star,0.45962548020470245,0.19538485756382737,0.7290127551001201,0.2510398466638764,20
meps,abrupt_group_mag1.0,xgb,assignment_proportion_drift,AOD_star,0.39877065574649767,0.2697744829816452,0.5366654541733178,0.2752474721540099,20
meps,abrupt_group_mag1.0,xgb,assignment_proportion_drift,BalAcc,-0.4727754120368773,0.2059863296197963,-0.5611289279555349,0.3093387338181141,20
meps,abrupt_group_mag1.0,xgb,ks_statistic,DI_star,0.5331578947368423,0.19354351764338748,0.7606694281392359,0.2513864196303421,20
meps,abrupt_group_mag1.0,xgb,ks_statistic,AOD_star,0.4378947368421052,0.24460189388970716,0.563195329113263,0.25516317611642486,20
meps,abrupt_group_mag1.0,xgb,ks_statistic,BalAcc,-0.3875417620606542,0.28848673190426194,-0.5500586874215427,0.33517160952737257,20
meps,abrupt_group_mag1.0,xgb,kl_divergence,DI_star,0.47804511278195483,0.21241680723131764,0.7271789163743854,0.2581889181478157,20
meps,abrupt_group_mag1.0,xgb,kl_divergence,AOD_star,0.38654135338345863,0.25174094483643306,0.5352242808453493,0.26232443110816844,20
meps,abrupt_group_mag1.0,xgb,kl_divergence,BalAcc,-0.3893851258774251,0.2513302629448708,-0.5371561113859677,0.3101269008427291,20
meps,abrupt_group_mag1.0,xgb,per_subgroup_ewma[min_neg],DI_star,nan,nan,nan,nan,0
meps,abrupt_group_mag1.0,xgb,per_subgroup_ewma[min_neg],AOD_star,nan,nan,nan,nan,0
meps,abrupt_group_mag1.0,xgb,per_subgroup_ewma[min_neg],BalAcc,nan,nan,nan,nan,0
meps,abrupt_group_mag1.0,xgb,per_subgroup_baseline_relative[min_neg],DI_star,nan,nan,nan,nan,0
meps,abrupt_group_mag1.0,xgb,per_subgroup_baseline_relative[min_neg],AOD_star,nan,nan,nan,nan,0
meps,abrupt_group_mag1.0,xgb,per_subgroup_baseline_relative[min_neg],BalAcc,nan,nan,nan,nan,0
meps,abrupt_group_mag1.0,xgb,per_subgroup_ewma[min_pos],DI_star,0.46684210526315795,0.14810806788919625,0.6229473561885336,0.24334643944256446,20
meps,abrupt_group_mag1.0,xgb,per_subgroup_ewma[min_pos],AOD_star,0.3617293233082707,0.1816081173350551,0.4585595618830087,0.22710700560230765,20
meps,abrupt_group_mag1.0,xgb,per_subgroup_ewma[min_pos],BalAcc,-0.34671048035803576,0.22285422425360196,-0.4492925647088143,0.2847730823164863,20
meps,abrupt_group_mag1.0,xgb,per_subgroup_baseline_relative[min_pos],DI_star,0.520375939849624,0.22212439021494745,0.7428210068939353,0.25341572081555713,20
meps,abrupt_group_mag1.0,xgb,per_subgroup_baseline_relative[min_pos],AOD_star,0.4139097744360901,0.2317184791049449,0.5476639117922069,0.2558276565489436,20
meps,abrupt_group_mag1.0,xgb,per_subgroup_baseline_relative[min_pos],BalAcc,-0.29644504575395414,0.2878164305107803,-0.5126201421158458,0.3394351009533406,20
meps,abrupt_group_mag1.0,xgb,per_subgroup_ewma[maj_neg],DI_star,0.08717449236418777,0.38477678115611547,0.11902866599163167,0.443351055266566,20
meps,abrupt_group_mag1.0,xgb,per_subgroup_ewma[maj_neg],AOD_star,0.03650715598039511,0.3389478632651972,0.04040769165068322,0.378242692058015,20
meps,abrupt_group_mag1.0,xgb,per_subgroup_ewma[maj_neg],BalAcc,-0.1776944875205638,0.3394729853783804,-0.14521595158765072,0.3585950388750475,20
meps,abrupt_group_mag1.0,xgb,per_subgroup_baseline_relative[maj_neg],DI_star,0.06178284268955318,0.20950074813815234,0.09324660525368264,0.19477363704533476,20
meps,abrupt_group_mag1.0,xgb,per_subgroup_baseline_relative[maj_neg],AOD_star,-0.001149049015493582,0.23390427508989436,0.0234098231554861,0.26474110082458624,20
meps,abrupt_group_mag1.0,xgb,per_subgroup_baseline_relative[maj_neg],BalAcc,-0.10528181563561538,0.24896096202329476,-0.09708233954200715,0.24564762971088544,20
meps,abrupt_group_mag1.0,xgb,per_subgroup_ewma[maj_pos],DI_star,0.4542857142857142,0.17455783928553545,0.6153715660351045,0.24733423649249722,20
meps,abrupt_group_mag1.0,xgb,per_subgroup_ewma[maj_pos],AOD_star,0.35518796992481205,0.20013145095052512,0.4528927372447412,0.23340723780473352,20
meps,abrupt_group_mag1.0,xgb,per_subgroup_ewma[maj_pos],BalAcc,-0.34810260322684305,0.24045351780174118,-0.4479410511856221,0.2799681623946925,20
meps,abrupt_group_mag1.0,xgb,per_subgroup_baseline_relative[maj_pos],DI_star,0.4509022556390977,0.1642930436588758,0.7246290060525661,0.24964243147810306,20
meps,abrupt_group_mag1.0,xgb,per_subgroup_baseline_relative[maj_pos],AOD_star,0.3645864661654135,0.2263752201336888,0.5303230800673244,0.26251006832739215,20
meps,abrupt_group_mag1.0,xgb,per_subgroup_baseline_relative[maj_pos],BalAcc,-0.37212670099247,0.28149945204905935,-0.5289106948790467,0.3263917297314696,20
meps,abrupt_group_mag2.0,lr,global_mean,DI_star,-0.49639097744360894,0.1296236240245267,-0.68533729326012,0.12651602203249057,20
meps,abrupt_group_mag2.0,lr,global_mean,AOD_star,-0.3276691729323308,0.23956775102722064,-0.4277278153408516,0.20476999598204804,20
meps,abrupt_group_mag2.0,lr,global_mean,BalAcc,-0.02816633694478503,0.25344495545940426,-0.07764473925024222,0.24612897084047286,20
meps,abrupt_group_mag2.0,lr,global_ewma,DI_star,-0.4753383458646615,0.12123313493357672,-0.5901011165918701,0.1410148695339691,20
meps,abrupt_group_mag2.0,lr,global_ewma,AOD_star,-0.30939849624060145,0.2239409659293728,-0.3394726047195535,0.22255337125062719,20
meps,abrupt_group_mag2.0,lr,global_ewma,BalAcc,-0.026878610387129354,0.22151657632814656,-0.022259942605255996,0.23845990195128505,20
meps,abrupt_group_mag2.0,lr,global_std,DI_star,-0.35368421052631577,0.16958619531516148,-0.6168707231267921,0.15729579639780264,20
meps,abrupt_group_mag2.0,lr,global_std,AOD_star,-0.2133834586466165,0.197382326756821,-0.3662347777978225,0.1979789870423444,20
meps,abrupt_group_mag2.0,lr,global_std,BalAcc,-0.09150059180288614,0.2989666803025078,-0.0942081454771651,0.26411430030710165,20
meps,abrupt_group_mag2.0,lr,subgroup_violation_diff,DI_star,-0.45586466165413536,0.1877100609737934,-0.6613518484148992,0.1524664904442898,20
meps,abrupt_group_mag2.0,lr,subgroup_violation_diff,AOD_star,-0.3000751879699247,0.17965707184291185,-0.40842350962102414,0.18758413454578682,20
meps,abrupt_group_mag2.0,lr,subgroup_violation_diff,BalAcc,-0.07064451376721206,0.2821398702630463,-0.08318226573300246,0.24582193672630503,20
meps,abrupt_group_mag2.0,lr,max_subgroup_deviation,DI_star,-0.49917293233082705,0.14558105519481399,-0.6801438702733498,0.1354473787280585,20
meps,abrupt_group_mag2.0,lr,max_subgroup_deviation,AOD_star,-0.3163157894736842,0.21668660281017163,-0.427534064128867,0.1978154446646753,20
meps,abrupt_group_mag2.0,lr,max_subgroup_deviation,BalAcc,0.020332364199737243,0.25647168128001985,-0.06966236298784775,0.24959635236080188,20
meps,abrupt_group_mag2.0,lr,assignment_proportion_drift,DI_star,-0.5190728611500254,0.10362482646185622,-0.6764134015516994,0.12570944911464563,20
meps,abrupt_group_mag2.0,lr,assignment_proportion_drift,AOD_star,-0.3796677892523756,0.18080781546908486,-0.4232529275792805,0.18640567676760642,20
meps,abrupt_group_mag2.0,lr,assignment_proportion_drift,BalAcc,-0.13777348285700447,0.21642705937011703,-0.1004752277642301,0.23845219670950094,20
meps,abrupt_group_mag2.0,lr,ks_statistic,DI_star,-0.4881954887218044,0.11970460844913944,-0.6894755344702501,0.12983899504908109,20
meps,abrupt_group_mag2.0,lr,ks_statistic,AOD_star,-0.3174436090225563,0.2129675324540954,-0.4274562079917098,0.20067690467065127,20
meps,abrupt_group_mag2.0,lr,ks_statistic,BalAcc,-0.09211374778899316,0.250965350666286,-0.08692593793728125,0.24974608011237348,20
meps,abrupt_group_mag2.0,lr,kl_divergence,DI_star,-0.4883458646616541,0.14207771145569192,-0.6696917327041715,0.13266239588959056,20
meps,abrupt_group_mag2.0,lr,kl_divergence,AOD_star,-0.3670676691729323,0.17384128561121825,-0.4207731679078487,0.19806157450004921,20
meps,abrupt_group_mag2.0,lr,kl_divergence,BalAcc,-0.10951839114455957,0.2793366499604993,-0.09630315550094291,0.25037667751533305,20
meps,abrupt_group_mag2.0,lr,per_subgroup_ewma[min_neg],DI_star,nan,nan,nan,nan,0
meps,abrupt_group_mag2.0,lr,per_subgroup_ewma[min_neg],AOD_star,nan,nan,nan,nan,0
meps,abrupt_group_mag2.0,lr,per_subgroup_ewma[min_neg],BalAcc,nan,nan,nan,nan,0
meps,abrupt_group_mag2.0,lr,per_subgroup_baseline_relative[min_neg],DI_star,nan,nan,nan,nan,0
meps,abrupt_group_mag2.0,lr,per_subgroup_baseline_relative[min_neg],AOD_star,nan,nan,nan,nan,0
meps,abrupt_group_mag2.0,lr,per_subgroup_baseline_relative[min_neg],BalAcc,nan,nan,nan,nan,0
meps,abrupt_group_mag2.0,lr,per_subgroup_ewma[min_pos],DI_star,-0.47142857142857125,0.12151036608257312,-0.5899156368433738,0.1414550406790739,20
meps,abrupt_group_mag2.0,lr,per_subgroup_ewma[min_pos],AOD_star,-0.2991729323308271,0.23141312049337284,-0.3389248477136754,0.22220550213015688,20
meps,abrupt_group_mag2.0,lr,per_subgroup_ewma[min_pos],BalAcc,-0.031315492511595766,0.21293424467594582,-0.022031241338090223,0.23602330088614754,20
meps,abrupt_group_mag2.0,lr,per_subgroup_baseline_relative[min_pos],DI_star,-0.48962406015037585,0.1472643487052122,-0.6812893168511658,0.13700411927851386,20
meps,abrupt_group_mag2.0,lr,per_subgroup_baseline_relative[min_pos],AOD_star,-0.3009022556390977,0.22333834383966916,-0.4216446469028302,0.20513164832477165,20
meps,abrupt_group_mag2.0,lr,per_subgroup_baseline_relative[min_pos],BalAcc,0.023377632533262294,0.25187774408963554,-0.07285795844533341,0.24195072428270856,20
meps,abrupt_group_mag2.0,lr,per_subgroup_ewma[maj_neg],DI_star,-0.16406683391747243,0.37503792157110905,-0.15494382906413962,0.4091056577611378,20
meps,abrupt_group_mag2.0,lr,per_subgroup_ewma[maj_neg],AOD_star,-0.08804666322429497,0.3732786610163094,-0.08522110946522689,0.3795510993927567,20
meps,abrupt_group_mag2.0,lr,per_subgroup_ewma[maj_neg],BalAcc,-0.009536869567612153,0.25777771905471797,-0.008285446479041378,0.2381039062879974,20
meps,abrupt_group_mag2.0,lr,per_subgroup_baseline_relative[maj_neg],DI_star,-0.11052403815299087,0.28960572982425675,-0.09944123230507575,0.2709910774937129,20
meps,abrupt_group_mag2.0,lr,per_subgroup_baseline_relative[maj_neg],AOD_star,-0.08932648880915228,0.28859968747472675,-0.07673595893819027,0.3042750025076041,20
meps,abrupt_group_mag2.0,lr,per_subgroup_baseline_relative[maj_neg],BalAcc,-0.05509371040815565,0.2232002876789762,-0.05177557168148513,0.22166308156051623,20
meps,abrupt_group_mag2.0,lr,per_subgroup_ewma[maj_pos],DI_star,-0.4490977443609022,0.16387616058725268,-0.5558205042814557,0.17097770136729462,20
meps,abrupt_group_mag2.0,lr,per_subgroup_ewma[maj_pos],AOD_star,-0.28105263157894733,0.26001513282365585,-0.31417780018327535,0.24769226922112497,20
meps,abrupt_group_mag2.0,lr,per_subgroup_ewma[maj_pos],BalAcc,-0.01026107916011774,0.25361381970400787,-0.0009242146489660322,0.246362852493837,20
meps,abrupt_group_mag2.0,lr,per_subgroup_baseline_relative[maj_pos],DI_star,-0.5034586466165412,0.09385988669909132,-0.6010723601928187,0.11292073755103962,20
meps,abrupt_group_mag2.0,lr,per_subgroup_baseline_relative[maj_pos],AOD_star,-0.33248120300751877,0.18162643567129746,-0.3767449616991355,0.21901693464408245,20
meps,abrupt_group_mag2.0,lr,per_subgroup_baseline_relative[maj_pos],BalAcc,-0.03414136243394454,0.2877695689598553,-0.057522029571940095,0.2879199150718442,20
meps,abrupt_group_mag2.0,xgb,global_mean,DI_star,-0.010709435333507789,0.22483591486114662,0.003911736063455154,0.260142229510273,20
meps,abrupt_group_mag2.0,xgb,global_mean,AOD_star,-0.029398496240601497,0.29188333079285494,-0.006560129301691144,0.25831304496339824,20
meps,abrupt_group_mag2.0,xgb,global_mean,BalAcc,0.007593984962406017,0.23174999785793166,-0.04499408954996447,0.27227507497889814,20
meps,abrupt_group_mag2.0,xgb,global_ewma,DI_star,0.008870568371219129,0.22826663930773716,-0.02072543941785756,0.24140655880865655,20
meps,abrupt_group_mag2.0,xgb,global_ewma,AOD_star,0.0069924812030075275,0.2249180100738546,0.004723370234425752,0.21089967554674635,20
meps,abrupt_group_mag2.0,xgb,global_ewma,BalAcc,-0.005714285714285716,0.24072957117928104,-0.02363635878418511,0.24438099625552961,20
meps,abrupt_group_mag2.0,xgb,global_std,DI_star,0.15345915569440727,0.2781202523508432,0.0566410369475747,0.2790813846650119,20
meps,abrupt_group_mag2.0,xgb,global_std,AOD_star,0.10969924812030074,0.26818969199761533,0.038457692509689695,0.26455800807392,20
meps,abrupt_group_mag2.0,xgb,global_std,BalAcc,-0.012406015037593986,0.30708699025323677,-0.0413477498448448,0.2952652551235491,20
meps,abrupt_group_mag2.0,xgb,subgroup_violation_diff,DI_star,0.012634859671393129,0.2583588606860502,0.011407057010508493,0.27332734565155625,20
meps,abrupt_group_mag2.0,xgb,subgroup_violation_diff,AOD_star,-0.0018796992481203,0.2532872243124136,0.005855134065936666,0.2628142605827218,20
meps,abrupt_group_mag2.0,xgb,subgroup_violation_diff,BalAcc,-0.021353383458646624,0.27309222930633126,-0.038806427333113416,0.27040746420839634,20
meps,abrupt_group_mag2.0,xgb,max_subgroup_deviation,DI_star,-0.041009197339578876,0.2305150987165947,0.0006126917967073306,0.26144766129182334,20
meps,abrupt_group_mag2.0,xgb,max_subgroup_deviation,AOD_star,-0.056015037593984976,0.2659214186857151,-0.00946615226294045,0.2567977657864194,20
meps,abrupt_group_mag2.0,xgb,max_subgroup_deviation,BalAcc,0.02037593984962406,0.26509084944610956,-0.035345890363078954,0.2838881477132662,20
meps,abrupt_group_mag2.0,xgb,assignment_proportion_drift,DI_star,0.01566795207921376,0.17528054066591317,0.0088660235893306,0.2485585156492777,20
meps,abrupt_group_mag2.0,xgb,assignment_proportion_drift,AOD_star,-0.005766797228570479,0.2754760815017877,0.006189664575773306,0.25379202670944784,20
meps,abrupt_group_mag2.0,xgb,assignment_proportion_drift,BalAcc,-0.07082790248726747,0.2008697396158583,-0.05879520889216191,0.2537814548550602,20
meps,abrupt_group_mag2.0,xgb,ks_statistic,DI_star,0.018576943581642552,0.23027200528852407,0.007451399503106228,0.2620030182968514,20
meps,abrupt_group_mag2.0,xgb,ks_statistic,AOD_star,-0.00977443609022555,0.30054748693771083,-0.0006395641052714451,0.26092477053594065,20
meps,abrupt_group_mag2.0,xgb,ks_statistic,BalAcc,-0.07781954887218043,0.25281360923229385,-0.05683199328287265,0.2767718574478031,20
meps,abrupt_group_mag2.0,xgb,kl_divergence,DI_star,0.034815141106590716,0.2208883177252459,0.016896459956121747,0.2547947692504332,20
meps,abrupt_group_mag2.0,xgb,kl_divergence,AOD_star,-0.02578947368421052,0.2594925295400717,0.0022119155180058943,0.253812401223105,20
meps,abrupt_group_mag2.0,xgb,kl_divergence,BalAcc,-0.07947368421052631,0.3205309191015153,-0.056249334597647915,0.2828774925136146,20
meps,abrupt_group_mag2.0,xgb,per_subgroup_ewma[min_neg],DI_star,nan,nan,nan,nan,0
meps,abrupt_group_mag2.0,xgb,per_subgroup_ewma[min_neg],AOD_star,nan,nan,nan,nan,0
meps,abrupt_group_mag2.0,xgb,per_subgroup_ewma[min_neg],BalAcc,nan,nan,nan,nan,0
meps,abrupt_group_mag2.0,xgb,per_subgroup_baseline_relative[min_neg],DI_star,nan,nan,nan,nan,0
meps,abrupt_group_mag2.0,xgb,per_subgroup_baseline_relative[min_neg],AOD_star,nan,nan,nan,nan,0
meps,abrupt_group_mag2.0,xgb,per_subgroup_baseline_relative[min_neg],BalAcc,nan,nan,nan,nan,0
meps,abrupt_group_mag2.0,xgb,per_subgroup_ewma[min_pos],DI_star,0.010261220570636033,0.2410680438790864,-0.02178444901535097,0.24470183488958333,20
meps,abrupt_group_mag2.0,xgb,per_subgroup_ewma[min_pos],AOD_star,0.012030075187969929,0.22493244945493382,0.00492646427905336,0.21249521655378195,20
meps,abrupt_group_mag2.0,xgb,per_subgroup_ewma[min_pos],BalAcc,-0.007819548872180454,0.2287956952811993,-0.02299645006468292,0.24287191604754504,20
meps,abrupt_group_mag2.0,xgb,per_subgroup_baseline_relative[min_pos],DI_star,-0.03480657162918132,0.24636607922396814,0.004775586813178205,0.2693838690237495,20
meps,abrupt_group_mag2.0,xgb,per_subgroup_baseline_relative[min_pos],AOD_star,-0.053609022556390974,0.2751527464206974,-0.003108187172010565,0.2616113816536463,20
meps,abrupt_group_mag2.0,xgb,per_subgroup_baseline_relative[min_pos],BalAcc,0.026390977443609027,0.253431634607125,-0.03584784466153648,0.2711926268634547,20
meps,abrupt_group_mag2.0,xgb,per_subgroup_ewma[maj_neg],DI_star,-0.058816605633503403,0.1959576869551791,-0.024773316350239903,0.22513491079727777,20
meps,abrupt_group_mag2.0,xgb,per_subgroup_ewma[maj_neg],AOD_star,-0.06766557310795256,0.25473944625620093,-0.05349938436362841,0.2643148103609655,20
meps,abrupt_group_mag2.0,xgb,per_subgroup_ewma[maj_neg],BalAcc,-0.04547956174538689,0.24651122161701877,-0.036392099457118215,0.2501126133656885,20
meps,abrupt_group_mag2.0,xgb,per_subgroup_baseline_relative[maj_neg],DI_star,0.020092958721352656,0.17782353819464142,-0.0011406506900028229,0.24702915107607115,20
meps,abrupt_group_mag2.0,xgb,per_subgroup_baseline_relative[maj_neg],AOD_star,-0.029899646879786534,0.2987425943029754,-0.05329609142971238,0.3132392222733514,20
meps,abrupt_group_mag2.0,xgb,per_subgroup_baseline_relative[maj_neg],BalAcc,-0.058923067464486556,0.24436370159206833,-0.09131437416166546,0.2487932597733154,20
meps,abrupt_group_mag2.0,xgb,per_subgroup_ewma[maj_pos],DI_star,-0.0024444150625107493,0.2134104307790231,-0.024276769171948202,0.2298101763250048,20
meps,abrupt_group_mag2.0,xgb,per_subgroup_ewma[maj_pos],AOD_star,-0.004887218045112785,0.22451881952797217,0.0016332060299794192,0.21511596599938054,20
meps,abrupt_group_mag2.0,xgb,per_subgroup_ewma[maj_pos],BalAcc,-0.0074436090225564,0.2454485798911236,-0.012194776169409107,0.2459331780225929,20
meps,abrupt_group_mag2.0,xgb,per_subgroup_baseline_relative[maj_pos],DI_star,-0.020563471401829337,0.2159723826555973,-0.04706911256886516,0.23273680097322633,20
meps,abrupt_group_mag2.0,xgb,per_subgroup_baseline_relative[maj_pos],AOD_star,-0.04421052631578949,0.22245394919299782,-0.05363959214643312,0.24113658458381948,20
meps,abrupt_group_mag2.0,xgb,per_subgroup_baseline_relative[maj_pos],BalAcc,0.004436090225563899,0.29030560079142076,-0.04212725460013444,0.2962593204613339,20
meps,abrupt_global_mag0.5,lr,global_mean,DI_star,0.062406015037593986,0.23894140630500244,0.025204941662688208,0.198939566765766,20
meps,abrupt_global_mag0.5,lr,global_mean,AOD_star,0.08270676691729323,0.2480469246709447,0.13710018672958463,0.23424511043622653,20
meps,abrupt_global_mag0.5,lr,global_mean,BalAcc,0.08688042044176365,0.27598975567056855,0.0006064399129225592,0.2693622204759615,20
meps,abrupt_global_mag0.5,lr,global_ewma,DI_star,0.007744360902255634,0.22203977582825443,-0.003172564840301608,0.1935515756840167,20
meps,abrupt_global_mag0.5,lr,global_ewma,AOD_star,0.12375939849624062,0.2602812048797573,0.13433293893550252,0.23384691265872004,20
meps,abrupt_global_mag0.5,lr,global_ewma,BalAcc,-0.005002672658796009,0.23658050251755672,0.00916345204605381,0.24101768927517028,20
meps,abrupt_global_mag0.5,lr,global_std,DI_star,0.016315789473684207,0.21708957076380067,0.005869942092021491,0.20484155879195576,20
meps,abrupt_global_mag0.5,lr,global_std,AOD_star,-0.1310526315789473,0.24754742477811073,-0.14478442858904966,0.22055935541916563,20
meps,abrupt_global_mag0.5,lr,global_std,BalAcc,0.06293035107981136,0.2580177791976721,0.024558166364337462,0.26440702038658115,20
meps,abrupt_global_mag0.5,lr,subgroup_violation_diff,DI_star,-0.00714285714285714,0.18630958439059503,0.015634357183043273,0.19965287863461942,20
meps,abrupt_global_mag0.5,lr,subgroup_violation_diff,AOD_star,0.060300751879699244,0.18348878095910845,0.13922401523981992,0.21956088659634873,20
meps,abrupt_global_mag0.5,lr,subgroup_violation_diff,BalAcc,-0.02345409319785185,0.2526177478852831,-0.013727434043267383,0.25411332759062105,20
meps,abrupt_global_mag0.5,lr,max_subgroup_deviation,DI_star,-0.043759398496240595,0.20213284138729584,0.0009174698115145527,0.18897416249007964,20
meps,abrupt_global_mag0.5,lr,max_subgroup_deviation,AOD_star,0.04894736842105265,0.19469734264253613,0.11370378780880312,0.20815865782978626,20
meps,abrupt_global_mag0.5,lr,max_subgroup_deviation,BalAcc,0.018501925304339705,0.240888160847945,-0.015366478731641412,0.2599943388182946,20
meps,abrupt_global_mag0.5,lr,assignment_proportion_drift,DI_star,-0.053645844210517137,0.2267820207044374,0.003469540553866922,0.19205336756027525,20
meps,abrupt_global_mag0.5,lr,assignment_proportion_drift,AOD_star,0.09302275927322752,0.2250025498600565,0.13672161612903852,0.21826819100403103,20
meps,abrupt_global_mag0.5,lr,assignment_proportion_drift,BalAcc,-0.046904854700358954,0.25431011373274615,-0.021755248531702114,0.26120448730385437,20
meps,abrupt_global_mag0.5,lr,ks_statistic,DI_star,0.03406015037593984,0.21537975564794895,0.014600657364835365,0.19687888851371083,20
meps,abrupt_global_mag0.5,lr,ks_statistic,AOD_star,0.09353383458646615,0.22638627034308642,0.1396164854400988,0.22460107300716947,20
meps,abrupt_global_mag0.5,lr,ks_statistic,BalAcc,-0.038230805997422165,0.2324651175846103,-0.013368975688550642,0.26460528535255173,20
meps,abrupt_global_mag0.5,lr,kl_divergence,DI_star,-0.06278195488721802,0.22690721562897534,-0.022798831238269635,0.22127305932779007,20
meps,abrupt_global_mag0.5,lr,kl_divergence,AOD_star,0.0450375939849624,0.2446207871927988,0.09731805118685713,0.25164279572478576,20
meps,abrupt_global_mag0.5,lr,kl_divergence,BalAcc,-0.017063059190035524,0.2430523513823178,0.009827924914621745,0.24322786880335315,20
meps,abrupt_global_mag0.5,lr,per_subgroup_ewma[min_neg],DI_star,nan,nan,nan,nan,0
meps,abrupt_global_mag0.5,lr,per_subgroup_ewma[min_neg],AOD_star,nan,nan,nan,nan,0
meps,abrupt_global_mag0.5,lr,per_subgroup_ewma[min_neg],BalAcc,nan,nan,nan,nan,0
meps,abrupt_global_mag0.5,lr,per_subgroup_baseline_relative[min_neg],DI_star,nan,nan,nan,nan,0
meps,abrupt_global_mag0.5,lr,per_subgroup_baseline_relative[min_neg],AOD_star,nan,nan,nan,nan,0
meps,abrupt_global_mag0.5,lr,per_subgroup_baseline_relative[min_neg],BalAcc,nan,nan,nan,nan,0
meps,abrupt_global_mag0.5,lr,per_subgroup_ewma[min_pos],DI_star,0.010451127819548874,0.22647558867652873,-0.007767392118272276,0.1949461684567425,20
meps,abrupt_global_mag0.5,lr,per_subgroup_ewma[min_pos],AOD_star,0.1257142857142857,0.2652366447118581,0.13135469591640864,0.23318919124163154,20
meps,abrupt_global_mag0.5,lr,per_subgroup_ewma[min_pos],BalAcc,-0.011994701348144945,0.2287423686194509,0.0071526441698852375,0.23722443934553863,20
meps,abrupt_global_mag0.5,lr,per_subgroup_baseline_relative[min_pos],DI_star,0.01142857142857143,0.22612031625249143,0.017160861183995242,0.19980295125902722,20
meps,abrupt_global_mag0.5,lr,per_subgroup_baseline_relative[min_pos],AOD_star,0.060902255639097735,0.20916774316141895,0.13514837666588214,0.22780788151924614,20
meps,abrupt_global_mag0.5,lr,per_subgroup_baseline_relative[min_pos],BalAcc,0.023088419751856902,0.2633517910441762,-0.009012564048553988,0.2615451844260699,20
meps,abrupt_global_mag0.5,lr,per_subgroup_ewma[maj_neg],DI_star,-0.01938665635462833,0.21690085398773523,-0.0180867701632369,0.2059301014095113,19
meps,abrupt_global_mag0.5,lr,per_subgroup_ewma[maj_neg],AOD_star,0.0382390695953916,0.25411303164153015,0.053923862514319375,0.26991532833960613,19
meps,abrupt_global_mag0.5,lr,per_subgroup_ewma[maj_neg],BalAcc,-0.00276013067992341,0.22049164099797003,0.0050619080277548925,0.23331518299331147,19
meps,abrupt_global_mag0.5,lr,per_subgroup_baseline_relative[maj_neg],DI_star,-0.00041699607335341535,0.23161981552395497,0.009306678041671481,0.21533229895712264,19
meps,abrupt_global_mag0.5,lr,per_subgroup_baseline_relative[maj_neg],AOD_star,-0.02995110159517237,0.26069231431106177,0.030170779264677653,0.26742389368619124,19
meps,abrupt_global_mag0.5,lr,per_subgroup_baseline_relative[maj_neg],BalAcc,-0.0008722771150800378,0.22947905484490574,0.038489928997150036,0.20546138713529868,19
meps,abrupt_global_mag0.5,lr,per_subgroup_ewma[maj_pos],DI_star,-0.0034586466165413597,0.22239940612527576,0.00011607650428453048,0.19076020613786687,20
meps,abrupt_global_mag0.5,lr,per_subgroup_ewma[maj_pos],AOD_star,0.11654135338345868,0.2590552376340367,0.13466100959170488,0.2392740449780632,20
meps,abrupt_global_mag0.5,lr,per_subgroup_ewma[maj_pos],BalAcc,-0.005266042669310305,0.24654513907586145,0.010281161258301853,0.25195929693693553,20
meps,abrupt_global_mag0.5,lr,per_subgroup_baseline_relative[maj_pos],DI_star,0.019097744360902245,0.21413613035251014,0.015638757895440808,0.1903212276833883,20
meps,abrupt_global_mag0.5,lr,per_subgroup_baseline_relative[maj_pos],AOD_star,0.07195488721804512,0.2354458305075662,0.11477257582325902,0.2340583932583837,20
meps,abrupt_global_mag0.5,lr,per_subgroup_baseline_relative[maj_pos],BalAcc,0.0656042612645055,0.2842702707005486,-0.0012885932796574337,0.28487367361864935,20
meps,abrupt_global_mag0.5,xgb,global_mean,DI_star,-0.041886798056139325,0.23072802741704387,-0.1635862677779716,0.24356871945187633,20
meps,abrupt_global_mag0.5,xgb,global_mean,AOD_star,-0.13112781954887215,0.2441336595203142,-0.14691107090019437,0.2513590464441886,20
meps,abrupt_global_mag0.5,xgb,global_mean,BalAcc,0.05973515932009529,0.24873631802368346,-0.06160294202573269,0.2623683125583655,20
meps,abrupt_global_mag0.5,xgb,global_ewma,DI_star,-0.13466875294335737,0.2295244883099285,-0.181528653225076,0.2168066484840016,20
meps,abrupt_global_mag0.5,xgb,global_ewma,AOD_star,-0.13338345864661652,0.22823337684498718,-0.13116332927795235,0.21252427841441202,20
meps,abrupt_global_mag0.5,xgb,global_ewma,BalAcc,0.011202752979864053,0.21479436550910402,-0.04707355726219693,0.23974712545394572,20
meps,abrupt_global_mag0.5,xgb,global_std,DI_star,0.16699952344681918,0.19936038818542945,0.1911750464104301,0.23392671822405847,20
meps,abrupt_global_mag0.5,xgb,global_std,AOD_star,0.10781954887218044,0.2807970613353843,0.1262475383446442,0.24537311828504924,20
meps,abrupt_global_mag0.5,xgb,global_std,BalAcc,0.10986300149518222,0.21707515139434472,0.09125551395573843,0.25909342021404447,20
meps,abrupt_global_mag0.5,xgb,subgroup_violation_diff,DI_star,-0.1680158761586244,0.26530394625481085,-0.17889209671555778,0.2530359249282857,20
meps,abrupt_global_mag0.5,xgb,subgroup_violation_diff,AOD_star,-0.1599248120300752,0.25153192240352945,-0.14398121086763446,0.24974846362192657,20
meps,abrupt_global_mag0.5,xgb,subgroup_violation_diff,BalAcc,0.01696069919034753,0.2314708947725953,-0.06429467141900899,0.24804760807171664,20
meps,abrupt_global_mag0.5,xgb,max_subgroup_deviation,DI_star,-0.1616642886135603,0.2452010869394621,-0.1894533503531835,0.23500114763535931,20
meps,abrupt_global_mag0.5,xgb,max_subgroup_deviation,AOD_star,-0.15721804511278192,0.2574770176306002,-0.16312992148131883,0.23837620401943635,20
meps,abrupt_global_mag0.5,xgb,max_subgroup_deviation,BalAcc,0.06011732123252487,0.24570621934955716,-0.05832707373995041,0.26915557048659794,20
meps,abrupt_global_mag0.5,xgb,assignment_proportion_drift,DI_star,-0.1920730975911937,0.17908586138758623,-0.18894371211264235,0.2321801737878731,20
meps,abrupt_global_mag0.5,xgb,assignment_proportion_drift,AOD_star,-0.15990128829112177,0.23902257630687784,-0.1487849837789286,0.2453120102000121,20
meps,abrupt_global_mag0.5,xgb,assignment_proportion_drift,BalAcc,-0.09233836520252175,0.26548977720677086,-0.0821741108266538,0.2675469021036988,20
meps,abrupt_global_mag0.5,xgb,ks_statistic,DI_star,-0.12354271516701584,0.2577281584948788,-0.17894837445471284,0.24264566877560295,20
meps,abrupt_global_mag0.5,xgb,ks_statistic,AOD_star,-0.14593984962406012,0.26029048988776077,-0.1450985958365449,0.2502209316529175,20
meps,abrupt_global_mag0.5,xgb,ks_statistic,BalAcc,-0.09215381645802594,0.2632284750610582,-0.07608058327541055,0.26700752439380987,20
meps,abrupt_global_mag0.5,xgb,kl_divergence,DI_star,-0.11696098201138412,0.21076559225298644,-0.15927629479224487,0.24402884683735226,20
meps,abrupt_global_mag0.5,xgb,kl_divergence,AOD_star,-0.1362406015037594,0.28431926948583885,-0.12151744736498249,0.2709826263738158,20
meps,abrupt_global_mag0.5,xgb,kl_divergence,BalAcc,-0.005115355626320409,0.19823632455256399,-0.037206534546290394,0.22974376429272322,20
meps,abrupt_global_mag0.5,xgb,per_subgroup_ewma[min_neg],DI_star,nan,nan,nan,nan,0
meps,abrupt_global_mag0.5,xgb,per_subgroup_ewma[min_neg],AOD_star,nan,nan,nan,nan,0
meps,abrupt_global_mag0.5,xgb,per_subgroup_ewma[min_neg],BalAcc,nan,nan,nan,nan,0
meps,abrupt_global_mag0.5,xgb,per_subgroup_baseline_relative[min_neg],DI_star,nan,nan,nan,nan,0
meps,abrupt_global_mag0.5,xgb,per_subgroup_baseline_relative[min_neg],AOD_star,nan,nan,nan,nan,0
meps,abrupt_global_mag0.5,xgb,per_subgroup_baseline_relative[min_neg],BalAcc,nan,nan,nan,nan,0
meps,abrupt_global_mag0.5,xgb,per_subgroup_ewma[min_pos],DI_star,-0.1364735753246931,0.24520629085499682,-0.18555389885563797,0.21752981913675293,20
meps,abrupt_global_mag0.5,xgb,per_subgroup_ewma[min_pos],AOD_star,-0.12954887218045114,0.23175380323776265,-0.1339861814610876,0.21179487997512528,20
meps,abrupt_global_mag0.5,xgb,per_subgroup_ewma[min_pos],BalAcc,0.007820227642668329,0.20168135022535005,-0.046866190021903946,0.23902500737647464,20
meps,abrupt_global_mag0.5,xgb,per_subgroup_baseline_relative[min_pos],DI_star,-0.12726419443410192,0.2673568406784192,-0.17879730646344635,0.24846322438285556,20
meps,abrupt_global_mag0.5,xgb,per_subgroup_baseline_relative[min_pos],AOD_star,-0.15105263157894736,0.29041540987787356,-0.150701553319502,0.25205714995824446,20
meps,abrupt_global_mag0.5,xgb,per_subgroup_baseline_relative[min_pos],BalAcc,0.049592306419819605,0.22982471689411524,-0.06259114135608461,0.25679063781097616,20
meps,abrupt_global_mag0.5,xgb,per_subgroup_ewma[maj_neg],DI_star,-0.15654439228105577,0.2543744263452807,-0.17693958285697875,0.21768104791101503,19
meps,abrupt_global_mag0.5,xgb,per_subgroup_ewma[maj_neg],AOD_star,-0.1498386711079949,0.2273524496529519,-0.13068166672878379,0.22334586439982906,19
meps,abrupt_global_mag0.5,xgb,per_subgroup_ewma[maj_neg],BalAcc,-0.0023713416190456545,0.2713774948466125,-0.03941090816173111,0.28835621738410544,19
meps,abrupt_global_mag0.5,xgb,per_subgroup_baseline_relative[maj_neg],DI_star,-0.0211998494730177,0.25110967561594055,-0.060949223761993694,0.2330635443627672,19
meps,abrupt_global_mag0.5,xgb,per_subgroup_baseline_relative[maj_neg],AOD_star,0.016785118454150337,0.16334169747483449,-0.0442574453439022,0.20539770885208433,19
meps,abrupt_global_mag0.5,xgb,per_subgroup_baseline_relative[maj_neg],BalAcc,0.030046506538008742,0.23680793632834787,0.017270520730042233,0.2613434447437565,19
meps,abrupt_global_mag0.5,xgb,per_subgroup_ewma[maj_pos],DI_star,-0.14632288828170323,0.21977103585376906,-0.17845611606746178,0.2095458457612164,20
meps,abrupt_global_mag0.5,xgb,per_subgroup_ewma[maj_pos],AOD_star,-0.14165413533834587,0.21410312759344197,-0.12864698625506332,0.21321684517986472,20
meps,abrupt_global_mag0.5,xgb,per_subgroup_ewma[maj_pos],BalAcc,0.005260131709645077,0.21994593404617802,-0.04881643815228485,0.24125899447923316,20
meps,abrupt_global_mag0.5,xgb,per_subgroup_baseline_relative[maj_pos],DI_star,-0.07996963209252307,0.2104783876441777,-0.16536840861976781,0.2122258275770038,20
meps,abrupt_global_mag0.5,xgb,per_subgroup_baseline_relative[maj_pos],AOD_star,-0.15624060150375937,0.2416382269679333,-0.16235843018319554,0.23949747859571183,20
meps,abrupt_global_mag0.5,xgb,per_subgroup_baseline_relative[maj_pos],BalAcc,0.0028498743565018815,0.2597387943640454,-0.06482422419205057,0.2819643172542978,20
meps,abrupt_global_mag1.0,lr,global_mean,DI_star,0.019097885771420575,0.23521560397612565,-0.027298920261803784,0.20219161731603896,20
meps,abrupt_global_mag1.0,lr,global_mean,AOD_star,0.17563909774436087,0.21848314829157633,0.2247841677303153,0.21042327639496708,20
meps,abrupt_global_mag1.0,lr,global_mean,BalAcc,0.1039891764394606,0.21038112706588563,-0.0381221200261581,0.2905264213571675,20
meps,abrupt_global_mag1.0,lr,global_ewma,DI_star,-0.012329978604559321,0.21988440275536053,-0.019325682122687014,0.20282661673144484,20
meps,abrupt_global_mag1.0,lr,global_ewma,AOD_star,0.23383458646616537,0.26523285080817566,0.23581876677337346,0.22527944326079602,20
meps,abrupt_global_mag1.0,lr,global_ewma,BalAcc,0.0009429182323074173,0.22875221490553382,-0.007261735759059279,0.25529876716440936,20
meps,abrupt_global_mag1.0,lr,global_std,DI_star,0.0806757301377988,0.2524253526553347,0.046678608524008916,0.20560876720291704,20
meps,abrupt_global_mag1.0,lr,global_std,AOD_star,-0.18984962406015035,0.23090022352286035,-0.22458626247072103,0.20569374564237367,20
meps,abrupt_global_mag1.0,lr,global_std,BalAcc,0.047064671269944215,0.22955397012719417,0.0489067908058539,0.2890411012489505,20
meps,abrupt_global_mag1.0,lr,subgroup_violation_diff,DI_star,-0.029884234283176502,0.21999308490243383,-0.0203984381783181,0.20011049638832534,20
meps,abrupt_global_mag1.0,lr,subgroup_violation_diff,AOD_star,0.17526315789473684,0.23070407685619929,0.22186229781982333,0.19995490697449791,20
meps,abrupt_global_mag1.0,lr,subgroup_violation_diff,BalAcc,-0.05398193622092325,0.2737282672322999,-0.04333465129851768,0.2760135965338136,20
meps,abrupt_global_mag1.0,lr,max_subgroup_deviation,DI_star,-0.016086946127127733,0.21654379712206032,-0.026953592238934575,0.20013957457629375,20
meps,abrupt_global_mag1.0,lr,max_subgroup_deviation,AOD_star,0.1669715029539462,0.24167952958276276,0.21092577739986207,0.20129696945204886,20
meps,abrupt_global_mag1.0,lr,max_subgroup_deviation,BalAcc,0.018928164872666523,0.27693012106433257,-0.03559191206636184,0.299310807385268,20
meps,abrupt_global_mag1.0,lr,assignment_proportion_drift,DI_star,-0.07803514706642677,0.19577097838245033,-0.0441424829762617,0.191161833920182,20
meps,abrupt_global_mag1.0,lr,assignment_proportion_drift,AOD_star,0.20427189617313907,0.2515440733162218,0.23131211803159415,0.2043000346242734,20
meps,abrupt_global_mag1.0,lr,assignment_proportion_drift,BalAcc,-0.06009489723733221,0.24225425770574643,-0.05377701702790497,0.28343409546569676,20
meps,abrupt_global_mag1.0,lr,ks_statistic,DI_star,-0.00834832520467268,0.24985682642446036,-0.032894922809714365,0.20342580545820813,20
meps,abrupt_global_mag1.0,lr,ks_statistic,AOD_star,0.20225563909774436,0.2329597056000535,0.22491597442392183,0.20958611194731858,20
meps,abrupt_global_mag1.0,lr,ks_statistic,BalAcc,0.004925816044755176,0.2256612818140948,-0.04398459710862394,0.29088246041033367,20
meps,abrupt_global_mag1.0,lr,kl_divergence,DI_star,-0.04014522859698323,0.23553710876974773,-0.018551063180909162,0.19968107846201816,20
meps,abrupt_global_mag1.0,lr,kl_divergence,AOD_star,0.20857142857142855,0.225863009715333,0.2372658940510622,0.20765881129769592,20
meps,abrupt_global_mag1.0,lr,kl_divergence,BalAcc,-0.012291210912294981,0.2890249277918527,-0.03960243854635843,0.2905452977885906,20
meps,abrupt_global_mag1.0,lr,per_subgroup_ewma[min_neg],DI_star,nan,nan,nan,nan,0
meps,abrupt_global_mag1.0,lr,per_subgroup_ewma[min_neg],AOD_star,nan,nan,nan,nan,0
meps,abrupt_global_mag1.0,lr,per_subgroup_ewma[min_neg],BalAcc,nan,nan,nan,nan,0
meps,abrupt_global_mag1.0,lr,per_subgroup_baseline_relative[min_neg],DI_star,nan,nan,nan,nan,0
meps,abrupt_global_mag1.0,lr,per_subgroup_baseline_relative[min_neg],AOD_star,nan,nan,nan,nan,0
meps,abrupt_global_mag1.0,lr,per_subgroup_baseline_relative[min_neg],BalAcc,nan,nan,nan,nan,0
meps,abrupt_global_mag1.0,lr,per_subgroup_ewma[min_pos],DI_star,-0.007592033497253377,0.21837382391554486,-0.019833401262667995,0.2017493317205492,20
meps,abrupt_global_mag1.0,lr,per_subgroup_ewma[min_pos],AOD_star,0.23699248120300748,0.2697433364862258,0.23529298395106357,0.2245174688029137,20
meps,abrupt_global_mag1.0,lr,per_subgroup_ewma[min_pos],BalAcc,-0.004471124680144957,0.22113281822862843,-0.007265203380712082,0.253067994740105,20
meps,abrupt_global_mag1.0,lr,per_subgroup_baseline_relative[min_pos],DI_star,0.002857878191838056,0.22788685362405076,-0.02656915435100334,0.20414055573131082,20
meps,abrupt_global_mag1.0,lr,per_subgroup_baseline_relative[min_pos],AOD_star,0.17368421052631575,0.21106081450717176,0.22566905861814518,0.20995654570308464,20
meps,abrupt_global_mag1.0,lr,per_subgroup_baseline_relative[min_pos],BalAcc,0.027859985208560832,0.2710951103302586,-0.039725112569985156,0.28743199983198714,20
meps,abrupt_global_mag1.0,lr,per_subgroup_ewma[maj_neg],DI_star,-0.03670222696842412,0.24293924951296128,-0.05292410343081962,0.24606636977768592,19
meps,abrupt_global_mag1.0,lr,per_subgroup_ewma[maj_neg],AOD_star,0.1249570484639098,0.30276516476679716,0.14310439354448964,0.324146160720902,19
meps,abrupt_global_mag1.0,lr,per_subgroup_ewma[maj_neg],BalAcc,0.0676231701463888,0.23679753266163736,0.06362083922591465,0.25025179418417326,19
meps,abrupt_global_mag1.0,lr,per_subgroup_baseline_relative[maj_neg],DI_star,0.05457305111806301,0.24047661880190596,0.03361740480354625,0.20187146886686097,19
meps,abrupt_global_mag1.0,lr,per_subgroup_baseline_relative[maj_neg],AOD_star,0.015280683170932627,0.3432658081549662,0.10336339016552742,0.2896828224065114,19
meps,abrupt_global_mag1.0,lr,per_subgroup_baseline_relative[maj_neg],BalAcc,0.054681231662711015,0.21855427506389952,0.058622094156975876,0.2466401464445016,19
meps,abrupt_global_mag1.0,lr,per_subgroup_ewma[maj_pos],DI_star,-0.019923963566965342,0.22065452521155715,-0.0186363241890843,0.20348314537709764,20
meps,abrupt_global_mag1.0,lr,per_subgroup_ewma[maj_pos],AOD_star,0.23225563909774433,0.2586879119857826,0.23599302032446481,0.22754658477953577,20
meps,abrupt_global_mag1.0,lr,per_subgroup_ewma[maj_pos],BalAcc,-0.0016134727451361964,0.2348596065379083,-0.006840877823720931,0.25805420439603594,20
meps,abrupt_global_mag1.0,lr,per_subgroup_baseline_relative[maj_pos],DI_star,-0.03763411019564611,0.23118279262592112,-0.033010830763120384,0.19951607964794277,20
meps,abrupt_global_mag1.0,lr,per_subgroup_baseline_relative[maj_pos],AOD_star,0.1752631578947368,0.24774520519668564,0.2186860115846257,0.21064483004391457,20
meps,abrupt_global_mag1.0,lr,per_subgroup_baseline_relative[maj_pos],BalAcc,0.061391783483563375,0.21914071994109302,-0.03634636700182179,0.2946298693555726,20
meps,abrupt_global_mag1.0,xgb,global_mean,DI_star,0.24887218045112774,0.3751683813651757,0.3680753621223874,0.6554702548891328,20
meps,abrupt_global_mag1.0,xgb,global_mean,AOD_star,-0.15007518796992478,0.3640497462743948,-0.2925694555620554,0.4632232081577287,20
meps,abrupt_global_mag1.0,xgb,global_mean,BalAcc,-0.38676691729323304,0.20628191922599284,-0.6907250919519369,0.26599107884937373,20
meps,abrupt_global_mag1.0,xgb,global_ewma,DI_star,0.19706766917293234,0.42345888024386924,0.30101675128426125,0.5605190206028954,20
meps,abrupt_global_mag1.0,xgb,global_ewma,AOD_star,-0.2133834586466165,0.3797833302272236,-0.2515188814598393,0.415701112467513,20
meps,abrupt_global_mag1.0,xgb,global_ewma,BalAcc,-0.4330827067669173,0.14664160186828376,-0.5682650921997582,0.21409358569160386,20
meps,abrupt_global_mag1.0,xgb,global_std,DI_star,-0.2056390977443609,0.5134608156015743,-0.35770850846642727,0.6661057992601898,20
meps,abrupt_global_mag1.0,xgb,global_std,AOD_star,0.19481203007518794,0.4215916193077353,0.2848277416608957,0.46887080884044147,20
meps,abrupt_global_mag1.0,xgb,global_std,BalAcc,0.49142857142857127,0.1956388087819264,0.6925688673219813,0.2656865072437163,20
meps,abrupt_global_mag1.0,xgb,subgroup_violation_diff,DI_star,0.1952631578947368,0.41641111804596576,0.3437161619740408,0.6382146215049113,20
meps,abrupt_global_mag1.0,xgb,subgroup_violation_diff,AOD_star,-0.23443609022556391,0.3581593449059933,-0.29281232751601294,0.45790506536811715,20
meps,abrupt_global_mag1.0,xgb,subgroup_violation_diff,BalAcc,-0.47669172932330817,0.176959323843678,-0.6780401076719043,0.2469632218001917,20
meps,abrupt_global_mag1.0,xgb,max_subgroup_deviation,DI_star,0.23670499362992542,0.44558251743243793,0.35924953350575417,0.6541358975641007,20
meps,abrupt_global_mag1.0,xgb,max_subgroup_deviation,AOD_star,-0.17329639926500934,0.3647838950003233,-0.29115984373286574,0.4582195988455329,20
meps,abrupt_global_mag1.0,xgb,max_subgroup_deviation,BalAcc,-0.4178658466758741,0.22083418299873575,-0.675279733617127,0.27400735024982265,20
meps,abrupt_global_mag1.0,xgb,assignment_proportion_drift,DI_star,0.19981334315295393,0.49854432459932907,0.3581821015393978,0.6580653504506911,20
meps,abrupt_global_mag1.0,xgb,assignment_proportion_drift,AOD_star,-0.2166009185993596,0.40553673720531486,-0.28959302772471723,0.47109412165917125,20
meps,abrupt_global_mag1.0,xgb,assignment_proportion_drift,BalAcc,-0.4957863305326703,0.17189652116181392,-0.6870545639438635,0.2600909859182511,20
meps,abrupt_global_mag1.0,xgb,ks_statistic,DI_star,0.1493984962406015,0.33502000298037404,0.3642644825243621,0.6574144713557665,20
meps,abrupt_global_mag1.0,xgb,ks_statistic,AOD_star,-0.21992481203007513,0.3260814358902828,-0.29492524359935557,0.46206560832014937,20
meps,abrupt_global_mag1.0,xgb,ks_statistic,BalAcc,-0.4184210526315789,0.16968102480264774,-0.6929371941842035,0.26514081619649543,20
meps,abrupt_global_mag1.0,xgb,kl_divergence,DI_star,0.1564661654135338,0.3963182001601329,0.34493669818156136,0.6435048778313102,20
meps,abrupt_global_mag1.0,xgb,kl_divergence,AOD_star,-0.20360902255639096,0.3726455360976705,-0.2805035783267468,0.4623503814916141,20
meps,abrupt_global_mag1.0,xgb,kl_divergence,BalAcc,-0.4175187969924812,0.20835359767275557,-0.6670273538217528,0.2664728438103422,20
meps,abrupt_global_mag1.0,xgb,per_subgroup_ewma[min_neg],DI_star,nan,nan,nan,nan,0
meps,abrupt_global_mag1.0,xgb,per_subgroup_ewma[min_neg],AOD_star,nan,nan,nan,nan,0
meps,abrupt_global_mag1.0,xgb,per_subgroup_ewma[min_neg],BalAcc,nan,nan,nan,nan,0
meps,abrupt_global_mag1.0,xgb,per_subgroup_baseline_relative[min_neg],DI_star,nan,nan,nan,nan,0
meps,abrupt_global_mag1.0,xgb,per_subgroup_baseline_relative[min_neg],AOD_star,nan,nan,nan,nan,0
meps,abrupt_global_mag1.0,xgb,per_subgroup_baseline_relative[min_neg],BalAcc,nan,nan,nan,nan,0
meps,abrupt_global_mag1.0,xgb,per_subgroup_ewma[min_pos],DI_star,0.1950375939849624,0.423172189294233,0.30164909481312163,0.5598192825314746,20
meps,abrupt_global_mag1.0,xgb,per_subgroup_ewma[min_pos],AOD_star,-0.2118796992481203,0.3768076900438211,-0.25158396086528534,0.4152023357138001,20
meps,abrupt_global_mag1.0,xgb,per_subgroup_ewma[min_pos],BalAcc,-0.4330827067669173,0.1407538075827097,-0.567818787920225,0.21434608810571168,20
meps,abrupt_global_mag1.0,xgb,per_subgroup_baseline_relative[min_pos],DI_star,0.21248120300751872,0.3825583120488956,0.36497453901634624,0.655281727700779,20
meps,abrupt_global_mag1.0,xgb,per_subgroup_baseline_relative[min_pos],AOD_star,-0.19902255639097738,0.36360089886880864,-0.29415404424956365,0.4643136910376993,20
meps,abrupt_global_mag1.0,xgb,per_subgroup_baseline_relative[min_pos],BalAcc,-0.43578947368421045,0.18261274229061672,-0.6896571589715472,0.2635929303969194,20
meps,abrupt_global_mag1.0,xgb,per_subgroup_ewma[maj_neg],DI_star,0.11457005369117523,0.3930852898132319,0.18018367670424326,0.4626301400429516,19
meps,abrupt_global_mag1.0,xgb,per_subgroup_ewma[maj_neg],AOD_star,-0.21681032457489025,0.3335516206236631,-0.21237894770909913,0.3429501214331379,19
meps,abrupt_global_mag1.0,xgb,per_subgroup_ewma[maj_neg],BalAcc,-0.3237732297680804,0.22353425535532742,-0.3802671339003771,0.24722471426651915,19
meps,abrupt_global_mag1.0,xgb,per_subgroup_baseline_relative[maj_neg],DI_star,-0.034261042593283886,0.36943856936061736,0.10203177244912204,0.3925825221730003,19
meps,abrupt_global_mag1.0,xgb,per_subgroup_baseline_relative[maj_neg],AOD_star,-0.0458173850818183,0.31048074655264124,-0.1296051938509935,0.28556514184638704,19
meps,abrupt_global_mag1.0,xgb,per_subgroup_baseline_relative[maj_neg],BalAcc,0.01976899098071255,0.3299552734438984,-0.23035226005149612,0.27591347580791403,19
meps,abrupt_global_mag1.0,xgb,per_subgroup_ewma[maj_pos],DI_star,0.19075187969924812,0.4308564004763311,0.2989287329593144,0.5615561303324812,20
meps,abrupt_global_mag1.0,xgb,per_subgroup_ewma[maj_pos],AOD_star,-0.2139097744360902,0.3833887228005649,-0.25150336250307587,0.4166263137840663,20
meps,abrupt_global_mag1.0,xgb,per_subgroup_ewma[maj_pos],BalAcc,-0.43503759398496245,0.14291656856604715,-0.5675538063038903,0.21365492868195085,20
meps,abrupt_global_mag1.0,xgb,per_subgroup_baseline_relative[maj_pos],DI_star,0.23368421052631577,0.42113543761475325,0.3636499461901965,0.658161298036434,20
meps,abrupt_global_mag1.0,xgb,per_subgroup_baseline_relative[maj_pos],AOD_star,-0.14977443609022553,0.4013154355442083,-0.2917836154831337,0.46566668547171763,20
meps,abrupt_global_mag1.0,xgb,per_subgroup_baseline_relative[maj_pos],BalAcc,-0.4021804511278195,0.20872888711954518,-0.6869452156461647,0.2661796411649896,20
meps,abrupt_global_mag2.0,lr,global_mean,DI_star,-0.009849624060150374,0.26638344368499745,-0.08990014719358654,0.22508687053601759,20
meps,abrupt_global_mag2.0,lr,global_mean,AOD_star,0.29383458646616545,0.19622729191750649,0.35101721986007417,0.20461210680015138,20
meps,abrupt_global_mag2.0,lr,global_mean,BalAcc,-0.07338345864661654,0.24185182644100922,-0.20063101161650554,0.2770814014816227,20
meps,abrupt_global_mag2.0,lr,global_ewma,DI_star,-0.08669172932330826,0.23052257597916004,-0.08540043238025984,0.22760548681139053,20
meps,abrupt_global_mag2.0,lr,global_ewma,AOD_star,0.30714285714285705,0.23260580607752143,0.32622047652525954,0.22712569196929389,20
meps,abrupt_global_mag2.0,lr,global_ewma,BalAcc,-0.15578947368421053,0.24465033177585296,-0.15625763406187337,0.24647609089421876,20
meps,abrupt_global_mag2.0,lr,global_std,DI_star,0.059398496240601506,0.23151961938996413,0.09896705931389081,0.23037153366073337,20
meps,abrupt_global_mag2.0,lr,global_std,AOD_star,-0.30511278195488717,0.11011575323863573,-0.3534991075822404,0.18278209802237969,20
meps,abrupt_global_mag2.0,lr,global_std,BalAcc,0.22097744360902252,0.2914716616575915,0.20808726208251344,0.28075776671745856,20
meps,abrupt_global_mag2.0,lr,subgroup_violation_diff,DI_star,0.005488721804511276,0.23881492470689966,0.03858716006586892,0.2301331783708419,20
meps,abrupt_global_mag2.0,lr,subgroup_violation_diff,AOD_star,0.1900751879699248,0.3247905868722504,0.19383218348459333,0.3313468498064533,20
meps,abrupt_global_mag2.0,lr,subgroup_violation_diff,BalAcc,-0.018796992481203013,0.27776007380721707,-0.04321964446813346,0.24405819690573466,20
meps,abrupt_global_mag2.0,lr,max_subgroup_deviation,DI_star,-0.03729323308270677,0.18245664986571286,-0.09071133655713759,0.2193995078011033,20
meps,abrupt_global_mag2.0,lr,max_subgroup_deviation,AOD_star,0.25413533834586466,0.18465038784176643,0.3453775470318224,0.20047520729179116,20
meps,abrupt_global_mag2.0,lr,max_subgroup_deviation,BalAcc,-0.15699248120300752,0.2556693480554098,-0.20366327362996092,0.2765994888066429,20
meps,abrupt_global_mag2.0,lr,assignment_proportion_drift,DI_star,-0.04498675947243315,0.26649932209632143,-0.09093708349665898,0.2281521168741689,20
meps,abrupt_global_mag2.0,lr,assignment_proportion_drift,AOD_star,0.29030827533687004,0.17998419368179988,0.3494831538486468,0.19522312392508256,20
meps,abrupt_global_mag2.0,lr,assignment_proportion_drift,BalAcc,-0.17543565079363985,0.23538664895317069,-0.20206532898170998,0.27445091149092316,20
meps,abrupt_global_mag2.0,lr,ks_statistic,DI_star,-0.04131935103779581,0.2472490239629742,-0.09441092138836482,0.22550457937360552,20
meps,abrupt_global_mag2.0,lr,ks_statistic,AOD_star,0.28251136839297997,0.20081241357828314,0.3497519712817152,0.203404238101283,20
meps,abrupt_global_mag2.0,lr,ks_statistic,BalAcc,-0.15388240239859755,0.2580356448954845,-0.2028209260347162,0.2778589097731448,20
meps,abrupt_global_mag2.0,lr,kl_divergence,DI_star,-0.08120300751879699,0.2021312192426653,-0.09103251451120106,0.21646154069570872,20
meps,abrupt_global_mag2.0,lr,kl_divergence,AOD_star,0.26639097744360896,0.17460341663552034,0.34196598371773607,0.19154547487527698,20
meps,abrupt_global_mag2.0,lr,kl_divergence,BalAcc,-0.22105263157894733,0.2649020610107662,-0.21347268485963497,0.2762442784654097,20
meps,abrupt_global_mag2.0,lr,per_subgroup_ewma[min_neg],DI_star,nan,nan,nan,nan,0
meps,abrupt_global_mag2.0,lr,per_subgroup_ewma[min_neg],AOD_star,nan,nan,nan,nan,0
meps,abrupt_global_mag2.0,lr,per_subgroup_ewma[min_neg],BalAcc,nan,nan,nan,nan,0
meps,abrupt_global_mag2.0,lr,per_subgroup_baseline_relative[min_neg],DI_star,nan,nan,nan,nan,0
meps,abrupt_global_mag2.0,lr,per_subgroup_baseline_relative[min_neg],AOD_star,nan,nan,nan,nan,0
meps,abrupt_global_mag2.0,lr,per_subgroup_baseline_relative[min_neg],BalAcc,nan,nan,nan,nan,0
meps,abrupt_global_mag2.0,lr,per_subgroup_ewma[min_pos],DI_star,-0.08804511278195488,0.23240866642613273,-0.08539668416365438,0.22830800253165462,20
meps,abrupt_global_mag2.0,lr,per_subgroup_ewma[min_pos],AOD_star,0.31,0.23806951318619446,0.32642206803116447,0.22759987687336378,20
meps,abrupt_global_mag2.0,lr,per_subgroup_ewma[min_pos],BalAcc,-0.16007518796992484,0.23881691314800163,-0.15598130921315928,0.24512925823637968,20
meps,abrupt_global_mag2.0,lr,per_subgroup_baseline_relative[min_pos],DI_star,-0.029323308270676696,0.31752245577505234,-0.08835581253682749,0.231477432660131,20
meps,abrupt_global_mag2.0,lr,per_subgroup_baseline_relative[min_pos],AOD_star,0.3085714285714286,0.20540582774875887,0.3534536348876408,0.2075198637738541,20
meps,abrupt_global_mag2.0,lr,per_subgroup_baseline_relative[min_pos],BalAcc,-0.08052631578947368,0.2618076962747793,-0.1996618290215481,0.27434744481431733,20
meps,abrupt_global_mag2.0,lr,per_subgroup_ewma[maj_neg],DI_star,-0.03674450756804232,0.20430895577332125,-0.051363478423840224,0.18004723092797004,18
meps,abrupt_global_mag2.0,lr,per_subgroup_ewma[maj_neg],AOD_star,0.20625994625459543,0.2521301540576761,0.23551630722091443,0.24427021314542746,18
meps,abrupt_global_mag2.0,lr,per_subgroup_ewma[maj_neg],BalAcc,-0.1317104753167649,0.23510578558323503,-0.09924360077130417,0.24884090576350887,18
meps,abrupt_global_mag2.0,lr,per_subgroup_baseline_relative[maj_neg],DI_star,0.010877451024870553,0.22441656334907847,-0.027435187039129616,0.19068945972040036,18
meps,abrupt_global_mag2.0,lr,per_subgroup_baseline_relative[maj_neg],AOD_star,0.03264511012576351,0.30896215808538074,0.17187399797554337,0.2831377691303388,18
meps,abrupt_global_mag2.0,lr,per_subgroup_baseline_relative[maj_neg],BalAcc,-0.033689398432032606,0.22798082718277754,-0.032667258180477915,0.26693115636094444,18
meps,abrupt_global_mag2.0,lr,per_subgroup_ewma[maj_pos],DI_star,-0.09075187969924813,0.23356548352711906,-0.08604125385628983,0.22683696929503122,20
meps,abrupt_global_mag2.0,lr,per_subgroup_ewma[maj_pos],AOD_star,0.3047368421052632,0.23016720112014102,0.32578142851881664,0.2259289097959617,20
meps,abrupt_global_mag2.0,lr,per_subgroup_ewma[maj_pos],BalAcc,-0.1561654135338346,0.25236437489266206,-0.1570490615905888,0.246854013992623,20
meps,abrupt_global_mag2.0,lr,per_subgroup_baseline_relative[maj_pos],DI_star,-0.03699248120300752,0.18235921025496432,-0.09084644513402128,0.2198152814412749,20
meps,abrupt_global_mag2.0,lr,per_subgroup_baseline_relative[maj_pos],AOD_star,0.25571428571428567,0.1840797295350873,0.3464330409877186,0.20069651987003015,20
meps,abrupt_global_mag2.0,lr,per_subgroup_baseline_relative[maj_pos],BalAcc,-0.15804511278195488,0.25918107920213435,-0.20328442720821127,0.277177817290666,20
meps,abrupt_global_mag2.0,xgb,global_mean,DI_star,-0.32443609022556386,0.2514436243110612,-0.5333194910537947,0.273412206651859,20
meps,abrupt_global_mag2.0,xgb,global_mean,AOD_star,-0.3844360902255638,0.22464941185152731,-0.5764374718641047,0.25279447453616605,20
meps,abrupt_global_mag2.0,xgb,global_mean,BalAcc,-0.04181047880206804,0.26686755352179214,-0.15737817664272244,0.3047783563343425,20
meps,abrupt_global_mag2.0,xgb,global_ewma,DI_star,-0.38999999999999996,0.23456924700636464,-0.48062903930528644,0.22484069222022285,20
meps,abrupt_global_mag2.0,xgb,global_ewma,AOD_star,-0.4129323308270677,0.22134572150845336,-0.5027245815106217,0.215147443162786,20
meps,abrupt_global_mag2.0,xgb,global_ewma,BalAcc,-0.08219012360727175,0.2788825348154789,-0.11307337960361359,0.28490922603427166,20
meps,abrupt_global_mag2.0,xgb,global_std,DI_star,0.36571428571428566,0.2554982362909955,0.5312308810162929,0.2762658585985682,20
meps,abrupt_global_mag2.0,xgb,global_std,AOD_star,0.42714285714285716,0.22208621081890248,0.5675423632295465,0.24604642344027702,20
meps,abrupt_global_mag2.0,xgb,global_std,BalAcc,0.1522996389791861,0.214222886834389,0.16501380504575272,0.28970852413922554,20
meps,abrupt_global_mag2.0,xgb,subgroup_violation_diff,DI_star,-0.09451127819548873,0.35888007250198484,-0.11969116599563981,0.41289940041678086,20
meps,abrupt_global_mag2.0,xgb,subgroup_violation_diff,AOD_star,-0.0756390977443609,0.37072750494344175,-0.12022221590146072,0.41749618858957266,20
meps,abrupt_global_mag2.0,xgb,subgroup_violation_diff,BalAcc,0.012101954151766334,0.32118291517807235,-0.02791001696797272,0.27482628133386156,20
meps,abrupt_global_mag2.0,xgb,max_subgroup_deviation,DI_star,-0.3522556390977444,0.21527768026458963,-0.5343969982224972,0.26648873043454613,20
meps,abrupt_global_mag2.0,xgb,max_subgroup_deviation,AOD_star,-0.40736842105263155,0.1810153459971295,-0.5770723451704896,0.24591462701043096,20
meps,abrupt_global_mag2.0,xgb,max_subgroup_deviation,BalAcc,-0.0874905502427789,0.24566791912576774,-0.15921743019138437,0.3005804114429422,20
meps,abrupt_global_mag2.0,xgb,assignment_proportion_drift,DI_star,-0.35937387823367783,0.20839189463210117,-0.5309969439681488,0.270283625072535,20
meps,abrupt_global_mag2.0,xgb,assignment_proportion_drift,AOD_star,-0.39854787180657925,0.20462637425497404,-0.5692743079332058,0.250299259399501,20
meps,abrupt_global_mag2.0,xgb,assignment_proportion_drift,BalAcc,-0.12325893490603598,0.2517158815282628,-0.15794305792381563,0.2979279594657833,20
meps,abrupt_global_mag2.0,xgb,ks_statistic,DI_star,-0.33794634055289585,0.2519521287665114,-0.5351517224587539,0.2731569281961733,20
meps,abrupt_global_mag2.0,xgb,ks_statistic,AOD_star,-0.41510674500491646,0.2245544872254903,-0.5769963255471855,0.25113397965532375,20
meps,abrupt_global_mag2.0,xgb,ks_statistic,BalAcc,-0.1204320374201245,0.24949884942697548,-0.1600560169803863,0.30373535026392234,20
meps,abrupt_global_mag2.0,xgb,kl_divergence,DI_star,-0.3521804511278195,0.19106421567885012,-0.5234438942479218,0.2624503932422774,20
meps,abrupt_global_mag2.0,xgb,kl_divergence,AOD_star,-0.4076691729323308,0.14991123685722146,-0.5701172141367338,0.22959841333684924,20
meps,abrupt_global_mag2.0,xgb,kl_divergence,BalAcc,-0.16366354338039474,0.3512502016681641,-0.17512347608299444,0.31409139145283116,20
meps,abrupt_global_mag2.0,xgb,per_subgroup_ewma[min_neg],DI_star,nan,nan,nan,nan,0
meps,abrupt_global_mag2.0,xgb,per_subgroup_ewma[min_neg],AOD_star,nan,nan,nan,nan,0
meps,abrupt_global_mag2.0,xgb,per_subgroup_ewma[min_neg],BalAcc,nan,nan,nan,nan,0
meps,abrupt_global_mag2.0,xgb,per_subgroup_baseline_relative[min_neg],DI_star,nan,nan,nan,nan,0
meps,abrupt_global_mag2.0,xgb,per_subgroup_baseline_relative[min_neg],AOD_star,nan,nan,nan,nan,0
meps,abrupt_global_mag2.0,xgb,per_subgroup_baseline_relative[min_neg],BalAcc,nan,nan,nan,nan,0
meps,abrupt_global_mag2.0,xgb,per_subgroup_ewma[min_pos],DI_star,-0.38962406015037593,0.24087808351220558,-0.48103716489054893,0.22544543294936495,20
meps,abrupt_global_mag2.0,xgb,per_subgroup_ewma[min_pos],AOD_star,-0.4116541353383457,0.2185821103302225,-0.5027157746095129,0.2159008733109408,20
meps,abrupt_global_mag2.0,xgb,per_subgroup_ewma[min_pos],BalAcc,-0.08166397751042005,0.264387291851282,-0.11238533821487642,0.2841352885080333,20
meps,abrupt_global_mag2.0,xgb,per_subgroup_baseline_relative[min_pos],DI_star,-0.32706766917293234,0.24362967516651643,-0.5344640274602319,0.2747251392746682,20
meps,abrupt_global_mag2.0,xgb,per_subgroup_baseline_relative[min_pos],AOD_star,-0.37263157894736837,0.24216951466110367,-0.5757106917907874,0.2546587835001843,20
meps,abrupt_global_mag2.0,xgb,per_subgroup_baseline_relative[min_pos],BalAcc,-0.041849614161679996,0.3042715237793909,-0.15459185423236965,0.3033167872416312,20
meps,abrupt_global_mag2.0,xgb,per_subgroup_ewma[maj_neg],DI_star,-0.2380711298122973,0.25268365136618404,-0.32486962858310525,0.2253283898184296,18
meps,abrupt_global_mag2.0,xgb,per_subgroup_ewma[maj_neg],AOD_star,-0.2884837024144353,0.2116138203930208,-0.3521479199508604,0.19896800142804566,18
meps,abrupt_global_mag2.0,xgb,per_subgroup_ewma[maj_neg],BalAcc,-0.08388435005846911,0.2719205748611799,-0.08165673006373722,0.2759875589328523,18
meps,abrupt_global_mag2.0,xgb,per_subgroup_baseline_relative[maj_neg],DI_star,-0.037842035348236686,0.34906231646261426,-0.24844162464817277,0.2789063204062462,18
meps,abrupt_global_mag2.0,xgb,per_subgroup_baseline_relative[maj_neg],AOD_star,-0.0618552899308393,0.26814227053581513,-0.2769780003887332,0.2227571669145137,18
meps,abrupt_global_mag2.0,xgb,per_subgroup_baseline_relative[maj_neg],BalAcc,-0.033288894164453006,0.21219213167680614,-0.032842187821376746,0.23977743690226874,18
meps,abrupt_global_mag2.0,xgb,per_subgroup_ewma[maj_pos],DI_star,-0.3960902255639097,0.22225970877468915,-0.48191515463536394,0.22468006569251334,20
meps,abrupt_global_mag2.0,xgb,per_subgroup_ewma[maj_pos],AOD_star,-0.41428571428571426,0.21204420578946945,-0.5045065833044122,0.21458782142959026,20
meps,abrupt_global_mag2.0,xgb,per_subgroup_ewma[maj_pos],BalAcc,-0.08365825462701007,0.28178556046956954,-0.11372858615246009,0.2843906589475273,20
meps,abrupt_global_mag2.0,xgb,per_subgroup_baseline_relative[maj_pos],DI_star,-0.35142857142857137,0.2154883020527002,-0.5335633697976522,0.26691958059900034,20
meps,abrupt_global_mag2.0,xgb,per_subgroup_baseline_relative[maj_pos],AOD_star,-0.4069172932330827,0.18360058603834345,-0.5756929559091176,0.24697335491883946,20
meps,abrupt_global_mag2.0,xgb,per_subgroup_baseline_relative[maj_pos],BalAcc,-0.088242429942027,0.24789715760041253,-0.15847673936054313,0.30048395743851675,20
meps,variance_group_mag1.5,lr,global_mean,DI_star,-0.0030827067669172876,0.18799066051041727,-0.006898971628134623,0.19080238257204,20
meps,variance_group_mag1.5,lr,global_mean,AOD_star,0.031052631578947366,0.2648710189493977,0.029900442206349697,0.24131444590192513,20
meps,variance_group_mag1.5,lr,global_mean,BalAcc,0.08857142857142856,0.23347185559474465,0.07280512588818984,0.23627101276782028,20
meps,variance_group_mag1.5,lr,global_ewma,DI_star,-0.019248120300751882,0.1529424590579405,-0.010287050570187323,0.17619636718177856,20
meps,variance_group_mag1.5,lr,global_ewma,AOD_star,0.041804511278195476,0.24155431637781855,0.04030603465835371,0.2510148091869932,20
meps,variance_group_mag1.5,lr,global_ewma,BalAcc,0.06706766917293233,0.2063470240939336,0.04304069980916184,0.21405635053619065,20
meps,variance_group_mag1.5,lr,global_std,DI_star,0.20631578947368417,0.17043545602904914,0.20385060194504057,0.1706023531724889,20
meps,variance_group_mag1.5,lr,global_std,AOD_star,0.05451127819548873,0.20925279416835066,0.05940154815198945,0.21290111967523961,20
meps,variance_group_mag1.5,lr,global_std,BalAcc,0.02458646616541354,0.19739056087781598,0.031326551572625115,0.22390206774864754,20
meps,variance_group_mag1.5,lr,subgroup_violation_diff,DI_star,-0.004812030075187971,0.19286064573465142,0.012902754593807002,0.20171038107278905,20
meps,variance_group_mag1.5,lr,subgroup_violation_diff,AOD_star,-0.021203007518796987,0.20941214301989663,0.0023318429313359435,0.21469355773901613,20
meps,variance_group_mag1.5,lr,subgroup_violation_diff,BalAcc,0.06609022556390975,0.19441839727837992,0.07909319896836216,0.18289376126077733,20
meps,variance_group_mag1.5,lr,max_subgroup_deviation,DI_star,0.049172932330827035,0.21181618817919456,0.02549900484217088,0.22762301666088863,20
meps,variance_group_mag1.5,lr,max_subgroup_deviation,AOD_star,-0.010150375939849628,0.2056100926610404,-0.042956215328244465,0.23520204186071472,20
meps,variance_group_mag1.5,lr,max_subgroup_deviation,BalAcc,0.04609022556390977,0.22294026789811514,0.05795102120144983,0.1951660875729312,20
meps,variance_group_mag1.5,lr,assignment_proportion_drift,DI_star,-0.09208085355113088,0.25552627140028744,0.007624476378095773,0.2073915841518812,20
meps,variance_group_mag1.5,lr,assignment_proportion_drift,AOD_star,-0.04371298437589906,0.25798206261344747,0.028004278276801697,0.227679152445242,20
meps,variance_group_mag1.5,lr,assignment_proportion_drift,BalAcc,0.061318396717768474,0.21611535092247502,0.05984203988605093,0.23386794195358812,20
meps,variance_group_mag1.5,lr,ks_statistic,DI_star,-0.07150375939849625,0.20771347248727517,0.00128358184506073,0.18913077939595815,20
meps,variance_group_mag1.5,lr,ks_statistic,AOD_star,-0.06654135338345865,0.262026299581217,0.01115553827327265,0.2300078678674573,20
meps,variance_group_mag1.5,lr,ks_statistic,BalAcc,0.011954887218045109,0.22863150921897207,0.0384717296387526,0.22329686481926406,20
meps,variance_group_mag1.5,lr,kl_divergence,DI_star,-0.04225563909774435,0.1807409326999185,-0.023111557928971165,0.1797509668697014,20
meps,variance_group_mag1.5,lr,kl_divergence,AOD_star,-0.0002255639097744483,0.2586213814407526,0.007400970674567001,0.2484105594608987,20
meps,variance_group_mag1.5,lr,kl_divergence,BalAcc,0.04150375939849625,0.230220309040671,0.04290211999803782,0.22317130470725455,20
meps,variance_group_mag1.5,lr,per_subgroup_ewma[min_neg],DI_star,nan,nan,nan,nan,0
meps,variance_group_mag1.5,lr,per_subgroup_ewma[min_neg],AOD_star,nan,nan,nan,nan,0
meps,variance_group_mag1.5,lr,per_subgroup_ewma[min_neg],BalAcc,nan,nan,nan,nan,0
meps,variance_group_mag1.5,lr,per_subgroup_baseline_relative[min_neg],DI_star,nan,nan,nan,nan,0
meps,variance_group_mag1.5,lr,per_subgroup_baseline_relative[min_neg],AOD_star,nan,nan,nan,nan,0
meps,variance_group_mag1.5,lr,per_subgroup_baseline_relative[min_neg],BalAcc,nan,nan,nan,nan,0
meps,variance_group_mag1.5,lr,per_subgroup_ewma[min_pos],DI_star,-0.03240601503759398,0.17235764268003873,-0.01799480051212869,0.1738495497920045,20
meps,variance_group_mag1.5,lr,per_subgroup_ewma[min_pos],AOD_star,0.035413533834586466,0.23135106207646314,0.027036996958159233,0.2317126044872298,20
meps,variance_group_mag1.5,lr,per_subgroup_ewma[min_pos],BalAcc,0.07977443609022557,0.22027558941725706,0.07316438778095304,0.23783625998684313,20
meps,variance_group_mag1.5,lr,per_subgroup_baseline_relative[min_pos],DI_star,-0.031203007518796993,0.2205087037205789,0.0014885616749444205,0.22484192071282508,20
meps,variance_group_mag1.5,lr,per_subgroup_baseline_relative[min_pos],AOD_star,-0.009699248120300756,0.2283291528615423,0.0010045963527741634,0.24441987307913263,20
meps,variance_group_mag1.5,lr,per_subgroup_baseline_relative[min_pos],BalAcc,0.12879699248120302,0.2076747125948237,0.11673062576371111,0.191495590278479,20
meps,variance_group_mag1.5,lr,per_subgroup_ewma[maj_neg],DI_star,0.03528259574329964,0.22612363954890033,0.03359016596571662,0.22188107920504632,20
meps,variance_group_mag1.5,lr,per_subgroup_ewma[maj_neg],AOD_star,-0.009504790780370958,0.28167277523342904,0.0031218091543029,0.30605135348477047,20
meps,variance_group_mag1.5,lr,per_subgroup_ewma[maj_neg],BalAcc,0.022346615885914984,0.287680298194022,0.04850677587097806,0.24565466127678154,20
meps,variance_group_mag1.5,lr,per_subgroup_baseline_relative[maj_neg],DI_star,0.07407695389052302,0.23960231817138533,0.07918052999999058,0.20527714085639176,20
meps,variance_group_mag1.5,lr,per_subgroup_baseline_relative[maj_neg],AOD_star,0.037065117766417896,0.29508943013628625,0.02707062123316111,0.2798670953427843,20
meps,variance_group_mag1.5,lr,per_subgroup_baseline_relative[maj_neg],BalAcc,0.03733142396565494,0.2709430453261122,0.032182724457481354,0.24821651600677344,20
meps,variance_group_mag1.5,lr,per_subgroup_ewma[maj_pos],DI_star,-0.01924812030075187,0.18199191818542318,0.0009133331831284328,0.1989970314168813,20
meps,variance_group_mag1.5,lr,per_subgroup_ewma[maj_pos],AOD_star,0.029849624060150383,0.24318178213466402,0.03362889243532809,0.2529632622864378,20
meps,variance_group_mag1.5,lr,per_subgroup_ewma[maj_pos],BalAcc,-0.034736842105263156,0.17321317502571051,-0.0036149159616320967,0.15781358748052432,20
meps,variance_group_mag1.5,lr,per_subgroup_baseline_relative[maj_pos],DI_star,-0.03353383458646617,0.1586591592518928,-0.044691256962948366,0.17591465601095732,20
meps,variance_group_mag1.5,lr,per_subgroup_baseline_relative[maj_pos],AOD_star,0.010000000000000012,0.223343596102143,-0.009154583404269478,0.23279315448302662,20
meps,variance_group_mag1.5,lr,per_subgroup_baseline_relative[maj_pos],BalAcc,0.012255639097744362,0.21465936293103238,0.008769551548686744,0.21237404711384525,20
meps,variance_group_mag1.5,xgb,global_mean,DI_star,-0.0027802296788946913,0.2108213385899818,-0.03435652340370169,0.21609516418080854,20
meps,variance_group_mag1.5,xgb,global_mean,AOD_star,-0.008571428571428574,0.23402965535628917,-0.0082439491662205,0.21978551701949728,20
meps,variance_group_mag1.5,xgb,global_mean,BalAcc,0.06718385912131075,0.21625070041409022,0.024849584774387697,0.20054500249519464,20
meps,variance_group_mag1.5,xgb,global_ewma,DI_star,-0.023760473216179735,0.2186788392028398,-0.04298968047696444,0.21618690329623716,20
meps,variance_group_mag1.5,xgb,global_ewma,AOD_star,-0.005639097744360894,0.21010477399425156,0.01201199953277151,0.22035390871001923,20
meps,variance_group_mag1.5,xgb,global_ewma,BalAcc,0.042258693564939796,0.2247956132835459,-0.0013819387989961033,0.2118664511853453,20
meps,variance_group_mag1.5,xgb,global_std,DI_star,0.18402327758462073,0.21639186025034124,0.18595066782354303,0.20445338495658585,20
meps,variance_group_mag1.5,xgb,global_std,AOD_star,0.08157894736842104,0.22981452382264297,0.07676449932842835,0.2300388330275273,20
meps,variance_group_mag1.5,xgb,global_std,BalAcc,0.1107327397869248,0.23084263617414413,0.13598591352311842,0.21948647952931064,20
meps,variance_group_mag1.5,xgb,subgroup_violation_diff,DI_star,-0.012629486071697477,0.23494367155017798,-0.00739980018707362,0.23995141538414422,20
meps,variance_group_mag1.5,xgb,subgroup_violation_diff,AOD_star,-0.019924812030075185,0.19857191255247023,-0.0213632299950093,0.23442490655814588,20
meps,variance_group_mag1.5,xgb,subgroup_violation_diff,BalAcc,0.07123538345563386,0.19600795928705422,0.08050564986835065,0.21103148852701425,20
meps,variance_group_mag1.5,xgb,max_subgroup_deviation,DI_star,0.024587371192730696,0.22650703255151347,0.00819900979972426,0.22492587796111105,20
meps,variance_group_mag1.5,xgb,max_subgroup_deviation,AOD_star,0.0026315789473684154,0.20752853578542865,-0.021300227017301127,0.21316882817084046,20
meps,variance_group_mag1.5,xgb,max_subgroup_deviation,BalAcc,0.08677279997079465,0.22349889417678942,0.09316647413225816,0.18915242566615031,20
meps,variance_group_mag1.5,xgb,assignment_proportion_drift,DI_star,-0.08269451337553159,0.2535333371477386,-0.03281953809683002,0.23729174902419628,20
meps,variance_group_mag1.5,xgb,assignment_proportion_drift,AOD_star,-0.07741365632614346,0.26102046080806585,-0.026972457446965616,0.23204014639441192,20
meps,variance_group_mag1.5,xgb,assignment_proportion_drift,BalAcc,-0.004234284064210056,0.2676364973424169,0.014161388416665208,0.2847183265423449,20
meps,variance_group_mag1.5,xgb,ks_statistic,DI_star,-0.09568038254385111,0.2512961493581078,-0.04151857440450763,0.21044326053154697,20
meps,variance_group_mag1.5,xgb,ks_statistic,AOD_star,-0.0550375939849624,0.2605973820550537,-0.02283576489555162,0.22368763641766198,20
meps,variance_group_mag1.5,xgb,ks_statistic,BalAcc,0.008410333714291262,0.2664423771593803,-0.0012283679778364142,0.2701506309351311,20
meps,variance_group_mag1.5,xgb,kl_divergence,DI_star,-0.031206995295413254,0.18388170996008055,-0.04870314059212883,0.18895170118052093,20
meps,variance_group_mag1.5,xgb,kl_divergence,AOD_star,-0.02172932330827069,0.20276592418953707,-0.00352332238957183,0.20972264406357452,20
meps,variance_group_mag1.5,xgb,kl_divergence,BalAcc,0.015107549765709851,0.24657732102231406,0.006674181387725062,0.2314282866435049,20
meps,variance_group_mag1.5,xgb,per_subgroup_ewma[min_neg],DI_star,nan,nan,nan,nan,0
meps,variance_group_mag1.5,xgb,per_subgroup_ewma[min_neg],AOD_star,nan,nan,nan,nan,0
meps,variance_group_mag1.5,xgb,per_subgroup_ewma[min_neg],BalAcc,nan,nan,nan,nan,0
meps,variance_group_mag1.5,xgb,per_subgroup_baseline_relative[min_neg],DI_star,nan,nan,nan,nan,0
meps,variance_group_mag1.5,xgb,per_subgroup_baseline_relative[min_neg],AOD_star,nan,nan,nan,nan,0
meps,variance_group_mag1.5,xgb,per_subgroup_baseline_relative[min_neg],BalAcc,nan,nan,nan,nan,0
meps,variance_group_mag1.5,xgb,per_subgroup_ewma[min_pos],DI_star,-0.039586536870672685,0.21728727329853723,-0.04820902643652337,0.22574110560424038,20
meps,variance_group_mag1.5,xgb,per_subgroup_ewma[min_pos],AOD_star,-0.010375939849624061,0.2131755439511436,-0.0055917772341682786,0.22992936194932204,20
meps,variance_group_mag1.5,xgb,per_subgroup_ewma[min_pos],BalAcc,0.04492278985966337,0.22462906727382534,0.022306489877789222,0.21630741672231146,20
meps,variance_group_mag1.5,xgb,per_subgroup_baseline_relative[min_pos],DI_star,-0.03044886525125596,0.2341145688215528,-0.0226743658950772,0.248006933121873,20
meps,variance_group_mag1.5,xgb,per_subgroup_baseline_relative[min_pos],AOD_star,-0.017819548872180447,0.2569181953991215,-0.02650726251664564,0.27252240001880285,20
meps,variance_group_mag1.5,xgb,per_subgroup_baseline_relative[min_pos],BalAcc,0.165186470973318,0.2067563798833511,0.11530485166377188,0.20307307863214674,20
meps,variance_group_mag1.5,xgb,per_subgroup_ewma[maj_neg],DI_star,0.005693320261481498,0.22983161913427574,-0.00761508714503944,0.2242054953324027,20
meps,variance_group_mag1.5,xgb,per_subgroup_ewma[maj_neg],AOD_star,-0.051316743427811715,0.26606831270944387,-0.04038539137915683,0.25029583136611605,20
meps,variance_group_mag1.5,xgb,per_subgroup_ewma[maj_neg],BalAcc,0.01009036540089078,0.26315470274162944,0.021412912517386744,0.24835090973860696,20
meps,variance_group_mag1.5,xgb,per_subgroup_baseline_relative[maj_neg],DI_star,0.026825664217957634,0.20020485429216858,-0.0002681835370534999,0.18271460944782042,20
meps,variance_group_mag1.5,xgb,per_subgroup_baseline_relative[maj_neg],AOD_star,-0.02469575282109172,0.2268070933006865,-0.03815655496168581,0.24177509740888475,20
meps,variance_group_mag1.5,xgb,per_subgroup_baseline_relative[maj_neg],BalAcc,0.030064759094722143,0.3224224708600105,0.012151074206089208,0.27986213289938106,20
meps,variance_group_mag1.5,xgb,per_subgroup_ewma[maj_pos],DI_star,-0.032966431972227886,0.2236008945536776,-0.012756035642250235,0.21782434771298884,20
meps,variance_group_mag1.5,xgb,per_subgroup_ewma[maj_pos],AOD_star,0.008270676691729314,0.25569504031855456,0.02986351009241841,0.25839656082861306,20
meps,variance_group_mag1.5,xgb,per_subgroup_ewma[maj_pos],BalAcc,-0.05699236807459287,0.22513249169484262,-0.021970714095561967,0.24514819376483132,20
meps,variance_group_mag1.5,xgb,per_subgroup_baseline_relative[maj_pos],DI_star,-0.03435999722832193,0.221550733010219,-0.0405879518901149,0.19546383110547635,20
meps,variance_group_mag1.5,xgb,per_subgroup_baseline_relative[maj_pos],AOD_star,-0.02203007518796992,0.18585168884332348,-0.013806457118223644,0.18820894208584024,20
meps,variance_group_mag1.5,xgb,per_subgroup_baseline_relative[maj_pos],BalAcc,0.0028230134298789776,0.17991865709984128,-0.012915432603244644,0.2018932755083192,20
meps,variance_group_mag2.0,lr,global_mean,DI_star,0.009172932330827062,0.20284978556135955,-0.009609273412287253,0.1828553916257438,20
meps,variance_group_mag2.0,lr,global_mean,AOD_star,0.014736842105263168,0.25320271994853844,0.01150098264482027,0.24462167367677515,20
meps,variance_group_mag2.0,lr,global_mean,BalAcc,0.06774436090225563,0.24114247220039903,0.06968071481990624,0.2365828362077652,20
meps,variance_group_mag2.0,lr,global_ewma,DI_star,0.0014285714285714249,0.1826547622389828,-0.0007018910222119582,0.16705252220658945,20
meps,variance_group_mag2.0,lr,global_ewma,AOD_star,0.01984962406015036,0.227648810682473,0.028224269338513713,0.2329003238935765,20
meps,variance_group_mag2.0,lr,global_ewma,BalAcc,0.028796992481203015,0.22522394179658659,0.03728975855208114,0.2130363935476582,20
meps,variance_group_mag2.0,lr,global_std,DI_star,0.22496240601503753,0.18331153968971353,0.24927397751527375,0.19910674779606644,20
meps,variance_group_mag2.0,lr,global_std,AOD_star,0.11669172932330826,0.21674666540767284,0.1276067261226873,0.21167271100426877,20
meps,variance_group_mag2.0,lr,global_std,BalAcc,0.024360902255639087,0.2338162601913676,0.03185777224242146,0.21915276313626247,20
meps,variance_group_mag2.0,lr,subgroup_violation_diff,DI_star,-0.018721804511278195,0.1780310621106948,0.0036735154700846136,0.19055180277598024,20
meps,variance_group_mag2.0,lr,subgroup_violation_diff,AOD_star,0.0014285714285714381,0.19481519310961093,0.02386917461915531,0.20420564673785654,20
meps,variance_group_mag2.0,lr,subgroup_violation_diff,BalAcc,0.08977443609022556,0.2287074684201251,0.1078411299241047,0.19702453233309217,20
meps,variance_group_mag2.0,lr,max_subgroup_deviation,DI_star,0.03428571428571428,0.1888506285294824,0.007819319276360006,0.2081621600844228,20
meps,variance_group_mag2.0,lr,max_subgroup_deviation,AOD_star,-0.008721804511278197,0.210983177752611,-0.018652014226003922,0.2564942564081638,20
meps,variance_group_mag2.0,lr,max_subgroup_deviation,BalAcc,0.04714285714285713,0.23708056977077574,0.06417012195128588,0.2211534244922234,20
meps,variance_group_mag2.0,lr,assignment_proportion_drift,DI_star,-0.08446460528639663,0.19692046410365277,0.004585249062100361,0.18358889113419796,20
meps,variance_group_mag2.0,lr,assignment_proportion_drift,AOD_star,-0.051213172934223075,0.23536265523350858,0.017405345299296757,0.21542206969658362,20
meps,variance_group_mag2.0,lr,assignment_proportion_drift,BalAcc,0.04015705081421456,0.23135875445724557,0.044571684632090255,0.23595444475065777,20
meps,variance_group_mag2.0,lr,ks_statistic,DI_star,-0.021954887218045106,0.18715879123917323,0.006777667779799303,0.17090001829595344,20
meps,variance_group_mag2.0,lr,ks_statistic,AOD_star,-0.024060150375939844,0.22790216621523024,0.008450994905149566,0.23215212421972997,20
meps,variance_group_mag2.0,lr,ks_statistic,BalAcc,0.011353383458646619,0.23866726036043878,0.0368660153249158,0.22479226905463837,20
meps,variance_group_mag2.0,lr,kl_divergence,DI_star,-0.08345864661654134,0.17664501062091365,-0.042617696545101814,0.17849281928590696,20
meps,variance_group_mag2.0,lr,kl_divergence,AOD_star,-0.03518796992481203,0.23167969686169637,0.0014212832782819144,0.23838637578494568,20
meps,variance_group_mag2.0,lr,kl_divergence,BalAcc,0.03180451127819549,0.22269213245109598,0.027374330009137453,0.23204904544150806,20
meps,variance_group_mag2.0,lr,per_subgroup_ewma[min_neg],DI_star,nan,nan,nan,nan,0
meps,variance_group_mag2.0,lr,per_subgroup_ewma[min_neg],AOD_star,nan,nan,nan,nan,0
meps,variance_group_mag2.0,lr,per_subgroup_ewma[min_neg],BalAcc,nan,nan,nan,nan,0
meps,variance_group_mag2.0,lr,per_subgroup_baseline_relative[min_neg],DI_star,nan,nan,nan,nan,0
meps,variance_group_mag2.0,lr,per_subgroup_baseline_relative[min_neg],AOD_star,nan,nan,nan,nan,0
meps,variance_group_mag2.0,lr,per_subgroup_baseline_relative[min_neg],BalAcc,nan,nan,nan,nan,0
meps,variance_group_mag2.0,lr,per_subgroup_ewma[min_pos],DI_star,-0.01345864661654135,0.19211576858699148,-0.007105217678537688,0.17254908763841934,20
meps,variance_group_mag2.0,lr,per_subgroup_ewma[min_pos],AOD_star,0.02255639097744359,0.22039080506937472,0.02585117438128815,0.23123014079077842,20
meps,variance_group_mag2.0,lr,per_subgroup_ewma[min_pos],BalAcc,0.055714285714285695,0.2144191511726988,0.0688812366337603,0.21932740465914383,20
meps,variance_group_mag2.0,lr,per_subgroup_baseline_relative[min_pos],DI_star,-0.04240601503759398,0.2112038506716361,-0.00960108902518936,0.20267586614495886,20
meps,variance_group_mag2.0,lr,per_subgroup_baseline_relative[min_pos],AOD_star,-0.0066917293233082625,0.22243670577792726,0.014390981533773458,0.24996879657060955,20
meps,variance_group_mag2.0,lr,per_subgroup_baseline_relative[min_pos],BalAcc,0.1349624060150376,0.22306073468051266,0.132235985484953,0.19719367589981338,20
meps,variance_group_mag2.0,lr,per_subgroup_ewma[maj_neg],DI_star,-0.013015505152438683,0.20445124905597706,0.001714676199314396,0.2166171553773921,20
meps,variance_group_mag2.0,lr,per_subgroup_ewma[maj_neg],AOD_star,-0.08033964850220017,0.2637100110886707,-0.04969195701788952,0.2828820924003354,20
meps,variance_group_mag2.0,lr,per_subgroup_ewma[maj_neg],BalAcc,-0.025142085678972782,0.26214990717815134,-0.0011224080885892155,0.2246588167376794,20
meps,variance_group_mag2.0,lr,per_subgroup_baseline_relative[maj_neg],DI_star,-0.003891045826239681,0.26006367928777724,0.004284371607441983,0.2471769549433762,20
meps,variance_group_mag2.0,lr,per_subgroup_baseline_relative[maj_neg],AOD_star,-0.03836585949498381,0.3076097721570348,-0.024226401909599606,0.30690646593430737,20
meps,variance_group_mag2.0,lr,per_subgroup_baseline_relative[maj_neg],BalAcc,0.029496951698413154,0.20647641111685136,0.045628465570142177,0.21336710360437416,20
meps,variance_group_mag2.0,lr,per_subgroup_ewma[maj_pos],DI_star,-0.007593984962406012,0.18656768701278367,0.01111081430241285,0.18867086993656396,20
meps,variance_group_mag2.0,lr,per_subgroup_ewma[maj_pos],AOD_star,0.038345864661654135,0.20662360036534613,0.03893132352405199,0.23939660179192168,20
meps,variance_group_mag2.0,lr,per_subgroup_ewma[maj_pos],BalAcc,0.006992481203007517,0.19166431154900945,0.017691814235872433,0.17866080316869484,20
meps,variance_group_mag2.0,lr,per_subgroup_baseline_relative[maj_pos],DI_star,0.00037593984962405735,0.1733827902353613,-0.03374601764458307,0.19344006593601198,20
meps,variance_group_mag2.0,lr,per_subgroup_baseline_relative[maj_pos],AOD_star,0.0081203007518797,0.2126500826779862,-0.012646029918347207,0.22351557792365667,20
meps,variance_group_mag2.0,lr,per_subgroup_baseline_relative[maj_pos],BalAcc,0.024360902255639076,0.2452108295988768,0.028533684565817636,0.24010118122710755,20
meps,variance_group_mag2.0,xgb,global_mean,DI_star,-0.03169120610439054,0.20682888704602842,-0.07795047820431326,0.21261594871859005,20
meps,variance_group_mag2.0,xgb,global_mean,AOD_star,-0.018872180451127825,0.2246787016309944,-0.023813460513490113,0.21704963480831682,20
meps,variance_group_mag2.0,xgb,global_mean,BalAcc,0.050604445098179275,0.2255162996397159,0.020762602127869838,0.21461325394046626,20
meps,variance_group_mag2.0,xgb,global_ewma,DI_star,-0.04906152205796743,0.215345753496315,-0.0849260945947772,0.20657205684357086,20
meps,variance_group_mag2.0,xgb,global_ewma,AOD_star,-0.011428571428571437,0.2036977405809387,-0.011687851144815367,0.19688726730837164,20
meps,variance_group_mag2.0,xgb,global_ewma,BalAcc,0.019811365445751926,0.2352502383668971,-0.0035875292119965886,0.21037744734424285,20
meps,variance_group_mag2.0,xgb,global_std,DI_star,0.1694017204004189,0.17015509963455816,0.1937398987143791,0.1905820726936686,20
meps,variance_group_mag2.0,xgb,global_std,AOD_star,0.08172932330827067,0.23908699791426274,0.0927989212006309,0.2364436461803602,20
meps,variance_group_mag2.0,xgb,global_std,BalAcc,0.05387830352657051,0.23013785352924054,0.09346876849466079,0.2679694528922188,20
meps,variance_group_mag2.0,xgb,subgroup_violation_diff,DI_star,0.025682079470070805,0.19843556733680562,0.003935287340843386,0.20397200917636893,20
meps,variance_group_mag2.0,xgb,subgroup_violation_diff,AOD_star,0.015338345864661646,0.21112996164541062,-0.007198313650966867,0.2112259191790472,20
meps,variance_group_mag2.0,xgb,subgroup_violation_diff,BalAcc,0.06435917704731574,0.2235433217610869,0.08525403131464401,0.23434192867571807,20
meps,variance_group_mag2.0,xgb,max_subgroup_deviation,DI_star,-0.016693228274802317,0.20793721330304568,-0.06777538531745753,0.21467593244967248,20
meps,variance_group_mag2.0,xgb,max_subgroup_deviation,AOD_star,-0.038270676691729316,0.2269144904832964,-0.04537788570077379,0.23309473484235937,20
meps,variance_group_mag2.0,xgb,max_subgroup_deviation,BalAcc,0.052441982801595864,0.20646017817765064,0.05423066137250353,0.18736115819832785,20
meps,variance_group_mag2.0,xgb,assignment_proportion_drift,DI_star,-0.07173019753319798,0.2221391999281962,-0.04201918923334259,0.21517686780398915,20
meps,variance_group_mag2.0,xgb,assignment_proportion_drift,AOD_star,-0.09015009233204478,0.23656463743058864,-0.034075969499343564,0.2252200174105574,20
meps,variance_group_mag2.0,xgb,assignment_proportion_drift,BalAcc,-0.01710417740764022,0.2861273906967536,0.002418931205627056,0.2870264871096423,20
meps,variance_group_mag2.0,xgb,ks_statistic,DI_star,-0.07620466202186119,0.2304514301256575,-0.06903364376271288,0.20119875701413062,20
meps,variance_group_mag2.0,xgb,ks_statistic,AOD_star,-0.03849624060150374,0.23268965161105049,-0.021983999166607582,0.22437573256222257,20
meps,variance_group_mag2.0,xgb,ks_statistic,BalAcc,0.010182299363027909,0.2402242125536499,-0.003040768134561278,0.2629906636633973,20
meps,variance_group_mag2.0,xgb,kl_divergence,DI_star,-0.08733327346963589,0.22897001955741786,-0.09547930776285878,0.2290823493397721,20
meps,variance_group_mag2.0,xgb,kl_divergence,AOD_star,-0.036466165413533834,0.23689860884653619,-0.023643895977270984,0.23827336479055689,20
meps,variance_group_mag2.0,xgb,kl_divergence,BalAcc,0.014241488147443287,0.2787383011214476,-0.01932800804976726,0.24642091575124447,20
meps,variance_group_mag2.0,xgb,per_subgroup_ewma[min_neg],DI_star,nan,nan,nan,nan,0
meps,variance_group_mag2.0,xgb,per_subgroup_ewma[min_neg],AOD_star,nan,nan,nan,nan,0
meps,variance_group_mag2.0,xgb,per_subgroup_ewma[min_neg],BalAcc,nan,nan,nan,nan,0
meps,variance_group_mag2.0,xgb,per_subgroup_baseline_relative[min_neg],DI_star,nan,nan,nan,nan,0
meps,variance_group_mag2.0,xgb,per_subgroup_baseline_relative[min_neg],AOD_star,nan,nan,nan,nan,0
meps,variance_group_mag2.0,xgb,per_subgroup_baseline_relative[min_neg],BalAcc,nan,nan,nan,nan,0
meps,variance_group_mag2.0,xgb,per_subgroup_ewma[min_pos],DI_star,-0.05101595676235395,0.21646931310037917,-0.07713708761974118,0.22264665100626652,20
meps,variance_group_mag2.0,xgb,per_subgroup_ewma[min_pos],AOD_star,-0.016165413533834577,0.21086271458637762,-0.008761709946698077,0.22161761676698938,20
meps,variance_group_mag2.0,xgb,per_subgroup_ewma[min_pos],BalAcc,0.03665375352994643,0.22244226452668595,0.01950561253259498,0.20885454792599425,20
meps,variance_group_mag2.0,xgb,per_subgroup_baseline_relative[min_pos],DI_star,-0.04575138476243405,0.23694001281935548,-0.05079353358608248,0.2441991109799608,20
meps,variance_group_mag2.0,xgb,per_subgroup_baseline_relative[min_pos],AOD_star,-0.021879699248120308,0.2517728311050913,-0.02019469645270277,0.26121213389550235,20
meps,variance_group_mag2.0,xgb,per_subgroup_baseline_relative[min_pos],BalAcc,0.14654223012867212,0.20455533592788613,0.1070891996855653,0.2073364188109086,20
meps,variance_group_mag2.0,xgb,per_subgroup_ewma[maj_neg],DI_star,-0.05721219446707525,0.15454051485470482,-0.057776456759795446,0.19472537401115422,20
meps,variance_group_mag2.0,xgb,per_subgroup_ewma[maj_neg],AOD_star,-0.10482336051232852,0.15146660211564517,-0.08011209829503971,0.1728152562918516,20
meps,variance_group_mag2.0,xgb,per_subgroup_ewma[maj_neg],BalAcc,-0.03726363737735085,0.2522155467219378,-0.03286025320978708,0.22443084289340873,20
meps,variance_group_mag2.0,xgb,per_subgroup_baseline_relative[maj_neg],DI_star,-0.048301950199322305,0.2370219924807694,-0.05548130455829162,0.2343630793674644,20
meps,variance_group_mag2.0,xgb,per_subgroup_baseline_relative[maj_neg],AOD_star,-0.08042069211786526,0.22360377848217217,-0.09102578552298501,0.24921230829515995,20
meps,variance_group_mag2.0,xgb,per_subgroup_baseline_relative[maj_neg],BalAcc,-0.010298442074413548,0.253353738808256,-0.026074469897111895,0.23161671649428564,20
meps,variance_group_mag2.0,xgb,per_subgroup_ewma[maj_pos],DI_star,-0.06917202730350991,0.22032047895671308,-0.06941177111102366,0.191796042351534,20
meps,variance_group_mag2.0,xgb,per_subgroup_ewma[maj_pos],AOD_star,-0.009248120300751877,0.1732147252961348,0.004490951905978805,0.17993814715681228,20
meps,variance_group_mag2.0,xgb,per_subgroup_ewma[maj_pos],BalAcc,-0.009400758808894412,0.20126295494037472,-0.017904786919838014,0.21045180876310116,20
meps,variance_group_mag2.0,xgb,per_subgroup_baseline_relative[maj_pos],DI_star,-0.036091724515403836,0.1970427407241512,-0.09266328507757551,0.18947582854468129,20
meps,variance_group_mag2.0,xgb,per_subgroup_baseline_relative[maj_pos],AOD_star,-0.02338345864661654,0.1666695139862687,-0.02565793170253089,0.16356459761012085,20
meps,variance_group_mag2.0,xgb,per_subgroup_baseline_relative[maj_pos],BalAcc,0.024850599792726694,0.23101758055872534,-0.0011146018758931829,0.21732459603856452,20
meps,variance_group_mag2.5,lr,global_mean,DI_star,0.14579286753664986,0.1592104724233372,0.10614006365953758,0.14443140980233662,20
meps,variance_group_mag2.5,lr,global_mean,AOD_star,0.07338345864661654,0.23053009232323907,0.04264553615041444,0.21352805577585027,20
meps,variance_group_mag2.5,lr,global_mean,BalAcc,0.020827067669172934,0.22960898020806422,0.029263379066669436,0.23088774643264032,20
meps,variance_group_mag2.5,lr,global_ewma,DI_star,0.14308825005923492,0.1350269229349593,0.14026777733864973,0.13535439954445416,20
meps,variance_group_mag2.5,lr,global_ewma,AOD_star,0.0718796992481203,0.21007233543630893,0.06556659849086696,0.21022926151681756,20
meps,variance_group_mag2.5,lr,global_ewma,BalAcc,-0.011879699248120292,0.21042043524356932,-0.0006432062779039696,0.20975920403175108,20
meps,variance_group_mag2.5,lr,global_std,DI_star,0.297159826405054,0.1889361296747966,0.3190256384826614,0.20450754622092243,20
meps,variance_group_mag2.5,lr,global_std,AOD_star,0.15624060150375935,0.21491657565288266,0.15383015897777186,0.2306777294023168,20
meps,variance_group_mag2.5,lr,global_std,BalAcc,-0.029924812030075187,0.20266520847499708,-0.018576749347049788,0.1866703286368313,20
meps,variance_group_mag2.5,lr,subgroup_violation_diff,DI_star,-0.02259880706108029,0.21340085929383898,0.0035306881793084914,0.2051664570913397,20
meps,variance_group_mag2.5,lr,subgroup_violation_diff,AOD_star,0.005864661654135346,0.22974023482815892,0.018516282089019082,0.23413690492931735,20
meps,variance_group_mag2.5,lr,subgroup_violation_diff,BalAcc,0.05390977443609022,0.2306971175436844,0.08230146875033853,0.213680406256356,20
meps,variance_group_mag2.5,lr,max_subgroup_deviation,DI_star,0.14087135037165124,0.1693434440732672,0.13173984616986087,0.1697507518337089,20
meps,variance_group_mag2.5,lr,max_subgroup_deviation,AOD_star,0.04593984962406015,0.21175446012354718,0.0331250715218089,0.22306909784447915,20
meps,variance_group_mag2.5,lr,max_subgroup_deviation,BalAcc,0.016616541353383463,0.20632898256772023,0.02762927069597786,0.2162673406870716,20
meps,variance_group_mag2.5,lr,assignment_proportion_drift,DI_star,-0.10852019085097572,0.18339687842315927,0.03360742018720178,0.17707446937332214,20
meps,variance_group_mag2.5,lr,assignment_proportion_drift,AOD_star,-0.08728334987604987,0.20710123752142942,0.01518423663028362,0.20169514653730625,20
meps,variance_group_mag2.5,lr,assignment_proportion_drift,BalAcc,0.004407294826462321,0.20875506843943611,0.024856765592681813,0.2261657648913126,20
meps,variance_group_mag2.5,lr,ks_statistic,DI_star,0.07000721193643364,0.14169329711130124,0.08536817823163688,0.14240220547905102,20
meps,variance_group_mag2.5,lr,ks_statistic,AOD_star,0.017669172932330834,0.20053513968029127,0.03364382269941758,0.18997959297388725,20
meps,variance_group_mag2.5,lr,ks_statistic,BalAcc,-0.027368421052631577,0.204378329187744,0.0057636370366814325,0.21988339092609457,20
meps,variance_group_mag2.5,lr,kl_divergence,DI_star,0.034364267825974806,0.10289864312593677,0.0533954961612809,0.12618475466076878,20
meps,variance_group_mag2.5,lr,kl_divergence,AOD_star,-0.01616541353383459,0.19064495063245374,0.012538003108490589,0.19775722379178323,20
meps,variance_group_mag2.5,lr,kl_divergence,BalAcc,-0.0393984962406015,0.22644619428861196,-0.022883128324262546,0.22842151691092671,20
meps,variance_group_mag2.5,lr,per_subgroup_ewma[min_neg],DI_star,nan,nan,nan,nan,0
meps,variance_group_mag2.5,lr,per_subgroup_ewma[min_neg],AOD_star,nan,nan,nan,nan,0
meps,variance_group_mag2.5,lr,per_subgroup_ewma[min_neg],BalAcc,nan,nan,nan,nan,0
meps,variance_group_mag2.5,lr,per_subgroup_baseline_relative[min_neg],DI_star,nan,nan,nan,nan,0
meps,variance_group_mag2.5,lr,per_subgroup_baseline_relative[min_neg],AOD_star,nan,nan,nan,nan,0
meps,variance_group_mag2.5,lr,per_subgroup_baseline_relative[min_neg],BalAcc,nan,nan,nan,nan,0
meps,variance_group_mag2.5,lr,per_subgroup_ewma[min_pos],DI_star,0.1308686918539071,0.13569274754930463,0.1241958460669796,0.13962237593432653,20
meps,variance_group_mag2.5,lr,per_subgroup_ewma[min_pos],AOD_star,0.06984962406015036,0.20534134675401947,0.06240257780379741,0.2060966851776717,20
meps,variance_group_mag2.5,lr,per_subgroup_ewma[min_pos],BalAcc,-0.005112781954887222,0.20911416827241824,0.020552058852620184,0.21007593710467173,20
meps,variance_group_mag2.5,lr,per_subgroup_baseline_relative[min_pos],DI_star,0.09477504415545428,0.20574370333718522,0.08530773492928297,0.17013152453325434,20
meps,variance_group_mag2.5,lr,per_subgroup_baseline_relative[min_pos],AOD_star,0.05969924812030075,0.22707269824635476,0.04313116838075095,0.23031291585979619,20
meps,variance_group_mag2.5,lr,per_subgroup_baseline_relative[min_pos],BalAcc,0.06030075187969926,0.21055955698899784,0.07557227121286515,0.206590969224893,20
meps,variance_group_mag2.5,lr,per_subgroup_ewma[maj_neg],DI_star,0.0490765741720134,0.2388581371941365,0.06816195239381202,0.2244067119964686,20
meps,variance_group_mag2.5,lr,per_subgroup_ewma[maj_neg],AOD_star,-0.03298775928826994,0.2327616263330478,-0.004077709406823769,0.27130867198117364,20
meps,variance_group_mag2.5,lr,per_subgroup_ewma[maj_neg],BalAcc,-0.02246423696093171,0.25411960839663067,-0.01384170529194447,0.24594426327117533,20
meps,variance_group_mag2.5,lr,per_subgroup_baseline_relative[maj_neg],DI_star,0.02868999056309688,0.2516815138262028,0.04500696470117509,0.2429294654870071,20
meps,variance_group_mag2.5,lr,per_subgroup_baseline_relative[maj_neg],AOD_star,-0.03835970037123063,0.2792830203151996,-0.01701512252943658,0.31314431350471655,20
meps,variance_group_mag2.5,lr,per_subgroup_baseline_relative[maj_neg],BalAcc,0.0341513692021409,0.25651156454464397,0.020939219612204543,0.229361549966134,20
meps,variance_group_mag2.5,lr,per_subgroup_ewma[maj_pos],DI_star,0.13192697985358673,0.14503929933608967,0.16568594675717715,0.14707880711109128,20
meps,variance_group_mag2.5,lr,per_subgroup_ewma[maj_pos],AOD_star,0.06999999999999998,0.205134761131392,0.07858024768578756,0.22253755429022826,20
meps,variance_group_mag2.5,lr,per_subgroup_ewma[maj_pos],BalAcc,-0.010977443609022558,0.1945582831620131,-0.014166194737415877,0.19237457751057815,20
meps,variance_group_mag2.5,lr,per_subgroup_baseline_relative[maj_pos],DI_star,0.12902891986430126,0.149443725895891,0.10430055204937069,0.1627404254144877,20
meps,variance_group_mag2.5,lr,per_subgroup_baseline_relative[maj_pos],AOD_star,0.06105263157894737,0.20829993551434867,0.03228196394374413,0.21293971507458234,20
meps,variance_group_mag2.5,lr,per_subgroup_baseline_relative[maj_pos],BalAcc,-0.0001503759398496063,0.2216405153893856,0.0009931309684660106,0.23585493695989124,20
meps,variance_group_mag2.5,xgb,global_mean,DI_star,-0.032063667255264244,0.20465399517111735,-0.0802020661713728,0.20712568515164378,20
meps,variance_group_mag2.5,xgb,global_mean,AOD_star,-0.026917293233082708,0.21920763469969226,-0.023253652497272348,0.21530002911212304,20
meps,variance_group_mag2.5,xgb,global_mean,BalAcc,0.041316510667327576,0.23627565623903868,0.01586317014956334,0.22062043013365232,20
meps,variance_group_mag2.5,xgb,global_ewma,DI_star,-0.05841570731398693,0.2172531512726375,-0.0981746841054229,0.20120732958199283,20
meps,variance_group_mag2.5,xgb,global_ewma,AOD_star,-0.023458646616541363,0.20996455663575034,-0.01798553213698183,0.1970134311918152,20
meps,variance_group_mag2.5,xgb,global_ewma,BalAcc,0.010262351854782498,0.23849604978720526,-0.003305713884375208,0.21491804448725446,20
meps,variance_group_mag2.5,xgb,global_std,DI_star,0.071098894028682,0.23350786413005717,0.07230080253600721,0.22683309079082334,20
meps,variance_group_mag2.5,xgb,global_std,AOD_star,0.03624060150375939,0.24210708447453907,0.0560949746928916,0.23588709225172347,20
meps,variance_group_mag2.5,xgb,global_std,BalAcc,0.023839253013269564,0.2154339550403239,0.03491342274378358,0.23265502267081287,20
meps,variance_group_mag2.5,xgb,subgroup_violation_diff,DI_star,-0.02267277890054766,0.22219843275480783,-0.03706441592727829,0.24313202363231026,20
meps,variance_group_mag2.5,xgb,subgroup_violation_diff,AOD_star,-0.006842105263157894,0.22232637727855484,-0.02764845878689475,0.23199488825345782,20
meps,variance_group_mag2.5,xgb,subgroup_violation_diff,BalAcc,0.0545847975212975,0.23598877913540328,0.06012244815615484,0.234783316723615,20
meps,variance_group_mag2.5,xgb,max_subgroup_deviation,DI_star,-0.04319100600837417,0.2225409122891588,-0.08372509952812138,0.21644469354035675,20
meps,variance_group_mag2.5,xgb,max_subgroup_deviation,AOD_star,-0.04714285714285714,0.23977125313528283,-0.043860899998185376,0.23266508895262436,20
meps,variance_group_mag2.5,xgb,max_subgroup_deviation,BalAcc,0.04616411255706617,0.20947882655203112,0.025906964073749733,0.1875814196725398,20
meps,variance_group_mag2.5,xgb,assignment_proportion_drift,DI_star,-0.049036409141582894,0.19063862571903084,-0.047510635532776985,0.20723831264034628,20
meps,variance_group_mag2.5,xgb,assignment_proportion_drift,AOD_star,-0.07543036088599722,0.22796125645765394,-0.03369141197097308,0.22261339466820168,20
meps,variance_group_mag2.5,xgb,assignment_proportion_drift,BalAcc,-0.019054951222400685,0.28305588945469456,0.007458863915868702,0.2801918758936952,20
meps,variance_group_mag2.5,xgb,ks_statistic,DI_star,-0.09439223175464051,0.217976295687447,-0.09002194009697558,0.208063618653355,20
meps,variance_group_mag2.5,xgb,ks_statistic,AOD_star,-0.05172932330827068,0.2307878294390697,-0.037405931642860976,0.2201143302688639,20
meps,variance_group_mag2.5,xgb,ks_statistic,BalAcc,-0.010945774724777221,0.25459530728499696,-0.008234330820129549,0.2648848170555046,20
meps,variance_group_mag2.5,xgb,kl_divergence,DI_star,-0.12886887144499942,0.2167334265646411,-0.12398954742377273,0.22520619300410225,20
meps,variance_group_mag2.5,xgb,kl_divergence,AOD_star,-0.07421052631578948,0.2048737803415691,-0.04267431604166441,0.2064569924147395,20
meps,variance_group_mag2.5,xgb,kl_divergence,BalAcc,-0.03305021770166579,0.27700798535427235,-0.02994498748508891,0.24444354162748497,20
meps,variance_group_mag2.5,xgb,per_subgroup_ewma[min_neg],DI_star,nan,nan,nan,nan,0
meps,variance_group_mag2.5,xgb,per_subgroup_ewma[min_neg],AOD_star,nan,nan,nan,nan,0
meps,variance_group_mag2.5,xgb,per_subgroup_ewma[min_neg],BalAcc,nan,nan,nan,nan,0
meps,variance_group_mag2.5,xgb,per_subgroup_baseline_relative[min_neg],DI_star,nan,nan,nan,nan,0
meps,variance_group_mag2.5,xgb,per_subgroup_baseline_relative[min_neg],AOD_star,nan,nan,nan,nan,0
meps,variance_group_mag2.5,xgb,per_subgroup_baseline_relative[min_neg],BalAcc,nan,nan,nan,nan,0
meps,variance_group_mag2.5,xgb,per_subgroup_ewma[min_pos],DI_star,-0.06405466364782952,0.22214332122645433,-0.09132135088711983,0.2179219259754184,20
meps,variance_group_mag2.5,xgb,per_subgroup_ewma[min_pos],AOD_star,-0.028571428571428574,0.20896683413698716,-0.014767837414664645,0.21562641304146032,20
meps,variance_group_mag2.5,xgb,per_subgroup_ewma[min_pos],BalAcc,0.02308134922594154,0.23401289962032537,0.008140957485755907,0.2106096521786127,20
meps,variance_group_mag2.5,xgb,per_subgroup_baseline_relative[min_pos],DI_star,-0.058981780669353126,0.2564017990626223,-0.07321374187692295,0.25363100078391243,20
meps,variance_group_mag2.5,xgb,per_subgroup_baseline_relative[min_pos],AOD_star,-0.03406015037593985,0.24203252771883135,-0.025332202548847625,0.2614808635491863,20
meps,variance_group_mag2.5,xgb,per_subgroup_baseline_relative[min_pos],BalAcc,0.09436028004935852,0.22779973430191391,0.0688965726001256,0.21860767035363815,20
meps,variance_group_mag2.5,xgb,per_subgroup_ewma[maj_neg],DI_star,-0.022193212493779885,0.20900725416130467,-0.03837028446964852,0.23569996258775452,20
meps,variance_group_mag2.5,xgb,per_subgroup_ewma[maj_neg],AOD_star,-0.09691670059738836,0.22407308172942128,-0.06728707937525738,0.245286751269283,20
meps,variance_group_mag2.5,xgb,per_subgroup_ewma[maj_neg],BalAcc,-0.03398272353433709,0.22797067336169222,-0.023584885252751313,0.22857083378904425,20
meps,variance_group_mag2.5,xgb,per_subgroup_baseline_relative[maj_neg],DI_star,-0.01603319527928358,0.2203750895386645,-0.03724870066051314,0.22027606438677158,20
meps,variance_group_mag2.5,xgb,per_subgroup_baseline_relative[maj_neg],AOD_star,-0.08029908035336528,0.27584214914274596,-0.07237424826381193,0.29388292704042884,20
meps,variance_group_mag2.5,xgb,per_subgroup_baseline_relative[maj_neg],BalAcc,-0.028427899779505494,0.24768189190012563,-0.01848773425063719,0.22749302581178277,20
meps,variance_group_mag2.5,xgb,per_subgroup_ewma[maj_pos],DI_star,-0.07736262322138097,0.20871359920832544,-0.08569620187053999,0.18806341305657218,20
meps,variance_group_mag2.5,xgb,per_subgroup_ewma[maj_pos],AOD_star,-0.03225563909774436,0.180920114244222,-0.0042639530651130825,0.18460439119856611,20
meps,variance_group_mag2.5,xgb,per_subgroup_ewma[maj_pos],BalAcc,0.004961529269824088,0.21419863685285137,-0.011103764238340795,0.2108730018376558,20
meps,variance_group_mag2.5,xgb,per_subgroup_baseline_relative[maj_pos],DI_star,-0.050896259833121515,0.19611979292800205,-0.08030134447124246,0.18070310219135113,20
meps,variance_group_mag2.5,xgb,per_subgroup_baseline_relative[maj_pos],AOD_star,-0.03616541353383459,0.17828174366221694,-0.01975788498547145,0.17049815813516467,20
meps,variance_group_mag2.5,xgb,per_subgroup_baseline_relative[maj_pos],BalAcc,0.033419709231655034,0.22395358251565625,0.002556724653410095,0.21622745306461866,20
meps,variance_global_mag1.5,lr,global_mean,DI_star,0.05255016891463808,0.2153741392109303,0.03161765768897838,0.1920601420191438,20
meps,variance_global_mag1.5,lr,global_mean,AOD_star,0.10548872180451127,0.24760725038612785,0.09207713524078517,0.2228287604218557,20
meps,variance_global_mag1.5,lr,global_mean,BalAcc,0.05988530900311563,0.24853078101750298,0.06080696931911724,0.2461259716352107,20
meps,variance_global_mag1.5,lr,global_ewma,DI_star,0.025745700059598094,0.19549932752644092,0.025809074944669573,0.1954752303914881,20
meps,variance_global_mag1.5,lr,global_ewma,AOD_star,0.10353383458646614,0.2456671966916413,0.09187137666358267,0.24787595059204126,20
meps,variance_global_mag1.5,lr,global_ewma,BalAcc,0.05702949540484488,0.2262341017615552,0.03756483155023907,0.23039179997408776,20
meps,variance_global_mag1.5,lr,global_std,DI_star,0.07978125207720796,0.14628148881591613,0.05530945241595213,0.14078299374597858,20
meps,variance_global_mag1.5,lr,global_std,AOD_star,-0.03676691729323307,0.17358065786513932,-0.05627825848811818,0.1879171938230452,20
meps,variance_global_mag1.5,lr,global_std,BalAcc,0.01691647305207653,0.22679928077226089,-0.0032170253982525864,0.23545307090670717,20
meps,variance_global_mag1.5,lr,subgroup_violation_diff,DI_star,0.021613387898825213,0.19414547121950157,0.04392326163252538,0.21386916755268268,20
meps,variance_global_mag1.5,lr,subgroup_violation_diff,AOD_star,-0.0013533834586466147,0.22650525379346662,0.05096238866835652,0.21824335716778762,20
meps,variance_global_mag1.5,lr,subgroup_violation_diff,BalAcc,0.04011381425167085,0.19426290266948348,0.05558142003975429,0.19888681877373549,20
meps,variance_global_mag1.5,lr,max_subgroup_deviation,DI_star,0.017735734860638903,0.24348690504649478,0.056143983732024214,0.20784673486973193,20
meps,variance_global_mag1.5,lr,max_subgroup_deviation,AOD_star,0.025639097744360895,0.2391480889920297,0.0701325700018594,0.2185673252436039,20
meps,variance_global_mag1.5,lr,max_subgroup_deviation,BalAcc,0.08796627642065775,0.24280783469941086,0.06918162248785067,0.24099030375379074,20
meps,variance_global_mag1.5,lr,assignment_proportion_drift,DI_star,-0.016824520874581306,0.24460250692322044,0.05314994119526867,0.2089631447368169,20
meps,variance_global_mag1.5,lr,assignment_proportion_drift,AOD_star,0.027304943529257962,0.25896619017051664,0.07957412952356636,0.20843457299755797,20
meps,variance_global_mag1.5,lr,assignment_proportion_drift,BalAcc,-0.0035432406274065187,0.2640114268133347,0.05788100952612607,0.23776095399371455,20
meps,variance_global_mag1.5,lr,ks_statistic,DI_star,-0.02865385675989071,0.2236046722719468,0.05035362101024841,0.1963735848169281,20
meps,variance_global_mag1.5,lr,ks_statistic,AOD_star,0.03624060150375939,0.2369549319514832,0.07093547786411528,0.20392819693979036,20
meps,variance_global_mag1.5,lr,ks_statistic,BalAcc,-0.0067304687334689695,0.2300903811734598,0.0451906285205451,0.24112434709176578,20
meps,variance_global_mag1.5,lr,kl_divergence,DI_star,0.009241332595873125,0.21150657949012164,0.014429805259394047,0.19878517513016325,20
meps,variance_global_mag1.5,lr,kl_divergence,AOD_star,0.05142857142857142,0.2520856973811247,0.05289514771084429,0.23912079154203322,20
meps,variance_global_mag1.5,lr,kl_divergence,BalAcc,0.038909024960343194,0.20630761885256604,0.04639771065759327,0.2219934762571573,20
meps,variance_global_mag1.5,lr,per_subgroup_ewma[min_neg],DI_star,nan,nan,nan,nan,0
meps,variance_global_mag1.5,lr,per_subgroup_ewma[min_neg],AOD_star,nan,nan,nan,nan,0
meps,variance_global_mag1.5,lr,per_subgroup_ewma[min_neg],BalAcc,nan,nan,nan,nan,0
meps,variance_global_mag1.5,lr,per_subgroup_baseline_relative[min_neg],DI_star,nan,nan,nan,nan,0
meps,variance_global_mag1.5,lr,per_subgroup_baseline_relative[min_neg],AOD_star,nan,nan,nan,nan,0
meps,variance_global_mag1.5,lr,per_subgroup_baseline_relative[min_neg],BalAcc,nan,nan,nan,nan,0
meps,variance_global_mag1.5,lr,per_subgroup_ewma[min_pos],DI_star,0.025067311404055104,0.20028725823370136,0.012913676749230277,0.17826405897953346,20
meps,variance_global_mag1.5,lr,per_subgroup_ewma[min_pos],AOD_star,0.10917293233082706,0.2326619534874562,0.07433314808029112,0.21268322349918511,20
meps,variance_global_mag1.5,lr,per_subgroup_ewma[min_pos],BalAcc,0.03958582981808114,0.23916203893215154,0.05422505894362308,0.252553402692748,20
meps,variance_global_mag1.5,lr,per_subgroup_baseline_relative[min_pos],DI_star,0.015855809355689317,0.2357094649662321,0.049950902918497506,0.21875325220248584,20
meps,variance_global_mag1.5,lr,per_subgroup_baseline_relative[min_pos],AOD_star,0.018421052631578946,0.21985912520740744,0.0748077784025406,0.2188509418764216,20
meps,variance_global_mag1.5,lr,per_subgroup_baseline_relative[min_pos],BalAcc,0.07116180756561775,0.21037908618771956,0.06788183081688344,0.2259531711596474,20
meps,variance_global_mag1.5,lr,per_subgroup_ewma[maj_neg],DI_star,0.04586107325245068,0.2260620791692072,0.04793206364758488,0.22838000239771486,19
meps,variance_global_mag1.5,lr,per_subgroup_ewma[maj_neg],AOD_star,0.07149651715862915,0.25785078379115894,0.06643497643083492,0.24938392671110549,19
meps,variance_global_mag1.5,lr,per_subgroup_ewma[maj_neg],BalAcc,0.04289755272719553,0.27489399945414633,0.06542903856849802,0.27447451737273343,19
meps,variance_global_mag1.5,lr,per_subgroup_baseline_relative[maj_neg],DI_star,0.057848855301121944,0.2243047743447041,0.08712559134462018,0.2363271917584899,19
meps,variance_global_mag1.5,lr,per_subgroup_baseline_relative[maj_neg],AOD_star,0.06846854926966488,0.24103698505051038,0.095316198755947,0.24463379169056082,19
meps,variance_global_mag1.5,lr,per_subgroup_baseline_relative[maj_neg],BalAcc,0.09176486921494653,0.229173890590318,0.14163762840431865,0.2130886579491812,19
meps,variance_global_mag1.5,lr,per_subgroup_ewma[maj_pos],DI_star,0.018192688793542022,0.18554955277487095,0.023310728491012917,0.21083015335371416,20
meps,variance_global_mag1.5,lr,per_subgroup_ewma[maj_pos],AOD_star,0.08654135338345863,0.26432030062783046,0.07243406039286089,0.26773253739775577,20
meps,variance_global_mag1.5,lr,per_subgroup_ewma[maj_pos],BalAcc,-0.02849892740135159,0.1896020529528359,0.005936147127743563,0.18533937457062044,20
meps,variance_global_mag1.5,lr,per_subgroup_baseline_relative[maj_pos],DI_star,-0.010005599856524966,0.19786898443957857,-0.014265584961953997,0.17690052257755762,20
meps,variance_global_mag1.5,lr,per_subgroup_baseline_relative[maj_pos],AOD_star,0.0600751879699248,0.23997120212775874,0.04622811096958394,0.23038634225492619,20
meps,variance_global_mag1.5,lr,per_subgroup_baseline_relative[maj_pos],BalAcc,0.009056883792966954,0.24000932735161706,0.015128101718605475,0.22395649480635893,20
meps,variance_global_mag1.5,xgb,global_mean,DI_star,0.03428571428571428,0.22510660410104466,-0.01854876530092202,0.21707011298249432,20
meps,variance_global_mag1.5,xgb,global_mean,AOD_star,0.02406015037593985,0.23810404943463498,0.019455078122210017,0.21637660313436488,20
meps,variance_global_mag1.5,xgb,global_mean,BalAcc,0.050676691729323306,0.21078185350653933,0.015173377212648368,0.19513944855052498,20
meps,variance_global_mag1.5,xgb,global_ewma,DI_star,0.006842105263157897,0.23273778747899385,-0.02958791424332117,0.21937284638393567,20
meps,variance_global_mag1.5,xgb,global_ewma,AOD_star,0.024135338345864656,0.22458206106873482,0.025422239343365523,0.2272484873780384,20
meps,variance_global_mag1.5,xgb,global_ewma,BalAcc,0.03887218045112782,0.21299480573226234,-0.0010876016318803667,0.20271344547906517,20
meps,variance_global_mag1.5,xgb,global_std,DI_star,0.09563909774436088,0.21719273373819603,0.09196338898499853,0.21217708212050818,20
meps,variance_global_mag1.5,xgb,global_std,AOD_star,0.034210526315789455,0.21513109855187348,0.01172814882140672,0.2081434569335016,20
meps,variance_global_mag1.5,xgb,global_std,BalAcc,0.06240601503759398,0.21332749747044483,0.06144186211037891,0.20365500011266333,20
meps,variance_global_mag1.5,xgb,subgroup_violation_diff,DI_star,0.031954887218045104,0.22918194829619604,0.032135837279376245,0.2368038238640625,20
meps,variance_global_mag1.5,xgb,subgroup_violation_diff,AOD_star,0.012030075187969924,0.19194002869905383,0.02264180788088714,0.22708835761805,20
meps,variance_global_mag1.5,xgb,subgroup_violation_diff,BalAcc,0.009624060150375934,0.2038686276048849,0.023285697917619246,0.240126009207693,20
meps,variance_global_mag1.5,xgb,max_subgroup_deviation,DI_star,0.007593984962406017,0.2205290074664808,0.02638266561991503,0.20451858145113497,20
meps,variance_global_mag1.5,xgb,max_subgroup_deviation,AOD_star,-0.023233082706766914,0.23062123761206024,0.02344876798701936,0.2479411752839815,20
meps,variance_global_mag1.5,xgb,max_subgroup_deviation,BalAcc,0.03661654135338345,0.2771083309447329,0.011322424186194242,0.276246335146411,20
meps,variance_global_mag1.5,xgb,assignment_proportion_drift,DI_star,-0.015675464842739083,0.23781784555059957,0.02760337694342064,0.2281079912420535,20
meps,variance_global_mag1.5,xgb,assignment_proportion_drift,AOD_star,-0.029045377476741536,0.21873155992122106,0.03203072036257835,0.23192821850494505,20
meps,variance_global_mag1.5,xgb,assignment_proportion_drift,BalAcc,-0.056583504198836954,0.313399644698563,0.009760984438366885,0.27597443052122345,20
meps,variance_global_mag1.5,xgb,ks_statistic,DI_star,-0.024586466165413528,0.24779804773870323,0.03291854577330945,0.20109444941727497,20
meps,variance_global_mag1.5,xgb,ks_statistic,AOD_star,0.016992481203007524,0.21570751109057335,0.04404277392725645,0.21979279307963687,20
meps,variance_global_mag1.5,xgb,ks_statistic,BalAcc,-0.014887218045112782,0.2581424970033331,0.0021476102378936712,0.26464972159434286,20
meps,variance_global_mag1.5,xgb,kl_divergence,DI_star,-0.007969924812030077,0.2047621747144544,-0.032404195045623294,0.19203786236770146,20
meps,variance_global_mag1.5,xgb,kl_divergence,AOD_star,-0.0030827067669172924,0.19650889101472643,0.00922794622134757,0.1986893772197189,20
meps,variance_global_mag1.5,xgb,kl_divergence,BalAcc,0.01390977443609023,0.21401506453739577,0.008935848406403204,0.21310133473164072,20
meps,variance_global_mag1.5,xgb,per_subgroup_ewma[min_neg],DI_star,nan,nan,nan,nan,0
meps,variance_global_mag1.5,xgb,per_subgroup_ewma[min_neg],AOD_star,nan,nan,nan,nan,0
meps,variance_global_mag1.5,xgb,per_subgroup_ewma[min_neg],BalAcc,nan,nan,nan,nan,0
meps,variance_global_mag1.5,xgb,per_subgroup_baseline_relative[min_neg],DI_star,nan,nan,nan,nan,0
meps,variance_global_mag1.5,xgb,per_subgroup_baseline_relative[min_neg],AOD_star,nan,nan,nan,nan,0
meps,variance_global_mag1.5,xgb,per_subgroup_baseline_relative[min_neg],BalAcc,nan,nan,nan,nan,0
meps,variance_global_mag1.5,xgb,per_subgroup_ewma[min_pos],DI_star,0.0030827067669172924,0.2481984269801227,-0.02045469882506165,0.2216521100518461,20
meps,variance_global_mag1.5,xgb,per_subgroup_ewma[min_pos],AOD_star,0.02210526315789474,0.24415102612320272,0.017506139235814087,0.2403050931331375,20
meps,variance_global_mag1.5,xgb,per_subgroup_ewma[min_pos],BalAcc,0.03037593984962405,0.23616138001548914,0.0020769057146765024,0.23435380095796143,20
meps,variance_global_mag1.5,xgb,per_subgroup_baseline_relative[min_pos],DI_star,0.00556390977443609,0.25325786137767925,0.015321823334421373,0.23114369609864072,20
meps,variance_global_mag1.5,xgb,per_subgroup_baseline_relative[min_pos],AOD_star,-0.006240601503759398,0.2588818107961735,0.019681732772057894,0.2504557967266355,20
meps,variance_global_mag1.5,xgb,per_subgroup_baseline_relative[min_pos],BalAcc,0.04195488721804511,0.23679312060571708,0.02243524357734738,0.259397122723531,20
meps,variance_global_mag1.5,xgb,per_subgroup_ewma[maj_neg],DI_star,-0.028648429572175574,0.2668080705747833,-0.053014898872376516,0.23440463282745094,19
meps,variance_global_mag1.5,xgb,per_subgroup_ewma[maj_neg],AOD_star,-0.06932686057090146,0.24841247453616191,-0.03598735787096004,0.24676527845767632,19
meps,variance_global_mag1.5,xgb,per_subgroup_ewma[maj_neg],BalAcc,0.033104847913285426,0.27837433623600155,0.01734350695885259,0.27254721311605706,19
meps,variance_global_mag1.5,xgb,per_subgroup_baseline_relative[maj_neg],DI_star,-0.007893499129658395,0.24667816026451125,-0.027027069854421132,0.2402191859220314,19
meps,variance_global_mag1.5,xgb,per_subgroup_baseline_relative[maj_neg],AOD_star,-0.05370814397544501,0.24929575447818805,-0.02409476745300625,0.2632110949914215,19
meps,variance_global_mag1.5,xgb,per_subgroup_baseline_relative[maj_neg],BalAcc,0.042907715500463246,0.2599334600985926,0.0700808338770525,0.23155531441422167,19
meps,variance_global_mag1.5,xgb,per_subgroup_ewma[maj_pos],DI_star,-0.025413533834586454,0.23271758936049788,-0.03253403682047949,0.21921664356588139,20
meps,variance_global_mag1.5,xgb,per_subgroup_ewma[maj_pos],AOD_star,0.0037593984962406026,0.24597224658646122,0.012398006135587659,0.25000511963079985,20
meps,variance_global_mag1.5,xgb,per_subgroup_ewma[maj_pos],BalAcc,-0.04037593984962405,0.18575736920731506,-0.01561481501675686,0.2173286074249245,20
meps,variance_global_mag1.5,xgb,per_subgroup_baseline_relative[maj_pos],DI_star,-0.035413533834586466,0.23815033131226965,-0.0562163821340745,0.20701583112656202,20
meps,variance_global_mag1.5,xgb,per_subgroup_baseline_relative[maj_pos],AOD_star,-0.028721804511278197,0.21908690711711934,-0.016698450767391564,0.19443686211837027,20
meps,variance_global_mag1.5,xgb,per_subgroup_baseline_relative[maj_pos],BalAcc,0.0017293233082706812,0.15961417880655993,-0.010998979707473277,0.17715180946070305,20
meps,variance_global_mag2.0,lr,global_mean,DI_star,0.04684210526315789,0.20947820461579403,0.025008218851464974,0.18353719598131343,20
meps,variance_global_mag2.0,lr,global_mean,AOD_star,0.11157894736842104,0.2202669275272971,0.0879584965526379,0.19830377772516566,20
meps,variance_global_mag2.0,lr,global_mean,BalAcc,-0.001878539681870188,0.22433859157915947,0.005062547457631215,0.22612494075522538,20
meps,variance_global_mag2.0,lr,global_ewma,DI_star,0.029699248120300746,0.1989706537331029,0.03198365929680711,0.1890502677759643,20
meps,variance_global_mag2.0,lr,global_ewma,AOD_star,0.09947368421052631,0.2180172525628653,0.0970236032564607,0.20819264336832502,20
meps,variance_global_mag2.0,lr,global_ewma,BalAcc,-0.019509001486143977,0.2153416929040388,-0.024047749398860212,0.2079925460760755,20
meps,variance_global_mag2.0,lr,global_std,DI_star,0.08601503759398496,0.17155489343955224,0.1005187428828164,0.15587289518671413,20
meps,variance_global_mag2.0,lr,global_std,AOD_star,0.03631578947368421,0.20016459675052503,0.0026323676127437343,0.16217416312160673,20
meps,variance_global_mag2.0,lr,global_std,BalAcc,0.013906210891028883,0.22469398450028688,0.009232914691518438,0.22536108866564228,20
meps,variance_global_mag2.0,lr,subgroup_violation_diff,DI_star,0.05714285714285714,0.18501680231967,0.0706457760526228,0.19101446915334303,20
meps,variance_global_mag2.0,lr,subgroup_violation_diff,AOD_star,0.06060150375939849,0.22962908247458247,0.07840315084091447,0.2009348794984952,20
meps,variance_global_mag2.0,lr,subgroup_violation_diff,BalAcc,0.015228773928540006,0.23409841951170368,0.028678103402093223,0.22752494530761058,20
meps,variance_global_mag2.0,lr,max_subgroup_deviation,DI_star,0.01985573299454124,0.18163215048824,0.06210572945317501,0.16685024319269945,20
meps,variance_global_mag2.0,lr,max_subgroup_deviation,AOD_star,0.0820327337057141,0.21782611272106886,0.10390970140696949,0.20046103733693657,20
meps,variance_global_mag2.0,lr,max_subgroup_deviation,BalAcc,0.013236929072864872,0.23488244025644275,0.01965829200621876,0.23017669302742771,20
meps,variance_global_mag2.0,lr,assignment_proportion_drift,DI_star,0.03318612281344815,0.20599530089501622,0.05853100641808159,0.1842947836584662,20
meps,variance_global_mag2.0,lr,assignment_proportion_drift,AOD_star,0.04729533129508854,0.22809414781495024,0.08639499837756619,0.1894121298313236,20
meps,variance_global_mag2.0,lr,assignment_proportion_drift,BalAcc,-0.054611807898417145,0.22538107591406611,0.013861773272979373,0.23641403172558326,20
meps,variance_global_mag2.0,lr,ks_statistic,DI_star,0.034661654135338345,0.2214116439142909,0.057828625044415494,0.18791694147486748,20
meps,variance_global_mag2.0,lr,ks_statistic,AOD_star,0.09015037593984962,0.23288639562213898,0.08871415687931905,0.20349184993159394,20
meps,variance_global_mag2.0,lr,ks_statistic,BalAcc,-0.04860875387640618,0.2252004014584778,-0.005836259048401534,0.23950148954344916,20
meps,variance_global_mag2.0,lr,kl_divergence,DI_star,-0.008120300751879696,0.19923444413271277,0.009376896404777499,0.1918506737662643,20
meps,variance_global_mag2.0,lr,kl_divergence,AOD_star,0.0675187969924812,0.21103209920187416,0.08866348792067234,0.2083014915990722,20
meps,variance_global_mag2.0,lr,kl_divergence,BalAcc,-0.04255596674588869,0.2203930144779984,-0.02258417472521501,0.2349862674500919,20
meps,variance_global_mag2.0,lr,per_subgroup_ewma[min_neg],DI_star,nan,nan,nan,nan,0
meps,variance_global_mag2.0,lr,per_subgroup_ewma[min_neg],AOD_star,nan,nan,nan,nan,0
meps,variance_global_mag2.0,lr,per_subgroup_ewma[min_neg],BalAcc,nan,nan,nan,nan,0
meps,variance_global_mag2.0,lr,per_subgroup_baseline_relative[min_neg],DI_star,nan,nan,nan,nan,0
meps,variance_global_mag2.0,lr,per_subgroup_baseline_relative[min_neg],AOD_star,nan,nan,nan,nan,0
meps,variance_global_mag2.0,lr,per_subgroup_baseline_relative[min_neg],BalAcc,nan,nan,nan,nan,0
meps,variance_global_mag2.0,lr,per_subgroup_ewma[min_pos],DI_star,0.03887218045112782,0.20045415956960264,0.026963155741085466,0.18457316883348,20
meps,variance_global_mag2.0,lr,per_subgroup_ewma[min_pos],AOD_star,0.10421052631578945,0.21877301369779376,0.0883152030358449,0.19449100936168306,20
meps,variance_global_mag2.0,lr,per_subgroup_ewma[min_pos],BalAcc,-0.025825582858730704,0.20964559039597228,-0.005561150663813442,0.2306725373792766,20
meps,variance_global_mag2.0,lr,per_subgroup_baseline_relative[min_pos],DI_star,0.029172932330827066,0.22590520545573625,0.06413030612154925,0.18962337090082426,20
meps,variance_global_mag2.0,lr,per_subgroup_baseline_relative[min_pos],AOD_star,0.08947368421052632,0.2497936284288758,0.09765262011229588,0.20215996946572187,20
meps,variance_global_mag2.0,lr,per_subgroup_baseline_relative[min_pos],BalAcc,0.0034203031558319107,0.22707721563222003,0.021072396861112435,0.2353156590405165,20
meps,variance_global_mag2.0,lr,per_subgroup_ewma[maj_neg],DI_star,0.02057711029780844,0.19408725052387255,0.007088278942008444,0.19185984482118074,20
meps,variance_global_mag2.0,lr,per_subgroup_ewma[maj_neg],AOD_star,0.04965134446796645,0.23663135525012124,0.033382945967425595,0.22207321319120588,20
meps,variance_global_mag2.0,lr,per_subgroup_ewma[maj_neg],BalAcc,-0.006420700879011513,0.18488347215034145,0.004617894192184478,0.19960423020596424,20
meps,variance_global_mag2.0,lr,per_subgroup_baseline_relative[maj_neg],DI_star,-0.020564798473489306,0.22529742192321225,0.003081947277375105,0.2385794492785163,20
meps,variance_global_mag2.0,lr,per_subgroup_baseline_relative[maj_neg],AOD_star,0.04475579877514571,0.2652912396962941,0.08387138514796341,0.26556114615029697,20
meps,variance_global_mag2.0,lr,per_subgroup_baseline_relative[maj_neg],BalAcc,0.05320863937963555,0.17437269814020673,0.1377312366101172,0.1684872323037993,20
meps,variance_global_mag2.0,lr,per_subgroup_ewma[maj_pos],DI_star,0.0011278195488721664,0.2118133991265007,0.0337250921781462,0.20027323834929195,20
meps,variance_global_mag2.0,lr,per_subgroup_ewma[maj_pos],AOD_star,0.08458646616541353,0.21209931946692667,0.09728178238420156,0.224256061030875,20
meps,variance_global_mag2.0,lr,per_subgroup_ewma[maj_pos],BalAcc,-0.020676663447219645,0.18631560721432902,-0.03719028329373224,0.19037591706093074,20
meps,variance_global_mag2.0,lr,per_subgroup_baseline_relative[maj_pos],DI_star,0.008872180451127814,0.20759282759274666,-0.009835671413522628,0.18663167387748225,20
meps,variance_global_mag2.0,lr,per_subgroup_baseline_relative[maj_pos],AOD_star,0.08157894736842104,0.20528649788810263,0.05953487108367398,0.19704396037222563,20
meps,variance_global_mag2.0,lr,per_subgroup_baseline_relative[maj_pos],BalAcc,-0.015941122318724917,0.20283112734322067,-0.018303531645690808,0.21975041344948407,20
meps,variance_global_mag2.0,xgb,global_mean,DI_star,-0.0061365445778517325,0.2231772996354724,-0.04531785785518318,0.20681817167863484,20
meps,variance_global_mag2.0,xgb,global_mean,AOD_star,0.01593984962406015,0.2281933953403875,0.01751628542834579,0.21436587733196066,20
meps,variance_global_mag2.0,xgb,global_mean,BalAcc,0.03894903706516865,0.21987442894182363,0.011065745893350052,0.20645189296810798,20
meps,variance_global_mag2.0,xgb,global_ewma,DI_star,-0.025385258802780496,0.22609122495339318,-0.05904730233205151,0.20825078722823165,20
meps,variance_global_mag2.0,xgb,global_ewma,AOD_star,0.013533834586466158,0.22376273342166755,0.013256870978815189,0.20658000328940343,20
meps,variance_global_mag2.0,xgb,global_ewma,BalAcc,0.022596063697025118,0.22358567907913782,-0.003654355436437759,0.20241627147310226,20
meps,variance_global_mag2.0,xgb,global_std,DI_star,0.10846864434018566,0.20536635237086706,0.11011616310174781,0.1950685942212282,20
meps,variance_global_mag2.0,xgb,global_std,AOD_star,0.04180451127819548,0.22433681259132193,0.007381434551377704,0.2322808884264642,20
meps,variance_global_mag2.0,xgb,global_std,BalAcc,0.02770545179947297,0.24522021470646155,0.05666925155629743,0.24810476906391069,20
meps,variance_global_mag2.0,xgb,subgroup_violation_diff,DI_star,0.042180479409923206,0.1678538143967962,0.043992966161255996,0.19406183997321907,20
meps,variance_global_mag2.0,xgb,subgroup_violation_diff,AOD_star,0.058496240601503754,0.2042473418484478,0.036818001727970215,0.21930593657816416,20
meps,variance_global_mag2.0,xgb,subgroup_violation_diff,BalAcc,0.03251946162191724,0.22787400295205804,0.012783107380614302,0.2595164982653578,20
meps,variance_global_mag2.0,xgb,max_subgroup_deviation,DI_star,-0.031061794980533665,0.15471039119240143,-0.0007630194101557915,0.18938482159953632,20
meps,variance_global_mag2.0,xgb,max_subgroup_deviation,AOD_star,-0.003647366017100415,0.2637735264164335,0.031167958632739613,0.23236752069186678,20
meps,variance_global_mag2.0,xgb,max_subgroup_deviation,BalAcc,0.019442382993628576,0.22596996030887645,0.011398745234920266,0.2511448620985289,20
meps,variance_global_mag2.0,xgb,assignment_proportion_drift,DI_star,-0.003943733580399994,0.18897033808650543,0.02106369880608295,0.20706415276441265,20
meps,variance_global_mag2.0,xgb,assignment_proportion_drift,AOD_star,-0.008208287407679175,0.21409577376535072,0.03332988197302753,0.22693873730261743,20
meps,variance_global_mag2.0,xgb,assignment_proportion_drift,BalAcc,-0.025096624301822006,0.2675681732560749,0.0020657991695853363,0.27599167710267236,20
meps,variance_global_mag2.0,xgb,ks_statistic,DI_star,-0.014407390962203026,0.23299338475899536,0.002389450695229621,0.19669413414627185,20
meps,variance_global_mag2.0,xgb,ks_statistic,AOD_star,0.03977443609022555,0.23000513700890102,0.039578695361171395,0.22865592064906481,20
meps,variance_global_mag2.0,xgb,ks_statistic,BalAcc,-0.0002980650798514034,0.2290053274415654,-0.003350097936421231,0.2613091542307986,20
meps,variance_global_mag2.0,xgb,kl_divergence,DI_star,-0.05504907651904893,0.24810882862423686,-0.060814980403612606,0.22542222280070495,20
meps,variance_global_mag2.0,xgb,kl_divergence,AOD_star,-0.017669172932330824,0.25701305918132844,0.009422351801904282,0.24070239440559102,20
meps,variance_global_mag2.0,xgb,kl_divergence,BalAcc,0.002895656010474251,0.2698146014971664,-0.01185107488340098,0.23750300140968247,20
meps,variance_global_mag2.0,xgb,per_subgroup_ewma[min_neg],DI_star,nan,nan,nan,nan,0
meps,variance_global_mag2.0,xgb,per_subgroup_ewma[min_neg],AOD_star,nan,nan,nan,nan,0
meps,variance_global_mag2.0,xgb,per_subgroup_ewma[min_neg],BalAcc,nan,nan,nan,nan,0
meps,variance_global_mag2.0,xgb,per_subgroup_baseline_relative[min_neg],DI_star,nan,nan,nan,nan,0
meps,variance_global_mag2.0,xgb,per_subgroup_baseline_relative[min_neg],AOD_star,nan,nan,nan,nan,0
meps,variance_global_mag2.0,xgb,per_subgroup_baseline_relative[min_neg],BalAcc,nan,nan,nan,nan,0
meps,variance_global_mag2.0,xgb,per_subgroup_ewma[min_pos],DI_star,-0.02771622728096797,0.22712895439607597,-0.045148382957345704,0.2152083767432451,20
meps,variance_global_mag2.0,xgb,per_subgroup_ewma[min_pos],AOD_star,0.011127819548872177,0.2325078528432614,0.017692616013115538,0.22647609801986843,20
meps,variance_global_mag2.0,xgb,per_subgroup_ewma[min_pos],BalAcc,0.023197708866941925,0.22981984043304363,0.00099062602756039,0.22873600445252495,20
meps,variance_global_mag2.0,xgb,per_subgroup_baseline_relative[min_pos],DI_star,-0.011434482388236666,0.17419430751277137,0.004802609133448597,0.203361529945263,20
meps,variance_global_mag2.0,xgb,per_subgroup_baseline_relative[min_pos],AOD_star,0.01593984962406015,0.25992227820271296,0.02961667308616925,0.24074005626836673,20
meps,variance_global_mag2.0,xgb,per_subgroup_baseline_relative[min_pos],BalAcc,0.03301071467470621,0.22754336764802552,0.01399726021464967,0.2610607329912701,20
meps,variance_global_mag2.0,xgb,per_subgroup_ewma[maj_neg],DI_star,-0.06373121499583843,0.19655825225548698,-0.08406580860990928,0.18043999345308712,20
meps,variance_global_mag2.0,xgb,per_subgroup_ewma[maj_neg],AOD_star,-0.03196874643378296,0.2031662917439155,-0.028718066993018775,0.1869809924347091,20
meps,variance_global_mag2.0,xgb,per_subgroup_ewma[maj_neg],BalAcc,0.026189148008254153,0.23113042154314076,-0.004795193300408065,0.2239191805459321,20
meps,variance_global_mag2.0,xgb,per_subgroup_baseline_relative[maj_neg],DI_star,-0.12820349812191964,0.21455819949329893,-0.09774181525536203,0.22743911053524832,20
meps,variance_global_mag2.0,xgb,per_subgroup_baseline_relative[maj_neg],AOD_star,-0.06995349725303363,0.2514893051009195,-0.03920896789448092,0.2571886048870494,20
meps,variance_global_mag2.0,xgb,per_subgroup_baseline_relative[maj_neg],BalAcc,0.025497288360464727,0.21874692676265844,0.05839054476479495,0.2001140333073497,20
meps,variance_global_mag2.0,xgb,per_subgroup_ewma[maj_pos],DI_star,-0.05948137694272222,0.22750804416682485,-0.06342259440721246,0.20223455058853415,20
meps,variance_global_mag2.0,xgb,per_subgroup_ewma[maj_pos],AOD_star,-0.009473684210526323,0.1900040911098387,0.00895899301752567,0.19564912206464768,20
meps,variance_global_mag2.0,xgb,per_subgroup_ewma[maj_pos],BalAcc,0.004625884346062095,0.18994127725009713,-0.011278725446285385,0.1899000686853152,20
meps,variance_global_mag2.0,xgb,per_subgroup_baseline_relative[maj_pos],DI_star,-0.04188906062443223,0.22655971988948065,-0.07934966413895322,0.1942981243491779,20
meps,variance_global_mag2.0,xgb,per_subgroup_baseline_relative[maj_pos],AOD_star,-0.00609022556390978,0.19340150934827804,-0.004626520686500128,0.1778376818617921,20
meps,variance_global_mag2.0,xgb,per_subgroup_baseline_relative[maj_pos],BalAcc,0.03176837382157164,0.1914041514097547,-7.869411244254485e-05,0.19418307383003955,20
meps,variance_global_mag2.5,lr,global_mean,DI_star,0.12157894736842104,0.1605697322914485,0.09827355896293877,0.12527343986579914,20
meps,variance_global_mag2.5,lr,global_mean,AOD_star,0.111203007518797,0.17872259529591833,0.10160816521779566,0.16260077921753718,20
meps,variance_global_mag2.5,lr,global_mean,BalAcc,-0.12187969924812028,0.20290137854637963,-0.09917316025131431,0.2084816199429061,20
meps,variance_global_mag2.5,lr,global_ewma,DI_star,0.1105263157894737,0.151701302210727,0.10704342248339063,0.12462324828330783,20
meps,variance_global_mag2.5,lr,global_ewma,AOD_star,0.1024812030075188,0.1742417085225668,0.10363953495941344,0.17904094583980326,20
meps,variance_global_mag2.5,lr,global_ewma,BalAcc,-0.12902255639097743,0.19263128547341365,-0.13260461857419628,0.19345369098196497,20
meps,variance_global_mag2.5,lr,global_std,DI_star,0.11218045112781956,0.19557222045573366,0.1323151198304855,0.18498174524105196,20
meps,variance_global_mag2.5,lr,global_std,AOD_star,0.01827067669172933,0.23446221646874948,0.03885817265801293,0.20247705410528952,20
meps,variance_global_mag2.5,lr,global_std,BalAcc,-0.027744360902255634,0.22384329971599784,-0.03180337379765289,0.2143152933641147,20
meps,variance_global_mag2.5,lr,subgroup_violation_diff,DI_star,0.0887218045112782,0.2237920382047626,0.1038567066370385,0.201253266825689,20
meps,variance_global_mag2.5,lr,subgroup_violation_diff,AOD_star,0.07706766917293231,0.21764800499615436,0.09090667542515328,0.2030380082005048,20
meps,variance_global_mag2.5,lr,subgroup_violation_diff,BalAcc,-0.0431578947368421,0.2199744047933844,-0.023282119341804398,0.21544971852121797,20
meps,variance_global_mag2.5,lr,max_subgroup_deviation,DI_star,0.0999248120300752,0.16836362809968494,0.12786019871738308,0.1358898047197591,20
meps,variance_global_mag2.5,lr,max_subgroup_deviation,AOD_star,0.09165413533834586,0.19751607795696258,0.1200133594927237,0.18513782849066196,20
meps,variance_global_mag2.5,lr,max_subgroup_deviation,BalAcc,-0.08864661654135339,0.1946195106222969,-0.07031859462052727,0.21133773339269404,20
meps,variance_global_mag2.5,lr,assignment_proportion_drift,DI_star,-0.003485854656645948,0.22303083419455194,0.08246805750545173,0.18402012167502413,20
meps,variance_global_mag2.5,lr,assignment_proportion_drift,AOD_star,0.03128255364405774,0.20629633551986895,0.08965356433162894,0.17723351095171108,20
meps,variance_global_mag2.5,lr,assignment_proportion_drift,BalAcc,-0.0038710370576446372,0.21209707151510607,-0.025053987544701128,0.21950498865186155,20
meps,variance_global_mag2.5,lr,ks_statistic,DI_star,0.09609022556390975,0.16730423212976292,0.10751597147109035,0.14601362392617445,20
meps,variance_global_mag2.5,lr,ks_statistic,AOD_star,0.0975187969924812,0.16628769358466383,0.1092468723697005,0.15776369539231558,20
meps,variance_global_mag2.5,lr,ks_statistic,BalAcc,-0.15045112781954886,0.17127514239425065,-0.08120310704880819,0.20362809031197987,20
meps,variance_global_mag2.5,lr,kl_divergence,DI_star,0.034661654135338345,0.16928048377373478,0.05319427931699592,0.13906728858193204,20
meps,variance_global_mag2.5,lr,kl_divergence,AOD_star,0.018120300751879696,0.1491525233128251,0.06339114108607342,0.16102253479126785,20
meps,variance_global_mag2.5,lr,kl_divergence,BalAcc,-0.1507518796992481,0.204154861360289,-0.10605961294494518,0.20375095589568482,20
meps,variance_global_mag2.5,lr,per_subgroup_ewma[min_neg],DI_star,nan,nan,nan,nan,0
meps,variance_global_mag2.5,lr,per_subgroup_ewma[min_neg],AOD_star,nan,nan,nan,nan,0
meps,variance_global_mag2.5,lr,per_subgroup_ewma[min_neg],BalAcc,nan,nan,nan,nan,0
meps,variance_global_mag2.5,lr,per_subgroup_baseline_relative[min_neg],DI_star,nan,nan,nan,nan,0
meps,variance_global_mag2.5,lr,per_subgroup_baseline_relative[min_neg],AOD_star,nan,nan,nan,nan,0
meps,variance_global_mag2.5,lr,per_subgroup_baseline_relative[min_neg],BalAcc,nan,nan,nan,nan,0
meps,variance_global_mag2.5,lr,per_subgroup_ewma[min_pos],DI_star,0.10902255639097744,0.16011507253232699,0.0978971966910577,0.13191637687231483,20
meps,variance_global_mag2.5,lr,per_subgroup_ewma[min_pos],AOD_star,0.10601503759398492,0.17292873484329221,0.10281923081809634,0.16447549515801285,20
meps,variance_global_mag2.5,lr,per_subgroup_ewma[min_pos],BalAcc,-0.13165413533834588,0.18665735711126624,-0.1089007193527702,0.20188289026094003,20
meps,variance_global_mag2.5,lr,per_subgroup_baseline_relative[min_pos],DI_star,0.11533834586466166,0.18692588249006287,0.11820321681642569,0.16243764563866991,20
meps,variance_global_mag2.5,lr,per_subgroup_baseline_relative[min_pos],AOD_star,0.097593984962406,0.18410947051635332,0.10859500695665356,0.17484784308101223,20
meps,variance_global_mag2.5,lr,per_subgroup_baseline_relative[min_pos],BalAcc,-0.11406015037593986,0.21793944808164425,-0.07234486486676475,0.21463046251514614,20
meps,variance_global_mag2.5,lr,per_subgroup_ewma[maj_neg],DI_star,0.0589749126738632,0.1772620066426467,0.06753291478797294,0.14305872480793005,20
meps,variance_global_mag2.5,lr,per_subgroup_ewma[maj_neg],AOD_star,0.04980494108648698,0.18774500613243159,0.07719447192333428,0.1952810412892247,20
meps,variance_global_mag2.5,lr,per_subgroup_ewma[maj_neg],BalAcc,-0.11520059699448038,0.22688589598503578,-0.10490533929985368,0.2073927389750264,20
meps,variance_global_mag2.5,lr,per_subgroup_baseline_relative[maj_neg],DI_star,0.011588601383165312,0.21573139050595652,0.033656812243218745,0.21973556543401063,20
meps,variance_global_mag2.5,lr,per_subgroup_baseline_relative[maj_neg],AOD_star,0.01472589803475175,0.2295352802845455,0.05568567935799111,0.23351343906234873,20
meps,variance_global_mag2.5,lr,per_subgroup_baseline_relative[maj_neg],BalAcc,0.016567674829207835,0.19692270880649168,0.030315199097414675,0.1576474105769911,20
meps,variance_global_mag2.5,lr,per_subgroup_ewma[maj_pos],DI_star,0.08045112781954887,0.1762971117285294,0.11282022083328655,0.13579288006867968,20
meps,variance_global_mag2.5,lr,per_subgroup_ewma[maj_pos],AOD_star,0.07240601503759399,0.18557102324869754,0.10242715384321974,0.19801436852129142,20
meps,variance_global_mag2.5,lr,per_subgroup_ewma[maj_pos],BalAcc,-0.12849624060150378,0.19007332908104063,-0.14852221997278625,0.19254427566562066,20
meps,variance_global_mag2.5,lr,per_subgroup_baseline_relative[maj_pos],DI_star,0.07804511278195489,0.15472281222702194,0.07470824321655496,0.12703610420754488,20
meps,variance_global_mag2.5,lr,per_subgroup_baseline_relative[maj_pos],AOD_star,0.08060150375939848,0.16412237023362458,0.07984456643463113,0.171762310746011,20
meps,variance_global_mag2.5,lr,per_subgroup_baseline_relative[maj_pos],BalAcc,-0.12804511278195488,0.2068127221991656,-0.1210988887029794,0.2100918797135121,20
meps,variance_global_mag2.5,xgb,global_mean,DI_star,-0.020309434485523303,0.21292372827884232,-0.046782430691949387,0.20066347999482695,20
meps,variance_global_mag2.5,xgb,global_mean,AOD_star,0.005037593984962413,0.22945578572084172,0.01580994254502594,0.219173812435404,20
meps,variance_global_mag2.5,xgb,global_mean,BalAcc,0.027482800946375674,0.21999629008464902,0.007153117735346007,0.21248823565794223,20
meps,variance_global_mag2.5,xgb,global_ewma,DI_star,-0.03688853740551449,0.21368427722330824,-0.06943580293981114,0.20041285738357187,20
meps,variance_global_mag2.5,xgb,global_ewma,AOD_star,0.004360902255639081,0.22852883457505907,0.008627602660791534,0.20814677621160604,20
meps,variance_global_mag2.5,xgb,global_ewma,BalAcc,0.020641176478980006,0.22615737553839774,-0.0035318021674600798,0.20410667906010116,20
meps,variance_global_mag2.5,xgb,global_std,DI_star,0.035570980300351454,0.2281354987728736,0.05197307639449546,0.2258941055782702,20
meps,variance_global_mag2.5,xgb,global_std,AOD_star,0.0017293233082706736,0.261009176158631,0.0004169870014955982,0.2541067014489136,20
meps,variance_global_mag2.5,xgb,global_std,BalAcc,0.009585264176007918,0.21350179798307364,0.044036760680605726,0.2374185465261176,20
meps,variance_global_mag2.5,xgb,subgroup_violation_diff,DI_star,0.03172870110199012,0.1818742483959642,0.033840220910893434,0.20297939563731898,20
meps,variance_global_mag2.5,xgb,subgroup_violation_diff,AOD_star,0.05684210526315788,0.23513508241379052,0.04052680468444082,0.23279799838924278,20
meps,variance_global_mag2.5,xgb,subgroup_violation_diff,BalAcc,-0.039058099923424405,0.23418985395767333,-0.0033864461621743837,0.2615638579657869,20
meps,variance_global_mag2.5,xgb,max_subgroup_deviation,DI_star,-0.03636185394869321,0.2023547523648699,-0.018224584645451326,0.19643909945667534,20
meps,variance_global_mag2.5,xgb,max_subgroup_deviation,AOD_star,-0.021804511278195497,0.24999949120870835,0.020590338245618643,0.24976022849127935,20
meps,variance_global_mag2.5,xgb,max_subgroup_deviation,BalAcc,-0.0072911967712431455,0.2061002823870709,-0.0018767664850682458,0.2440118811394868,20
meps,variance_global_mag2.5,xgb,assignment_proportion_drift,DI_star,0.012951608473758864,0.1821751250282487,0.014683172746707116,0.19927023327368865,20
meps,variance_global_mag2.5,xgb,assignment_proportion_drift,AOD_star,0.015056515439229177,0.2216415389785806,0.03380153632165933,0.22641198191612757,20
meps,variance_global_mag2.5,xgb,assignment_proportion_drift,BalAcc,-0.02396243826569961,0.2887387943859084,0.0032179225814644163,0.276640174076131,20
meps,variance_global_mag2.5,xgb,ks_statistic,DI_star,-0.040761410768182016,0.22697114492447862,-0.019274128603775365,0.20555225989295595,20
meps,variance_global_mag2.5,xgb,ks_statistic,AOD_star,0.0064661654135338325,0.23686196360237238,0.025393810315467058,0.23040230146111762,20
meps,variance_global_mag2.5,xgb,ks_statistic,BalAcc,-0.013568755912632569,0.24516388566733088,-0.006934418935415476,0.26331951622248245,20
meps,variance_global_mag2.5,xgb,kl_divergence,DI_star,-0.08598565956013621,0.21766641750099108,-0.07631861243336716,0.20962243927332763,20
meps,variance_global_mag2.5,xgb,kl_divergence,AOD_star,-0.03917293233082707,0.20881174797120702,0.001997788297502758,0.20169487472917783,20
meps,variance_global_mag2.5,xgb,kl_divergence,BalAcc,-0.02755377488285493,0.2522967819955931,-0.016715662974079174,0.2326344485409858,20
meps,variance_global_mag2.5,xgb,per_subgroup_ewma[min_neg],DI_star,nan,nan,nan,nan,0
meps,variance_global_mag2.5,xgb,per_subgroup_ewma[min_neg],AOD_star,nan,nan,nan,nan,0
meps,variance_global_mag2.5,xgb,per_subgroup_ewma[min_neg],BalAcc,nan,nan,nan,nan,0
meps,variance_global_mag2.5,xgb,per_subgroup_baseline_relative[min_neg],DI_star,nan,nan,nan,nan,0
meps,variance_global_mag2.5,xgb,per_subgroup_baseline_relative[min_neg],AOD_star,nan,nan,nan,nan,0
meps,variance_global_mag2.5,xgb,per_subgroup_baseline_relative[min_neg],BalAcc,nan,nan,nan,nan,0
meps,variance_global_mag2.5,xgb,per_subgroup_ewma[min_pos],DI_star,-0.0420019132845786,0.21942777049166584,-0.05821680109813502,0.2093043992315592,20
meps,variance_global_mag2.5,xgb,per_subgroup_ewma[min_pos],AOD_star,0.0028571428571428567,0.2327059287946329,0.013696608866971747,0.22222875693690355,20
meps,variance_global_mag2.5,xgb,per_subgroup_ewma[min_pos],BalAcc,0.020942069769197554,0.2274765903783571,-0.0015668290134151803,0.224797844328195,20
meps,variance_global_mag2.5,xgb,per_subgroup_baseline_relative[min_pos],DI_star,-0.027114412418429205,0.22860001679116776,-0.00870953952100412,0.20762556186262687,20
meps,variance_global_mag2.5,xgb,per_subgroup_baseline_relative[min_pos],AOD_star,0.0021052631578947364,0.24832773284078868,0.02757918365670813,0.24629617326665212,20
meps,variance_global_mag2.5,xgb,per_subgroup_baseline_relative[min_pos],BalAcc,-0.015336281271094371,0.21874550977121682,-0.0002901670129575373,0.2563881900404305,20
meps,variance_global_mag2.5,xgb,per_subgroup_ewma[maj_neg],DI_star,-0.039169442796887236,0.20075653961559928,-0.06802343836636757,0.1740812173549495,20
meps,variance_global_mag2.5,xgb,per_subgroup_ewma[maj_neg],AOD_star,-0.039211818574282055,0.23486817832529494,-0.010156283430428218,0.20364365641450452,20
meps,variance_global_mag2.5,xgb,per_subgroup_ewma[maj_neg],BalAcc,0.023981725550996553,0.21252310113000886,0.008090559427727715,0.2107388512725286,20
meps,variance_global_mag2.5,xgb,per_subgroup_baseline_relative[maj_neg],DI_star,-0.020797608613396475,0.19623969144096934,-0.042158431398311914,0.20173037906608002,20
meps,variance_global_mag2.5,xgb,per_subgroup_baseline_relative[maj_neg],AOD_star,-0.031005701053516427,0.2234571083715764,0.002593984879226425,0.24471782217128032,20
meps,variance_global_mag2.5,xgb,per_subgroup_baseline_relative[maj_neg],BalAcc,0.05828019822736563,0.1912888835496873,0.06735797334941314,0.20240666920102543,20
meps,variance_global_mag2.5,xgb,per_subgroup_ewma[maj_pos],DI_star,-0.0630920964253329,0.21041710624145746,-0.07216732822108492,0.19384012322430869,20
meps,variance_global_mag2.5,xgb,per_subgroup_ewma[maj_pos],AOD_star,-0.015338345864661651,0.1933320012456196,0.00670478078312705,0.20100309211265116,20
meps,variance_global_mag2.5,xgb,per_subgroup_ewma[maj_pos],BalAcc,0.008610988162595451,0.20020936315019888,-0.007354643048274434,0.1934318296201891,20
meps,variance_global_mag2.5,xgb,per_subgroup_baseline_relative[maj_pos],DI_star,-0.05335456140853001,0.20823991485755564,-0.06977352326568194,0.18441920522816327,20
meps,variance_global_mag2.5,xgb,per_subgroup_baseline_relative[maj_pos],AOD_star,-0.019248120300751875,0.1917329205028907,-0.0008804732316146105,0.19324651681312555,20
meps,variance_global_mag2.5,xgb,per_subgroup_baseline_relative[maj_pos],BalAcc,0.026543106873885662,0.21307284219712036,0.0008909910337785473,0.20172970131105936,20
credit,no_drift,lr,global_mean,DI_star,0.06157894736842105,0.20231990202494834,0.07907298899317296,0.23080186590664908,20
credit,no_drift,lr,global_mean,AOD_star,0.008571428571428567,0.23642813804227664,0.03319657217974273,0.23152550520176132,20
credit,no_drift,lr,global_mean,BalAcc,0.07924812030075187,0.262816577795926,0.09257107923702122,0.20832764539687249,20
credit,no_drift,lr,global_ewma,DI_star,0.06759398496240601,0.14629768683074867,0.011180919069280782,0.1792165913986563,20
credit,no_drift,lr,global_ewma,AOD_star,-0.013834586466165408,0.2743796831514968,-0.0005354302369545386,0.2511915530746587,20
credit,no_drift,lr,global_ewma,BalAcc,0.07774436090225562,0.2462656131474573,0.10105930862625254,0.22269142243355794,20
credit,no_drift,lr,global_std,DI_star,0.04451127819548871,0.23739803473927967,0.04769476372097952,0.26064404726734874,20
credit,no_drift,lr,global_std,AOD_star,0.031729323308270684,0.22162827202431531,0.04746864156480967,0.21736596908861844,20
credit,no_drift,lr,global_std,BalAcc,0.09225563909774434,0.18189166552186822,0.08829913940339665,0.17257362465071635,20
credit,no_drift,lr,subgroup_violation_diff,DI_star,0.01451127819548872,0.21950266018955214,-0.020198871356773014,0.2072255081780231,20
credit,no_drift,lr,subgroup_violation_diff,AOD_star,0.011654135338345861,0.2594670825748541,-0.0003540241543913842,0.25095453983862087,20
credit,no_drift,lr,subgroup_violation_diff,BalAcc,-0.08819548872180452,0.24114706708853462,-0.07266530419434966,0.22631466662119912,20
credit,no_drift,lr,max_subgroup_deviation,DI_star,-0.013383458646616534,0.21439564519613288,-0.016716813916462278,0.2369412175718821,20
credit,no_drift,lr,max_subgroup_deviation,AOD_star,0.001503759398496255,0.2754967658148592,0.010460452950257172,0.23589209777174547,20
credit,no_drift,lr,max_subgroup_deviation,BalAcc,0.04135338345864662,0.224434515932565,0.042523157813900814,0.19981624732097245,20
credit,no_drift,lr,assignment_proportion_drift,DI_star,0.001992636754577659,0.24683997592551457,0.01760376334430487,0.23710592126857705,20
credit,no_drift,lr,assignment_proportion_drift,AOD_star,-0.0044376174591616285,0.22699508839127008,0.005165235823114375,0.24069762500891329,20
credit,no_drift,lr,assignment_proportion_drift,BalAcc,0.020718174503539154,0.1923576839132924,0.024963686400824293,0.17686228780849653,20
credit,no_drift,lr,ks_statistic,DI_star,0.027218045112781957,0.24006326073760773,0.019885916340642205,0.2560314353622126,20
credit,no_drift,lr,ks_statistic,AOD_star,0.01180451127819548,0.2767290245378173,-0.015201545518381803,0.2670431856550427,20
credit,no_drift,lr,ks_statistic,BalAcc,-0.03406015037593983,0.2268206967401132,-0.04831097003792734,0.23177787926873863,20
credit,no_drift,lr,kl_divergence,DI_star,0.01233082706766917,0.22368470335448332,0.026556363456854342,0.18875732921435057,20
credit,no_drift,lr,kl_divergence,AOD_star,-0.04022556390977443,0.23935007019565016,-0.015079933192050584,0.2001795794130411,20
credit,no_drift,lr,kl_divergence,BalAcc,-0.04714285714285714,0.2095300136386449,-0.058264167348849684,0.2151832912857987,20
credit,no_drift,lr,per_subgroup_ewma[min_neg],DI_star,0.07809236510531767,0.2660446496375066,0.09881241663805315,0.2307428815716807,20
credit,no_drift,lr,per_subgroup_ewma[min_neg],AOD_star,0.14008005249175454,0.22484867980821524,0.14671009448419017,0.2271892154057004,20
credit,no_drift,lr,per_subgroup_ewma[min_neg],BalAcc,0.017369128105223113,0.19991269592216032,0.027894214558702234,0.18270658075283047,20
credit,no_drift,lr,per_subgroup_baseline_relative[min_neg],DI_star,0.0338699525122238,0.19206670527297018,0.04734031340402958,0.18041105159397636,20
credit,no_drift,lr,per_subgroup_baseline_relative[min_neg],AOD_star,0.027469277931878845,0.25383571337866734,0.0031186845640480895,0.21978986230841036,20
credit,no_drift,lr,per_subgroup_baseline_relative[min_neg],BalAcc,-0.007142254642086607,0.2577985625341083,9.820940121107735e-05,0.24093737916909708,20
credit,no_drift,lr,per_subgroup_ewma[min_pos],DI_star,0.032781954887218044,0.28941903595088364,0.025970955831369186,0.24562038981406037,20
credit,no_drift,lr,per_subgroup_ewma[min_pos],AOD_star,-0.08007518796992483,0.2435606909263254,-0.06472624090302267,0.24205613298578904,20
credit,no_drift,lr,per_subgroup_ewma[min_pos],BalAcc,-0.060601503759398476,0.22774539104213512,-0.053983899873260896,0.21429073262900813,20
credit,no_drift,lr,per_subgroup_baseline_relative[min_pos],DI_star,0.017593984962406013,0.23138362038840726,0.01617709668088973,0.226772746484385,20
credit,no_drift,lr,per_subgroup_baseline_relative[min_pos],AOD_star,-0.03473684210526316,0.2426784882576346,-0.006884517791460073,0.25223210721785017,20
credit,no_drift,lr,per_subgroup_baseline_relative[min_pos],BalAcc,-0.09353383458646616,0.27838099890776663,-0.05385115431900154,0.27301990084973204,20
credit,no_drift,lr,per_subgroup_ewma[maj_neg],DI_star,-0.01593984962406015,0.21022072342679954,-0.013217070071729804,0.18905319702115797,20
credit,no_drift,lr,per_subgroup_ewma[maj_neg],AOD_star,0.02270676691729323,0.17623643147315868,0.006623424586191395,0.22245320655568762,20
credit,no_drift,lr,per_subgroup_ewma[maj_neg],BalAcc,0.04624060150375939,0.21409535140292013,0.06763410841334971,0.17971305368844318,20
credit,no_drift,lr,per_subgroup_baseline_relative[maj_neg],DI_star,0.03187969924812029,0.191538811437677,0.04598477120972191,0.20443921111225138,20
credit,no_drift,lr,per_subgroup_baseline_relative[maj_neg],AOD_star,-0.023684210526315787,0.16320457736234653,-0.030614760933535146,0.17978842181554078,20
credit,no_drift,lr,per_subgroup_baseline_relative[maj_neg],BalAcc,0.0676691729323308,0.20757055037342845,0.07841076131716332,0.2071916709916059,20
credit,no_drift,lr,per_subgroup_ewma[maj_pos],DI_star,-0.06353383458646615,0.2547595994308683,-0.04550765796073769,0.24695303370849517,20
credit,no_drift,lr,per_subgroup_ewma[maj_pos],AOD_star,0.029774436090225564,0.3082896014730177,0.0409910369988762,0.2691787606286907,20
credit,no_drift,lr,per_subgroup_ewma[maj_pos],BalAcc,0.04556390977443608,0.18331012106858105,0.06774108753339289,0.18961895254976371,20
credit,no_drift,lr,per_subgroup_baseline_relative[maj_pos],DI_star,-0.02533834586466165,0.21868160924233018,-0.015125492872029592,0.23606477392091718,20
credit,no_drift,lr,per_subgroup_baseline_relative[maj_pos],AOD_star,0.007744360902255651,0.2727727013045271,0.02282067365475581,0.22750496922523467,20
credit,no_drift,lr,per_subgroup_baseline_relative[maj_pos],BalAcc,0.05398496240601504,0.222590375377245,0.044014583222586216,0.19941667046469394,20
credit,no_drift,xgb,global_mean,DI_star,0.000827067669172929,0.21155894706438066,0.02022429089092512,0.21177303789859087,20
credit,no_drift,xgb,global_mean,AOD_star,-0.08458646616541353,0.273244244809473,-0.06160725516620881,0.24621970042631602,20
credit,no_drift,xgb,global_mean,BalAcc,0.0631578947368421,0.2425923275123426,0.05904021252211757,0.20318803840840027,20
credit,no_drift,xgb,global_ewma,DI_star,0.018646616541353387,0.17726089739368114,0.0034315369361137284,0.17593029889343642,20
credit,no_drift,xgb,global_ewma,AOD_star,-0.021353383458646617,0.22018889099798233,-0.040303113734641474,0.18968336432948785,20
credit,no_drift,xgb,global_ewma,BalAcc,0.013007518796992478,0.19956664849911895,-0.0014455196050930153,0.19707447525315033,20
credit,no_drift,xgb,global_std,DI_star,0.016842105263157887,0.21704754953362296,0.03782395411145521,0.20513545088682564,20
credit,no_drift,xgb,global_std,AOD_star,-0.07548872180451127,0.2284920717010406,-0.07466888663134315,0.2187858227196843,20
credit,no_drift,xgb,global_std,BalAcc,0.04233082706766917,0.2332947253027597,0.04229094935486327,0.1950400493269934,20
credit,no_drift,xgb,subgroup_violation_diff,DI_star,0.027368421052631577,0.1582828027430196,0.03614917575966482,0.15614898219021864,20
credit,no_drift,xgb,subgroup_violation_diff,AOD_star,0.025714285714285707,0.19711004928802994,0.024160802969376276,0.1845891729023424,20
credit,no_drift,xgb,subgroup_violation_diff,BalAcc,0.04338345864661653,0.20998441265653217,0.04405215488151547,0.20152988830641014,20
credit,no_drift,xgb,max_subgroup_deviation,DI_star,0.044511278195488724,0.19299883405423543,0.04703000533764605,0.1828860112766171,20
credit,no_drift,xgb,max_subgroup_deviation,AOD_star,-0.04699248120300751,0.2609284184407724,-0.04604912974271246,0.23699252981469718,20
credit,no_drift,xgb,max_subgroup_deviation,BalAcc,0.03323308270676692,0.23976966164196625,0.014044596703318531,0.22591501892465193,20
credit,no_drift,xgb,assignment_proportion_drift,DI_star,0.05086937062439496,0.15657238077539598,0.06079262910739832,0.15171800069974448,20
credit,no_drift,xgb,assignment_proportion_drift,AOD_star,0.048558277393226004,0.2606722793423789,0.03533685457228279,0.27340601904540335,20
credit,no_drift,xgb,assignment_proportion_drift,BalAcc,0.07673649282154885,0.258535768401668,0.09626997479485261,0.26843165321589685,20
credit,no_drift,xgb,ks_statistic,DI_star,0.042781954887218046,0.24608207030219162,0.04792775943869145,0.2380531079503452,20
credit,no_drift,xgb,ks_statistic,AOD_star,0.07195488721804512,0.23921370196136393,0.05187133942074614,0.21657149766471792,20
credit,no_drift,xgb,ks_statistic,BalAcc,0.07225563909774436,0.22514822599806877,0.06431098512721502,0.20540265457721357,20
credit,no_drift,xgb,kl_divergence,DI_star,0.04759398496240601,0.20178034827273042,0.055475930355042335,0.20987421707863294,20
credit,no_drift,xgb,kl_divergence,AOD_star,0.04511278195488721,0.21275193071737256,0.04723443788544183,0.17890720157589723,20
credit,no_drift,xgb,kl_divergence,BalAcc,0.024511278195488716,0.2010538687743467,0.03526246158301683,0.18843431316313383,20
credit,no_drift,xgb,per_subgroup_ewma[min_neg],DI_star,-0.10131594502525434,0.1598829994672404,-0.0874275574518457,0.14864244035964413,20
credit,no_drift,xgb,per_subgroup_ewma[min_neg],AOD_star,-0.06597807995635493,0.2127669634605396,-0.07062716520511267,0.20129490363112912,20
credit,no_drift,xgb,per_subgroup_ewma[min_neg],BalAcc,-0.003119296737199717,0.21152398973543673,0.0012500188624170933,0.21358735815174826,20
credit,no_drift,xgb,per_subgroup_baseline_relative[min_neg],DI_star,-0.04781392328207273,0.20790432705266862,-0.03416478647721426,0.20348173474594894,20
credit,no_drift,xgb,per_subgroup_baseline_relative[min_neg],AOD_star,-0.08770787571292805,0.22691980857738786,-0.039031261748765145,0.22854344800487622,20
credit,no_drift,xgb,per_subgroup_baseline_relative[min_neg],BalAcc,-0.09085773456821958,0.2073368753472502,-0.09733347672271034,0.2377743835618418,20
credit,no_drift,xgb,per_subgroup_ewma[min_pos],DI_star,0.08548872180451128,0.22078203221579365,0.09918903206457998,0.21266732308331818,20
credit,no_drift,xgb,per_subgroup_ewma[min_pos],AOD_star,0.02541353383458646,0.2537506097057813,0.019321440456179586,0.22902718524063434,20
credit,no_drift,xgb,per_subgroup_ewma[min_pos],BalAcc,0.017142857142857137,0.19755839049516435,0.0011577859482340802,0.1798840942660247,20
credit,no_drift,xgb,per_subgroup_baseline_relative[min_pos],DI_star,0.07225563909774435,0.19966588350233336,0.10519698089502413,0.2096856078983274,20
credit,no_drift,xgb,per_subgroup_baseline_relative[min_pos],AOD_star,-0.03812030075187971,0.226199243090608,-0.012765055656558754,0.20041382654896756,20
credit,no_drift,xgb,per_subgroup_baseline_relative[min_pos],BalAcc,0.0662406015037594,0.26514330531940883,0.07375585238240745,0.24648291137056388,20
credit,no_drift,xgb,per_subgroup_ewma[maj_neg],DI_star,-0.05330827067669173,0.17264472651723564,-0.07946084742810178,0.18109092270427973,20
credit,no_drift,xgb,per_subgroup_ewma[maj_neg],AOD_star,-0.07067669172932331,0.19883771038875903,-0.06867867741025066,0.18318023709160045,20
credit,no_drift,xgb,per_subgroup_ewma[maj_neg],BalAcc,0.013834586466165411,0.22604590107382547,0.0004989619845814613,0.2186705760292048,20
credit,no_drift,xgb,per_subgroup_baseline_relative[maj_neg],DI_star,-0.09150375939849625,0.2641486291385299,-0.09387159160690178,0.25096205077528094,20
credit,no_drift,xgb,per_subgroup_baseline_relative[maj_neg],AOD_star,-0.0904511278195489,0.27406825694251497,-0.07410572079438571,0.2712419725802473,20
credit,no_drift,xgb,per_subgroup_baseline_relative[maj_neg],BalAcc,-0.001353383458646614,0.14540187028979226,-0.01965833799046441,0.14609279201701472,20
credit,no_drift,xgb,per_subgroup_ewma[maj_pos],DI_star,-0.01699248120300752,0.14192581262085005,-0.012327727393797738,0.12794347768241476,20
credit,no_drift,xgb,per_subgroup_ewma[maj_pos],AOD_star,-0.07533834586466163,0.2224262472559616,-0.07541796543109983,0.1876628759115389,20
credit,no_drift,xgb,per_subgroup_ewma[maj_pos],BalAcc,0.016090225563909776,0.16232530715296098,0.012603863287760132,0.16286633628330838,20
credit,no_drift,xgb,per_subgroup_baseline_relative[maj_pos],DI_star,0.0337593984962406,0.19800433181211072,0.038961454563929285,0.18334564538953865,20
credit,no_drift,xgb,per_subgroup_baseline_relative[maj_pos],AOD_star,-0.021804511278195483,0.24090840389026616,-0.026187043048064525,0.2284251429727838,20
credit,no_drift,xgb,per_subgroup_baseline_relative[maj_pos],BalAcc,0.008421052631578945,0.2440650146138757,-0.0009887211100266136,0.22722120382613,20
credit,gradual_group_mag0.5,lr,global_mean,DI_star,0.3866917293233082,0.2582030971768393,0.31658310706919085,0.22335515805974193,20
credit,gradual_group_mag0.5,lr,global_mean,AOD_star,0.3909774436090224,0.20669609176588644,0.31986843160101164,0.22767690771172108,20
credit,gradual_group_mag0.5,lr,global_mean,BalAcc,-0.06496240601503758,0.14007791214524384,-0.04718521469176222,0.18701158478094676,20
credit,gradual_group_mag0.5,lr,global_ewma,DI_star,0.43669172932330824,0.28356867492201315,0.41221456443023197,0.27657932031156146,20
credit,gradual_group_mag0.5,lr,global_ewma,AOD_star,0.4518796992481203,0.2519358034250603,0.4187098448070407,0.261027245471747,20
credit,gradual_group_mag0.5,lr,global_ewma,BalAcc,-0.032105263157894734,0.12108043859392263,-0.055852480921450384,0.12929859914981073,20
credit,gradual_group_mag0.5,lr,global_std,DI_star,0.4223308270676691,0.2738024511167655,0.34529909891812666,0.23204506753739357,20
credit,gradual_group_mag0.5,lr,global_std,AOD_star,0.45150375939849613,0.2106610068597938,0.3529312846924065,0.22796106248420336,20
credit,gradual_group_mag0.5,lr,global_std,BalAcc,-0.02887218045112781,0.11859943600070173,-0.03915858459425391,0.17499622134514797,20
credit,gradual_group_mag0.5,lr,subgroup_violation_diff,DI_star,-0.3161654135338346,0.21597035985687113,-0.3623519222128997,0.23210905647594945,20
credit,gradual_group_mag0.5,lr,subgroup_violation_diff,AOD_star,-0.36609022556390974,0.2110543726540762,-0.39489424899215136,0.21794963212059204,20
credit,gradual_group_mag0.5,lr,subgroup_violation_diff,BalAcc,0.03909774436090226,0.15350577461142142,0.04429294423269618,0.17079187635584267,20
credit,gradual_group_mag0.5,lr,max_subgroup_deviation,DI_star,0.3304511278195489,0.2821037702158421,0.3479968747331242,0.2589590423067576,20
credit,gradual_group_mag0.5,lr,max_subgroup_deviation,AOD_star,0.3956390977443609,0.2489186972405714,0.3643320579550284,0.2631766779006093,20
credit,gradual_group_mag0.5,lr,max_subgroup_deviation,BalAcc,-0.06834586466165413,0.1426420818880415,-0.07597000986734806,0.14578490055183832,20
credit,gradual_group_mag0.5,lr,assignment_proportion_drift,DI_star,0.3326889903641908,0.2798091532387593,0.331045504801386,0.2457074580724255,20
credit,gradual_group_mag0.5,lr,assignment_proportion_drift,AOD_star,0.358288722180327,0.2769835444814269,0.3246616477502843,0.25934553475254607,20
credit,gradual_group_mag0.5,lr,assignment_proportion_drift,BalAcc,-0.02860966238508923,0.15836837701643533,-0.043956597431000874,0.18193389889088635,20
credit,gradual_group_mag0.5,lr,ks_statistic,DI_star,0.40849624060150375,0.29865785098768655,0.3328325004199614,0.2404772281621663,20
credit,gradual_group_mag0.5,lr,ks_statistic,AOD_star,0.41601503759398495,0.24515349770234668,0.33299170679128626,0.2367652539353224,20
credit,gradual_group_mag0.5,lr,ks_statistic,BalAcc,-0.06729323308270677,0.15429397668008143,-0.060031447565601935,0.18543611821789394,20
credit,gradual_group_mag0.5,lr,kl_divergence,DI_star,0.22481203007518796,0.2505185982979412,0.232330667975708,0.22973754463790164,20
credit,gradual_group_mag0.5,lr,kl_divergence,AOD_star,0.19691729323308266,0.26242927057257437,0.21589679578564253,0.24595223373254993,20
credit,gradual_group_mag0.5,lr,kl_divergence,BalAcc,-0.08909774436090225,0.20857520961927783,-0.09542501055352746,0.18532227467522777,20
credit,gradual_group_mag0.5,lr,per_subgroup_ewma[min_neg],DI_star,0.14801581959441706,0.2877463789810018,0.11543541210199523,0.2895406783218089,20
credit,gradual_group_mag0.5,lr,per_subgroup_ewma[min_neg],AOD_star,0.16263946965428994,0.29444715329555066,0.14341277690197268,0.26424314401064963,20
credit,gradual_group_mag0.5,lr,per_subgroup_ewma[min_neg],BalAcc,0.036993584205050306,0.20821970079952978,-0.010118319010071038,0.21197617956038953,20
credit,gradual_group_mag0.5,lr,per_subgroup_baseline_relative[min_neg],DI_star,-0.016384367072141068,0.16680439913327594,-0.07719378596593035,0.20597786883390465,20
credit,gradual_group_mag0.5,lr,per_subgroup_baseline_relative[min_neg],AOD_star,-0.078973168020083,0.2889071426889158,-0.10486457017756001,0.23043369188603016,20
credit,gradual_group_mag0.5,lr,per_subgroup_baseline_relative[min_neg],BalAcc,0.036786745193011304,0.19174912586647236,-2.008904118556906e-05,0.2303672177254622,20
credit,gradual_group_mag0.5,lr,per_subgroup_ewma[min_pos],DI_star,0.12127819548872179,0.29654130572373755,0.09266824972639023,0.25705061894720016,20
credit,gradual_group_mag0.5,lr,per_subgroup_ewma[min_pos],AOD_star,0.07127819548872179,0.24705920294483608,0.057614671665416305,0.2365082606210716,20
credit,gradual_group_mag0.5,lr,per_subgroup_ewma[min_pos],BalAcc,0.00774436090225564,0.2139381299176043,-0.025486584198274053,0.21057762750510883,20
credit,gradual_group_mag0.5,lr,per_subgroup_baseline_relative[min_pos],DI_star,-0.0028571428571428645,0.23379174232160443,-0.09155705583372278,0.20451857584025623,20
credit,gradual_group_mag0.5,lr,per_subgroup_baseline_relative[min_pos],AOD_star,-0.08548872180451127,0.22533987621187265,-0.13788768727910183,0.20519957581261414,20
credit,gradual_group_mag0.5,lr,per_subgroup_baseline_relative[min_pos],BalAcc,0.005413533834586466,0.2310845224854062,0.013231792313525611,0.21081488084435257,20
credit,gradual_group_mag0.5,lr,per_subgroup_ewma[maj_neg],DI_star,0.4274436090225563,0.2665338238753246,0.4419808006373315,0.27640059085240887,20
credit,gradual_group_mag0.5,lr,per_subgroup_ewma[maj_neg],AOD_star,0.4038345864661654,0.24516373611254969,0.439046968063663,0.2692318723832827,20
credit,gradual_group_mag0.5,lr,per_subgroup_ewma[maj_neg],BalAcc,-0.03180451127819549,0.1386000239752438,-0.04859060197132836,0.13060772527309278,20
credit,gradual_group_mag0.5,lr,per_subgroup_baseline_relative[maj_neg],DI_star,0.34661654135338343,0.2408966704504946,0.3615039031601234,0.2268814262384193,20
credit,gradual_group_mag0.5,lr,per_subgroup_baseline_relative[maj_neg],AOD_star,0.3239097744360902,0.2239568818890063,0.34084072414750455,0.23230335034926494,20
credit,gradual_group_mag0.5,lr,per_subgroup_baseline_relative[maj_neg],BalAcc,-0.03458646616541353,0.1742129763165718,-0.0686927022601462,0.17589813590353107,20
credit,gradual_group_mag0.5,lr,per_subgroup_ewma[maj_pos],DI_star,0.42849624060150376,0.2882108868380744,0.44683616591004177,0.28214042620415797,20
credit,gradual_group_mag0.5,lr,per_subgroup_ewma[maj_pos],AOD_star,0.44954887218045103,0.2551598670397695,0.463521007024116,0.25676494081724033,20
credit,gradual_group_mag0.5,lr,per_subgroup_ewma[maj_pos],BalAcc,-0.037669172932330824,0.12184486011366459,-0.05687566682414162,0.12939466388232532,20
credit,gradual_group_mag0.5,lr,per_subgroup_baseline_relative[maj_pos],DI_star,0.3961654135338345,0.2873976822801051,0.4092361539792564,0.285434905515562,20
credit,gradual_group_mag0.5,lr,per_subgroup_baseline_relative[maj_pos],AOD_star,0.4390225563909774,0.24675929986914188,0.42950726062436334,0.2561072191770731,20
credit,gradual_group_mag0.5,lr,per_subgroup_baseline_relative[maj_pos],BalAcc,-0.05105263157894737,0.13732993687050551,-0.06219978198780218,0.15190589863213227,20
credit,gradual_group_mag0.5,xgb,global_mean,DI_star,-0.4227018246210079,0.10960733925734964,-0.9609304517452621,0.014314586289541081,20
credit,gradual_group_mag0.5,xgb,global_mean,AOD_star,-0.4553383458646616,0.09863056902298,-0.9621356980449084,0.013924125531957324,20
credit,gradual_group_mag0.5,xgb,global_mean,BalAcc,-0.32060150375939844,0.19621991651995405,-0.412616186404541,0.1525881046356255,20
credit,gradual_group_mag0.5,xgb,global_ewma,DI_star,-0.49653649593348426,0.09872259222259501,-0.7928211365199072,0.01767580758236739,20
credit,gradual_group_mag0.5,xgb,global_ewma,AOD_star,-0.44774436090225567,0.0983116849850603,-0.7881360919490905,0.018959475815923856,20
credit,gradual_group_mag0.5,xgb,global_ewma,BalAcc,-0.23879699248120295,0.19030049937153315,-0.2976406539581357,0.17325230322977614,20
credit,gradual_group_mag0.5,xgb,global_std,DI_star,-0.4735280155449673,0.09476012867317582,-0.9436907089183894,0.02474093385735505,20
credit,gradual_group_mag0.5,xgb,global_std,AOD_star,-0.46060150375939835,0.10296206669678157,-0.9437752975888796,0.025096707827239304,20
credit,gradual_group_mag0.5,xgb,global_std,BalAcc,-0.2745864661654135,0.219782757283455,-0.391979799181008,0.15213209242323542,20
credit,gradual_group_mag0.5,xgb,subgroup_violation_diff,DI_star,0.1347823692203026,0.24462014158712186,0.18438056645949277,0.2496393207264667,20
credit,gradual_group_mag0.5,xgb,subgroup_violation_diff,AOD_star,0.06947368421052631,0.23125727097186188,0.17696671662847976,0.25246397132513254,20
credit,gradual_group_mag0.5,xgb,subgroup_violation_diff,BalAcc,0.012030075187969932,0.2466981343110514,0.01926198554653217,0.230285413433807,20
credit,gradual_group_mag0.5,xgb,max_subgroup_deviation,DI_star,-0.5211633135889672,0.10173427703010829,-0.8633327483948483,0.06272691771767912,20
credit,gradual_group_mag0.5,xgb,max_subgroup_deviation,AOD_star,-0.47526315789473683,0.12669248789402762,-0.8612473406519537,0.06405601793115928,20
credit,gradual_group_mag0.5,xgb,max_subgroup_deviation,BalAcc,-0.28924812030075187,0.21678571999016868,-0.3572844171958766,0.17276886571156636,20
credit,gradual_group_mag0.5,xgb,assignment_proportion_drift,DI_star,-0.4205318210092546,0.14505598790611673,-0.9062523229434898,0.03839877458645525,20
credit,gradual_group_mag0.5,xgb,assignment_proportion_drift,AOD_star,-0.398515345439332,0.10616956987895018,-0.9051167206137889,0.03528881607983599,20
credit,gradual_group_mag0.5,xgb,assignment_proportion_drift,BalAcc,-0.24717298988780798,0.21323745823152768,-0.3688167382785382,0.17765144244525533,20
credit,gradual_group_mag0.5,xgb,ks_statistic,DI_star,-0.45164871224629843,0.11725205183144362,-0.9553331560591264,0.01158731958873981,20
credit,gradual_group_mag0.5,xgb,ks_statistic,AOD_star,-0.4542857142857143,0.09588031716482803,-0.9555173862821732,0.00929494371011687,20
credit,gradual_group_mag0.5,xgb,ks_statistic,BalAcc,-0.2980451127819549,0.21218924330216918,-0.40497376164402094,0.16603764351136344,20
credit,gradual_group_mag0.5,xgb,kl_divergence,DI_star,-0.1781346680605397,0.1718691674012557,-0.2772026713529098,0.18708311946957892,20
credit,gradual_group_mag0.5,xgb,kl_divergence,AOD_star,-0.155187969924812,0.17074299000508159,-0.26950733925281434,0.18456918477703213,20
credit,gradual_group_mag0.5,xgb,kl_divergence,BalAcc,-0.07654135338345862,0.2507677847758663,-0.094992442900785,0.22628663485515332,20
credit,gradual_group_mag0.5,xgb,per_subgroup_ewma[min_neg],DI_star,-0.39946877019634464,0.1342669710432759,-0.6547314403269467,0.15848684436373683,20
credit,gradual_group_mag0.5,xgb,per_subgroup_ewma[min_neg],AOD_star,-0.4219612506913689,0.1531715311244416,-0.6506340468144132,0.16628030499493365,20
credit,gradual_group_mag0.5,xgb,per_subgroup_ewma[min_neg],BalAcc,-0.23669597163885753,0.166083390080128,-0.24814601425541355,0.1626022005497909,20
credit,gradual_group_mag0.5,xgb,per_subgroup_baseline_relative[min_neg],DI_star,-0.26953332862505,0.18365715367776433,-0.39721726495797505,0.09151201099766003,20
credit,gradual_group_mag0.5,xgb,per_subgroup_baseline_relative[min_neg],AOD_star,-0.3085411272247146,0.20723713360833962,-0.3988837815206344,0.1028508176032802,20
credit,gradual_group_mag0.5,xgb,per_subgroup_baseline_relative[min_neg],BalAcc,-0.17673905311872504,0.2475926723583887,-0.18149616247792202,0.21617700203652476,20
credit,gradual_group_mag0.5,xgb,per_subgroup_ewma[min_pos],DI_star,-0.4151844700158135,0.08933112158812825,-0.7114434400906763,0.1330110864313512,20
credit,gradual_group_mag0.5,xgb,per_subgroup_ewma[min_pos],AOD_star,-0.4765413533834586,0.099469904849237,-0.7159000213073907,0.12300537969836692,20
credit,gradual_group_mag0.5,xgb,per_subgroup_ewma[min_pos],BalAcc,-0.28233082706766915,0.14306030271181505,-0.316938695885484,0.1368149301396482,20
credit,gradual_group_mag0.5,xgb,per_subgroup_baseline_relative[min_pos],DI_star,-0.25351390277524033,0.2988915360046527,-0.4763733105459608,0.22542567789733614,20
credit,gradual_group_mag0.5,xgb,per_subgroup_baseline_relative[min_pos],AOD_star,-0.30909774436090226,0.2503023102917672,-0.4840285817665192,0.22197021458399696,20
credit,gradual_group_mag0.5,xgb,per_subgroup_baseline_relative[min_pos],BalAcc,-0.20278195488721806,0.23531181238397403,-0.24636882954440806,0.22059416796507025,20
credit,gradual_group_mag0.5,xgb,per_subgroup_ewma[maj_neg],DI_star,-0.4078418634519692,0.14226853368590406,-0.47308590689352775,0.1060597483452362,20
credit,gradual_group_mag0.5,xgb,per_subgroup_ewma[maj_neg],AOD_star,-0.36180451127819546,0.1332973927854507,-0.46430152253051193,0.11032714860398771,20
credit,gradual_group_mag0.5,xgb,per_subgroup_ewma[maj_neg],BalAcc,-0.18473684210526314,0.19458627732382092,-0.1420653487886928,0.20178375883897923,20
credit,gradual_group_mag0.5,xgb,per_subgroup_baseline_relative[maj_neg],DI_star,-0.39182326231292297,0.16893859574358347,-0.4689390738162554,0.06974774476490835,20
credit,gradual_group_mag0.5,xgb,per_subgroup_baseline_relative[maj_neg],AOD_star,-0.36300751879699245,0.13749690482128843,-0.4630769310209809,0.07326183280639709,20
credit,gradual_group_mag0.5,xgb,per_subgroup_baseline_relative[maj_neg],BalAcc,-0.18578947368421053,0.19960245128927506,-0.170974849582508,0.20899542639895594,20
credit,gradual_group_mag0.5,xgb,per_subgroup_ewma[maj_pos],DI_star,-0.4971754664083787,0.09923386995068878,-0.6375504566313951,0.053300220897493165,20
credit,gradual_group_mag0.5,xgb,per_subgroup_ewma[maj_pos],AOD_star,-0.4478947368421052,0.0961116088083548,-0.6320244991732019,0.054076662588900704,20
credit,gradual_group_mag0.5,xgb,per_subgroup_ewma[maj_pos],BalAcc,-0.23368421052631577,0.19321898079083322,-0.2239876903222581,0.18719859535884847,20
credit,gradual_group_mag0.5,xgb,per_subgroup_baseline_relative[maj_pos],DI_star,-0.4962001722392344,0.10229308813721201,-0.7683295647525092,0.06816706895982026,20
credit,gradual_group_mag0.5,xgb,per_subgroup_baseline_relative[maj_pos],AOD_star,-0.4704511278195488,0.12054981267122314,-0.7653716321947353,0.07128956596638711,20
credit,gradual_group_mag0.5,xgb,per_subgroup_baseline_relative[maj_pos],BalAcc,-0.2835338345864661,0.2077771493041673,-0.30335286749733525,0.18167555245294076,20
credit,gradual_group_mag1.0,lr,global_mean,DI_star,0.7863157894736842,0.13772408492460309,0.5739634615037547,0.10033419560862115,20
credit,gradual_group_mag1.0,lr,global_mean,AOD_star,0.8101503759398495,0.1298745682228962,0.668465348162833,0.1138183227423005,20
credit,gradual_group_mag1.0,lr,global_mean,BalAcc,-0.0763157894736842,0.13428653520448922,-0.0850421696732562,0.1470078355637022,20
credit,gradual_group_mag1.0,lr,global_ewma,DI_star,0.8145112781954886,0.1466811309436594,0.7049869276016859,0.10228187665861646,20
credit,gradual_group_mag1.0,lr,global_ewma,AOD_star,0.8369172932330825,0.12920739253420507,0.7958293152485566,0.11173211515206326,20
credit,gradual_group_mag1.0,lr,global_ewma,BalAcc,-0.05864661654135339,0.1361313442637743,-0.08361778323455835,0.13370842412027095,20
credit,gradual_group_mag1.0,lr,global_std,DI_star,0.8081203007518797,0.13881857781470683,0.6572239320800509,0.10010725094155491,20
credit,gradual_group_mag1.0,lr,global_std,AOD_star,0.8366917293233082,0.12553410118463892,0.7498868401212014,0.10818318751703976,20
credit,gradual_group_mag1.0,lr,global_std,BalAcc,-0.0556390977443609,0.12563727540153255,-0.08065177225876773,0.1366866872189498,20
credit,gradual_group_mag1.0,lr,subgroup_violation_diff,DI_star,-0.3989473684210526,0.49387980249621233,-0.18770888412874212,0.4958512624870958,20
credit,gradual_group_mag1.0,lr,subgroup_violation_diff,AOD_star,-0.41804511278195494,0.5066138409174653,-0.31300000105229897,0.5244857930081404,20
credit,gradual_group_mag1.0,lr,subgroup_violation_diff,BalAcc,-0.0020300751879699236,0.20982658957692138,0.02986084241011642,0.21716742070433248,20
credit,gradual_group_mag1.0,lr,max_subgroup_deviation,DI_star,0.711954887218045,0.12438869687849942,0.5408955413721157,0.11322753628703712,20
credit,gradual_group_mag1.0,lr,max_subgroup_deviation,AOD_star,0.7388721804511278,0.13821281195882,0.6483287215324058,0.1008050219617583,20
credit,gradual_group_mag1.0,lr,max_subgroup_deviation,BalAcc,-0.05007518796992481,0.13868143349636988,-0.08848103148045636,0.14151672001772395,20
credit,gradual_group_mag1.0,lr,assignment_proportion_drift,DI_star,0.35349129735503004,0.19963687340166794,0.2628853090763801,0.14427762635391983,20
credit,gradual_group_mag1.0,lr,assignment_proportion_drift,AOD_star,0.3867643090450247,0.2025567034568181,0.37546097446371907,0.13628851571786482,20
credit,gradual_group_mag1.0,lr,assignment_proportion_drift,BalAcc,-0.04185066379342912,0.1989365612556719,-0.05134823017440158,0.21045840389888745,20
credit,gradual_group_mag1.0,lr,ks_statistic,DI_star,0.7168421052631578,0.16659462139679804,0.45320848946571174,0.10130838220825288,20
credit,gradual_group_mag1.0,lr,ks_statistic,AOD_star,0.7440601503759398,0.14216897962891314,0.5530816828794175,0.10678235671921942,20
credit,gradual_group_mag1.0,lr,ks_statistic,BalAcc,-0.07676691729323308,0.14080639247048324,-0.08255113931671451,0.17384609453166985,20
credit,gradual_group_mag1.0,lr,kl_divergence,DI_star,0.7350375939849623,0.14211489007451708,0.7785775171056383,0.09699978197536889,20
credit,gradual_group_mag1.0,lr,kl_divergence,AOD_star,0.7365413533834586,0.11486851794430454,0.7772501233830632,0.06603681789712891,20
credit,gradual_group_mag1.0,lr,kl_divergence,BalAcc,-0.07593984962406015,0.17414903786022484,-0.0943022001607064,0.17531942117400426,20
credit,gradual_group_mag1.0,lr,per_subgroup_ewma[min_neg],DI_star,0.4169931034092881,0.29304562635047865,0.5068854565419885,0.38709357212618184,20
credit,gradual_group_mag1.0,lr,per_subgroup_ewma[min_neg],AOD_star,0.42462478134401926,0.2938032840087345,0.490968030580411,0.34415209641843886,20
credit,gradual_group_mag1.0,lr,per_subgroup_ewma[min_neg],BalAcc,0.04604727212030353,0.1962880775973748,0.0031362063931900984,0.19752225662498904,20
credit,gradual_group_mag1.0,lr,per_subgroup_baseline_relative[min_neg],DI_star,0.2952793635192561,0.2985186721852873,0.3463669713654911,0.4094129004566853,20
credit,gradual_group_mag1.0,lr,per_subgroup_baseline_relative[min_neg],AOD_star,0.2751784192820201,0.28528298472355546,0.32326678658615626,0.3949881877610865,20
credit,gradual_group_mag1.0,lr,per_subgroup_baseline_relative[min_neg],BalAcc,-0.025957166245977013,0.2275340411018759,-0.024421467319722077,0.2304862355289449,20
credit,gradual_group_mag1.0,lr,per_subgroup_ewma[min_pos],DI_star,0.20375939849624056,0.3977179234217237,0.23138451606527483,0.4815022362666377,20
credit,gradual_group_mag1.0,lr,per_subgroup_ewma[min_pos],AOD_star,0.22947368421052627,0.37490244835138536,0.2308672483472773,0.46684223395459057,20
credit,gradual_group_mag1.0,lr,per_subgroup_ewma[min_pos],BalAcc,-0.051353383458646616,0.21818469734899576,-0.0670980247010905,0.2362006269028108,20
credit,gradual_group_mag1.0,lr,per_subgroup_baseline_relative[min_pos],DI_star,0.23864661654135336,0.34093581826817465,0.19797029781416026,0.428066249680091,20
credit,gradual_group_mag1.0,lr,per_subgroup_baseline_relative[min_pos],AOD_star,0.20398496240601505,0.3452902307244913,0.14881267325122727,0.4515295067760164,20
credit,gradual_group_mag1.0,lr,per_subgroup_baseline_relative[min_pos],BalAcc,-0.06842105263157894,0.20545530679733393,-0.030896598211516125,0.2455460941912242,20
credit,gradual_group_mag1.0,lr,per_subgroup_ewma[maj_neg],DI_star,0.7008270676691728,0.20448942552421606,0.6568774470858603,0.33138878942354216,20
credit,gradual_group_mag1.0,lr,per_subgroup_ewma[maj_neg],AOD_star,0.7055639097744361,0.2440989226078568,0.7135605352262047,0.3023363778256253,20
credit,gradual_group_mag1.0,lr,per_subgroup_ewma[maj_neg],BalAcc,-0.043759398496240595,0.17169672998310173,-0.040449163728745754,0.1755619430354388,20
credit,gradual_group_mag1.0,lr,per_subgroup_baseline_relative[maj_neg],DI_star,0.5073684210526316,0.36012962409016447,0.4345368304703432,0.4289826089213309,20
credit,gradual_group_mag1.0,lr,per_subgroup_baseline_relative[maj_neg],AOD_star,0.5042105263157894,0.3990922199616517,0.4915419772498775,0.423883665514144,20
credit,gradual_group_mag1.0,lr,per_subgroup_baseline_relative[maj_neg],BalAcc,-0.02736842105263158,0.20815561002574137,-0.010466658749678967,0.21061167845702905,20
credit,gradual_group_mag1.0,lr,per_subgroup_ewma[maj_pos],DI_star,0.7614285714285713,0.19352879570004108,0.661183447194008,0.14312690110843668,20
credit,gradual_group_mag1.0,lr,per_subgroup_ewma[maj_pos],AOD_star,0.7855639097744359,0.19467116493434283,0.7671981197388813,0.16193516156103427,20
credit,gradual_group_mag1.0,lr,per_subgroup_ewma[maj_pos],BalAcc,-0.059022556390977456,0.13322482959553247,-0.07641269547001206,0.15424445299300396,20
credit,gradual_group_mag1.0,lr,per_subgroup_baseline_relative[maj_pos],DI_star,0.613609022556391,0.2715405908849774,0.43636054706046784,0.24974818857209552,20
credit,gradual_group_mag1.0,lr,per_subgroup_baseline_relative[maj_pos],AOD_star,0.6376691729323307,0.2893232594219395,0.5610917571906603,0.2680874713374194,20
credit,gradual_group_mag1.0,lr,per_subgroup_baseline_relative[maj_pos],BalAcc,-0.03774436090225563,0.15815653198252635,-0.07620163299046485,0.16372015148439428,20
credit,gradual_group_mag1.0,xgb,global_mean,DI_star,-0.47172296690680227,0.09038663564096902,-0.9022647856841365,0.023576445254637955,20
credit,gradual_group_mag1.0,xgb,global_mean,AOD_star,-0.448796992481203,0.09283747622852101,-0.900440778662154,0.024764315509117993,20
credit,gradual_group_mag1.0,xgb,global_mean,BalAcc,-0.27015037593984964,0.20646856122897367,-0.36995213405413857,0.17425857350704865,20
credit,gradual_group_mag1.0,xgb,global_ewma,DI_star,-0.4969124357831083,0.09784587434213045,-0.7315210679254893,0.018456824097935733,20
credit,gradual_group_mag1.0,xgb,global_ewma,AOD_star,-0.4469924812030075,0.09556964778712913,-0.7258423337524997,0.022164500570785447,20
credit,gradual_group_mag1.0,xgb,global_ewma,BalAcc,-0.23781954887218038,0.18977674474007722,-0.266740486382576,0.18579222968857373,20
credit,gradual_group_mag1.0,xgb,global_std,DI_star,-0.4895437601915439,0.08620725573974532,-0.8353181597456449,0.03052815673641607,20
credit,gradual_group_mag1.0,xgb,global_std,AOD_star,-0.4490977443609022,0.09660091737572381,-0.8315301033328399,0.03372524299439895,20
credit,gradual_group_mag1.0,xgb,global_std,BalAcc,-0.2442105263157895,0.19603590280346586,-0.32382527277941,0.17994568908595562,20
credit,gradual_group_mag1.0,xgb,subgroup_violation_diff,DI_star,0.18918772387104196,0.2459889399210061,0.3231787737117526,0.30368078597262843,20
credit,gradual_group_mag1.0,xgb,subgroup_violation_diff,AOD_star,0.1525563909774436,0.2071678818992765,0.31592015772124626,0.30446239537065695,20
credit,gradual_group_mag1.0,xgb,subgroup_violation_diff,BalAcc,0.08195488721804511,0.21091773494720178,0.09004667080012811,0.22384906632900248,20
credit,gradual_group_mag1.0,xgb,max_subgroup_deviation,DI_star,-0.48739967277717733,0.11578498051204633,-0.8492929760523895,0.04812648025054076,20
credit,gradual_group_mag1.0,xgb,max_subgroup_deviation,AOD_star,-0.4579699248120301,0.09952737541334035,-0.8469450036679298,0.051506866320225816,20
credit,gradual_group_mag1.0,xgb,max_subgroup_deviation,BalAcc,-0.2635338345864662,0.20033827179130545,-0.3426539495048414,0.17437591552850565,20
credit,gradual_group_mag1.0,xgb,assignment_proportion_drift,DI_star,-0.387283956914681,0.0975631039627117,-0.8976555061776545,0.019547237040641537,20
credit,gradual_group_mag1.0,xgb,assignment_proportion_drift,AOD_star,-0.43146638631789613,0.14005003029493257,-0.8988296477025621,0.023264952353985995,20
credit,gradual_group_mag1.0,xgb,assignment_proportion_drift,BalAcc,-0.28852416925073326,0.1963716468680398,-0.3774975498216134,0.18200867565885176,20
credit,gradual_group_mag1.0,xgb,ks_statistic,DI_star,-0.4544680490027013,0.12283159558749293,-0.9507602249523865,0.010634873271004923,20
credit,gradual_group_mag1.0,xgb,ks_statistic,AOD_star,-0.4503007518796992,0.09659061704214486,-0.9507273907349661,0.009204738586717106,20
credit,gradual_group_mag1.0,xgb,ks_statistic,BalAcc,-0.29067669172932326,0.2139279958411281,-0.40157572633547894,0.1633189180986203,20
credit,gradual_group_mag1.0,xgb,kl_divergence,DI_star,-0.34208971507273633,0.11023086393266746,-0.41988911807040197,0.07878945937116526,20
credit,gradual_group_mag1.0,xgb,kl_divergence,AOD_star,-0.32285714285714284,0.13691487778275904,-0.41696931473349635,0.08595548660685538,20
credit,gradual_group_mag1.0,xgb,kl_divergence,BalAcc,-0.1793233082706767,0.20642891032872224,-0.1689197291458522,0.19032483582028326,20
credit,gradual_group_mag1.0,xgb,per_subgroup_ewma[min_neg],DI_star,-0.4075177293443975,0.1412251796230871,-0.563773101734573,0.23258421008902794,20
credit,gradual_group_mag1.0,xgb,per_subgroup_ewma[min_neg],AOD_star,-0.41286441135778384,0.11380864302647829,-0.5585793623160049,0.23498383350165894,20
credit,gradual_group_mag1.0,xgb,per_subgroup_ewma[min_neg],BalAcc,-0.21165953722014516,0.16629395746825876,-0.20463206673097573,0.1649184054783164,20
credit,gradual_group_mag1.0,xgb,per_subgroup_baseline_relative[min_neg],DI_star,-0.34940794904708844,0.19867768831245897,-0.366840412881757,0.08363449951401845,20
credit,gradual_group_mag1.0,xgb,per_subgroup_baseline_relative[min_neg],AOD_star,-0.29743757952071104,0.14864481189404447,-0.36118693054838774,0.09028666833486197,20
credit,gradual_group_mag1.0,xgb,per_subgroup_baseline_relative[min_neg],BalAcc,-0.128841935309761,0.22474996457127025,-0.12071813965033751,0.19908162203395005,20
credit,gradual_group_mag1.0,xgb,per_subgroup_ewma[min_pos],DI_star,-0.4312768167374979,0.10024623985566092,-0.6324756300974933,0.1476854953334303,20
credit,gradual_group_mag1.0,xgb,per_subgroup_ewma[min_pos],AOD_star,-0.48624060150375925,0.08666179242994969,-0.6378187034671774,0.1405836166466613,20
credit,gradual_group_mag1.0,xgb,per_subgroup_ewma[min_pos],BalAcc,-0.2921052631578947,0.153935226783497,-0.30218659882524784,0.15151127244069376,20
credit,gradual_group_mag1.0,xgb,per_subgroup_baseline_relative[min_pos],DI_star,-0.3054345474376069,0.2398012015831699,-0.40513434861632164,0.17655068208019375,20
credit,gradual_group_mag1.0,xgb,per_subgroup_baseline_relative[min_pos],AOD_star,-0.3375187969924812,0.24012428001208047,-0.4114977816172348,0.17663330669830093,20
credit,gradual_group_mag1.0,xgb,per_subgroup_baseline_relative[min_pos],BalAcc,-0.21308270676691726,0.20023339877775898,-0.21603779647347357,0.18403213806983848,20
credit,gradual_group_mag1.0,xgb,per_subgroup_ewma[maj_neg],DI_star,-0.4488989636032952,0.10411167510645852,-0.5000609038162557,0.10436604822182582,20
credit,gradual_group_mag1.0,xgb,per_subgroup_ewma[maj_neg],AOD_star,-0.39909774436090223,0.10325955664899247,-0.49219383209101775,0.10642365854340116,20
credit,gradual_group_mag1.0,xgb,per_subgroup_ewma[maj_neg],BalAcc,-0.20150375939849624,0.17408507592038341,-0.1648161291052116,0.19116564362914146,20
credit,gradual_group_mag1.0,xgb,per_subgroup_baseline_relative[maj_neg],DI_star,-0.3979593826592198,0.11092479607282056,-0.456824688849815,0.10003297892194475,20
credit,gradual_group_mag1.0,xgb,per_subgroup_baseline_relative[maj_neg],AOD_star,-0.3809774436090225,0.1333668221648055,-0.45188011710456094,0.10297479222498444,20
credit,gradual_group_mag1.0,xgb,per_subgroup_baseline_relative[maj_neg],BalAcc,-0.21172932330827066,0.195585632427815,-0.16217430347818787,0.1949769381351454,20
credit,gradual_group_mag1.0,xgb,per_subgroup_ewma[maj_pos],DI_star,-0.5088665311022509,0.09877000414286242,-0.663747091967765,0.043086780905913405,20
credit,gradual_group_mag1.0,xgb,per_subgroup_ewma[maj_pos],AOD_star,-0.4499999999999999,0.10034580381718226,-0.6570226942469581,0.04419084830790693,20
credit,gradual_group_mag1.0,xgb,per_subgroup_ewma[maj_pos],BalAcc,-0.23503759398496232,0.19381941995180743,-0.23276616699098424,0.18591533998677912,20
credit,gradual_group_mag1.0,xgb,per_subgroup_baseline_relative[maj_pos],DI_star,-0.48845264374136876,0.11064115028999251,-0.7914370221122733,0.05968568859846471,20
credit,gradual_group_mag1.0,xgb,per_subgroup_baseline_relative[maj_pos],AOD_star,-0.44857142857142857,0.09059211257602426,-0.7879281412469634,0.060657489384854976,20
credit,gradual_group_mag1.0,xgb,per_subgroup_baseline_relative[maj_pos],BalAcc,-0.26646616541353385,0.19115355091427283,-0.31883060026029436,0.17652021856681507,20
credit,gradual_group_mag2.0,lr,global_mean,DI_star,0.6536842105263158,0.26112733243948516,0.5166098540177583,0.11280293724727479,20
credit,gradual_group_mag2.0,lr,global_mean,AOD_star,0.8278195488721802,0.07212795710204782,0.8021202518171991,0.05336078301438689,20
credit,gradual_group_mag2.0,lr,global_mean,BalAcc,-0.14090225563909772,0.16645067882401945,-0.1540693811732466,0.15653027659090266,20
credit,gradual_group_mag2.0,lr,global_ewma,DI_star,0.6344360902255639,0.2879488792639505,0.5840601639620118,0.17492004253102977,20
credit,gradual_group_mag2.0,lr,global_ewma,AOD_star,0.8321804511278195,0.07425648568083415,0.9007537199316404,0.028700848265086166,20
credit,gradual_group_mag2.0,lr,global_ewma,BalAcc,-0.1458646616541353,0.1680480563567865,-0.1675026764159241,0.15582708547005858,20
credit,gradual_group_mag2.0,lr,global_std,DI_star,0.6515037593984963,0.2726838177623386,0.5567790525629525,0.12836817530834835,20
credit,gradual_group_mag2.0,lr,global_std,AOD_star,0.8368421052631578,0.07132402321068264,0.8567951288926434,0.039394273851269805,20
credit,gradual_group_mag2.0,lr,global_std,BalAcc,-0.14571428571428569,0.16867187284693957,-0.15449650215457134,0.1589088043722626,20
credit,gradual_group_mag2.0,lr,subgroup_violation_diff,DI_star,0.06669172932330827,0.48737518931486834,0.18367334074672023,0.42610073548637617,20
credit,gradual_group_mag2.0,lr,subgroup_violation_diff,AOD_star,0.16466165413533834,0.5057991473226329,0.2244438389716515,0.49244144670919304,20
credit,gradual_group_mag2.0,lr,subgroup_violation_diff,BalAcc,-0.05315789473684209,0.19141757051593178,-0.05330452872784763,0.20342074360765872,20
credit,gradual_group_mag2.0,lr,max_subgroup_deviation,DI_star,0.6496992481203007,0.20370555291089112,0.5044376040768508,0.13729519549994737,20
credit,gradual_group_mag2.0,lr,max_subgroup_deviation,AOD_star,0.7739097744360901,0.08941019419218796,0.7805364292109143,0.06157209009821886,20
credit,gradual_group_mag2.0,lr,max_subgroup_deviation,BalAcc,-0.13172932330827067,0.15617712388354135,-0.14165678413870514,0.15235051616293935,20
credit,gradual_group_mag2.0,lr,assignment_proportion_drift,DI_star,0.3217634511439001,0.1855687972082539,0.29299187291499895,0.11030056891944533,20
credit,gradual_group_mag2.0,lr,assignment_proportion_drift,AOD_star,0.3794763155054806,0.16528506948528363,0.5022085110180955,0.11166830815206259,20
credit,gradual_group_mag2.0,lr,assignment_proportion_drift,BalAcc,-0.04770294495269385,0.1779163341429187,-0.08439450764976934,0.18950689466025167,20
credit,gradual_group_mag2.0,lr,ks_statistic,DI_star,0.6117293233082707,0.2149332519342756,0.4389281644219496,0.07610056719356428,20
credit,gradual_group_mag2.0,lr,ks_statistic,AOD_star,0.7592481203007517,0.10141059495023684,0.6943453779767437,0.07308164315143882,20
credit,gradual_group_mag2.0,lr,ks_statistic,BalAcc,-0.1467669172932331,0.15563611925521662,-0.14819274598788776,0.17907791858591557,20
credit,gradual_group_mag2.0,lr,kl_divergence,DI_star,0.6415789473684211,0.2824115700047001,0.28932852328554964,0.46723446915626415,20
credit,gradual_group_mag2.0,lr,kl_divergence,AOD_star,0.8127067669172933,0.09245671782964149,0.5878364441563355,0.18992406994635416,20
credit,gradual_group_mag2.0,lr,kl_divergence,BalAcc,-0.14278195488721807,0.18115369185095484,-0.17441136727766596,0.2207448700184443,20
credit,gradual_group_mag2.0,lr,per_subgroup_ewma[min_neg],DI_star,0.4307142432911302,0.33252179768210927,0.3860505082470041,0.3643014985102968,20
credit,gradual_group_mag2.0,lr,per_subgroup_ewma[min_neg],AOD_star,0.4377819973103735,0.3535711564670203,0.4019092343632371,0.37122338249630116,20
credit,gradual_group_mag2.0,lr,per_subgroup_ewma[min_neg],BalAcc,-0.07526870118705449,0.22099597138944377,-0.09542451178820542,0.24252966404147605,20
credit,gradual_group_mag2.0,lr,per_subgroup_baseline_relative[min_neg],DI_star,-0.036891540442411316,0.23343343163301863,-0.038648254660568634,0.27355556451626045,20
credit,gradual_group_mag2.0,lr,per_subgroup_baseline_relative[min_neg],AOD_star,-0.06808473222117502,0.1801283093520633,-0.04088719587813079,0.23869276465697675,20
credit,gradual_group_mag2.0,lr,per_subgroup_baseline_relative[min_neg],BalAcc,0.002873558073895299,0.25240046339415373,-0.01895707042839554,0.2572354114227053,20
credit,gradual_group_mag2.0,lr,per_subgroup_ewma[min_pos],DI_star,0.4799248120300752,0.3155352628787495,0.3712700553777821,0.31783814818441136,20
credit,gradual_group_mag2.0,lr,per_subgroup_ewma[min_pos],AOD_star,0.6680451127819549,0.21158481216254552,0.6539787292743966,0.2292723545601689,20
credit,gradual_group_mag2.0,lr,per_subgroup_ewma[min_pos],BalAcc,-0.1481954887218045,0.1664835351697468,-0.19779998765580534,0.14791768670924366,20
credit,gradual_group_mag2.0,lr,per_subgroup_baseline_relative[min_pos],DI_star,0.5054887218045112,0.2778409750912413,0.4635256552820189,0.29316243206879616,20
credit,gradual_group_mag2.0,lr,per_subgroup_baseline_relative[min_pos],AOD_star,0.6421804511278194,0.22726947910865805,0.6595572315784091,0.2888866482018659,20
credit,gradual_group_mag2.0,lr,per_subgroup_baseline_relative[min_pos],BalAcc,-0.11909774436090226,0.16488678947655577,-0.14177412415037402,0.15969818250224158,20
credit,gradual_group_mag2.0,lr,per_subgroup_ewma[maj_neg],DI_star,0.5981954887218045,0.26235520976598925,0.44899722508732925,0.3712626842615165,20
credit,gradual_group_mag2.0,lr,per_subgroup_ewma[maj_neg],AOD_star,0.5886466165413534,0.32058319115694683,0.5201049448409967,0.37705572820019717,20
credit,gradual_group_mag2.0,lr,per_subgroup_ewma[maj_neg],BalAcc,-0.024511278195488723,0.2209032792986718,-0.05454716881230935,0.21614586863340654,20
credit,gradual_group_mag2.0,lr,per_subgroup_baseline_relative[maj_neg],DI_star,0.1469172932330827,0.2896121531917928,0.012083514174018553,0.33333047759562373,20
credit,gradual_group_mag2.0,lr,per_subgroup_baseline_relative[maj_neg],AOD_star,0.035263157894736843,0.2464892735064886,0.0025660812606186634,0.2895301296706468,20
credit,gradual_group_mag2.0,lr,per_subgroup_baseline_relative[maj_neg],BalAcc,0.007744360902255633,0.2758987800048885,-0.04656043123954914,0.27898916236054533,20
credit,gradual_group_mag2.0,lr,per_subgroup_ewma[maj_pos],DI_star,0.6478947368421052,0.23858045664408084,0.5485760681982462,0.1922370994206441,20
credit,gradual_group_mag2.0,lr,per_subgroup_ewma[maj_pos],AOD_star,0.7730075187969925,0.18658586686639933,0.8246965431286366,0.20336609164796332,20
credit,gradual_group_mag2.0,lr,per_subgroup_ewma[maj_pos],BalAcc,-0.05240601503759398,0.21539812827905488,-0.10862287315753391,0.1826562099517704,20
credit,gradual_group_mag2.0,lr,per_subgroup_baseline_relative[maj_pos],DI_star,0.41563909774436086,0.28738663713151974,0.27598861226540683,0.2767830071429896,20
credit,gradual_group_mag2.0,lr,per_subgroup_baseline_relative[maj_pos],AOD_star,0.47819548872180456,0.2677709530240284,0.5010871620872306,0.31214662385946584,20
credit,gradual_group_mag2.0,lr,per_subgroup_baseline_relative[maj_pos],BalAcc,-0.06112781954887216,0.2078347137650553,-0.07973138007940525,0.21893353429632906,20
credit,gradual_group_mag2.0,xgb,global_mean,DI_star,-0.46503120930139036,0.09504219622652633,-0.8954566554078381,0.017164407441416486,20
credit,gradual_group_mag2.0,xgb,global_mean,AOD_star,-0.4390977443609022,0.09459829946180955,-0.8934191858904184,0.018875242375827526,20
credit,gradual_group_mag2.0,xgb,global_mean,BalAcc,-0.26458646616541354,0.20412417754283438,-0.3649593343982277,0.1701882381256577,20
credit,gradual_group_mag2.0,xgb,global_ewma,DI_star,-0.49616055608386017,0.09717215000734655,-0.71392945000272,0.013283893133612194,20
credit,gradual_group_mag2.0,xgb,global_ewma,AOD_star,-0.4461654135338346,0.09552139633970072,-0.7081445959658873,0.018545078995406642,20
credit,gradual_group_mag2.0,xgb,global_ewma,BalAcc,-0.23812030075187965,0.18839187227915272,-0.2576678883647895,0.18604147550273742,20
credit,gradual_group_mag2.0,xgb,global_std,DI_star,-0.484881229310992,0.09469144049178961,-0.8402851911366591,0.019913044615266266,20
credit,gradual_group_mag2.0,xgb,global_std,AOD_star,-0.444812030075188,0.09111044773499809,-0.8364731008264978,0.02301594295769642,20
credit,gradual_group_mag2.0,xgb,global_std,BalAcc,-0.2502255639097744,0.1928112771385019,-0.3244356892212032,0.17157759192584904,20
credit,gradual_group_mag2.0,xgb,subgroup_violation_diff,DI_star,-0.04329096202925094,0.2720897331797371,0.0625224707604543,0.319409054674375,20
credit,gradual_group_mag2.0,xgb,subgroup_violation_diff,AOD_star,0.08157894736842104,0.27494540235799503,0.07133028044864312,0.3171799757725479,20
credit,gradual_group_mag2.0,xgb,subgroup_violation_diff,BalAcc,0.10969924812030071,0.21542080319453732,0.09457766412725266,0.2162243733374938,20
credit,gradual_group_mag2.0,xgb,max_subgroup_deviation,DI_star,-0.47650047160527514,0.10317363698642854,-0.8583902538978304,0.028362786336975452,20
credit,gradual_group_mag2.0,xgb,max_subgroup_deviation,AOD_star,-0.4671428571428572,0.1140324409618757,-0.8547920904621638,0.03271230633892926,20
credit,gradual_group_mag2.0,xgb,max_subgroup_deviation,BalAcc,-0.28022556390977443,0.2058307034388948,-0.3374790517422699,0.17190565659744328,20
credit,gradual_group_mag2.0,xgb,assignment_proportion_drift,DI_star,-0.4120904385605133,0.1354822866691244,-0.9107234310787851,0.02339854804343531,20
credit,gradual_group_mag2.0,xgb,assignment_proportion_drift,AOD_star,-0.4777472895904767,0.12675191624001256,-0.9147266342101084,0.024241756542039035,20
credit,gradual_group_mag2.0,xgb,assignment_proportion_drift,BalAcc,-0.3236351171567108,0.20018529255308198,-0.4117971213891497,0.1480539809666188,20
credit,gradual_group_mag2.0,xgb,ks_statistic,DI_star,-0.45977000287180614,0.12096140920527063,-0.954418863362284,0.009871171504451956,20
credit,gradual_group_mag2.0,xgb,ks_statistic,AOD_star,-0.4551879699248119,0.09186246961988909,-0.9545398673849099,0.008448511271286445,20
credit,gradual_group_mag2.0,xgb,ks_statistic,BalAcc,-0.30097744360902245,0.20462804881741983,-0.40543322728083553,0.15857345797286743,20
credit,gradual_group_mag2.0,xgb,kl_divergence,DI_star,-0.4212664937696614,0.11263751548391948,-0.29951835566016355,0.020964235001891863,20
credit,gradual_group_mag2.0,xgb,kl_divergence,AOD_star,-0.3875187969924812,0.11429966278156377,-0.2949634784981151,0.03181252537694861,20
credit,gradual_group_mag2.0,xgb,kl_divergence,BalAcc,-0.21721804511278195,0.1922004972660108,-0.10254138479833137,0.21466208383795352,20
credit,gradual_group_mag2.0,xgb,per_subgroup_ewma[min_neg],DI_star,-0.37987425777243944,0.2600193620181867,-0.5484429844513131,0.23077385812082507,20
credit,gradual_group_mag2.0,xgb,per_subgroup_ewma[min_neg],AOD_star,-0.36331732094986335,0.19286137490142133,-0.5456711557617128,0.2291799656292218,20
credit,gradual_group_mag2.0,xgb,per_subgroup_ewma[min_neg],BalAcc,-0.20466733883817426,0.11881584468308853,-0.22963304209318758,0.12573161902621852,20
credit,gradual_group_mag2.0,xgb,per_subgroup_baseline_relative[min_neg],DI_star,-0.10780550038329637,0.23526904845121027,-0.24386335694845082,0.10013803849151481,20
credit,gradual_group_mag2.0,xgb,per_subgroup_baseline_relative[min_neg],AOD_star,-0.18820201515325163,0.22497646612966707,-0.24743179819154512,0.10190796124403827,20
credit,gradual_group_mag2.0,xgb,per_subgroup_baseline_relative[min_neg],BalAcc,-0.15453121996101365,0.2246606946657306,-0.1376435918255668,0.19634445384513838,20
credit,gradual_group_mag2.0,xgb,per_subgroup_ewma[min_pos],DI_star,-0.5098095058987656,0.11406824493033632,-0.5151020059100699,0.10879559766435185,20
credit,gradual_group_mag2.0,xgb,per_subgroup_ewma[min_pos],AOD_star,-0.4390225563909774,0.1311787469221771,-0.5071352306344934,0.11438164242007844,20
credit,gradual_group_mag2.0,xgb,per_subgroup_ewma[min_pos],BalAcc,-0.23706766917293226,0.18983095270353137,-0.18052722212262542,0.1970242601671275,20
credit,gradual_group_mag2.0,xgb,per_subgroup_baseline_relative[min_pos],DI_star,-0.42866692309178217,0.1655838442675331,-0.5117509489600247,0.14421951855258056,20
credit,gradual_group_mag2.0,xgb,per_subgroup_baseline_relative[min_pos],AOD_star,-0.35233082706766916,0.17112167490322724,-0.5036615995365952,0.14595019659903788,20
credit,gradual_group_mag2.0,xgb,per_subgroup_baseline_relative[min_pos],BalAcc,-0.1956390977443609,0.21357137232271983,-0.16678007444493903,0.19156530121571413,20
credit,gradual_group_mag2.0,xgb,per_subgroup_ewma[maj_neg],DI_star,-0.3903259795161652,0.16525298420018533,-0.5372606609910036,0.11842421914224065,20
credit,gradual_group_mag2.0,xgb,per_subgroup_ewma[maj_neg],AOD_star,-0.420375939849624,0.1164005698287305,-0.538417366485034,0.1210293818889782,20
credit,gradual_group_mag2.0,xgb,per_subgroup_ewma[maj_neg],BalAcc,-0.26751879699248116,0.13726934873652458,-0.2293122196310879,0.13998844792618026,20
credit,gradual_group_mag2.0,xgb,per_subgroup_baseline_relative[maj_neg],DI_star,-0.24088871558329936,0.173979047927499,-0.3098231537423652,0.07937877126034976,20
credit,gradual_group_mag2.0,xgb,per_subgroup_baseline_relative[maj_neg],AOD_star,-0.3012030075187969,0.1576317896456885,-0.32028875446624133,0.08120581758767362,20
credit,gradual_group_mag2.0,xgb,per_subgroup_baseline_relative[maj_neg],BalAcc,-0.21436090225563906,0.1550232813562248,-0.21842123778779557,0.14382937677800806,20
credit,gradual_group_mag2.0,xgb,per_subgroup_ewma[maj_pos],DI_star,-0.42886520184337884,0.131310139664196,-0.7316714447764299,0.0556346790166936,20
credit,gradual_group_mag2.0,xgb,per_subgroup_ewma[maj_pos],AOD_star,-0.43127819548872176,0.09853652393251236,-0.7284651175616567,0.05890758884938212,20
credit,gradual_group_mag2.0,xgb,per_subgroup_ewma[maj_pos],BalAcc,-0.25037593984962403,0.17513374874882592,-0.2778216519056006,0.16819558168792162,20
credit,gradual_group_mag2.0,xgb,per_subgroup_baseline_relative[maj_pos],DI_star,-0.4043261576939502,0.10979323186768453,-0.7858605883195713,0.10564571863861431,20
credit,gradual_group_mag2.0,xgb,per_subgroup_baseline_relative[maj_pos],AOD_star,-0.4782706766917294,0.10841622944023485,-0.7891937218858108,0.10417070232403904,20
credit,gradual_group_mag2.0,xgb,per_subgroup_baseline_relative[maj_pos],BalAcc,-0.32120300751879693,0.17615012176145137,-0.3517920125392832,0.1579525625412755,20
credit,gradual_global_mag0.5,lr,global_mean,DI_star,-0.9598496240601504,0.026579133476605916,-0.8514222787801191,0.05678001683570023,20
credit,gradual_global_mag0.5,lr,global_mean,AOD_star,-0.3694736842105263,0.32966820268610575,-0.3885674248732922,0.26914216446785827,20
credit,gradual_global_mag0.5,lr,global_mean,BalAcc,-0.21330827067669172,0.1956380430294109,-0.1430579120223719,0.20141838287529176,20
credit,gradual_global_mag0.5,lr,global_ewma,DI_star,-0.9614285714285715,0.026584131323325932,-0.970878530287664,0.02821192245868282,20
credit,gradual_global_mag0.5,lr,global_ewma,AOD_star,-0.3675187969924812,0.33082139434643293,-0.40958842593722744,0.3111385576600439,20
credit,gradual_global_mag0.5,lr,global_ewma,BalAcc,-0.21000000000000002,0.19842746302186465,-0.2123548510781068,0.19193978218445884,20
credit,gradual_global_mag0.5,lr,global_std,DI_star,-0.3381954887218045,0.2616877949138953,-0.27169280322046896,0.2198519374839896,20
credit,gradual_global_mag0.5,lr,global_std,AOD_star,-0.07481203007518797,0.25801718963140424,-0.07013455098414645,0.253047598188005,20
credit,gradual_global_mag0.5,lr,global_std,BalAcc,-0.1295488721804511,0.21638061860286636,-0.16560415245016483,0.20985025933233112,20
credit,gradual_global_mag0.5,lr,subgroup_violation_diff,DI_star,-0.5938345864661654,0.324653922811545,-0.6711515056037229,0.22295908093099717,20
credit,gradual_global_mag0.5,lr,subgroup_violation_diff,AOD_star,-0.197593984962406,0.3061657089677585,-0.1983370007500192,0.33627288441510167,20
credit,gradual_global_mag0.5,lr,subgroup_violation_diff,BalAcc,-0.15172932330827069,0.18705273977609121,-0.20148471450197114,0.23030338114558835,20
credit,gradual_global_mag0.5,lr,max_subgroup_deviation,DI_star,-0.9047368421052632,0.0830822304616701,-0.8351983730104671,0.054399370759338914,20
credit,gradual_global_mag0.5,lr,max_subgroup_deviation,AOD_star,-0.33744360902255643,0.3145321910079818,-0.3785840011214895,0.27102156270193695,20
credit,gradual_global_mag0.5,lr,max_subgroup_deviation,BalAcc,-0.18300751879699245,0.17730471179049476,-0.13913970587530006,0.20933506964576756,20
credit,gradual_global_mag0.5,lr,assignment_proportion_drift,DI_star,-0.6397328661236937,0.23611921424879098,-0.8148595609290185,0.08805377711875408,20
credit,gradual_global_mag0.5,lr,assignment_proportion_drift,AOD_star,-0.2475567179632699,0.27833889633513553,-0.36800370831574847,0.2631773173491724,20
credit,gradual_global_mag0.5,lr,assignment_proportion_drift,BalAcc,-0.10602698140965812,0.24216675433791468,-0.13361465436843756,0.21803890914111185,20
credit,gradual_global_mag0.5,lr,ks_statistic,DI_star,-0.9597744360902254,0.028043701712168263,-0.8480523520335762,0.05279179438075312,20
credit,gradual_global_mag0.5,lr,ks_statistic,AOD_star,-0.3657142857142857,0.32845031404525576,-0.38876458257579527,0.2681781521568919,20
credit,gradual_global_mag0.5,lr,ks_statistic,BalAcc,-0.21714285714285708,0.19500947617910647,-0.13585611419399904,0.20497652411738257,20
credit,gradual_global_mag0.5,lr,kl_divergence,DI_star,-0.9323308270676691,0.03576924935615108,-0.8388299195161395,0.03645255763043825,20
credit,gradual_global_mag0.5,lr,kl_divergence,AOD_star,-0.3636842105263158,0.33391459956930425,-0.28779561650797536,0.32430297859691687,20
credit,gradual_global_mag0.5,lr,kl_divergence,BalAcc,-0.20894736842105263,0.2027926877764931,-0.2510399871965607,0.21311956332460977,20
credit,gradual_global_mag0.5,lr,per_subgroup_ewma[min_neg],DI_star,-0.9312586879090509,0.06806859785427351,-0.9588265562989049,0.03471728972279792,20
credit,gradual_global_mag0.5,lr,per_subgroup_ewma[min_neg],AOD_star,-0.3713983732137165,0.329710025313758,-0.41103649102975154,0.31634263401300716,20
credit,gradual_global_mag0.5,lr,per_subgroup_ewma[min_neg],BalAcc,-0.2238004004746942,0.22711249662477426,-0.20887277159644632,0.21675785512114126,20
credit,gradual_global_mag0.5,lr,per_subgroup_baseline_relative[min_neg],DI_star,-0.7226088901995744,0.1923173139910794,-0.7651207259381476,0.12410724312044503,20
credit,gradual_global_mag0.5,lr,per_subgroup_baseline_relative[min_neg],AOD_star,-0.25162042665887213,0.25163149025738385,-0.3429418683641482,0.26631537157486507,20
credit,gradual_global_mag0.5,lr,per_subgroup_baseline_relative[min_neg],BalAcc,-0.18254497286811835,0.18916363730886654,-0.14494387904551276,0.23458383622720294,20
credit,gradual_global_mag0.5,lr,per_subgroup_ewma[min_pos],DI_star,-0.9600751879699245,0.026125953305989755,-0.96470590933944,0.026320330419380897,20
credit,gradual_global_mag0.5,lr,per_subgroup_ewma[min_pos],AOD_star,-0.37045112781954886,0.3306432418194052,-0.39226005210245934,0.31804174312103844,20
credit,gradual_global_mag0.5,lr,per_subgroup_ewma[min_pos],BalAcc,-0.21466165413533833,0.2010689253946068,-0.22091119495458478,0.1964364770426947,20
credit,gradual_global_mag0.5,lr,per_subgroup_baseline_relative[min_pos],DI_star,-0.9145864661654135,0.04551599257117018,-0.8914967847582265,0.054271582134707286,20
credit,gradual_global_mag0.5,lr,per_subgroup_baseline_relative[min_pos],AOD_star,-0.3657142857142856,0.3211343594801299,-0.3826137452123454,0.28871460757074274,20
credit,gradual_global_mag0.5,lr,per_subgroup_baseline_relative[min_pos],BalAcc,-0.17729323308270678,0.21037959441541867,-0.15726820535657246,0.2132235110197863,20
credit,gradual_global_mag0.5,lr,per_subgroup_ewma[maj_neg],DI_star,-0.9617293233082705,0.027227909150161857,-0.9641363539658565,0.03241329888258566,20
credit,gradual_global_mag0.5,lr,per_subgroup_ewma[maj_neg],AOD_star,-0.3717293233082707,0.32900234986267496,-0.4159212493704012,0.3042647511065903,20
credit,gradual_global_mag0.5,lr,per_subgroup_ewma[maj_neg],BalAcc,-0.21120300751879695,0.19126287059714403,-0.19905974124208797,0.19070052589995154,20
credit,gradual_global_mag0.5,lr,per_subgroup_baseline_relative[maj_neg],DI_star,-0.6684691534180515,0.1524545612103981,-0.7761917843177755,0.07057022447406448,20
credit,gradual_global_mag0.5,lr,per_subgroup_baseline_relative[maj_neg],AOD_star,-0.2947484943319716,0.20913584095448495,-0.37174005998358006,0.24811601601514974,20
credit,gradual_global_mag0.5,lr,per_subgroup_baseline_relative[maj_neg],BalAcc,-0.09462933476270881,0.20430121905820223,-0.10425251127030374,0.21307232717657007,20
credit,gradual_global_mag0.5,lr,per_subgroup_ewma[maj_pos],DI_star,-0.9626315789473683,0.02622443865282703,-0.9697656421526182,0.02932007944486467,20
credit,gradual_global_mag0.5,lr,per_subgroup_ewma[maj_pos],AOD_star,-0.36669172932330824,0.3318154323512925,-0.41157160013832883,0.3090049955477949,20
credit,gradual_global_mag0.5,lr,per_subgroup_ewma[maj_pos],BalAcc,-0.21300751879699248,0.19325342919708516,-0.20976942128996479,0.19026078379013628,20
credit,gradual_global_mag0.5,lr,per_subgroup_baseline_relative[maj_pos],DI_star,-0.9461654135338344,0.02207301622145875,-0.8336405449638858,0.06074699726922263,20
credit,gradual_global_mag0.5,lr,per_subgroup_baseline_relative[maj_pos],AOD_star,-0.35616541353383463,0.32737925698977005,-0.3835086288733144,0.2600425111704824,20
credit,gradual_global_mag0.5,lr,per_subgroup_baseline_relative[maj_pos],BalAcc,-0.20195488721804508,0.19144050190512812,-0.13619789399062684,0.2010984413833524,20
credit,gradual_global_mag0.5,xgb,global_mean,DI_star,0.6882236797943879,0.005289753509570991,0.9711275749101096,0.01178151944986139,20
credit,gradual_global_mag0.5,xgb,global_mean,AOD_star,0.6894067490986133,0.005202659817144735,0.9079924048081413,0.05861950040715375,20
credit,gradual_global_mag0.5,xgb,global_mean,BalAcc,-0.6889765420788949,0.005049208402760362,-0.9769228803978075,0.00976812586259939,20
credit,gradual_global_mag0.5,xgb,global_ewma,DI_star,0.6873632657549512,0.005245836157609332,0.7896398070038468,0.011064517509603303,20
credit,gradual_global_mag0.5,xgb,global_ewma,AOD_star,0.6888689903239654,0.006117227661496656,0.7383557010059216,0.04869710455917132,20
credit,gradual_global_mag0.5,xgb,global_ewma,BalAcc,-0.6881161280394583,0.006155870112510951,-0.7943609347601445,0.009680172998429977,20
credit,gradual_global_mag0.5,xgb,global_std,DI_star,-0.2397866376155005,0.2736932198655038,-0.2409219875902576,0.24797740359238762,20
credit,gradual_global_mag0.5,xgb,global_std,AOD_star,-0.2400017411253597,0.26869762257432905,-0.22972453565584697,0.2264176971670855,20
credit,gradual_global_mag0.5,xgb,global_std,BalAcc,0.239141327085923,0.26809079610576403,0.24155142366430424,0.2451979040426382,20
credit,gradual_global_mag0.5,xgb,subgroup_violation_diff,DI_star,0.35906153383240574,0.29864999409091436,0.39323659055136645,0.2201297555803842,20
credit,gradual_global_mag0.5,xgb,subgroup_violation_diff,AOD_star,0.35938418909719444,0.29929728282247425,0.3690202365307046,0.20658569345180752,20
credit,gradual_global_mag0.5,xgb,subgroup_violation_diff,BalAcc,-0.35927663734226484,0.2935188626475335,-0.3967148258921733,0.22204337050156683,20
credit,gradual_global_mag0.5,xgb,max_subgroup_deviation,DI_star,0.6888689903239653,0.004706541477332222,0.9709849308834129,0.012229109093327962,20
credit,gradual_global_mag0.5,xgb,max_subgroup_deviation,AOD_star,0.6900520596281907,0.005251345912470791,0.9080583960337105,0.05878558521930513,20
credit,gradual_global_mag0.5,xgb,max_subgroup_deviation,BalAcc,-0.6885463350591767,0.005767823232965132,-0.9767066857559221,0.009428831399631092,20
credit,gradual_global_mag0.5,xgb,assignment_proportion_drift,DI_star,0.6896376256229376,0.005937621188312289,0.9626323001546154,0.018456044096705752,20
credit,gradual_global_mag0.5,xgb,assignment_proportion_drift,AOD_star,0.6892077423409506,0.005697985652494802,0.8995960468174907,0.054064043080811156,20
credit,gradual_global_mag0.5,xgb,assignment_proportion_drift,BalAcc,-0.6903367923927444,0.006038011193317681,-0.9683282158703671,0.018607716155203312,20
credit,gradual_global_mag0.5,xgb,ks_statistic,DI_star,0.6896218526084725,0.006174632332525884,0.9775630838833254,0.008494938830928993,20
credit,gradual_global_mag0.5,xgb,ks_statistic,AOD_star,0.6892991973436837,0.0065057700065153995,0.9139632559023934,0.057485651968034374,20
credit,gradual_global_mag0.5,xgb,ks_statistic,BalAcc,-0.6873632657549511,0.006434256210208041,-0.9833224197905114,0.0021401862966640177,20
credit,gradual_global_mag0.5,xgb,kl_divergence,DI_star,0.632780750128189,0.0591547118207478,0.4863576394027983,0.02302240020483629,20
credit,gradual_global_mag0.5,xgb,kl_divergence,AOD_star,0.6346091299619918,0.05977447010122308,0.4559649009567385,0.03853902527309297,20
credit,gradual_global_mag0.5,xgb,kl_divergence,BalAcc,-0.6343940264521326,0.06403103914036556,-0.4894264432023143,0.023495138142865735,20
credit,gradual_global_mag0.5,xgb,per_subgroup_ewma[min_neg],DI_star,0.6883440560396384,0.007155192272700762,0.8033840890760077,0.018364105825904836,20
credit,gradual_global_mag0.5,xgb,per_subgroup_ewma[min_neg],AOD_star,0.6880214007748499,0.006157445300711006,0.7510344892076011,0.04889009608922508,20
credit,gradual_global_mag0.5,xgb,per_subgroup_ewma[min_neg],BalAcc,-0.6913020327187427,0.0058556876149006435,-0.8081471083325505,0.01643511538816374,20
credit,gradual_global_mag0.5,xgb,per_subgroup_baseline_relative[min_neg],DI_star,0.658771181575809,0.07068394384040531,0.9209122429683363,0.09177296029630831,20
credit,gradual_global_mag0.5,xgb,per_subgroup_baseline_relative[min_neg],AOD_star,0.6584102311173331,0.06927079126642076,0.8625717824264652,0.1107970572440675,20
credit,gradual_global_mag0.5,xgb,per_subgroup_baseline_relative[min_neg],BalAcc,-0.661449102399523,0.06873655971893536,-0.926050587013685,0.0894144028175143,20
credit,gradual_global_mag0.5,xgb,per_subgroup_ewma[min_pos],DI_star,0.6886538868141063,0.006912658441744062,0.7488348060251625,0.029126851029382454,20
credit,gradual_global_mag0.5,xgb,per_subgroup_ewma[min_pos],AOD_star,0.6898369561183316,0.0063117395922330415,0.6996947864853874,0.043979995779626475,20
credit,gradual_global_mag0.5,xgb,per_subgroup_ewma[min_pos],BalAcc,-0.6873632657549513,0.006064049882976525,-0.7532349355983013,0.02744212266321996,20
credit,gradual_global_mag0.5,xgb,per_subgroup_baseline_relative[min_pos],DI_star,0.6883312315493176,0.006869855191545553,0.919807649338396,0.02645241803895271,20
credit,gradual_global_mag0.5,xgb,per_subgroup_baseline_relative[min_pos],AOD_star,0.6888689903239655,0.005806798831222007,0.8593879906106652,0.04901064400363844,20
credit,gradual_global_mag0.5,xgb,per_subgroup_baseline_relative[min_pos],BalAcc,-0.6891916455887542,0.00653858061334776,-0.9251949480118361,0.02533963810578987,20
credit,gradual_global_mag0.5,xgb,per_subgroup_ewma[maj_neg],DI_star,0.6881161280394583,0.005605087336392101,0.8181268714387272,0.009887030670689826,20
credit,gradual_global_mag0.5,xgb,per_subgroup_ewma[maj_neg],AOD_star,0.6866104034704441,0.005295217567953256,0.7648855418391047,0.05041792500968057,20
credit,gradual_global_mag0.5,xgb,per_subgroup_ewma[maj_neg],BalAcc,-0.6867179552253737,0.006555365486151588,-0.8230204332801907,0.006730138450374821,20
credit,gradual_global_mag0.5,xgb,per_subgroup_baseline_relative[maj_neg],DI_star,0.688236787475347,0.006767241265962882,0.987817196136539,0.008395776948951722,20
credit,gradual_global_mag0.5,xgb,per_subgroup_baseline_relative[maj_neg],AOD_star,0.6885594427401357,0.006608348151340603,0.9233837793996958,0.05820996633527714,20
credit,gradual_global_mag0.5,xgb,per_subgroup_baseline_relative[maj_neg],BalAcc,-0.6864080839951006,0.00661380271948484,-0.9936965694422837,0.0030502367283369654,20
credit,gradual_global_mag0.5,xgb,per_subgroup_ewma[maj_pos],DI_star,0.6890840938338245,0.005237008492696383,0.7985526571815625,0.01062200432269552,20
credit,gradual_global_mag0.5,xgb,per_subgroup_ewma[maj_pos],AOD_star,0.6892991973436836,0.005111820751343844,0.7467444942493057,0.049145610567572474,20
credit,gradual_global_mag0.5,xgb,per_subgroup_ewma[maj_pos],BalAcc,-0.6872557140000217,0.005112952060586717,-0.8032792945835956,0.007232942199102114,20
credit,gradual_global_mag0.5,xgb,per_subgroup_baseline_relative[maj_pos],DI_star,0.6894067490986132,0.00422063563722176,0.9758417506921468,0.011330016495701204,20
credit,gradual_global_mag0.5,xgb,per_subgroup_baseline_relative[maj_pos],AOD_star,0.6905898184028387,0.004686838443773569,0.9126840940261488,0.05796616136363555,20
credit,gradual_global_mag0.5,xgb,per_subgroup_baseline_relative[maj_pos],BalAcc,-0.6888689903239655,0.005436419397953535,-0.9815713399225394,0.007057249811344578,20
credit,gradual_global_mag1.0,lr,global_mean,DI_star,-0.8242105263157894,0.2780511310075474,-0.8642027632520144,0.2657701260061702,20
credit,gradual_global_mag1.0,lr,global_mean,AOD_star,0.3376691729323308,0.3650613962799618,0.20301374589662996,0.3649540150599334,20
credit,gradual_global_mag1.0,lr,global_mean,BalAcc,-0.5950375939849624,0.13839824114780802,-0.489680038968073,0.153149514469875,20
credit,gradual_global_mag1.0,lr,global_ewma,DI_star,-0.8252631578947367,0.27798553345330135,-0.8518137715491836,0.3009939995057918,20
credit,gradual_global_mag1.0,lr,global_ewma,AOD_star,0.3384962406015037,0.3680405891878341,0.33640319516827655,0.40311115725334623,20
credit,gradual_global_mag1.0,lr,global_ewma,BalAcc,-0.5921052631578947,0.13867554295152648,-0.5880080332944583,0.14140779807690915,20
credit,gradual_global_mag1.0,lr,global_std,DI_star,0.20902255639097747,0.31393476106039364,0.19260858337143533,0.31350667777088537,20
credit,gradual_global_mag1.0,lr,global_std,AOD_star,-0.3725563909774436,0.16741703622148443,-0.3911189422988305,0.20937524475297856,20
credit,gradual_global_mag1.0,lr,global_std,BalAcc,0.21203007518796993,0.2324784794945957,0.17656738430606797,0.23613385196219297,20
credit,gradual_global_mag1.0,lr,subgroup_violation_diff,DI_star,-0.301203007518797,0.3240812930318377,-0.34980132521220325,0.2325211869155796,20
credit,gradual_global_mag1.0,lr,subgroup_violation_diff,AOD_star,-0.2689473684210526,0.3626951939574411,-0.3100876211735823,0.33176878368219814,20
credit,gradual_global_mag1.0,lr,subgroup_violation_diff,BalAcc,-0.11556390977443609,0.2673180407890819,-0.06843129683477306,0.2385699809559028,20
credit,gradual_global_mag1.0,lr,max_subgroup_deviation,DI_star,-0.8211278195488723,0.26768711395478784,-0.856067683490707,0.2686526817136897,20
credit,gradual_global_mag1.0,lr,max_subgroup_deviation,AOD_star,0.3364661654135338,0.3652138676010727,0.21926165283616297,0.36611009927521065,20
credit,gradual_global_mag1.0,lr,max_subgroup_deviation,BalAcc,-0.5866917293233082,0.1425864273106252,-0.49367369711110876,0.15346058094089637,20
credit,gradual_global_mag1.0,lr,assignment_proportion_drift,DI_star,-0.4844256159567215,0.19733363701683115,-0.7660941436793586,0.18470772685996173,20
credit,gradual_global_mag1.0,lr,assignment_proportion_drift,AOD_star,-0.15457402613333432,0.34379576206090207,-0.05342263105078856,0.27829874055513654,20
credit,gradual_global_mag1.0,lr,assignment_proportion_drift,BalAcc,-0.233491124636174,0.22524952220254857,-0.2991917762350439,0.18430562931721686,20
credit,gradual_global_mag1.0,lr,ks_statistic,DI_star,-0.8247368421052631,0.2804849805205014,-0.8445604365902757,0.23738365513316217,20
credit,gradual_global_mag1.0,lr,ks_statistic,AOD_star,0.33669172932330826,0.36878879912414964,0.08564785939654168,0.33516957000983855,20
credit,gradual_global_mag1.0,lr,ks_statistic,BalAcc,-0.595563909774436,0.14138575457204683,-0.41366502479499995,0.16306521769243157,20
credit,gradual_global_mag1.0,lr,kl_divergence,DI_star,-0.819548872180451,0.27564652209748636,-0.6067940264024613,0.3462465111770645,20
credit,gradual_global_mag1.0,lr,kl_divergence,AOD_star,0.3399248120300752,0.36716356674094175,0.5897806216619031,0.36296831667578616,20
credit,gradual_global_mag1.0,lr,kl_divergence,BalAcc,-0.5886466165413534,0.14367669546727768,-0.602948786097937,0.1233935027443361,20
credit,gradual_global_mag1.0,lr,per_subgroup_ewma[min_neg],DI_star,-0.8341159156125046,0.27416644362734743,-0.8758776317403821,0.2936754591307756,20
credit,gradual_global_mag1.0,lr,per_subgroup_ewma[min_neg],AOD_star,0.3267327313017619,0.3607292766135538,0.2663628704839507,0.38968302543418093,20
credit,gradual_global_mag1.0,lr,per_subgroup_ewma[min_neg],BalAcc,-0.586663963369368,0.13706740540200946,-0.5669481437004763,0.14662392543735464,20
credit,gradual_global_mag1.0,lr,per_subgroup_baseline_relative[min_neg],DI_star,-0.7776117546163042,0.24375626210817244,-0.8276717525047446,0.23610389256186415,20
credit,gradual_global_mag1.0,lr,per_subgroup_baseline_relative[min_neg],AOD_star,0.13845389174828898,0.3539009539038908,0.0491165003912717,0.3169065549562444,20
credit,gradual_global_mag1.0,lr,per_subgroup_baseline_relative[min_neg],BalAcc,-0.4786544002356015,0.15824108303490225,-0.38987235938604264,0.1485860419721647,20
credit,gradual_global_mag1.0,lr,per_subgroup_ewma[min_pos],DI_star,-0.8242857142857142,0.27933895259724406,-0.8541630380421333,0.30912855623577684,20
credit,gradual_global_mag1.0,lr,per_subgroup_ewma[min_pos],AOD_star,0.3366165413533834,0.3682354220085589,0.303253550219989,0.40318225533753377,20
credit,gradual_global_mag1.0,lr,per_subgroup_ewma[min_pos],BalAcc,-0.5969172932330825,0.1395019325709241,-0.5797338602235476,0.14466773850158954,20
credit,gradual_global_mag1.0,lr,per_subgroup_baseline_relative[min_pos],DI_star,-0.7763157894736841,0.27020044778488683,-0.8600878430954999,0.26439624862117406,20
credit,gradual_global_mag1.0,lr,per_subgroup_baseline_relative[min_pos],AOD_star,0.2358646616541354,0.37978731205369387,0.13164948195901743,0.37016838210136377,20
credit,gradual_global_mag1.0,lr,per_subgroup_baseline_relative[min_pos],BalAcc,-0.5470676691729321,0.17754145384421247,-0.4649710177430865,0.16241343169868047,20
credit,gradual_global_mag1.0,lr,per_subgroup_ewma[maj_neg],DI_star,-0.8351127819548869,0.26426887934487725,-0.882282467304622,0.28768263149589396,20
credit,gradual_global_mag1.0,lr,per_subgroup_ewma[maj_neg],AOD_star,0.3125563909774436,0.384852038631565,0.24566981503331048,0.40250057357739116,20
credit,gradual_global_mag1.0,lr,per_subgroup_ewma[maj_neg],BalAcc,-0.5862406015037593,0.143072473251084,-0.5610038587753091,0.14950086096730383,20
credit,gradual_global_mag1.0,lr,per_subgroup_baseline_relative[maj_neg],DI_star,-0.7709700690518223,0.2468798026301917,-0.7984498210799408,0.2510616838388772,20
credit,gradual_global_mag1.0,lr,per_subgroup_baseline_relative[maj_neg],AOD_star,0.2676143127230831,0.33791506106386426,0.07071004717627863,0.2994966532468973,20
credit,gradual_global_mag1.0,lr,per_subgroup_baseline_relative[maj_neg],BalAcc,-0.5262208393851555,0.1627005233879568,-0.3816799671161125,0.16111325704004517,20
credit,gradual_global_mag1.0,lr,per_subgroup_ewma[maj_pos],DI_star,-0.8268421052631579,0.2782126696584515,-0.8465090971578867,0.30180820352729115,20
credit,gradual_global_mag1.0,lr,per_subgroup_ewma[maj_pos],AOD_star,0.3389473684210526,0.36791200062756524,0.35057374657775087,0.4023603399503555,20
credit,gradual_global_mag1.0,lr,per_subgroup_ewma[maj_pos],BalAcc,-0.594436090225564,0.13689670892736977,-0.5903567082470869,0.14164850565912607,20
credit,gradual_global_mag1.0,lr,per_subgroup_baseline_relative[maj_pos],DI_star,-0.8236842105263158,0.2749754201956936,-0.8583201285753109,0.26961545650640323,20
credit,gradual_global_mag1.0,lr,per_subgroup_baseline_relative[maj_pos],AOD_star,0.3393233082706767,0.36151835726722015,0.23185110357413613,0.3631978793690103,20
credit,gradual_global_mag1.0,lr,per_subgroup_baseline_relative[maj_pos],BalAcc,-0.5963157894736841,0.13515984469115475,-0.49959141054840756,0.15244932747230233,20
credit,gradual_global_mag1.0,xgb,global_mean,DI_star,0.6882236797943879,0.005289753509570991,0.9145786861180921,0.016580841275285457,20
credit,gradual_global_mag1.0,xgb,global_mean,AOD_star,0.6894067490986133,0.005202659817144735,0.8548232512716721,0.051575623399375936,20
credit,gradual_global_mag1.0,xgb,global_mean,BalAcc,-0.6889765420788949,0.005049208402760362,-0.9200093645953912,0.014048175079709459,20
credit,gradual_global_mag1.0,xgb,global_ewma,DI_star,0.6873632657549512,0.005245836157609332,0.7323275977705597,0.012137066409670555,20
credit,gradual_global_mag1.0,xgb,global_ewma,AOD_star,0.6888689903239654,0.006117227661496656,0.6845288179496234,0.04179820752341699,20
credit,gradual_global_mag1.0,xgb,global_ewma,BalAcc,-0.6881161280394583,0.006155870112510951,-0.7366865331041043,0.010022190011248888,20
credit,gradual_global_mag1.0,xgb,global_std,DI_star,-0.3173314529197283,0.284938371671253,-0.3393832938363507,0.2634439801809082,20
credit,gradual_global_mag1.0,xgb,global_std,AOD_star,-0.3207731090774749,0.279207105686475,-0.32261780253576766,0.24093786262354344,20
credit,gradual_global_mag1.0,xgb,global_std,BalAcc,0.3210957643422637,0.27781525478179503,0.34067146282045613,0.26278187458616986,20
credit,gradual_global_mag1.0,xgb,subgroup_violation_diff,DI_star,0.3945536129591674,0.27189400066895303,0.37554097319975044,0.16794235265770438,20
credit,gradual_global_mag1.0,xgb,subgroup_violation_diff,AOD_star,0.3938007506746603,0.2730095482179346,0.3502628705909612,0.16416136810465323,20
credit,gradual_global_mag1.0,xgb,subgroup_violation_diff,BalAcc,-0.3936931989197307,0.2686061692271898,-0.37815850239647386,0.16930631544892635,20
credit,gradual_global_mag1.0,xgb,max_subgroup_deviation,DI_star,0.6888689903239653,0.004706541477332222,0.908817073063249,0.018831885553588654,20
credit,gradual_global_mag1.0,xgb,max_subgroup_deviation,AOD_star,0.6900520596281907,0.005251345912470791,0.8495403826034968,0.05098672482970668,20
credit,gradual_global_mag1.0,xgb,max_subgroup_deviation,BalAcc,-0.6885463350591767,0.005767823232965132,-0.9141591656466777,0.01650921095600418,20
credit,gradual_global_mag1.0,xgb,assignment_proportion_drift,DI_star,0.6894564131989307,0.005990746365684872,0.9529065071555303,0.031094591763189263,20
credit,gradual_global_mag1.0,xgb,assignment_proportion_drift,AOD_star,0.6890261251762276,0.005691193741742315,0.8912129215936171,0.06698795456885996,20
credit,gradual_global_mag1.0,xgb,assignment_proportion_drift,BalAcc,-0.6901552364604899,0.006072168794184425,-0.9584606833786156,0.028264603125120063,20
credit,gradual_global_mag1.0,xgb,ks_statistic,DI_star,0.6896218526084725,0.006174632332525884,0.9696672447323513,0.008091678655289099,20
credit,gradual_global_mag1.0,xgb,ks_statistic,AOD_star,0.6892991973436837,0.0065057700065153995,0.9065792979015892,0.05698269383304591,20
credit,gradual_global_mag1.0,xgb,ks_statistic,BalAcc,-0.6873632657549511,0.006434256210208041,-0.9753859279860697,0.0016786406828150737,20
credit,gradual_global_mag1.0,xgb,kl_divergence,DI_star,0.6706927437408662,0.026735644353656503,0.44311535112946554,0.01410912895629828,20
credit,gradual_global_mag1.0,xgb,kl_divergence,AOD_star,0.6724135718197395,0.027035097039757466,0.4145942319440725,0.03016844926016204,20
credit,gradual_global_mag1.0,xgb,kl_divergence,BalAcc,-0.6715531577803029,0.031047641520026023,-0.4457635612965868,0.01332972634706487,20
credit,gradual_global_mag1.0,xgb,per_subgroup_ewma[min_neg],DI_star,0.6883440560396384,0.007155192272700762,0.769034049248833,0.008187153853288488,20
credit,gradual_global_mag1.0,xgb,per_subgroup_ewma[min_neg],AOD_star,0.6880214007748499,0.006157445300711006,0.7188698999728734,0.043588478619329324,20
credit,gradual_global_mag1.0,xgb,per_subgroup_ewma[min_neg],BalAcc,-0.6913020327187427,0.0058556876149006435,-0.7736333707218722,0.008124889321357711,20
credit,gradual_global_mag1.0,xgb,per_subgroup_baseline_relative[min_neg],DI_star,0.6679690286531542,0.03947130434930435,0.9256271745823499,0.06059289078805345,20
credit,gradual_global_mag1.0,xgb,per_subgroup_baseline_relative[min_neg],AOD_star,0.6675986778449922,0.03806619785819794,0.8659234448521118,0.08323221283182994,20
credit,gradual_global_mag1.0,xgb,per_subgroup_baseline_relative[min_neg],BalAcc,-0.6706145971443641,0.03658061092567298,-0.9310654063811532,0.05930726547913066,20
credit,gradual_global_mag1.0,xgb,per_subgroup_ewma[min_pos],DI_star,0.6886538868141063,0.006912658441744062,0.729485986010469,0.01899987407731212,20
credit,gradual_global_mag1.0,xgb,per_subgroup_ewma[min_pos],AOD_star,0.6898369561183316,0.0063117395922330415,0.6821776745794711,0.04742076059859317,20
credit,gradual_global_mag1.0,xgb,per_subgroup_ewma[min_pos],BalAcc,-0.6873632657549513,0.006064049882976525,-0.7338775224287897,0.02037582797804903,20
credit,gradual_global_mag1.0,xgb,per_subgroup_baseline_relative[min_pos],DI_star,0.6883312315493176,0.006869855191545553,0.9133814404371507,0.022827648764680263,20
credit,gradual_global_mag1.0,xgb,per_subgroup_baseline_relative[min_pos],AOD_star,0.6888689903239655,0.005806798831222007,0.8543622821905814,0.061968080198670804,20
credit,gradual_global_mag1.0,xgb,per_subgroup_baseline_relative[min_pos],BalAcc,-0.6891916455887542,0.00653858061334776,-0.9187994127528987,0.0239073825572908,20
credit,gradual_global_mag1.0,xgb,per_subgroup_ewma[maj_neg],DI_star,0.6881161280394583,0.005605087336392101,0.7912163283604039,0.01579364954076786,20
credit,gradual_global_mag1.0,xgb,per_subgroup_ewma[maj_neg],AOD_star,0.6866104034704441,0.005295217567953256,0.73944919628387,0.04554110902361271,20
credit,gradual_global_mag1.0,xgb,per_subgroup_ewma[maj_neg],BalAcc,-0.6867179552253737,0.006555365486151588,-0.7959354615594283,0.013571737347198423,20
credit,gradual_global_mag1.0,xgb,per_subgroup_baseline_relative[maj_neg],DI_star,0.6667458148202314,0.0528522396306395,0.9397725958660252,0.07384776152419266,20
credit,gradual_global_mag1.0,xgb,per_subgroup_baseline_relative[maj_neg],AOD_star,0.6670686723640473,0.05261534687662751,0.8803288756546147,0.10249061049997793,20
credit,gradual_global_mag1.0,xgb,per_subgroup_baseline_relative[maj_neg],BalAcc,-0.6649169090609579,0.05451429423205846,-0.9454889509037343,0.07522022678693821,20
credit,gradual_global_mag1.0,xgb,per_subgroup_ewma[maj_pos],DI_star,0.6890840938338245,0.005237008492696383,0.7277414853188533,0.014988985827030598,20
credit,gradual_global_mag1.0,xgb,per_subgroup_ewma[maj_pos],AOD_star,0.6892991973436836,0.005111820751343844,0.6802124012640889,0.041040892485519474,20
credit,gradual_global_mag1.0,xgb,per_subgroup_ewma[maj_pos],BalAcc,-0.6872557140000217,0.005112952060586717,-0.7320250183950401,0.0119502289628282,20
credit,gradual_global_mag1.0,xgb,per_subgroup_baseline_relative[maj_pos],DI_star,0.6894067490986132,0.00422063563722176,0.9027201390863941,0.020801189530497578,20
credit,gradual_global_mag1.0,xgb,per_subgroup_baseline_relative[maj_pos],AOD_star,0.6905898184028387,0.004686838443773569,0.8438919885778866,0.05022546336144916,20
credit,gradual_global_mag1.0,xgb,per_subgroup_baseline_relative[maj_pos],BalAcc,-0.6888689903239655,0.005436419397953535,-0.9079844503052291,0.017206641241351038,20
credit,gradual_global_mag2.0,lr,global_mean,DI_star,-0.11548872180451128,0.3335481396554007,-0.37875499137010993,0.38145240357349375,20
credit,gradual_global_mag2.0,lr,global_mean,AOD_star,0.8242105263157894,0.09897193286966734,0.6622230597347916,0.10956607632733208,20
credit,gradual_global_mag2.0,lr,global_mean,BalAcc,-0.8355639097744361,0.07201308132998424,-0.7041898368488625,0.10340780126479596,20
credit,gradual_global_mag2.0,lr,global_ewma,DI_star,-0.11654135338345864,0.33451684668950665,-0.16670313246057647,0.3989969145972288,20
credit,gradual_global_mag2.0,lr,global_ewma,AOD_star,0.8239849624060149,0.09970216827395431,0.853050255267973,0.08307373241885153,20
credit,gradual_global_mag2.0,lr,global_ewma,BalAcc,-0.8336090225563908,0.07178663714861966,-0.8182793291298285,0.07177109183670138,20
credit,gradual_global_mag2.0,lr,global_std,DI_star,-0.06451127819548871,0.2717205852188617,-0.09131757410199003,0.2903779229630412,20
credit,gradual_global_mag2.0,lr,global_std,AOD_star,-0.8590225563909775,0.05302298073431673,-0.9004878516845192,0.05742598956831318,20
credit,gradual_global_mag2.0,lr,global_std,BalAcc,0.7266165413533833,0.1318031173124542,0.723856362315716,0.10652013208159856,20
credit,gradual_global_mag2.0,lr,subgroup_violation_diff,DI_star,-0.30714285714285705,0.35500249019963137,-0.32710732450069546,0.24698643189118802,20
credit,gradual_global_mag2.0,lr,subgroup_violation_diff,AOD_star,-0.38932330827067657,0.35524828707389355,-0.40161916002158105,0.33067695017745097,20
credit,gradual_global_mag2.0,lr,subgroup_violation_diff,BalAcc,0.2533834586466165,0.31593176171415743,0.22527379987949864,0.25198081924579635,20
credit,gradual_global_mag2.0,lr,max_subgroup_deviation,DI_star,-0.1209022556390977,0.32413058564996683,-0.3653370770668761,0.37290610384404255,20
credit,gradual_global_mag2.0,lr,max_subgroup_deviation,AOD_star,0.8175187969924813,0.09742953927014357,0.6805153964620877,0.10252978466491353,20
credit,gradual_global_mag2.0,lr,max_subgroup_deviation,BalAcc,-0.8278195488721805,0.07127645059886399,-0.7149984458860853,0.09831624708946256,20
credit,gradual_global_mag2.0,lr,assignment_proportion_drift,DI_star,-0.38064080442597825,0.28347384462259034,-0.49277834869370657,0.3280656346803185,20
credit,gradual_global_mag2.0,lr,assignment_proportion_drift,AOD_star,0.171342248332541,0.37934550087264285,0.3624380187893505,0.17975556156469333,20
credit,gradual_global_mag2.0,lr,assignment_proportion_drift,BalAcc,-0.3056580338273008,0.3039322792748902,-0.4696822155429829,0.1851615198424909,20
credit,gradual_global_mag2.0,lr,ks_statistic,DI_star,-0.11789473684210525,0.33737116078589807,-0.4439791445011383,0.35903637341674016,20
credit,gradual_global_mag2.0,lr,ks_statistic,AOD_star,0.8222556390977444,0.09918156802568552,0.5468404904157905,0.11198505568882978,20
credit,gradual_global_mag2.0,lr,ks_statistic,BalAcc,-0.8368421052631578,0.06909524895884298,-0.6246559908095957,0.12054639140884231,20
credit,gradual_global_mag2.0,lr,kl_divergence,DI_star,-0.11684210526315789,0.331923712123596,0.27988641230516564,0.29491661882681075,20
credit,gradual_global_mag2.0,lr,kl_divergence,AOD_star,0.8234586466165414,0.10003832156225852,0.7903029068619896,0.09471738722756182,20
credit,gradual_global_mag2.0,lr,kl_divergence,BalAcc,-0.8266917293233081,0.07637687839815806,-0.662117153706338,0.08669352192006943,20
credit,gradual_global_mag2.0,lr,per_subgroup_ewma[min_neg],DI_star,-0.182902358869042,0.317808872306188,-0.2863610578431689,0.3747668622185759,20
credit,gradual_global_mag2.0,lr,per_subgroup_ewma[min_neg],AOD_star,0.7527940879096888,0.13315605500431144,0.7600231306065528,0.11738407810001077,20
credit,gradual_global_mag2.0,lr,per_subgroup_ewma[min_neg],BalAcc,-0.7766309652262507,0.07334778981659756,-0.7696261841789387,0.07479989129083489,20
credit,gradual_global_mag2.0,lr,per_subgroup_baseline_relative[min_neg],DI_star,-0.2278973070823457,0.2668772709172164,-0.43127320348086134,0.31291237746087774,20
credit,gradual_global_mag2.0,lr,per_subgroup_baseline_relative[min_neg],AOD_star,0.5013682038451595,0.24987664414619312,0.3641566373559614,0.20084524245680574,20
credit,gradual_global_mag2.0,lr,per_subgroup_baseline_relative[min_neg],BalAcc,-0.5322844551096269,0.19262772088579008,-0.44980687372854466,0.17349491391004543,20
credit,gradual_global_mag2.0,lr,per_subgroup_ewma[min_pos],DI_star,-0.1182706766917293,0.332104599283374,-0.2058745558541959,0.39548494897606196,20
credit,gradual_global_mag2.0,lr,per_subgroup_ewma[min_pos],AOD_star,0.8208270676691729,0.0965739937326593,0.8299560135329447,0.08863553266251943,20
credit,gradual_global_mag2.0,lr,per_subgroup_ewma[min_pos],BalAcc,-0.834360902255639,0.06476870837265018,-0.8113417500262061,0.07563005159058334,20
credit,gradual_global_mag2.0,lr,per_subgroup_baseline_relative[min_pos],DI_star,-0.13225563909774435,0.3237330571894988,-0.4384930062366877,0.3593693583967681,20
credit,gradual_global_mag2.0,lr,per_subgroup_baseline_relative[min_pos],AOD_star,0.7693984962406014,0.12476244598925412,0.5904084511496585,0.12396181788070931,20
credit,gradual_global_mag2.0,lr,per_subgroup_baseline_relative[min_pos],BalAcc,-0.7983458646616541,0.08491768068924226,-0.6569316188172075,0.11529372857669748,20
credit,gradual_global_mag2.0,lr,per_subgroup_ewma[maj_neg],DI_star,-0.2559398496240601,0.28775433143626394,-0.3252401240642074,0.31783327688607693,20
credit,gradual_global_mag2.0,lr,per_subgroup_ewma[maj_neg],AOD_star,0.6838345864661652,0.26222687079226636,0.7085676289445644,0.23651531265847234,20
credit,gradual_global_mag2.0,lr,per_subgroup_ewma[maj_neg],BalAcc,-0.6945112781954886,0.20884953892992983,-0.6989114506261964,0.18230348037274322,20
credit,gradual_global_mag2.0,lr,per_subgroup_baseline_relative[maj_neg],DI_star,-0.30406926243591004,0.23719842947399086,-0.48089835137509207,0.2584485894207598,20
credit,gradual_global_mag2.0,lr,per_subgroup_baseline_relative[maj_neg],AOD_star,0.44334218067889364,0.4661821388691143,0.3285593153083992,0.34931524962754007,20
credit,gradual_global_mag2.0,lr,per_subgroup_baseline_relative[maj_neg],BalAcc,-0.42545423455305287,0.4754910042663529,-0.3780085496027303,0.3426496054406645,20
credit,gradual_global_mag2.0,lr,per_subgroup_ewma[maj_pos],DI_star,-0.11789473684210527,0.33500350793792294,-0.1462225203440727,0.3965718863412742,20
credit,gradual_global_mag2.0,lr,per_subgroup_ewma[maj_pos],AOD_star,0.824436090225564,0.10135145911918972,0.8650548786994194,0.07809573594449644,20
credit,gradual_global_mag2.0,lr,per_subgroup_ewma[maj_pos],BalAcc,-0.8343609022556391,0.07123801253057492,-0.8221410871628599,0.0708204905249543,20
credit,gradual_global_mag2.0,lr,per_subgroup_baseline_relative[maj_pos],DI_star,-0.11624060150375937,0.3335740702660988,-0.355355518436125,0.3817370952328662,20
credit,gradual_global_mag2.0,lr,per_subgroup_baseline_relative[maj_pos],AOD_star,0.8236842105263158,0.09995066339057801,0.6924289876906077,0.10404144626192975,20
credit,gradual_global_mag2.0,lr,per_subgroup_baseline_relative[maj_pos],BalAcc,-0.8352631578947369,0.07259510440179934,-0.7224106096751594,0.09804290969060131,20
credit,gradual_global_mag2.0,xgb,global_mean,DI_star,0.6882236797943879,0.005289753509570991,0.9172801385444412,0.013567527163039784,20
credit,gradual_global_mag2.0,xgb,global_mean,AOD_star,0.6894067490986133,0.005202659817144735,0.8574260274674215,0.052348724778540495,20
credit,gradual_global_mag2.0,xgb,global_mean,BalAcc,-0.6889765420788949,0.005049208402760362,-0.9227339928457049,0.01099434467110175,20
credit,gradual_global_mag2.0,xgb,global_ewma,DI_star,0.6873632657549512,0.005245836157609332,0.7234835694395513,0.011021207327449841,20
credit,gradual_global_mag2.0,xgb,global_ewma,AOD_star,0.6888689903239654,0.006117227661496656,0.6762552746622028,0.0410002738365801,20
credit,gradual_global_mag2.0,xgb,global_ewma,BalAcc,-0.6881161280394583,0.006155870112510951,-0.727792572168587,0.009106977059272185,20
credit,gradual_global_mag2.0,xgb,global_std,DI_star,-0.5023742472760722,0.14111917363811827,-0.5112738784748266,0.1253998375207344,20
credit,gradual_global_mag2.0,xgb,global_std,AOD_star,-0.504202627109875,0.13786087823118776,-0.4809911423366494,0.11611327615679501,20
credit,gradual_global_mag2.0,xgb,global_std,BalAcc,0.5032346613155088,0.13943615283411095,0.5136983950769649,0.12457069145636458,20
credit,gradual_global_mag2.0,xgb,subgroup_violation_diff,DI_star,0.13470857304930003,0.30649889114291007,0.21947421459517616,0.17502697775601309,20
credit,gradual_global_mag2.0,xgb,subgroup_violation_diff,AOD_star,0.13449346953944086,0.30758287780799465,0.20288362275042077,0.1611962468544427,20
credit,gradual_global_mag2.0,xgb,subgroup_violation_diff,BalAcc,-0.13352550374507463,0.3050972926959704,-0.2208561133380579,0.17550596012236883,20
credit,gradual_global_mag2.0,xgb,max_subgroup_deviation,DI_star,0.6888689903239653,0.004706541477332222,0.9076996975652303,0.01982853772839013,20
credit,gradual_global_mag2.0,xgb,max_subgroup_deviation,AOD_star,0.6900520596281907,0.005251345912470791,0.8485458043315937,0.052489438206325546,20
credit,gradual_global_mag2.0,xgb,max_subgroup_deviation,BalAcc,-0.6885463350591767,0.005767823232965132,-0.9130323939976364,0.01714025941182698,20
credit,gradual_global_mag2.0,xgb,assignment_proportion_drift,DI_star,0.6896367683290562,0.005821975302763362,0.9559444125777888,0.027375481405808234,20
credit,gradual_global_mag2.0,xgb,assignment_proportion_drift,AOD_star,0.6892068861484775,0.005576530484587103,0.8939397015324039,0.06403008710199093,20
credit,gradual_global_mag2.0,xgb,assignment_proportion_drift,BalAcc,-0.6903371364099218,0.006060237988269541,-0.9616199796413476,0.02605556344381483,20
credit,gradual_global_mag2.0,xgb,ks_statistic,DI_star,0.6896218526084725,0.006174632332525884,0.9698962575449489,0.007852581665885247,20
credit,gradual_global_mag2.0,xgb,ks_statistic,AOD_star,0.6892991973436837,0.0065057700065153995,0.9067864015126297,0.05689309753050858,20
credit,gradual_global_mag2.0,xgb,ks_statistic,BalAcc,-0.6873632657549511,0.006434256210208041,-0.9756222564732997,0.002039750908820289,20
credit,gradual_global_mag2.0,xgb,kl_divergence,DI_star,0.6874708175098807,0.0063227260924401466,0.3108770818974352,0.012510479745376422,20
credit,gradual_global_mag2.0,xgb,kl_divergence,AOD_star,0.6888689903239653,0.006303487150797268,0.29051041957396595,0.01973156963793428,20
credit,gradual_global_mag2.0,xgb,kl_divergence,BalAcc,-0.6888689903239654,0.005604055377010007,-0.31273825626331686,0.012640353764712939,20
credit,gradual_global_mag2.0,xgb,per_subgroup_ewma[min_neg],DI_star,0.6883440560396384,0.007155192272700762,0.7827106900460443,0.020857895430933783,20
credit,gradual_global_mag2.0,xgb,per_subgroup_ewma[min_neg],AOD_star,0.6880214007748499,0.006157445300711006,0.731761613640235,0.04940193506698443,20
credit,gradual_global_mag2.0,xgb,per_subgroup_ewma[min_neg],BalAcc,-0.6913020327187427,0.0058556876149006435,-0.7873379633473097,0.018856775350443482,20
credit,gradual_global_mag2.0,xgb,per_subgroup_baseline_relative[min_neg],DI_star,0.5901376599755894,0.10053335701202136,0.8269445445684693,0.11919975419869196,20
credit,gradual_global_mag2.0,xgb,per_subgroup_baseline_relative[min_neg],AOD_star,0.5896543072172051,0.09837405168575476,0.7727403443881743,0.11833877732356846,20
credit,gradual_global_mag2.0,xgb,per_subgroup_baseline_relative[min_neg],BalAcc,-0.5926119387713793,0.10298015882305754,-0.8321890797501629,0.12190759902130165,20
credit,gradual_global_mag2.0,xgb,per_subgroup_ewma[min_pos],DI_star,0.6886538868141063,0.006912658441744062,0.7391903361188608,0.026599278146716185,20
credit,gradual_global_mag2.0,xgb,per_subgroup_ewma[min_pos],AOD_star,0.6898369561183316,0.0063117395922330415,0.6916789528156176,0.05612963223070313,20
credit,gradual_global_mag2.0,xgb,per_subgroup_ewma[min_pos],BalAcc,-0.6873632657549513,0.006064049882976525,-0.7435881541927963,0.02643287587960472,20
credit,gradual_global_mag2.0,xgb,per_subgroup_baseline_relative[min_pos],DI_star,0.6797270911549511,0.02671097148526283,0.9201334976414725,0.04667813731873471,20
credit,gradual_global_mag2.0,xgb,per_subgroup_baseline_relative[min_pos],AOD_star,0.6802648499295991,0.027654607716169528,0.86178040692434,0.08302934749142488,20
credit,gradual_global_mag2.0,xgb,per_subgroup_baseline_relative[min_pos],BalAcc,-0.6805875051943878,0.025491354185884087,-0.9254671209000873,0.04513362556964227,20
credit,gradual_global_mag2.0,xgb,per_subgroup_ewma[maj_neg],DI_star,0.6881161280394583,0.005605087336392101,0.7566526710550066,0.02964290815213014,20
credit,gradual_global_mag2.0,xgb,per_subgroup_ewma[maj_neg],AOD_star,0.6866104034704441,0.005295217567953256,0.7080191715620513,0.06078465401611975,20
credit,gradual_global_mag2.0,xgb,per_subgroup_ewma[maj_neg],BalAcc,-0.6867179552253737,0.006555365486151588,-0.7612180290256613,0.02987091411821278,20
credit,gradual_global_mag2.0,xgb,per_subgroup_baseline_relative[maj_neg],DI_star,0.5295082260871042,0.21019723048215383,0.7793410988700628,0.18544336645528514,20
credit,gradual_global_mag2.0,xgb,per_subgroup_baseline_relative[maj_neg],AOD_star,0.5298337687765242,0.20999278000955,0.7340464041533513,0.19475991895448586,20
credit,gradual_global_mag2.0,xgb,per_subgroup_baseline_relative[maj_neg],BalAcc,-0.5276638281960864,0.21126104769316645,-0.7841025453880678,0.1865142344716339,20
credit,gradual_global_mag2.0,xgb,per_subgroup_ewma[maj_pos],DI_star,0.6890840938338245,0.005237008492696383,0.7109263313859382,0.0129296580023491,20
credit,gradual_global_mag2.0,xgb,per_subgroup_ewma[maj_pos],AOD_star,0.6892991973436836,0.005111820751343844,0.6645666347400534,0.040941797962721356,20
credit,gradual_global_mag2.0,xgb,per_subgroup_ewma[maj_pos],BalAcc,-0.6872557140000217,0.005112952060586717,-0.7151264661340873,0.010440768064595443,20
credit,gradual_global_mag2.0,xgb,per_subgroup_baseline_relative[maj_pos],DI_star,0.6894067490986132,0.00422063563722176,0.9008481529041672,0.01583710832525923,20
credit,gradual_global_mag2.0,xgb,per_subgroup_baseline_relative[maj_pos],AOD_star,0.6905898184028387,0.004686838443773569,0.8422711113285576,0.051751249142948305,20
credit,gradual_global_mag2.0,xgb,per_subgroup_baseline_relative[maj_pos],BalAcc,-0.6888689903239655,0.005436419397953535,-0.9061356576925034,0.012592381757023064,20
credit,abrupt_group_mag0.5,lr,global_mean,DI_star,0.42067669172932326,0.22742434517314172,0.5661236825416187,0.24633284145235299,20
credit,abrupt_group_mag0.5,lr,global_mean,AOD_star,0.4477443609022556,0.20196830919629707,0.5817433165719479,0.2620455294959736,20
credit,abrupt_group_mag0.5,lr,global_mean,BalAcc,-0.08766917293233083,0.1512681053152989,-0.10558604359813661,0.1690965080619269,20
credit,abrupt_group_mag0.5,lr,global_ewma,DI_star,0.429548872180451,0.2222347172384314,0.48376470368571445,0.2609320539951004,20
credit,abrupt_group_mag0.5,lr,global_ewma,AOD_star,0.4212781954887218,0.1982764076600806,0.49122118362061223,0.25508399036044965,20
credit,abrupt_group_mag0.5,lr,global_ewma,BalAcc,-0.04300751879699248,0.1189628612668222,-0.07638523833557678,0.12332293776833429,20
credit,abrupt_group_mag0.5,lr,global_std,DI_star,0.43375939849624057,0.20828423451433245,0.5662767666812139,0.247053626481962,20
credit,abrupt_group_mag0.5,lr,global_std,AOD_star,0.45473684210526316,0.211869186545818,0.5842117580373314,0.2594040866583653,20
credit,abrupt_group_mag0.5,lr,global_std,BalAcc,-0.07887218045112782,0.1455795018990303,-0.10118125551931464,0.1674941127579246,20
credit,abrupt_group_mag0.5,lr,subgroup_violation_diff,DI_star,-0.39172932330827065,0.1836899195527905,-0.559667102916272,0.23679126475175144,20
credit,abrupt_group_mag0.5,lr,subgroup_violation_diff,AOD_star,-0.41684210526315785,0.1983809188813276,-0.5782841313575695,0.25388133559869464,20
credit,abrupt_group_mag0.5,lr,subgroup_violation_diff,BalAcc,0.08030075187969925,0.13642040285745188,0.10232335715999483,0.17581228893691492,20
credit,abrupt_group_mag0.5,lr,max_subgroup_deviation,DI_star,0.4013533834586466,0.2314582734119199,0.5570828732999684,0.25068726769551186,20
credit,abrupt_group_mag0.5,lr,max_subgroup_deviation,AOD_star,0.43383458646616535,0.22219260045914185,0.5783219161296378,0.26489772777894766,20
credit,abrupt_group_mag0.5,lr,max_subgroup_deviation,BalAcc,-0.10714285714285714,0.15963231184335333,-0.11065324401764065,0.1707194209139639,20
credit,abrupt_group_mag0.5,lr,assignment_proportion_drift,DI_star,0.47051248224230546,0.16661378940590324,0.5677971125171812,0.22435310262274358,20
credit,abrupt_group_mag0.5,lr,assignment_proportion_drift,AOD_star,0.46622266277171615,0.18622609193711998,0.5744378407211105,0.25026942079832654,20
credit,abrupt_group_mag0.5,lr,assignment_proportion_drift,BalAcc,-0.038813638431525514,0.16450965445271773,-0.08128376968827614,0.16897574242235794,20
credit,abrupt_group_mag0.5,lr,ks_statistic,DI_star,0.396390977443609,0.24232904242575815,0.5603849606469249,0.25099030946108497,20
credit,abrupt_group_mag0.5,lr,ks_statistic,AOD_star,0.4242857142857142,0.1941488350200299,0.5781147852753656,0.25906592288963753,20
credit,abrupt_group_mag0.5,lr,ks_statistic,BalAcc,-0.0943609022556391,0.15429690780014013,-0.10749051622047853,0.16895259993753342,20
credit,abrupt_group_mag0.5,lr,kl_divergence,DI_star,0.3089473684210526,0.20512428858867246,0.3265510339653791,0.2094696425880567,20
credit,abrupt_group_mag0.5,lr,kl_divergence,AOD_star,0.3063157894736842,0.2101861376219047,0.315660414055846,0.2515470289136693,20
credit,abrupt_group_mag0.5,lr,kl_divergence,BalAcc,-0.06954887218045112,0.18464357568677883,-0.11704138081590047,0.1684059129059099,20
credit,abrupt_group_mag0.5,lr,per_subgroup_ewma[min_neg],DI_star,0.175082357483203,0.3603190443693475,0.20795842829823172,0.37004522321021976,20
credit,abrupt_group_mag0.5,lr,per_subgroup_ewma[min_neg],AOD_star,0.17790423962893548,0.3344097267599909,0.21969506542208106,0.3550952766966401,20
credit,abrupt_group_mag0.5,lr,per_subgroup_ewma[min_neg],BalAcc,-0.043161373435592454,0.15803821906513232,-0.036576358861478524,0.18904359597851386,20
credit,abrupt_group_mag0.5,lr,per_subgroup_baseline_relative[min_neg],DI_star,0.12359495546543889,0.21353771661264329,0.11519457591531941,0.17772149440839616,20
credit,abrupt_group_mag0.5,lr,per_subgroup_baseline_relative[min_neg],AOD_star,0.0423119349637253,0.23827758560921658,0.051124715517167726,0.19661419707617242,20
credit,abrupt_group_mag0.5,lr,per_subgroup_baseline_relative[min_neg],BalAcc,0.0134135973165402,0.1795259264753205,-0.021593910490225906,0.20910017136486295,20
credit,abrupt_group_mag0.5,lr,per_subgroup_ewma[min_pos],DI_star,0.2884210526315789,0.39593919283532386,0.3190053726052717,0.4324109252206453,20
credit,abrupt_group_mag0.5,lr,per_subgroup_ewma[min_pos],AOD_star,0.223984962406015,0.42208238069822196,0.2431731946938585,0.4614762936734169,20
credit,abrupt_group_mag0.5,lr,per_subgroup_ewma[min_pos],BalAcc,-0.0756390977443609,0.17600737731160623,-0.07160844215237086,0.17441287207824796,20
credit,abrupt_group_mag0.5,lr,per_subgroup_baseline_relative[min_pos],DI_star,0.2839097744360902,0.2768084095269266,0.3527543223708605,0.3193207150548195,20
credit,abrupt_group_mag0.5,lr,per_subgroup_baseline_relative[min_pos],AOD_star,0.19150375939849623,0.3119303310095015,0.2873691652349697,0.35541013659007614,20
credit,abrupt_group_mag0.5,lr,per_subgroup_baseline_relative[min_pos],BalAcc,-0.05345864661654135,0.22392965620159497,-0.05844534431033098,0.23924574983696842,20
credit,abrupt_group_mag0.5,lr,per_subgroup_ewma[maj_neg],DI_star,0.42834586466165403,0.23625312851162006,0.46626841080363707,0.26700184594036397,20
credit,abrupt_group_mag0.5,lr,per_subgroup_ewma[maj_neg],AOD_star,0.38428571428571423,0.22177289184589538,0.4645356352973966,0.2647083651735064,20
credit,abrupt_group_mag0.5,lr,per_subgroup_ewma[maj_neg],BalAcc,-0.0350375939849624,0.13316644916332698,-0.057656941702680674,0.1333269352665349,20
credit,abrupt_group_mag0.5,lr,per_subgroup_baseline_relative[maj_neg],DI_star,0.4309774436090226,0.18113491997556005,0.48113930607696204,0.2069687835568305,20
credit,abrupt_group_mag0.5,lr,per_subgroup_baseline_relative[maj_neg],AOD_star,0.41240601503759394,0.19603040913854908,0.46135187794033755,0.2335927742220575,20
credit,abrupt_group_mag0.5,lr,per_subgroup_baseline_relative[maj_neg],BalAcc,-0.04714285714285714,0.23982123243938738,-0.07553256319945073,0.22606676838183304,20
credit,abrupt_group_mag0.5,lr,per_subgroup_ewma[maj_pos],DI_star,0.42022556390977445,0.22831578254072232,0.4827791910884346,0.26176754284334164,20
credit,abrupt_group_mag0.5,lr,per_subgroup_ewma[maj_pos],AOD_star,0.4129323308270676,0.1948221138819637,0.49309117127937707,0.25562085872443197,20
credit,abrupt_group_mag0.5,lr,per_subgroup_ewma[maj_pos],BalAcc,-0.04654135338345865,0.1174102703154857,-0.07819278744207786,0.12472597376527197,20
credit,abrupt_group_mag0.5,lr,per_subgroup_baseline_relative[maj_pos],DI_star,0.40060150375939846,0.23063443751381324,0.5569335375437392,0.25052622502100125,20
credit,abrupt_group_mag0.5,lr,per_subgroup_baseline_relative[maj_pos],AOD_star,0.4330827067669173,0.22115337073363944,0.5782646906642595,0.26484508976804877,20
credit,abrupt_group_mag0.5,lr,per_subgroup_baseline_relative[maj_pos],BalAcc,-0.10819548872180451,0.15935839685714032,-0.11078986656813423,0.17070859090260693,20
credit,abrupt_group_mag0.5,xgb,global_mean,DI_star,-0.5040907233299977,0.11401914459037508,-0.9769127698331262,0.007908582010717868,20
credit,abrupt_group_mag0.5,xgb,global_mean,AOD_star,-0.5630827067669173,0.12297173496459873,-0.9799393705261737,0.005774148795370063,20
credit,abrupt_group_mag0.5,xgb,global_mean,BalAcc,-0.4138345864661653,0.19849031661244423,-0.44108939427848676,0.15068181588222962,20
credit,abrupt_group_mag0.5,xgb,global_ewma,DI_star,-0.5895817077028022,0.08226328731858659,-0.8387327102160007,0.014212155393561304,20
credit,abrupt_group_mag0.5,xgb,global_ewma,AOD_star,-0.5428571428571428,0.09152819068263957,-0.8349956117682821,0.017221494304151694,20
credit,abrupt_group_mag0.5,xgb,global_ewma,BalAcc,-0.2785714285714285,0.21005418326538278,-0.32355760922497534,0.17843408120949178,20
credit,abrupt_group_mag0.5,xgb,global_std,DI_star,-0.5540194382903783,0.12679297926778088,-0.9822355294412122,0.00807094660952451,20
credit,abrupt_group_mag0.5,xgb,global_std,AOD_star,-0.5842857142857143,0.13041459044994685,-0.9852708045791877,0.004440145258961231,20
credit,abrupt_group_mag0.5,xgb,global_std,BalAcc,-0.40503759398496236,0.20540785062427275,-0.43904967340215706,0.14855156059084826,20
credit,abrupt_group_mag0.5,xgb,subgroup_violation_diff,DI_star,0.5469895186539786,0.12055567068702396,0.9609023023240381,0.03851199565661544,20
credit,abrupt_group_mag0.5,xgb,subgroup_violation_diff,AOD_star,0.6123308270676691,0.10955132337373591,0.9650205407160206,0.0387489899651018,20
credit,abrupt_group_mag0.5,xgb,subgroup_violation_diff,BalAcc,0.4203007518796992,0.17462687259484813,0.4417754984823247,0.14986947753255872,20
credit,abrupt_group_mag0.5,xgb,max_subgroup_deviation,DI_star,-0.5371406016464196,0.14337400126237668,-0.9760742458286108,0.007828206633528552,20
credit,abrupt_group_mag0.5,xgb,max_subgroup_deviation,AOD_star,-0.5856390977443608,0.11499234944946045,-0.9796550806716844,0.005814937598454451,20
credit,abrupt_group_mag0.5,xgb,max_subgroup_deviation,BalAcc,-0.422406015037594,0.1898968302808531,-0.44628338586649124,0.15498566959555443,20
credit,abrupt_group_mag0.5,xgb,assignment_proportion_drift,DI_star,-0.5006584185734808,0.1138462604920775,-0.9452396094086455,0.020625928008030252,20
credit,abrupt_group_mag0.5,xgb,assignment_proportion_drift,AOD_star,-0.518453554586931,0.11631374517619728,-0.9472095819858432,0.01871899864145899,20
credit,abrupt_group_mag0.5,xgb,assignment_proportion_drift,BalAcc,-0.31811942139297933,0.20356456929640232,-0.4151529467077254,0.15544667032522547,20
credit,abrupt_group_mag0.5,xgb,ks_statistic,DI_star,-0.5282999486690189,0.09558634841353474,-0.9773709456702775,0.007295897153147429,20
credit,abrupt_group_mag0.5,xgb,ks_statistic,AOD_star,-0.5793984962406016,0.11669899597558955,-0.9805786426267492,0.005205602977190509,20
credit,abrupt_group_mag0.5,xgb,ks_statistic,BalAcc,-0.4084210526315789,0.21209746702695262,-0.4403293841131547,0.15608045966116005,20
credit,abrupt_group_mag0.5,xgb,kl_divergence,DI_star,-0.46721143417238054,0.13130124140995258,-0.6045073471092313,0.14577895819843745,20
credit,abrupt_group_mag0.5,xgb,kl_divergence,AOD_star,-0.4629323308270676,0.14467171662438127,-0.6033494617092554,0.1482713672736385,20
credit,abrupt_group_mag0.5,xgb,kl_divergence,BalAcc,-0.26481203007518794,0.23741827518215328,-0.29818816229944967,0.19196686603076543,20
credit,abrupt_group_mag0.5,xgb,per_subgroup_ewma[min_neg],DI_star,-0.2830227911329696,0.38223280928269565,-0.39876797517511153,0.49076573451373834,20
credit,abrupt_group_mag0.5,xgb,per_subgroup_ewma[min_neg],AOD_star,-0.2261031787673867,0.3885291447649874,-0.3911944569811979,0.49521889437388056,20
credit,abrupt_group_mag0.5,xgb,per_subgroup_ewma[min_neg],BalAcc,-0.04985615722609617,0.26621361017768946,-0.10246947714693981,0.27663615417714676,20
credit,abrupt_group_mag0.5,xgb,per_subgroup_baseline_relative[min_neg],DI_star,-0.0796328567878717,0.283950427923565,-0.18669232259838367,0.20807828419964153,20
credit,abrupt_group_mag0.5,xgb,per_subgroup_baseline_relative[min_neg],AOD_star,-0.09866533063516579,0.2575125811534337,-0.18317718443767697,0.20934736057178174,20
credit,abrupt_group_mag0.5,xgb,per_subgroup_baseline_relative[min_neg],BalAcc,-0.03979411385127514,0.245543249398063,-0.060806586303974786,0.21203592798537754,20
credit,abrupt_group_mag0.5,xgb,per_subgroup_ewma[min_pos],DI_star,-0.3253697389997258,0.44499659034625133,-0.47865537776955386,0.6085151501597705,20
credit,abrupt_group_mag0.5,xgb,per_subgroup_ewma[min_pos],AOD_star,-0.2890225563909774,0.45029185703868607,-0.47509011492532266,0.6071740758142536,20
credit,abrupt_group_mag0.5,xgb,per_subgroup_ewma[min_pos],BalAcc,-0.17421052631578945,0.30739699225683703,-0.20977349773838805,0.2972674819152874,20
credit,abrupt_group_mag0.5,xgb,per_subgroup_baseline_relative[min_pos],DI_star,-0.2674999399011945,0.4044379445575926,-0.4780159375457568,0.5072699932415716,20
credit,abrupt_group_mag0.5,xgb,per_subgroup_baseline_relative[min_pos],AOD_star,-0.26639097744360907,0.40288216965430523,-0.4761149332134306,0.5158812899697686,20
credit,abrupt_group_mag0.5,xgb,per_subgroup_baseline_relative[min_pos],BalAcc,-0.19285714285714287,0.32619514591827636,-0.2132232121508931,0.3381313914891495,20
credit,abrupt_group_mag0.5,xgb,per_subgroup_ewma[maj_neg],DI_star,-0.565070203250484,0.098491232506644,-0.8087060405567537,0.0546348421433189,20
credit,abrupt_group_mag0.5,xgb,per_subgroup_ewma[maj_neg],AOD_star,-0.5262406015037594,0.12097879876061703,-0.8026627350985075,0.06503802860803166,20
credit,abrupt_group_mag0.5,xgb,per_subgroup_ewma[maj_neg],BalAcc,-0.2494736842105263,0.20729360124980598,-0.29220710690712515,0.18290669499848183,20
credit,abrupt_group_mag0.5,xgb,per_subgroup_baseline_relative[maj_neg],DI_star,-0.5170973088175694,0.10733108300069169,-0.826228887629427,0.11640694443112207,20
credit,abrupt_group_mag0.5,xgb,per_subgroup_baseline_relative[maj_neg],AOD_star,-0.5587218045112782,0.1230921221269165,-0.8301258192272961,0.12133845131651898,20
credit,abrupt_group_mag0.5,xgb,per_subgroup_baseline_relative[maj_neg],BalAcc,-0.30263157894736836,0.14358727150950515,-0.3619531562154097,0.12714916096826517,20
credit,abrupt_group_mag0.5,xgb,per_subgroup_ewma[maj_pos],DI_star,-0.5847691402676445,0.08479227808373155,-0.8390959398917293,0.013081517702015082,20
credit,abrupt_group_mag0.5,xgb,per_subgroup_ewma[maj_pos],AOD_star,-0.5413533834586466,0.09136622330015297,-0.8355156703064248,0.01648566839502297,20
credit,abrupt_group_mag0.5,xgb,per_subgroup_ewma[maj_pos],BalAcc,-0.27406015037593984,0.20924955219035712,-0.32419275981080353,0.17709953658500352,20
credit,abrupt_group_mag0.5,xgb,per_subgroup_baseline_relative[maj_pos],DI_star,-0.5366894738268708,0.14318957993244838,-0.9760364906202048,0.007775799717543117,20
credit,abrupt_group_mag0.5,xgb,per_subgroup_baseline_relative[maj_pos],AOD_star,-0.584736842105263,0.11481700310760504,-0.9795595078188246,0.005755603124936058,20
credit,abrupt_group_mag0.5,xgb,per_subgroup_baseline_relative[maj_pos],BalAcc,-0.42511278195488716,0.18889103636540927,-0.44672709996171306,0.1549308165564933,20
credit,abrupt_group_mag1.0,lr,global_mean,DI_star,0.577218045112782,0.12853077227305984,0.9217525189986742,0.07614409809218,20
credit,abrupt_group_mag1.0,lr,global_mean,AOD_star,0.5993984962406014,0.12183458275409573,0.9377445454544737,0.0649395190623621,20
credit,abrupt_group_mag1.0,lr,global_mean,BalAcc,-0.07684210526315789,0.19440933937826196,-0.08336772313641977,0.1731612984118061,20
credit,abrupt_group_mag1.0,lr,global_ewma,DI_star,0.6033082706766917,0.11135193655043263,0.793474908556009,0.09235836400523141,20
credit,abrupt_group_mag1.0,lr,global_ewma,AOD_star,0.5934586466165414,0.11263878130299096,0.8028337009280117,0.07680740765444294,20
credit,abrupt_group_mag1.0,lr,global_ewma,BalAcc,-0.059624060150375933,0.14265856796350562,-0.08232801598781209,0.11969932880577765,20
credit,abrupt_group_mag1.0,lr,global_std,DI_star,0.5881954887218044,0.11978392270885829,0.9260528078500425,0.07571304579912531,20
credit,abrupt_group_mag1.0,lr,global_std,AOD_star,0.6033834586466165,0.10730024056235164,0.9416827184597645,0.06427629527551744,20
credit,abrupt_group_mag1.0,lr,global_std,BalAcc,-0.06842105263157894,0.20908664566230156,-0.08189081830318953,0.17226426321529617,20
credit,abrupt_group_mag1.0,lr,subgroup_violation_diff,DI_star,-0.23578947368421047,0.5096929426732882,-0.37031170822061027,0.8147631710890831,20
credit,abrupt_group_mag1.0,lr,subgroup_violation_diff,AOD_star,-0.2540601503759399,0.5176278588523309,-0.3738016489231637,0.8321058766530659,20
credit,abrupt_group_mag1.0,lr,subgroup_violation_diff,BalAcc,0.02586466165413534,0.2346898750294689,0.03187080358018366,0.20517153803466173,20
credit,abrupt_group_mag1.0,lr,max_subgroup_deviation,DI_star,0.5636090225563908,0.1486970945816461,0.9155895827860647,0.08083735371750084,20
credit,abrupt_group_mag1.0,lr,max_subgroup_deviation,AOD_star,0.5941353383458646,0.09280632380043342,0.934581014175414,0.06378359875589695,20
credit,abrupt_group_mag1.0,lr,max_subgroup_deviation,BalAcc,-0.128796992481203,0.22394217765204338,-0.09935367613969451,0.17589598417379437,20
credit,abrupt_group_mag1.0,lr,assignment_proportion_drift,DI_star,0.5431075808797466,0.1002785222646589,0.8813310740118798,0.06216543396160221,20
credit,abrupt_group_mag1.0,lr,assignment_proportion_drift,AOD_star,0.5749257524140103,0.1263547350852053,0.898764789784315,0.055822986429439225,20
credit,abrupt_group_mag1.0,lr,assignment_proportion_drift,BalAcc,-0.02437111209506087,0.13850553910373525,-0.05956964140576047,0.16160372322511748,20
credit,abrupt_group_mag1.0,lr,ks_statistic,DI_star,0.569548872180451,0.12333107711336821,0.9191435581440983,0.07920153608063095,20
credit,abrupt_group_mag1.0,lr,ks_statistic,AOD_star,0.5939097744360902,0.1070402885915517,0.936194507637764,0.06559164717019263,20
credit,abrupt_group_mag1.0,lr,ks_statistic,BalAcc,-0.07037593984962405,0.20291649309866974,-0.08474972693840026,0.1741096077779925,20
credit,abrupt_group_mag1.0,lr,kl_divergence,DI_star,0.5298496240601505,0.11797208123505304,0.8098569817472606,0.0874168187800233,20
credit,abrupt_group_mag1.0,lr,kl_divergence,AOD_star,0.5282706766917292,0.12380159888591606,0.8248553918130364,0.07044630409498161,20
credit,abrupt_group_mag1.0,lr,kl_divergence,BalAcc,0.006616541353383456,0.18174809600016012,-0.027616205254935754,0.18056591732840188,20
credit,abrupt_group_mag1.0,lr,per_subgroup_ewma[min_neg],DI_star,0.5961826090528607,0.16765661736233267,0.7116305812596865,0.1855187412451104,20
credit,abrupt_group_mag1.0,lr,per_subgroup_ewma[min_neg],AOD_star,0.5256926004126329,0.19278048388060584,0.69972600821237,0.188157608849803,20
credit,abrupt_group_mag1.0,lr,per_subgroup_ewma[min_neg],BalAcc,-0.05049413782736244,0.16593267615007484,-0.06763203465826256,0.1388783960415101,20
credit,abrupt_group_mag1.0,lr,per_subgroup_baseline_relative[min_neg],DI_star,0.48504263118893737,0.20926959671981887,0.5859640916683793,0.2543134078895407,20
credit,abrupt_group_mag1.0,lr,per_subgroup_baseline_relative[min_neg],AOD_star,0.3967530005005098,0.2525387427874552,0.5628908973204741,0.2697920408304716,20
credit,abrupt_group_mag1.0,lr,per_subgroup_baseline_relative[min_neg],BalAcc,-0.01245549342738062,0.2118040136114595,-0.03104343825353595,0.22019548370315042,20
credit,abrupt_group_mag1.0,lr,per_subgroup_ewma[min_pos],DI_star,0.5899248120300752,0.13060139554408318,0.7603220507044147,0.14445998534696397,20
credit,abrupt_group_mag1.0,lr,per_subgroup_ewma[min_pos],AOD_star,0.5719548872180451,0.1625154706343021,0.7567961462673064,0.16366171691665016,20
credit,abrupt_group_mag1.0,lr,per_subgroup_ewma[min_pos],BalAcc,-0.06954887218045111,0.15768971651850536,-0.10381540323834412,0.1475346821244495,20
credit,abrupt_group_mag1.0,lr,per_subgroup_baseline_relative[min_pos],DI_star,0.5121052631578947,0.19439862346831788,0.7600218834309628,0.2544759176462423,20
credit,abrupt_group_mag1.0,lr,per_subgroup_baseline_relative[min_pos],AOD_star,0.5157142857142857,0.19514572280494197,0.7590612664439113,0.28395827016790287,20
credit,abrupt_group_mag1.0,lr,per_subgroup_baseline_relative[min_pos],BalAcc,-0.054285714285714284,0.232834162900651,-0.07021913860394803,0.2011364842214517,20
credit,abrupt_group_mag1.0,lr,per_subgroup_ewma[maj_neg],DI_star,0.5036090225563908,0.3211636863093495,0.6088984106913602,0.442856910180412,20
credit,abrupt_group_mag1.0,lr,per_subgroup_ewma[maj_neg],AOD_star,0.481578947368421,0.32818076085084497,0.6112241114277135,0.453773148724243,20
credit,abrupt_group_mag1.0,lr,per_subgroup_ewma[maj_neg],BalAcc,-0.0456390977443609,0.13608256115999118,-0.060393428123158864,0.143933053302765,20
credit,abrupt_group_mag1.0,lr,per_subgroup_baseline_relative[maj_neg],DI_star,0.3840601503759398,0.26803320687685983,0.6469155342349798,0.40004246526004617,20
credit,abrupt_group_mag1.0,lr,per_subgroup_baseline_relative[maj_neg],AOD_star,0.4318045112781955,0.24114331616600815,0.6494608910723975,0.41519130194635784,20
credit,abrupt_group_mag1.0,lr,per_subgroup_baseline_relative[maj_neg],BalAcc,0.018721804511278202,0.2306648667210561,-0.024109483861676377,0.20326127216824938,20
credit,abrupt_group_mag1.0,lr,per_subgroup_ewma[maj_pos],DI_star,0.5983458646616541,0.10393675590633945,0.7904668850165089,0.09048438972700538,20
credit,abrupt_group_mag1.0,lr,per_subgroup_ewma[maj_pos],AOD_star,0.5887218045112781,0.10743253282696144,0.7999808355821277,0.0746820119747914,20
credit,abrupt_group_mag1.0,lr,per_subgroup_ewma[maj_pos],BalAcc,-0.0699248120300752,0.13608108638776517,-0.08072345289543595,0.11924568891172711,20
credit,abrupt_group_mag1.0,lr,per_subgroup_baseline_relative[maj_pos],DI_star,0.5727067669172932,0.12607323202724283,0.8985932608648153,0.093394097336064,20
credit,abrupt_group_mag1.0,lr,per_subgroup_baseline_relative[maj_pos],AOD_star,0.5904511278195488,0.11497150295690783,0.9111310439850758,0.09111584942556723,20
credit,abrupt_group_mag1.0,lr,per_subgroup_baseline_relative[maj_pos],BalAcc,-0.09451127819548871,0.1873640008409448,-0.08298218766399787,0.17193067020798486,20
credit,abrupt_group_mag1.0,xgb,global_mean,DI_star,-0.5176995196295595,0.11591228769632805,-0.9775212902679289,0.007923703710006872,20
credit,abrupt_group_mag1.0,xgb,global_mean,AOD_star,-0.565187969924812,0.13096550880942065,-0.9806125628954134,0.005950568697208654,20
credit,abrupt_group_mag1.0,xgb,global_mean,BalAcc,-0.4183458646616541,0.211063010852886,-0.4420948020429843,0.15273365761023314,20
credit,abrupt_group_mag1.0,xgb,global_ewma,DI_star,-0.5905591513118247,0.08378761360162032,-0.8389018068189408,0.013998923483823856,20
credit,abrupt_group_mag1.0,xgb,global_ewma,AOD_star,-0.5413533834586466,0.08984506233111114,-0.8352110407148213,0.01698450006470334,20
credit,abrupt_group_mag1.0,xgb,global_ewma,BalAcc,-0.2766165413533834,0.2082918341089766,-0.3237217147049263,0.17822858035341957,20
credit,abrupt_group_mag1.0,xgb,global_std,DI_star,-0.5506359796437618,0.13121269614917497,-0.9831469950384528,0.007783142221638037,20
credit,abrupt_group_mag1.0,xgb,global_std,AOD_star,-0.5817293233082707,0.14061499271871872,-0.9861474606602879,0.0044594114691676205,20
credit,abrupt_group_mag1.0,xgb,global_std,BalAcc,-0.41684210526315785,0.2162448889532816,-0.4392489400330278,0.15190092231801333,20
credit,abrupt_group_mag1.0,xgb,subgroup_violation_diff,DI_star,0.2230797442178883,0.5296316646803092,0.3864877037674991,0.8745083249974347,20
credit,abrupt_group_mag1.0,xgb,subgroup_violation_diff,AOD_star,0.2307518796992481,0.5469829418076272,0.38728368013203746,0.8789675483039155,20
credit,abrupt_group_mag1.0,xgb,subgroup_violation_diff,BalAcc,0.1755639097744361,0.40283631056387115,0.19516005444271228,0.42951631575141824,20
credit,abrupt_group_mag1.0,xgb,max_subgroup_deviation,DI_star,-0.5621023854551768,0.11922411744543247,-0.9746263041760737,0.010964884776685347,20
credit,abrupt_group_mag1.0,xgb,max_subgroup_deviation,AOD_star,-0.5914285714285714,0.11862850905784275,-0.9784763730838992,0.006639732465699368,20
credit,abrupt_group_mag1.0,xgb,max_subgroup_deviation,BalAcc,-0.4075187969924812,0.19890934456677475,-0.44811938715425265,0.15293162361091503,20
credit,abrupt_group_mag1.0,xgb,assignment_proportion_drift,DI_star,-0.5060025829656433,0.1418771124993996,-0.9347255006899049,0.028626411280054543,20
credit,abrupt_group_mag1.0,xgb,assignment_proportion_drift,AOD_star,-0.5189812928070534,0.11703901378721518,-0.9354498682410431,0.02799645995773716,20
credit,abrupt_group_mag1.0,xgb,assignment_proportion_drift,BalAcc,-0.3194999087924759,0.20288336247900401,-0.4102164766343986,0.16217959083151584,20
credit,abrupt_group_mag1.0,xgb,ks_statistic,DI_star,-0.5330003987787252,0.10136515086619506,-0.9776708251760396,0.0074166983473918134,20
credit,abrupt_group_mag1.0,xgb,ks_statistic,AOD_star,-0.5781203007518796,0.12688421601539926,-0.9809118855255509,0.005550657369345058,20
credit,abrupt_group_mag1.0,xgb,ks_statistic,BalAcc,-0.4130827067669173,0.21341948648571563,-0.4423563095126789,0.15492700210134783,20
credit,abrupt_group_mag1.0,xgb,kl_divergence,DI_star,-0.5469452642336038,0.07893502333194084,-0.8758932596934967,0.04314234391784727,20
credit,abrupt_group_mag1.0,xgb,kl_divergence,AOD_star,-0.5662406015037593,0.09988005130198112,-0.875820073927469,0.045214629322183765,20
credit,abrupt_group_mag1.0,xgb,kl_divergence,BalAcc,-0.30067669172932326,0.20082169099583036,-0.37046749751298813,0.17343175567479166,20
credit,abrupt_group_mag1.0,xgb,per_subgroup_ewma[min_neg],DI_star,-0.5365447543077535,0.1253251988932625,-0.7364436113719065,0.1439546519406144,20
credit,abrupt_group_mag1.0,xgb,per_subgroup_ewma[min_neg],AOD_star,-0.5033178017456256,0.10252441367293176,-0.7322743245758255,0.13986985411371408,20
credit,abrupt_group_mag1.0,xgb,per_subgroup_ewma[min_neg],BalAcc,-0.26451645382045874,0.20998285977338083,-0.29584956564048637,0.19146097370135928,20
credit,abrupt_group_mag1.0,xgb,per_subgroup_baseline_relative[min_neg],DI_star,-0.41442734128552267,0.22167172361439796,-0.5914810574100169,0.2506354789184392,20
credit,abrupt_group_mag1.0,xgb,per_subgroup_baseline_relative[min_neg],AOD_star,-0.4159171168131036,0.19787637393611274,-0.594460089603446,0.24550170088254675,20
credit,abrupt_group_mag1.0,xgb,per_subgroup_baseline_relative[min_neg],BalAcc,-0.24555177741585904,0.23208062376237834,-0.2741528285044746,0.21597569019340734,20
credit,abrupt_group_mag1.0,xgb,per_subgroup_ewma[min_pos],DI_star,-0.5556337877807278,0.14719391761364203,-0.7915839580392176,0.1298262550173163,20
credit,abrupt_group_mag1.0,xgb,per_subgroup_ewma[min_pos],AOD_star,-0.521578947368421,0.15142735811237865,-0.7907352515656623,0.1316948308981234,20
credit,abrupt_group_mag1.0,xgb,per_subgroup_ewma[min_pos],BalAcc,-0.2616541353383458,0.2194293628794591,-0.3272506961854798,0.19219929834109392,20
credit,abrupt_group_mag1.0,xgb,per_subgroup_baseline_relative[min_pos],DI_star,-0.45822340315811816,0.19311814287354911,-0.7795439870768075,0.2709215059576366,20
credit,abrupt_group_mag1.0,xgb,per_subgroup_baseline_relative[min_pos],AOD_star,-0.4988721804511279,0.16256597177082943,-0.7868119511199765,0.26135245486086633,20
credit,abrupt_group_mag1.0,xgb,per_subgroup_baseline_relative[min_pos],BalAcc,-0.3126315789473684,0.2087529499416319,-0.3568134562281991,0.19620263121964165,20
credit,abrupt_group_mag1.0,xgb,per_subgroup_ewma[maj_neg],DI_star,-0.47913072129377143,0.31896301732660687,-0.6317663143501814,0.4624464637422009,20
credit,abrupt_group_mag1.0,xgb,per_subgroup_ewma[maj_neg],AOD_star,-0.4416541353383458,0.2964668804897376,-0.6286857948572004,0.4587857115650369,20
credit,abrupt_group_mag1.0,xgb,per_subgroup_ewma[maj_neg],BalAcc,-0.22263157894736837,0.24227541538690808,-0.24169984518487414,0.2404785071710829,20
credit,abrupt_group_mag1.0,xgb,per_subgroup_baseline_relative[maj_neg],DI_star,-0.4337953450499942,0.25835470987062126,-0.6743089960607026,0.41705793027937776,20
credit,abrupt_group_mag1.0,xgb,per_subgroup_baseline_relative[maj_neg],AOD_star,-0.4129323308270676,0.26716874738312674,-0.6758007592585755,0.4170280621539428,20
credit,abrupt_group_mag1.0,xgb,per_subgroup_baseline_relative[maj_neg],BalAcc,-0.19548872180451124,0.2659763144586675,-0.2680781399418314,0.24844401804744995,20
credit,abrupt_group_mag1.0,xgb,per_subgroup_ewma[maj_pos],DI_star,-0.5878518753166655,0.08543904798503449,-0.8350519996406522,0.018127479695881066,20
credit,abrupt_group_mag1.0,xgb,per_subgroup_ewma[maj_pos],AOD_star,-0.5388721804511277,0.0880942184705893,-0.8312706125200998,0.020191827546831256,20
credit,abrupt_group_mag1.0,xgb,per_subgroup_ewma[maj_pos],BalAcc,-0.27165413533834587,0.20524595758168712,-0.3222629126974593,0.17840005423637226,20
credit,abrupt_group_mag1.0,xgb,per_subgroup_baseline_relative[maj_pos],DI_star,-0.535561032071718,0.13218343333649069,-0.951743508535934,0.04712578465528452,20
credit,abrupt_group_mag1.0,xgb,per_subgroup_baseline_relative[maj_pos],AOD_star,-0.5650375939849623,0.10578054907821155,-0.9553410273175003,0.046708642689184905,20
credit,abrupt_group_mag1.0,xgb,per_subgroup_baseline_relative[maj_pos],BalAcc,-0.401578947368421,0.19418156092307357,-0.44114535709722,0.15687740575843875,20
credit,abrupt_group_mag2.0,lr,global_mean,DI_star,0.22601503759398497,0.40811850000433836,0.3272371193706195,0.537982022611531,20
credit,abrupt_group_mag2.0,lr,global_mean,AOD_star,0.5609022556390977,0.11568201243258285,0.9745552630457442,0.00805659310327125,20
credit,abrupt_group_mag2.0,lr,global_mean,BalAcc,-0.2073684210526316,0.16749470001225455,-0.2884389359630847,0.1942086863137671,20
credit,abrupt_group_mag2.0,lr,global_ewma,DI_star,0.2181954887218045,0.40835662840243114,0.26874733139170054,0.4746687278541925,20
credit,abrupt_group_mag2.0,lr,global_ewma,AOD_star,0.5694736842105262,0.08414350179106361,0.8334958104636347,0.027313892821393414,20
credit,abrupt_group_mag2.0,lr,global_ewma,BalAcc,-0.20706766917293234,0.16990491599537066,-0.26786105793223325,0.17230856809182687,20
credit,abrupt_group_mag2.0,lr,global_std,DI_star,0.20233082706766914,0.40522939164923355,0.3254887301303454,0.54268856575801,20
credit,abrupt_group_mag2.0,lr,global_std,AOD_star,0.546766917293233,0.10635885165487372,0.9782723181073134,0.007318848709931487,20
credit,abrupt_group_mag2.0,lr,global_std,BalAcc,-0.21669172932330824,0.18589160813985592,-0.28755214189734896,0.1984240570911357,20
credit,abrupt_group_mag2.0,lr,subgroup_violation_diff,DI_star,0.05172932330827067,0.46332518217043156,0.10415548156960708,0.5326170580546928,20
credit,abrupt_group_mag2.0,lr,subgroup_violation_diff,AOD_star,0.21924812030075186,0.4632403012326065,0.3698219964492494,0.7725633324523196,20
credit,abrupt_group_mag2.0,lr,subgroup_violation_diff,BalAcc,-0.0023308270676691708,0.2685532729678248,-0.0551388299224461,0.2986307693679316,20
credit,abrupt_group_mag2.0,lr,max_subgroup_deviation,DI_star,0.2030075187969925,0.43656727860671213,0.32787096352837797,0.5374825305205138,20
credit,abrupt_group_mag2.0,lr,max_subgroup_deviation,AOD_star,0.5369924812030075,0.10519213500866152,0.9681971377952381,0.00974401981905641,20
credit,abrupt_group_mag2.0,lr,max_subgroup_deviation,BalAcc,-0.20541353383458646,0.18919325231244585,-0.2862846145295116,0.19334965260751685,20
credit,abrupt_group_mag2.0,lr,assignment_proportion_drift,DI_star,0.27717323690752216,0.4073096970585049,0.3289374107238673,0.5167151892537281,20
credit,abrupt_group_mag2.0,lr,assignment_proportion_drift,AOD_star,0.5678988876952,0.09310418249625708,0.9375478482459817,0.020167800224747148,20
credit,abrupt_group_mag2.0,lr,assignment_proportion_drift,BalAcc,-0.17444199926647297,0.1972442090539719,-0.2566739869426955,0.1796028568809014,20
credit,abrupt_group_mag2.0,lr,ks_statistic,DI_star,0.22578947368421048,0.4129021217366895,0.3268159851431216,0.5385304430348461,20
credit,abrupt_group_mag2.0,lr,ks_statistic,AOD_star,0.556766917293233,0.10330058195551362,0.9736095967765893,0.008161554208161942,20
credit,abrupt_group_mag2.0,lr,ks_statistic,BalAcc,-0.21609022556390972,0.1783772430523004,-0.28939633934892034,0.19758948915782767,20
credit,abrupt_group_mag2.0,lr,kl_divergence,DI_star,0.3094736842105263,0.37394889341773513,0.35433094524229175,0.509583901970005,20
credit,abrupt_group_mag2.0,lr,kl_divergence,AOD_star,0.6048120300751879,0.09694129324799294,0.9622334064362412,0.01019810157592158,20
credit,abrupt_group_mag2.0,lr,kl_divergence,BalAcc,-0.22263157894736843,0.1862079676120656,-0.2842691324091782,0.20332969659089192,20
credit,abrupt_group_mag2.0,lr,per_subgroup_ewma[min_neg],DI_star,0.07985997531009045,0.400540080429039,0.07831635986506283,0.48218842036265824,20
credit,abrupt_group_mag2.0,lr,per_subgroup_ewma[min_neg],AOD_star,0.20862131113043186,0.4631069257969573,0.3659425786143181,0.5846220202105773,20
credit,abrupt_group_mag2.0,lr,per_subgroup_ewma[min_neg],BalAcc,-0.09169454339262259,0.23726066907088333,-0.11552562066839711,0.24046246746895475,20
credit,abrupt_group_mag2.0,lr,per_subgroup_baseline_relative[min_neg],DI_star,0.046918451577976354,0.29803822711350203,0.055786875882457745,0.3264126227238216,20
credit,abrupt_group_mag2.0,lr,per_subgroup_baseline_relative[min_neg],AOD_star,0.1080392065028349,0.2868645819986444,0.17133708922300123,0.3347120047926241,20
credit,abrupt_group_mag2.0,lr,per_subgroup_baseline_relative[min_neg],BalAcc,0.015981764648678863,0.22023760662583508,-0.01858215679538298,0.23426085545293227,20
credit,abrupt_group_mag2.0,lr,per_subgroup_ewma[min_pos],DI_star,0.2218045112781955,0.4051794520665595,0.26595401716950073,0.4746943519576843,20
credit,abrupt_group_mag2.0,lr,per_subgroup_ewma[min_pos],AOD_star,0.5700000000000001,0.08942814915109966,0.820991685320236,0.060690070094145586,20
credit,abrupt_group_mag2.0,lr,per_subgroup_ewma[min_pos],BalAcc,-0.20413533834586461,0.17554088496761006,-0.25666459674996067,0.18883802367851246,20
credit,abrupt_group_mag2.0,lr,per_subgroup_baseline_relative[min_pos],DI_star,0.207593984962406,0.3894787571882001,0.3365108830724406,0.5257845523151684,20
credit,abrupt_group_mag2.0,lr,per_subgroup_baseline_relative[min_pos],AOD_star,0.5462406015037594,0.11172423813805563,0.9345257456954126,0.1598001641206291,20
credit,abrupt_group_mag2.0,lr,per_subgroup_baseline_relative[min_pos],BalAcc,-0.17609022556390977,0.19378604944199593,-0.2626363885455213,0.214649145444442,20
credit,abrupt_group_mag2.0,lr,per_subgroup_ewma[maj_neg],DI_star,0.16631578947368425,0.3379658350300775,0.12260408327639674,0.3715289369767408,20
credit,abrupt_group_mag2.0,lr,per_subgroup_ewma[maj_neg],AOD_star,0.1521804511278195,0.3501101318373595,0.1732166845929926,0.5278565439314492,20
credit,abrupt_group_mag2.0,lr,per_subgroup_ewma[maj_neg],BalAcc,-0.06766917293233081,0.281817510392607,-0.04814007357826103,0.24332052526784523,20
credit,abrupt_group_mag2.0,lr,per_subgroup_baseline_relative[maj_neg],DI_star,0.16338345864661655,0.22963212289688803,0.17205380090060945,0.19359208889342783,20
credit,abrupt_group_mag2.0,lr,per_subgroup_baseline_relative[maj_neg],AOD_star,0.12015037593984959,0.26104150040368906,0.15556042625739747,0.30899888434606826,20
credit,abrupt_group_mag2.0,lr,per_subgroup_baseline_relative[maj_neg],BalAcc,-0.028872180451127827,0.2527531036032679,-0.0051909537873980355,0.2372763537453842,20
credit,abrupt_group_mag2.0,lr,per_subgroup_ewma[maj_pos],DI_star,0.22097744360902252,0.41661422098185097,0.2702203505225279,0.47596116484304546,20
credit,abrupt_group_mag2.0,lr,per_subgroup_ewma[maj_pos],AOD_star,0.5696992481203007,0.09160014940316605,0.8355189858477633,0.031746275732996446,20
credit,abrupt_group_mag2.0,lr,per_subgroup_ewma[maj_pos],BalAcc,-0.2150375939849624,0.16370684824169737,-0.26287060981336,0.17549070665778074,20
credit,abrupt_group_mag2.0,lr,per_subgroup_baseline_relative[maj_pos],DI_star,0.22969924812030068,0.42839961600240883,0.3140585734237309,0.5267443957932931,20
credit,abrupt_group_mag2.0,lr,per_subgroup_baseline_relative[maj_pos],AOD_star,0.5493233082706765,0.11133822806605109,0.9512399707999611,0.05879964714707294,20
credit,abrupt_group_mag2.0,lr,per_subgroup_baseline_relative[maj_pos],BalAcc,-0.223984962406015,0.22145045017458387,-0.2824113625940273,0.21543451294361998,20
credit,abrupt_group_mag2.0,xgb,global_mean,DI_star,-0.5180757140181165,0.1159879753213426,-0.9778578926380126,0.007801645746182916,20
credit,abrupt_group_mag2.0,xgb,global_mean,AOD_star,-0.5586466165413533,0.12785979021562133,-0.9808221119481774,0.0058821555976519046,20
credit,abrupt_group_mag2.0,xgb,global_mean,BalAcc,-0.408796992481203,0.20197245177482545,-0.44167012447177817,0.15275385564453706,20
credit,abrupt_group_mag2.0,xgb,global_ewma,DI_star,-0.5902207630240075,0.08347822357845607,-0.839223108896155,0.013825575477904556,20
credit,abrupt_group_mag2.0,xgb,global_ewma,AOD_star,-0.541578947368421,0.08931023802503883,-0.8355131047305487,0.01687348266779283,20
credit,abrupt_group_mag2.0,xgb,global_ewma,BalAcc,-0.27721804511278186,0.20773459140681616,-0.32369645820886905,0.17814327782774314,20
credit,abrupt_group_mag2.0,xgb,global_std,DI_star,-0.5555977068883114,0.13204015395104907,-0.9834976835827737,0.007590796702369385,20
credit,abrupt_group_mag2.0,xgb,global_std,AOD_star,-0.5768421052631578,0.1314954837326033,-0.986289109316532,0.004316327780792,20
credit,abrupt_group_mag2.0,xgb,global_std,BalAcc,-0.4037593984962406,0.2138457427585811,-0.4382546368852984,0.15187505162076395,20
credit,abrupt_group_mag2.0,xgb,subgroup_violation_diff,DI_star,-0.2351062770710451,0.49449646710923084,-0.37415225272473784,0.7808620922862265,20
credit,abrupt_group_mag2.0,xgb,subgroup_violation_diff,AOD_star,-0.17398496240601502,0.4970237838924439,-0.372818470296465,0.78141971459349,20
credit,abrupt_group_mag2.0,xgb,subgroup_violation_diff,BalAcc,-0.02624060150375942,0.3638658007981047,-0.10360153508647138,0.3900334819067324,20
credit,abrupt_group_mag2.0,xgb,max_subgroup_deviation,DI_star,-0.5293567094351008,0.13332355873159601,-0.9725407676977721,0.01028547103825101,20
credit,abrupt_group_mag2.0,xgb,max_subgroup_deviation,AOD_star,-0.5295488721804512,0.12913281563897216,-0.9746702460712898,0.008783775886955208,20
credit,abrupt_group_mag2.0,xgb,max_subgroup_deviation,BalAcc,-0.3457142857142857,0.18761042313502083,-0.4350226340549158,0.15195133864356555,20
credit,abrupt_group_mag2.0,xgb,assignment_proportion_drift,DI_star,-0.4901466822206406,0.11128421600986971,-0.9366399379325967,0.01890882998426566,20
credit,abrupt_group_mag2.0,xgb,assignment_proportion_drift,AOD_star,-0.5377829503669985,0.1291638037944247,-0.9391957929447374,0.02139641417273339,20
credit,abrupt_group_mag2.0,xgb,assignment_proportion_drift,BalAcc,-0.3471226611340875,0.18276601018995325,-0.42480322869861953,0.14587674060767086,20
credit,abrupt_group_mag2.0,xgb,ks_statistic,DI_star,-0.5519109226905625,0.09939100938992315,-0.9777784388254747,0.007545907838335354,20
credit,abrupt_group_mag2.0,xgb,ks_statistic,AOD_star,-0.5797744360902255,0.13455955962402585,-0.9807002495624377,0.005959224133635039,20
credit,abrupt_group_mag2.0,xgb,ks_statistic,BalAcc,-0.4046616541353383,0.22333631883801358,-0.4405045223837779,0.155774166406389,20
credit,abrupt_group_mag2.0,xgb,kl_divergence,DI_star,-0.5202181327883669,0.14192673959671656,-0.9590824680152135,0.010788808531245161,20
credit,abrupt_group_mag2.0,xgb,kl_divergence,AOD_star,-0.5658646616541353,0.13417385400703497,-0.9623264508768423,0.013485690374801103,20
credit,abrupt_group_mag2.0,xgb,kl_divergence,BalAcc,-0.373984962406015,0.21310244468465941,-0.43521878931986935,0.16131833506202004,20
credit,abrupt_group_mag2.0,xgb,per_subgroup_ewma[min_neg],DI_star,-0.27378352313066373,0.4333592769425899,-0.37514546315000674,0.5837211624069965,20
credit,abrupt_group_mag2.0,xgb,per_subgroup_ewma[min_neg],AOD_star,-0.2570794910922628,0.4268863669993989,-0.3762411122322526,0.5879612025145933,20
credit,abrupt_group_mag2.0,xgb,per_subgroup_ewma[min_neg],BalAcc,-0.14662248059515237,0.27262058442568315,-0.16373096966155024,0.31839757831820636,20
credit,abrupt_group_mag2.0,xgb,per_subgroup_baseline_relative[min_neg],DI_star,-0.05577755832952319,0.29548853894678345,-0.17118966869056865,0.33023582897471354,20
credit,abrupt_group_mag2.0,xgb,per_subgroup_baseline_relative[min_neg],AOD_star,-0.10497610621041904,0.2965320096885497,-0.17328104901734706,0.33669302104028237,20
credit,abrupt_group_mag2.0,xgb,per_subgroup_baseline_relative[min_neg],BalAcc,-0.09709754429785647,0.24389681917717734,-0.1112336961035549,0.20411637721647627,20
credit,abrupt_group_mag2.0,xgb,per_subgroup_ewma[min_pos],DI_star,-0.5907468242745482,0.08145622980085296,-0.8269809218519452,0.05831051723018818,20
credit,abrupt_group_mag2.0,xgb,per_subgroup_ewma[min_pos],AOD_star,-0.5385714285714285,0.09632782114516988,-0.8241317061185169,0.05759558679455675,20
credit,abrupt_group_mag2.0,xgb,per_subgroup_ewma[min_pos],BalAcc,-0.2653383458646616,0.21458044630132253,-0.3212009516272253,0.17907104376660535,20
credit,abrupt_group_mag2.0,xgb,per_subgroup_baseline_relative[min_pos],DI_star,-0.5348857544475777,0.1304677552064883,-0.937467249421512,0.16452417081807086,20
credit,abrupt_group_mag2.0,xgb,per_subgroup_baseline_relative[min_pos],AOD_star,-0.489624060150376,0.15041157472513594,-0.9403228696392191,0.15969845735377816,20
credit,abrupt_group_mag2.0,xgb,per_subgroup_baseline_relative[min_pos],BalAcc,-0.28819548872180456,0.21678780618057658,-0.4096577175042901,0.16960343183679213,20
credit,abrupt_group_mag2.0,xgb,per_subgroup_ewma[maj_neg],DI_star,-0.15475426388111863,0.436374842392309,-0.17282568685599267,0.544427745399797,20
credit,abrupt_group_mag2.0,xgb,per_subgroup_ewma[maj_neg],AOD_star,-0.16917293233082703,0.3871654829643911,-0.17431062205973397,0.5406132858717178,20
credit,abrupt_group_mag2.0,xgb,per_subgroup_ewma[maj_neg],BalAcc,-0.1119548872180451,0.25383640157210136,-0.10615077780262024,0.2737361544955812,20
credit,abrupt_group_mag2.0,xgb,per_subgroup_baseline_relative[maj_neg],DI_star,-0.10823988455269751,0.2763285084934237,-0.15399129979725668,0.31144131229062344,20
credit,abrupt_group_mag2.0,xgb,per_subgroup_baseline_relative[maj_neg],AOD_star,-0.16,0.21725675474956416,-0.16076487363889397,0.30408064714520777,20
credit,abrupt_group_mag2.0,xgb,per_subgroup_baseline_relative[maj_neg],BalAcc,-0.10195488721804509,0.1975115699998159,-0.10977622108914628,0.20060570367493813,20
credit,abrupt_group_mag2.0,xgb,per_subgroup_ewma[maj_pos],DI_star,-0.5802580034826741,0.07748057919348318,-0.839513276038622,0.01706883157262123,20
credit,abrupt_group_mag2.0,xgb,per_subgroup_ewma[maj_pos],AOD_star,-0.5383458646616541,0.08565886613614626,-0.835850792503463,0.02031647075545297,20
credit,abrupt_group_mag2.0,xgb,per_subgroup_ewma[maj_pos],BalAcc,-0.27819548872180444,0.21163082979102893,-0.32871178474884777,0.17670014865534653,20
credit,abrupt_group_mag2.0,xgb,per_subgroup_baseline_relative[maj_pos],DI_star,-0.5265747828299864,0.14860575292296552,-0.9504092941209544,0.07249537291592578,20
credit,abrupt_group_mag2.0,xgb,per_subgroup_baseline_relative[maj_pos],AOD_star,-0.5786466165413534,0.10939020199547685,-0.9548296750287483,0.07641185703774825,20
credit,abrupt_group_mag2.0,xgb,per_subgroup_baseline_relative[maj_pos],BalAcc,-0.4109774436090225,0.20391116064026343,-0.4438416473638876,0.15603089942409326,20
credit,abrupt_global_mag0.5,lr,global_mean,DI_star,-0.5076691729323307,0.12967900027197246,-0.9786053169201427,0.04247869784948804,20
credit,abrupt_global_mag0.5,lr,global_mean,AOD_star,-0.24849624060150374,0.3455974368130232,-0.3405542621701215,0.3850531722435782,20
credit,abrupt_global_mag0.5,lr,global_mean,BalAcc,-0.1783458646616541,0.21607635955742752,-0.3560627203618624,0.20713645216045826,20
credit,abrupt_global_mag0.5,lr,global_ewma,DI_star,-0.5530075187969925,0.12580443848083323,-0.8367146969092929,0.02566201923635355,20
credit,abrupt_global_mag0.5,lr,global_ewma,AOD_star,-0.26075187969924807,0.28032527563828846,-0.2929218099011558,0.3311507627787643,20
credit,abrupt_global_mag0.5,lr,global_ewma,BalAcc,-0.21563909774436088,0.1771498779516828,-0.2879931094324409,0.16325447342198912,20
credit,abrupt_global_mag0.5,lr,global_std,DI_star,-0.07827067669172932,0.4531729270914211,-0.08495383735481439,0.7400109362439404,20
credit,abrupt_global_mag0.5,lr,global_std,AOD_star,-0.15699248120300754,0.2974546323325899,-0.15684754046139657,0.3920345802952727,20
credit,abrupt_global_mag0.5,lr,global_std,BalAcc,0.05759398496240601,0.22626962284845262,0.06794408116322226,0.28307677878946147,20
credit,abrupt_global_mag0.5,lr,subgroup_violation_diff,DI_star,-0.5969924812030074,0.1196060770120217,-0.9522845074135979,0.042141179010072874,20
credit,abrupt_global_mag0.5,lr,subgroup_violation_diff,AOD_star,-0.2776691729323308,0.2967772228380699,-0.3431735423428766,0.3854868724214821,20
credit,abrupt_global_mag0.5,lr,subgroup_violation_diff,BalAcc,-0.27639097744360897,0.2735658671675299,-0.3581346792069846,0.21714165993859388,20
credit,abrupt_global_mag0.5,lr,max_subgroup_deviation,DI_star,-0.5532867965243524,0.13124722059166602,-0.9782379643452064,0.04081097245787543,20
credit,abrupt_global_mag0.5,lr,max_subgroup_deviation,AOD_star,-0.2398611827297573,0.29969538937682244,-0.34160691537016186,0.3849994848459221,20
credit,abrupt_global_mag0.5,lr,max_subgroup_deviation,BalAcc,-0.20175278060835544,0.18933343008555906,-0.3577457683917763,0.20684285987318812,20
credit,abrupt_global_mag0.5,lr,assignment_proportion_drift,DI_star,-0.6464987925971354,0.12088546865083975,-0.9789716159155428,0.04154529907098575,20
credit,abrupt_global_mag0.5,lr,assignment_proportion_drift,AOD_star,-0.22013170839324717,0.3770956178419273,-0.3399299714573124,0.3865466118100888,20
credit,abrupt_global_mag0.5,lr,assignment_proportion_drift,BalAcc,-0.2999103518976763,0.24823347425743603,-0.3584808868458055,0.20885247261826043,20
credit,abrupt_global_mag0.5,lr,ks_statistic,DI_star,-0.5813533834586465,0.10602559537894292,-0.9787498899063287,0.042545355398000494,20
credit,abrupt_global_mag0.5,lr,ks_statistic,AOD_star,-0.27150375939849625,0.30422857944120835,-0.34117737641286616,0.3849144282562798,20
credit,abrupt_global_mag0.5,lr,ks_statistic,BalAcc,-0.19736842105263158,0.18102220099974234,-0.35680378488829556,0.20677471827532157,20
credit,abrupt_global_mag0.5,lr,kl_divergence,DI_star,-0.5675939849624059,0.09527769589562948,-0.9634025221432131,0.04109228617501428,20
credit,abrupt_global_mag0.5,lr,kl_divergence,AOD_star,-0.25789473684210523,0.3429924874661993,-0.3380067551121412,0.39008881805068635,20
credit,abrupt_global_mag0.5,lr,kl_divergence,BalAcc,-0.22285714285714286,0.1859516306250222,-0.3474228367939887,0.19872570858658425,20
credit,abrupt_global_mag0.5,lr,per_subgroup_ewma[min_neg],DI_star,-0.5384280100290797,0.11273594119109041,-0.8339669563075784,0.03537711828200795,20
credit,abrupt_global_mag0.5,lr,per_subgroup_ewma[min_neg],AOD_star,-0.26572180875385965,0.27114080502776994,-0.29290112222998743,0.3321307798546104,20
credit,abrupt_global_mag0.5,lr,per_subgroup_ewma[min_neg],BalAcc,-0.2444017628235744,0.16346897105783956,-0.29831435113671606,0.16803201883805283,20
credit,abrupt_global_mag0.5,lr,per_subgroup_baseline_relative[min_neg],DI_star,-0.5274705948831,0.1527395586474005,-0.8969722682338874,0.12602331764817948,20
credit,abrupt_global_mag0.5,lr,per_subgroup_baseline_relative[min_neg],AOD_star,-0.19944531172283247,0.2770238732379687,-0.32744423425543917,0.34576268525149323,20
credit,abrupt_global_mag0.5,lr,per_subgroup_baseline_relative[min_neg],BalAcc,-0.2106745346989194,0.2173973615282444,-0.3185517084076378,0.22281876635750592,20
credit,abrupt_global_mag0.5,lr,per_subgroup_ewma[min_pos],DI_star,-0.5476691729323308,0.12322627018561785,-0.8365123757583287,0.02524474329193244,20
credit,abrupt_global_mag0.5,lr,per_subgroup_ewma[min_pos],AOD_star,-0.2641353383458646,0.2825072384190755,-0.2925274064381368,0.33100362183145715,20
credit,abrupt_global_mag0.5,lr,per_subgroup_ewma[min_pos],BalAcc,-0.22293233082706765,0.17998867747882857,-0.28885847150886274,0.1632038900122981,20
credit,abrupt_global_mag0.5,lr,per_subgroup_baseline_relative[min_pos],DI_star,-0.5797744360902256,0.12105914613769395,-0.9779475076385958,0.04109019483069322,20
credit,abrupt_global_mag0.5,lr,per_subgroup_baseline_relative[min_pos],AOD_star,-0.2520300751879699,0.31915691131182283,-0.34141070138500124,0.3858264133485278,20
credit,abrupt_global_mag0.5,lr,per_subgroup_baseline_relative[min_pos],BalAcc,-0.24729323308270673,0.24241071424016566,-0.3596823641387671,0.20521136735840453,20
credit,abrupt_global_mag0.5,lr,per_subgroup_ewma[maj_neg],DI_star,-0.5538345864661653,0.12608293969740983,-0.8362840030346794,0.0253583554696063,20
credit,abrupt_global_mag0.5,lr,per_subgroup_ewma[maj_neg],AOD_star,-0.27210526315789474,0.2770476115203424,-0.29312344428448417,0.33119754277923386,20
credit,abrupt_global_mag0.5,lr,per_subgroup_ewma[maj_neg],BalAcc,-0.22097744360902252,0.17419576068084114,-0.28817860182209654,0.16289070577215503,20
credit,abrupt_global_mag0.5,lr,per_subgroup_baseline_relative[maj_neg],DI_star,-0.5786466165413533,0.09273039354032706,-0.9784229529393504,0.04336703106965654,20
credit,abrupt_global_mag0.5,lr,per_subgroup_baseline_relative[maj_neg],AOD_star,-0.32255639097744365,0.28762617147522707,-0.3439370962523363,0.3851007564599431,20
credit,abrupt_global_mag0.5,lr,per_subgroup_baseline_relative[maj_neg],BalAcc,-0.23872180451127814,0.14991272641539427,-0.3559552789741992,0.20446377214176387,20
credit,abrupt_global_mag0.5,lr,per_subgroup_ewma[maj_pos],DI_star,-0.5554135338345862,0.12426756414010338,-0.8364836561601754,0.025703594313765975,20
credit,abrupt_global_mag0.5,lr,per_subgroup_ewma[maj_pos],AOD_star,-0.2609022556390977,0.27927184581434017,-0.29273376447920396,0.3309735050886395,20
credit,abrupt_global_mag0.5,lr,per_subgroup_ewma[maj_pos],BalAcc,-0.22082706766917296,0.17006466731186493,-0.28784393322964835,0.16305062295181144,20
credit,abrupt_global_mag0.5,lr,per_subgroup_baseline_relative[maj_pos],DI_star,-0.5116541353383459,0.11273369894956549,-0.9786322737260662,0.04246649700475905,20
credit,abrupt_global_mag0.5,lr,per_subgroup_baseline_relative[maj_pos],AOD_star,-0.22293233082706765,0.34589600217598593,-0.3401853809156556,0.3851250381390293,20
credit,abrupt_global_mag0.5,lr,per_subgroup_baseline_relative[maj_pos],BalAcc,-0.201578947368421,0.20601584709791015,-0.3563861993065813,0.20666400431596035,20
credit,abrupt_global_mag0.5,xgb,global_mean,DI_star,0.7401344763366998,0.0082793715558624,0.9901686732695933,0.007347391331477887,20
credit,abrupt_global_mag0.5,xgb,global_mean,AOD_star,0.7420119870243364,0.009711691986170792,0.9132981272838094,0.05361019825591348,20
credit,abrupt_global_mag0.5,xgb,global_mean,BalAcc,-0.7420119870243364,0.010596412442183357,-0.9964516796700693,0.0022771430707299225,20
credit,abrupt_global_mag0.5,xgb,global_ewma,DI_star,0.7380593329451017,0.009811722352268995,0.8433114825229225,0.006321863028738627,20
credit,abrupt_global_mag0.5,xgb,global_ewma,AOD_star,0.7404309253926424,0.009946149312368613,0.7778668714001647,0.04575145911973939,20
credit,abrupt_global_mag0.5,xgb,global_ewma,BalAcc,-0.742209619728298,0.011170619323069387,-0.8486838124294754,0.002095458419058836,20
credit,abrupt_global_mag0.5,xgb,global_std,DI_star,0.11571394816959621,0.6069764880014895,0.06769383267596067,0.7521248611587337,20
credit,abrupt_global_mag0.5,xgb,global_std,AOD_star,0.11482460100176836,0.6029957759956263,0.048624394552979636,0.7002888353617303,20
credit,abrupt_global_mag0.5,xgb,global_std,BalAcc,-0.11462696829780668,0.6026585633751287,-0.06872870797576291,0.7529174591538669,20
credit,abrupt_global_mag0.5,xgb,subgroup_violation_diff,DI_star,0.7403321090406616,0.008347496345887483,0.9587709610744518,0.031572557124859145,20
credit,abrupt_global_mag0.5,xgb,subgroup_violation_diff,AOD_star,0.7381581492970826,0.00961112853009007,0.8834227436458819,0.06186467420940539,20
credit,abrupt_global_mag0.5,xgb,subgroup_violation_diff,BalAcc,-0.7397392109287763,0.011990622251180713,-0.9650863433782726,0.032286030645209976,20
credit,abrupt_global_mag0.5,xgb,max_subgroup_deviation,DI_star,0.7418705016991788,0.008085228139326219,0.9886192879760243,0.006713628801727003,20
credit,abrupt_global_mag0.5,xgb,max_subgroup_deviation,AOD_star,0.7447354312464276,0.009375753143506943,0.9121463847487912,0.054293675301886876,20
credit,abrupt_global_mag0.5,xgb,max_subgroup_deviation,BalAcc,-0.7404879663636823,0.011305786880147708,-0.9947902919253069,0.0037922852297164393,20
credit,abrupt_global_mag0.5,xgb,assignment_proportion_drift,DI_star,0.7434470828079001,0.008531976926768528,0.9900681164358887,0.007130535115950474,20
credit,abrupt_global_mag0.5,xgb,assignment_proportion_drift,AOD_star,0.7432965618512485,0.008407843111328068,0.913420017485995,0.05310479244337258,20
credit,abrupt_global_mag0.5,xgb,assignment_proportion_drift,BalAcc,-0.7449317574823685,0.009623716955088246,-0.9962502493867005,0.002436588441245284,20
credit,abrupt_global_mag0.5,xgb,ks_statistic,DI_star,0.7433954159520685,0.009041021205971748,0.9902358576740715,0.007333322609977992,20
credit,abrupt_global_mag0.5,xgb,ks_statistic,AOD_star,0.7430001505441449,0.010278325743041522,0.9134484629286639,0.05339796535122115,20
credit,abrupt_global_mag0.5,xgb,ks_statistic,BalAcc,-0.7387510474089678,0.01024263783034719,-0.9964305541843785,0.0022959680817427955,20
credit,abrupt_global_mag0.5,xgb,kl_divergence,DI_star,0.7416167216164128,0.010474067184732642,0.974751318398525,0.010348005682268761,20
credit,abrupt_global_mag0.5,xgb,kl_divergence,AOD_star,0.7442847631198963,0.011581343903396046,0.9005114926944268,0.05523919212127569,20
credit,abrupt_global_mag0.5,xgb,kl_divergence,BalAcc,-0.7420119870243364,0.008602699848485726,-0.9810518976124639,0.007282670487807068,20
credit,abrupt_global_mag0.5,xgb,per_subgroup_ewma[min_neg],DI_star,0.7369368278797441,0.02639388966839026,0.8404435407349451,0.022731724416927657,20
credit,abrupt_global_mag0.5,xgb,per_subgroup_ewma[min_neg],AOD_star,0.7350097045813024,0.027208570654408862,0.7754313121778058,0.052546411591411026,20
credit,abrupt_global_mag0.5,xgb,per_subgroup_ewma[min_neg],BalAcc,-0.7421744662343934,0.02123543918746991,-0.8457798420430558,0.02293761780092901,20
credit,abrupt_global_mag0.5,xgb,per_subgroup_baseline_relative[min_neg],DI_star,0.6607626904539146,0.13397891163255687,0.8986555031077298,0.12290028697895602,20
credit,abrupt_global_mag0.5,xgb,per_subgroup_baseline_relative[min_neg],AOD_star,0.6581989794487696,0.12969698130067359,0.8282638121929111,0.12100355979216776,20
credit,abrupt_global_mag0.5,xgb,per_subgroup_baseline_relative[min_neg],BalAcc,-0.6656296465600327,0.12772256740712745,-0.9044744163836,0.12441357565130287,20
credit,abrupt_global_mag0.5,xgb,per_subgroup_ewma[min_pos],DI_star,0.7437906813599919,0.010406727185142559,0.8429351109837026,0.006948115012709653,20
credit,abrupt_global_mag0.5,xgb,per_subgroup_ewma[min_pos],AOD_star,0.7433954159520686,0.011340656385637585,0.7776222982749252,0.04522101125436912,20
credit,abrupt_global_mag0.5,xgb,per_subgroup_ewma[min_pos],BalAcc,-0.7384545983530251,0.010518721017618967,-0.8482355465512385,0.004878108345962913,20
credit,abrupt_global_mag0.5,xgb,per_subgroup_baseline_relative[min_pos],DI_star,0.7420119870243364,0.009425961236909608,0.9887421670866793,0.007822399578570385,20
credit,abrupt_global_mag0.5,xgb,per_subgroup_baseline_relative[min_pos],AOD_star,0.7426048851362215,0.0094961434568292,0.9120619936743133,0.05303619332109775,20
credit,abrupt_global_mag0.5,xgb,per_subgroup_baseline_relative[min_pos],BalAcc,-0.7413202725604703,0.011178047033138284,-0.9948940872077896,0.0036923028470649336,20
credit,abrupt_global_mag0.5,xgb,per_subgroup_ewma[maj_neg],DI_star,0.7396403945767955,0.00905397241882712,0.842848152062549,0.00606965969045051,20
credit,abrupt_global_mag0.5,xgb,per_subgroup_ewma[maj_neg],AOD_star,0.7375652511851973,0.0100889511283206,0.7773419647220654,0.045667438711691,20
credit,abrupt_global_mag0.5,xgb,per_subgroup_ewma[maj_neg],BalAcc,-0.7389486801129295,0.012165252156179696,-0.8482412003949349,0.002061653266160939,20
credit,abrupt_global_mag0.5,xgb,per_subgroup_baseline_relative[maj_neg],DI_star,0.7402332926886807,0.011412753920744246,0.9893087494435827,0.006926367735136421,20
credit,abrupt_global_mag0.5,xgb,per_subgroup_baseline_relative[maj_neg],AOD_star,0.7398380272807573,0.010217343203517375,0.9121776597431499,0.05380884014093998,20
credit,abrupt_global_mag0.5,xgb,per_subgroup_baseline_relative[maj_neg],BalAcc,-0.7376640675371782,0.009779823952771929,-0.9956588973570966,0.0022465749870813245,20
credit,abrupt_global_mag0.5,xgb,per_subgroup_ewma[maj_pos],DI_star,0.7408261908005659,0.008107157536398795,0.8430372180837269,0.006401413361576931,20
credit,abrupt_global_mag0.5,xgb,per_subgroup_ewma[maj_pos],AOD_star,0.7432965996000875,0.009455439255296084,0.7776081901480956,0.04605647275294725,20
credit,abrupt_global_mag0.5,xgb,per_subgroup_ewma[maj_pos],BalAcc,-0.7403321090406616,0.009889537346649123,-0.8484190064736495,0.0021626959286714003,20
credit,abrupt_global_mag0.5,xgb,per_subgroup_baseline_relative[maj_pos],DI_star,0.7424072524322598,0.007686743572879186,0.990265540313462,0.007293526343179669,20
credit,abrupt_global_mag0.5,xgb,per_subgroup_baseline_relative[maj_pos],AOD_star,0.7458658247515901,0.008623673087822399,0.9137589062203446,0.05339412409023789,20
credit,abrupt_global_mag0.5,xgb,per_subgroup_baseline_relative[maj_pos],BalAcc,-0.741419088912451,0.010702773491671277,-0.9964545548155538,0.002319689413625261,20
credit,abrupt_global_mag1.0,lr,global_mean,DI_star,-0.49804511278195474,0.27581120108573404,-0.8513296943544226,0.36490150278774847,20
credit,abrupt_global_mag1.0,lr,global_mean,AOD_star,0.3674436090225564,0.28332011333260937,0.7056094852907597,0.4063904655893066,20
credit,abrupt_global_mag1.0,lr,global_mean,BalAcc,-0.41375939849624055,0.08928238220929283,-0.680574507304191,0.12991866940191554,20
credit,abrupt_global_mag1.0,lr,global_ewma,DI_star,-0.48887218045112774,0.27121788002936464,-0.7197272436840919,0.33132525179265043,20
credit,abrupt_global_mag1.0,lr,global_ewma,AOD_star,0.4669924812030074,0.32553507486607214,0.6082771380358363,0.3801963468449193,20
credit,abrupt_global_mag1.0,lr,global_ewma,BalAcc,-0.48969924812030075,0.16351699852839036,-0.5847339298967931,0.11762869406875719,20
credit,abrupt_global_mag1.0,lr,global_std,DI_star,0.43052631578947365,0.30824320435077845,0.7386670527788244,0.421099916165691,20
credit,abrupt_global_mag1.0,lr,global_std,AOD_star,-0.4447368421052632,0.29546858489995986,-0.6327158791559003,0.4374902764251584,20
credit,abrupt_global_mag1.0,lr,global_std,BalAcc,0.4306766917293233,0.2205725439832698,0.5972920200226055,0.24250421708855616,20
credit,abrupt_global_mag1.0,lr,subgroup_violation_diff,DI_star,0.06406015037593984,0.47085403466764697,0.044325436584670155,0.6988205645396268,20
credit,abrupt_global_mag1.0,lr,subgroup_violation_diff,AOD_star,0.0051127819548872355,0.47575164055925995,0.0003251849518747102,0.6045147568827152,20
credit,abrupt_global_mag1.0,lr,subgroup_violation_diff,BalAcc,-0.008721804511278197,0.42550747520278137,-0.016914598081376974,0.5216290463476808,20
credit,abrupt_global_mag1.0,lr,max_subgroup_deviation,DI_star,-0.49406015037593987,0.2811963631557912,-0.8500859030027812,0.36745718842895175,20
credit,abrupt_global_mag1.0,lr,max_subgroup_deviation,AOD_star,0.40849624060150375,0.2706956029316854,0.7061295750646563,0.4061129453822318,20
credit,abrupt_global_mag1.0,lr,max_subgroup_deviation,BalAcc,-0.44225563909774435,0.11329297759900615,-0.6808406489031966,0.1294309242073788,20
credit,abrupt_global_mag1.0,lr,assignment_proportion_drift,DI_star,-0.4997606993488911,0.2625517091280907,-0.8507731727500021,0.3650381427360335,20
credit,abrupt_global_mag1.0,lr,assignment_proportion_drift,AOD_star,0.4799975395152827,0.2699791575397552,0.7060755449322617,0.4060742478163116,20
credit,abrupt_global_mag1.0,lr,assignment_proportion_drift,BalAcc,-0.5186134849678288,0.12563536945620257,-0.6808534295336328,0.12972504444187705,20
credit,abrupt_global_mag1.0,lr,ks_statistic,DI_star,-0.5027885029810074,0.28131840270446945,-0.8511799938364437,0.3652703038914503,20
credit,abrupt_global_mag1.0,lr,ks_statistic,AOD_star,0.4155454006092997,0.3015297619640934,0.7056764491623378,0.4065467041482047,20
credit,abrupt_global_mag1.0,lr,ks_statistic,BalAcc,-0.4317559698582339,0.11775350629964543,-0.6807966348282749,0.13014835725528845,20
credit,abrupt_global_mag1.0,lr,kl_divergence,DI_star,-0.3979699248120301,0.23962644293895638,-0.8447490750328374,0.36135664942442397,20
credit,abrupt_global_mag1.0,lr,kl_divergence,AOD_star,0.40842105263157896,0.21979664667233945,0.7016576592035948,0.3984286002641385,20
credit,abrupt_global_mag1.0,lr,kl_divergence,BalAcc,-0.38353383458646617,0.10551042386852078,-0.6690370956360001,0.12977746126259068,20
credit,abrupt_global_mag1.0,lr,per_subgroup_ewma[min_neg],DI_star,-0.4911348617926839,0.25932335666999623,-0.7211570704937246,0.3194286358793897,20
credit,abrupt_global_mag1.0,lr,per_subgroup_ewma[min_neg],AOD_star,0.44888287108631186,0.3119566226965555,0.6049397393587616,0.3809962555604696,20
credit,abrupt_global_mag1.0,lr,per_subgroup_ewma[min_neg],BalAcc,-0.49921950588370195,0.15466909000003298,-0.5807216878832963,0.11979332323240546,20
credit,abrupt_global_mag1.0,lr,per_subgroup_baseline_relative[min_neg],DI_star,-0.49274949139059065,0.28162909400336583,-0.8344015374298082,0.33483846652965105,20
credit,abrupt_global_mag1.0,lr,per_subgroup_baseline_relative[min_neg],AOD_star,0.35845983956705635,0.26890973332611307,0.6613155092477514,0.3941353442255151,20
credit,abrupt_global_mag1.0,lr,per_subgroup_baseline_relative[min_neg],BalAcc,-0.4532568782784878,0.16543499074381612,-0.6431092423166899,0.14750758710003875,20
credit,abrupt_global_mag1.0,lr,per_subgroup_ewma[min_pos],DI_star,-0.48563909774436087,0.27476218138143654,-0.7200769955218427,0.33147464836202484,20
credit,abrupt_global_mag1.0,lr,per_subgroup_ewma[min_pos],AOD_star,0.46563909774436085,0.3269213310165597,0.6083300382332011,0.3801658088994137,20
credit,abrupt_global_mag1.0,lr,per_subgroup_ewma[min_pos],BalAcc,-0.4947368421052631,0.165174126134047,-0.5851120056463015,0.11736830098572745,20
credit,abrupt_global_mag1.0,lr,per_subgroup_baseline_relative[min_pos],DI_star,-0.4914285714285714,0.3032951115645708,-0.850974412044226,0.36605911063212515,20
credit,abrupt_global_mag1.0,lr,per_subgroup_baseline_relative[min_pos],AOD_star,0.42030075187969923,0.2854020850679215,0.7057328922722432,0.40656937290947726,20
credit,abrupt_global_mag1.0,lr,per_subgroup_baseline_relative[min_pos],BalAcc,-0.48097744360902245,0.1167689022774989,-0.6810412799641224,0.13025647438176702,20
credit,abrupt_global_mag1.0,lr,per_subgroup_ewma[maj_neg],DI_star,-0.4833082706766917,0.29369787724842644,-0.7237329334901484,0.32642368432304064,20
credit,abrupt_global_mag1.0,lr,per_subgroup_ewma[maj_neg],AOD_star,0.47097744360902255,0.31283349777745195,0.6087056908837631,0.3709904342342104,20
credit,abrupt_global_mag1.0,lr,per_subgroup_ewma[maj_neg],BalAcc,-0.4969924812030076,0.13066838531444847,-0.5855162115966299,0.1042574173416294,20
credit,abrupt_global_mag1.0,lr,per_subgroup_baseline_relative[maj_neg],DI_star,-0.5257449707743609,0.2714980054370651,-0.829362992620157,0.3767295760297933,20
credit,abrupt_global_mag1.0,lr,per_subgroup_baseline_relative[maj_neg],AOD_star,0.40850443925691193,0.3175331261342723,0.6668293296207715,0.3874490491622138,20
credit,abrupt_global_mag1.0,lr,per_subgroup_baseline_relative[maj_neg],BalAcc,-0.46606275867449964,0.15261077542961043,-0.6355357197384043,0.12642555545848652,20
credit,abrupt_global_mag1.0,lr,per_subgroup_ewma[maj_pos],DI_star,-0.49112781954887214,0.2704992735170655,-0.7196422463098917,0.331315822532195,20
credit,abrupt_global_mag1.0,lr,per_subgroup_ewma[maj_pos],AOD_star,0.4656390977443608,0.32764024723347634,0.6083614672452107,0.3800242445757085,20
credit,abrupt_global_mag1.0,lr,per_subgroup_ewma[maj_pos],BalAcc,-0.4922556390977443,0.1599198984013138,-0.5847390440852556,0.11760127770098054,20
credit,abrupt_global_mag1.0,lr,per_subgroup_baseline_relative[maj_pos],DI_star,-0.5121052631578947,0.24801614355171453,-0.8515040219965553,0.3644870841879833,20
credit,abrupt_global_mag1.0,lr,per_subgroup_baseline_relative[maj_pos],AOD_star,0.3904511278195488,0.25929333162981555,0.7059059514179687,0.40596174129356927,20
credit,abrupt_global_mag1.0,lr,per_subgroup_baseline_relative[maj_pos],BalAcc,-0.4311278195488721,0.1047593744822806,-0.6809784520359353,0.1296056301459558,20
credit,abrupt_global_mag1.0,xgb,global_mean,DI_star,0.7401344763366998,0.0082793715558624,0.9902016691679725,0.007313900286944015,20
credit,abrupt_global_mag1.0,xgb,global_mean,AOD_star,0.7420119870243364,0.009711691986170792,0.9133421735275201,0.05353162087494984,20
credit,abrupt_global_mag1.0,xgb,global_mean,BalAcc,-0.7420119870243364,0.010596412442183357,-0.9964731298221071,0.0022669191536370285,20
credit,abrupt_global_mag1.0,xgb,global_ewma,DI_star,0.7380593329451017,0.009811722352268995,0.8432737282008287,0.006168461373500237,20
credit,abrupt_global_mag1.0,xgb,global_ewma,AOD_star,0.7404309253926424,0.009946149312368613,0.777838941486255,0.04563700342188862,20
credit,abrupt_global_mag1.0,xgb,global_ewma,BalAcc,-0.742209619728298,0.011170619323069387,-0.8486350707046604,0.0019796901495149313,20
credit,abrupt_global_mag1.0,xgb,global_std,DI_star,-0.6873665443789164,0.19859048281639163,-0.8650130304658046,0.27596985475381797,20
credit,abrupt_global_mag1.0,xgb,global_std,AOD_star,-0.689935769530419,0.18917786039850062,-0.8189109073648229,0.24453367724364297,20
credit,abrupt_global_mag1.0,xgb,global_std,BalAcc,0.6815363796120453,0.22987264191466977,0.8668665469998709,0.29704899022861925,20
credit,abrupt_global_mag1.0,xgb,subgroup_violation_diff,DI_star,0.008399389918373756,0.6316805833171606,0.017630086061732553,0.7627093297570464,20
credit,abrupt_global_mag1.0,xgb,subgroup_violation_diff,AOD_star,0.002964490559426031,0.629925063314718,0.004301090715412131,0.7299750184073136,20
credit,abrupt_global_mag1.0,xgb,subgroup_violation_diff,BalAcc,0.005928981118852083,0.6264093181957533,-0.010472306286028077,0.7634927385024429,20
credit,abrupt_global_mag1.0,xgb,max_subgroup_deviation,DI_star,0.7418143543203745,0.00805883549940582,0.9901816466077106,0.007211202507929639,20
credit,abrupt_global_mag1.0,xgb,max_subgroup_deviation,AOD_star,0.7446800285278198,0.009428550715609298,0.9134963773967388,0.05354298743193976,20
credit,abrupt_global_mag1.0,xgb,max_subgroup_deviation,BalAcc,-0.7404309253926424,0.011219464303603677,-0.9963745234723506,0.002480925274592948,20
credit,abrupt_global_mag1.0,xgb,assignment_proportion_drift,DI_star,0.7436821405710444,0.007920381849027776,0.9898356980273691,0.007115211367494399,20
credit,abrupt_global_mag1.0,xgb,assignment_proportion_drift,AOD_star,0.7435349003710382,0.008094601622783965,0.9132502981574959,0.053112325082238405,20
credit,abrupt_global_mag1.0,xgb,assignment_proportion_drift,BalAcc,-0.7451718297635578,0.009447064371342226,-0.9960804979332663,0.0026249572045268454,20
credit,abrupt_global_mag1.0,xgb,ks_statistic,DI_star,0.7438282978817414,0.00896843717199851,0.9902427501881077,0.007322717627717645,20
credit,abrupt_global_mag1.0,xgb,ks_statistic,AOD_star,0.7434335173236999,0.010267289092124843,0.9134514105184905,0.053384725689907625,20
credit,abrupt_global_mag1.0,xgb,ks_statistic,BalAcc,-0.739182439343303,0.01026950618528033,-0.9964434724008315,0.00228731016678997,20
credit,abrupt_global_mag1.0,xgb,kl_divergence,DI_star,0.7416167216164128,0.010474067184732642,0.9857536436711822,0.008021908450979947,20
credit,abrupt_global_mag1.0,xgb,kl_divergence,AOD_star,0.7442847631198963,0.011581343903396046,0.9095272689638607,0.05334954211423195,20
credit,abrupt_global_mag1.0,xgb,kl_divergence,BalAcc,-0.7420119870243364,0.008602699848485726,-0.9919948439897318,0.0030916354850514826,20
credit,abrupt_global_mag1.0,xgb,per_subgroup_ewma[min_neg],DI_star,0.7418776454787874,0.010400902474126473,0.8400522735857511,0.02414777837471822,20
credit,abrupt_global_mag1.0,xgb,per_subgroup_ewma[min_neg],AOD_star,0.7399505221803458,0.010597300524623524,0.7745819465660396,0.0455786044122743,20
credit,abrupt_global_mag1.0,xgb,per_subgroup_ewma[min_neg],BalAcc,-0.7471152838334368,0.010181794978191053,-0.8453479951254426,0.023108113655382727,20
credit,abrupt_global_mag1.0,xgb,per_subgroup_baseline_relative[min_neg],DI_star,0.6977631435661696,0.09200061015494643,0.9428259013536128,0.0932124863168585,20
credit,abrupt_global_mag1.0,xgb,per_subgroup_baseline_relative[min_neg],AOD_star,0.6952944478649461,0.08788524143239224,0.8695611223312689,0.09943303308450438,20
credit,abrupt_global_mag1.0,xgb,per_subgroup_baseline_relative[min_neg],BalAcc,-0.7025583231451621,0.09244596687138898,-0.9488583730218911,0.09414421722972362,20
credit,abrupt_global_mag1.0,xgb,per_subgroup_ewma[min_pos],DI_star,0.7437906813599919,0.010406727185142559,0.8436598941768352,0.006303801384303589,20
credit,abrupt_global_mag1.0,xgb,per_subgroup_ewma[min_pos],AOD_star,0.7433954159520686,0.011340656385637585,0.7783141301193692,0.0454908864914072,20
credit,abrupt_global_mag1.0,xgb,per_subgroup_ewma[min_pos],BalAcc,-0.7384545983530251,0.010518721017618967,-0.8489578782978947,0.0024795712351654417,20
credit,abrupt_global_mag1.0,xgb,per_subgroup_baseline_relative[min_pos],DI_star,0.7420119870243364,0.009425961236909608,0.9901174268600961,0.007167693356160873,20
credit,abrupt_global_mag1.0,xgb,per_subgroup_baseline_relative[min_pos],AOD_star,0.7426048851362215,0.0094961434568292,0.9133657994172388,0.05328067378857868,20
credit,abrupt_global_mag1.0,xgb,per_subgroup_baseline_relative[min_pos],BalAcc,-0.7413202725604703,0.011178047033138284,-0.9962879038928343,0.002348628919201857,20
credit,abrupt_global_mag1.0,xgb,per_subgroup_ewma[maj_neg],DI_star,0.7305492901945556,0.040758720700642834,0.8395489555329367,0.03395380985711128,20
credit,abrupt_global_mag1.0,xgb,per_subgroup_ewma[maj_neg],AOD_star,0.7284741468029574,0.04141525229600707,0.7748290899402944,0.06008900880588207,20
credit,abrupt_global_mag1.0,xgb,per_subgroup_ewma[maj_neg],BalAcc,-0.7302528411386131,0.03566435333794472,-0.8448966856479292,0.03303014705221717,20
credit,abrupt_global_mag1.0,xgb,per_subgroup_baseline_relative[maj_neg],DI_star,0.6613586863301024,0.18629746332775085,0.9190725296811892,0.1558160378834602,20
credit,abrupt_global_mag1.0,xgb,per_subgroup_baseline_relative[maj_neg],AOD_star,0.6609628494311167,0.1877692929509589,0.8509674470904361,0.1623085878044207,20
credit,abrupt_global_mag1.0,xgb,per_subgroup_baseline_relative[maj_neg],BalAcc,-0.6587979074570962,0.18694561009939462,-0.9252480667035871,0.1578185824879406,20
credit,abrupt_global_mag1.0,xgb,per_subgroup_ewma[maj_pos],DI_star,0.7408261908005659,0.008107157536398795,0.8431916437525796,0.006092067433236231,20
credit,abrupt_global_mag1.0,xgb,per_subgroup_ewma[maj_pos],AOD_star,0.7432965996000875,0.009455439255296084,0.7777524015111648,0.0457064030052826,20
credit,abrupt_global_mag1.0,xgb,per_subgroup_ewma[maj_pos],BalAcc,-0.7403321090406616,0.009889537346649123,-0.8485581293328435,0.0019030608183626095,20
credit,abrupt_global_mag1.0,xgb,per_subgroup_baseline_relative[maj_pos],DI_star,0.7424072524322598,0.007686743572879186,0.9902755073855083,0.007269245386992991,20
credit,abrupt_global_mag1.0,xgb,per_subgroup_baseline_relative[maj_pos],AOD_star,0.7458658247515901,0.008623673087822399,0.9136884387178457,0.05333901426184812,20
credit,abrupt_global_mag1.0,xgb,per_subgroup_baseline_relative[maj_pos],BalAcc,-0.741419088912451,0.010702773491671277,-0.9964782426382965,0.0022849724067731166,20
credit,abrupt_global_mag2.0,lr,global_mean,DI_star,-0.11015037593984962,0.3858960936922205,-0.10630643545816361,0.4187500649517985,20
credit,abrupt_global_mag2.0,lr,global_mean,AOD_star,0.525187969924812,0.1150114226458583,0.988485244997443,0.007190861866227761,20
credit,abrupt_global_mag2.0,lr,global_mean,BalAcc,-0.557593984962406,0.0932871538572822,-0.927497983317469,0.03799233127588949,20
credit,abrupt_global_mag2.0,lr,global_ewma,DI_star,-0.11030075187969923,0.35161395884252694,-0.0636289453393676,0.4057362838289486,20
credit,abrupt_global_mag2.0,lr,global_ewma,AOD_star,0.5681203007518796,0.09826420467553569,0.8416637902792093,0.017812110445474212,20
credit,abrupt_global_mag2.0,lr,global_ewma,BalAcc,-0.5717293233082706,0.12870862837489516,-0.7902618636055636,0.045027695061188915,20
credit,abrupt_global_mag2.0,lr,global_std,DI_star,0.0911278195488722,0.340303575985278,0.10793032682426176,0.4148854087462638,20
credit,abrupt_global_mag2.0,lr,global_std,AOD_star,-0.5580451127819549,0.13000858827852277,-0.9813707842663346,0.009787428554041078,20
credit,abrupt_global_mag2.0,lr,global_std,BalAcc,0.562330827067669,0.10998483801786209,0.9253295557900223,0.03675509328268054,20
credit,abrupt_global_mag2.0,lr,subgroup_violation_diff,DI_star,0.017593984962406016,0.31584607441199153,-0.012038934617374897,0.30386298428614533,20
credit,abrupt_global_mag2.0,lr,subgroup_violation_diff,AOD_star,-0.06187969924812029,0.4548220359687249,-0.14130294311408556,0.6804069870354168,20
credit,abrupt_global_mag2.0,lr,subgroup_violation_diff,BalAcc,0.07300751879699248,0.44378446256829174,0.1343467703597943,0.6466533222488875,20
credit,abrupt_global_mag2.0,lr,max_subgroup_deviation,DI_star,-0.056315789473684194,0.41138071738364684,-0.10597167922761627,0.4186241467251525,20
credit,abrupt_global_mag2.0,lr,max_subgroup_deviation,AOD_star,0.5608270676691728,0.12100963603881361,0.9885738181222077,0.00705466780083331,20
credit,abrupt_global_mag2.0,lr,max_subgroup_deviation,BalAcc,-0.5571428571428572,0.08328098681908443,-0.9275659681063259,0.03799881529801024,20
credit,abrupt_global_mag2.0,lr,assignment_proportion_drift,DI_star,-0.14181921607859738,0.32749742264430587,-0.10639489478212574,0.41834130242591905,20
credit,abrupt_global_mag2.0,lr,assignment_proportion_drift,AOD_star,0.560193042978635,0.12417933320743493,0.9881838226861162,0.007454444556580471,20
credit,abrupt_global_mag2.0,lr,assignment_proportion_drift,BalAcc,-0.5697414068616073,0.12242172243776245,-0.9268492137220548,0.03835038533964493,20
credit,abrupt_global_mag2.0,lr,ks_statistic,DI_star,-0.061891069718482974,0.3611589775178065,-0.10616641005945457,0.4186774055360329,20
credit,abrupt_global_mag2.0,lr,ks_statistic,AOD_star,0.5411962987843829,0.10484331783068507,0.988493946749464,0.007180690244474417,20
credit,abrupt_global_mag2.0,lr,ks_statistic,BalAcc,-0.5299768456917211,0.10497230492722492,-0.9275544497545216,0.03798425349824424,20
credit,abrupt_global_mag2.0,lr,kl_divergence,DI_star,-0.148796992481203,0.3115172795100139,-0.10643760391462867,0.41962623095321705,20
credit,abrupt_global_mag2.0,lr,kl_divergence,AOD_star,0.5309022556390978,0.12843943010905431,0.9868612528343587,0.008116361025893758,20
credit,abrupt_global_mag2.0,lr,kl_divergence,BalAcc,-0.47684210526315784,0.10236603947428324,-0.9253992268808812,0.03800856795201573,20
credit,abrupt_global_mag2.0,lr,per_subgroup_ewma[min_neg],DI_star,-0.11429569786830673,0.3353480523533131,-0.07414222305470494,0.38785910585867106,20
credit,abrupt_global_mag2.0,lr,per_subgroup_ewma[min_neg],AOD_star,0.5183196825055191,0.13444189992099043,0.7956916123586376,0.08800695003573285,20
credit,abrupt_global_mag2.0,lr,per_subgroup_ewma[min_neg],BalAcc,-0.5356874530697663,0.15417171979205255,-0.7469040281363954,0.09280672043940456,20
credit,abrupt_global_mag2.0,lr,per_subgroup_baseline_relative[min_neg],DI_star,-0.06858703173219073,0.28244099116455634,-0.08278940716474244,0.3647614449706727,20
credit,abrupt_global_mag2.0,lr,per_subgroup_baseline_relative[min_neg],AOD_star,0.35463486879254247,0.3269873526518857,0.785206949479571,0.2429722766950885,20
credit,abrupt_global_mag2.0,lr,per_subgroup_baseline_relative[min_neg],BalAcc,-0.39067540027470243,0.32941597751715895,-0.7285886602407545,0.22669444541274944,20
credit,abrupt_global_mag2.0,lr,per_subgroup_ewma[min_pos],DI_star,-0.11255639097744359,0.34447917166598796,-0.067215955697572,0.4021481056044479,20
credit,abrupt_global_mag2.0,lr,per_subgroup_ewma[min_pos],AOD_star,0.5614285714285713,0.10278310992635231,0.8420012011135001,0.0177428547235098,20
credit,abrupt_global_mag2.0,lr,per_subgroup_ewma[min_pos],BalAcc,-0.5769924812030075,0.12644381267417507,-0.7911312397937651,0.04434852368825188,20
credit,abrupt_global_mag2.0,lr,per_subgroup_baseline_relative[min_pos],DI_star,-0.03902255639097745,0.3913282044293345,-0.12292711208883167,0.4079103571181882,20
credit,abrupt_global_mag2.0,lr,per_subgroup_baseline_relative[min_pos],AOD_star,0.5659398496240602,0.11341703397896385,0.9807375682509342,0.03412689533593298,20
credit,abrupt_global_mag2.0,lr,per_subgroup_baseline_relative[min_pos],BalAcc,-0.5385714285714285,0.08726894418357373,-0.9220402519092193,0.04128368479940511,20
credit,abrupt_global_mag2.0,lr,per_subgroup_ewma[maj_neg],DI_star,-0.06954887218045114,0.34828732250791117,-0.06486591971158581,0.37195843272252016,20
credit,abrupt_global_mag2.0,lr,per_subgroup_ewma[maj_neg],AOD_star,0.4647368421052631,0.28876858761012125,0.6684040784948876,0.38588122478097037,20
credit,abrupt_global_mag2.0,lr,per_subgroup_ewma[maj_neg],BalAcc,-0.4641353383458647,0.3228887906436161,-0.6330877155651671,0.35326086430314074,20
credit,abrupt_global_mag2.0,lr,per_subgroup_baseline_relative[maj_neg],DI_star,-0.12510454322645986,0.35129986576611216,-0.13550008656040252,0.38377057022447914,20
credit,abrupt_global_mag2.0,lr,per_subgroup_baseline_relative[maj_neg],AOD_star,0.19250905286315856,0.49354413007701387,0.6190757119092517,0.49765897448720803,20
credit,abrupt_global_mag2.0,lr,per_subgroup_baseline_relative[maj_neg],BalAcc,-0.20513148468014442,0.4768782125831507,-0.5933289981806993,0.4516836740472489,20
credit,abrupt_global_mag2.0,lr,per_subgroup_ewma[maj_pos],DI_star,-0.11315789473684208,0.3526531807994617,-0.06357965035149962,0.40569506336411815,20
credit,abrupt_global_mag2.0,lr,per_subgroup_ewma[maj_pos],AOD_star,0.5670676691729323,0.09901419230379868,0.8415577033068887,0.017679134976129326,20
credit,abrupt_global_mag2.0,lr,per_subgroup_ewma[maj_pos],BalAcc,-0.5742857142857143,0.12557687565310685,-0.7901574675678866,0.04498881507354459,20
credit,abrupt_global_mag2.0,lr,per_subgroup_baseline_relative[maj_pos],DI_star,-0.07105263157894735,0.40435273047942216,-0.10594381003731734,0.41865249033457974,20
credit,abrupt_global_mag2.0,lr,per_subgroup_baseline_relative[maj_pos],AOD_star,0.5470676691729321,0.1321064399706229,0.9885656391797568,0.007051485221572634,20
credit,abrupt_global_mag2.0,lr,per_subgroup_baseline_relative[maj_pos],BalAcc,-0.5554135338345865,0.08338786539946201,-0.9276069858574916,0.03802985870421892,20
credit,abrupt_global_mag2.0,xgb,global_mean,DI_star,0.7401344763366998,0.0082793715558624,0.9902113066407658,0.007307159322632666,20
credit,abrupt_global_mag2.0,xgb,global_mean,AOD_star,0.7420119870243364,0.009711691986170792,0.9133587299720334,0.0535043052499916,20
credit,abrupt_global_mag2.0,xgb,global_mean,BalAcc,-0.7420119870243364,0.010596412442183357,-0.9964812174473454,0.0022618408317940054,20
credit,abrupt_global_mag2.0,xgb,global_ewma,DI_star,0.7380593329451017,0.009811722352268995,0.8433386138472567,0.0061933834587406715,20
credit,abrupt_global_mag2.0,xgb,global_ewma,AOD_star,0.7404309253926424,0.009946149312368613,0.7779008122946925,0.045596742358195406,20
credit,abrupt_global_mag2.0,xgb,global_ewma,BalAcc,-0.742209619728298,0.011170619323069387,-0.8486966227553339,0.0019484424886344392,20
credit,abrupt_global_mag2.0,xgb,global_std,DI_star,-0.7425060687842407,0.00996233508273797,-0.9856675021657523,0.008763962540072903,20
credit,abrupt_global_mag2.0,xgb,global_std,AOD_star,-0.7429013341921641,0.010055990116003617,-0.9163210097099963,0.04721349000189087,20
credit,abrupt_global_mag2.0,xgb,global_std,BalAcc,0.7422096197282981,0.009771833083127795,0.9910497550892391,0.0073330678912437676,20
credit,abrupt_global_mag2.0,xgb,subgroup_violation_diff,DI_star,-0.10701810919527983,0.570136706137385,-0.1415641993231222,0.6972305438171253,20
credit,abrupt_global_mag2.0,xgb,subgroup_violation_diff,AOD_star,-0.10691929284329896,0.5661547130127041,-0.12305267111077263,0.6663470529998199,20
credit,abrupt_global_mag2.0,xgb,subgroup_violation_diff,BalAcc,0.10840153812301204,0.5709390504050448,0.14327254959051233,0.6957696239524688,20
credit,abrupt_global_mag2.0,xgb,max_subgroup_deviation,DI_star,0.7418143543203745,0.00805883549940582,0.9901924726848259,0.007202275876789772,20
credit,abrupt_global_mag2.0,xgb,max_subgroup_deviation,AOD_star,0.7446800285278198,0.009428550715609298,0.9134853104189127,0.05353069492856049,20
credit,abrupt_global_mag2.0,xgb,max_subgroup_deviation,BalAcc,-0.7404309253926424,0.011219464303603677,-0.9963899308549076,0.0024443338859233056,20
credit,abrupt_global_mag2.0,xgb,assignment_proportion_drift,DI_star,0.7454468546104075,0.008451190840729967,0.9900873392572423,0.007033937743660307,20
credit,abrupt_global_mag2.0,xgb,assignment_proportion_drift,AOD_star,0.7452917139337847,0.007949684731718846,0.9135826002563997,0.05310542323650139,20
credit,abrupt_global_mag2.0,xgb,assignment_proportion_drift,BalAcc,-0.7469446792367785,0.010256673193145409,-0.9963390308920472,0.0024774611741051147,20
credit,abrupt_global_mag2.0,xgb,ks_statistic,DI_star,0.7439692929717246,0.009047071369524384,0.9902451429323624,0.007318429181931326,20
credit,abrupt_global_mag2.0,xgb,ks_statistic,AOD_star,0.7435754427543805,0.010410682297615225,0.9134516057180475,0.05337798669000815,20
credit,abrupt_global_mag2.0,xgb,ks_statistic,BalAcc,-0.7393237376870403,0.010426422941959725,-0.996449144123989,0.0022838384828910772,20
credit,abrupt_global_mag2.0,xgb,kl_divergence,DI_star,0.7416167216164128,0.010474067184732642,0.988774986455604,0.0069158690708358474,20
credit,abrupt_global_mag2.0,xgb,kl_divergence,AOD_star,0.7442847631198963,0.011581343903396046,0.9120800184642531,0.05312723848308142,20
credit,abrupt_global_mag2.0,xgb,kl_divergence,BalAcc,-0.7420119870243364,0.008602699848485726,-0.9950242187876295,0.0021111278441538215,20
credit,abrupt_global_mag2.0,xgb,per_subgroup_ewma[min_neg],DI_star,0.7125291889404698,0.06854664914337424,0.8026135101203868,0.07093468500498316,20
credit,abrupt_global_mag2.0,xgb,per_subgroup_ewma[min_neg],AOD_star,0.7106020656420281,0.06428580172776098,0.7404107199386349,0.07951730621301391,20
credit,abrupt_global_mag2.0,xgb,per_subgroup_ewma[min_neg],BalAcc,-0.7174703782391763,0.07232407142737818,-0.8078395049991703,0.07264477727383781,20
credit,abrupt_global_mag2.0,xgb,per_subgroup_baseline_relative[min_neg],DI_star,0.5121910687399293,0.318962037369364,0.7937694117866598,0.22498554937429005,20
credit,abrupt_global_mag2.0,xgb,per_subgroup_baseline_relative[min_neg],AOD_star,0.5091804002941779,0.31494978415154495,0.7321998677351372,0.2138715334506443,20
credit,abrupt_global_mag2.0,xgb,per_subgroup_baseline_relative[min_neg],BalAcc,-0.5172871197277729,0.31856422695727626,-0.7992198284723989,0.22754947259456035,20
credit,abrupt_global_mag2.0,xgb,per_subgroup_ewma[min_pos],DI_star,0.7437906813599919,0.010406727185142559,0.8439551142400313,0.006889916274382238,20
credit,abrupt_global_mag2.0,xgb,per_subgroup_ewma[min_pos],AOD_star,0.7433954159520686,0.011340656385637585,0.7785458305301554,0.045043560698067406,20
credit,abrupt_global_mag2.0,xgb,per_subgroup_ewma[min_pos],BalAcc,-0.7384545983530251,0.010518721017618967,-0.8492534085621367,0.0026100891582693762,20
credit,abrupt_global_mag2.0,xgb,per_subgroup_baseline_relative[min_pos],DI_star,0.7370711694252929,0.023695122745197368,0.9834010462429035,0.029594635687604558,20
credit,abrupt_global_mag2.0,xgb,per_subgroup_baseline_relative[min_pos],AOD_star,0.7376640675371782,0.02655844573647911,0.907587118246792,0.06470255710866919,20
credit,abrupt_global_mag2.0,xgb,per_subgroup_baseline_relative[min_pos],BalAcc,-0.7363794549614269,0.025481593173602293,-0.9895977166221186,0.030804912890744853,20
credit,abrupt_global_mag2.0,xgb,per_subgroup_ewma[maj_neg],DI_star,0.5790638226078852,0.35544009669374993,0.6666083728379735,0.3922154245618313,20
credit,abrupt_global_mag2.0,xgb,per_subgroup_ewma[maj_neg],AOD_star,0.576988679216287,0.3562701435621974,0.6198914885713948,0.36870125701496437,20
credit,abrupt_global_mag2.0,xgb,per_subgroup_ewma[maj_neg],BalAcc,-0.5790638226078854,0.3597181246289974,-0.6716834796230401,0.39477740760356467,20
credit,abrupt_global_mag2.0,xgb,per_subgroup_baseline_relative[maj_neg],DI_star,0.2645710269312895,0.6249332631398129,0.622740112703715,0.4966058141023094,20
credit,abrupt_global_mag2.0,xgb,per_subgroup_baseline_relative[maj_neg],AOD_star,0.263989015537529,0.6269079903528691,0.5841245554175701,0.45978063781991874,20
credit,abrupt_global_mag2.0,xgb,per_subgroup_baseline_relative[maj_neg],BalAcc,-0.26149373929634984,0.6292508896499487,-0.6265114828239681,0.5021349481109665,20
credit,abrupt_global_mag2.0,xgb,per_subgroup_ewma[maj_pos],DI_star,0.7408261908005659,0.008107157536398795,0.8432086900280886,0.00624921389621748,20
credit,abrupt_global_mag2.0,xgb,per_subgroup_ewma[maj_pos],AOD_star,0.7432965996000875,0.009455439255296084,0.7777763220622519,0.04574905565715948,20
credit,abrupt_global_mag2.0,xgb,per_subgroup_ewma[maj_pos],BalAcc,-0.7403321090406616,0.009889537346649123,-0.8485695782437072,0.001975507648837198,20
credit,abrupt_global_mag2.0,xgb,per_subgroup_baseline_relative[maj_pos],DI_star,0.7424072524322598,0.007686743572879186,0.9902762635656757,0.007255514670488885,20
credit,abrupt_global_mag2.0,xgb,per_subgroup_baseline_relative[maj_pos],AOD_star,0.7458658247515901,0.008623673087822399,0.9136631803222788,0.05334201154528453,20
credit,abrupt_global_mag2.0,xgb,per_subgroup_baseline_relative[maj_pos],BalAcc,-0.741419088912451,0.010702773491671277,-0.9964835629634707,0.0022699019375669897,20
credit,variance_group_mag1.5,lr,global_mean,DI_star,0.1911278195488722,0.21722943101612016,0.19512196109049093,0.23778448343553843,20
credit,variance_group_mag1.5,lr,global_mean,AOD_star,0.19766917293233083,0.21975707246222528,0.1968952115771088,0.2310534368348987,20
credit,variance_group_mag1.5,lr,global_mean,BalAcc,-0.003909774436090224,0.11276130136702768,-0.013826208715994293,0.14322466233777592,20
credit,variance_group_mag1.5,lr,global_ewma,DI_star,0.19165413533834588,0.2274912520783487,0.19080577811232985,0.22985297939726226,20
credit,variance_group_mag1.5,lr,global_ewma,AOD_star,0.18248120300751877,0.23134509968284753,0.19139409515880743,0.24163376041833295,20
credit,variance_group_mag1.5,lr,global_ewma,BalAcc,-0.002481203007518795,0.1318765913849215,-0.020830694157232547,0.134416802286179,20
credit,variance_group_mag1.5,lr,global_std,DI_star,0.17962406015037594,0.22727992618841364,0.1909527465043258,0.20995635216018288,20
credit,variance_group_mag1.5,lr,global_std,AOD_star,0.18684210526315786,0.21988535087140787,0.2040380086370331,0.23423087557527317,20
credit,variance_group_mag1.5,lr,global_std,BalAcc,0.011578947368421048,0.11574366831514156,-0.0025327656655544685,0.13255870835502137,20
credit,variance_group_mag1.5,lr,subgroup_violation_diff,DI_star,0.09293233082706766,0.2801990844696764,0.09932831706487065,0.2987868065466509,20
credit,variance_group_mag1.5,lr,subgroup_violation_diff,AOD_star,0.04766917293233083,0.3019903448013096,0.037979836377504024,0.28707067035176925,20
credit,variance_group_mag1.5,lr,subgroup_violation_diff,BalAcc,0.012781954887218042,0.1642284960836156,0.02336722449605714,0.17484496857099882,20
credit,variance_group_mag1.5,lr,max_subgroup_deviation,DI_star,0.14203007518796987,0.22117866337114472,0.15640448266225807,0.23810941104869268,20
credit,variance_group_mag1.5,lr,max_subgroup_deviation,AOD_star,0.1734586466165413,0.25003466320832085,0.18267468427473602,0.24968454602911003,20
credit,variance_group_mag1.5,lr,max_subgroup_deviation,BalAcc,-0.013909774436090223,0.13942037365534957,-0.01840317068006434,0.16557657588944083,20
credit,variance_group_mag1.5,lr,assignment_proportion_drift,DI_star,0.1658145781996893,0.1964810488282316,0.18204171730357857,0.23341254885101353,20
credit,variance_group_mag1.5,lr,assignment_proportion_drift,AOD_star,0.11618305166982432,0.26004299101201184,0.12951910010886425,0.2498300234044771,20
credit,variance_group_mag1.5,lr,assignment_proportion_drift,BalAcc,-0.006392496048225461,0.181029270953959,-0.02409017926338784,0.20025017889907457,20
credit,variance_group_mag1.5,lr,ks_statistic,DI_star,0.18706766917293233,0.25712984181984644,0.17408371502682188,0.2426834100542435,20
credit,variance_group_mag1.5,lr,ks_statistic,AOD_star,0.1489473684210526,0.2579438235579752,0.1384946378869602,0.2523141078437916,20
credit,variance_group_mag1.5,lr,ks_statistic,BalAcc,-0.06436090225563909,0.1469616912929061,-0.04210837724258533,0.19835330538891546,20
credit,variance_group_mag1.5,lr,kl_divergence,DI_star,0.2127067669172932,0.20694017348144703,0.1482826423948158,0.2118541186074541,20
credit,variance_group_mag1.5,lr,kl_divergence,AOD_star,0.14992481203007518,0.2111982295891274,0.1289785111447913,0.2141588204676954,20
credit,variance_group_mag1.5,lr,kl_divergence,BalAcc,-0.01947368421052631,0.12322156772067341,-0.04252570916950649,0.20567548303433303,20
credit,variance_group_mag1.5,lr,per_subgroup_ewma[min_neg],DI_star,0.155614160000787,0.24550514804287218,0.14376199252328084,0.24791797355234593,20
credit,variance_group_mag1.5,lr,per_subgroup_ewma[min_neg],AOD_star,0.15294019325188551,0.25203902084056856,0.16164907361954453,0.2418203925020546,20
credit,variance_group_mag1.5,lr,per_subgroup_ewma[min_neg],BalAcc,-0.010225761884500063,0.23062816270559777,0.012082345398182344,0.2160460151973655,20
credit,variance_group_mag1.5,lr,per_subgroup_baseline_relative[min_neg],DI_star,0.15568055635875883,0.22428429847293374,0.15313031474530972,0.22684721625284499,20
credit,variance_group_mag1.5,lr,per_subgroup_baseline_relative[min_neg],AOD_star,0.08501939959857452,0.2322674760794471,0.15069420749780277,0.18316800313483342,20
credit,variance_group_mag1.5,lr,per_subgroup_baseline_relative[min_neg],BalAcc,0.010437909822134292,0.22301238127299344,0.03681935047193321,0.18947152767992423,20
credit,variance_group_mag1.5,lr,per_subgroup_ewma[min_pos],DI_star,0.22172932330827066,0.2335234615147801,0.22931816157495755,0.2231443974304642,20
credit,variance_group_mag1.5,lr,per_subgroup_ewma[min_pos],AOD_star,0.19729323308270677,0.24770966247593,0.2114744348187343,0.24443248671591872,20
credit,variance_group_mag1.5,lr,per_subgroup_ewma[min_pos],BalAcc,-0.0008270676691729331,0.15316693769650191,-0.008293492569801605,0.18176703101422328,20
credit,variance_group_mag1.5,lr,per_subgroup_baseline_relative[min_pos],DI_star,0.18669172932330827,0.24648964046617222,0.19167459697412373,0.269305927695941,20
credit,variance_group_mag1.5,lr,per_subgroup_baseline_relative[min_pos],AOD_star,0.17368421052631575,0.2154738201144838,0.1697283642211566,0.21648520232253407,20
credit,variance_group_mag1.5,lr,per_subgroup_baseline_relative[min_pos],BalAcc,-0.0003759398496240546,0.15782230705374017,0.01305747399812025,0.1736926603052996,20
credit,variance_group_mag1.5,lr,per_subgroup_ewma[maj_neg],DI_star,0.05969924812030074,0.22647340451140502,0.058416668206254276,0.17939331614428292,20
credit,variance_group_mag1.5,lr,per_subgroup_ewma[maj_neg],AOD_star,0.01962406015037594,0.22618234769029483,0.03183901658761662,0.2196587742453651,20
credit,variance_group_mag1.5,lr,per_subgroup_ewma[maj_neg],BalAcc,0.06586466165413532,0.20067307174383098,0.08272569018820178,0.17075004617863712,20
credit,variance_group_mag1.5,lr,per_subgroup_baseline_relative[maj_neg],DI_star,0.07533834586466166,0.2206281536454866,0.06401542595112611,0.20109105685732817,20
credit,variance_group_mag1.5,lr,per_subgroup_baseline_relative[maj_neg],AOD_star,-0.026766917293233085,0.16338648620594176,-0.014622423859083637,0.15065652377412178,20
credit,variance_group_mag1.5,lr,per_subgroup_baseline_relative[maj_neg],BalAcc,0.05263157894736842,0.2101457354861781,0.08392767443305468,0.21029769616607583,20
credit,variance_group_mag1.5,lr,per_subgroup_ewma[maj_pos],DI_star,0.19255639097744356,0.22596129156510594,0.17827098380305723,0.23278724895114644,20
credit,variance_group_mag1.5,lr,per_subgroup_ewma[maj_pos],AOD_star,0.18541353383458642,0.22898216953424727,0.18383693296398382,0.2321877718263768,20
credit,variance_group_mag1.5,lr,per_subgroup_ewma[maj_pos],BalAcc,-0.007593984962406012,0.12878316557992187,-0.011039716627047533,0.11914275642571305,20
credit,variance_group_mag1.5,lr,per_subgroup_baseline_relative[maj_pos],DI_star,0.157593984962406,0.23540852685328847,0.16249923670739325,0.24464442850914148,20
credit,variance_group_mag1.5,lr,per_subgroup_baseline_relative[maj_pos],AOD_star,0.17646616541353383,0.22277690508107778,0.1813445010965411,0.22750140138688588,20
credit,variance_group_mag1.5,lr,per_subgroup_baseline_relative[maj_pos],BalAcc,0.007142857142857143,0.14492049670296256,-0.011545334704997964,0.16538889088158368,20
credit,variance_group_mag1.5,xgb,global_mean,DI_star,-0.3240601503759398,0.21092363152766805,-0.29228384367084315,0.18605186341659644,20
credit,variance_group_mag1.5,xgb,global_mean,AOD_star,-0.5174436090225563,0.1474665163772036,-0.5159781001556947,0.1310887398440118,20
credit,variance_group_mag1.5,xgb,global_mean,BalAcc,-0.2809022556390977,0.15950528413263698,-0.3056546546287913,0.14683047487709222,20
credit,variance_group_mag1.5,xgb,global_ewma,DI_star,-0.33999999999999997,0.21074580395159528,-0.37644152667185515,0.17623971904719093,20
credit,variance_group_mag1.5,xgb,global_ewma,AOD_star,-0.5442857142857143,0.12826060569196124,-0.5434124505590725,0.13219240227276113,20
credit,variance_group_mag1.5,xgb,global_ewma,BalAcc,-0.2798496240601504,0.16948102271773857,-0.2712206019366213,0.15321515798826163,20
credit,variance_group_mag1.5,xgb,global_std,DI_star,-0.3309774436090225,0.20107624944930697,-0.36705567852426174,0.17068355945549565,20
credit,variance_group_mag1.5,xgb,global_std,AOD_star,-0.5393233082706766,0.14561584467793143,-0.5349739414083808,0.1351554263636065,20
credit,variance_group_mag1.5,xgb,global_std,BalAcc,-0.26804511278195486,0.168916346770986,-0.2697908061137192,0.15191970048957293,20
credit,variance_group_mag1.5,xgb,subgroup_violation_diff,DI_star,-0.04721804511278196,0.34895688626848015,-0.03500798951364824,0.35280426832899614,20
credit,variance_group_mag1.5,xgb,subgroup_violation_diff,AOD_star,-0.10278195488721806,0.4488240109668787,-0.08920989355048362,0.4760227598787513,20
credit,variance_group_mag1.5,xgb,subgroup_violation_diff,BalAcc,-0.01691729323308271,0.2810625981328635,-0.03202848904063943,0.2717264738675779,20
credit,variance_group_mag1.5,xgb,max_subgroup_deviation,DI_star,-0.3142857142857142,0.20471407459579063,-0.3174575808443395,0.20127203114244901,20
credit,variance_group_mag1.5,xgb,max_subgroup_deviation,AOD_star,-0.49526315789473685,0.12210885120103311,-0.5031505997295075,0.1244127975177325,20
credit,variance_group_mag1.5,xgb,max_subgroup_deviation,BalAcc,-0.2896240601503759,0.16481463693674028,-0.2925321358295418,0.13622616090418777,20
credit,variance_group_mag1.5,xgb,assignment_proportion_drift,DI_star,-0.040555632156298635,0.23410003791656334,0.029368038474797804,0.18471600180428896,20
credit,variance_group_mag1.5,xgb,assignment_proportion_drift,AOD_star,-0.20819581406631266,0.19154241548266487,-0.26668654363357286,0.1523164688692421,20
credit,variance_group_mag1.5,xgb,assignment_proportion_drift,BalAcc,-0.16390623531494503,0.1485002137263172,-0.2535881797000032,0.1618933426197233,20
credit,variance_group_mag1.5,xgb,ks_statistic,DI_star,-0.35766917293233086,0.18925472191042134,-0.10853449311016397,0.17434896547854897,20
credit,variance_group_mag1.5,xgb,ks_statistic,AOD_star,-0.5145112781954886,0.15885086449488295,-0.40381965657509733,0.13652635008422914,20
credit,variance_group_mag1.5,xgb,ks_statistic,BalAcc,-0.30932330827067667,0.19039286529900243,-0.3175173235304944,0.17032868195317008,20
credit,variance_group_mag1.5,xgb,kl_divergence,DI_star,-0.20646616541353385,0.2116549232747523,-0.265373192334883,0.16712537791427973,20
credit,variance_group_mag1.5,xgb,kl_divergence,AOD_star,-0.4095488721804511,0.21677633188488174,-0.3427719223209621,0.18436946858193495,20
credit,variance_group_mag1.5,xgb,kl_divergence,BalAcc,-0.24804511278195482,0.2014344370713172,-0.15560460895055456,0.20123058336689287,20
credit,variance_group_mag1.5,xgb,per_subgroup_ewma[min_neg],DI_star,-0.05485108058848894,0.2647971116059878,-0.1131679982732002,0.23884643431842775,20
credit,variance_group_mag1.5,xgb,per_subgroup_ewma[min_neg],AOD_star,-0.14730084096859167,0.3669159951712965,-0.13804737668076786,0.34940053038085656,20
credit,variance_group_mag1.5,xgb,per_subgroup_ewma[min_neg],BalAcc,-0.019066216887175226,0.2728572800193301,-0.024674855923780263,0.24319841144364118,20
credit,variance_group_mag1.5,xgb,per_subgroup_baseline_relative[min_neg],DI_star,-0.09222896402414414,0.1969134685504945,-0.1218247376704881,0.17402939778124682,20
credit,variance_group_mag1.5,xgb,per_subgroup_baseline_relative[min_neg],AOD_star,-0.20956817669591957,0.23823677672539326,-0.17256969443493864,0.21863073772103517,20
credit,variance_group_mag1.5,xgb,per_subgroup_baseline_relative[min_neg],BalAcc,-0.10312425967598586,0.22487352962332724,-0.07246298868881629,0.1955291711482598,20
credit,variance_group_mag1.5,xgb,per_subgroup_ewma[min_pos],DI_star,-0.2968421052631579,0.23381374565638022,-0.3186021767348447,0.20408840747597826,20
credit,variance_group_mag1.5,xgb,per_subgroup_ewma[min_pos],AOD_star,-0.48699248120300753,0.1706871415435702,-0.4695445212108257,0.14130981720385088,20
credit,variance_group_mag1.5,xgb,per_subgroup_ewma[min_pos],BalAcc,-0.27030075187969926,0.15850357018905717,-0.25182506521319875,0.15957770671151175,20
credit,variance_group_mag1.5,xgb,per_subgroup_baseline_relative[min_pos],DI_star,-0.23270676691729325,0.26890475782860257,-0.2296616306012984,0.2340660867709373,20
credit,variance_group_mag1.5,xgb,per_subgroup_baseline_relative[min_pos],AOD_star,-0.3995488721804511,0.23866850390697494,-0.38556062976249106,0.24246023753135493,20
credit,variance_group_mag1.5,xgb,per_subgroup_baseline_relative[min_pos],BalAcc,-0.25571428571428567,0.19110556060230172,-0.24422594021283875,0.17620938785652254,20
credit,variance_group_mag1.5,xgb,per_subgroup_ewma[maj_neg],DI_star,-0.04075187969924812,0.32585355848833797,-0.08632182508219363,0.2996139409599433,20
credit,variance_group_mag1.5,xgb,per_subgroup_ewma[maj_neg],AOD_star,-0.13436090225563907,0.37489064868789096,-0.13849597673995095,0.37538210182239096,20
credit,variance_group_mag1.5,xgb,per_subgroup_ewma[maj_neg],BalAcc,-0.11939849624060148,0.25190299521940734,-0.10253972318600393,0.21871694602361888,20
credit,variance_group_mag1.5,xgb,per_subgroup_baseline_relative[maj_neg],DI_star,0.05661654135338347,0.18538692953184688,0.01773992420102004,0.20187302804825835,20
credit,variance_group_mag1.5,xgb,per_subgroup_baseline_relative[maj_neg],AOD_star,-0.025413533834586454,0.22695406210423652,-0.0328861811522165,0.20814763357522534,20
credit,variance_group_mag1.5,xgb,per_subgroup_baseline_relative[maj_neg],BalAcc,-0.06187969924812029,0.14209871886908151,-0.05016722846192749,0.12636509088676803,20
credit,variance_group_mag1.5,xgb,per_subgroup_ewma[maj_pos],DI_star,-0.3415037593984963,0.21020754599176963,-0.3879316882381102,0.16289253926667915,20
credit,variance_group_mag1.5,xgb,per_subgroup_ewma[maj_pos],AOD_star,-0.540451127819549,0.13689778260858612,-0.5475120058459855,0.1292562045206321,20
credit,variance_group_mag1.5,xgb,per_subgroup_ewma[maj_pos],BalAcc,-0.2816541353383459,0.17612040089976197,-0.27040687162226124,0.15181358324995103,20
credit,variance_group_mag1.5,xgb,per_subgroup_baseline_relative[maj_pos],DI_star,-0.29368421052631577,0.22418026754563372,-0.2968899488407225,0.21745160629247282,20
credit,variance_group_mag1.5,xgb,per_subgroup_baseline_relative[maj_pos],AOD_star,-0.4902255639097744,0.1274820843733321,-0.4974207098625939,0.11744148875090349,20
credit,variance_group_mag1.5,xgb,per_subgroup_baseline_relative[maj_pos],BalAcc,-0.2842105263157894,0.16595536685065057,-0.2988625602717183,0.14159309532051773,20
credit,variance_group_mag2.0,lr,global_mean,DI_star,0.2886466165413533,0.2360851850426917,0.2962088023600173,0.24046924896984295,20
credit,variance_group_mag2.0,lr,global_mean,AOD_star,0.29082706766917293,0.22192778529239449,0.29417701895185,0.23284284939904995,20
credit,variance_group_mag2.0,lr,global_mean,BalAcc,-0.011353383458646612,0.12187547825876523,-0.038929454581545016,0.15316915660087027,20
credit,variance_group_mag2.0,lr,global_ewma,DI_star,0.29984962406015037,0.240160027301224,0.30124918445674204,0.23329442869202713,20
credit,variance_group_mag2.0,lr,global_ewma,AOD_star,0.2944360902255639,0.23082368785946175,0.3062623004511099,0.23882208997909046,20
credit,variance_group_mag2.0,lr,global_ewma,BalAcc,0.004736842105263159,0.1312018441467693,-0.025320142525121138,0.13599583353636616,20
credit,variance_group_mag2.0,lr,global_std,DI_star,0.2949624060150376,0.23257391716032574,0.30168610097276183,0.23186155389435503,20
credit,variance_group_mag2.0,lr,global_std,AOD_star,0.2974436090225564,0.23200263945896205,0.3026488895733525,0.2425428169424746,20
credit,variance_group_mag2.0,lr,global_std,BalAcc,0.00924812030075188,0.11656344685074517,-0.028732507206021808,0.14194707572533286,20
credit,variance_group_mag2.0,lr,subgroup_violation_diff,DI_star,0.11654135338345865,0.2444742362974877,0.11569568496518612,0.24841195474593805,20
credit,variance_group_mag2.0,lr,subgroup_violation_diff,AOD_star,0.11225563909774434,0.19402183889158475,0.11660958294483521,0.20766728003706908,20
credit,variance_group_mag2.0,lr,subgroup_violation_diff,BalAcc,-0.029699248120300753,0.17793920531797094,-0.02688285627357929,0.18605738403863106,20
credit,variance_group_mag2.0,lr,max_subgroup_deviation,DI_star,0.2718796992481203,0.2361020063149529,0.2780800373355806,0.25026715006656775,20
credit,variance_group_mag2.0,lr,max_subgroup_deviation,AOD_star,0.26601503759398504,0.23813534024503039,0.2684508480377002,0.23717570383477551,20
credit,variance_group_mag2.0,lr,max_subgroup_deviation,BalAcc,-0.02481203007518797,0.13461250640676947,-0.05918633789715416,0.15937111802748555,20
credit,variance_group_mag2.0,lr,assignment_proportion_drift,DI_star,0.19129912424543122,0.18482529305198567,0.24366773257966218,0.20874236410517505,20
credit,variance_group_mag2.0,lr,assignment_proportion_drift,AOD_star,0.16322276681078593,0.17765873798130463,0.20830680866639045,0.19513184514557355,20
credit,variance_group_mag2.0,lr,assignment_proportion_drift,BalAcc,-0.015748839373104517,0.2187781534382283,-0.03686652862940913,0.21020494688484107,20
credit,variance_group_mag2.0,lr,ks_statistic,DI_star,0.26052631578947366,0.27967372953360753,0.2566857270524329,0.2373345040534724,20
credit,variance_group_mag2.0,lr,ks_statistic,AOD_star,0.2587218045112782,0.24086755731826212,0.24915073415995534,0.22972615031305868,20
credit,variance_group_mag2.0,lr,ks_statistic,BalAcc,-0.06421052631578947,0.16069489836015377,-0.050189035343346934,0.2004455902938597,20
credit,variance_group_mag2.0,lr,kl_divergence,DI_star,0.27924812030075186,0.23962164194962146,0.2658061937600993,0.20621868325004694,20
credit,variance_group_mag2.0,lr,kl_divergence,AOD_star,0.2645864661654135,0.2336439882745248,0.24716905227798186,0.24293628653429433,20
credit,variance_group_mag2.0,lr,kl_divergence,BalAcc,-0.00827067669172932,0.14903575732673605,-0.04840011958190355,0.17023331475467493,20
credit,variance_group_mag2.0,lr,per_subgroup_ewma[min_neg],DI_star,0.3155778811336448,0.21024906119934336,0.30579588977199773,0.22624281496810245,20
credit,variance_group_mag2.0,lr,per_subgroup_ewma[min_neg],AOD_star,0.29531340812108775,0.23958526151752169,0.3103416379178001,0.2283385758166711,20
credit,variance_group_mag2.0,lr,per_subgroup_ewma[min_neg],BalAcc,0.040377155980081514,0.1814256494771446,0.029706654111296343,0.1507506635339788,20
credit,variance_group_mag2.0,lr,per_subgroup_baseline_relative[min_neg],DI_star,0.23440636568138878,0.273501411460165,0.23998329281118708,0.25612105100983695,20
credit,variance_group_mag2.0,lr,per_subgroup_baseline_relative[min_neg],AOD_star,0.22603486137291734,0.24937931044953504,0.21195436828895525,0.23421581771330519,20
credit,variance_group_mag2.0,lr,per_subgroup_baseline_relative[min_neg],BalAcc,0.06222253791993013,0.19099105932486693,0.04281311139575385,0.20140398955962008,20
credit,variance_group_mag2.0,lr,per_subgroup_ewma[min_pos],DI_star,0.3231578947368422,0.2508052045068489,0.3159464022193007,0.22067348504958878,20
credit,variance_group_mag2.0,lr,per_subgroup_ewma[min_pos],AOD_star,0.3130827067669173,0.22021815793706515,0.30999889038702555,0.21752669776070008,20
credit,variance_group_mag2.0,lr,per_subgroup_ewma[min_pos],BalAcc,-0.014887218045112782,0.1470718974744658,-0.019795444576825104,0.12531782556288915,20
credit,variance_group_mag2.0,lr,per_subgroup_baseline_relative[min_pos],DI_star,0.23992481203007515,0.23442035520412213,0.25359614318516427,0.24479694770463448,20
credit,variance_group_mag2.0,lr,per_subgroup_baseline_relative[min_pos],AOD_star,0.2677443609022556,0.22459565366045722,0.27259563286799404,0.21614488422638706,20
credit,variance_group_mag2.0,lr,per_subgroup_baseline_relative[min_pos],BalAcc,-0.01052631578947368,0.12784519866479369,-0.0317374931271292,0.14458565997825512,20
credit,variance_group_mag2.0,lr,per_subgroup_ewma[maj_neg],DI_star,0.1838345864661654,0.24207951808195638,0.21591142519572162,0.21670212316897353,20
credit,variance_group_mag2.0,lr,per_subgroup_ewma[maj_neg],AOD_star,0.14714285714285713,0.24777614546185744,0.20179161144920804,0.23574239754765874,20
credit,variance_group_mag2.0,lr,per_subgroup_ewma[maj_neg],BalAcc,0.0600751879699248,0.16894352030578136,0.09126918862701244,0.1486058655285333,20
credit,variance_group_mag2.0,lr,per_subgroup_baseline_relative[maj_neg],DI_star,0.14503759398496235,0.1860956025652879,0.18045465237724476,0.18155726812604883,20
credit,variance_group_mag2.0,lr,per_subgroup_baseline_relative[maj_neg],AOD_star,0.10090225563909772,0.1734590865976019,0.12683390136052558,0.19282683923192662,20
credit,variance_group_mag2.0,lr,per_subgroup_baseline_relative[maj_neg],BalAcc,0.06894736842105262,0.22888693845496116,0.08234150994194037,0.22040691740688828,20
credit,variance_group_mag2.0,lr,per_subgroup_ewma[maj_pos],DI_star,0.29052631578947363,0.24345609234845045,0.28718805576125245,0.24381736250567648,20
credit,variance_group_mag2.0,lr,per_subgroup_ewma[maj_pos],AOD_star,0.2969924812030075,0.2324081920973772,0.3018793294152106,0.2455039380497565,20
credit,variance_group_mag2.0,lr,per_subgroup_ewma[maj_pos],BalAcc,-0.0017293233082706749,0.12988884475004991,-0.03275242927026526,0.15569749519090947,20
credit,variance_group_mag2.0,lr,per_subgroup_baseline_relative[maj_pos],DI_star,0.2880451127819549,0.24376421075711646,0.28110331072184247,0.24051120098654083,20
credit,variance_group_mag2.0,lr,per_subgroup_baseline_relative[maj_pos],AOD_star,0.272406015037594,0.2644839949681722,0.2751343142261421,0.24720655860175,20
credit,variance_group_mag2.0,lr,per_subgroup_baseline_relative[maj_pos],BalAcc,-0.00368421052631579,0.16840324489637234,-0.042264892162805094,0.18044642356190013,20
credit,variance_group_mag2.0,xgb,global_mean,DI_star,-0.27842105263157896,0.18543205549331904,-0.30194701252116396,0.19498351524759577,20
credit,variance_group_mag2.0,xgb,global_mean,AOD_star,-0.43984962406015027,0.1486399799234226,-0.507860575617493,0.13521501403842326,20
credit,variance_group_mag2.0,xgb,global_mean,BalAcc,-0.26751879699248116,0.16413786984983753,-0.2944146160754259,0.14097713425972558,20
credit,variance_group_mag2.0,xgb,global_ewma,DI_star,-0.2889473684210526,0.18719375087715934,-0.3327289558011766,0.16761070201545059,20
credit,variance_group_mag2.0,xgb,global_ewma,AOD_star,-0.45999999999999996,0.13738379113242097,-0.4829248457152266,0.13834196479729113,20
credit,variance_group_mag2.0,xgb,global_ewma,BalAcc,-0.25518796992481196,0.16441124915933472,-0.23846426544151264,0.15299240247946552,20
credit,variance_group_mag2.0,xgb,global_std,DI_star,-0.2796992481203007,0.18143902515306184,-0.3384777341360926,0.17434650201327415,20
credit,variance_group_mag2.0,xgb,global_std,AOD_star,-0.4509774436090225,0.150146366112248,-0.5027214610805919,0.136509023613725,20
credit,variance_group_mag2.0,xgb,global_std,BalAcc,-0.24646616541353383,0.17141069686524937,-0.2553029457372646,0.14259285121976642,20
credit,variance_group_mag2.0,xgb,subgroup_violation_diff,DI_star,-0.21691729323308265,0.21603840662478924,-0.198671363940841,0.2404131364488076,20
credit,variance_group_mag2.0,xgb,subgroup_violation_diff,AOD_star,-0.24187969924812025,0.2911618676883554,-0.2567951986337932,0.3097125084410508,20
credit,variance_group_mag2.0,xgb,subgroup_violation_diff,BalAcc,-0.08240601503759398,0.2773458270544174,-0.07069852377431377,0.2855235464583634,20
credit,variance_group_mag2.0,xgb,max_subgroup_deviation,DI_star,-0.2636842105263158,0.1756860034957184,-0.2887976299592606,0.19457437254094684,20
credit,variance_group_mag2.0,xgb,max_subgroup_deviation,AOD_star,-0.4234586466165413,0.1294416314799889,-0.482530365249522,0.12326497522953585,20
credit,variance_group_mag2.0,xgb,max_subgroup_deviation,BalAcc,-0.3136842105263158,0.17972938370020425,-0.3058998336210453,0.12338382946481337,20
credit,variance_group_mag2.0,xgb,assignment_proportion_drift,DI_star,-0.0743632213881393,0.28580531388934627,-0.0521307142426104,0.2337033142209418,20
credit,variance_group_mag2.0,xgb,assignment_proportion_drift,AOD_star,-0.21454784695552293,0.17093414126794956,-0.33040873232729073,0.15743518343249227,20
credit,variance_group_mag2.0,xgb,assignment_proportion_drift,BalAcc,-0.19653697672924658,0.17503512447806086,-0.2960088703314214,0.16727752061548334,20
credit,variance_group_mag2.0,xgb,ks_statistic,DI_star,-0.3202255639097744,0.1918377844478563,-0.18056413346942507,0.2178657041803584,20
credit,variance_group_mag2.0,xgb,ks_statistic,AOD_star,-0.45067669172932334,0.15444941410117588,-0.45872664338172536,0.1383427454123427,20
credit,variance_group_mag2.0,xgb,ks_statistic,BalAcc,-0.26067669172932334,0.17405147837245208,-0.32487265542299765,0.16548970339507701,20
credit,variance_group_mag2.0,xgb,kl_divergence,DI_star,-0.2554135338345865,0.19580095077410425,-0.27219222040321456,0.1437694458444452,20
credit,variance_group_mag2.0,xgb,kl_divergence,AOD_star,-0.3972932330827067,0.1875246455244379,-0.35919337710007126,0.18093144845574718,20
credit,variance_group_mag2.0,xgb,kl_divergence,BalAcc,-0.2452631578947368,0.20288712665147324,-0.20311399603116245,0.18586897427922294,20
credit,variance_group_mag2.0,xgb,per_subgroup_ewma[min_neg],DI_star,-0.2037972611611878,0.2108739977653285,-0.2176401964435403,0.17263502694347016,20
credit,variance_group_mag2.0,xgb,per_subgroup_ewma[min_neg],AOD_star,-0.33763659902076826,0.21982767916066728,-0.33775232274088274,0.21533448078687206,20
credit,variance_group_mag2.0,xgb,per_subgroup_ewma[min_neg],BalAcc,-0.15748667559457724,0.16292650706670697,-0.1308322057925158,0.16750556106271056,20
credit,variance_group_mag2.0,xgb,per_subgroup_baseline_relative[min_neg],DI_star,-0.1553663380343629,0.21755984699250608,-0.15079339111565768,0.17641632841765878,20
credit,variance_group_mag2.0,xgb,per_subgroup_baseline_relative[min_neg],AOD_star,-0.2825341129431343,0.1886633481234584,-0.2769866624980672,0.19755059994213117,20
credit,variance_group_mag2.0,xgb,per_subgroup_baseline_relative[min_neg],BalAcc,-0.1606811954304175,0.20779117695385513,-0.11873594658008255,0.19241978265783696,20
credit,variance_group_mag2.0,xgb,per_subgroup_ewma[min_pos],DI_star,-0.3033082706766917,0.1865268516333139,-0.327826046776518,0.1478814544967136,20
credit,variance_group_mag2.0,xgb,per_subgroup_ewma[min_pos],AOD_star,-0.4666917293233082,0.14041383076132913,-0.46825553902174094,0.15356310146018037,20
credit,variance_group_mag2.0,xgb,per_subgroup_ewma[min_pos],BalAcc,-0.25172932330827064,0.1826881391537533,-0.209674188965495,0.17088108089386644,20
credit,variance_group_mag2.0,xgb,per_subgroup_baseline_relative[min_pos],DI_star,-0.2751127819548872,0.19941033260778904,-0.33410736162007726,0.16783326242209243,20
credit,variance_group_mag2.0,xgb,per_subgroup_baseline_relative[min_pos],AOD_star,-0.42744360902255635,0.1576072391545137,-0.4892138839588207,0.1546936641006577,20
credit,variance_group_mag2.0,xgb,per_subgroup_baseline_relative[min_pos],BalAcc,-0.2424812030075188,0.20225305362128665,-0.23043590015180562,0.18120017223135787,20
credit,variance_group_mag2.0,xgb,per_subgroup_ewma[maj_neg],DI_star,-0.1312781954887218,0.19500408405411393,-0.1505838785778113,0.20203465739160736,20
credit,variance_group_mag2.0,xgb,per_subgroup_ewma[maj_neg],AOD_star,-0.22902255639097743,0.2530077310660607,-0.23343279590272087,0.24482334285423146,20
credit,variance_group_mag2.0,xgb,per_subgroup_ewma[maj_neg],BalAcc,-0.16413533834586463,0.21374461427932223,-0.13442220499402152,0.21084048088248597,20
credit,variance_group_mag2.0,xgb,per_subgroup_baseline_relative[maj_neg],DI_star,0.01864661654135338,0.12359072729250054,-0.02778002386474543,0.16029523242857607,20
credit,variance_group_mag2.0,xgb,per_subgroup_baseline_relative[maj_neg],AOD_star,-0.07060150375939848,0.23332535271934474,-0.10681739012364229,0.1996823801954539,20
credit,variance_group_mag2.0,xgb,per_subgroup_baseline_relative[maj_neg],BalAcc,-0.07120300751879699,0.18063353875636565,-0.07953331336253835,0.18538529863744796,20
credit,variance_group_mag2.0,xgb,per_subgroup_ewma[maj_pos],DI_star,-0.2836090225563909,0.19866955295518132,-0.3300112037620052,0.1744031658958234,20
credit,variance_group_mag2.0,xgb,per_subgroup_ewma[maj_pos],AOD_star,-0.4564661654135338,0.14441217369593007,-0.46987807236992785,0.12764671476660097,20
credit,variance_group_mag2.0,xgb,per_subgroup_ewma[maj_pos],BalAcc,-0.24939849624060145,0.17829747089685616,-0.23856830340415652,0.15371672747009799,20
credit,variance_group_mag2.0,xgb,per_subgroup_baseline_relative[maj_pos],DI_star,-0.23857142857142857,0.1911042590022727,-0.2608866488892829,0.19804212302347193,20
credit,variance_group_mag2.0,xgb,per_subgroup_baseline_relative[maj_pos],AOD_star,-0.4099248120300751,0.14876916007122515,-0.46129066037683525,0.12042217732928821,20
credit,variance_group_mag2.0,xgb,per_subgroup_baseline_relative[maj_pos],BalAcc,-0.29443609022556394,0.1734517208416886,-0.2943651966957335,0.13978899855455693,20
credit,variance_group_mag2.5,lr,global_mean,DI_star,0.38766917293233083,0.21651294717608113,0.38860617216720605,0.2119823373264684,20
credit,variance_group_mag2.5,lr,global_mean,AOD_star,0.41255639097744357,0.19294837279986202,0.400023159878344,0.2054669275611261,20
credit,variance_group_mag2.5,lr,global_mean,BalAcc,-0.03436090225563909,0.12633483118201858,-0.058231468669680986,0.14934627943219644,20
credit,variance_group_mag2.5,lr,global_ewma,DI_star,0.3952631578947368,0.2145302785900089,0.40685220636274844,0.20815343213615659,20
credit,variance_group_mag2.5,lr,global_ewma,AOD_star,0.42000000000000004,0.21046621053920397,0.4236497389424622,0.2150182423786606,20
credit,variance_group_mag2.5,lr,global_ewma,BalAcc,-0.015639097744360904,0.12865046157294485,-0.04290886376753082,0.13063275476870045,20
credit,variance_group_mag2.5,lr,global_std,DI_star,0.3977443609022556,0.20742697107529262,0.4037829182825424,0.2067578706277271,20
credit,variance_group_mag2.5,lr,global_std,AOD_star,0.41992481203007515,0.21175413975805812,0.4140324376331933,0.21384649874619063,20
credit,variance_group_mag2.5,lr,global_std,BalAcc,-0.009248120300751877,0.1175428950802347,-0.05082594967079242,0.13705459937840112,20
credit,variance_group_mag2.5,lr,subgroup_violation_diff,DI_star,0.007669172932330817,0.27035942140948166,-0.014226530060966192,0.264715118674158,20
credit,variance_group_mag2.5,lr,subgroup_violation_diff,AOD_star,0.029022556390977443,0.25505998092977616,0.005713298687498548,0.2542349636668442,20
credit,variance_group_mag2.5,lr,subgroup_violation_diff,BalAcc,-0.11383458646616543,0.1881587622883412,-0.10830144592424587,0.21916861024109466,20
credit,variance_group_mag2.5,lr,max_subgroup_deviation,DI_star,0.3810526315789472,0.1943607713674462,0.3881751126274742,0.19733938632824224,20
credit,variance_group_mag2.5,lr,max_subgroup_deviation,AOD_star,0.3997744360902255,0.19037990410297248,0.401773840373023,0.21026360114295906,20
credit,variance_group_mag2.5,lr,max_subgroup_deviation,BalAcc,-0.0450375939849624,0.17357805237979582,-0.06292944597869418,0.13992953817134834,20
credit,variance_group_mag2.5,lr,assignment_proportion_drift,DI_star,0.2524716561313732,0.23804845905809444,0.30746321824430994,0.20182173834628936,20
credit,variance_group_mag2.5,lr,assignment_proportion_drift,AOD_star,0.23640613777436367,0.2047829489003268,0.304104278277168,0.18957906424413215,20
credit,variance_group_mag2.5,lr,assignment_proportion_drift,BalAcc,-0.016480902401707034,0.18920218734058925,-0.04096201293422359,0.19644995634754828,20
credit,variance_group_mag2.5,lr,ks_statistic,DI_star,0.3327067669172932,0.24366697305714857,0.33275840615802066,0.20827950563424608,20
credit,variance_group_mag2.5,lr,ks_statistic,AOD_star,0.35360902255639093,0.21452922452067252,0.3468068104799202,0.20444918304043813,20
credit,variance_group_mag2.5,lr,ks_statistic,BalAcc,-0.10345864661654133,0.15729323308270676,-0.0670535067600392,0.1963370429637087,20
credit,variance_group_mag2.5,lr,kl_divergence,DI_star,0.3772932330827067,0.24103527627615015,0.3850560854019148,0.22158107997525,20
credit,variance_group_mag2.5,lr,kl_divergence,AOD_star,0.41548872180451124,0.20073813700814225,0.4249025860140761,0.2032925970836009,20
credit,variance_group_mag2.5,lr,kl_divergence,BalAcc,-0.02481203007518796,0.13465953407818,-0.04252417249473518,0.13839796680520958,20
credit,variance_group_mag2.5,lr,per_subgroup_ewma[min_neg],DI_star,0.3787360304094198,0.21019405074326894,0.4063203009998134,0.22013927195939326,20
credit,variance_group_mag2.5,lr,per_subgroup_ewma[min_neg],AOD_star,0.39369979396543325,0.22465358156087326,0.4144101734220584,0.2381290724603153,20
credit,variance_group_mag2.5,lr,per_subgroup_ewma[min_neg],BalAcc,0.003160015894616715,0.17780004788329606,-0.009377658742139236,0.1704955791963491,20
credit,variance_group_mag2.5,lr,per_subgroup_baseline_relative[min_neg],DI_star,0.2561139532513935,0.23707126612001447,0.24816776386486117,0.21092998233029334,20
credit,variance_group_mag2.5,lr,per_subgroup_baseline_relative[min_neg],AOD_star,0.26869896699521484,0.20996516333709642,0.22729398139150456,0.22665094965249732,20
credit,variance_group_mag2.5,lr,per_subgroup_baseline_relative[min_neg],BalAcc,-0.037285826828180615,0.20440280195232785,-0.06002243496772515,0.21814250698713974,20
credit,variance_group_mag2.5,lr,per_subgroup_ewma[min_pos],DI_star,0.3857142857142856,0.23269990394000023,0.38538000626433166,0.21894323947154826,20
credit,variance_group_mag2.5,lr,per_subgroup_ewma[min_pos],AOD_star,0.415187969924812,0.19821802101315805,0.40707682581892585,0.20701384728503183,20
credit,variance_group_mag2.5,lr,per_subgroup_ewma[min_pos],BalAcc,-0.028195488721804506,0.15388674249433612,-0.04459638321804096,0.13353248559537378,20
credit,variance_group_mag2.5,lr,per_subgroup_baseline_relative[min_pos],DI_star,0.28624060150375935,0.2527941094616455,0.285570982895403,0.2775711565211347,20
credit,variance_group_mag2.5,lr,per_subgroup_baseline_relative[min_pos],AOD_star,0.3017293233082707,0.23592459828892037,0.31674892773636787,0.24587636971993967,20
credit,variance_group_mag2.5,lr,per_subgroup_baseline_relative[min_pos],BalAcc,-0.059849624060150375,0.196012369801677,-0.06510051904416983,0.20522501554506345,20
credit,variance_group_mag2.5,lr,per_subgroup_ewma[maj_neg],DI_star,0.26533834586466165,0.25820843938251364,0.2919704954800415,0.2677159166822372,20
credit,variance_group_mag2.5,lr,per_subgroup_ewma[maj_neg],AOD_star,0.2700751879699248,0.28011788542682187,0.2884932375689054,0.27457075112245394,20
credit,variance_group_mag2.5,lr,per_subgroup_ewma[maj_neg],BalAcc,0.04609022556390977,0.1764181372471495,0.05098083931137738,0.18005152245337108,20
credit,variance_group_mag2.5,lr,per_subgroup_baseline_relative[maj_neg],DI_star,0.1606766917293233,0.20541885912140756,0.18177384812284064,0.1806980709042684,20
credit,variance_group_mag2.5,lr,per_subgroup_baseline_relative[maj_neg],AOD_star,0.10977443609022555,0.19016463109217727,0.1247019203834705,0.1637663939898004,20
credit,variance_group_mag2.5,lr,per_subgroup_baseline_relative[maj_neg],BalAcc,0.03210526315789473,0.1958800449993427,0.060154515227517455,0.19407042596360818,20
credit,variance_group_mag2.5,lr,per_subgroup_ewma[maj_pos],DI_star,0.3895488721804511,0.21769506514228293,0.41160748668767777,0.2022871653574434,20
credit,variance_group_mag2.5,lr,per_subgroup_ewma[maj_pos],AOD_star,0.41977443609022547,0.21215922851506247,0.4302330665647568,0.21057623384592292,20
credit,variance_group_mag2.5,lr,per_subgroup_ewma[maj_pos],BalAcc,-0.023759398496240595,0.13031062182507874,-0.03963348099220244,0.14472368906829344,20
credit,variance_group_mag2.5,lr,per_subgroup_baseline_relative[maj_pos],DI_star,0.37323308270676697,0.21917704635094734,0.40124209292878577,0.18061983703030393,20
credit,variance_group_mag2.5,lr,per_subgroup_baseline_relative[maj_pos],AOD_star,0.3954135338345865,0.20926824690650475,0.41561272776623587,0.18947507640209305,20
credit,variance_group_mag2.5,lr,per_subgroup_baseline_relative[maj_pos],BalAcc,-0.011203007518796985,0.17599798217047713,-0.03191067935172993,0.15851159701401668,20
credit,variance_group_mag2.5,xgb,global_mean,DI_star,-0.24150375939849625,0.1787358325112962,-0.2663257031103196,0.1970869096518518,20
credit,variance_group_mag2.5,xgb,global_mean,AOD_star,-0.39759398496240594,0.16389832339113342,-0.4791813117486184,0.14094648187093703,20
credit,variance_group_mag2.5,xgb,global_mean,BalAcc,-0.2373684210526316,0.15252618680680285,-0.2880791018077971,0.13420659850568206,20
credit,variance_group_mag2.5,xgb,global_ewma,DI_star,-0.24586466165413529,0.18458945222153275,-0.272477846416055,0.1754633629184305,20
credit,variance_group_mag2.5,xgb,global_ewma,AOD_star,-0.4178947368421052,0.14787002251350162,-0.43418977330498904,0.1489206461041129,20
credit,variance_group_mag2.5,xgb,global_ewma,BalAcc,-0.23195488721804508,0.15418548606561755,-0.22069398500460985,0.14983967389328834,20
credit,variance_group_mag2.5,xgb,global_std,DI_star,-0.24706766917293232,0.1752141708116978,-0.27763945498053083,0.1766191360006937,20
credit,variance_group_mag2.5,xgb,global_std,AOD_star,-0.4195488721804511,0.154154042510834,-0.45604524770674437,0.14715699580320332,20
credit,variance_group_mag2.5,xgb,global_std,BalAcc,-0.22646616541353376,0.1601425392554722,-0.2485436546209538,0.1361065181431916,20
credit,variance_group_mag2.5,xgb,subgroup_violation_diff,DI_star,-0.13218045112781954,0.22428958329471127,-0.11844185846766415,0.25336802167996336,20
credit,variance_group_mag2.5,xgb,subgroup_violation_diff,AOD_star,-0.11210526315789475,0.31877836340803367,-0.12939319683309022,0.32979876170871597,20
credit,variance_group_mag2.5,xgb,subgroup_violation_diff,BalAcc,-0.04902255639097745,0.24520059315507367,-0.039361407963057995,0.267308257655721,20
credit,variance_group_mag2.5,xgb,max_subgroup_deviation,DI_star,-0.23721804511278194,0.1670918784866033,-0.24368050660358326,0.18967157552475197,20
credit,variance_group_mag2.5,xgb,max_subgroup_deviation,AOD_star,-0.40255639097744356,0.1384456162119715,-0.46558062768562547,0.13099756797893067,20
credit,variance_group_mag2.5,xgb,max_subgroup_deviation,BalAcc,-0.2849624060150376,0.17013992638497727,-0.2917167167744544,0.13449923439653505,20
credit,variance_group_mag2.5,xgb,assignment_proportion_drift,DI_star,-0.10405002516457744,0.254127614609296,-0.12423682078613589,0.26376238763274945,20
credit,variance_group_mag2.5,xgb,assignment_proportion_drift,AOD_star,-0.28469300902062666,0.16725118838577965,-0.40379596685829167,0.15730039217081612,20
credit,variance_group_mag2.5,xgb,assignment_proportion_drift,BalAcc,-0.18949106253052667,0.20201295501453034,-0.30488643478184607,0.17852127047015556,20
credit,variance_group_mag2.5,xgb,ks_statistic,DI_star,-0.28496240601503764,0.17590289439019371,-0.21358566444655036,0.2307455831295547,20
credit,variance_group_mag2.5,xgb,ks_statistic,AOD_star,-0.4084962406015037,0.17672101820919672,-0.48726389793359,0.1305149879637146,20
credit,variance_group_mag2.5,xgb,ks_statistic,BalAcc,-0.24954887218045113,0.15931795028371726,-0.3295068366816324,0.1660757605701558,20
credit,variance_group_mag2.5,xgb,kl_divergence,DI_star,-0.21090225563909773,0.19383503852674525,-0.22602545679124392,0.16038214243083204,20
credit,variance_group_mag2.5,xgb,kl_divergence,AOD_star,-0.37421052631578944,0.17007330992228747,-0.37429232620160174,0.16889494614558084,20
credit,variance_group_mag2.5,xgb,kl_divergence,BalAcc,-0.22661654135338344,0.1496887304983773,-0.17665287536590352,0.15496526958107704,20
credit,variance_group_mag2.5,xgb,per_subgroup_ewma[min_neg],DI_star,-0.18349452953423226,0.19441682577195923,-0.1914152495337012,0.17434809932912557,20
credit,variance_group_mag2.5,xgb,per_subgroup_ewma[min_neg],AOD_star,-0.29252378878377744,0.20980336348859047,-0.324921820420465,0.20307852088299155,20
credit,variance_group_mag2.5,xgb,per_subgroup_ewma[min_neg],BalAcc,-0.14643328039883105,0.1662242945816908,-0.13551935465576467,0.1637999524401407,20
credit,variance_group_mag2.5,xgb,per_subgroup_baseline_relative[min_neg],DI_star,-0.12809134827048946,0.15924048437158506,-0.09144530956826277,0.14364942905629793,20
credit,variance_group_mag2.5,xgb,per_subgroup_baseline_relative[min_neg],AOD_star,-0.22378857535769686,0.20430434426612898,-0.19795256248543894,0.19542822581597333,20
credit,variance_group_mag2.5,xgb,per_subgroup_baseline_relative[min_neg],BalAcc,-0.13220988023822128,0.23537114897816672,-0.10902966163270784,0.22393739727408,20
credit,variance_group_mag2.5,xgb,per_subgroup_ewma[min_pos],DI_star,-0.2514285714285714,0.1989807256686705,-0.2859069328877137,0.17140389834316358,20
credit,variance_group_mag2.5,xgb,per_subgroup_ewma[min_pos],AOD_star,-0.42315789473684207,0.14814541216854563,-0.44282679179522094,0.16687187343137688,20
credit,variance_group_mag2.5,xgb,per_subgroup_ewma[min_pos],BalAcc,-0.22000000000000003,0.15930207042289138,-0.20297284175519198,0.1551664926633343,20
credit,variance_group_mag2.5,xgb,per_subgroup_baseline_relative[min_pos],DI_star,-0.25781954887218045,0.2258892265608067,-0.2708626889445782,0.22284040377564568,20
credit,variance_group_mag2.5,xgb,per_subgroup_baseline_relative[min_pos],AOD_star,-0.36360902255639094,0.17047127514746938,-0.4443220293644757,0.16877554415840068,20
credit,variance_group_mag2.5,xgb,per_subgroup_baseline_relative[min_pos],BalAcc,-0.20300751879699247,0.19181805406632688,-0.22665138756431538,0.18131524473581656,20
credit,variance_group_mag2.5,xgb,per_subgroup_ewma[maj_neg],DI_star,-0.09969924812030076,0.1973274429354133,-0.12972229007113903,0.195103727326502,20
credit,variance_group_mag2.5,xgb,per_subgroup_ewma[maj_neg],AOD_star,-0.21593984962406015,0.2485466375931288,-0.2480731285133527,0.25562661297635414,20
credit,variance_group_mag2.5,xgb,per_subgroup_ewma[maj_neg],BalAcc,-0.16323308270676692,0.19003822984655225,-0.16035717263771362,0.19200883929594456,20
credit,variance_group_mag2.5,xgb,per_subgroup_baseline_relative[maj_neg],DI_star,0.055714285714285716,0.17086139851471022,0.03679211089033103,0.17811877533402318,20
credit,variance_group_mag2.5,xgb,per_subgroup_baseline_relative[maj_neg],AOD_star,-0.05308270676691727,0.197036728084818,-0.060016203946355894,0.1828651180949137,20
credit,variance_group_mag2.5,xgb,per_subgroup_baseline_relative[maj_neg],BalAcc,-0.14030075187969926,0.1782371069067217,-0.09530506313910071,0.19150921516841693,20
credit,variance_group_mag2.5,xgb,per_subgroup_ewma[maj_pos],DI_star,-0.24721804511278195,0.18400411943860678,-0.2498237784104275,0.1770981239289803,20
credit,variance_group_mag2.5,xgb,per_subgroup_ewma[maj_pos],AOD_star,-0.41052631578947363,0.15380305279521134,-0.4076898463177246,0.1459918258714186,20
credit,variance_group_mag2.5,xgb,per_subgroup_ewma[maj_pos],BalAcc,-0.22864661654135335,0.15750864000845663,-0.21533357224533475,0.15322216613317607,20
credit,variance_group_mag2.5,xgb,per_subgroup_baseline_relative[maj_pos],DI_star,-0.22451127819548872,0.17039465286214023,-0.22792061382470524,0.1970367309881384,20
credit,variance_group_mag2.5,xgb,per_subgroup_baseline_relative[maj_pos],AOD_star,-0.4147368421052631,0.15243967342388326,-0.4440457979020461,0.14481862033850298,20
credit,variance_group_mag2.5,xgb,per_subgroup_baseline_relative[maj_pos],BalAcc,-0.2768421052631579,0.1647044954053047,-0.28318509589471386,0.14675437442669523,20
credit,variance_global_mag1.5,lr,global_mean,DI_star,0.9402255639097744,0.021951153251327363,0.9166159114269027,0.025609536490370708,20
credit,variance_global_mag1.5,lr,global_mean,AOD_star,0.6006015037593986,0.12673881903029716,0.5910573057377491,0.12184135968753379,20
credit,variance_global_mag1.5,lr,global_mean,BalAcc,-0.19428571428571423,0.18502389099707364,-0.18734259322948393,0.21144205122706825,20
credit,variance_global_mag1.5,lr,global_ewma,DI_star,0.9396240601503759,0.020282782356105655,0.9465928594984797,0.02180673777624832,20
credit,variance_global_mag1.5,lr,global_ewma,AOD_star,0.5975187969924811,0.12784897936280534,0.6021528384038024,0.12714677439597408,20
credit,variance_global_mag1.5,lr,global_ewma,BalAcc,-0.19466165413533837,0.1834379841686053,-0.20925173499184221,0.19512318780626337,20
credit,variance_global_mag1.5,lr,global_std,DI_star,0.06744360902255639,0.21957682127178488,0.04079331655546169,0.2797094627516484,20
credit,variance_global_mag1.5,lr,global_std,AOD_star,0.052631578947368404,0.23079939095910224,0.03642368576474677,0.23464746712838083,20
credit,variance_global_mag1.5,lr,global_std,BalAcc,0.033609022556390984,0.29919834663703476,0.024775500138154785,0.2832605935951913,20
credit,variance_global_mag1.5,lr,subgroup_violation_diff,DI_star,0.09082706766917294,0.38135421360883054,0.057770270444128524,0.3450967803961031,20
credit,variance_global_mag1.5,lr,subgroup_violation_diff,AOD_star,0.0470676691729323,0.36702300338437244,0.038953610928827063,0.2958345691024497,20
credit,variance_global_mag1.5,lr,subgroup_violation_diff,BalAcc,0.0072932330827067664,0.2515633857188186,8.110673774378782e-05,0.2523923717910882,20
credit,variance_global_mag1.5,lr,max_subgroup_deviation,DI_star,0.5136090225563908,0.26971109096120566,0.6255146124528362,0.14450820674201997,20
credit,variance_global_mag1.5,lr,max_subgroup_deviation,AOD_star,0.31939849624060146,0.2298014982292071,0.4056881909407603,0.18082729391697136,20
credit,variance_global_mag1.5,lr,max_subgroup_deviation,BalAcc,-0.06729323308270677,0.2554806563402289,-0.11909638394581672,0.25205069840531424,20
credit,variance_global_mag1.5,lr,assignment_proportion_drift,DI_star,0.22047082636127263,0.26853779794460964,0.5990745356963563,0.1015444655480494,20
credit,variance_global_mag1.5,lr,assignment_proportion_drift,AOD_star,0.145138704850743,0.2833746798265983,0.3778409816881649,0.21047964140350972,20
credit,variance_global_mag1.5,lr,assignment_proportion_drift,BalAcc,-0.0943216775477154,0.2831236975933789,-0.13848374944203715,0.25146852305419964,20
credit,variance_global_mag1.5,lr,ks_statistic,DI_star,0.933233082706767,0.02538370808415373,0.7280541586941621,0.043511713848726076,20
credit,variance_global_mag1.5,lr,ks_statistic,AOD_star,0.5871428571428572,0.13622140896201432,0.46133039503613976,0.16246092879308022,20
credit,variance_global_mag1.5,lr,ks_statistic,BalAcc,-0.20864661654135336,0.1888448060953518,-0.159475637164271,0.2353605029521035,20
credit,variance_global_mag1.5,lr,kl_divergence,DI_star,0.9117293233082707,0.0265876398883569,0.7340051338327014,0.07623067306557184,20
credit,variance_global_mag1.5,lr,kl_divergence,AOD_star,0.5861654135338344,0.12955181770005295,0.44299506092633945,0.14614203752275143,20
credit,variance_global_mag1.5,lr,kl_divergence,BalAcc,-0.18067669172932327,0.1814042965229668,-0.18758856046383537,0.20343336294550887,20
credit,variance_global_mag1.5,lr,per_subgroup_ewma[min_neg],DI_star,0.6957319903111777,0.27035601955089333,0.852382031889212,0.0994784521294327,20
credit,variance_global_mag1.5,lr,per_subgroup_ewma[min_neg],AOD_star,0.41471382754473823,0.22661715044417402,0.533594304291557,0.14180239543467102,20
credit,variance_global_mag1.5,lr,per_subgroup_ewma[min_neg],BalAcc,-0.16019174558565083,0.18637714618506923,-0.19198020264011567,0.1828376929643495,20
credit,variance_global_mag1.5,lr,per_subgroup_baseline_relative[min_neg],DI_star,0.5710699330303196,0.23701465320208667,0.7235908128861525,0.12005679042221466,20
credit,variance_global_mag1.5,lr,per_subgroup_baseline_relative[min_neg],AOD_star,0.3420655179233629,0.25547078261701955,0.4412423839158227,0.18821707063281293,20
credit,variance_global_mag1.5,lr,per_subgroup_baseline_relative[min_neg],BalAcc,-0.13454309697423966,0.2028698973734367,-0.16006132022872988,0.1925429640702503,20
credit,variance_global_mag1.5,lr,per_subgroup_ewma[min_pos],DI_star,0.9396240601503759,0.024792769922766064,0.9401455909451929,0.023599911899155487,20
credit,variance_global_mag1.5,lr,per_subgroup_ewma[min_pos],AOD_star,0.5951879699248119,0.12682282768858888,0.5944938366280141,0.1327607838088571,20
credit,variance_global_mag1.5,lr,per_subgroup_ewma[min_pos],BalAcc,-0.2007518796992481,0.1855461782147477,-0.2122233582947861,0.1956856034580226,20
credit,variance_global_mag1.5,lr,per_subgroup_baseline_relative[min_pos],DI_star,0.9119548872180451,0.06554299694064965,0.8904858058985161,0.06326696054798706,20
credit,variance_global_mag1.5,lr,per_subgroup_baseline_relative[min_pos],AOD_star,0.5815037593984962,0.12874244441368915,0.5665002641873415,0.1600382631883141,20
credit,variance_global_mag1.5,lr,per_subgroup_baseline_relative[min_pos],BalAcc,-0.20421052631578945,0.1900632907669051,-0.18480311809055397,0.21827043068982468,20
credit,variance_global_mag1.5,lr,per_subgroup_ewma[maj_neg],DI_star,0.7069172932330827,0.39593299612274646,0.8370516069052446,0.15901341685102396,20
credit,variance_global_mag1.5,lr,per_subgroup_ewma[maj_neg],AOD_star,0.482781954887218,0.267365069711821,0.5539029003751944,0.15577094923988857,20
credit,variance_global_mag1.5,lr,per_subgroup_ewma[maj_neg],BalAcc,-0.10090225563909774,0.24915024331655805,-0.1469435887349814,0.24244644064275733,20
credit,variance_global_mag1.5,lr,per_subgroup_baseline_relative[maj_neg],DI_star,0.280004682764269,0.2880465882252012,0.5130706013647243,0.11533216244981594,20
credit,variance_global_mag1.5,lr,per_subgroup_baseline_relative[maj_neg],AOD_star,0.20799799188013446,0.2198134796427252,0.3443921485425861,0.16043164213419128,20
credit,variance_global_mag1.5,lr,per_subgroup_baseline_relative[maj_neg],BalAcc,0.04066807009998648,0.2551573501428067,-0.04161707345771627,0.2514467443525063,20
credit,variance_global_mag1.5,lr,per_subgroup_ewma[maj_pos],DI_star,0.9373684210526314,0.022127629214932314,0.9448582753110154,0.024632639386114784,20
credit,variance_global_mag1.5,lr,per_subgroup_ewma[maj_pos],AOD_star,0.5965413533834585,0.13168339570840767,0.6008087888167216,0.12865025934479768,20
credit,variance_global_mag1.5,lr,per_subgroup_ewma[maj_pos],BalAcc,-0.19661654135338344,0.1857437345376871,-0.2095476375152303,0.19382985826467283,20
credit,variance_global_mag1.5,lr,per_subgroup_baseline_relative[maj_pos],DI_star,0.9353383458646615,0.021197140979057068,0.9211208407495677,0.024112031821309683,20
credit,variance_global_mag1.5,lr,per_subgroup_baseline_relative[maj_pos],AOD_star,0.5999999999999999,0.1266385064797486,0.5940994733790541,0.12179767561161105,20
credit,variance_global_mag1.5,lr,per_subgroup_baseline_relative[maj_pos],BalAcc,-0.1843609022556391,0.17807990921914682,-0.19135536155341992,0.2029000824536468,20
credit,variance_global_mag1.5,xgb,global_mean,DI_star,0.46215209124970247,0.10275632713228929,0.4755244329820657,0.09023503060487262,20
credit,variance_global_mag1.5,xgb,global_mean,AOD_star,0.43684210526315786,0.16688511509927487,0.5110526461812923,0.15546311882199196,20
credit,variance_global_mag1.5,xgb,global_mean,BalAcc,-0.653984962406015,0.09722697073041553,-0.6900762300643035,0.08724099947528954,20
credit,variance_global_mag1.5,xgb,global_ewma,DI_star,0.46501008256995535,0.1014780995503751,0.4547685970991159,0.0833022864387963,20
credit,variance_global_mag1.5,xgb,global_ewma,AOD_star,0.44037593984962403,0.16497911170303042,0.4519908007367091,0.17425887714364086,20
credit,variance_global_mag1.5,xgb,global_ewma,BalAcc,-0.6531578947368419,0.10236866265893362,-0.6407644072349956,0.0924188549839033,20
credit,variance_global_mag1.5,xgb,global_std,DI_star,0.008828859340173988,0.245767768997916,0.00011780685801702218,0.2446898125277341,20
credit,variance_global_mag1.5,xgb,global_std,AOD_star,-0.07157894736842105,0.2688196110153364,-0.09100170458933299,0.33045148909846556,20
credit,variance_global_mag1.5,xgb,global_std,BalAcc,0.045112781954887216,0.2646561004201987,0.08123863737147011,0.3061054831515214,20
credit,variance_global_mag1.5,xgb,subgroup_violation_diff,DI_star,-0.03409190410649617,0.3037372034145152,-0.03539520422173076,0.2198996917439421,20
credit,variance_global_mag1.5,xgb,subgroup_violation_diff,AOD_star,0.009699248120300746,0.3180813626935834,-0.011383885423606004,0.3066851431552163,20
credit,variance_global_mag1.5,xgb,subgroup_violation_diff,BalAcc,-0.006541353383458649,0.33979082430982294,-0.001106920454546817,0.30134801120088545,20
credit,variance_global_mag1.5,xgb,max_subgroup_deviation,DI_star,0.31478126621825975,0.20819655882081486,0.3606825826129858,0.17350367858385318,20
credit,variance_global_mag1.5,xgb,max_subgroup_deviation,AOD_star,0.34721804511278187,0.19913766267250652,0.4654774559545006,0.15991425418835886,20
credit,variance_global_mag1.5,xgb,max_subgroup_deviation,BalAcc,-0.43999999999999995,0.21348532754142757,-0.546588599945663,0.142944328021393,20
credit,variance_global_mag1.5,xgb,assignment_proportion_drift,DI_star,0.22529470784457942,0.16473492034839093,0.37872893577274713,0.14553960529980545,20
credit,variance_global_mag1.5,xgb,assignment_proportion_drift,AOD_star,0.26950414308843373,0.1521707089441032,0.5065012596566248,0.14215245933473877,20
credit,variance_global_mag1.5,xgb,assignment_proportion_drift,BalAcc,-0.31956014653728776,0.18167887726618973,-0.5843349520213469,0.11522083139009884,20
credit,variance_global_mag1.5,xgb,ks_statistic,DI_star,0.4680174599564294,0.09605239128354284,0.4325963194248785,0.13410027037650626,20
credit,variance_global_mag1.5,xgb,ks_statistic,AOD_star,0.433609022556391,0.1572872488402896,0.5431897493256691,0.14403488778709045,20
credit,variance_global_mag1.5,xgb,ks_statistic,BalAcc,-0.6510526315789473,0.11462304292586906,-0.6555555113947585,0.09945767171843074,20
credit,variance_global_mag1.5,xgb,kl_divergence,DI_star,0.4584700584453687,0.11285957101753354,0.27074726714173325,0.19993077518734687,20
credit,variance_global_mag1.5,xgb,kl_divergence,AOD_star,0.43766917293233076,0.15427829424183553,0.23505389773441218,0.18473581002363154,20
credit,variance_global_mag1.5,xgb,kl_divergence,BalAcc,-0.6277443609022556,0.10857567213084479,-0.3959567378582178,0.13314008066435773,20
credit,variance_global_mag1.5,xgb,per_subgroup_ewma[min_neg],DI_star,0.3055067940687509,0.241460547440202,0.36486649964516715,0.1688960900720366,20
credit,variance_global_mag1.5,xgb,per_subgroup_ewma[min_neg],AOD_star,0.2354584953075527,0.24059140329883807,0.36805497682405763,0.17720354726125803,20
credit,variance_global_mag1.5,xgb,per_subgroup_ewma[min_neg],BalAcc,-0.395159949431939,0.28819668267274684,-0.5175913345201564,0.15996701160512805,20
credit,variance_global_mag1.5,xgb,per_subgroup_baseline_relative[min_neg],DI_star,0.25014311340614653,0.16370518085371563,0.3570043913468725,0.13584766450605756,20
credit,variance_global_mag1.5,xgb,per_subgroup_baseline_relative[min_neg],AOD_star,0.20138508661052912,0.2266004782437775,0.39111534038718765,0.19433708798618818,20
credit,variance_global_mag1.5,xgb,per_subgroup_baseline_relative[min_neg],BalAcc,-0.36885285392520417,0.23656621229718902,-0.5181236206170283,0.1592195823950433,20
credit,variance_global_mag1.5,xgb,per_subgroup_ewma[min_pos],DI_star,0.4649346400610975,0.09954084927159579,0.4547637070256322,0.07602156057034805,20
credit,variance_global_mag1.5,xgb,per_subgroup_ewma[min_pos],AOD_star,0.4396240601503759,0.16842593642220938,0.4571554595344681,0.1740448132248801,20
credit,variance_global_mag1.5,xgb,per_subgroup_ewma[min_pos],BalAcc,-0.6505263157894736,0.10111862327864739,-0.6445657023463741,0.09261448740534871,20
credit,variance_global_mag1.5,xgb,per_subgroup_baseline_relative[min_pos],DI_star,0.43929489182835235,0.10729397343364565,0.4524648191094601,0.08164189478771605,20
credit,variance_global_mag1.5,xgb,per_subgroup_baseline_relative[min_pos],AOD_star,0.41864661654135327,0.16798574248528106,0.5063157477731567,0.1667295017725454,20
credit,variance_global_mag1.5,xgb,per_subgroup_baseline_relative[min_pos],BalAcc,-0.6316541353383458,0.12165169565478452,-0.6703748920890708,0.0951647236021321,20
credit,variance_global_mag1.5,xgb,per_subgroup_ewma[maj_neg],DI_star,0.3270775396271101,0.2713861925622655,0.3927529707581659,0.18438722315670464,20
credit,variance_global_mag1.5,xgb,per_subgroup_ewma[maj_neg],AOD_star,0.3145864661654135,0.2950472509973674,0.44572096047795295,0.21431414430754128,20
credit,variance_global_mag1.5,xgb,per_subgroup_ewma[maj_neg],BalAcc,-0.48578947368421044,0.3772768630868541,-0.5872489944481073,0.2541502625127236,20
credit,variance_global_mag1.5,xgb,per_subgroup_baseline_relative[maj_neg],DI_star,0.13001309424750768,0.2912980719009419,0.2333104583274553,0.21080910239406506,20
credit,variance_global_mag1.5,xgb,per_subgroup_baseline_relative[maj_neg],AOD_star,0.13941454548036514,0.2808682622603729,0.34522877088132653,0.2002445088764824,20
credit,variance_global_mag1.5,xgb,per_subgroup_baseline_relative[maj_neg],BalAcc,-0.1694173846650955,0.32118225744776324,-0.36548378163494266,0.20513872860554197,20
credit,variance_global_mag1.5,xgb,per_subgroup_ewma[maj_pos],DI_star,0.4670401577579252,0.10268759467302563,0.45294590745196206,0.09150397057952475,20
credit,variance_global_mag1.5,xgb,per_subgroup_ewma[maj_pos],AOD_star,0.4415037593984962,0.16543226141423004,0.44370698062514713,0.17931305151206647,20
credit,variance_global_mag1.5,xgb,per_subgroup_ewma[maj_pos],BalAcc,-0.6516541353383458,0.10367903066005828,-0.6354370747247354,0.0974771746291052,20
credit,variance_global_mag1.5,xgb,per_subgroup_baseline_relative[maj_pos],DI_star,0.46230280657479605,0.10933249503878914,0.47945129086086047,0.09515479444381526,20
credit,variance_global_mag1.5,xgb,per_subgroup_baseline_relative[maj_pos],AOD_star,0.4356390977443609,0.17055648113404037,0.5093812186928494,0.15772306540154252,20
credit,variance_global_mag1.5,xgb,per_subgroup_baseline_relative[maj_pos],BalAcc,-0.6454887218045112,0.10171003823894964,-0.6885432739498007,0.09107540875331291,20
credit,variance_global_mag2.0,lr,global_mean,DI_star,0.9699999999999998,0.01206269074926428,0.9220774936912932,0.022213568476641583,20
credit,variance_global_mag2.0,lr,global_mean,AOD_star,0.7838345864661653,0.06881054963179532,0.7376094046861369,0.09417712786275262,20
credit,variance_global_mag2.0,lr,global_mean,BalAcc,-0.33488721804511273,0.2214328988432984,-0.3260784712911614,0.25084975468000936,20
credit,variance_global_mag2.0,lr,global_ewma,DI_star,0.9701503759398493,0.01059350201944087,0.9752505948376813,0.00980795788548248,20
credit,variance_global_mag2.0,lr,global_ewma,AOD_star,0.784812030075188,0.06999495229048537,0.7758037593069915,0.07942643436610619,20
credit,variance_global_mag2.0,lr,global_ewma,BalAcc,-0.3321052631578948,0.2216269328652266,-0.3395172244991339,0.2360263362655581,20
credit,variance_global_mag2.0,lr,global_std,DI_star,0.5949624060150376,0.15926102385119187,0.6134490708023381,0.17084130249962762,20
credit,variance_global_mag2.0,lr,global_std,AOD_star,0.4636090225563909,0.2048455362168141,0.47769438632924743,0.19824473268733814,20
credit,variance_global_mag2.0,lr,global_std,BalAcc,-0.19037593984962403,0.23330932471127236,-0.23120437714281108,0.2229652655885125,20
credit,variance_global_mag2.0,lr,subgroup_violation_diff,DI_star,-0.2190977443609022,0.48186704652692025,-0.186297358993684,0.40839313268074284,20
credit,variance_global_mag2.0,lr,subgroup_violation_diff,AOD_star,-0.15037593984962402,0.3899199115878211,-0.1492334168446081,0.3147733437445428,20
credit,variance_global_mag2.0,lr,subgroup_violation_diff,BalAcc,0.08233082706766916,0.226433349428216,0.08565446657694628,0.24678913831991706,20
credit,variance_global_mag2.0,lr,max_subgroup_deviation,DI_star,0.576015037593985,0.2409252873073053,0.6831633922410423,0.14847944078153105,20
credit,variance_global_mag2.0,lr,max_subgroup_deviation,AOD_star,0.44330827067669176,0.2480102740782963,0.5473137724995873,0.15056569492333297,20
credit,variance_global_mag2.0,lr,max_subgroup_deviation,BalAcc,-0.21654135338345865,0.23262773932316438,-0.2599292578544855,0.27933506563477445,20
credit,variance_global_mag2.0,lr,assignment_proportion_drift,DI_star,0.12858299399485146,0.13435477102895751,0.6057081236281575,0.07291664151276513,20
credit,variance_global_mag2.0,lr,assignment_proportion_drift,AOD_star,0.10020738961697942,0.18259890061051748,0.4925355682295212,0.14473800523171346,20
credit,variance_global_mag2.0,lr,assignment_proportion_drift,BalAcc,-0.10101783947512304,0.24915130086931275,-0.22046281842406165,0.26807652642068674,20
credit,variance_global_mag2.0,lr,ks_statistic,DI_star,0.968421052631579,0.013118092323347002,0.7585188165124392,0.027287955301014525,20
credit,variance_global_mag2.0,lr,ks_statistic,AOD_star,0.778721804511278,0.07458597350067706,0.6140366400714915,0.11761637700510806,20
credit,variance_global_mag2.0,lr,ks_statistic,BalAcc,-0.34075187969924803,0.22769539285454674,-0.26960056197084603,0.2540952405595488,20
credit,variance_global_mag2.0,lr,kl_divergence,DI_star,0.9230827067669173,0.030866561900603665,0.8775400006303513,0.03622272815311656,20
credit,variance_global_mag2.0,lr,kl_divergence,AOD_star,0.7610526315789472,0.079145330035554,0.6816322976370509,0.09916695631237056,20
credit,variance_global_mag2.0,lr,kl_divergence,BalAcc,-0.31781954887218045,0.2252746390761968,-0.3086417440281828,0.2014844039284497,20
credit,variance_global_mag2.0,lr,per_subgroup_ewma[min_neg],DI_star,0.9161084392386677,0.07442174676228194,0.9535415318807685,0.024272304475390177,20
credit,variance_global_mag2.0,lr,per_subgroup_ewma[min_neg],AOD_star,0.7388137354865705,0.10781813070288006,0.7610155965004166,0.08350948801382833,20
credit,variance_global_mag2.0,lr,per_subgroup_ewma[min_neg],BalAcc,-0.34429414235260536,0.21727591627019363,-0.336181938179936,0.2412324472581855,20
credit,variance_global_mag2.0,lr,per_subgroup_baseline_relative[min_neg],DI_star,0.7763690144574602,0.09925733823399939,0.8301939474856196,0.04418487135199214,20
credit,variance_global_mag2.0,lr,per_subgroup_baseline_relative[min_neg],AOD_star,0.606253667703946,0.14103892943566307,0.6579830216606815,0.11701457540592895,20
credit,variance_global_mag2.0,lr,per_subgroup_baseline_relative[min_neg],BalAcc,-0.3199314458783921,0.22488809183982794,-0.3301078610009891,0.2513263720700173,20
credit,variance_global_mag2.0,lr,per_subgroup_ewma[min_pos],DI_star,0.9714285714285712,0.011897768688633086,0.9726189101742377,0.012487146511676718,20
credit,variance_global_mag2.0,lr,per_subgroup_ewma[min_pos],AOD_star,0.7854887218045111,0.06722540371152663,0.769955700469615,0.08661668708062724,20
credit,variance_global_mag2.0,lr,per_subgroup_ewma[min_pos],BalAcc,-0.33488721804511273,0.22373448604142268,-0.3380063069467771,0.23742724622668804,20
credit,variance_global_mag2.0,lr,per_subgroup_baseline_relative[min_pos],DI_star,0.9381954887218045,0.06347378930615656,0.9002909194419162,0.04360671170096006,20
credit,variance_global_mag2.0,lr,per_subgroup_baseline_relative[min_pos],AOD_star,0.7558646616541352,0.08893726227869432,0.716057807741608,0.11439350872401828,20
credit,variance_global_mag2.0,lr,per_subgroup_baseline_relative[min_pos],BalAcc,-0.3124060150375939,0.23089777516628998,-0.3093307655368311,0.2544280336175577,20
credit,variance_global_mag2.0,lr,per_subgroup_ewma[maj_neg],DI_star,0.8961654135338346,0.12021940388701005,0.9223543268203203,0.03642412218321537,20
credit,variance_global_mag2.0,lr,per_subgroup_ewma[maj_neg],AOD_star,0.7394736842105263,0.1336916318550366,0.7512616823746194,0.08711976188505041,20
credit,variance_global_mag2.0,lr,per_subgroup_ewma[maj_neg],BalAcc,-0.2799248120300752,0.21348049476760356,-0.29794519383924006,0.24843302809847295,20
credit,variance_global_mag2.0,lr,per_subgroup_baseline_relative[maj_neg],DI_star,0.44044727781538445,0.23171165322407442,0.6353600791852132,0.14503159773010424,20
credit,variance_global_mag2.0,lr,per_subgroup_baseline_relative[maj_neg],AOD_star,0.3550038011068609,0.2448269274893851,0.5140512445916421,0.16559729515227373,20
credit,variance_global_mag2.0,lr,per_subgroup_baseline_relative[maj_neg],BalAcc,-0.1294154184367882,0.21681127010825102,-0.21025185857725984,0.26135721880461393,20
credit,variance_global_mag2.0,lr,per_subgroup_ewma[maj_pos],DI_star,0.9683458646616542,0.010115227364561788,0.9750333264858,0.00975316928865596,20
credit,variance_global_mag2.0,lr,per_subgroup_ewma[maj_pos],AOD_star,0.783233082706767,0.07341407440976633,0.775988518206047,0.07715775685425123,20
credit,variance_global_mag2.0,lr,per_subgroup_ewma[maj_pos],BalAcc,-0.3334586466165413,0.22574021931534782,-0.33966663643484274,0.23336084726397632,20
credit,variance_global_mag2.0,lr,per_subgroup_baseline_relative[maj_pos],DI_star,0.9671428571428571,0.01243014286241625,0.9290333976561769,0.022248493521718527,20
credit,variance_global_mag2.0,lr,per_subgroup_baseline_relative[maj_pos],AOD_star,0.7818796992481203,0.07556667783805175,0.7436410161735072,0.08992987845209531,20
credit,variance_global_mag2.0,lr,per_subgroup_baseline_relative[maj_pos],BalAcc,-0.33909774436090223,0.2202463429437093,-0.3326812578018147,0.24828440284912215,20
credit,variance_global_mag2.0,xgb,global_mean,DI_star,0.3982706766917293,0.10198690361631257,0.46233142001628885,0.08481477453213226,20
credit,variance_global_mag2.0,xgb,global_mean,AOD_star,0.4205263157894737,0.1673889394228274,0.5450418539689752,0.16393236324584368,20
credit,variance_global_mag2.0,xgb,global_mean,BalAcc,-0.5470676691729323,0.09749951983658442,-0.6829139389630605,0.06943649144862546,20
credit,variance_global_mag2.0,xgb,global_ewma,DI_star,0.3968421052631579,0.10221460919432782,0.40500196584996734,0.0724446418160301,20
credit,variance_global_mag2.0,xgb,global_ewma,AOD_star,0.4172932330827067,0.1725117474642583,0.45283609187896223,0.17972117882201816,20
credit,variance_global_mag2.0,xgb,global_ewma,BalAcc,-0.5466165413533834,0.09911531328510606,-0.5789761701670588,0.08549251747833407,20
credit,variance_global_mag2.0,xgb,global_std,DI_star,0.14015037593984964,0.17451683378859187,0.15082141405144095,0.18778925931909846,20
credit,variance_global_mag2.0,xgb,global_std,AOD_star,0.11112781954887216,0.18869568162372066,0.12030310698698968,0.19887416118565443,20
credit,variance_global_mag2.0,xgb,global_std,BalAcc,-0.11360902255639098,0.20541896920339967,-0.14651764142122167,0.24390401500751227,20
credit,variance_global_mag2.0,xgb,subgroup_violation_diff,DI_star,-0.12992481203007517,0.26267771443523563,-0.15408116828428317,0.25422065139572764,20
credit,variance_global_mag2.0,xgb,subgroup_violation_diff,AOD_star,-0.03481203007518797,0.29802761456338683,-0.13011765676589365,0.28523155221458146,20
credit,variance_global_mag2.0,xgb,subgroup_violation_diff,BalAcc,0.07992481203007518,0.3653458506580085,0.08489101013859546,0.3348686885946281,20
credit,variance_global_mag2.0,xgb,max_subgroup_deviation,DI_star,0.30488721804511276,0.19633010087124284,0.379725706158752,0.17555506364365497,20
credit,variance_global_mag2.0,xgb,max_subgroup_deviation,AOD_star,0.35774436090225564,0.1703785943027296,0.5141505560365277,0.1716541453853554,20
credit,variance_global_mag2.0,xgb,max_subgroup_deviation,BalAcc,-0.4809774436090225,0.14647286193025547,-0.6564784023178419,0.09913739226853627,20
credit,variance_global_mag2.0,xgb,assignment_proportion_drift,DI_star,0.23949305838126372,0.16968160967405285,0.383818885592873,0.16558476596660365,20
credit,variance_global_mag2.0,xgb,assignment_proportion_drift,AOD_star,0.32093152495880806,0.17545325466419362,0.5353063638688934,0.15056008090882092,20
credit,variance_global_mag2.0,xgb,assignment_proportion_drift,BalAcc,-0.3619902297257741,0.12605840722146755,-0.6532391506776489,0.10064652024830768,20
credit,variance_global_mag2.0,xgb,ks_statistic,DI_star,0.40428571428571425,0.09849827811701907,0.44010678073205334,0.12963729319991416,20
credit,variance_global_mag2.0,xgb,ks_statistic,AOD_star,0.4159398496240601,0.16217499581247397,0.5743871033607388,0.1457101987696559,20
credit,variance_global_mag2.0,xgb,ks_statistic,BalAcc,-0.5490977443609022,0.10506778324077956,-0.7003396728509763,0.08339379469333034,20
credit,variance_global_mag2.0,xgb,kl_divergence,DI_star,0.3796240601503759,0.11169448145760374,0.30746338272741286,0.10257463910408537,20
credit,variance_global_mag2.0,xgb,kl_divergence,AOD_star,0.41601503759398495,0.16786985192143863,0.34940682895210173,0.17583936270189018,20
credit,variance_global_mag2.0,xgb,kl_divergence,BalAcc,-0.5444360902255638,0.11112718365420839,-0.4690755723187115,0.11123525738756451,20
credit,variance_global_mag2.0,xgb,per_subgroup_ewma[min_neg],DI_star,0.35421903922899156,0.12637386013214635,0.39467466105603793,0.0753382864982005,20
credit,variance_global_mag2.0,xgb,per_subgroup_ewma[min_neg],AOD_star,0.33248538875886063,0.18978601299191167,0.4219612503965321,0.18084911218594174,20
credit,variance_global_mag2.0,xgb,per_subgroup_ewma[min_neg],BalAcc,-0.47019669495379146,0.1496195946492594,-0.5502761252895526,0.10460219871227937,20
credit,variance_global_mag2.0,xgb,per_subgroup_baseline_relative[min_neg],DI_star,0.31499493545035223,0.14379380944883186,0.40578393026859266,0.11251033850192749,20
credit,variance_global_mag2.0,xgb,per_subgroup_baseline_relative[min_neg],AOD_star,0.3009456089549117,0.15619113256699074,0.45734668668067,0.14555528332017784,20
credit,variance_global_mag2.0,xgb,per_subgroup_baseline_relative[min_neg],BalAcc,-0.4316945722050577,0.12428488437125215,-0.618407020068734,0.1219007793470098,20
credit,variance_global_mag2.0,xgb,per_subgroup_ewma[min_pos],DI_star,0.3971428571428571,0.10171784718735162,0.4013164865188979,0.06629917964037405,20
credit,variance_global_mag2.0,xgb,per_subgroup_ewma[min_pos],AOD_star,0.4170676691729322,0.1731363784750988,0.45624201188340024,0.1791755564177273,20
credit,variance_global_mag2.0,xgb,per_subgroup_ewma[min_pos],BalAcc,-0.5459398496240601,0.10021682074121908,-0.5848141056760392,0.08825564485571144,20
credit,variance_global_mag2.0,xgb,per_subgroup_baseline_relative[min_pos],DI_star,0.37187969924812025,0.1205440209510787,0.4343662882674685,0.09273080885200521,20
credit,variance_global_mag2.0,xgb,per_subgroup_baseline_relative[min_pos],AOD_star,0.4015037593984963,0.19076241520779308,0.5270331949253805,0.1643215866569822,20
credit,variance_global_mag2.0,xgb,per_subgroup_baseline_relative[min_pos],BalAcc,-0.5288721804511278,0.10846901215762504,-0.6747004697937447,0.06887643789227256,20
credit,variance_global_mag2.0,xgb,per_subgroup_ewma[maj_neg],DI_star,0.33308270676691726,0.15683388699552445,0.3981800591246131,0.10283845989144824,20
credit,variance_global_mag2.0,xgb,per_subgroup_ewma[maj_neg],AOD_star,0.3224060150375939,0.20089032425963382,0.4636069459451627,0.1914995209565705,20
credit,variance_global_mag2.0,xgb,per_subgroup_ewma[maj_neg],BalAcc,-0.46661654135338343,0.1724059330620294,-0.6026144519989451,0.1393293109015542,20
credit,variance_global_mag2.0,xgb,per_subgroup_baseline_relative[maj_neg],DI_star,0.24278754101519634,0.2075220757200239,0.33554293463369184,0.18275259146492906,20
credit,variance_global_mag2.0,xgb,per_subgroup_baseline_relative[maj_neg],AOD_star,0.2677214482544241,0.18146188753174014,0.42352672385885415,0.17429790885748922,20
credit,variance_global_mag2.0,xgb,per_subgroup_baseline_relative[maj_neg],BalAcc,-0.3775925831802405,0.160093272660924,-0.5669333095289458,0.13027284524743318,20
credit,variance_global_mag2.0,xgb,per_subgroup_ewma[maj_pos],DI_star,0.398796992481203,0.09984622695552792,0.4025264581339112,0.07697868203761217,20
credit,variance_global_mag2.0,xgb,per_subgroup_ewma[maj_pos],AOD_star,0.4181954887218045,0.17140739877165778,0.4462819309716358,0.18068422308582444,20
credit,variance_global_mag2.0,xgb,per_subgroup_ewma[maj_pos],BalAcc,-0.5450375939849624,0.0996964979944813,-0.5720699406639046,0.08781841245027759,20
credit,variance_global_mag2.0,xgb,per_subgroup_baseline_relative[maj_pos],DI_star,0.39563909774436085,0.09982391642971895,0.4651748632415762,0.08686691975588215,20
credit,variance_global_mag2.0,xgb,per_subgroup_baseline_relative[maj_pos],AOD_star,0.41578947368421043,0.16478794895692886,0.5398791972007339,0.16385158899595406,20
credit,variance_global_mag2.0,xgb,per_subgroup_baseline_relative[maj_pos],BalAcc,-0.5436842105263158,0.10017168257628185,-0.6748420332570864,0.07420975458280576,20
credit,variance_global_mag2.5,lr,global_mean,DI_star,0.9773684210526314,0.007718769307790386,0.9173878864328957,0.023987948449314442,20
credit,variance_global_mag2.5,lr,global_mean,AOD_star,0.8455639097744362,0.051577193683333154,0.7946316192776604,0.07388035485103168,20
credit,variance_global_mag2.5,lr,global_mean,BalAcc,-0.4150375939849623,0.2049574963969376,-0.4216277253549392,0.22650082830160592,20
credit,variance_global_mag2.5,lr,global_ewma,DI_star,0.9763157894736842,0.007826413990457266,0.9820434708914464,0.00721931319372395,20
credit,variance_global_mag2.5,lr,global_ewma,AOD_star,0.8450375939849624,0.05285126011392775,0.8471844511519333,0.0570899193381162,20
credit,variance_global_mag2.5,lr,global_ewma,BalAcc,-0.4129323308270677,0.20331383184101248,-0.44137309693777926,0.2110632488461377,20
credit,variance_global_mag2.5,lr,global_std,DI_star,0.8045112781954888,0.08521819238395628,0.8123255606647231,0.08768423254292144,20
credit,variance_global_mag2.5,lr,global_std,AOD_star,0.6897744360902256,0.1444291035638039,0.6875222244407784,0.13190296979026286,20
credit,variance_global_mag2.5,lr,global_std,BalAcc,-0.32390977443609015,0.22304224553308646,-0.3653087405147179,0.21378811006275436,20
credit,variance_global_mag2.5,lr,subgroup_violation_diff,DI_star,-0.29541353383458646,0.5289342972023724,-0.21665027866840997,0.5003114686575141,20
credit,variance_global_mag2.5,lr,subgroup_violation_diff,AOD_star,-0.24413533834586465,0.47994390607280973,-0.16644872801335747,0.45955934831310385,20
credit,variance_global_mag2.5,lr,subgroup_violation_diff,BalAcc,0.09481203007518794,0.2792694065520257,0.09040225992796674,0.3052786253977081,20
credit,variance_global_mag2.5,lr,max_subgroup_deviation,DI_star,0.6997744360902255,0.17368666795123802,0.7340723633568407,0.1143474966126151,20
credit,variance_global_mag2.5,lr,max_subgroup_deviation,AOD_star,0.5881954887218044,0.17983433120788747,0.6381517647924903,0.12472893307694678,20
credit,variance_global_mag2.5,lr,max_subgroup_deviation,BalAcc,-0.28315789473684205,0.22512242509518998,-0.3424783531067366,0.26766932169900254,20
credit,variance_global_mag2.5,lr,assignment_proportion_drift,DI_star,0.24895681416062052,0.13768534958815012,0.6520386092953142,0.0569952953967898,20
credit,variance_global_mag2.5,lr,assignment_proportion_drift,AOD_star,0.19444687486177434,0.1749163987294668,0.5737205581496551,0.11455899727027216,20
credit,variance_global_mag2.5,lr,assignment_proportion_drift,BalAcc,-0.12860438364482257,0.1640625283171503,-0.2988346324293717,0.2460259186586211,20
credit,variance_global_mag2.5,lr,ks_statistic,DI_star,0.9731578947368419,0.009537616953274005,0.7777551544824108,0.02644011696301606,20
credit,variance_global_mag2.5,lr,ks_statistic,AOD_star,0.8425563909774436,0.06004332579359424,0.6792524085446972,0.09432381158141881,20
credit,variance_global_mag2.5,lr,ks_statistic,BalAcc,-0.4141353383458647,0.21103397438769111,-0.36113653007968216,0.2412651942076076,20
credit,variance_global_mag2.5,lr,kl_divergence,DI_star,0.9354135338345863,0.030223225884960143,0.8814954414192362,0.029345277701925278,20
credit,variance_global_mag2.5,lr,kl_divergence,AOD_star,0.8234586466165412,0.07328941342196311,0.7611265840476878,0.07255162309706689,20
credit,variance_global_mag2.5,lr,kl_divergence,BalAcc,-0.4175187969924812,0.20838940998176714,-0.4100374679446207,0.19256940216319382,20
credit,variance_global_mag2.5,lr,per_subgroup_ewma[min_neg],DI_star,0.9415220862016687,0.03913897845544295,0.9686395834478739,0.016598966868168002,20
credit,variance_global_mag2.5,lr,per_subgroup_ewma[min_neg],AOD_star,0.8181001426838245,0.07044747838710212,0.8389449752656095,0.06383412601023528,20
credit,variance_global_mag2.5,lr,per_subgroup_ewma[min_neg],BalAcc,-0.4138455882044897,0.21171002440080963,-0.4384425920796888,0.21657366035484082,20
credit,variance_global_mag2.5,lr,per_subgroup_baseline_relative[min_neg],DI_star,0.8279854433183826,0.08689878010929392,0.8467690372642572,0.03994665068788968,20
credit,variance_global_mag2.5,lr,per_subgroup_baseline_relative[min_neg],AOD_star,0.7199766998439799,0.08984826865528253,0.7391148520973883,0.07221362952586727,20
credit,variance_global_mag2.5,lr,per_subgroup_baseline_relative[min_neg],BalAcc,-0.40626081495647093,0.24048142278570653,-0.4149518222496127,0.24756775783239793,20
credit,variance_global_mag2.5,lr,per_subgroup_ewma[min_pos],DI_star,0.9772932330827067,0.008371227464491277,0.981875580435237,0.007589507711366175,20
credit,variance_global_mag2.5,lr,per_subgroup_ewma[min_pos],AOD_star,0.8452631578947367,0.052413943154959015,0.846595880585429,0.058406892950743236,20
credit,variance_global_mag2.5,lr,per_subgroup_ewma[min_pos],BalAcc,-0.4173684210526315,0.2053600669085195,-0.4415385557912444,0.20961699516947285,20
credit,variance_global_mag2.5,lr,per_subgroup_baseline_relative[min_pos],DI_star,0.9572180451127819,0.055338499100801235,0.906347223952895,0.02747867357871418,20
credit,variance_global_mag2.5,lr,per_subgroup_baseline_relative[min_pos],AOD_star,0.8247368421052631,0.08873005568870229,0.7896380980901523,0.07059723621315117,20
credit,variance_global_mag2.5,lr,per_subgroup_baseline_relative[min_pos],BalAcc,-0.41466165413533823,0.20393376830022308,-0.41057613398088966,0.22145416351510683,20
credit,variance_global_mag2.5,lr,per_subgroup_ewma[maj_neg],DI_star,0.9623308270676689,0.022683725799222676,0.9524250261286996,0.022509787791596424,20
credit,variance_global_mag2.5,lr,per_subgroup_ewma[maj_neg],AOD_star,0.8400751879699246,0.05098670264351529,0.832746207855126,0.06077561082672053,20
credit,variance_global_mag2.5,lr,per_subgroup_ewma[maj_neg],BalAcc,-0.41270676691729313,0.21275112027176163,-0.42377997641933324,0.2332191414389219,20
credit,variance_global_mag2.5,lr,per_subgroup_baseline_relative[maj_neg],DI_star,0.603615436285064,0.18309206665602026,0.6878369088072878,0.12099496625776578,20
credit,variance_global_mag2.5,lr,per_subgroup_baseline_relative[maj_neg],AOD_star,0.516903623388228,0.18861808364074198,0.6011601061675206,0.13795234020255584,20
credit,variance_global_mag2.5,lr,per_subgroup_baseline_relative[maj_neg],BalAcc,-0.2189824442708052,0.2569619756676561,-0.32531884351776935,0.26955852086839,20
credit,variance_global_mag2.5,lr,per_subgroup_ewma[maj_pos],DI_star,0.9749624060150375,0.006610985363798285,0.9814725624164055,0.007252703530203497,20
credit,variance_global_mag2.5,lr,per_subgroup_ewma[maj_pos],AOD_star,0.8438345864661654,0.053340605483444735,0.8466596822428789,0.05659049149939498,20
credit,variance_global_mag2.5,lr,per_subgroup_ewma[maj_pos],BalAcc,-0.4140601503759398,0.2084132814356962,-0.4410255573823732,0.210386838668136,20
credit,variance_global_mag2.5,lr,per_subgroup_baseline_relative[maj_pos],DI_star,0.9748120300751879,0.007471656734718732,0.9223663194411917,0.026851873466620293,20
credit,variance_global_mag2.5,lr,per_subgroup_baseline_relative[maj_pos],AOD_star,0.8428571428571429,0.054326104983033884,0.797231717579372,0.07590012327636762,20
credit,variance_global_mag2.5,lr,per_subgroup_baseline_relative[maj_pos],BalAcc,-0.41691729323308274,0.20262167453858532,-0.42539157449880277,0.22730621366382364,20
credit,variance_global_mag2.5,xgb,global_mean,DI_star,0.3644360902255639,0.0929382617276745,0.44481557813607464,0.09452460250405886,20
credit,variance_global_mag2.5,xgb,global_mean,AOD_star,0.391578947368421,0.16689927424247517,0.5470196821179762,0.1650795291374224,20
credit,variance_global_mag2.5,xgb,global_mean,BalAcc,-0.5062406015037595,0.10758478967448398,-0.681619644970205,0.06850238879346449,20
credit,variance_global_mag2.5,xgb,global_ewma,DI_star,0.3635338345864661,0.09275145426698995,0.3769232195439166,0.07244138912980298,20
credit,variance_global_mag2.5,xgb,global_ewma,AOD_star,0.3889473684210526,0.17069376550021775,0.4357974639090524,0.17806650664651144,20
credit,variance_global_mag2.5,xgb,global_ewma,BalAcc,-0.5060902255639097,0.10916555309678616,-0.5590687080386768,0.08586423803408452,20
credit,variance_global_mag2.5,xgb,global_std,DI_star,0.1985714285714286,0.12043833767618858,0.212547340144513,0.13090806136936273,20
credit,variance_global_mag2.5,xgb,global_std,AOD_star,0.15954887218045113,0.1759828364682619,0.19536021459947142,0.16492477053596366,20
credit,variance_global_mag2.5,xgb,global_std,BalAcc,-0.23556390977443606,0.20102134768785698,-0.2623162461048709,0.19680194442562302,20
credit,variance_global_mag2.5,xgb,subgroup_violation_diff,DI_star,-0.09646616541353384,0.21093744764217745,-0.07782917150450355,0.2602273964465154,20
credit,variance_global_mag2.5,xgb,subgroup_violation_diff,AOD_star,-0.0806766917293233,0.2982930597673072,-0.08900881146270335,0.3141168771723431,20
credit,variance_global_mag2.5,xgb,subgroup_violation_diff,BalAcc,0.07165413533834585,0.33794036686925455,0.08833820278043278,0.36534306997101856,20
credit,variance_global_mag2.5,xgb,max_subgroup_deviation,DI_star,0.28699248120300747,0.18080433790210154,0.4070156048257325,0.1754714738233169,20
credit,variance_global_mag2.5,xgb,max_subgroup_deviation,AOD_star,0.3628571428571428,0.17955485437320848,0.549697129451134,0.16306499311225825,20
credit,variance_global_mag2.5,xgb,max_subgroup_deviation,BalAcc,-0.4681203007518796,0.1557092573695369,-0.6770249730065866,0.11263556366303003,20
credit,variance_global_mag2.5,xgb,assignment_proportion_drift,DI_star,0.28770607253326164,0.19701682408779217,0.4250826439727654,0.16076624053391306,20
credit,variance_global_mag2.5,xgb,assignment_proportion_drift,AOD_star,0.36717750214892,0.17115275481082115,0.5852475205249781,0.14601204034321,20
credit,variance_global_mag2.5,xgb,assignment_proportion_drift,BalAcc,-0.42021801300067174,0.14065252735863096,-0.6807219247117878,0.10631018191083898,20
credit,variance_global_mag2.5,xgb,ks_statistic,DI_star,0.3667669172932331,0.09397822532244403,0.45606109371964687,0.13184339364822484,20
credit,variance_global_mag2.5,xgb,ks_statistic,AOD_star,0.3875187969924812,0.1623225210048553,0.5947712064163869,0.15125216290568147,20
credit,variance_global_mag2.5,xgb,ks_statistic,BalAcc,-0.50593984962406,0.11414957760345551,-0.7134008872727203,0.08476892261394353,20
credit,variance_global_mag2.5,xgb,kl_divergence,DI_star,0.36443609022556384,0.11992353924890854,0.2739876180232249,0.13575527270272614,20
credit,variance_global_mag2.5,xgb,kl_divergence,AOD_star,0.38248120300751876,0.13418832612666215,0.33450326895946036,0.17380580295021822,20
credit,variance_global_mag2.5,xgb,kl_divergence,BalAcc,-0.4943609022556391,0.11345251780932471,-0.42047100111232716,0.11774461780791605,20
credit,variance_global_mag2.5,xgb,per_subgroup_ewma[min_neg],DI_star,0.32925683118867954,0.09985890690429382,0.3734084370896077,0.07225433395169534,20
credit,variance_global_mag2.5,xgb,per_subgroup_ewma[min_neg],AOD_star,0.32421493832396064,0.18620215625176184,0.4151905210712232,0.1797982216946164,20
credit,variance_global_mag2.5,xgb,per_subgroup_ewma[min_neg],BalAcc,-0.4317004260701841,0.15252074764021023,-0.5356389456202704,0.09935873208378287,20
credit,variance_global_mag2.5,xgb,per_subgroup_baseline_relative[min_neg],DI_star,0.30988028030585013,0.12055617756134211,0.43250159243155045,0.10351280512346911,20
credit,variance_global_mag2.5,xgb,per_subgroup_baseline_relative[min_neg],AOD_star,0.33882068327180104,0.1316210923164869,0.49483740109130425,0.17017515216950005,20
credit,variance_global_mag2.5,xgb,per_subgroup_baseline_relative[min_neg],BalAcc,-0.4152930080885099,0.1875261919074987,-0.6240605063387,0.13516797293125893,20
credit,variance_global_mag2.5,xgb,per_subgroup_ewma[min_pos],DI_star,0.3642857142857142,0.0927794871779168,0.37478539040044667,0.0720744914230146,20
credit,variance_global_mag2.5,xgb,per_subgroup_ewma[min_pos],AOD_star,0.38939849624060147,0.17224543213508284,0.4405530917129113,0.17543748953665972,20
credit,variance_global_mag2.5,xgb,per_subgroup_ewma[min_pos],BalAcc,-0.5047368421052629,0.10882717779658453,-0.5628406651217693,0.08490785603706305,20
credit,variance_global_mag2.5,xgb,per_subgroup_baseline_relative[min_pos],DI_star,0.36203007518796987,0.10372547663871684,0.43898526287347195,0.09355426909621554,20
credit,variance_global_mag2.5,xgb,per_subgroup_baseline_relative[min_pos],AOD_star,0.3815037593984962,0.17606710904301742,0.5454264469524047,0.16104014737902575,20
credit,variance_global_mag2.5,xgb,per_subgroup_baseline_relative[min_pos],BalAcc,-0.5021052631578946,0.10029173342688887,-0.6730836207527592,0.06411189361640082,20
credit,variance_global_mag2.5,xgb,per_subgroup_ewma[maj_neg],DI_star,0.34451127819548866,0.10056530812041638,0.3951258823407789,0.08980050148847095,20
credit,variance_global_mag2.5,xgb,per_subgroup_ewma[maj_neg],AOD_star,0.35541353383458646,0.1867825807968118,0.47231772462912786,0.18486271896569764,20
credit,variance_global_mag2.5,xgb,per_subgroup_ewma[maj_neg],BalAcc,-0.4813533834586467,0.10969087354079347,-0.6037041868521364,0.09762746359873979,20
credit,variance_global_mag2.5,xgb,per_subgroup_baseline_relative[maj_neg],DI_star,0.2824787776119254,0.16044581883336256,0.38448570170839347,0.17659575541397923,20
credit,variance_global_mag2.5,xgb,per_subgroup_baseline_relative[maj_neg],AOD_star,0.30236466499815184,0.15611850507316125,0.4989836264210319,0.1654607662743931,20
credit,variance_global_mag2.5,xgb,per_subgroup_baseline_relative[maj_neg],BalAcc,-0.4211193738311943,0.14202477383554027,-0.6299697098617569,0.12331939398451479,20
credit,variance_global_mag2.5,xgb,per_subgroup_ewma[maj_pos],DI_star,0.3656390977443608,0.09282505305307433,0.3759225523088079,0.07412659643978292,20
credit,variance_global_mag2.5,xgb,per_subgroup_ewma[maj_pos],AOD_star,0.3896992481203007,0.16930439336652178,0.4308001297829652,0.17782935895131285,20
credit,variance_global_mag2.5,xgb,per_subgroup_ewma[maj_pos],BalAcc,-0.5045864661654136,0.10921007984586438,-0.5531802345169761,0.08903431084770899,20
credit,variance_global_mag2.5,xgb,per_subgroup_baseline_relative[maj_pos],DI_star,0.36473684210526314,0.09284721873241038,0.4454736530966933,0.09480469805387924,20
credit,variance_global_mag2.5,xgb,per_subgroup_baseline_relative[maj_pos],AOD_star,0.39676691729323305,0.16616662130000287,0.5423131037161288,0.1627861012069965,20
credit,variance_global_mag2.5,xgb,per_subgroup_baseline_relative[maj_pos],BalAcc,-0.504812030075188,0.11278305763871908,-0.6734542274867449,0.07562595261190455,20
