dataset,scenario,model,signal,metric,spearman_mean,spearman_std,pearson_mean,pearson_std,n_seeds_valid
lsac,no_drift,lr,global_mean,DI_star,-0.011013614590302817,0.21043675021254163,-0.02661038795269679,0.20246240288282683,20
lsac,no_drift,lr,global_mean,AOD_star,0.04781954887218045,0.22312698649014925,0.05481948183545069,0.23398849396701135,20
lsac,no_drift,lr,global_mean,BalAcc,0.04804511278195488,0.23611631243261794,0.0659159138568898,0.2278729208707702,20
lsac,no_drift,lr,global_ewma,DI_star,0.07108502666209446,0.2800859733447661,0.05303297286145516,0.28411223025753374,20
lsac,no_drift,lr,global_ewma,AOD_star,0.05661654135338344,0.23597060088948088,0.05553339636195461,0.24906615069353402,20
lsac,no_drift,lr,global_ewma,BalAcc,-0.02887218045112781,0.20904127140752893,-0.03589986063991513,0.20457185923890303,20
lsac,no_drift,lr,global_std,DI_star,-0.046753306646817386,0.21482995023813106,-0.024202616836423406,0.19196395960745982,20
lsac,no_drift,lr,global_std,AOD_star,0.01428571428571428,0.21030788883618462,0.03368947275623794,0.20869763902132216,20
lsac,no_drift,lr,global_std,BalAcc,0.01526315789473684,0.23665861133918287,0.02966315701397052,0.21392822504010278,20
lsac,no_drift,lr,subgroup_violation_diff,DI_star,-0.08546695919777396,0.20924610256276696,-0.10981240807925778,0.1991312062057048,20
lsac,no_drift,lr,subgroup_violation_diff,AOD_star,-0.14052631578947367,0.24260513240351791,-0.1550909774653332,0.22502079997139648,20
lsac,no_drift,lr,subgroup_violation_diff,BalAcc,-0.10210526315789473,0.2839179382667203,-0.056820496308727896,0.31276607205757556,20
lsac,no_drift,lr,max_subgroup_deviation,DI_star,0.0013470692270178997,0.24483572193640643,0.0005527138862810446,0.22843136978221928,20
lsac,no_drift,lr,max_subgroup_deviation,AOD_star,0.07360902255639096,0.2535707903925264,0.0735564111715202,0.2564268915660994,20
lsac,no_drift,lr,max_subgroup_deviation,BalAcc,0.045789473684210526,0.24347786081976203,0.050353562736891413,0.23003993642160595,20
lsac,no_drift,lr,assignment_proportion_drift,DI_star,0.08542051251913865,0.2165148856965975,0.07838544876385957,0.20402034688691614,20
lsac,no_drift,lr,assignment_proportion_drift,AOD_star,0.06418356708849518,0.22490245950998947,0.06590562888676924,0.21889069208096568,20
lsac,no_drift,lr,assignment_proportion_drift,BalAcc,0.051753907349883575,0.24391073420615839,0.036428904450793984,0.2541350493099706,20
lsac,no_drift,lr,ks_statistic,DI_star,-0.025336041878549587,0.2563793809497842,-0.044895327701026624,0.2582461961247245,20
lsac,no_drift,lr,ks_statistic,AOD_star,-0.030977443609022548,0.29343867864771905,-0.032329974922682546,0.2721882204580981,20
lsac,no_drift,lr,ks_statistic,BalAcc,0.02947368421052631,0.19790319245139115,0.038629949742958705,0.20088802894757946,20
lsac,no_drift,lr,kl_divergence,DI_star,-0.013858390648292213,0.20355622511264082,-0.02244861113637633,0.198162909012589,20
lsac,no_drift,lr,kl_divergence,AOD_star,-0.013984962406015045,0.18527518025633508,-0.024657999895815543,0.18710488999634092,20
lsac,no_drift,lr,kl_divergence,BalAcc,0.04105263157894736,0.22274534754389522,0.051006041972942215,0.20374855751831966,20
lsac,no_drift,lr,per_subgroup_ewma[min_neg],DI_star,0.016963875623130426,0.2682617928169438,0.02399868132311393,0.25954526916068255,20
lsac,no_drift,lr,per_subgroup_ewma[min_neg],AOD_star,0.013308270676691719,0.2202339065616647,0.031207115470479878,0.2227984638397473,20
lsac,no_drift,lr,per_subgroup_ewma[min_neg],BalAcc,-0.01398496240601504,0.22012752048663745,0.0013238452716272727,0.23515793875726945,20
lsac,no_drift,lr,per_subgroup_baseline_relative[min_neg],DI_star,-0.07961814401749497,0.1911498082576283,-0.0742275403841761,0.17445569174575662,20
lsac,no_drift,lr,per_subgroup_baseline_relative[min_neg],AOD_star,-0.021052631578947358,0.19919108277099354,-0.004138751532475546,0.19957489156140573,20
lsac,no_drift,lr,per_subgroup_baseline_relative[min_neg],BalAcc,0.04398496240601503,0.24199309735344468,0.08184435229398798,0.23878486106623267,20
lsac,no_drift,lr,per_subgroup_ewma[min_pos],DI_star,-0.015369744530279672,0.2049821047551032,-0.026849082254876745,0.21712664339469848,20
lsac,no_drift,lr,per_subgroup_ewma[min_pos],AOD_star,0.01105263157894737,0.21663493957199118,0.02056284261487678,0.22778604703254643,20
lsac,no_drift,lr,per_subgroup_ewma[min_pos],BalAcc,-0.02097744360902257,0.25527150705559104,-0.0195438497094882,0.25851093738246955,20
lsac,no_drift,lr,per_subgroup_baseline_relative[min_pos],DI_star,-0.028991516272884786,0.1759036439046882,-0.02871367719450486,0.16836122824649183,20
lsac,no_drift,lr,per_subgroup_baseline_relative[min_pos],AOD_star,0.005488721804511281,0.23088866705191805,0.010002913029640247,0.2216923769124495,20
lsac,no_drift,lr,per_subgroup_baseline_relative[min_pos],BalAcc,-0.023233082706766918,0.26470799107353665,-0.042230300902608285,0.2551177753219189,20
lsac,no_drift,lr,per_subgroup_ewma[maj_neg],DI_star,0.053023896236345,0.30826102928828564,0.0831284136705392,0.28766049756361145,20
lsac,no_drift,lr,per_subgroup_ewma[maj_neg],AOD_star,0.03789473684210526,0.27686068721765533,0.07594914784179649,0.2872823510108018,20
lsac,no_drift,lr,per_subgroup_ewma[maj_neg],BalAcc,0.012932330827067679,0.21704223607486023,-0.02374221534774703,0.22810804498251572,20
lsac,no_drift,lr,per_subgroup_baseline_relative[maj_neg],DI_star,-0.005820896967975144,0.24987921690519227,-0.007241837376919104,0.2258334970916411,20
lsac,no_drift,lr,per_subgroup_baseline_relative[maj_neg],AOD_star,0.03962406015037592,0.2255249465094852,0.06326819137357383,0.23959189470356626,20
lsac,no_drift,lr,per_subgroup_baseline_relative[maj_neg],BalAcc,0.09105263157894736,0.2510321167423763,0.07321967721767578,0.26978758093394906,20
lsac,no_drift,lr,per_subgroup_ewma[maj_pos],DI_star,0.11427384340733811,0.2739612760298708,0.11613442354841974,0.253451460359331,20
lsac,no_drift,lr,per_subgroup_ewma[maj_pos],AOD_star,0.10451127819548871,0.24953957262131937,0.11575107898185859,0.2529255469414683,20
lsac,no_drift,lr,per_subgroup_ewma[maj_pos],BalAcc,-0.0001503759398496167,0.2003535232703556,0.006469677345806802,0.20811156802380082,20
lsac,no_drift,lr,per_subgroup_baseline_relative[maj_pos],DI_star,0.10895271487999589,0.22811029011822276,0.11546162258594364,0.19749519711975658,20
lsac,no_drift,lr,per_subgroup_baseline_relative[maj_pos],AOD_star,0.17015037593984958,0.24914133731379318,0.1659367165196092,0.21468616302912508,20
lsac,no_drift,lr,per_subgroup_baseline_relative[maj_pos],BalAcc,0.03924812030075187,0.25072088951895916,0.04042659167252875,0.261157222807015,20
lsac,no_drift,xgb,global_mean,DI_star,-0.06616541353383457,0.2015497646955245,-0.05442034572143215,0.22254838361896714,20
lsac,no_drift,xgb,global_mean,AOD_star,-0.10210526315789474,0.20212165391823944,-0.08217832848143286,0.21442881501157657,20
lsac,no_drift,xgb,global_mean,BalAcc,-0.035338345864661655,0.17985207582506677,-0.03173056302917751,0.20626826021062747,20
lsac,no_drift,xgb,global_ewma,DI_star,0.06180451127819547,0.2256240020205063,0.05585709081648016,0.23139981291331427,20
lsac,no_drift,xgb,global_ewma,AOD_star,0.008045112781954886,0.20353052928869286,-0.0071760057669437,0.18496452213385725,20
lsac,no_drift,xgb,global_ewma,BalAcc,-0.07150375939849625,0.15191503720510796,-0.04503905934300497,0.15462704918597353,20
lsac,no_drift,xgb,global_std,DI_star,-0.08458646616541352,0.20350530726583957,-0.05453559509313227,0.21356401074673562,20
lsac,no_drift,xgb,global_std,AOD_star,-0.11533834586466166,0.2211723372878931,-0.08657903880949082,0.2166684544010113,20
lsac,no_drift,xgb,global_std,BalAcc,-0.05240601503759399,0.16209401595867284,-0.05123832716886743,0.17194813874382683,20
lsac,no_drift,xgb,subgroup_violation_diff,DI_star,0.029849624060150376,0.22483354185811036,0.021442043128518263,0.22070107654690174,20
lsac,no_drift,xgb,subgroup_violation_diff,AOD_star,-0.02646616541353384,0.22160046687065715,-0.038539399365933355,0.22901425603857317,20
lsac,no_drift,xgb,subgroup_violation_diff,BalAcc,-0.038345864661654135,0.27958017515550937,-0.03348375755058848,0.28164825395622933,20
lsac,no_drift,xgb,max_subgroup_deviation,DI_star,-0.036541353383458645,0.15811878125398346,-0.019727997397872055,0.15804342016405587,20
lsac,no_drift,xgb,max_subgroup_deviation,AOD_star,0.015563909774436077,0.19183000452480958,0.019766912870861835,0.1958253685257946,20
lsac,no_drift,xgb,max_subgroup_deviation,BalAcc,0.03744360902255638,0.22558190404416195,0.02028297752761823,0.20743423070954475,20
lsac,no_drift,xgb,assignment_proportion_drift,DI_star,0.024212391082161205,0.14693148972952425,0.007049010997920835,0.14491762484039145,20
lsac,no_drift,xgb,assignment_proportion_drift,AOD_star,0.04530865739839447,0.16191526601928807,0.03925660152783746,0.1826024438698832,20
lsac,no_drift,xgb,assignment_proportion_drift,BalAcc,0.039172652703704104,0.14071298556196182,0.047970438699393325,0.14606192395654455,20
lsac,no_drift,xgb,ks_statistic,DI_star,0.02496240601503759,0.3240573242728678,-0.016471159626085245,0.25079917250818795,20
lsac,no_drift,xgb,ks_statistic,AOD_star,0.06142857142857142,0.23694031857912196,0.0037417616795327596,0.22149293614416418,20
lsac,no_drift,xgb,ks_statistic,BalAcc,-0.052030075187969926,0.26172041334977597,-0.04607066558702623,0.229259858421513,20
lsac,no_drift,xgb,kl_divergence,DI_star,-0.09225563909774434,0.2806444837297728,-0.09539487810507775,0.2852570479213698,20
lsac,no_drift,xgb,kl_divergence,AOD_star,-0.08451127819548869,0.27990355542435297,-0.08517947027545135,0.2777917711515374,20
lsac,no_drift,xgb,kl_divergence,BalAcc,-0.03661654135338345,0.21278927429691727,-0.04505043255345972,0.19756660225325262,20
lsac,no_drift,xgb,per_subgroup_ewma[min_neg],DI_star,0.026390977443609027,0.2558744935682652,0.02308808792437181,0.2264267787571905,20
lsac,no_drift,xgb,per_subgroup_ewma[min_neg],AOD_star,-0.00759398496240601,0.16764555280540863,-0.02398587643379308,0.13979332518321574,20
lsac,no_drift,xgb,per_subgroup_ewma[min_neg],BalAcc,-0.06248120300751879,0.2130681541875861,-0.0559679269847679,0.21113418449723195,20
lsac,no_drift,xgb,per_subgroup_baseline_relative[min_neg],DI_star,-0.04827067669172933,0.2030954418345702,-0.05767178473633232,0.20388265347563755,20
lsac,no_drift,xgb,per_subgroup_baseline_relative[min_neg],AOD_star,-0.07406015037593984,0.15541255169544638,-0.08116391311365204,0.16180722184237292,20
lsac,no_drift,xgb,per_subgroup_baseline_relative[min_neg],BalAcc,0.013759398496240605,0.2695373997411761,-0.020461451552253908,0.2809620992183484,20
lsac,no_drift,xgb,per_subgroup_ewma[min_pos],DI_star,0.027593984962406014,0.2555485354846596,0.03991653167373915,0.2673233501319959,20
lsac,no_drift,xgb,per_subgroup_ewma[min_pos],AOD_star,0.019398496240601505,0.26299238619160403,0.025509109941022474,0.24882436633359709,20
lsac,no_drift,xgb,per_subgroup_ewma[min_pos],BalAcc,-0.06406015037593984,0.20527852541003005,-0.027806329892534377,0.20816736037974656,20
lsac,no_drift,xgb,per_subgroup_baseline_relative[min_pos],DI_star,-0.012631578947368416,0.1933815877082989,-0.0041850350706093995,0.21929951250797103,20
lsac,no_drift,xgb,per_subgroup_baseline_relative[min_pos],AOD_star,-0.014812030075187966,0.24646211697372775,-0.01946267478369181,0.24090616598803904,20
lsac,no_drift,xgb,per_subgroup_baseline_relative[min_pos],BalAcc,-0.044887218045112774,0.18099309277577416,-0.05794410745015287,0.16793019569185766,20
lsac,no_drift,xgb,per_subgroup_ewma[maj_neg],DI_star,-0.053233082706766924,0.23640293451555605,-0.04823913085384013,0.235324855619347,20
lsac,no_drift,xgb,per_subgroup_ewma[maj_neg],AOD_star,-0.051127819548872175,0.21106215374508264,-0.02928185033066676,0.2169569941992687,20
lsac,no_drift,xgb,per_subgroup_ewma[maj_neg],BalAcc,-0.02210526315789474,0.17823012892582646,-0.0063957136769727556,0.19051623262596407,20
lsac,no_drift,xgb,per_subgroup_baseline_relative[maj_neg],DI_star,-0.0743609022556391,0.3109854694940233,-0.07773782728911065,0.28860874494730215,20
lsac,no_drift,xgb,per_subgroup_baseline_relative[maj_neg],AOD_star,-0.026240601503759398,0.2293395655521769,-0.020642408348522524,0.21467222212346826,20
lsac,no_drift,xgb,per_subgroup_baseline_relative[maj_neg],BalAcc,-0.0015037593984962433,0.2511561822711933,0.025302290924670616,0.258997001750116,20
lsac,no_drift,xgb,per_subgroup_ewma[maj_pos],DI_star,0.003458646616541353,0.2640856257086306,0.033689713506482574,0.2412030451606834,20
lsac,no_drift,xgb,per_subgroup_ewma[maj_pos],AOD_star,-0.007669172932330831,0.2301650519867986,0.023506643284805565,0.22675934741839568,20
lsac,no_drift,xgb,per_subgroup_ewma[maj_pos],BalAcc,-0.006691729323308274,0.16664034126047084,0.022902617405823243,0.1481549193633752,20
lsac,no_drift,xgb,per_subgroup_baseline_relative[maj_pos],DI_star,0.00030075187969924035,0.19151696923599823,0.0005552641674238898,0.17539895325025273,20
lsac,no_drift,xgb,per_subgroup_baseline_relative[maj_pos],AOD_star,0.016616541353383456,0.20089430615491138,0.02362903680061965,0.19973477821022298,20
lsac,no_drift,xgb,per_subgroup_baseline_relative[maj_pos],BalAcc,0.011503759398496237,0.2573385681815923,0.0016995016670572072,0.22507400403891664,20
lsac,gradual_group_mag0.5,lr,global_mean,DI_star,0.12955301783129322,0.25343757563994773,0.12208570368268108,0.30781762201887686,20
lsac,gradual_group_mag0.5,lr,global_mean,AOD_star,0.15789473684210523,0.24175943170110153,0.1621375679074772,0.2892478012445909,20
lsac,gradual_group_mag0.5,lr,global_mean,BalAcc,0.07533834586466162,0.22867473921692227,0.06049871083703865,0.21118922701985754,20
lsac,gradual_group_mag0.5,lr,global_ewma,DI_star,0.3181874810146007,0.4319600509131518,0.28896234204747756,0.4325401549101772,20
lsac,gradual_group_mag0.5,lr,global_ewma,AOD_star,0.3393233082706767,0.42850633327032467,0.28785845739252425,0.4287191256047513,20
lsac,gradual_group_mag0.5,lr,global_ewma,BalAcc,-0.02022556390977443,0.22552003332658535,-0.009625371084064803,0.22563998435267602,20
lsac,gradual_group_mag0.5,lr,global_std,DI_star,0.11120956258834432,0.28935989654485506,0.08389891221351385,0.3151823713490337,20
lsac,gradual_group_mag0.5,lr,global_std,AOD_star,0.10774436090225563,0.28573022314077623,0.10716924493745542,0.30584349219701235,20
lsac,gradual_group_mag0.5,lr,global_std,BalAcc,0.03308270676691729,0.2507258951039219,0.03165744242143235,0.21503947231892429,20
lsac,gradual_group_mag0.5,lr,subgroup_violation_diff,DI_star,-0.17968953964695214,0.27490727056785785,-0.15989150350579684,0.30536574890140844,20
lsac,gradual_group_mag0.5,lr,subgroup_violation_diff,AOD_star,-0.21924812030075186,0.24455751488776079,-0.20241044444625333,0.27337047429304134,20
lsac,gradual_group_mag0.5,lr,subgroup_violation_diff,BalAcc,-0.03406015037593983,0.2746316225871,-0.015100315697208516,0.2934149328202336,20
lsac,gradual_group_mag0.5,lr,max_subgroup_deviation,DI_star,0.23724968648296557,0.3152804200396122,0.22069264605505762,0.3392377401945996,20
lsac,gradual_group_mag0.5,lr,max_subgroup_deviation,AOD_star,0.2419548872180451,0.311707923199738,0.24340608566143143,0.3287733237122535,20
lsac,gradual_group_mag0.5,lr,max_subgroup_deviation,BalAcc,-0.017368421052631585,0.28000608725201903,-0.0201004109633632,0.2834732951673874,20
lsac,gradual_group_mag0.5,lr,assignment_proportion_drift,DI_star,0.20096084688341675,0.22618910573003362,0.18767015505256998,0.21352003304692402,20
lsac,gradual_group_mag0.5,lr,assignment_proportion_drift,AOD_star,0.1967020805732483,0.23223678810193552,0.1615420800343978,0.2222447227504108,20
lsac,gradual_group_mag0.5,lr,assignment_proportion_drift,BalAcc,-0.012034430631933784,0.192921646530074,-0.02336034662925223,0.1840681736091136,20
lsac,gradual_group_mag0.5,lr,ks_statistic,DI_star,0.11616470488127421,0.22941408298552507,0.15465947741974667,0.1863462196045241,20
lsac,gradual_group_mag0.5,lr,ks_statistic,AOD_star,0.08609022556390976,0.24565228462846628,0.1055609157940911,0.21668872279634202,20
lsac,gradual_group_mag0.5,lr,ks_statistic,BalAcc,-0.02060150375939849,0.2475560227445152,-0.023454929559907155,0.2416897566082264,20
lsac,gradual_group_mag0.5,lr,kl_divergence,DI_star,0.32413693284748946,0.2134415655653595,0.3368261530478003,0.17869476385394603,20
lsac,gradual_group_mag0.5,lr,kl_divergence,AOD_star,0.29872180451127817,0.20198980489656587,0.30075428409333693,0.19405009100491563,20
lsac,gradual_group_mag0.5,lr,kl_divergence,BalAcc,-0.015939849624060146,0.21329458162748124,-0.011180214775013958,0.22761801256921174,20
lsac,gradual_group_mag0.5,lr,per_subgroup_ewma[min_neg],DI_star,0.33577522983447566,0.3735357020809198,0.3297995124513363,0.3617566446376559,20
lsac,gradual_group_mag0.5,lr,per_subgroup_ewma[min_neg],AOD_star,0.3466917293233082,0.36945488673987176,0.33809999040026184,0.3428601994876719,20
lsac,gradual_group_mag0.5,lr,per_subgroup_ewma[min_neg],BalAcc,-0.026541353383458633,0.23904585193723019,0.005547656911983213,0.25859822455882037,20
lsac,gradual_group_mag0.5,lr,per_subgroup_baseline_relative[min_neg],DI_star,0.06650170430607122,0.2286993726892034,0.07134209877752033,0.24463841938538844,20
lsac,gradual_group_mag0.5,lr,per_subgroup_baseline_relative[min_neg],AOD_star,0.08857142857142856,0.2372572563901115,0.10941135625014349,0.23954173188655056,20
lsac,gradual_group_mag0.5,lr,per_subgroup_baseline_relative[min_neg],BalAcc,0.08240601503759398,0.2464563022426998,0.10182421606508274,0.24009760871954494,20
lsac,gradual_group_mag0.5,lr,per_subgroup_ewma[min_pos],DI_star,0.31719784858154015,0.31798544831282904,0.2808580735264284,0.340030053976511,20
lsac,gradual_group_mag0.5,lr,per_subgroup_ewma[min_pos],AOD_star,0.3239097744360902,0.3209937788321714,0.2755797446145167,0.3392169381702831,20
lsac,gradual_group_mag0.5,lr,per_subgroup_ewma[min_pos],BalAcc,-0.0006015037593984938,0.27702799116020205,-0.0016085204052493592,0.24589778015469818,20
lsac,gradual_group_mag0.5,lr,per_subgroup_baseline_relative[min_pos],DI_star,0.0429139413264907,0.2162593314144997,0.049870897489071364,0.22107199374319916,20
lsac,gradual_group_mag0.5,lr,per_subgroup_baseline_relative[min_pos],AOD_star,0.06105263157894738,0.2500143700997485,0.0660312711427755,0.25392352010911673,20
lsac,gradual_group_mag0.5,lr,per_subgroup_baseline_relative[min_pos],BalAcc,0.00872180451127819,0.25399586865653906,-0.012820128946940406,0.25067368793999334,20
lsac,gradual_group_mag0.5,lr,per_subgroup_ewma[maj_neg],DI_star,0.07362393972615038,0.38672978571745503,0.08844285903191146,0.40981622083054925,20
lsac,gradual_group_mag0.5,lr,per_subgroup_ewma[maj_neg],AOD_star,0.10676691729323307,0.35391129991636483,0.10222460305897349,0.3764459719533608,20
lsac,gradual_group_mag0.5,lr,per_subgroup_ewma[maj_neg],BalAcc,-0.03488721804511278,0.2458283756075162,-0.03714794373499969,0.24417190401805244,20
lsac,gradual_group_mag0.5,lr,per_subgroup_baseline_relative[maj_neg],DI_star,-0.052601957270345834,0.18756178366114132,-0.05383383984553345,0.1657026795820772,20
lsac,gradual_group_mag0.5,lr,per_subgroup_baseline_relative[maj_neg],AOD_star,0.005112781954887219,0.14892563785415278,0.008329184721883442,0.144972417991096,20
lsac,gradual_group_mag0.5,lr,per_subgroup_baseline_relative[maj_neg],BalAcc,0.07375939849624061,0.24391815297625608,0.052997996165044935,0.26346694949464117,20
lsac,gradual_group_mag0.5,lr,per_subgroup_ewma[maj_pos],DI_star,0.31409845308019074,0.44339922577559077,0.3071635908106619,0.45998046139971305,20
lsac,gradual_group_mag0.5,lr,per_subgroup_ewma[maj_pos],AOD_star,0.32195488721804516,0.4555546957734063,0.3036321967480561,0.4560931440199301,20
lsac,gradual_group_mag0.5,lr,per_subgroup_ewma[maj_pos],BalAcc,0.016090225563909773,0.23688869335325308,0.0075080891545089455,0.24078813126304874,20
lsac,gradual_group_mag0.5,lr,per_subgroup_baseline_relative[maj_pos],DI_star,0.2382347835396399,0.304880507534644,0.21969909003672838,0.32657591717138296,20
lsac,gradual_group_mag0.5,lr,per_subgroup_baseline_relative[maj_pos],AOD_star,0.26052631578947366,0.2939143329959986,0.2595732545105553,0.3014641427294083,20
lsac,gradual_group_mag0.5,lr,per_subgroup_baseline_relative[maj_pos],BalAcc,-0.0005263157894736779,0.2643420297436936,0.014533931500981279,0.26720683165228093,20
lsac,gradual_group_mag0.5,xgb,global_mean,DI_star,0.23969924812030072,0.3660708837236672,0.3416291925986321,0.4273724219176917,20
lsac,gradual_group_mag0.5,xgb,global_mean,AOD_star,0.22714285714285715,0.3260095146301319,0.3785416780165826,0.3927123267108866,20
lsac,gradual_group_mag0.5,xgb,global_mean,BalAcc,-0.27395476419116005,0.3163795511136403,-0.2780245627418694,0.34216908545305974,20
lsac,gradual_group_mag0.5,xgb,global_ewma,DI_star,0.4004511278195489,0.5250128017197158,0.4656790870706006,0.5753585149244906,20
lsac,gradual_group_mag0.5,xgb,global_ewma,AOD_star,0.2880451127819549,0.430557979974253,0.4139745238660787,0.5323283410772048,20
lsac,gradual_group_mag0.5,xgb,global_ewma,BalAcc,-0.22331387053321666,0.3022878781670828,-0.25694380683144613,0.34964132214931165,20
lsac,gradual_group_mag0.5,xgb,global_std,DI_star,0.2335338345864661,0.358968850055377,0.29076806888108897,0.3669490031842966,20
lsac,gradual_group_mag0.5,xgb,global_std,AOD_star,0.19187969924812026,0.25896308668335566,0.2864305649526866,0.3139091872269202,20
lsac,gradual_group_mag0.5,xgb,global_std,BalAcc,-0.242939486199294,0.257250640152907,-0.2648079910929825,0.2664242862759514,20
lsac,gradual_group_mag0.5,xgb,subgroup_violation_diff,DI_star,-0.16849624060150376,0.3434135028862592,-0.24074269274601184,0.39038813161791464,20
lsac,gradual_group_mag0.5,xgb,subgroup_violation_diff,AOD_star,-0.22586466165413532,0.35002195807492337,-0.28189496049602203,0.38656558363002014,20
lsac,gradual_group_mag0.5,xgb,subgroup_violation_diff,BalAcc,0.1426411948626133,0.2899225639528515,0.1491443680164851,0.31447256227505627,20
lsac,gradual_group_mag0.5,xgb,max_subgroup_deviation,DI_star,0.28518796992481205,0.3209165864844123,0.3555098695636859,0.37053951469398466,20
lsac,gradual_group_mag0.5,xgb,max_subgroup_deviation,AOD_star,0.2840601503759398,0.33017772911827115,0.3646210663374589,0.3726164304339803,20
lsac,gradual_group_mag0.5,xgb,max_subgroup_deviation,BalAcc,-0.21245159871684066,0.252833959886211,-0.22621495587951385,0.28790388120477184,20
lsac,gradual_group_mag0.5,xgb,assignment_proportion_drift,DI_star,0.21574228499691048,0.18872952930795459,0.26991239126043876,0.2166757289780259,20
lsac,gradual_group_mag0.5,xgb,assignment_proportion_drift,AOD_star,0.24177901496440377,0.259630113741522,0.29263427461930497,0.2549960285380857,20
lsac,gradual_group_mag0.5,xgb,assignment_proportion_drift,BalAcc,-0.20971274575560273,0.15657217361452574,-0.2149604260760561,0.16023812021786088,20
lsac,gradual_group_mag0.5,xgb,ks_statistic,DI_star,0.1401503759398496,0.23501628254490042,0.16749790223065864,0.2242477701167714,20
lsac,gradual_group_mag0.5,xgb,ks_statistic,AOD_star,0.08834586466165413,0.20795414452551259,0.11673664064605523,0.19343073776762656,20
lsac,gradual_group_mag0.5,xgb,ks_statistic,BalAcc,-0.14342208492836256,0.1812344592630339,-0.13425251831023008,0.19906490385983974,20
lsac,gradual_group_mag0.5,xgb,kl_divergence,DI_star,0.317593984962406,0.2233138907168547,0.35085435426366696,0.1686452140508321,20
lsac,gradual_group_mag0.5,xgb,kl_divergence,AOD_star,0.18436090225563911,0.23892432354556564,0.2120346349247808,0.19224868293095526,20
lsac,gradual_group_mag0.5,xgb,kl_divergence,BalAcc,-0.19176500825123594,0.20294280271247575,-0.19597281539139105,0.19326730708019912,20
lsac,gradual_group_mag0.5,xgb,per_subgroup_ewma[min_neg],DI_star,0.4838345864661653,0.435886100787774,0.5334500197808734,0.4695311228817525,20
lsac,gradual_group_mag0.5,xgb,per_subgroup_ewma[min_neg],AOD_star,0.34233082706766915,0.34138957610124276,0.45972074718398376,0.404217476873303,20
lsac,gradual_group_mag0.5,xgb,per_subgroup_ewma[min_neg],BalAcc,-0.26395422683119046,0.28820677040432374,-0.2940058236898358,0.31055339851072955,20
lsac,gradual_group_mag0.5,xgb,per_subgroup_baseline_relative[min_neg],DI_star,0.2482706766917293,0.2952075035957037,0.2794512558583999,0.3225693203895947,20
lsac,gradual_group_mag0.5,xgb,per_subgroup_baseline_relative[min_neg],AOD_star,0.16917293233082706,0.2716117932826408,0.2532722088539666,0.28522446937909024,20
lsac,gradual_group_mag0.5,xgb,per_subgroup_baseline_relative[min_neg],BalAcc,-0.19620409637978792,0.3057967989721264,-0.21065180265688493,0.3229047009438721,20
lsac,gradual_group_mag0.5,xgb,per_subgroup_ewma[min_pos],DI_star,0.42142857142857126,0.37225255624153425,0.49946435363338076,0.44713223934832275,20
lsac,gradual_group_mag0.5,xgb,per_subgroup_ewma[min_pos],AOD_star,0.31714285714285706,0.3892840424298717,0.4409590256618857,0.4824279550866557,20
lsac,gradual_group_mag0.5,xgb,per_subgroup_ewma[min_pos],BalAcc,-0.29586963930437976,0.2595875973579772,-0.32473417421196155,0.2625585957148396,20
lsac,gradual_group_mag0.5,xgb,per_subgroup_baseline_relative[min_pos],DI_star,0.17233082706766917,0.20524602644089807,0.2262484626625346,0.2737262366569342,20
lsac,gradual_group_mag0.5,xgb,per_subgroup_baseline_relative[min_pos],AOD_star,0.1480451127819549,0.2569878066597306,0.23888666590108332,0.3131950888133476,20
lsac,gradual_group_mag0.5,xgb,per_subgroup_baseline_relative[min_pos],BalAcc,-0.26335017768246255,0.25742769804985466,-0.25000958843212784,0.24764136183081145,20
lsac,gradual_group_mag0.5,xgb,per_subgroup_ewma[maj_neg],DI_star,0.06375939849624059,0.4344642750404142,0.1508752684206176,0.5549608069318994,20
lsac,gradual_group_mag0.5,xgb,per_subgroup_ewma[maj_neg],AOD_star,0.20097744360902253,0.4227942698635244,0.24900591326496152,0.5278654960464264,20
lsac,gradual_group_mag0.5,xgb,per_subgroup_ewma[maj_neg],BalAcc,-0.1491431866296307,0.33178771593469686,-0.14060648205149115,0.3416371442933764,20
lsac,gradual_group_mag0.5,xgb,per_subgroup_baseline_relative[maj_neg],DI_star,0.01684210526315789,0.26676522195594243,0.08896191082045424,0.30990787975676276,20
lsac,gradual_group_mag0.5,xgb,per_subgroup_baseline_relative[maj_neg],AOD_star,0.1545112781954887,0.29974827851201097,0.19923117601046753,0.31644638681054954,20
lsac,gradual_group_mag0.5,xgb,per_subgroup_baseline_relative[maj_neg],BalAcc,-0.10865753343336668,0.3119202415044584,-0.10395709267708027,0.30563673881657927,20
lsac,gradual_group_mag0.5,xgb,per_subgroup_ewma[maj_pos],DI_star,0.3169172932330827,0.591344636160324,0.3440687144746825,0.6379164916276606,20
lsac,gradual_group_mag0.5,xgb,per_subgroup_ewma[maj_pos],AOD_star,0.2281954887218045,0.43337940833888666,0.2774838737863644,0.55090460379387,20
lsac,gradual_group_mag0.5,xgb,per_subgroup_ewma[maj_pos],BalAcc,-0.13959083575042924,0.3295731206957507,-0.1653515568279768,0.351967690074761,20
lsac,gradual_group_mag0.5,xgb,per_subgroup_baseline_relative[maj_pos],DI_star,0.2457894736842105,0.36348837684547514,0.32733204954769174,0.40753223518098614,20
lsac,gradual_group_mag0.5,xgb,per_subgroup_baseline_relative[maj_pos],AOD_star,0.26443609022556386,0.3329121833054549,0.3327068934116909,0.39920036483112276,20
lsac,gradual_group_mag0.5,xgb,per_subgroup_baseline_relative[maj_pos],BalAcc,-0.19448085372380453,0.23513138643856776,-0.2145861663872469,0.26839134191640823,20
lsac,gradual_group_mag1.0,lr,global_mean,DI_star,0.2686840618938257,0.2626713816699494,0.2886916759577742,0.283457189109161,20
lsac,gradual_group_mag1.0,lr,global_mean,AOD_star,0.27263157894736845,0.2528423306391538,0.3145421368914223,0.2709245635076473,20
lsac,gradual_group_mag1.0,lr,global_mean,BalAcc,0.030225563909774433,0.2385575303587349,0.027494404069355344,0.2256678765856038,20
lsac,gradual_group_mag1.0,lr,global_ewma,DI_star,0.5122197644538208,0.47510926457104047,0.4886293697118935,0.46716151706514253,20
lsac,gradual_group_mag1.0,lr,global_ewma,AOD_star,0.5236090225563909,0.4727035080032752,0.494694099507852,0.4666192490408326,20
lsac,gradual_group_mag1.0,lr,global_ewma,BalAcc,-0.06759398496240601,0.24814238908289318,-0.049588881573073465,0.24243217861995006,20
lsac,gradual_group_mag1.0,lr,global_std,DI_star,0.2360208257666247,0.30584384107461693,0.22214489696983925,0.31261521230429073,20
lsac,gradual_group_mag1.0,lr,global_std,AOD_star,0.22150375939849623,0.30829125183491657,0.23347932021787604,0.30531983025477116,20
lsac,gradual_group_mag1.0,lr,global_std,BalAcc,0.030827067669172935,0.257568789395855,0.01547314958135238,0.22510022216242806,20
lsac,gradual_group_mag1.0,lr,subgroup_violation_diff,DI_star,-0.0762585307460881,0.23521959151079763,-0.05524753886516344,0.2487887213297835,20
lsac,gradual_group_mag1.0,lr,subgroup_violation_diff,AOD_star,-0.1173684210526316,0.21743730426908345,-0.09285918192602026,0.23631420236840592,20
lsac,gradual_group_mag1.0,lr,subgroup_violation_diff,BalAcc,-0.04135338345864662,0.270198198621913,-0.013354275464903208,0.28770504992085943,20
lsac,gradual_group_mag1.0,lr,max_subgroup_deviation,DI_star,0.2880294672373528,0.2365277666776795,0.2714275829837372,0.2599624832902362,20
lsac,gradual_group_mag1.0,lr,max_subgroup_deviation,AOD_star,0.29052631578947363,0.23981289934979713,0.2891746944654616,0.25086786518288495,20
lsac,gradual_group_mag1.0,lr,max_subgroup_deviation,BalAcc,-0.04157894736842105,0.26444680060659764,-0.050939211630613525,0.27877910723541455,20
lsac,gradual_group_mag1.0,lr,assignment_proportion_drift,DI_star,0.203885857238701,0.21630415149847076,0.18165893592363475,0.22791505714680171,20
lsac,gradual_group_mag1.0,lr,assignment_proportion_drift,AOD_star,0.2006314545071759,0.22304965571733296,0.17269653555755163,0.2219959331710304,20
lsac,gradual_group_mag1.0,lr,assignment_proportion_drift,BalAcc,-0.026952780201322336,0.1788652692559123,-0.03259665365835988,0.18554080983742668,20
lsac,gradual_group_mag1.0,lr,ks_statistic,DI_star,0.421234748213369,0.16316803279316047,0.44881815759671345,0.14053485864930657,20
lsac,gradual_group_mag1.0,lr,ks_statistic,AOD_star,0.39278195488721795,0.1632639549946919,0.4053052361580581,0.15355418870800736,20
lsac,gradual_group_mag1.0,lr,ks_statistic,BalAcc,-0.06187969924812029,0.2405626260882928,-0.09726683423791473,0.2303932939276195,20
lsac,gradual_group_mag1.0,lr,kl_divergence,DI_star,0.7306689901939645,0.08065470822535285,0.6957718473492478,0.07977902850646312,20
lsac,gradual_group_mag1.0,lr,kl_divergence,AOD_star,0.7022556390977444,0.1142956070114879,0.6819050238378368,0.08463354886450496,20
lsac,gradual_group_mag1.0,lr,kl_divergence,BalAcc,-0.10714285714285714,0.17780635472199524,-0.1252085704879991,0.20521958732371248,20
lsac,gradual_group_mag1.0,lr,per_subgroup_ewma[min_neg],DI_star,0.5336342300965751,0.3207156994006846,0.5391947263661985,0.29555905615308964,20
lsac,gradual_group_mag1.0,lr,per_subgroup_ewma[min_neg],AOD_star,0.5397744360902256,0.32614959733142124,0.5474782436761809,0.2871860302148314,20
lsac,gradual_group_mag1.0,lr,per_subgroup_ewma[min_neg],BalAcc,-0.07172932330827067,0.24786183849696755,-0.048973410395400555,0.26849833504746456,20
lsac,gradual_group_mag1.0,lr,per_subgroup_baseline_relative[min_neg],DI_star,0.19800370545214468,0.20277613731060282,0.19607935114627273,0.2004970646105375,20
lsac,gradual_group_mag1.0,lr,per_subgroup_baseline_relative[min_neg],AOD_star,0.207593984962406,0.22368211283530207,0.21480246335865547,0.19859240472922085,20
lsac,gradual_group_mag1.0,lr,per_subgroup_baseline_relative[min_neg],BalAcc,0.0674436090225564,0.2428100119540765,0.06942350592397298,0.2553210200853492,20
lsac,gradual_group_mag1.0,lr,per_subgroup_ewma[min_pos],DI_star,0.5432310608090903,0.3641548148050674,0.5128849267715119,0.3723106911775244,20
lsac,gradual_group_mag1.0,lr,per_subgroup_ewma[min_pos],AOD_star,0.5402255639097745,0.378242235410474,0.5126162437606682,0.3864765381022188,20
lsac,gradual_group_mag1.0,lr,per_subgroup_ewma[min_pos],BalAcc,-0.08714285714285713,0.24847160138559346,-0.06086114095917724,0.226925883567958,20
lsac,gradual_group_mag1.0,lr,per_subgroup_baseline_relative[min_pos],DI_star,0.26527396677414733,0.2699163476071484,0.2567282526249336,0.2725647971360504,20
lsac,gradual_group_mag1.0,lr,per_subgroup_baseline_relative[min_pos],AOD_star,0.26052631578947366,0.28222398186520153,0.26339125998418844,0.2937018549488543,20
lsac,gradual_group_mag1.0,lr,per_subgroup_baseline_relative[min_pos],BalAcc,-0.03766917293233082,0.22448034223255253,-0.050367398804666896,0.23360729583564724,20
lsac,gradual_group_mag1.0,lr,per_subgroup_ewma[maj_neg],DI_star,0.18237543500725376,0.5019942140072352,0.15630305768539263,0.5165208002651174,20
lsac,gradual_group_mag1.0,lr,per_subgroup_ewma[maj_neg],AOD_star,0.19353383458646617,0.4778762115678623,0.17597644828244613,0.4991367532066607,20
lsac,gradual_group_mag1.0,lr,per_subgroup_ewma[maj_neg],BalAcc,-0.016766917293233086,0.24392037793441118,-0.016568566522007992,0.2595337568429167,20
lsac,gradual_group_mag1.0,lr,per_subgroup_baseline_relative[maj_neg],DI_star,0.057393269164561854,0.2619265224652494,0.04104010372206014,0.25492929246098384,20
lsac,gradual_group_mag1.0,lr,per_subgroup_baseline_relative[maj_neg],AOD_star,0.10270676691729322,0.2485988094940496,0.08539969277264613,0.2451308347448144,20
lsac,gradual_group_mag1.0,lr,per_subgroup_baseline_relative[maj_neg],BalAcc,0.10240601503759397,0.25525353498200476,0.0911865674058607,0.2752252406019428,20
lsac,gradual_group_mag1.0,lr,per_subgroup_ewma[maj_pos],DI_star,0.36017062662874383,0.5544907797398102,0.3755590729027884,0.5473825979914568,20
lsac,gradual_group_mag1.0,lr,per_subgroup_ewma[maj_pos],AOD_star,0.3639849624060151,0.5432093238293747,0.382935502192179,0.5350149092505172,20
lsac,gradual_group_mag1.0,lr,per_subgroup_ewma[maj_pos],BalAcc,-0.04616541353383459,0.2781182985778609,-0.04418896811515632,0.2652689711384546,20
lsac,gradual_group_mag1.0,lr,per_subgroup_baseline_relative[maj_pos],DI_star,0.1773194893516759,0.25799121256844115,0.17914193383761612,0.2782007670412857,20
lsac,gradual_group_mag1.0,lr,per_subgroup_baseline_relative[maj_pos],AOD_star,0.20285714285714285,0.2435272767329651,0.2120720858479938,0.2598972420083737,20
lsac,gradual_group_mag1.0,lr,per_subgroup_baseline_relative[maj_pos],BalAcc,-0.022330827067669166,0.2463928359125121,-0.012472682530078877,0.25879787589734493,20
lsac,gradual_group_mag1.0,xgb,global_mean,DI_star,0.2628571428571428,0.24316379996642273,0.4172136296200831,0.3635552196783781,20
lsac,gradual_group_mag1.0,xgb,global_mean,AOD_star,0.19458646616541347,0.21333645436501922,0.3090425712456539,0.27606986119093585,20
lsac,gradual_group_mag1.0,xgb,global_mean,BalAcc,-0.3080709772208868,0.3265118672401231,-0.30869648084046436,0.3455330000509776,20
lsac,gradual_group_mag1.0,xgb,global_ewma,DI_star,0.487142857142857,0.47524899079983424,0.5467262195788802,0.5657922175271398,20
lsac,gradual_group_mag1.0,xgb,global_ewma,AOD_star,0.06030075187969923,0.3099987872884356,0.2138945916583181,0.3740887849485682,20
lsac,gradual_group_mag1.0,xgb,global_ewma,BalAcc,-0.27758624544470084,0.3426100735405688,-0.30594031068335426,0.3829049111030872,20
lsac,gradual_group_mag1.0,xgb,global_std,DI_star,0.2426315789473684,0.26791374945986074,0.3416034562759255,0.3121804237504536,20
lsac,gradual_group_mag1.0,xgb,global_std,AOD_star,0.1812781954887218,0.16544256409646055,0.24427365450678035,0.21044626345752396,20
lsac,gradual_group_mag1.0,xgb,global_std,BalAcc,-0.2740832981998417,0.27341585151392805,-0.2774768235804242,0.2818908985088647,20
lsac,gradual_group_mag1.0,xgb,subgroup_violation_diff,DI_star,-0.1418796992481203,0.25362910606621675,-0.20717937185956842,0.3296223427539909,20
lsac,gradual_group_mag1.0,xgb,subgroup_violation_diff,AOD_star,-0.2606766917293232,0.2652485269523099,-0.2683158594006684,0.2915696382708771,20
lsac,gradual_group_mag1.0,xgb,subgroup_violation_diff,BalAcc,0.1473034769852159,0.26452525486945355,0.14589213358403202,0.2887204227333292,20
lsac,gradual_group_mag1.0,xgb,max_subgroup_deviation,DI_star,0.2805263157894737,0.24001360270117758,0.3829848749224142,0.30880470531577686,20
lsac,gradual_group_mag1.0,xgb,max_subgroup_deviation,AOD_star,0.2808270676691729,0.2646650183484062,0.3073147763874387,0.2891556375388691,20
lsac,gradual_group_mag1.0,xgb,max_subgroup_deviation,BalAcc,-0.2534024749518269,0.2943506346294916,-0.25556341589595455,0.31767465771531084,20
lsac,gradual_group_mag1.0,xgb,assignment_proportion_drift,DI_star,0.24256293121524486,0.21770882309522543,0.30040557398307255,0.22193193166388325,20
lsac,gradual_group_mag1.0,xgb,assignment_proportion_drift,AOD_star,0.23225307249816662,0.25603974630325627,0.2517741343500258,0.2636824981887949,20
lsac,gradual_group_mag1.0,xgb,assignment_proportion_drift,BalAcc,-0.21437008044712474,0.16573102967292336,-0.20756634928647794,0.1817247835456228,20
lsac,gradual_group_mag1.0,xgb,ks_statistic,DI_star,0.34263157894736834,0.16943723714267886,0.33564562330726744,0.15323595360488498,20
lsac,gradual_group_mag1.0,xgb,ks_statistic,AOD_star,-0.04571428571428571,0.15972685713514426,-0.03308551977695408,0.18510834235622878,20
lsac,gradual_group_mag1.0,xgb,ks_statistic,BalAcc,-0.23816788395669217,0.16988064843650355,-0.247265257256033,0.157679192867716,20
lsac,gradual_group_mag1.0,xgb,kl_divergence,DI_star,0.5880451127819548,0.1736366663436045,0.41009481426260885,0.11410335481262791,20
lsac,gradual_group_mag1.0,xgb,kl_divergence,AOD_star,-0.07150375939849622,0.1945346731224675,-0.17590568041565957,0.17914528632621388,20
lsac,gradual_group_mag1.0,xgb,kl_divergence,BalAcc,-0.34811137271509895,0.15765380331144216,-0.2695760896463243,0.1481919105334541,20
lsac,gradual_group_mag1.0,xgb,per_subgroup_ewma[min_neg],DI_star,0.5485714285714284,0.35845807689077896,0.6135816062295086,0.41184869572012744,20
lsac,gradual_group_mag1.0,xgb,per_subgroup_ewma[min_neg],AOD_star,0.12315789473684206,0.2895382800693718,0.2358073948997627,0.3185937782094237,20
lsac,gradual_group_mag1.0,xgb,per_subgroup_ewma[min_neg],BalAcc,-0.31104438269592405,0.2916041257962733,-0.34258715124880645,0.31464392617313125,20
lsac,gradual_group_mag1.0,xgb,per_subgroup_baseline_relative[min_neg],DI_star,0.28240601503759394,0.26804805490376177,0.3187816110537359,0.28569905547422453,20
lsac,gradual_group_mag1.0,xgb,per_subgroup_baseline_relative[min_neg],AOD_star,0.13458646616541353,0.19975138598307524,0.18774556341892631,0.20549233909773684,20
lsac,gradual_group_mag1.0,xgb,per_subgroup_baseline_relative[min_neg],BalAcc,-0.22306710038485428,0.32023944662907305,-0.23023680865635004,0.32698927326399885,20
lsac,gradual_group_mag1.0,xgb,per_subgroup_ewma[min_pos],DI_star,0.49037593984962397,0.38665303694179476,0.5340064096312588,0.45821526505589666,20
lsac,gradual_group_mag1.0,xgb,per_subgroup_ewma[min_pos],AOD_star,0.023909774436090207,0.26483115727227835,0.1275824107086056,0.36076497161635745,20
lsac,gradual_group_mag1.0,xgb,per_subgroup_ewma[min_pos],BalAcc,-0.3672081549415113,0.24765290945694418,-0.36919510821518187,0.26050695409875907,20
lsac,gradual_group_mag1.0,xgb,per_subgroup_baseline_relative[min_pos],DI_star,0.21165413533834582,0.22846301099091282,0.28485983098222867,0.2857215303036142,20
lsac,gradual_group_mag1.0,xgb,per_subgroup_baseline_relative[min_pos],AOD_star,0.11390977443609021,0.21355706481709255,0.13344784542079752,0.24786303555433387,20
lsac,gradual_group_mag1.0,xgb,per_subgroup_baseline_relative[min_pos],BalAcc,-0.29087182106666243,0.2471823010060426,-0.2743676747761438,0.24337268303901263,20
lsac,gradual_group_mag1.0,xgb,per_subgroup_ewma[maj_neg],DI_star,0.18210526315789471,0.48256852774236875,0.23540875137207537,0.5940628060644616,20
lsac,gradual_group_mag1.0,xgb,per_subgroup_ewma[maj_neg],AOD_star,0.11240601503759398,0.3501806145026807,0.18713766077082544,0.38106364814819715,20
lsac,gradual_group_mag1.0,xgb,per_subgroup_ewma[maj_neg],BalAcc,-0.19069508547692257,0.40013116608257304,-0.1730392122410466,0.41370759426818454,20
lsac,gradual_group_mag1.0,xgb,per_subgroup_baseline_relative[maj_neg],DI_star,0.1269924812030075,0.2764961203792382,0.17312305328432423,0.31256033138859773,20
lsac,gradual_group_mag1.0,xgb,per_subgroup_baseline_relative[maj_neg],AOD_star,0.13586466165413533,0.18586081400986162,0.17364482516239835,0.2251765313078769,20
lsac,gradual_group_mag1.0,xgb,per_subgroup_baseline_relative[maj_neg],BalAcc,-0.1531657050050535,0.32908221863683945,-0.14858432529119084,0.3275504278512077,20
lsac,gradual_group_mag1.0,xgb,per_subgroup_ewma[maj_pos],DI_star,0.3621804511278195,0.5755383030601285,0.39957798763645663,0.6554735133061983,20
lsac,gradual_group_mag1.0,xgb,per_subgroup_ewma[maj_pos],AOD_star,0.06488721804511276,0.25036861286666795,0.14051571661772724,0.3671749265416771,20
lsac,gradual_group_mag1.0,xgb,per_subgroup_ewma[maj_pos],BalAcc,-0.21578269630099517,0.36617214888493144,-0.23430865324506217,0.3785771861677851,20
lsac,gradual_group_mag1.0,xgb,per_subgroup_baseline_relative[maj_pos],DI_star,0.24481203007518793,0.2647601491364404,0.3168635796725418,0.3496282472471363,20
lsac,gradual_group_mag1.0,xgb,per_subgroup_baseline_relative[maj_pos],AOD_star,0.280375939849624,0.2808729014141929,0.29088531574422044,0.31307122919586655,20
lsac,gradual_group_mag1.0,xgb,per_subgroup_baseline_relative[maj_pos],BalAcc,-0.22144385238811543,0.22279546290240096,-0.2195497304277106,0.2485310113539913,20
lsac,gradual_group_mag2.0,lr,global_mean,DI_star,0.6653526000449069,0.0941252015460807,0.6938275717705497,0.08182625498022136,20
lsac,gradual_group_mag2.0,lr,global_mean,AOD_star,0.612781954887218,0.13808122776884485,0.6351242452020711,0.12914419771790336,20
lsac,gradual_group_mag2.0,lr,global_mean,BalAcc,-0.17888363470311067,0.20271215679931026,-0.22606424426133515,0.19032801087651086,20
lsac,gradual_group_mag2.0,lr,global_ewma,DI_star,0.8355051537067386,0.1321563902519278,0.8396271054384457,0.12191619738892101,20
lsac,gradual_group_mag2.0,lr,global_ewma,AOD_star,0.7763909774436089,0.17527868831240284,0.7648388620466637,0.19544540131852342,20
lsac,gradual_group_mag2.0,lr,global_ewma,BalAcc,-0.29753135424650684,0.18477366623389693,-0.3061889938234125,0.1892454402050788,20
lsac,gradual_group_mag2.0,lr,global_std,DI_star,0.6824190248052784,0.0952328428916679,0.7031886171837413,0.09494507983871474,20
lsac,gradual_group_mag2.0,lr,global_std,AOD_star,0.6164661654135337,0.1619601754220728,0.6263755852231684,0.15751875580668034,20
lsac,gradual_group_mag2.0,lr,global_std,BalAcc,-0.22283214854936156,0.19134040255286924,-0.26171562193951015,0.1889144963271839,20
lsac,gradual_group_mag2.0,lr,subgroup_violation_diff,DI_star,-0.2946715245895161,0.33700203478355356,-0.2967949303215171,0.34097840243319943,20
lsac,gradual_group_mag2.0,lr,subgroup_violation_diff,AOD_star,-0.26804511278195486,0.30977037554824655,-0.28091969809304906,0.30619145414385485,20
lsac,gradual_group_mag2.0,lr,subgroup_violation_diff,BalAcc,0.0804971074482469,0.23053665129544187,0.09560166786253402,0.27639183452953603,20
lsac,gradual_group_mag2.0,lr,max_subgroup_deviation,DI_star,0.5199398581092229,0.1783069129383262,0.5482791879260148,0.152905219192772,20
lsac,gradual_group_mag2.0,lr,max_subgroup_deviation,AOD_star,0.4683458646616542,0.16598225880497292,0.4900068074361864,0.15475749415242304,20
lsac,gradual_group_mag2.0,lr,max_subgroup_deviation,BalAcc,-0.18312973283345074,0.24379329632359606,-0.229927081067272,0.24018270782513215,20
lsac,gradual_group_mag2.0,lr,assignment_proportion_drift,DI_star,0.3047513716940039,0.22692465244928164,0.32912702391655774,0.22924496471432113,20
lsac,gradual_group_mag2.0,lr,assignment_proportion_drift,AOD_star,0.2839903540326899,0.2473005146783861,0.32048550851578445,0.22877605753258465,20
lsac,gradual_group_mag2.0,lr,assignment_proportion_drift,BalAcc,-0.08592707401629443,0.23845299109702475,-0.10633526517957588,0.2212790021724427,20
lsac,gradual_group_mag2.0,lr,ks_statistic,DI_star,0.7596762052776722,0.08608105307496532,0.7515638750639283,0.07470814594617148,20
lsac,gradual_group_mag2.0,lr,ks_statistic,AOD_star,0.6926315789473683,0.08276607579568726,0.6875661122163186,0.09313692755119857,20
lsac,gradual_group_mag2.0,lr,ks_statistic,BalAcc,-0.2965154257662566,0.20015440960800404,-0.32456668277429573,0.19408926368098445,20
lsac,gradual_group_mag2.0,lr,kl_divergence,DI_star,0.8823847256853922,0.030193050767083323,0.857142938314676,0.045544708473669704,20
lsac,gradual_group_mag2.0,lr,kl_divergence,AOD_star,0.8271428571428571,0.052110145264884736,0.785299984604108,0.09351095568910146,20
lsac,gradual_group_mag2.0,lr,kl_divergence,BalAcc,-0.3205017457132473,0.17341699510774655,-0.32325276982944,0.17807890291362644,20
lsac,gradual_group_mag2.0,lr,per_subgroup_ewma[min_neg],DI_star,0.8068964563945394,0.12497752082449454,0.8244148745760856,0.10319398443744122,20
lsac,gradual_group_mag2.0,lr,per_subgroup_ewma[min_neg],AOD_star,0.7848872180451127,0.12245392182914404,0.7747220312362638,0.14870046343093732,20
lsac,gradual_group_mag2.0,lr,per_subgroup_ewma[min_neg],BalAcc,-0.25486165809525824,0.19589740877707854,-0.2593370062134648,0.20116465126386365,20
lsac,gradual_group_mag2.0,lr,per_subgroup_baseline_relative[min_neg],DI_star,0.47204285869882473,0.22034842235586516,0.5069013019322335,0.19454085536069968,20
lsac,gradual_group_mag2.0,lr,per_subgroup_baseline_relative[min_neg],AOD_star,0.4799248120300751,0.18879774106564012,0.49318071754291887,0.16237733411032174,20
lsac,gradual_group_mag2.0,lr,per_subgroup_baseline_relative[min_neg],BalAcc,-0.04090884536925086,0.22922178976304675,-0.08086146187124776,0.26097332770878345,20
lsac,gradual_group_mag2.0,lr,per_subgroup_ewma[min_pos],DI_star,0.733998085302114,0.21840867185684346,0.7395577183983452,0.207650855403261,20
lsac,gradual_group_mag2.0,lr,per_subgroup_ewma[min_pos],AOD_star,0.6713533834586465,0.24915821874055757,0.6577295657874009,0.26579623141949943,20
lsac,gradual_group_mag2.0,lr,per_subgroup_ewma[min_pos],BalAcc,-0.26899481871914105,0.19178575780271503,-0.27772559500949484,0.20309985186818497,20
lsac,gradual_group_mag2.0,lr,per_subgroup_baseline_relative[min_pos],DI_star,0.4769637253754393,0.23439083600062488,0.49776932109806393,0.23574799019336856,20
lsac,gradual_group_mag2.0,lr,per_subgroup_baseline_relative[min_pos],AOD_star,0.4332330827067669,0.21265672873992272,0.43713570281000613,0.2318748564663307,20
lsac,gradual_group_mag2.0,lr,per_subgroup_baseline_relative[min_pos],BalAcc,-0.1795116882859918,0.2186127673142465,-0.20531810595673572,0.21187865950873763,20
lsac,gradual_group_mag2.0,lr,per_subgroup_ewma[maj_neg],DI_star,0.6168070708085768,0.3416210526854324,0.6244945924169338,0.2882488342785788,20
lsac,gradual_group_mag2.0,lr,per_subgroup_ewma[maj_neg],AOD_star,0.554812030075188,0.3709956001298842,0.5517349164498246,0.31537206374327825,20
lsac,gradual_group_mag2.0,lr,per_subgroup_ewma[maj_neg],BalAcc,-0.19038846882154603,0.23815112017795848,-0.22036833554913696,0.2241818623830098,20
lsac,gradual_group_mag2.0,lr,per_subgroup_baseline_relative[maj_neg],DI_star,0.48365248507786307,0.2512013372250821,0.5003950087122684,0.22950225639334712,20
lsac,gradual_group_mag2.0,lr,per_subgroup_baseline_relative[maj_neg],AOD_star,0.44518796992481197,0.23336023981469578,0.45737128449311315,0.22159992728275998,20
lsac,gradual_group_mag2.0,lr,per_subgroup_baseline_relative[maj_neg],BalAcc,-0.07109945967075522,0.23818602764107458,-0.1290441024044915,0.2261385275541133,20
lsac,gradual_group_mag2.0,lr,per_subgroup_ewma[maj_pos],DI_star,0.538772563815495,0.47323553360278214,0.5580150633889487,0.4896706493436678,20
lsac,gradual_group_mag2.0,lr,per_subgroup_ewma[maj_pos],AOD_star,0.5090225563909774,0.4835068206450311,0.5235673526361405,0.5009045096734367,20
lsac,gradual_group_mag2.0,lr,per_subgroup_ewma[maj_pos],BalAcc,-0.21956171225551335,0.22041420360595723,-0.22234896672436438,0.2388527615213441,20
lsac,gradual_group_mag2.0,lr,per_subgroup_baseline_relative[maj_pos],DI_star,0.37354619386576615,0.23670788157650705,0.4016711197482875,0.22934432032090776,20
lsac,gradual_group_mag2.0,lr,per_subgroup_baseline_relative[maj_pos],AOD_star,0.34278195488721797,0.21736397370763444,0.3799365364729786,0.2154216327733358,20
lsac,gradual_group_mag2.0,lr,per_subgroup_baseline_relative[maj_pos],BalAcc,-0.1263628155402177,0.23476035681363028,-0.15145674406391843,0.24267657262922077,20
lsac,gradual_group_mag2.0,xgb,global_mean,DI_star,0.20120300751879694,0.1979078771604652,0.47039967323197784,0.24667495975635753,20
lsac,gradual_group_mag2.0,xgb,global_mean,AOD_star,-0.2693984962406014,0.2675695831458854,-0.1902372456575546,0.29330912578458446,20
lsac,gradual_group_mag2.0,xgb,global_mean,BalAcc,-0.4775187969924811,0.19798548722488774,-0.5071956624514578,0.1940447993135856,20
lsac,gradual_group_mag2.0,xgb,global_ewma,DI_star,0.23984962406015034,0.29105747767616336,0.48757816221225525,0.2700703265962525,20
lsac,gradual_group_mag2.0,xgb,global_ewma,AOD_star,-0.43624060150375926,0.23192821040586664,-0.3650821351108913,0.20820234997848758,20
lsac,gradual_group_mag2.0,xgb,global_ewma,BalAcc,-0.47624060150375935,0.17607288845776764,-0.5044004503973336,0.18863470612689248,20
lsac,gradual_group_mag2.0,xgb,global_std,DI_star,0.15654135338345865,0.17918345455143175,0.36642860233729035,0.17341334634447778,20
lsac,gradual_group_mag2.0,xgb,global_std,AOD_star,-0.3206015037593985,0.19918461181081795,-0.3088817002472953,0.1835370876036888,20
lsac,gradual_group_mag2.0,xgb,global_std,BalAcc,-0.4639097744360903,0.20378714124593977,-0.46833651288734685,0.18448487010993725,20
lsac,gradual_group_mag2.0,xgb,subgroup_violation_diff,DI_star,-0.12518796992481201,0.20845971443213493,-0.20479806310072565,0.24843848593957626,20
lsac,gradual_group_mag2.0,xgb,subgroup_violation_diff,AOD_star,0.04541353383458647,0.3193662813143673,0.07015922697757493,0.30329632064097783,20
lsac,gradual_group_mag2.0,xgb,subgroup_violation_diff,BalAcc,0.2477443609022556,0.2589108961940652,0.2487293764111464,0.27363942700941984,20
lsac,gradual_group_mag2.0,xgb,max_subgroup_deviation,DI_star,0.2573684210526316,0.22461468190697162,0.40038256140662976,0.20468317978788989,20
lsac,gradual_group_mag2.0,xgb,max_subgroup_deviation,AOD_star,-0.0963157894736842,0.30076296032219363,-0.1307182239701255,0.3253178495105301,20
lsac,gradual_group_mag2.0,xgb,max_subgroup_deviation,BalAcc,-0.3504511278195488,0.19256604979107456,-0.3689740449343315,0.1801729716172652,20
lsac,gradual_group_mag2.0,xgb,assignment_proportion_drift,DI_star,0.24558222839852814,0.18752961183173825,0.3624005532718752,0.1872190325291649,20
lsac,gradual_group_mag2.0,xgb,assignment_proportion_drift,AOD_star,0.061053612315320895,0.25340104873613245,0.05408253942998573,0.26294431254324613,20
lsac,gradual_group_mag2.0,xgb,assignment_proportion_drift,BalAcc,-0.23062316222685353,0.2044603784469109,-0.2520255780593216,0.1768742133092228,20
lsac,gradual_group_mag2.0,xgb,ks_statistic,DI_star,0.25037593984962403,0.18669552956261048,0.3674007262021755,0.11242636495050264,20
lsac,gradual_group_mag2.0,xgb,ks_statistic,AOD_star,-0.38150375939849623,0.15430586569070087,-0.40344671040267494,0.10387713632732086,20
lsac,gradual_group_mag2.0,xgb,ks_statistic,BalAcc,-0.4306766917293234,0.16664843211536073,-0.429792844413197,0.14356263480781858,20
lsac,gradual_group_mag2.0,xgb,kl_divergence,DI_star,0.272781954887218,0.17273764785241305,0.3201082712586956,0.096900577491426,20
lsac,gradual_group_mag2.0,xgb,kl_divergence,AOD_star,-0.48112781954887207,0.15881256687694453,-0.5517294185487084,0.10143024102356106,20
lsac,gradual_group_mag2.0,xgb,kl_divergence,BalAcc,-0.5017293233082707,0.13512704892437005,-0.4528194980238963,0.12206925764209196,20
lsac,gradual_group_mag2.0,xgb,per_subgroup_ewma[min_neg],DI_star,0.3129323308270676,0.2566635377923552,0.5114240742606745,0.2390700133955909,20
lsac,gradual_group_mag2.0,xgb,per_subgroup_ewma[min_neg],AOD_star,-0.36428571428571427,0.2508746078349728,-0.33799886080884967,0.23642945169364116,20
lsac,gradual_group_mag2.0,xgb,per_subgroup_ewma[min_neg],BalAcc,-0.4700751879699247,0.16435849457199572,-0.49869031515386714,0.16742334336925482,20
lsac,gradual_group_mag2.0,xgb,per_subgroup_baseline_relative[min_neg],DI_star,0.21661654135338343,0.20785712585859586,0.36543121328977113,0.21360605006766886,20
lsac,gradual_group_mag2.0,xgb,per_subgroup_baseline_relative[min_neg],AOD_star,-0.16142857142857145,0.27613718333775406,-0.1366687924708708,0.28678981976458423,20
lsac,gradual_group_mag2.0,xgb,per_subgroup_baseline_relative[min_neg],BalAcc,-0.38052631578947366,0.17395089053635213,-0.39968862691114293,0.14858284360941967,20
lsac,gradual_group_mag2.0,xgb,per_subgroup_ewma[min_pos],DI_star,0.2684962406015038,0.2719766091673995,0.4120107040334663,0.32553847545874176,20
lsac,gradual_group_mag2.0,xgb,per_subgroup_ewma[min_pos],AOD_star,-0.3369172932330827,0.2728316370105947,-0.32698808530004564,0.27195184176324144,20
lsac,gradual_group_mag2.0,xgb,per_subgroup_ewma[min_pos],BalAcc,-0.471578947368421,0.2190598116620671,-0.45971181937409444,0.20382074400920372,20
lsac,gradual_group_mag2.0,xgb,per_subgroup_baseline_relative[min_pos],DI_star,0.17609022556390977,0.1920371404897804,0.3240327434300484,0.23004303164335538,20
lsac,gradual_group_mag2.0,xgb,per_subgroup_baseline_relative[min_pos],AOD_star,-0.15360902255639095,0.3384889505299161,-0.1478051143111871,0.31133694021744795,20
lsac,gradual_group_mag2.0,xgb,per_subgroup_baseline_relative[min_pos],BalAcc,-0.35473684210526313,0.25646126084499893,-0.3399227034572904,0.25269094433851824,20
lsac,gradual_group_mag2.0,xgb,per_subgroup_ewma[maj_neg],DI_star,0.13037593984962403,0.3601527618550005,0.2620180975012232,0.32295600558107446,20
lsac,gradual_group_mag2.0,xgb,per_subgroup_ewma[maj_neg],AOD_star,-0.34458646616541355,0.20882301017568514,-0.3410044922043128,0.18933533438136813,20
lsac,gradual_group_mag2.0,xgb,per_subgroup_ewma[maj_neg],BalAcc,-0.33518796992481203,0.3479560501779598,-0.35861382080332027,0.2980563516313269,20
lsac,gradual_group_mag2.0,xgb,per_subgroup_baseline_relative[maj_neg],DI_star,0.12,0.21046540472220904,0.2548497501255583,0.19609014584192,20
lsac,gradual_group_mag2.0,xgb,per_subgroup_baseline_relative[maj_neg],AOD_star,-0.24045112781954883,0.2859757015398675,-0.22752640867075366,0.2438739052453222,20
lsac,gradual_group_mag2.0,xgb,per_subgroup_baseline_relative[maj_neg],BalAcc,-0.3449624060150376,0.2613330499024915,-0.367969322987696,0.2513476836297489,20
lsac,gradual_group_mag2.0,xgb,per_subgroup_ewma[maj_pos],DI_star,0.1445864661654135,0.4082033135138187,0.3447827358865688,0.5289579042362906,20
lsac,gradual_group_mag2.0,xgb,per_subgroup_ewma[maj_pos],AOD_star,-0.2894736842105262,0.33097279770458,-0.21712784618353034,0.30406171673819915,20
lsac,gradual_group_mag2.0,xgb,per_subgroup_ewma[maj_pos],BalAcc,-0.3044360902255639,0.34313485488013906,-0.3312902099763363,0.37186188406656007,20
lsac,gradual_group_mag2.0,xgb,per_subgroup_baseline_relative[maj_pos],DI_star,0.1838345864661654,0.23914213188019748,0.31500825910093677,0.27683355845156193,20
lsac,gradual_group_mag2.0,xgb,per_subgroup_baseline_relative[maj_pos],AOD_star,-0.03954887218045113,0.29154210720126705,-0.060377695371867234,0.3074052776470692,20
lsac,gradual_group_mag2.0,xgb,per_subgroup_baseline_relative[maj_pos],BalAcc,-0.28601503759398494,0.20649721302737156,-0.3059070268422012,0.21689816859611474,20
lsac,gradual_global_mag0.5,lr,global_mean,DI_star,0.42310559746555076,0.228781146970114,0.404383703939339,0.16005460691217072,20
lsac,gradual_global_mag0.5,lr,global_mean,AOD_star,0.13375939849624058,0.2945063833546254,0.08548336834513359,0.2585004038604487,20
lsac,gradual_global_mag0.5,lr,global_mean,BalAcc,-0.04774436090225563,0.23897659719877584,-0.067614819630904,0.223167363420879,20
lsac,gradual_global_mag0.5,lr,global_ewma,DI_star,0.528547348052413,0.21749183706711808,0.5255843857896256,0.19100529610658135,20
lsac,gradual_global_mag0.5,lr,global_ewma,AOD_star,0.14789473684210525,0.2893532705320924,0.1347531507880485,0.298039814256682,20
lsac,gradual_global_mag0.5,lr,global_ewma,BalAcc,-0.12082706766917291,0.22519883990986586,-0.1261657476155307,0.23311510920553916,20
lsac,gradual_global_mag0.5,lr,global_std,DI_star,0.09202089624445849,0.31961554964601935,0.05050689847098435,0.27494234877529616,20
lsac,gradual_global_mag0.5,lr,global_std,AOD_star,-0.005263157894736845,0.2405909302187939,-0.03751191970537974,0.24430310168766936,20
lsac,gradual_global_mag0.5,lr,global_std,BalAcc,0.015488721804511274,0.24435192580389575,0.0445538637368771,0.20810415067134358,20
lsac,gradual_global_mag0.5,lr,subgroup_violation_diff,DI_star,0.11255933730499049,0.2155377544630955,0.13679806680634715,0.28260372440181153,20
lsac,gradual_global_mag0.5,lr,subgroup_violation_diff,AOD_star,0.06473684210526315,0.1990130404967208,0.1199439125327171,0.2107560736944867,20
lsac,gradual_global_mag0.5,lr,subgroup_violation_diff,BalAcc,-0.07097744360902256,0.22048087275865166,-0.05418470708100043,0.22773839838719379,20
lsac,gradual_global_mag0.5,lr,max_subgroup_deviation,DI_star,0.20680436878572522,0.24466797606961305,0.2846277208613436,0.2135556421108388,20
lsac,gradual_global_mag0.5,lr,max_subgroup_deviation,AOD_star,-8.083281329010899e-05,0.25872734165086403,0.018354930577373783,0.29003547222921805,20
lsac,gradual_global_mag0.5,lr,max_subgroup_deviation,BalAcc,0.04129013839180947,0.28089677845218136,-0.020468589955796986,0.25696454931949536,20
lsac,gradual_global_mag0.5,lr,assignment_proportion_drift,DI_star,0.11356775420575174,0.27652789012421336,0.2645360430952116,0.21932195828223108,20
lsac,gradual_global_mag0.5,lr,assignment_proportion_drift,AOD_star,-0.06910654855336353,0.23418967340336233,0.02313284640951075,0.26091154518092213,20
lsac,gradual_global_mag0.5,lr,assignment_proportion_drift,BalAcc,-0.03748550185317682,0.2723729850810154,-0.03915032647692484,0.24822154705054283,20
lsac,gradual_global_mag0.5,lr,ks_statistic,DI_star,0.5407267792976203,0.2129206546379045,0.5416374320217197,0.19178605288239411,20
lsac,gradual_global_mag0.5,lr,ks_statistic,AOD_star,0.15654135338345862,0.3040298431308369,0.1378861632859619,0.3169734309264762,20
lsac,gradual_global_mag0.5,lr,ks_statistic,BalAcc,-0.13774436090225564,0.22540866838308937,-0.13816065481666281,0.2137779582892497,20
lsac,gradual_global_mag0.5,lr,kl_divergence,DI_star,0.5150857551083249,0.1817842608191548,0.4240199385609246,0.17587426623069227,20
lsac,gradual_global_mag0.5,lr,kl_divergence,AOD_star,0.13210526315789473,0.2670048675567533,0.11958374688831805,0.24217555852438666,20
lsac,gradual_global_mag0.5,lr,kl_divergence,BalAcc,-0.12248120300751879,0.21783317415683656,-0.11096089350180412,0.17198834347598405,20
lsac,gradual_global_mag0.5,lr,per_subgroup_ewma[min_neg],DI_star,0.533207529023978,0.21802425119081192,0.514771215424679,0.19144660578482767,20
lsac,gradual_global_mag0.5,lr,per_subgroup_ewma[min_neg],AOD_star,0.1545864661654135,0.29661958125699567,0.1291047563324376,0.29754835498030674,20
lsac,gradual_global_mag0.5,lr,per_subgroup_ewma[min_neg],BalAcc,-0.12135338345864662,0.21778314571707824,-0.11592265968192283,0.23506931840733078,20
lsac,gradual_global_mag0.5,lr,per_subgroup_baseline_relative[min_neg],DI_star,0.32394377052316964,0.20068724076945024,0.37062284913380916,0.16034865355849387,20
lsac,gradual_global_mag0.5,lr,per_subgroup_baseline_relative[min_neg],AOD_star,0.08150375939849623,0.19493188479131188,0.07171764832034777,0.2543388668111202,20
lsac,gradual_global_mag0.5,lr,per_subgroup_baseline_relative[min_neg],BalAcc,-0.011278195488721809,0.20321710150546324,-0.05266568318744942,0.22084429637412667,20
lsac,gradual_global_mag0.5,lr,per_subgroup_ewma[min_pos],DI_star,0.5329092701906645,0.20765645960966753,0.4992414824276552,0.1918029837472483,20
lsac,gradual_global_mag0.5,lr,per_subgroup_ewma[min_pos],AOD_star,0.1444360902255639,0.288320317265288,0.1045318627910955,0.3014368794910038,20
lsac,gradual_global_mag0.5,lr,per_subgroup_ewma[min_pos],BalAcc,-0.1465413533834586,0.22334217863624678,-0.12400121018933652,0.23986164950241956,20
lsac,gradual_global_mag0.5,lr,per_subgroup_baseline_relative[min_pos],DI_star,0.1948132072553465,0.2658058382000621,0.29182936695288386,0.22025344088508347,20
lsac,gradual_global_mag0.5,lr,per_subgroup_baseline_relative[min_pos],AOD_star,-0.041269159832742146,0.25123000926994826,0.020180278397112658,0.28359386924639784,20
lsac,gradual_global_mag0.5,lr,per_subgroup_baseline_relative[min_pos],BalAcc,-0.04804858648494973,0.2879570171555648,-0.04603625332112364,0.2562113127675386,20
lsac,gradual_global_mag0.5,lr,per_subgroup_ewma[maj_neg],DI_star,0.4750128335442052,0.24714417597300484,0.47571209232945977,0.2141669598452274,20
lsac,gradual_global_mag0.5,lr,per_subgroup_ewma[maj_neg],AOD_star,0.13112781954887215,0.29048552773348557,0.11628918838416755,0.2985998595490189,20
lsac,gradual_global_mag0.5,lr,per_subgroup_ewma[maj_neg],BalAcc,-0.10857142857142857,0.23091281990704224,-0.09365661908278476,0.237281782084535,20
lsac,gradual_global_mag0.5,lr,per_subgroup_baseline_relative[maj_neg],DI_star,0.25628079707199286,0.2133116391711096,0.28617837143207026,0.19828115762025186,20
lsac,gradual_global_mag0.5,lr,per_subgroup_baseline_relative[maj_neg],AOD_star,0.09921204796987264,0.23552465402060596,0.08208447154948686,0.2449581925226338,20
lsac,gradual_global_mag0.5,lr,per_subgroup_baseline_relative[maj_neg],BalAcc,-0.014923208564217649,0.2551240801145642,-0.012937150630086058,0.23885930088947105,20
lsac,gradual_global_mag0.5,lr,per_subgroup_ewma[maj_pos],DI_star,0.5320070145515667,0.21618431600897675,0.497162127425138,0.19342052675290577,20
lsac,gradual_global_mag0.5,lr,per_subgroup_ewma[maj_pos],AOD_star,0.15210526315789472,0.29219646150880335,0.11393410585598622,0.3014221770310531,20
lsac,gradual_global_mag0.5,lr,per_subgroup_ewma[maj_pos],BalAcc,-0.11954887218045111,0.2263727353230565,-0.10780194326917181,0.24069591876383287,20
lsac,gradual_global_mag0.5,lr,per_subgroup_baseline_relative[maj_pos],DI_star,0.4359087946306138,0.20510271563102844,0.3307588662970575,0.17081652679199033,20
lsac,gradual_global_mag0.5,lr,per_subgroup_baseline_relative[maj_pos],AOD_star,0.1646989228761086,0.3170552477709079,0.05453714143042961,0.27437297498779833,20
lsac,gradual_global_mag0.5,lr,per_subgroup_baseline_relative[maj_pos],BalAcc,-0.03169146064332348,0.22290217905322082,-0.03678260948937202,0.24243792088801963,20
lsac,gradual_global_mag0.5,xgb,global_mean,DI_star,0.5664661654135339,0.12410443502154801,0.7136152945128433,0.122810391973181,20
lsac,gradual_global_mag0.5,xgb,global_mean,AOD_star,0.11398496240601501,0.18802381182473718,0.1041531829968291,0.21733854371778177,20
lsac,gradual_global_mag0.5,xgb,global_mean,BalAcc,-0.47631578947368414,0.10793062199604188,-0.9115204688327594,0.07937212336790916,20
lsac,gradual_global_mag0.5,xgb,global_ewma,DI_star,0.6462406015037593,0.12568035211338147,0.710859826021237,0.12185160373823006,20
lsac,gradual_global_mag0.5,xgb,global_ewma,AOD_star,0.1893984962406015,0.2092909376707501,0.19335446425025538,0.20765219103648128,20
lsac,gradual_global_mag0.5,xgb,global_ewma,BalAcc,-0.5228571428571428,0.102934610057313,-0.768508892885261,0.0720331190411968,20
lsac,gradual_global_mag0.5,xgb,global_std,DI_star,0.08436090225563911,0.37653633881693005,0.059516031007295946,0.5268583891792356,20
lsac,gradual_global_mag0.5,xgb,global_std,AOD_star,0.03503759398496241,0.16152651020781447,0.003571963004346533,0.20417655817692767,20
lsac,gradual_global_mag0.5,xgb,global_std,BalAcc,-0.0081954887218045,0.44500442569549215,-0.04522349361570095,0.7054398275545745,20
lsac,gradual_global_mag0.5,xgb,subgroup_violation_diff,DI_star,0.09789473684210523,0.4305570411774749,0.14482513430200425,0.6670651511375905,20
lsac,gradual_global_mag0.5,xgb,subgroup_violation_diff,AOD_star,0.03872180451127819,0.26728953182086784,0.05367244923845349,0.22375787483026593,20
lsac,gradual_global_mag0.5,xgb,subgroup_violation_diff,BalAcc,-0.04977443609022555,0.47982318619543707,-0.16652345304462318,0.9202471510554487,20
lsac,gradual_global_mag0.5,xgb,max_subgroup_deviation,DI_star,0.45605018192665286,0.17229735995443154,0.6785470637416204,0.17024918800256897,20
lsac,gradual_global_mag0.5,xgb,max_subgroup_deviation,AOD_star,0.06953255770428979,0.25104300465308715,0.06331966049179474,0.23345267201344153,20
lsac,gradual_global_mag0.5,xgb,max_subgroup_deviation,BalAcc,-0.4436763904784672,0.12691479975486925,-0.9077586952989382,0.10004731835725099,20
lsac,gradual_global_mag0.5,xgb,assignment_proportion_drift,DI_star,0.34662569210775956,0.16104313679536775,0.6718001262857166,0.13424377025012463,20
lsac,gradual_global_mag0.5,xgb,assignment_proportion_drift,AOD_star,-0.05822265732847082,0.2186422606551932,0.034419873617781024,0.20078637155771278,20
lsac,gradual_global_mag0.5,xgb,assignment_proportion_drift,BalAcc,-0.4709656815502738,0.11899371798855936,-0.9504060632262249,0.03304477088037123,20
lsac,gradual_global_mag0.5,xgb,ks_statistic,DI_star,0.636015037593985,0.14290816263459044,0.7014366754760599,0.11923755496896322,20
lsac,gradual_global_mag0.5,xgb,ks_statistic,AOD_star,0.1814285714285714,0.21205048427344786,0.1871635815530988,0.23167565794807912,20
lsac,gradual_global_mag0.5,xgb,ks_statistic,BalAcc,-0.5297744360902256,0.10690671774944932,-0.7604730097603973,0.028761963198328137,20
lsac,gradual_global_mag0.5,xgb,kl_divergence,DI_star,0.6497744360902256,0.12531730319366582,0.4330642353507631,0.11218164315229408,20
lsac,gradual_global_mag0.5,xgb,kl_divergence,AOD_star,0.18984962406015038,0.2307581759014802,0.2093075489257159,0.21748478612613226,20
lsac,gradual_global_mag0.5,xgb,kl_divergence,BalAcc,-0.5179699248120301,0.09964772027171911,-0.335153548944945,0.03762835598325674,20
lsac,gradual_global_mag0.5,xgb,per_subgroup_ewma[min_neg],DI_star,0.6455639097744361,0.12457001629300768,0.7174083868795573,0.11805800797174247,20
lsac,gradual_global_mag0.5,xgb,per_subgroup_ewma[min_neg],AOD_star,0.19007518796992479,0.2090882138454679,0.18691331514717358,0.2091928427507701,20
lsac,gradual_global_mag0.5,xgb,per_subgroup_ewma[min_neg],BalAcc,-0.5227819548872179,0.10198579499131326,-0.7880304509954567,0.052174899945419885,20
lsac,gradual_global_mag0.5,xgb,per_subgroup_baseline_relative[min_neg],DI_star,0.48466165413533824,0.12874683545538557,0.7053813934676415,0.12341304135684425,20
lsac,gradual_global_mag0.5,xgb,per_subgroup_baseline_relative[min_neg],AOD_star,0.07571428571428572,0.1975457277335121,0.08847604249828459,0.21404331419941464,20
lsac,gradual_global_mag0.5,xgb,per_subgroup_baseline_relative[min_neg],BalAcc,-0.443984962406015,0.10668203233683468,-0.923806928249355,0.056283441751106736,20
lsac,gradual_global_mag0.5,xgb,per_subgroup_ewma[min_pos],DI_star,0.6298496240601504,0.13758229540713962,0.7088291677444529,0.1197282015738037,20
lsac,gradual_global_mag0.5,xgb,per_subgroup_ewma[min_pos],AOD_star,0.1883458646616541,0.21063685336546292,0.17461552692913573,0.21704937233804208,20
lsac,gradual_global_mag0.5,xgb,per_subgroup_ewma[min_pos],BalAcc,-0.4996992481203006,0.12651622121863768,-0.7836660336019446,0.09399436003069991,20
lsac,gradual_global_mag0.5,xgb,per_subgroup_baseline_relative[min_pos],DI_star,0.3852571506966149,0.2506285265766539,0.6454391448560501,0.23022374274091004,20
lsac,gradual_global_mag0.5,xgb,per_subgroup_baseline_relative[min_pos],AOD_star,0.02641689303216401,0.26197583280542136,0.06593715160021787,0.2411120212054565,20
lsac,gradual_global_mag0.5,xgb,per_subgroup_baseline_relative[min_pos],BalAcc,-0.3771022879186775,0.24794034770957948,-0.8448442730833376,0.22195761493144023,20
lsac,gradual_global_mag0.5,xgb,per_subgroup_ewma[maj_neg],DI_star,0.6175939849624059,0.12635794140942488,0.6968665471368893,0.12697315355874178,20
lsac,gradual_global_mag0.5,xgb,per_subgroup_ewma[maj_neg],AOD_star,0.17924812030075182,0.20486568142310552,0.18681424690891285,0.21392305154830513,20
lsac,gradual_global_mag0.5,xgb,per_subgroup_ewma[maj_neg],BalAcc,-0.5217293233082707,0.1088221907831841,-0.7705713401184593,0.0644112811960782,20
lsac,gradual_global_mag0.5,xgb,per_subgroup_baseline_relative[maj_neg],DI_star,0.4315278451177219,0.16541898502626448,0.6203149171507154,0.20118551351247244,20
lsac,gradual_global_mag0.5,xgb,per_subgroup_baseline_relative[maj_neg],AOD_star,0.08414255253998534,0.20901464781506782,0.11169601321020091,0.23530245775289416,20
lsac,gradual_global_mag0.5,xgb,per_subgroup_baseline_relative[maj_neg],BalAcc,-0.4771559473007051,0.16131719598452618,-0.8076885316736506,0.19732393716272173,20
lsac,gradual_global_mag0.5,xgb,per_subgroup_ewma[maj_pos],DI_star,0.6464661654135337,0.12152097324649562,0.725227235733873,0.11147222424655663,20
lsac,gradual_global_mag0.5,xgb,per_subgroup_ewma[maj_pos],AOD_star,0.18736842105263157,0.20257732195889824,0.17683384613972064,0.2173498379481647,20
lsac,gradual_global_mag0.5,xgb,per_subgroup_ewma[maj_pos],BalAcc,-0.5235338345864661,0.10126262083638465,-0.8132795777144965,0.02413243876410276,20
lsac,gradual_global_mag0.5,xgb,per_subgroup_baseline_relative[maj_pos],DI_star,0.5518151736312757,0.13530484943509066,0.7199601207387065,0.11780048666871616,20
lsac,gradual_global_mag0.5,xgb,per_subgroup_baseline_relative[maj_pos],AOD_star,0.09857326690816656,0.19696232440726794,0.07497024716775122,0.21020211776998696,20
lsac,gradual_global_mag0.5,xgb,per_subgroup_baseline_relative[maj_pos],BalAcc,-0.48997537335956637,0.130874345241129,-0.9663998532124675,0.011247262812838655,20
lsac,gradual_global_mag1.0,lr,global_mean,DI_star,0.7614153696574213,0.09455642994524308,0.6904630049696274,0.12130242009842723,20
lsac,gradual_global_mag1.0,lr,global_mean,AOD_star,0.4204511278195488,0.24068814229584015,0.3800090208300099,0.2229833031964773,20
lsac,gradual_global_mag1.0,lr,global_mean,BalAcc,-0.3961727668807865,0.22876482821905347,-0.3597909082093192,0.22058273413357182,20
lsac,gradual_global_mag1.0,lr,global_ewma,DI_star,0.7815690318856887,0.08695882318754,0.7840894643642609,0.09761805356567449,20
lsac,gradual_global_mag1.0,lr,global_ewma,AOD_star,0.4284962406015037,0.24315816210269822,0.45466540771133407,0.2385442500999767,20
lsac,gradual_global_mag1.0,lr,global_ewma,BalAcc,-0.4277535525859455,0.220175970877349,-0.43292478449275124,0.20624598211686687,20
lsac,gradual_global_mag1.0,lr,global_std,DI_star,0.5795221852947595,0.1549025356677756,0.5830475634436708,0.1407895676108236,20
lsac,gradual_global_mag1.0,lr,global_std,AOD_star,0.3198496240601504,0.21790822770961302,0.3385233904403092,0.20512140999125497,20
lsac,gradual_global_mag1.0,lr,global_std,BalAcc,-0.3490305885084172,0.22427977818898442,-0.3219803491847791,0.17589494885536386,20
lsac,gradual_global_mag1.0,lr,subgroup_violation_diff,DI_star,0.04938773081302635,0.1327305909089886,0.08454039474191657,0.21060327081853605,20
lsac,gradual_global_mag1.0,lr,subgroup_violation_diff,AOD_star,0.09451127819548873,0.19266865578511194,0.1114968102420391,0.15916514879740265,20
lsac,gradual_global_mag1.0,lr,subgroup_violation_diff,BalAcc,-0.07778247810613578,0.23986972247867358,-0.07438473690632333,0.21184568777671042,20
lsac,gradual_global_mag1.0,lr,max_subgroup_deviation,DI_star,0.5530594194899336,0.19150268133506806,0.5350266440931892,0.12952587621206965,20
lsac,gradual_global_mag1.0,lr,max_subgroup_deviation,AOD_star,0.31932330827067673,0.23783668721333112,0.24210109532882368,0.2315650919884469,20
lsac,gradual_global_mag1.0,lr,max_subgroup_deviation,BalAcc,-0.25271180113174496,0.26470016095991983,-0.24586320608187578,0.23981421628646868,20
lsac,gradual_global_mag1.0,lr,assignment_proportion_drift,DI_star,0.12688865254820175,0.2842784659091159,0.3415017363762839,0.2198229526278736,20
lsac,gradual_global_mag1.0,lr,assignment_proportion_drift,AOD_star,0.032782238123463425,0.23560472350459274,0.13949829714186718,0.21216865845501345,20
lsac,gradual_global_mag1.0,lr,assignment_proportion_drift,BalAcc,-0.07827276739553898,0.2609034785142493,-0.14486195479283862,0.25798609710148224,20
lsac,gradual_global_mag1.0,lr,ks_statistic,DI_star,0.7848774158826706,0.09273963025331783,0.7775877484983238,0.09198920729503818,20
lsac,gradual_global_mag1.0,lr,ks_statistic,AOD_star,0.4342105263157895,0.24751070022112728,0.4350202733852161,0.2464853376476846,20
lsac,gradual_global_mag1.0,lr,ks_statistic,BalAcc,-0.42790339116582565,0.2258869617665961,-0.41607199552100804,0.20685950211566276,20
lsac,gradual_global_mag1.0,lr,kl_divergence,DI_star,0.7646499255279616,0.09367265048712028,0.7531762111322033,0.0901410683688169,20
lsac,gradual_global_mag1.0,lr,kl_divergence,AOD_star,0.41037593984962395,0.2485159297422045,0.4826583323098985,0.23552863783601646,20
lsac,gradual_global_mag1.0,lr,kl_divergence,BalAcc,-0.4279410558560472,0.21545944292764813,-0.46003081950075186,0.15695982879549414,20
lsac,gradual_global_mag1.0,lr,per_subgroup_ewma[min_neg],DI_star,0.780891320273753,0.0839550732042171,0.7704666600212636,0.09902233631608745,20
lsac,gradual_global_mag1.0,lr,per_subgroup_ewma[min_neg],AOD_star,0.4290977443609022,0.24394355337517906,0.4409665309718993,0.23855216609233607,20
lsac,gradual_global_mag1.0,lr,per_subgroup_ewma[min_neg],BalAcc,-0.42963328011616947,0.21471085590329994,-0.42095035868038,0.20663753645323185,20
lsac,gradual_global_mag1.0,lr,per_subgroup_baseline_relative[min_neg],DI_star,0.5954612416767878,0.13131837642429112,0.6295160167495293,0.14107021789111876,20
lsac,gradual_global_mag1.0,lr,per_subgroup_baseline_relative[min_neg],AOD_star,0.3042105263157895,0.1942046316990748,0.33130253934014176,0.2267786792743644,20
lsac,gradual_global_mag1.0,lr,per_subgroup_baseline_relative[min_neg],BalAcc,-0.32210908124188903,0.25811607565182865,-0.3269388770586643,0.22057932760010332,20
lsac,gradual_global_mag1.0,lr,per_subgroup_ewma[min_pos],DI_star,0.7770587735728123,0.09487123607260982,0.735285386161163,0.10607215815574085,20
lsac,gradual_global_mag1.0,lr,per_subgroup_ewma[min_pos],AOD_star,0.4230827067669173,0.25130661997319925,0.38309511888931425,0.24251553943228832,20
lsac,gradual_global_mag1.0,lr,per_subgroup_ewma[min_pos],BalAcc,-0.4479039850900025,0.2181896682796551,-0.39807779996929304,0.21827128026671355,20
lsac,gradual_global_mag1.0,lr,per_subgroup_baseline_relative[min_pos],DI_star,0.5578487880749561,0.22418145577075885,0.5387395531376776,0.14420243107635372,20
lsac,gradual_global_mag1.0,lr,per_subgroup_baseline_relative[min_pos],AOD_star,0.3239066640582319,0.2642794845431547,0.246942806288093,0.2328627259646225,20
lsac,gradual_global_mag1.0,lr,per_subgroup_baseline_relative[min_pos],BalAcc,-0.3011811227911268,0.25907092803201653,-0.2641292650855857,0.24599990150354095,20
lsac,gradual_global_mag1.0,lr,per_subgroup_ewma[maj_neg],DI_star,0.7651036597141867,0.10990669063854998,0.7297891620500181,0.1096248732094393,20
lsac,gradual_global_mag1.0,lr,per_subgroup_ewma[maj_neg],AOD_star,0.4184210526315789,0.2588628554899288,0.3894134142116701,0.23879840103121086,20
lsac,gradual_global_mag1.0,lr,per_subgroup_ewma[maj_neg],BalAcc,-0.4181293227429476,0.20623685743848702,-0.38201937199655034,0.2078490415073589,20
lsac,gradual_global_mag1.0,lr,per_subgroup_baseline_relative[maj_neg],DI_star,0.49907423332738415,0.16868364706059535,0.5260646094024974,0.11549471094554464,20
lsac,gradual_global_mag1.0,lr,per_subgroup_baseline_relative[maj_neg],AOD_star,0.30053625951085683,0.1893327298269654,0.2689352944165132,0.1677827947372338,20
lsac,gradual_global_mag1.0,lr,per_subgroup_baseline_relative[maj_neg],BalAcc,-0.20685896730903983,0.22937072984794418,-0.2134245131701958,0.20907221999901232,20
lsac,gradual_global_mag1.0,lr,per_subgroup_ewma[maj_pos],DI_star,0.784201404075089,0.08191821505434466,0.7613419905801326,0.09650025985936175,20
lsac,gradual_global_mag1.0,lr,per_subgroup_ewma[maj_pos],AOD_star,0.43172932330827063,0.2410831175990376,0.41870410822264736,0.24184395224069247,20
lsac,gradual_global_mag1.0,lr,per_subgroup_ewma[maj_pos],BalAcc,-0.42790347601213663,0.21863613096248313,-0.3961115292480773,0.21355765095442805,20
lsac,gradual_global_mag1.0,lr,per_subgroup_baseline_relative[maj_pos],DI_star,0.7602148551850101,0.09329891597272229,0.6284258886498126,0.10107090246861436,20
lsac,gradual_global_mag1.0,lr,per_subgroup_baseline_relative[maj_pos],AOD_star,0.4278947368421052,0.23879750146723278,0.32169015153698355,0.23493881175403733,20
lsac,gradual_global_mag1.0,lr,per_subgroup_baseline_relative[maj_pos],BalAcc,-0.3941412775876335,0.2223138220286672,-0.29527351603833,0.21285793432733646,20
lsac,gradual_global_mag1.0,xgb,global_mean,DI_star,0.8306766917293233,0.07412084837576871,0.8315444073268644,0.06934015302533533,20
lsac,gradual_global_mag1.0,xgb,global_mean,AOD_star,0.6271428571428571,0.1374204707329707,0.5343652196427905,0.1675867535624039,20
lsac,gradual_global_mag1.0,xgb,global_mean,BalAcc,-0.7041353383458647,0.11612184987467461,-0.8619520544160466,0.13257785109778605,20
lsac,gradual_global_mag1.0,xgb,global_ewma,DI_star,0.8537593984962406,0.06859990669690541,0.8480316858012802,0.07099415110873654,20
lsac,gradual_global_mag1.0,xgb,global_ewma,AOD_star,0.6514285714285715,0.13282511921988638,0.6415468467129437,0.1174073106072099,20
lsac,gradual_global_mag1.0,xgb,global_ewma,BalAcc,-0.7150375939849622,0.10340300567088939,-0.7487558113050242,0.10169611295518255,20
lsac,gradual_global_mag1.0,xgb,global_std,DI_star,0.6003007518796993,0.19683664845937607,0.5687993193525507,0.24418822393745263,20
lsac,gradual_global_mag1.0,xgb,global_std,AOD_star,0.5280451127819549,0.1613115972211669,0.5265386369832818,0.1593333160784458,20
lsac,gradual_global_mag1.0,xgb,global_std,BalAcc,-0.43954887218045113,0.2502538029901207,-0.3883831675220786,0.3878315627369428,20
lsac,gradual_global_mag1.0,xgb,subgroup_violation_diff,DI_star,0.012932330827067661,0.19626243648870395,0.07038769173415053,0.5024658001169261,20
lsac,gradual_global_mag1.0,xgb,subgroup_violation_diff,AOD_star,-0.02406015037593985,0.22624608623601303,0.009673617934744975,0.24159940997968743,20
lsac,gradual_global_mag1.0,xgb,subgroup_violation_diff,BalAcc,-0.06616541353383458,0.3253184578910394,-0.13917991752616587,0.7975733698724131,20
lsac,gradual_global_mag1.0,xgb,max_subgroup_deviation,DI_star,0.6376691729323308,0.17084022174813285,0.7750193755212351,0.1033488322675219,20
lsac,gradual_global_mag1.0,xgb,max_subgroup_deviation,AOD_star,0.42563909774436093,0.23349634652560414,0.38673559227241494,0.19806927072856997,20
lsac,gradual_global_mag1.0,xgb,max_subgroup_deviation,BalAcc,-0.5993233082706767,0.1418647564958295,-0.937112484490009,0.05701915793123068,20
lsac,gradual_global_mag1.0,xgb,assignment_proportion_drift,DI_star,0.2745817665506576,0.2446836345760033,0.6255282349900406,0.17264739907832824,20
lsac,gradual_global_mag1.0,xgb,assignment_proportion_drift,AOD_star,0.011384470755205687,0.2825377806807564,0.20470778785902355,0.2389086332240665,20
lsac,gradual_global_mag1.0,xgb,assignment_proportion_drift,BalAcc,-0.39532771963740193,0.1483431935348941,-0.8867287191967957,0.08097949428185382,20
lsac,gradual_global_mag1.0,xgb,ks_statistic,DI_star,0.8557894736842104,0.0697327785938905,0.8682367604395742,0.05123561898890625,20
lsac,gradual_global_mag1.0,xgb,ks_statistic,AOD_star,0.6551127819548872,0.138326473796346,0.6488558676536746,0.12966820740194693,20
lsac,gradual_global_mag1.0,xgb,ks_statistic,BalAcc,-0.7167669172932329,0.1034923828104795,-0.7787869547434146,0.028868044075025617,20
lsac,gradual_global_mag1.0,xgb,kl_divergence,DI_star,0.8419548872180449,0.0683009770128357,0.7055398533041278,0.06050865849005443,20
lsac,gradual_global_mag1.0,xgb,kl_divergence,AOD_star,0.6363909774436091,0.12846594626545377,0.6596368394130916,0.10937103729157722,20
lsac,gradual_global_mag1.0,xgb,kl_divergence,BalAcc,-0.7084962406015036,0.10073647621001443,-0.48921821007791866,0.032461495899530964,20
lsac,gradual_global_mag1.0,xgb,per_subgroup_ewma[min_neg],DI_star,0.8498496240601503,0.06414247772055275,0.8512790962709961,0.0680769257544861,20
lsac,gradual_global_mag1.0,xgb,per_subgroup_ewma[min_neg],AOD_star,0.6491729323308271,0.12858602564106014,0.6258109799238505,0.11502102407410188,20
lsac,gradual_global_mag1.0,xgb,per_subgroup_ewma[min_neg],BalAcc,-0.712781954887218,0.10312215782045231,-0.7712958803339052,0.09999030701514704,20
lsac,gradual_global_mag1.0,xgb,per_subgroup_baseline_relative[min_neg],DI_star,0.6989473684210525,0.1311366141770357,0.7956779288018275,0.07371995830980049,20
lsac,gradual_global_mag1.0,xgb,per_subgroup_baseline_relative[min_neg],AOD_star,0.48135338345864664,0.16870136447563144,0.47464653255983097,0.18351492124604055,20
lsac,gradual_global_mag1.0,xgb,per_subgroup_baseline_relative[min_neg],BalAcc,-0.6333834586466165,0.14810205604974572,-0.8687731603301365,0.12805734734909024,20
lsac,gradual_global_mag1.0,xgb,per_subgroup_ewma[min_pos],DI_star,0.841203007518797,0.06971413001857449,0.8552875204572847,0.06790432748281611,20
lsac,gradual_global_mag1.0,xgb,per_subgroup_ewma[min_pos],AOD_star,0.6414285714285715,0.1265004691837709,0.595455214662534,0.15710032602324198,20
lsac,gradual_global_mag1.0,xgb,per_subgroup_ewma[min_pos],BalAcc,-0.7069172932330827,0.10566507587358384,-0.8125004340922801,0.08190033146066181,20
lsac,gradual_global_mag1.0,xgb,per_subgroup_baseline_relative[min_pos],DI_star,0.5841052894963094,0.17556494754708593,0.7481876739289068,0.13995414672216241,20
lsac,gradual_global_mag1.0,xgb,per_subgroup_baseline_relative[min_pos],AOD_star,0.37651696440914334,0.23218814109083916,0.37877873190129446,0.20923422920442153,20
lsac,gradual_global_mag1.0,xgb,per_subgroup_baseline_relative[min_pos],BalAcc,-0.5617026225469808,0.15333780806027023,-0.8970058001749498,0.13933996721877623,20
lsac,gradual_global_mag1.0,xgb,per_subgroup_ewma[maj_neg],DI_star,0.8368421052631578,0.06929459715658212,0.8504309578935736,0.0666745649807217,20
lsac,gradual_global_mag1.0,xgb,per_subgroup_ewma[maj_neg],AOD_star,0.6375939849624059,0.13103086710339856,0.5892636824250863,0.1419852864997648,20
lsac,gradual_global_mag1.0,xgb,per_subgroup_ewma[maj_neg],BalAcc,-0.7060902255639097,0.10595527030678208,-0.8080518084019795,0.07010460551105183,20
lsac,gradual_global_mag1.0,xgb,per_subgroup_baseline_relative[maj_neg],DI_star,0.5506727529465677,0.1527304842351618,0.732982355705605,0.12254034857512945,20
lsac,gradual_global_mag1.0,xgb,per_subgroup_baseline_relative[maj_neg],AOD_star,0.3368947335246456,0.18025005616980133,0.3732210797846839,0.1994002606205138,20
lsac,gradual_global_mag1.0,xgb,per_subgroup_baseline_relative[maj_neg],BalAcc,-0.5522354501711686,0.1466316962690184,-0.8737613864338198,0.1307523735984093,20
lsac,gradual_global_mag1.0,xgb,per_subgroup_ewma[maj_pos],DI_star,0.8541353383458645,0.06727873998589831,0.8723347141375696,0.05412785633842341,20
lsac,gradual_global_mag1.0,xgb,per_subgroup_ewma[maj_pos],AOD_star,0.652406015037594,0.130954285220772,0.6286855477278496,0.13155409867344178,20
lsac,gradual_global_mag1.0,xgb,per_subgroup_ewma[maj_pos],BalAcc,-0.7148120300751878,0.10361903440392692,-0.8074466658643326,0.02973928395368397,20
lsac,gradual_global_mag1.0,xgb,per_subgroup_baseline_relative[maj_pos],DI_star,0.8338345864661655,0.07481335246498166,0.850506206133103,0.06964640905152976,20
lsac,gradual_global_mag1.0,xgb,per_subgroup_baseline_relative[maj_pos],AOD_star,0.6328571428571428,0.13751571379895478,0.490124434343772,0.15690768942447317,20
lsac,gradual_global_mag1.0,xgb,per_subgroup_baseline_relative[maj_pos],BalAcc,-0.6966165413533835,0.10411389263714418,-0.9483815744190254,0.017372890289882818,20
lsac,gradual_global_mag2.0,lr,global_mean,DI_star,0.927218045112782,0.026576155589253955,0.9115809167562731,0.040046298664839844,20
lsac,gradual_global_mag2.0,lr,global_mean,AOD_star,0.8306015037593983,0.07118561768097598,0.8184157903033388,0.06917289090142453,20
lsac,gradual_global_mag2.0,lr,global_mean,BalAcc,-0.8005263157894736,0.06133472184123005,-0.7711253187699103,0.08481444053716466,20
lsac,gradual_global_mag2.0,lr,global_ewma,DI_star,0.925563909774436,0.02666577155676371,0.9375375147441577,0.02582123035934437,20
lsac,gradual_global_mag2.0,lr,global_ewma,AOD_star,0.8287218045112782,0.07220691870624883,0.8622926473524222,0.05908183245710035,20
lsac,gradual_global_mag2.0,lr,global_ewma,BalAcc,-0.8002255639097744,0.06346555034962192,-0.8126013980652331,0.07407329826063701,20
lsac,gradual_global_mag2.0,lr,global_std,DI_star,0.7019548872180451,0.18751741020041793,0.7405024042284208,0.1738720569210039,20
lsac,gradual_global_mag2.0,lr,global_std,AOD_star,0.6184962406015037,0.26439926330003793,0.6349542616135654,0.25099130106960404,20
lsac,gradual_global_mag2.0,lr,global_std,BalAcc,-0.6024060150375938,0.23236970743118052,-0.6218100732011382,0.2338022822994565,20
lsac,gradual_global_mag2.0,lr,subgroup_violation_diff,DI_star,0.4130075187969925,0.2428756598075887,0.4752255467426891,0.23205803711433287,20
lsac,gradual_global_mag2.0,lr,subgroup_violation_diff,AOD_star,0.4106015037593985,0.2838604180846105,0.45648279253400936,0.2667686520273225,20
lsac,gradual_global_mag2.0,lr,subgroup_violation_diff,BalAcc,-0.3701503759398496,0.2991216247549905,-0.4058203905863733,0.2818187247167559,20
lsac,gradual_global_mag2.0,lr,max_subgroup_deviation,DI_star,0.8696992481203007,0.057254096316577914,0.8453117170633823,0.053747147870107544,20
lsac,gradual_global_mag2.0,lr,max_subgroup_deviation,AOD_star,0.7800751879699248,0.0835958703887074,0.7359228103917056,0.099416809047975,20
lsac,gradual_global_mag2.0,lr,max_subgroup_deviation,BalAcc,-0.7725563909774437,0.06523070985745988,-0.7028528676216151,0.10297479969431818,20
lsac,gradual_global_mag2.0,lr,assignment_proportion_drift,DI_star,0.48616947219243434,0.278482261771522,0.6296324507454134,0.18567387047552217,20
lsac,gradual_global_mag2.0,lr,assignment_proportion_drift,AOD_star,0.3833846772842223,0.2714486266033992,0.5200176268975867,0.19219483039587743,20
lsac,gradual_global_mag2.0,lr,assignment_proportion_drift,BalAcc,-0.4097147777624663,0.30914345032738605,-0.4922615635438358,0.23856223644757002,20
lsac,gradual_global_mag2.0,lr,ks_statistic,DI_star,0.928796992481203,0.02451761991857729,0.9292815825242423,0.026595030507108198,20
lsac,gradual_global_mag2.0,lr,ks_statistic,AOD_star,0.8312781954887217,0.07063924780002229,0.8216045764228743,0.077415955923615,20
lsac,gradual_global_mag2.0,lr,ks_statistic,BalAcc,-0.8028571428571428,0.06535370178705832,-0.7799107812770767,0.08595460731350922,20
lsac,gradual_global_mag2.0,lr,kl_divergence,DI_star,0.9276691729323308,0.030284609218924938,0.9235178345144511,0.03327530553294633,20
lsac,gradual_global_mag2.0,lr,kl_divergence,AOD_star,0.8283458646616542,0.07909727979508505,0.8679207488191854,0.05515374299748135,20
lsac,gradual_global_mag2.0,lr,kl_divergence,BalAcc,-0.8039849624060149,0.06610946882979857,-0.8219027797648378,0.06746753580557699,20
lsac,gradual_global_mag2.0,lr,per_subgroup_ewma[min_neg],DI_star,0.9251127819548872,0.028247470878960443,0.9208801144982125,0.02941787742784432,20
lsac,gradual_global_mag2.0,lr,per_subgroup_ewma[min_neg],AOD_star,0.8315037593984961,0.0716750397517946,0.8458049286829791,0.06663296858620973,20
lsac,gradual_global_mag2.0,lr,per_subgroup_ewma[min_neg],BalAcc,-0.8006766917293232,0.06368642973115371,-0.7918383524442489,0.07914653369506716,20
lsac,gradual_global_mag2.0,lr,per_subgroup_baseline_relative[min_neg],DI_star,0.8611278195488721,0.07401380176351993,0.8507676404508322,0.07858307449899306,20
lsac,gradual_global_mag2.0,lr,per_subgroup_baseline_relative[min_neg],AOD_star,0.7687969924812028,0.07230702404830958,0.7668037792738247,0.10666972986678758,20
lsac,gradual_global_mag2.0,lr,per_subgroup_baseline_relative[min_neg],BalAcc,-0.7422556390977444,0.08522004983637937,-0.7219275633424942,0.11177168935731471,20
lsac,gradual_global_mag2.0,lr,per_subgroup_ewma[min_pos],DI_star,0.9252631578947366,0.022060206754032016,0.9286168111410896,0.02531284949641497,20
lsac,gradual_global_mag2.0,lr,per_subgroup_ewma[min_pos],AOD_star,0.8309774436090225,0.0677883662037348,0.8318700245508113,0.06958487180430553,20
lsac,gradual_global_mag2.0,lr,per_subgroup_ewma[min_pos],BalAcc,-0.8078195488721805,0.06377890182626096,-0.7902391790457742,0.08541474042080738,20
lsac,gradual_global_mag2.0,lr,per_subgroup_baseline_relative[min_pos],DI_star,0.8678254645617818,0.0634568591365036,0.8388384371302099,0.059171380424919734,20
lsac,gradual_global_mag2.0,lr,per_subgroup_baseline_relative[min_pos],AOD_star,0.7796595834387324,0.08961369418406218,0.724611365264732,0.10768881009512496,20
lsac,gradual_global_mag2.0,lr,per_subgroup_baseline_relative[min_pos],BalAcc,-0.7798686561552384,0.06409695569759864,-0.7001308029807964,0.1093528564223355,20
lsac,gradual_global_mag2.0,lr,per_subgroup_ewma[maj_neg],DI_star,0.9251127819548872,0.027726322150967285,0.9294284209166956,0.027413157112253245,20
lsac,gradual_global_mag2.0,lr,per_subgroup_ewma[maj_neg],AOD_star,0.8324812030075186,0.0719975753512885,0.834471623753361,0.06433612080335271,20
lsac,gradual_global_mag2.0,lr,per_subgroup_ewma[maj_neg],BalAcc,-0.8054887218045111,0.06352253314086116,-0.7869779186318108,0.0792892762489571,20
lsac,gradual_global_mag2.0,lr,per_subgroup_baseline_relative[maj_neg],DI_star,0.8553638174336294,0.07143618980243745,0.8297428754935423,0.06387284479315417,20
lsac,gradual_global_mag2.0,lr,per_subgroup_baseline_relative[maj_neg],AOD_star,0.7768789340616881,0.08794684852208394,0.7254382484789608,0.09512498461530614,20
lsac,gradual_global_mag2.0,lr,per_subgroup_baseline_relative[maj_neg],BalAcc,-0.7379379595066948,0.10184626389381765,-0.6720564869796276,0.12085299886302017,20
lsac,gradual_global_mag2.0,lr,per_subgroup_ewma[maj_pos],DI_star,0.9276691729323308,0.025805580362381605,0.9301865642745357,0.029393359826142954,20
lsac,gradual_global_mag2.0,lr,per_subgroup_ewma[maj_pos],AOD_star,0.8307518796992481,0.06874906913785041,0.8374623944460307,0.0690388004656106,20
lsac,gradual_global_mag2.0,lr,per_subgroup_ewma[maj_pos],BalAcc,-0.8021804511278194,0.06532354885789064,-0.7936013046900757,0.0802066953695565,20
lsac,gradual_global_mag2.0,lr,per_subgroup_baseline_relative[maj_pos],DI_star,0.9224812030075187,0.02974052523220932,0.8737728604125838,0.04278651387214498,20
lsac,gradual_global_mag2.0,lr,per_subgroup_baseline_relative[maj_pos],AOD_star,0.8273684210526315,0.07387668585239329,0.766609178007037,0.08934677378599121,20
lsac,gradual_global_mag2.0,lr,per_subgroup_baseline_relative[maj_pos],BalAcc,-0.7930075187969924,0.06997132417009695,-0.7248783553990705,0.1030154503261349,20
lsac,gradual_global_mag2.0,xgb,global_mean,DI_star,0.9338886717781409,0.029401811387101757,0.9073454306421477,0.03568660315571258,20
lsac,gradual_global_mag2.0,xgb,global_mean,AOD_star,0.8818728236952971,0.04572156626243981,0.8395847835111747,0.06732742936286946,20
lsac,gradual_global_mag2.0,xgb,global_mean,BalAcc,-0.8822958864459384,0.052813128384350434,-0.820084180771499,0.0937102522215054,20
lsac,gradual_global_mag2.0,xgb,global_ewma,DI_star,0.9358441860211439,0.027576412768441673,0.8775265260119223,0.04878707665726047,20
lsac,gradual_global_mag2.0,xgb,global_ewma,AOD_star,0.8838284804095811,0.04440822402551455,0.8697440283431235,0.047444730220646346,20
lsac,gradual_global_mag2.0,xgb,global_ewma,BalAcc,-0.8820706363364564,0.05300589754513787,-0.7186833651877711,0.07926076611349304,20
lsac,gradual_global_mag2.0,xgb,global_std,DI_star,0.7234433458536083,0.1582587575639241,0.7691634182653091,0.0723410492567063,20
lsac,gradual_global_mag2.0,xgb,global_std,AOD_star,0.6971877464820412,0.20407742032407614,0.7477906109500452,0.154386528165198,20
lsac,gradual_global_mag2.0,xgb,global_std,BalAcc,-0.6735887291871113,0.14173556139929994,-0.6446218608617262,0.18385140369097563,20
lsac,gradual_global_mag2.0,xgb,subgroup_violation_diff,DI_star,0.3963958743521191,0.2429635063365575,0.4382823661111038,0.2561543578762655,20
lsac,gradual_global_mag2.0,xgb,subgroup_violation_diff,AOD_star,0.3687934520783519,0.2830823826598027,0.4028428164683591,0.22607225546439375,20
lsac,gradual_global_mag2.0,xgb,subgroup_violation_diff,BalAcc,-0.37531436222501213,0.23236449830118203,-0.4092247985802183,0.47162087302987726,20
lsac,gradual_global_mag2.0,xgb,max_subgroup_deviation,DI_star,0.8963463208531828,0.06607156958968396,0.9002255511237749,0.04991371045468787,20
lsac,gradual_global_mag2.0,xgb,max_subgroup_deviation,AOD_star,0.8322960524851881,0.09177732014182495,0.7752258456069658,0.10105258798222122,20
lsac,gradual_global_mag2.0,xgb,max_subgroup_deviation,BalAcc,-0.8408445217762406,0.0651005697144439,-0.892089695969274,0.0363184510130218,20
lsac,gradual_global_mag2.0,xgb,assignment_proportion_drift,DI_star,0.499925897959068,0.27889739597667645,0.7484291292111893,0.11416714895426103,20
lsac,gradual_global_mag2.0,xgb,assignment_proportion_drift,AOD_star,0.3849601631961883,0.31036973364829634,0.5471743394020807,0.19661158628803688,20
lsac,gradual_global_mag2.0,xgb,assignment_proportion_drift,BalAcc,-0.5204461226484502,0.25202484617767257,-0.8568921338201626,0.09988217429219597,20
lsac,gradual_global_mag2.0,xgb,ks_statistic,DI_star,0.9368176211822442,0.028517408759089858,0.9338519899674077,0.022402978635156317,20
lsac,gradual_global_mag2.0,xgb,ks_statistic,AOD_star,0.8862301411219182,0.04565794166575636,0.8813814971255691,0.05500226923992362,20
lsac,gradual_global_mag2.0,xgb,ks_statistic,BalAcc,-0.8810932204339107,0.05111272985712532,-0.81483359177544,0.020003097915003907,20
lsac,gradual_global_mag2.0,xgb,kl_divergence,DI_star,0.934414366332209,0.024764109766555943,0.8186056931295733,0.03970079201031814,20
lsac,gradual_global_mag2.0,xgb,kl_divergence,AOD_star,0.8846158974903628,0.03958717165673782,0.8582468483970567,0.04682716545362691,20
lsac,gradual_global_mag2.0,xgb,kl_divergence,BalAcc,-0.8810560032359014,0.05241811206429764,-0.617366550145177,0.02602736336572181,20
lsac,gradual_global_mag2.0,xgb,per_subgroup_ewma[min_neg],DI_star,0.9359186966759883,0.027329385807954666,0.8705293090773442,0.0836322461246218,20
lsac,gradual_global_mag2.0,xgb,per_subgroup_ewma[min_neg],AOD_star,0.8860835836027631,0.04243959842704412,0.8495157135245689,0.05581457067229918,20
lsac,gradual_global_mag2.0,xgb,per_subgroup_ewma[min_neg],BalAcc,-0.8810941040179422,0.05317156974894306,-0.7289156895687006,0.12971903982118405,20
lsac,gradual_global_mag2.0,xgb,per_subgroup_baseline_relative[min_neg],DI_star,0.8701549582987538,0.07240329059189703,0.8517498175133691,0.05205411690610248,20
lsac,gradual_global_mag2.0,xgb,per_subgroup_baseline_relative[min_neg],AOD_star,0.8118490317715811,0.07759703996999602,0.7670975452970958,0.08460137479063598,20
lsac,gradual_global_mag2.0,xgb,per_subgroup_baseline_relative[min_neg],BalAcc,-0.8210359789066313,0.08168210913410758,-0.7997260547502913,0.1473852691280203,20
lsac,gradual_global_mag2.0,xgb,per_subgroup_ewma[min_pos],DI_star,0.9301959046050854,0.03613073328645359,0.9147740587045228,0.022378106511277446,20
lsac,gradual_global_mag2.0,xgb,per_subgroup_ewma[min_pos],AOD_star,0.8835279502504004,0.04559773038195034,0.8746015907922489,0.0584688237031804,20
lsac,gradual_global_mag2.0,xgb,per_subgroup_ewma[min_pos],BalAcc,-0.8786814253845019,0.054294611040331564,-0.7867656335201713,0.047742218840804915,20
lsac,gradual_global_mag2.0,xgb,per_subgroup_baseline_relative[min_pos],DI_star,0.8862874027579407,0.07688195936697831,0.8997786807677359,0.054944918060334844,20
lsac,gradual_global_mag2.0,xgb,per_subgroup_baseline_relative[min_pos],AOD_star,0.832219820920107,0.09804660523783246,0.7755858219463648,0.10894326471081248,20
lsac,gradual_global_mag2.0,xgb,per_subgroup_baseline_relative[min_pos],BalAcc,-0.8390561260116559,0.07228359983107031,-0.8890112823901012,0.06356990499628348,20
lsac,gradual_global_mag2.0,xgb,per_subgroup_ewma[maj_neg],DI_star,0.9341857911714909,0.028661962855985865,0.9154503829708552,0.02492400624512828,20
lsac,gradual_global_mag2.0,xgb,per_subgroup_ewma[maj_neg],AOD_star,0.8829966707599255,0.049252721920482294,0.8771685343545081,0.053103105399119506,20
lsac,gradual_global_mag2.0,xgb,per_subgroup_ewma[maj_neg],BalAcc,-0.8816956007357538,0.05210057807481846,-0.7848290930207833,0.0335546684898864,20
lsac,gradual_global_mag2.0,xgb,per_subgroup_baseline_relative[maj_neg],DI_star,0.871409282404979,0.05924207583814314,0.8957934480375537,0.04478242205292966,20
lsac,gradual_global_mag2.0,xgb,per_subgroup_baseline_relative[maj_neg],AOD_star,0.8144142434240385,0.08405105839485286,0.7749080918024918,0.09024629212572666,20
lsac,gradual_global_mag2.0,xgb,per_subgroup_baseline_relative[maj_neg],BalAcc,-0.831732275301075,0.06259446179177733,-0.8821634497080335,0.044277173352176846,20
lsac,gradual_global_mag2.0,xgb,per_subgroup_ewma[maj_pos],DI_star,0.9356186806052266,0.0269386555915279,0.904783236547255,0.030248270443338426,20
lsac,gradual_global_mag2.0,xgb,per_subgroup_ewma[maj_pos],AOD_star,0.8841305394278555,0.04490328803092016,0.8738713733888718,0.04996771926206069,20
lsac,gradual_global_mag2.0,xgb,per_subgroup_ewma[maj_pos],BalAcc,-0.8818467741606856,0.054049120052226916,-0.7680280447413341,0.030175244589973168,20
lsac,gradual_global_mag2.0,xgb,per_subgroup_baseline_relative[maj_pos],DI_star,0.9314056274959311,0.026920282826563145,0.9131124833664351,0.03278145599625381,20
lsac,gradual_global_mag2.0,xgb,per_subgroup_baseline_relative[maj_pos],AOD_star,0.8809330739274868,0.047836443698494005,0.80619013382294,0.07502458865172056,20
lsac,gradual_global_mag2.0,xgb,per_subgroup_baseline_relative[maj_pos],BalAcc,-0.8786112764041324,0.05271127959945961,-0.8766205659306125,0.03859074542401441,20
lsac,abrupt_group_mag0.5,lr,global_mean,DI_star,0.24792957332196064,0.2657788246185845,0.2963540903791793,0.3480257582803769,20
lsac,abrupt_group_mag0.5,lr,global_mean,AOD_star,0.2721804511278195,0.2857728471840655,0.32368461590213377,0.3257646998044949,20
lsac,abrupt_group_mag0.5,lr,global_mean,BalAcc,0.05097744360902255,0.22575675966503508,0.032285701483690234,0.22238722403279665,20
lsac,abrupt_group_mag0.5,lr,global_ewma,DI_star,0.2871101701028799,0.3598549759636267,0.339973164657585,0.40005265995723105,20
lsac,abrupt_group_mag0.5,lr,global_ewma,AOD_star,0.28759398496240596,0.3656903172176329,0.3315375439421654,0.4054056634814057,20
lsac,abrupt_group_mag0.5,lr,global_ewma,BalAcc,-0.030225563909774433,0.21765269328710948,-0.02224059156618803,0.22367151510912983,20
lsac,abrupt_group_mag0.5,lr,global_std,DI_star,0.1983783537269056,0.2827578673901791,0.21846872836612424,0.3221491801640895,20
lsac,abrupt_group_mag0.5,lr,global_std,AOD_star,0.20909774436090225,0.29705109348350806,0.2351938154989261,0.30597128760470876,20
lsac,abrupt_group_mag0.5,lr,global_std,BalAcc,0.028646616541353382,0.2520313649544402,0.012408773008338803,0.22963987745832473,20
lsac,abrupt_group_mag0.5,lr,subgroup_violation_diff,DI_star,-0.26511405464955196,0.3091649883572219,-0.2509758815429931,0.35747675261767053,20
lsac,abrupt_group_mag0.5,lr,subgroup_violation_diff,AOD_star,-0.29473684210526313,0.2830916433102002,-0.2887377944431305,0.31961350399150235,20
lsac,abrupt_group_mag0.5,lr,subgroup_violation_diff,BalAcc,-0.04962406015037593,0.2706733500211431,-0.02446073416515921,0.27973007345339657,20
lsac,abrupt_group_mag0.5,lr,max_subgroup_deviation,DI_star,0.3245829591845595,0.27089136332910424,0.342360234210788,0.3196492611660747,20
lsac,abrupt_group_mag0.5,lr,max_subgroup_deviation,AOD_star,0.33157894736842103,0.2679644818565722,0.3571428564375142,0.29380745047513723,20
lsac,abrupt_group_mag0.5,lr,max_subgroup_deviation,BalAcc,-0.005187969924812026,0.2787146040596724,-0.02486097165734604,0.2668689506473512,20
lsac,abrupt_group_mag0.5,lr,assignment_proportion_drift,DI_star,0.34597927487656416,0.20082256777548674,0.3481090868697215,0.2066322697829695,20
lsac,abrupt_group_mag0.5,lr,assignment_proportion_drift,AOD_star,0.325033160766543,0.22077990889638427,0.31641584636468945,0.22130617548468628,20
lsac,abrupt_group_mag0.5,lr,assignment_proportion_drift,BalAcc,-0.022787045665877106,0.20575429755846059,-0.028991709086441404,0.18378104205307505,20
lsac,abrupt_group_mag0.5,lr,ks_statistic,DI_star,0.24609913442656312,0.14743838665075534,0.25612365439149676,0.14025977475031345,20
lsac,abrupt_group_mag0.5,lr,ks_statistic,AOD_star,0.18511278195488723,0.16668472587632566,0.19444017739065844,0.16783676084833596,20
lsac,abrupt_group_mag0.5,lr,ks_statistic,BalAcc,-0.04872180451127821,0.2647891012348088,-0.04700412555515493,0.27090272568341583,20
lsac,abrupt_group_mag0.5,lr,kl_divergence,DI_star,0.4093679020762953,0.14028295789971837,0.31766227255959456,0.12494546021944454,20
lsac,abrupt_group_mag0.5,lr,kl_divergence,AOD_star,0.361578947368421,0.17437221736995223,0.2774375522471288,0.14226287200542873,20
lsac,abrupt_group_mag0.5,lr,kl_divergence,BalAcc,-0.08210526315789472,0.17916105267947777,-0.11043686697795876,0.22851553065187372,20
lsac,abrupt_group_mag0.5,lr,per_subgroup_ewma[min_neg],DI_star,0.32271146174650095,0.27839471314266995,0.3633969890442975,0.31722535013693104,20
lsac,abrupt_group_mag0.5,lr,per_subgroup_ewma[min_neg],AOD_star,0.3258646616541353,0.29033894703678853,0.36060383905758175,0.31637182281261206,20
lsac,abrupt_group_mag0.5,lr,per_subgroup_ewma[min_neg],BalAcc,-0.03781954887218046,0.21690251575262032,-0.018845833135668632,0.23954955858310625,20
lsac,abrupt_group_mag0.5,lr,per_subgroup_baseline_relative[min_neg],DI_star,0.18383512382613493,0.2059942567358517,0.17943879752382597,0.23133286620382876,20
lsac,abrupt_group_mag0.5,lr,per_subgroup_baseline_relative[min_neg],AOD_star,0.20932330827067663,0.21953733618884075,0.21331648074037957,0.22912810785408833,20
lsac,abrupt_group_mag0.5,lr,per_subgroup_baseline_relative[min_neg],BalAcc,0.06368421052631579,0.20882192729780222,0.07494702220669773,0.22981971911643034,20
lsac,abrupt_group_mag0.5,lr,per_subgroup_ewma[min_pos],DI_star,0.281131920453903,0.3156907072095812,0.3070246543095071,0.36964392566046117,20
lsac,abrupt_group_mag0.5,lr,per_subgroup_ewma[min_pos],AOD_star,0.2859398496240601,0.33097579534524146,0.2950205901767853,0.37599094543521855,20
lsac,abrupt_group_mag0.5,lr,per_subgroup_ewma[min_pos],BalAcc,-0.011654135338345872,0.2666360373518948,-0.0011199603119557491,0.24254643576522006,20
lsac,abrupt_group_mag0.5,lr,per_subgroup_baseline_relative[min_pos],DI_star,0.1691992276153767,0.2927508364830556,0.17928887762029933,0.30826943615732993,20
lsac,abrupt_group_mag0.5,lr,per_subgroup_baseline_relative[min_pos],AOD_star,0.18962406015037592,0.3062766611777718,0.17908263287701995,0.3139463637438925,20
lsac,abrupt_group_mag0.5,lr,per_subgroup_baseline_relative[min_pos],BalAcc,-0.013308270676691719,0.2643510117304372,-0.05563606189551481,0.2618737068609372,20
lsac,abrupt_group_mag0.5,lr,per_subgroup_ewma[maj_neg],DI_star,0.12146219177796935,0.43359300927452427,0.12815896699803622,0.4918875923482403,20
lsac,abrupt_group_mag0.5,lr,per_subgroup_ewma[maj_neg],AOD_star,0.12872180451127818,0.41405309845707877,0.14076570066276367,0.4683786632753781,20
lsac,abrupt_group_mag0.5,lr,per_subgroup_ewma[maj_neg],BalAcc,-0.005563909774436095,0.2628071131481018,-0.035934603815047025,0.2516014260099221,20
lsac,abrupt_group_mag0.5,lr,per_subgroup_baseline_relative[maj_neg],DI_star,0.10594066980506633,0.25640311434816604,0.09321336504064583,0.25000607028743355,20
lsac,abrupt_group_mag0.5,lr,per_subgroup_baseline_relative[maj_neg],AOD_star,0.1387218045112782,0.22674471631017792,0.14159944282301642,0.22995202668653716,20
lsac,abrupt_group_mag0.5,lr,per_subgroup_baseline_relative[maj_neg],BalAcc,0.0950375939849624,0.24580583785056873,0.06905800923542467,0.24180041520654724,20
lsac,abrupt_group_mag0.5,lr,per_subgroup_ewma[maj_pos],DI_star,0.2296657974635247,0.3821601269539852,0.29946206895338073,0.44428545889416754,20
lsac,abrupt_group_mag0.5,lr,per_subgroup_ewma[maj_pos],AOD_star,0.2380451127819549,0.38200523615816895,0.29346819876649316,0.4413566712502141,20
lsac,abrupt_group_mag0.5,lr,per_subgroup_ewma[maj_pos],BalAcc,0.0019548872180451043,0.24364387572083096,-0.002584480386745045,0.2502382462549172,20
lsac,abrupt_group_mag0.5,lr,per_subgroup_baseline_relative[maj_pos],DI_star,0.27274318719495366,0.31209880500885023,0.30818083551409536,0.3641826203184507,20
lsac,abrupt_group_mag0.5,lr,per_subgroup_baseline_relative[maj_pos],AOD_star,0.3048120300751879,0.29364886658880385,0.3416797075593694,0.32758359771829243,20
lsac,abrupt_group_mag0.5,lr,per_subgroup_baseline_relative[maj_pos],BalAcc,-0.0056390977443608985,0.26534211695451887,0.0006554479718492776,0.2545373200461387,20
lsac,abrupt_group_mag0.5,xgb,global_mean,DI_star,0.27973004025933257,0.36834561389069925,0.4658984638748335,0.42939247595721414,20
lsac,abrupt_group_mag0.5,xgb,global_mean,AOD_star,0.3335338345864662,0.3019111492152363,0.43445664770871656,0.3826001753413066,20
lsac,abrupt_group_mag0.5,xgb,global_mean,BalAcc,-0.33233082706766914,0.3058152716645933,-0.33876450384341317,0.32582389713583865,20
lsac,abrupt_group_mag0.5,xgb,global_ewma,DI_star,0.34465195337378246,0.4430460128610021,0.47797688283058176,0.5482173084581842,20
lsac,abrupt_group_mag0.5,xgb,global_ewma,AOD_star,0.34759398496240596,0.45037990006668865,0.43310933023012266,0.5209826168537773,20
lsac,abrupt_group_mag0.5,xgb,global_ewma,BalAcc,-0.2750375939849624,0.32880513358868363,-0.28725710718321085,0.3554346256072495,20
lsac,abrupt_group_mag0.5,xgb,global_std,DI_star,0.2745422117450388,0.3263439775586442,0.3974725602143023,0.3502103530656639,20
lsac,abrupt_group_mag0.5,xgb,global_std,AOD_star,0.3006766917293232,0.2583415209662233,0.3529348602003718,0.3003094303875254,20
lsac,abrupt_group_mag0.5,xgb,global_std,BalAcc,-0.293609022556391,0.22904327781100148,-0.3115225832235224,0.25043617482282704,20
lsac,abrupt_group_mag0.5,xgb,subgroup_violation_diff,DI_star,-0.17713864310941158,0.3763716481829863,-0.2721723204939163,0.4169152486206152,20
lsac,abrupt_group_mag0.5,xgb,subgroup_violation_diff,AOD_star,-0.2424812030075188,0.2972608951724814,-0.27142200644898173,0.35480240976943905,20
lsac,abrupt_group_mag0.5,xgb,subgroup_violation_diff,BalAcc,0.16315789473684209,0.3239868730716985,0.15939425358782927,0.3503105698519007,20
lsac,abrupt_group_mag0.5,xgb,max_subgroup_deviation,DI_star,0.30041083289368675,0.3206347675556617,0.4237384002788386,0.3664954416673502,20
lsac,abrupt_group_mag0.5,xgb,max_subgroup_deviation,AOD_star,0.3507518796992481,0.2671786817132128,0.3898109233106746,0.33319750059303027,20
lsac,abrupt_group_mag0.5,xgb,max_subgroup_deviation,BalAcc,-0.27954887218045116,0.2671300221866921,-0.2686185801024275,0.29022113355493745,20
lsac,abrupt_group_mag0.5,xgb,assignment_proportion_drift,DI_star,0.2570278621146879,0.22743729285140324,0.35826285288590787,0.2449825354305011,20
lsac,abrupt_group_mag0.5,xgb,assignment_proportion_drift,AOD_star,0.28977860063131927,0.29359256629049924,0.3285161188255,0.2833594998116679,20
lsac,abrupt_group_mag0.5,xgb,assignment_proportion_drift,BalAcc,-0.22874542006783552,0.18833830398223844,-0.23543200591464167,0.19094473516272387,20
lsac,abrupt_group_mag0.5,xgb,ks_statistic,DI_star,0.24966786205709202,0.19166181159652898,0.2764328567775677,0.18018147062537504,20
lsac,abrupt_group_mag0.5,xgb,ks_statistic,AOD_star,0.1385714285714286,0.17218752653157973,0.2138702467431334,0.12614648266092682,20
lsac,abrupt_group_mag0.5,xgb,ks_statistic,BalAcc,-0.23007518796992482,0.19832528523381251,-0.20064914712871812,0.19014005272789528,20
lsac,abrupt_group_mag0.5,xgb,kl_divergence,DI_star,0.44974539744162056,0.1258139553603815,0.4733242219608235,0.09580475064732047,20
lsac,abrupt_group_mag0.5,xgb,kl_divergence,AOD_star,0.44834586466165416,0.1376800544313059,0.4213892797659904,0.15892635424783863,20
lsac,abrupt_group_mag0.5,xgb,kl_divergence,BalAcc,-0.38157894736842096,0.17708443002900476,-0.3209556574376375,0.17255967922353685,20
lsac,abrupt_group_mag0.5,xgb,per_subgroup_ewma[min_neg],DI_star,0.4202170227144687,0.3591469005244143,0.5385856355685303,0.43145467303090873,20
lsac,abrupt_group_mag0.5,xgb,per_subgroup_ewma[min_neg],AOD_star,0.38323308270676687,0.35874079405346043,0.4754115761137741,0.3981911861310784,20
lsac,abrupt_group_mag0.5,xgb,per_subgroup_ewma[min_neg],BalAcc,-0.3102255639097744,0.27954320976926306,-0.3303686944130798,0.2865606947355955,20
lsac,abrupt_group_mag0.5,xgb,per_subgroup_baseline_relative[min_neg],DI_star,0.2993183871846396,0.2963455000427091,0.36344395509215477,0.2924640995803574,20
lsac,abrupt_group_mag0.5,xgb,per_subgroup_baseline_relative[min_neg],AOD_star,0.22857142857142856,0.2709397218243031,0.30450255910688756,0.2760702164970223,20
lsac,abrupt_group_mag0.5,xgb,per_subgroup_baseline_relative[min_neg],BalAcc,-0.2702255639097745,0.29951403155175815,-0.27791866575477486,0.302270660128795,20
lsac,abrupt_group_mag0.5,xgb,per_subgroup_ewma[min_pos],DI_star,0.36021917215434696,0.2946612819363656,0.46836576974216,0.4315119667163354,20
lsac,abrupt_group_mag0.5,xgb,per_subgroup_ewma[min_pos],AOD_star,0.36293233082706766,0.3714581812190916,0.4261517277460804,0.4375787629788197,20
lsac,abrupt_group_mag0.5,xgb,per_subgroup_ewma[min_pos],BalAcc,-0.323984962406015,0.26252791403501763,-0.31620523684174234,0.2701790108487012,20
lsac,abrupt_group_mag0.5,xgb,per_subgroup_baseline_relative[min_pos],DI_star,0.24214315410494555,0.23839733997146004,0.3155766927447798,0.311886516437299,20
lsac,abrupt_group_mag0.5,xgb,per_subgroup_baseline_relative[min_pos],AOD_star,0.2969172932330827,0.25736325910401153,0.3221366117215405,0.2882810174840347,20
lsac,abrupt_group_mag0.5,xgb,per_subgroup_baseline_relative[min_pos],BalAcc,-0.29819548872180446,0.24457161533931004,-0.276734087198407,0.251259596541633,20
lsac,abrupt_group_mag0.5,xgb,per_subgroup_ewma[maj_neg],DI_star,0.12602213640200396,0.4687537625977735,0.17749754857496128,0.5903520253168241,20
lsac,abrupt_group_mag0.5,xgb,per_subgroup_ewma[maj_neg],AOD_star,0.15706766917293233,0.44057699000296713,0.19889733979549545,0.522891153333983,20
lsac,abrupt_group_mag0.5,xgb,per_subgroup_ewma[maj_neg],BalAcc,-0.13556390977443608,0.40577444138436813,-0.11704875122667094,0.39762972089520277,20
lsac,abrupt_group_mag0.5,xgb,per_subgroup_baseline_relative[maj_neg],DI_star,0.10375625918273416,0.3139122565638134,0.15822544100853025,0.3171824375099013,20
lsac,abrupt_group_mag0.5,xgb,per_subgroup_baseline_relative[maj_neg],AOD_star,0.14390977443609024,0.22372033574465147,0.167222795708398,0.2444439351393131,20
lsac,abrupt_group_mag0.5,xgb,per_subgroup_baseline_relative[maj_neg],BalAcc,-0.12233082706766915,0.3106958611588151,-0.10803008696259289,0.3065170219308427,20
lsac,abrupt_group_mag0.5,xgb,per_subgroup_ewma[maj_pos],DI_star,0.20513879441840027,0.48686621037313577,0.34776929700836445,0.6020631511046584,20
lsac,abrupt_group_mag0.5,xgb,per_subgroup_ewma[maj_pos],AOD_star,0.31879699248120297,0.4456999277262856,0.3364812254437657,0.5400161685755519,20
lsac,abrupt_group_mag0.5,xgb,per_subgroup_ewma[maj_pos],BalAcc,-0.18601503759398497,0.36864964521013993,-0.2076825531556555,0.3746288190571533,20
lsac,abrupt_group_mag0.5,xgb,per_subgroup_baseline_relative[maj_pos],DI_star,0.23194826920578832,0.37486554840736197,0.3730967233351167,0.4433125463170212,20
lsac,abrupt_group_mag0.5,xgb,per_subgroup_baseline_relative[maj_pos],AOD_star,0.3184962406015037,0.2799233478500924,0.3564469131894295,0.38446082779080787,20
lsac,abrupt_group_mag0.5,xgb,per_subgroup_baseline_relative[maj_pos],BalAcc,-0.23481203007518797,0.2663077971824767,-0.24138317676186777,0.2977513192009455,20
lsac,abrupt_group_mag1.0,lr,global_mean,DI_star,0.45511278195488714,0.2177063871469533,0.5934629049076319,0.2741252932702463,20
lsac,abrupt_group_mag1.0,lr,global_mean,AOD_star,0.44729323308270674,0.21611145452725208,0.5983168102189304,0.2721263755354086,20
lsac,abrupt_group_mag1.0,lr,global_mean,BalAcc,0.031014882042414826,0.22767844599284012,-0.030674498252845673,0.2357731383570041,20
lsac,abrupt_group_mag1.0,lr,global_ewma,DI_star,0.4651127819548873,0.1978904517670311,0.6419909097297499,0.23624037417282967,20
lsac,abrupt_group_mag1.0,lr,global_ewma,AOD_star,0.4427819548872181,0.23001398517628174,0.6271501700608669,0.2461357224655356,20
lsac,abrupt_group_mag1.0,lr,global_ewma,BalAcc,-0.06086753228765697,0.22215224397202102,-0.08153292494833173,0.22650442928097927,20
lsac,abrupt_group_mag1.0,lr,global_std,DI_star,0.3879699248120301,0.2417252890833747,0.4880217843614235,0.2785449140384614,20
lsac,abrupt_group_mag1.0,lr,global_std,AOD_star,0.36308270676691734,0.23750044556343225,0.4822286773401552,0.271056472401641,20
lsac,abrupt_group_mag1.0,lr,global_std,BalAcc,0.009884630232627766,0.26367326327746,-0.03145863749195848,0.24906272338729563,20
lsac,abrupt_group_mag1.0,lr,subgroup_violation_diff,DI_star,-0.1507518796992481,0.342994588925409,-0.1691901108877555,0.3590053751049511,20
lsac,abrupt_group_mag1.0,lr,subgroup_violation_diff,AOD_star,-0.1609774436090225,0.30975088420578745,-0.19174406756445422,0.33525274626330215,20
lsac,abrupt_group_mag1.0,lr,subgroup_violation_diff,BalAcc,-0.006656807997141875,0.2616763974578962,0.019986837168419255,0.30186505476213615,20
lsac,abrupt_group_mag1.0,lr,max_subgroup_deviation,DI_star,0.3971428571428572,0.2589323041909889,0.4836640659008385,0.2674925866401544,20
lsac,abrupt_group_mag1.0,lr,max_subgroup_deviation,AOD_star,0.3950375939849624,0.2570404316080634,0.48861221254433557,0.2589910683586987,20
lsac,abrupt_group_mag1.0,lr,max_subgroup_deviation,BalAcc,-0.0068398709769686514,0.2524336667452568,-0.052342122131560184,0.24639506663878594,20
lsac,abrupt_group_mag1.0,lr,assignment_proportion_drift,DI_star,0.36001436730865993,0.2551854479214575,0.395479162659287,0.2647170604572247,20
lsac,abrupt_group_mag1.0,lr,assignment_proportion_drift,AOD_star,0.33369388300576797,0.2933635213198813,0.3888302524714183,0.2600252396007917,20
lsac,abrupt_group_mag1.0,lr,assignment_proportion_drift,BalAcc,-0.07347414520934781,0.2163430035289472,-0.07612247714069714,0.2009615342667228,20
lsac,abrupt_group_mag1.0,lr,ks_statistic,DI_star,0.5048872180451126,0.12583858570536424,0.5752153276819834,0.11355988164195467,20
lsac,abrupt_group_mag1.0,lr,ks_statistic,AOD_star,0.4925563909774436,0.12458306292174115,0.5505247643149194,0.11328757122774699,20
lsac,abrupt_group_mag1.0,lr,ks_statistic,BalAcc,-0.11815954923990632,0.25301612213497937,-0.15003621819252397,0.2486102144996259,20
lsac,abrupt_group_mag1.0,lr,kl_divergence,DI_star,0.6048120300751879,0.10239994240769482,0.7379996042112706,0.08658625740791508,20
lsac,abrupt_group_mag1.0,lr,kl_divergence,AOD_star,0.5603759398496241,0.09702601856507981,0.7143637427905281,0.08372047590946405,20
lsac,abrupt_group_mag1.0,lr,kl_divergence,BalAcc,-0.15312319966750498,0.19247288837840362,-0.18434856494789753,0.20236452031306695,20
lsac,abrupt_group_mag1.0,lr,per_subgroup_ewma[min_neg],DI_star,0.5098496240601503,0.12430686336712914,0.6762370646500838,0.1373523099357581,20
lsac,abrupt_group_mag1.0,lr,per_subgroup_ewma[min_neg],AOD_star,0.4999248120300751,0.12461119361109205,0.6685546103886548,0.13196574189784543,20
lsac,abrupt_group_mag1.0,lr,per_subgroup_ewma[min_neg],BalAcc,-0.08575305340655007,0.2007644818864074,-0.07609776288550786,0.22177709915326044,20
lsac,abrupt_group_mag1.0,lr,per_subgroup_baseline_relative[min_neg],DI_star,0.37781954887218044,0.14752092385397422,0.47190175966090486,0.1504896203197954,20
lsac,abrupt_group_mag1.0,lr,per_subgroup_baseline_relative[min_neg],AOD_star,0.39360902255639096,0.15333102081676558,0.4794630927719414,0.15245125872029838,20
lsac,abrupt_group_mag1.0,lr,per_subgroup_baseline_relative[min_neg],BalAcc,0.052108317625090175,0.20735814615460976,0.025215133266091296,0.2248656938209173,20
lsac,abrupt_group_mag1.0,lr,per_subgroup_ewma[min_pos],DI_star,0.39255639097744355,0.2718185917587516,0.5407269527216123,0.3682344564356179,20
lsac,abrupt_group_mag1.0,lr,per_subgroup_ewma[min_pos],AOD_star,0.36699248120300754,0.31815457864845414,0.5233031643530739,0.3816030592177739,20
lsac,abrupt_group_mag1.0,lr,per_subgroup_ewma[min_pos],BalAcc,-0.09394876838518387,0.24338550375376344,-0.1052587534420308,0.23990866586394438,20
lsac,abrupt_group_mag1.0,lr,per_subgroup_baseline_relative[min_pos],DI_star,0.3145864661654135,0.2813495657645771,0.3982886357346849,0.31550623837963665,20
lsac,abrupt_group_mag1.0,lr,per_subgroup_baseline_relative[min_pos],AOD_star,0.2857894736842105,0.2975660113672858,0.38712038470658433,0.323097349263586,20
lsac,abrupt_group_mag1.0,lr,per_subgroup_baseline_relative[min_pos],BalAcc,-0.062594988977086,0.25367807643534884,-0.09794852870168412,0.24954749245331542,20
lsac,abrupt_group_mag1.0,lr,per_subgroup_ewma[maj_neg],DI_star,0.2451127819548872,0.41920674869495306,0.3073338692518385,0.5211425174746356,20
lsac,abrupt_group_mag1.0,lr,per_subgroup_ewma[maj_neg],AOD_star,0.22864661654135335,0.4302480001403127,0.31771035867596636,0.5115204547502732,20
lsac,abrupt_group_mag1.0,lr,per_subgroup_ewma[maj_neg],BalAcc,-0.04278588609962697,0.25774684218943067,-0.05694973079105612,0.2663326277861024,20
lsac,abrupt_group_mag1.0,lr,per_subgroup_baseline_relative[maj_neg],DI_star,0.21631578947368418,0.3461588402399099,0.26673769727609253,0.33345072418096044,20
lsac,abrupt_group_mag1.0,lr,per_subgroup_baseline_relative[maj_neg],AOD_star,0.2122556390977443,0.3252549455127935,0.28992218226278244,0.3119667789967654,20
lsac,abrupt_group_mag1.0,lr,per_subgroup_baseline_relative[maj_neg],BalAcc,0.030566016791158862,0.3201374808149407,0.01529865629599102,0.31209088342997277,20
lsac,abrupt_group_mag1.0,lr,per_subgroup_ewma[maj_pos],DI_star,0.2433834586466165,0.40448200553725144,0.31555627609997744,0.5251583530136356,20
lsac,abrupt_group_mag1.0,lr,per_subgroup_ewma[maj_pos],AOD_star,0.24285714285714288,0.4091954245489092,0.3150063209319393,0.5246907658596509,20
lsac,abrupt_group_mag1.0,lr,per_subgroup_ewma[maj_pos],BalAcc,-0.0586112992657357,0.2486571438039449,-0.04448205605820431,0.23373589345016443,20
lsac,abrupt_group_mag1.0,lr,per_subgroup_baseline_relative[maj_pos],DI_star,0.2740601503759398,0.3185702396161806,0.32430056756655545,0.3539312732480221,20
lsac,abrupt_group_mag1.0,lr,per_subgroup_baseline_relative[maj_pos],AOD_star,0.2912781954887218,0.2765667010751512,0.3409150813840799,0.3297825754760603,20
lsac,abrupt_group_mag1.0,lr,per_subgroup_baseline_relative[maj_pos],BalAcc,-0.02845716180609913,0.25983007768773736,-0.039502838614256866,0.26281763740437913,20
lsac,abrupt_group_mag1.0,xgb,global_mean,DI_star,0.4552631578947368,0.20468583605267157,0.6316032869571885,0.26852514468595806,20
lsac,abrupt_group_mag1.0,xgb,global_mean,AOD_star,0.2760902255639098,0.19825138691695168,0.2762458383856228,0.25416247753020593,20
lsac,abrupt_group_mag1.0,xgb,global_mean,BalAcc,-0.4402761535213692,0.26630723463293643,-0.4668261581170331,0.2707750050615677,20
lsac,abrupt_group_mag1.0,xgb,global_ewma,DI_star,0.5281203007518798,0.17171167758913777,0.7174926851551058,0.2319479226806442,20
lsac,abrupt_group_mag1.0,xgb,global_ewma,AOD_star,0.30736842105263157,0.22084558868214701,0.3360939774629644,0.2275342129704401,20
lsac,abrupt_group_mag1.0,xgb,global_ewma,BalAcc,-0.393548880665614,0.21053663214547594,-0.44544150404192806,0.2277263937113462,20
lsac,abrupt_group_mag1.0,xgb,global_std,DI_star,0.44225563909774435,0.17306428440725752,0.5348115698938813,0.24077889311124698,20
lsac,abrupt_group_mag1.0,xgb,global_std,AOD_star,0.2844360902255639,0.19495257594778131,0.2647931523688573,0.22794786116138402,20
lsac,abrupt_group_mag1.0,xgb,global_std,BalAcc,-0.3699360400252287,0.21779532478775424,-0.3942310756296984,0.24225590682038947,20
lsac,abrupt_group_mag1.0,xgb,subgroup_violation_diff,DI_star,-0.1918045112781955,0.307916714079726,-0.17876916945104676,0.340978392154809,20
lsac,abrupt_group_mag1.0,xgb,subgroup_violation_diff,AOD_star,-0.10338345864661654,0.26057415828657876,-0.09836338824562238,0.26230741570872756,20
lsac,abrupt_group_mag1.0,xgb,subgroup_violation_diff,BalAcc,0.12549200252853598,0.2737915579688136,0.11038299098280173,0.2889697312705742,20
lsac,abrupt_group_mag1.0,xgb,max_subgroup_deviation,DI_star,0.39030075187969915,0.24706335600919424,0.49539190080374784,0.2679814009732371,20
lsac,abrupt_group_mag1.0,xgb,max_subgroup_deviation,AOD_star,0.2529323308270676,0.19031772857200596,0.23337015803092526,0.209600924739106,20
lsac,abrupt_group_mag1.0,xgb,max_subgroup_deviation,BalAcc,-0.33515765858154245,0.2227259194568126,-0.3437527288677616,0.2596980654793547,20
lsac,abrupt_group_mag1.0,xgb,assignment_proportion_drift,DI_star,0.2993496106270818,0.30350865523812437,0.371844133315814,0.27323899034764737,20
lsac,abrupt_group_mag1.0,xgb,assignment_proportion_drift,AOD_star,0.1209220813937644,0.27540386106936504,0.11075601495112686,0.25571572730515374,20
lsac,abrupt_group_mag1.0,xgb,assignment_proportion_drift,BalAcc,-0.2657662611489599,0.21964204419959754,-0.24980855300593766,0.20013452481478594,20
lsac,abrupt_group_mag1.0,xgb,ks_statistic,DI_star,0.41451127819548866,0.13672247518103237,0.5452386220087473,0.1054342214307706,20
lsac,abrupt_group_mag1.0,xgb,ks_statistic,AOD_star,0.1978947368421053,0.22054486205912224,0.1878836413109894,0.22345202081940455,20
lsac,abrupt_group_mag1.0,xgb,ks_statistic,BalAcc,-0.4042186432795402,0.16360568490078312,-0.403633645536407,0.14715698992169887,20
lsac,abrupt_group_mag1.0,xgb,kl_divergence,DI_star,0.5706015037593986,0.11610295909751418,0.734976891379152,0.10258270080899082,20
lsac,abrupt_group_mag1.0,xgb,kl_divergence,AOD_star,0.2940601503759398,0.21022829335519852,0.27993559254673556,0.24425692016750308,20
lsac,abrupt_group_mag1.0,xgb,kl_divergence,BalAcc,-0.5091487016398447,0.15816456463752213,-0.5111424684951376,0.16627692805267277,20
lsac,abrupt_group_mag1.0,xgb,per_subgroup_ewma[min_neg],DI_star,0.5546616541353384,0.13983933586540406,0.7499590303835257,0.14880676628613887,20
lsac,abrupt_group_mag1.0,xgb,per_subgroup_ewma[min_neg],AOD_star,0.3040601503759398,0.23864600063406266,0.3205395178125073,0.2511181470146473,20
lsac,abrupt_group_mag1.0,xgb,per_subgroup_ewma[min_neg],BalAcc,-0.4162178132000637,0.15918180842646423,-0.4647637747776104,0.15838139293095085,20
lsac,abrupt_group_mag1.0,xgb,per_subgroup_baseline_relative[min_neg],DI_star,0.3898496240601504,0.1983730963424197,0.5136801721459994,0.19490413261802228,20
lsac,abrupt_group_mag1.0,xgb,per_subgroup_baseline_relative[min_neg],AOD_star,0.21052631578947367,0.27604820555953535,0.20666762017390825,0.2643896706818266,20
lsac,abrupt_group_mag1.0,xgb,per_subgroup_baseline_relative[min_neg],BalAcc,-0.3681690237446328,0.2379139538668642,-0.3849641227990073,0.25605426721939806,20
lsac,abrupt_group_mag1.0,xgb,per_subgroup_ewma[min_pos],DI_star,0.41804511278195483,0.2591008426278477,0.5968717591944435,0.38298442309240116,20
lsac,abrupt_group_mag1.0,xgb,per_subgroup_ewma[min_pos],AOD_star,0.22699248120300747,0.2573026259145141,0.2587960216084797,0.2790645287803259,20
lsac,abrupt_group_mag1.0,xgb,per_subgroup_ewma[min_pos],BalAcc,-0.4019315615543798,0.23243100924423213,-0.4243848623400104,0.2581695271491547,20
lsac,abrupt_group_mag1.0,xgb,per_subgroup_baseline_relative[min_pos],DI_star,0.2981954887218045,0.260762069334601,0.4223484026866144,0.3128604087888292,20
lsac,abrupt_group_mag1.0,xgb,per_subgroup_baseline_relative[min_pos],AOD_star,0.168796992481203,0.21604259341815127,0.17088668625669892,0.23295684559490928,20
lsac,abrupt_group_mag1.0,xgb,per_subgroup_baseline_relative[min_pos],BalAcc,-0.3900464038602529,0.2532034937205483,-0.3798722531220528,0.2599950333586211,20
lsac,abrupt_group_mag1.0,xgb,per_subgroup_ewma[maj_neg],DI_star,0.24947368421052635,0.3206781990109928,0.3425417297321772,0.5211220955592099,20
lsac,abrupt_group_mag1.0,xgb,per_subgroup_ewma[maj_neg],AOD_star,0.16067669172932328,0.2326954216384848,0.18132235624221887,0.2552841182499593,20
lsac,abrupt_group_mag1.0,xgb,per_subgroup_ewma[maj_neg],BalAcc,-0.22170594108039815,0.40292501419746557,-0.22738984989660857,0.39415200801444067,20
lsac,abrupt_group_mag1.0,xgb,per_subgroup_baseline_relative[maj_neg],DI_star,0.2457894736842105,0.1898441747152116,0.3040689692722248,0.2740606523942126,20
lsac,abrupt_group_mag1.0,xgb,per_subgroup_baseline_relative[maj_neg],AOD_star,0.11225563909774436,0.24499156327302749,0.12257568516903206,0.2597117541815243,20
lsac,abrupt_group_mag1.0,xgb,per_subgroup_baseline_relative[maj_neg],BalAcc,-0.23982004805157597,0.30145054189339404,-0.22330102593730036,0.3062710911611781,20
lsac,abrupt_group_mag1.0,xgb,per_subgroup_ewma[maj_pos],DI_star,0.29082706766917293,0.448927818619528,0.34239163962929586,0.583378635513333,20
lsac,abrupt_group_mag1.0,xgb,per_subgroup_ewma[maj_pos],AOD_star,0.15015037593984962,0.3030134050436681,0.13863197381303166,0.3150980107864865,20
lsac,abrupt_group_mag1.0,xgb,per_subgroup_ewma[maj_pos],BalAcc,-0.20328570862982534,0.3568020765684982,-0.23492288608704986,0.3777344442911962,20
lsac,abrupt_group_mag1.0,xgb,per_subgroup_baseline_relative[maj_pos],DI_star,0.3045864661654135,0.3036110242107057,0.33252872377054354,0.36042341935373096,20
lsac,abrupt_group_mag1.0,xgb,per_subgroup_baseline_relative[maj_pos],AOD_star,0.19308270676691727,0.21697502522027015,0.16875906510978075,0.23896046122710343,20
lsac,abrupt_group_mag1.0,xgb,per_subgroup_baseline_relative[maj_pos],BalAcc,-0.22008254131687677,0.228468216931848,-0.22960032203015177,0.255321071018156,20
lsac,abrupt_group_mag2.0,lr,global_mean,DI_star,0.5440341096303232,0.07935706033031568,0.8844122084302232,0.03664224402715634,20
lsac,abrupt_group_mag2.0,lr,global_mean,AOD_star,0.5248872180451128,0.0978304710343735,0.831114935484184,0.054724978095213976,20
lsac,abrupt_group_mag2.0,lr,global_mean,BalAcc,-0.24954887218045113,0.16723229438395812,-0.3558498066058325,0.17045152194287794,20
lsac,abrupt_group_mag2.0,lr,global_ewma,DI_star,0.5377169343335595,0.12878502044375456,0.8413712931716575,0.03217497014986356,20
lsac,abrupt_group_mag2.0,lr,global_ewma,AOD_star,0.5427067669172931,0.11731626918573333,0.8020613991343761,0.04632282185557603,20
lsac,abrupt_group_mag2.0,lr,global_ewma,BalAcc,-0.2874436090225564,0.1678887095746635,-0.3559199603191743,0.17804819031576272,20
lsac,abrupt_group_mag2.0,lr,global_std,DI_star,0.5311030232158166,0.1018398651392175,0.9021263622824479,0.02343937824264614,20
lsac,abrupt_group_mag2.0,lr,global_std,AOD_star,0.5290225563909774,0.09411732033476924,0.8529955358936367,0.04263797710216573,20
lsac,abrupt_group_mag2.0,lr,global_std,BalAcc,-0.30203007518797,0.19548367546985843,-0.3809648533053769,0.1776998221056514,20
lsac,abrupt_group_mag2.0,lr,subgroup_violation_diff,DI_star,-0.400458961962263,0.22226521291132612,-0.5709689510675025,0.32548469011482056,20
lsac,abrupt_group_mag2.0,lr,subgroup_violation_diff,AOD_star,-0.38368421052631574,0.22004592770643713,-0.5402413528442809,0.302561568687416,20
lsac,abrupt_group_mag2.0,lr,subgroup_violation_diff,BalAcc,0.23533834586466162,0.25739489912318597,0.2546517781047116,0.28042319073269145,20
lsac,abrupt_group_mag2.0,lr,max_subgroup_deviation,DI_star,0.5001970909032428,0.1250328669425837,0.760885195902207,0.0779215537808265,20
lsac,abrupt_group_mag2.0,lr,max_subgroup_deviation,AOD_star,0.4910526315789473,0.11778427673987997,0.7085821877560409,0.10214871056933955,20
lsac,abrupt_group_mag2.0,lr,max_subgroup_deviation,BalAcc,-0.3341353383458646,0.16882376665263318,-0.39371062633610865,0.16504629379415625,20
lsac,abrupt_group_mag2.0,lr,assignment_proportion_drift,DI_star,0.47675180638324166,0.1902127713293446,0.559110626865506,0.16091026097255484,20
lsac,abrupt_group_mag2.0,lr,assignment_proportion_drift,AOD_star,0.41099229134125126,0.1759370329167225,0.5302425932594642,0.15607561098416511,20
lsac,abrupt_group_mag2.0,lr,assignment_proportion_drift,BalAcc,-0.22628110408607355,0.22562978723447213,-0.22523241997194177,0.23273808099721047,20
lsac,abrupt_group_mag2.0,lr,ks_statistic,DI_star,0.6204255961517979,0.09038402744462913,0.817300888084883,0.05419065838677196,20
lsac,abrupt_group_mag2.0,lr,ks_statistic,AOD_star,0.5862406015037593,0.1031553464250448,0.7861131937371408,0.06551831311280938,20
lsac,abrupt_group_mag2.0,lr,ks_statistic,BalAcc,-0.3069172932330827,0.21331127870433209,-0.36121834445401685,0.18129024370874447,20
lsac,abrupt_group_mag2.0,lr,kl_divergence,DI_star,0.5614409307078714,0.10239127505979852,0.9048204833203517,0.023285490427415928,20
lsac,abrupt_group_mag2.0,lr,kl_divergence,AOD_star,0.5333082706766916,0.12013265982104394,0.8563986927699014,0.040486192716580674,20
lsac,abrupt_group_mag2.0,lr,kl_divergence,BalAcc,-0.2955639097744361,0.17044996699559284,-0.3852011613432584,0.1754146374416659,20
lsac,abrupt_group_mag2.0,lr,per_subgroup_ewma[min_neg],DI_star,0.5498975268718974,0.1456749534336783,0.7605855620365767,0.20744216242187627,20
lsac,abrupt_group_mag2.0,lr,per_subgroup_ewma[min_neg],AOD_star,0.571954887218045,0.12456382150217596,0.7318333609410668,0.18514948003216133,20
lsac,abrupt_group_mag2.0,lr,per_subgroup_ewma[min_neg],BalAcc,-0.243984962406015,0.17443536103036594,-0.27467293373216284,0.19364084345292437,20
lsac,abrupt_group_mag2.0,lr,per_subgroup_baseline_relative[min_neg],DI_star,0.4755000063638722,0.11821503761092829,0.6466946923359969,0.18192212789170253,20
lsac,abrupt_group_mag2.0,lr,per_subgroup_baseline_relative[min_neg],AOD_star,0.49511278195488717,0.13294702313934886,0.6235946727547443,0.16790899801555265,20
lsac,abrupt_group_mag2.0,lr,per_subgroup_baseline_relative[min_neg],BalAcc,-0.12172932330827066,0.18955271952265132,-0.14360118989138035,0.2048217508034711,20
lsac,abrupt_group_mag2.0,lr,per_subgroup_ewma[min_pos],DI_star,0.5029437850790506,0.1578977684780384,0.7781602884086848,0.15452979967384664,20
lsac,abrupt_group_mag2.0,lr,per_subgroup_ewma[min_pos],AOD_star,0.5009774436090225,0.14811860233368457,0.7389734373714235,0.1511146105828812,20
lsac,abrupt_group_mag2.0,lr,per_subgroup_ewma[min_pos],BalAcc,-0.28067669172932325,0.2149546477599152,-0.33439744919533054,0.21505268109683376,20
lsac,abrupt_group_mag2.0,lr,per_subgroup_baseline_relative[min_pos],DI_star,0.4274520088073438,0.14274495422408273,0.5962795766692573,0.2406692328471342,20
lsac,abrupt_group_mag2.0,lr,per_subgroup_baseline_relative[min_pos],AOD_star,0.4265413533834586,0.14800558513387732,0.5582865474521609,0.23560942426137843,20
lsac,abrupt_group_mag2.0,lr,per_subgroup_baseline_relative[min_pos],BalAcc,-0.27255639097744355,0.2081019783103341,-0.3060616561406727,0.22490021800374424,20
lsac,abrupt_group_mag2.0,lr,per_subgroup_ewma[maj_neg],DI_star,0.534372922149695,0.14050893314504165,0.7959547949873047,0.08196412531589739,20
lsac,abrupt_group_mag2.0,lr,per_subgroup_ewma[maj_neg],AOD_star,0.5310526315789473,0.13397835903493577,0.7636639987532707,0.079566359004926,20
lsac,abrupt_group_mag2.0,lr,per_subgroup_ewma[maj_neg],BalAcc,-0.28812030075187967,0.1794845037703089,-0.32860521986891805,0.1939567162651478,20
lsac,abrupt_group_mag2.0,lr,per_subgroup_baseline_relative[maj_neg],DI_star,0.5039561217321359,0.12731256549280484,0.6712620225034304,0.1442899117548688,20
lsac,abrupt_group_mag2.0,lr,per_subgroup_baseline_relative[maj_neg],AOD_star,0.47338345864661646,0.11629573924034688,0.6334555275797499,0.13415456685666471,20
lsac,abrupt_group_mag2.0,lr,per_subgroup_baseline_relative[maj_neg],BalAcc,-0.21548872180451123,0.23169565460716335,-0.2590750458062478,0.2264220725384103,20
lsac,abrupt_group_mag2.0,lr,per_subgroup_ewma[maj_pos],DI_star,0.5304998225301983,0.14014077066132755,0.7663806657860286,0.12020910013329068,20
lsac,abrupt_group_mag2.0,lr,per_subgroup_ewma[maj_pos],AOD_star,0.5414285714285714,0.10999408964535808,0.7372961636574401,0.11549587078019423,20
lsac,abrupt_group_mag2.0,lr,per_subgroup_ewma[maj_pos],BalAcc,-0.2930827067669173,0.17596163350779265,-0.33796139194545194,0.1946660824847863,20
lsac,abrupt_group_mag2.0,lr,per_subgroup_baseline_relative[maj_pos],DI_star,0.46628762757029285,0.15439370593183444,0.6668153392390911,0.16989420860112675,20
lsac,abrupt_group_mag2.0,lr,per_subgroup_baseline_relative[maj_pos],AOD_star,0.45248120300751876,0.1595614856862356,0.6342810110523176,0.15738877356192976,20
lsac,abrupt_group_mag2.0,lr,per_subgroup_baseline_relative[maj_pos],BalAcc,-0.25398496240601504,0.22560746446663768,-0.2939068177564795,0.23715255541681962,20
lsac,abrupt_group_mag2.0,xgb,global_mean,DI_star,0.5265105895265304,0.10294614833730381,0.8556969209135705,0.04371062598273984,20
lsac,abrupt_group_mag2.0,xgb,global_mean,AOD_star,-0.2840601503759398,0.26468382511373584,-0.35145096518172114,0.2892981266284481,20
lsac,abrupt_group_mag2.0,xgb,global_mean,BalAcc,-0.5818045112781955,0.11208294659948888,-0.6918598816744795,0.10440762180661903,20
lsac,abrupt_group_mag2.0,xgb,global_ewma,DI_star,0.5994856475403749,0.09766238483722081,0.8235800700559051,0.03737763385893837,20
lsac,abrupt_group_mag2.0,xgb,global_ewma,AOD_star,-0.22954887218045114,0.2652826254940168,-0.29207808574426897,0.26028365795440345,20
lsac,abrupt_group_mag2.0,xgb,global_ewma,BalAcc,-0.49721804511278195,0.1118965495840141,-0.5959849728994049,0.09549302502457385,20
lsac,abrupt_group_mag2.0,xgb,global_std,DI_star,0.532225469164993,0.0912226188538711,0.8741420844957937,0.03784591256024505,20
lsac,abrupt_group_mag2.0,xgb,global_std,AOD_star,-0.27135338345864657,0.2632367121495883,-0.35731990719978457,0.2806775986222067,20
lsac,abrupt_group_mag2.0,xgb,global_std,BalAcc,-0.5742857142857144,0.13264393920548515,-0.6920823801049103,0.09420595901438705,20
lsac,abrupt_group_mag2.0,xgb,subgroup_violation_diff,DI_star,-0.37561458423234184,0.2596196685766866,-0.5419372769021928,0.32751307724543277,20
lsac,abrupt_group_mag2.0,xgb,subgroup_violation_diff,AOD_star,0.1925563909774436,0.28668946164674436,0.17820222024656623,0.3103272044597848,20
lsac,abrupt_group_mag2.0,xgb,subgroup_violation_diff,BalAcc,0.4245112781954886,0.20748724833739596,0.4503138412036737,0.22471909703269255,20
lsac,abrupt_group_mag2.0,xgb,max_subgroup_deviation,DI_star,0.49222744891224945,0.09334001074218086,0.7448428805696307,0.06171721086625628,20
lsac,abrupt_group_mag2.0,xgb,max_subgroup_deviation,AOD_star,-0.27984962406015035,0.202742182488865,-0.2987639676992699,0.21994882922628597,20
lsac,abrupt_group_mag2.0,xgb,max_subgroup_deviation,BalAcc,-0.5309774436090225,0.13415177417090052,-0.5813745276521523,0.1261735409815026,20
lsac,abrupt_group_mag2.0,xgb,assignment_proportion_drift,DI_star,0.4522607395958282,0.17265894294673115,0.5383831684188151,0.1564393579988469,20
lsac,abrupt_group_mag2.0,xgb,assignment_proportion_drift,AOD_star,-0.16248120033281793,0.2818311526132132,-0.19952232804820452,0.2482189380843445,20
lsac,abrupt_group_mag2.0,xgb,assignment_proportion_drift,BalAcc,-0.3824557537032537,0.15345670398636665,-0.40089148542570996,0.15194648239876662,20
lsac,abrupt_group_mag2.0,xgb,ks_statistic,DI_star,0.6512133022045297,0.11192762093749417,0.808586269265515,0.06705019929397635,20
lsac,abrupt_group_mag2.0,xgb,ks_statistic,AOD_star,-0.18541353383458647,0.24917619937871172,-0.25208638089797825,0.26351069335729976,20
lsac,abrupt_group_mag2.0,xgb,ks_statistic,BalAcc,-0.5540601503759397,0.11378250415107932,-0.6205968188616255,0.11134580644471731,20
lsac,abrupt_group_mag2.0,xgb,kl_divergence,DI_star,0.5253452466979549,0.12268005188346527,0.8766568669941008,0.03172856444240379,20
lsac,abrupt_group_mag2.0,xgb,kl_divergence,AOD_star,-0.3051127819548872,0.2326903804645163,-0.3610141013224455,0.27390821998369774,20
lsac,abrupt_group_mag2.0,xgb,kl_divergence,BalAcc,-0.5842857142857143,0.1122639482443678,-0.6975001092038143,0.09051478079944139,20
lsac,abrupt_group_mag2.0,xgb,per_subgroup_ewma[min_neg],DI_star,0.5867046259625778,0.144030467625068,0.7394813669147806,0.21876972380865872,20
lsac,abrupt_group_mag2.0,xgb,per_subgroup_ewma[min_neg],AOD_star,-0.2206766917293233,0.2541655340872307,-0.28016799578135526,0.2615312346669308,20
lsac,abrupt_group_mag2.0,xgb,per_subgroup_ewma[min_neg],BalAcc,-0.48218045112781943,0.13373593982121754,-0.5455844214807646,0.16480736920622432,20
lsac,abrupt_group_mag2.0,xgb,per_subgroup_baseline_relative[min_neg],DI_star,0.4721114569385966,0.18419098039638843,0.6224871853172231,0.19319544085766882,20
lsac,abrupt_group_mag2.0,xgb,per_subgroup_baseline_relative[min_neg],AOD_star,-0.22924812030075184,0.2884649840706501,-0.27114905246740456,0.2946607951349715,20
lsac,abrupt_group_mag2.0,xgb,per_subgroup_baseline_relative[min_neg],BalAcc,-0.4764661654135338,0.12848502130988115,-0.507732136211781,0.1631435038818196,20
lsac,abrupt_group_mag2.0,xgb,per_subgroup_ewma[min_pos],DI_star,0.5300097573257632,0.15530239719329222,0.7609958491406832,0.15648637471968596,20
lsac,abrupt_group_mag2.0,xgb,per_subgroup_ewma[min_pos],AOD_star,-0.22624060150375938,0.24584395534890233,-0.2799560148896029,0.2593384297951744,20
lsac,abrupt_group_mag2.0,xgb,per_subgroup_ewma[min_pos],BalAcc,-0.49947368421052635,0.14603298171489995,-0.559225782954748,0.1431782067653956,20
lsac,abrupt_group_mag2.0,xgb,per_subgroup_baseline_relative[min_pos],DI_star,0.39948095271116724,0.2193543495213479,0.5786351054151038,0.253710533817274,20
lsac,abrupt_group_mag2.0,xgb,per_subgroup_baseline_relative[min_pos],AOD_star,-0.24924812030075186,0.2819021003218418,-0.2627774850527119,0.27093432866299644,20
lsac,abrupt_group_mag2.0,xgb,per_subgroup_baseline_relative[min_pos],BalAcc,-0.45511278195488714,0.21690929214730023,-0.4896978977659227,0.21869561803739695,20
lsac,abrupt_group_mag2.0,xgb,per_subgroup_ewma[maj_neg],DI_star,0.5806896732149041,0.14886144640098933,0.7728799771031312,0.10984004985766001,20
lsac,abrupt_group_mag2.0,xgb,per_subgroup_ewma[maj_neg],AOD_star,-0.19548872180451127,0.2794100696066072,-0.2660535448100311,0.2649322846232611,20
lsac,abrupt_group_mag2.0,xgb,per_subgroup_ewma[maj_neg],BalAcc,-0.5027067669172933,0.11483160091407284,-0.571875059767668,0.10647900954283068,20
lsac,abrupt_group_mag2.0,xgb,per_subgroup_baseline_relative[maj_neg],DI_star,0.46764064336159183,0.21649502112736024,0.6433252845051063,0.17015213472013202,20
lsac,abrupt_group_mag2.0,xgb,per_subgroup_baseline_relative[maj_neg],AOD_star,-0.1957142857142857,0.32614710133461505,-0.204168511300216,0.30483473268887,20
lsac,abrupt_group_mag2.0,xgb,per_subgroup_baseline_relative[maj_neg],BalAcc,-0.5491729323308271,0.1276510167133495,-0.5592037783860577,0.12232760065271332,20
lsac,abrupt_group_mag2.0,xgb,per_subgroup_ewma[maj_pos],DI_star,0.559787021626355,0.11215672889028924,0.7498240177693744,0.11352213333265625,20
lsac,abrupt_group_mag2.0,xgb,per_subgroup_ewma[maj_pos],AOD_star,-0.21203007518796985,0.24203473497535863,-0.25867107313179455,0.24331728855077966,20
lsac,abrupt_group_mag2.0,xgb,per_subgroup_ewma[maj_pos],BalAcc,-0.47729323308270677,0.11037266185130575,-0.5520550889717832,0.10810485507707114,20
lsac,abrupt_group_mag2.0,xgb,per_subgroup_baseline_relative[maj_pos],DI_star,0.4360254454081324,0.1406101787273198,0.6395516667348912,0.1691758084622811,20
lsac,abrupt_group_mag2.0,xgb,per_subgroup_baseline_relative[maj_pos],AOD_star,-0.23105263157894734,0.23543574577686285,-0.24571539401845813,0.2342570913097062,20
lsac,abrupt_group_mag2.0,xgb,per_subgroup_baseline_relative[maj_pos],BalAcc,-0.4492481203007518,0.17330190975556237,-0.501482846866702,0.16488680619781934,20
lsac,abrupt_global_mag0.5,lr,global_mean,DI_star,0.43443609022556384,0.2063297634409234,0.6039687106444447,0.16364196647627333,20
lsac,abrupt_global_mag0.5,lr,global_mean,AOD_star,0.08451127819548872,0.2918167452920307,0.15167462372552953,0.2768553374403979,20
lsac,abrupt_global_mag0.5,lr,global_mean,BalAcc,-0.08533834586466164,0.2302573729517296,-0.1715218869884056,0.25869945243646786,20
lsac,abrupt_global_mag0.5,lr,global_ewma,DI_star,0.44616541353383454,0.2132785193963206,0.5231052363609935,0.19914102909393988,20
lsac,abrupt_global_mag0.5,lr,global_ewma,AOD_star,0.11233082706766917,0.28764291686536697,0.12870112018612784,0.28709023143775675,20
lsac,abrupt_global_mag0.5,lr,global_ewma,BalAcc,-0.14308270676691728,0.23614542480034487,-0.1638410004315213,0.24974866324079426,20
lsac,abrupt_global_mag0.5,lr,global_std,DI_star,-0.019849624060150374,0.3636000670551475,0.02105544443867891,0.441578341871989,20
lsac,abrupt_global_mag0.5,lr,global_std,AOD_star,-0.13729323308270674,0.20892901027827235,-0.11647497008599013,0.20870270833784532,20
lsac,abrupt_global_mag0.5,lr,global_std,BalAcc,0.03984962406015037,0.23683160258369643,0.024062381701582217,0.2551634830902696,20
lsac,abrupt_global_mag0.5,lr,subgroup_violation_diff,DI_star,0.13172932330827064,0.4705025981810648,0.16470477963103572,0.5821893013428993,20
lsac,abrupt_global_mag0.5,lr,subgroup_violation_diff,AOD_star,0.12037593984962405,0.2415013600195418,0.16731929848001867,0.24747006118186804,20
lsac,abrupt_global_mag0.5,lr,subgroup_violation_diff,BalAcc,-0.1298496240601504,0.27436018107657467,-0.10776315283078472,0.2920369383334085,20
lsac,abrupt_global_mag0.5,lr,max_subgroup_deviation,DI_star,0.4269181134140889,0.20298950449147446,0.5696879968825671,0.2059769675592008,20
lsac,abrupt_global_mag0.5,lr,max_subgroup_deviation,AOD_star,0.08416112455254841,0.3032802896911817,0.12699065652016242,0.3082772744623126,20
lsac,abrupt_global_mag0.5,lr,max_subgroup_deviation,BalAcc,-0.12703549121082108,0.2456053453475,-0.17371608788715848,0.2597990349041354,20
lsac,abrupt_global_mag0.5,lr,assignment_proportion_drift,DI_star,0.44872483372116995,0.16573491615460148,0.6046006220770742,0.15893843261667798,20
lsac,abrupt_global_mag0.5,lr,assignment_proportion_drift,AOD_star,0.07162556709954829,0.2577022245577395,0.14856994825005249,0.27136529179023045,20
lsac,abrupt_global_mag0.5,lr,assignment_proportion_drift,BalAcc,-0.15467905144041788,0.272089103636999,-0.17480774093687812,0.26556763619926216,20
lsac,abrupt_global_mag0.5,lr,ks_statistic,DI_star,0.49187969924812025,0.18258816039479334,0.61483210782434,0.15837143512658106,20
lsac,abrupt_global_mag0.5,lr,ks_statistic,AOD_star,0.11992481203007518,0.27918251038084313,0.15587231494340717,0.2804256517559795,20
lsac,abrupt_global_mag0.5,lr,ks_statistic,BalAcc,-0.21766917293233085,0.25665339469116943,-0.18766865455635012,0.26488663495583303,20
lsac,abrupt_global_mag0.5,lr,kl_divergence,DI_star,0.46691729323308273,0.16037613372378468,0.5899849905906823,0.16951300973009853,20
lsac,abrupt_global_mag0.5,lr,kl_divergence,AOD_star,0.09699248120300752,0.2576293599436611,0.13954735830698356,0.27728985684457,20
lsac,abrupt_global_mag0.5,lr,kl_divergence,BalAcc,-0.15458646616541355,0.2243836792244248,-0.17677222416646785,0.2579175457163975,20
lsac,abrupt_global_mag0.5,lr,per_subgroup_ewma[min_neg],DI_star,0.45180451127819543,0.20932496920523305,0.5252287594808711,0.20030815317902873,20
lsac,abrupt_global_mag0.5,lr,per_subgroup_ewma[min_neg],AOD_star,0.11947368421052632,0.28672377066186655,0.1330311992355311,0.2865152996741556,20
lsac,abrupt_global_mag0.5,lr,per_subgroup_ewma[min_neg],BalAcc,-0.16007518796992481,0.23244709600115268,-0.16466271725233947,0.2511247042984844,20
lsac,abrupt_global_mag0.5,lr,per_subgroup_baseline_relative[min_neg],DI_star,0.47571428571428565,0.16326927004911537,0.6045410131850597,0.1650218392523005,20
lsac,abrupt_global_mag0.5,lr,per_subgroup_baseline_relative[min_neg],AOD_star,0.13203007518796991,0.2242385120429291,0.16422896841587942,0.2707675307615981,20
lsac,abrupt_global_mag0.5,lr,per_subgroup_baseline_relative[min_neg],BalAcc,-0.12481203007518796,0.22754518330909698,-0.1710543670162999,0.2484051910718011,20
lsac,abrupt_global_mag0.5,lr,per_subgroup_ewma[min_pos],DI_star,0.4375187969924812,0.22216307197655363,0.5067613238177469,0.21573436609664948,20
lsac,abrupt_global_mag0.5,lr,per_subgroup_ewma[min_pos],AOD_star,0.1094736842105263,0.29058904349362774,0.11678217659836851,0.2950833437056979,20
lsac,abrupt_global_mag0.5,lr,per_subgroup_ewma[min_pos],BalAcc,-0.14999999999999997,0.2463463011388611,-0.1772537533028015,0.2451912692122103,20
lsac,abrupt_global_mag0.5,lr,per_subgroup_baseline_relative[min_pos],DI_star,0.39679888865065965,0.2801973598666503,0.5451058447477621,0.25994790069564855,20
lsac,abrupt_global_mag0.5,lr,per_subgroup_baseline_relative[min_pos],AOD_star,0.06648030399292928,0.324616882544301,0.11519357315850898,0.3185166460933342,20
lsac,abrupt_global_mag0.5,lr,per_subgroup_baseline_relative[min_pos],BalAcc,-0.13447189258335032,0.2170969762089833,-0.1814934656445946,0.2536218341194075,20
lsac,abrupt_global_mag0.5,lr,per_subgroup_ewma[maj_neg],DI_star,0.44947368421052636,0.20753835583974872,0.5076101939001139,0.22481515894126006,20
lsac,abrupt_global_mag0.5,lr,per_subgroup_ewma[maj_neg],AOD_star,0.1069172932330827,0.28675154021170063,0.12958027272845415,0.29084246200874125,20
lsac,abrupt_global_mag0.5,lr,per_subgroup_ewma[maj_neg],BalAcc,-0.1618796992481203,0.2457385227460732,-0.16258565672017206,0.24490097027466579,20
lsac,abrupt_global_mag0.5,lr,per_subgroup_baseline_relative[maj_neg],DI_star,0.43914225860349293,0.19603976730172978,0.5486686530498646,0.2181747799029295,20
lsac,abrupt_global_mag0.5,lr,per_subgroup_baseline_relative[maj_neg],AOD_star,0.1379770614580221,0.20059899164388767,0.16373424703021267,0.254141751728766,20
lsac,abrupt_global_mag0.5,lr,per_subgroup_baseline_relative[maj_neg],BalAcc,-0.08432830054302518,0.23412503154026346,-0.15445285321928476,0.2434309696535702,20
lsac,abrupt_global_mag0.5,lr,per_subgroup_ewma[maj_pos],DI_star,0.4553383458646616,0.2080246640186449,0.5246925596924921,0.19987423550489125,20
lsac,abrupt_global_mag0.5,lr,per_subgroup_ewma[maj_pos],AOD_star,0.12345864661654135,0.2858740748273184,0.13066417345031583,0.28790388606256234,20
lsac,abrupt_global_mag0.5,lr,per_subgroup_ewma[maj_pos],BalAcc,-0.1394736842105263,0.24235399122711368,-0.16582880541589728,0.25071365113713134,20
lsac,abrupt_global_mag0.5,lr,per_subgroup_baseline_relative[maj_pos],DI_star,0.431954887218045,0.1644784746885604,0.6069102033367277,0.15632305364248314,20
lsac,abrupt_global_mag0.5,lr,per_subgroup_baseline_relative[maj_pos],AOD_star,0.08503759398496238,0.30767831405143226,0.1556669386140017,0.27949741511418796,20
lsac,abrupt_global_mag0.5,lr,per_subgroup_baseline_relative[maj_pos],BalAcc,-0.09548872180451128,0.25849466597953663,-0.17262984044629617,0.26011237466883075,20
lsac,abrupt_global_mag0.5,xgb,global_mean,DI_star,0.5524060150375939,0.12499784610049991,0.8740743785356345,0.050083858609263836,20
lsac,abrupt_global_mag0.5,xgb,global_mean,AOD_star,0.28751879699248123,0.23946611808021262,0.3686233234919128,0.253450627405231,20
lsac,abrupt_global_mag0.5,xgb,global_mean,BalAcc,-0.5580538519519863,0.10655351804349264,-0.9780554496033848,0.009848153710152876,20
lsac,abrupt_global_mag0.5,xgb,global_ewma,DI_star,0.5152631578947366,0.09897921534250208,0.7331311040670717,0.08190252286158858,20
lsac,abrupt_global_mag0.5,xgb,global_ewma,AOD_star,0.22466165413533828,0.2264880317754322,0.28000559783858714,0.25271054647809216,20
lsac,abrupt_global_mag0.5,xgb,global_ewma,BalAcc,-0.5479783245968173,0.09544890081208916,-0.8379612614626133,0.022308653526099603,20
lsac,abrupt_global_mag0.5,xgb,global_std,DI_star,0.07503759398496239,0.4312822589756242,0.13001629036878432,0.6199809834504968,20
lsac,abrupt_global_mag0.5,xgb,global_std,AOD_star,0.007067669172932325,0.3118465263207073,-0.009551484272139085,0.35527310079025054,20
lsac,abrupt_global_mag0.5,xgb,global_std,BalAcc,-0.0809711932641134,0.4764163067736489,-0.1692627717531235,0.6875837912358282,20
lsac,abrupt_global_mag0.5,xgb,subgroup_violation_diff,DI_star,0.13751879699248115,0.5980673407459516,0.16123644441356397,0.8340257429631949,20
lsac,abrupt_global_mag0.5,xgb,subgroup_violation_diff,AOD_star,0.12142857142857144,0.38198563460398943,0.13374896941116338,0.41915581104942745,20
lsac,abrupt_global_mag0.5,xgb,subgroup_violation_diff,BalAcc,-0.09741649355700058,0.562610279163588,-0.17032137951609266,0.930618210822742,20
lsac,abrupt_global_mag0.5,xgb,max_subgroup_deviation,DI_star,0.5718192745363068,0.14300616724442394,0.8494152386117555,0.08967675017783637,20
lsac,abrupt_global_mag0.5,xgb,max_subgroup_deviation,AOD_star,0.31677367671600815,0.21320279173339923,0.3503942512423332,0.2519341787618711,20
lsac,abrupt_global_mag0.5,xgb,max_subgroup_deviation,BalAcc,-0.5627361237408938,0.11975693569645607,-0.9555898570575924,0.044722902705116876,20
lsac,abrupt_global_mag0.5,xgb,assignment_proportion_drift,DI_star,0.542515612497464,0.13447536574994814,0.871151490765353,0.05072163618386198,20
lsac,abrupt_global_mag0.5,xgb,assignment_proportion_drift,AOD_star,0.27601853508452046,0.22714310983936273,0.3683993890768456,0.25540497364650927,20
lsac,abrupt_global_mag0.5,xgb,assignment_proportion_drift,BalAcc,-0.5575015610182275,0.08229165295180658,-0.972556546420593,0.011996978320481957,20
lsac,abrupt_global_mag0.5,xgb,ks_statistic,DI_star,0.5703007518796992,0.10173671402280084,0.875417663976477,0.05104860309654299,20
lsac,abrupt_global_mag0.5,xgb,ks_statistic,AOD_star,0.2878947368421052,0.20148045819714794,0.3672497564408472,0.2508848400278387,20
lsac,abrupt_global_mag0.5,xgb,ks_statistic,BalAcc,-0.6401987312652552,0.10271998243316678,-0.9799123886045727,0.005978050809773526,20
lsac,abrupt_global_mag0.5,xgb,kl_divergence,DI_star,0.5405263157894736,0.11173698857523842,0.8498035329141048,0.037382648792347435,20
lsac,abrupt_global_mag0.5,xgb,kl_divergence,AOD_star,0.24962406015037591,0.22986427012152358,0.35041252707964077,0.24808879660601718,20
lsac,abrupt_global_mag0.5,xgb,kl_divergence,BalAcc,-0.5819654364427107,0.11755517799464596,-0.9525653727670512,0.021313018248663263,20
lsac,abrupt_global_mag0.5,xgb,per_subgroup_ewma[min_neg],DI_star,0.5137593984962405,0.09851205176429895,0.7337009236793122,0.08499368902673463,20
lsac,abrupt_global_mag0.5,xgb,per_subgroup_ewma[min_neg],AOD_star,0.21661654135338343,0.23069133429328648,0.2800338629315803,0.2530087463873176,20
lsac,abrupt_global_mag0.5,xgb,per_subgroup_ewma[min_neg],BalAcc,-0.5458733159778556,0.10184731105773516,-0.8385790713136168,0.028494733066742457,20
lsac,abrupt_global_mag0.5,xgb,per_subgroup_baseline_relative[min_neg],DI_star,0.5729323308270675,0.10835940391160236,0.8645781039573922,0.05687558094832056,20
lsac,abrupt_global_mag0.5,xgb,per_subgroup_baseline_relative[min_neg],AOD_star,0.3203007518796992,0.25344257582157564,0.36713243604089263,0.2609380375087933,20
lsac,abrupt_global_mag0.5,xgb,per_subgroup_baseline_relative[min_neg],BalAcc,-0.5477199605186513,0.11007434577015954,-0.9666904873476987,0.015254338368557325,20
lsac,abrupt_global_mag0.5,xgb,per_subgroup_ewma[min_pos],DI_star,0.5124812030075188,0.10303616307729202,0.7147672264568075,0.09231529720971965,20
lsac,abrupt_global_mag0.5,xgb,per_subgroup_ewma[min_pos],AOD_star,0.2239097744360902,0.22452487507236085,0.26499050919263567,0.25327220006667733,20
lsac,abrupt_global_mag0.5,xgb,per_subgroup_ewma[min_pos],BalAcc,-0.5481285591261488,0.10264801167629488,-0.821416198624257,0.048234409697688,20
lsac,abrupt_global_mag0.5,xgb,per_subgroup_baseline_relative[min_pos],DI_star,0.5174246626849847,0.2302864117211913,0.8123860599894359,0.171120567995239,20
lsac,abrupt_global_mag0.5,xgb,per_subgroup_baseline_relative[min_pos],AOD_star,0.27739445292958076,0.245767499994104,0.3274612409531095,0.2707601856816168,20
lsac,abrupt_global_mag0.5,xgb,per_subgroup_baseline_relative[min_pos],BalAcc,-0.5200619095527724,0.13683371936972083,-0.9216337882982316,0.13109380622062305,20
lsac,abrupt_global_mag0.5,xgb,per_subgroup_ewma[maj_neg],DI_star,0.4842105263157895,0.11684026667542505,0.7039744439735842,0.1301367509818682,20
lsac,abrupt_global_mag0.5,xgb,per_subgroup_ewma[maj_neg],AOD_star,0.20240601503759398,0.22870860545326682,0.2651350681737264,0.2568138836199698,20
lsac,abrupt_global_mag0.5,xgb,per_subgroup_ewma[maj_neg],BalAcc,-0.5532413127989323,0.10707726598017274,-0.8072424026456773,0.11590460089962265,20
lsac,abrupt_global_mag0.5,xgb,per_subgroup_baseline_relative[maj_neg],DI_star,0.4882166674745445,0.19960978323655845,0.7753569792103644,0.1926310811697961,20
lsac,abrupt_global_mag0.5,xgb,per_subgroup_baseline_relative[maj_neg],AOD_star,0.248729052965538,0.21487263317409583,0.3234171652305856,0.2629453845569276,20
lsac,abrupt_global_mag0.5,xgb,per_subgroup_baseline_relative[maj_neg],BalAcc,-0.5536602289810981,0.1938334742178852,-0.8750105184696014,0.19551600521256,20
lsac,abrupt_global_mag0.5,xgb,per_subgroup_ewma[maj_pos],DI_star,0.515563909774436,0.09773079720812244,0.7315480852427456,0.0782684803430531,20
lsac,abrupt_global_mag0.5,xgb,per_subgroup_ewma[maj_pos],AOD_star,0.22488721804511277,0.21268574301360263,0.2773198904387221,0.24937418923200455,20
lsac,abrupt_global_mag0.5,xgb,per_subgroup_ewma[maj_pos],BalAcc,-0.5472265297438803,0.09274513986132235,-0.836549565186707,0.023480041615668718,20
lsac,abrupt_global_mag0.5,xgb,per_subgroup_baseline_relative[maj_pos],DI_star,0.49751879699248114,0.09216496453947949,0.8731625450549114,0.04556379892002793,20
lsac,abrupt_global_mag0.5,xgb,per_subgroup_baseline_relative[maj_pos],AOD_star,0.23601503759398496,0.16836429964847616,0.3663040347547712,0.24198067914640783,20
lsac,abrupt_global_mag0.5,xgb,per_subgroup_baseline_relative[maj_pos],BalAcc,-0.5538807923516929,0.1264059511519276,-0.9765751379752723,0.00852034675293957,20
lsac,abrupt_global_mag1.0,lr,global_mean,DI_star,0.572406015037594,0.11667784875975207,0.8747319435902886,0.05003607522885867,20
lsac,abrupt_global_mag1.0,lr,global_mean,AOD_star,0.45578947368421047,0.1704529022066039,0.626634045922912,0.16864269524441466,20
lsac,abrupt_global_mag1.0,lr,global_mean,BalAcc,-0.4373684210526315,0.1342228675271936,-0.5951394530451001,0.17060508207158792,20
lsac,abrupt_global_mag1.0,lr,global_ewma,DI_star,0.5169172932330827,0.09974570527631549,0.7215398266039527,0.08363731149144078,20
lsac,abrupt_global_mag1.0,lr,global_ewma,AOD_star,0.40518796992481204,0.17777048711974344,0.49013351186969434,0.19442377513744163,20
lsac,abrupt_global_mag1.0,lr,global_ewma,BalAcc,-0.3993984962406015,0.2014484269220472,-0.49697762101164605,0.18626203830974372,20
lsac,abrupt_global_mag1.0,lr,global_std,DI_star,0.5577443609022557,0.11037829585078489,0.8296057054655576,0.06681200589740743,20
lsac,abrupt_global_mag1.0,lr,global_std,AOD_star,0.4651127819548872,0.14057785977869405,0.5870089269249515,0.15652758613191325,20
lsac,abrupt_global_mag1.0,lr,global_std,BalAcc,-0.38654135338345863,0.1560127547618112,-0.5773930287710725,0.1521999447622423,20
lsac,abrupt_global_mag1.0,lr,subgroup_violation_diff,DI_star,0.17300751879699247,0.5350815627708958,0.18160273548979708,0.7506404854919512,20
lsac,abrupt_global_mag1.0,lr,subgroup_violation_diff,AOD_star,0.18684210526315786,0.444844431148203,0.20503867801488013,0.5347575964575404,20
lsac,abrupt_global_mag1.0,lr,subgroup_violation_diff,BalAcc,-0.14353383458646612,0.4469375507709172,-0.1534990288363706,0.5215722489588025,20
lsac,abrupt_global_mag1.0,lr,max_subgroup_deviation,DI_star,0.6124812030075186,0.08847308069833285,0.8756161728631522,0.048409919113301655,20
lsac,abrupt_global_mag1.0,lr,max_subgroup_deviation,AOD_star,0.5034586466165413,0.19163382554613864,0.6290999183701488,0.17052197111544468,20
lsac,abrupt_global_mag1.0,lr,max_subgroup_deviation,BalAcc,-0.4403007518796991,0.14927006902868947,-0.595126365387011,0.1705239565663328,20
lsac,abrupt_global_mag1.0,lr,assignment_proportion_drift,DI_star,0.6151344463487041,0.12731286208888443,0.8539654431835733,0.09001614158191576,20
lsac,abrupt_global_mag1.0,lr,assignment_proportion_drift,AOD_star,0.4800077504496027,0.20769611338086294,0.6090257743727135,0.18988035183450855,20
lsac,abrupt_global_mag1.0,lr,assignment_proportion_drift,BalAcc,-0.4802779776275348,0.20988333665137673,-0.5825170437174452,0.2021858541162636,20
lsac,abrupt_global_mag1.0,lr,ks_statistic,DI_star,0.6060902255639096,0.10444632048498703,0.8778151517095397,0.04910375792628856,20
lsac,abrupt_global_mag1.0,lr,ks_statistic,AOD_star,0.4764661654135338,0.20399274987975677,0.6299650595634244,0.17134401957440823,20
lsac,abrupt_global_mag1.0,lr,ks_statistic,BalAcc,-0.48338345864661647,0.14445835917772984,-0.5991575823310934,0.17113236989037933,20
lsac,abrupt_global_mag1.0,lr,kl_divergence,DI_star,0.5873684210526315,0.11842370208278563,0.8737249533063904,0.050689713086570776,20
lsac,abrupt_global_mag1.0,lr,kl_divergence,AOD_star,0.46609022556390967,0.1512444655142504,0.6280083759638447,0.16326991347387287,20
lsac,abrupt_global_mag1.0,lr,kl_divergence,BalAcc,-0.41887218045112773,0.13244994211839442,-0.5945356058651396,0.16506299077489164,20
lsac,abrupt_global_mag1.0,lr,per_subgroup_ewma[min_neg],DI_star,0.5195488721804511,0.10281635299015282,0.7168715471948337,0.0853559364397657,20
lsac,abrupt_global_mag1.0,lr,per_subgroup_ewma[min_neg],AOD_star,0.4041353383458646,0.18096910308115663,0.4868933793199447,0.19575439749789833,20
lsac,abrupt_global_mag1.0,lr,per_subgroup_ewma[min_neg],BalAcc,-0.4090225563909774,0.19133587818950337,-0.4950999325695489,0.1857587955621858,20
lsac,abrupt_global_mag1.0,lr,per_subgroup_baseline_relative[min_neg],DI_star,0.592330827067669,0.12129094367783576,0.867881006896589,0.051061069026319655,20
lsac,abrupt_global_mag1.0,lr,per_subgroup_baseline_relative[min_neg],AOD_star,0.4537593984962404,0.18976637793742263,0.6192891564882913,0.17138522648409807,20
lsac,abrupt_global_mag1.0,lr,per_subgroup_baseline_relative[min_neg],BalAcc,-0.4797744360902255,0.16087588498680158,-0.6021498330765804,0.17078500933151966,20
lsac,abrupt_global_mag1.0,lr,per_subgroup_ewma[min_pos],DI_star,0.5184210526315788,0.10220020058439812,0.7222284357769124,0.08333633376991537,20
lsac,abrupt_global_mag1.0,lr,per_subgroup_ewma[min_pos],AOD_star,0.4047368421052632,0.18696409082755572,0.4909209619012905,0.19469196616005768,20
lsac,abrupt_global_mag1.0,lr,per_subgroup_ewma[min_pos],BalAcc,-0.4027067669172932,0.19890911719750506,-0.49749705517940973,0.18557976335813312,20
lsac,abrupt_global_mag1.0,lr,per_subgroup_baseline_relative[min_pos],DI_star,0.6027819548872181,0.08208828902731613,0.8749819817902302,0.048495986660751327,20
lsac,abrupt_global_mag1.0,lr,per_subgroup_baseline_relative[min_pos],AOD_star,0.4967669172932331,0.18611370703222455,0.6282702234787936,0.16906025614925832,20
lsac,abrupt_global_mag1.0,lr,per_subgroup_baseline_relative[min_pos],BalAcc,-0.42488721804511276,0.13470988166757883,-0.595467904942596,0.17108505526882803,20
lsac,abrupt_global_mag1.0,lr,per_subgroup_ewma[maj_neg],DI_star,0.5246616541353382,0.10274969104909562,0.719718301961332,0.08757796661064758,20
lsac,abrupt_global_mag1.0,lr,per_subgroup_ewma[maj_neg],AOD_star,0.4119548872180451,0.17856056951549332,0.48849786957068747,0.19739692896208658,20
lsac,abrupt_global_mag1.0,lr,per_subgroup_ewma[maj_neg],BalAcc,-0.40812030075187966,0.20219631855014306,-0.49848140235156196,0.18860005899859567,20
lsac,abrupt_global_mag1.0,lr,per_subgroup_baseline_relative[maj_neg],DI_star,0.5243609022556391,0.10199446966015989,0.8596932568309334,0.05862204396832744,20
lsac,abrupt_global_mag1.0,lr,per_subgroup_baseline_relative[maj_neg],AOD_star,0.4253383458646616,0.14522164680311667,0.6181176257196038,0.16519663500637013,20
lsac,abrupt_global_mag1.0,lr,per_subgroup_baseline_relative[maj_neg],BalAcc,-0.406766917293233,0.14483748087939208,-0.584466462516864,0.1708050497715929,20
lsac,abrupt_global_mag1.0,lr,per_subgroup_ewma[maj_pos],DI_star,0.5198496240601503,0.10081930187135021,0.7214758929429479,0.08226006741226621,20
lsac,abrupt_global_mag1.0,lr,per_subgroup_ewma[maj_pos],AOD_star,0.4072180451127819,0.17347257880827874,0.49047591755953224,0.1922666392102402,20
lsac,abrupt_global_mag1.0,lr,per_subgroup_ewma[maj_pos],BalAcc,-0.4022556390977443,0.1997428954022312,-0.49575743698924385,0.18710682016386554,20
lsac,abrupt_global_mag1.0,lr,per_subgroup_baseline_relative[maj_pos],DI_star,0.5521804511278195,0.07090923191027891,0.8708956371058338,0.04839146485732167,20
lsac,abrupt_global_mag1.0,lr,per_subgroup_baseline_relative[maj_pos],AOD_star,0.448796992481203,0.13464691799825515,0.6245828001075803,0.16702410389339378,20
lsac,abrupt_global_mag1.0,lr,per_subgroup_baseline_relative[maj_pos],BalAcc,-0.42518796992481195,0.14300575965648743,-0.5899715002897946,0.1703922628285212,20
lsac,abrupt_global_mag1.0,xgb,global_mean,DI_star,0.5609022556390977,0.1203637053327221,0.9523000658072366,0.018192432390799203,20
lsac,abrupt_global_mag1.0,xgb,global_mean,AOD_star,0.5536842105263158,0.12266621768461451,0.8230913242609146,0.07951407956319029,20
lsac,abrupt_global_mag1.0,xgb,global_mean,BalAcc,-0.5825440953342065,0.13625982953248109,-0.9897501545897966,0.0047963132098099125,20
lsac,abrupt_global_mag1.0,xgb,global_ewma,DI_star,0.5310526315789473,0.06654925402313018,0.7993765965534045,0.02893553634218165,20
lsac,abrupt_global_mag1.0,xgb,global_ewma,AOD_star,0.4928571428571429,0.10167001143988215,0.6726883079007016,0.08357700948186354,20
lsac,abrupt_global_mag1.0,xgb,global_ewma,BalAcc,-0.5352800988748301,0.10911352871980633,-0.841086192566815,0.013888405430945687,20
lsac,abrupt_global_mag1.0,xgb,global_std,DI_star,0.5645864661654134,0.09947283173555917,0.9021448814782934,0.054307193891810844,20
lsac,abrupt_global_mag1.0,xgb,global_std,AOD_star,0.5499999999999998,0.11337076872007573,0.7756436236717029,0.09387062757187752,20
lsac,abrupt_global_mag1.0,xgb,global_std,BalAcc,-0.5707343801489372,0.07802631057289922,-0.9428390902762915,0.045247817298407475,20
lsac,abrupt_global_mag1.0,xgb,subgroup_violation_diff,DI_star,0.1142105263157895,0.5729140713053453,0.17161107770160877,0.8279965431582328,20
lsac,abrupt_global_mag1.0,xgb,subgroup_violation_diff,AOD_star,0.10518796992481202,0.5713977979446174,0.16447679940152976,0.7284590387387214,20
lsac,abrupt_global_mag1.0,xgb,subgroup_violation_diff,BalAcc,-0.08305086819004996,0.514862520279206,-0.17902656227088748,0.8601249623573025,20
lsac,abrupt_global_mag1.0,xgb,max_subgroup_deviation,DI_star,0.5742105263157894,0.10950246977576314,0.9507000453195147,0.0197886237169506,20
lsac,abrupt_global_mag1.0,xgb,max_subgroup_deviation,AOD_star,0.569924812030075,0.1361819987159334,0.8215547056325214,0.08503182715091297,20
lsac,abrupt_global_mag1.0,xgb,max_subgroup_deviation,BalAcc,-0.5642360933374994,0.10155582050930063,-0.9880753479886272,0.003922825692504079,20
lsac,abrupt_global_mag1.0,xgb,assignment_proportion_drift,DI_star,0.6064561283730868,0.10730248139277236,0.9273741890992445,0.07032676258065046,20
lsac,abrupt_global_mag1.0,xgb,assignment_proportion_drift,AOD_star,0.5776766312656292,0.10506137906654674,0.8026080582242286,0.09958435461245345,20
lsac,abrupt_global_mag1.0,xgb,assignment_proportion_drift,BalAcc,-0.5554603305935581,0.14151057196207772,-0.9599713191288879,0.07246665538611531,20
lsac,abrupt_global_mag1.0,xgb,ks_statistic,DI_star,0.5918796992481202,0.10672391382181452,0.9533983395248201,0.017938761790617642,20
lsac,abrupt_global_mag1.0,xgb,ks_statistic,AOD_star,0.5834586466165413,0.12964377150689052,0.8250072100747092,0.08048959070148234,20
lsac,abrupt_global_mag1.0,xgb,ks_statistic,BalAcc,-0.6033696357697815,0.11378071732411053,-0.9898635400720585,0.0037958792189349755,20
lsac,abrupt_global_mag1.0,xgb,kl_divergence,DI_star,0.6038345864661653,0.09525514621140306,0.9482861650195481,0.016822104117895764,20
lsac,abrupt_global_mag1.0,xgb,kl_divergence,AOD_star,0.5957894736842104,0.09699259777343344,0.8231877780527428,0.07836708612667681,20
lsac,abrupt_global_mag1.0,xgb,kl_divergence,BalAcc,-0.5729938938948831,0.1114355691464889,-0.9830191540663951,0.006559187849309569,20
lsac,abrupt_global_mag1.0,xgb,per_subgroup_ewma[min_neg],DI_star,0.528796992481203,0.06063950561325382,0.7925871722612449,0.029423995354057837,20
lsac,abrupt_global_mag1.0,xgb,per_subgroup_ewma[min_neg],AOD_star,0.4912781954887218,0.09897330372902263,0.6651285149901611,0.08391056978610228,20
lsac,abrupt_global_mag1.0,xgb,per_subgroup_ewma[min_neg],BalAcc,-0.5352055613932893,0.11288054075992679,-0.8345049889112065,0.01659037158797686,20
lsac,abrupt_global_mag1.0,xgb,per_subgroup_baseline_relative[min_neg],DI_star,0.5193233082706767,0.1154974101916636,0.9369510425063006,0.024166689696458344,20
lsac,abrupt_global_mag1.0,xgb,per_subgroup_baseline_relative[min_neg],AOD_star,0.48887218045112785,0.11126183582242921,0.8024666343996814,0.08390359654961768,20
lsac,abrupt_global_mag1.0,xgb,per_subgroup_baseline_relative[min_neg],BalAcc,-0.5378780574728005,0.11957092505665103,-0.977174154256265,0.009068183011694146,20
lsac,abrupt_global_mag1.0,xgb,per_subgroup_ewma[min_pos],DI_star,0.5301503759398496,0.06754956011674411,0.7994411594397356,0.028896968776024327,20
lsac,abrupt_global_mag1.0,xgb,per_subgroup_ewma[min_pos],AOD_star,0.49533834586466163,0.10360825866999085,0.6726042257994849,0.08424025185555402,20
lsac,abrupt_global_mag1.0,xgb,per_subgroup_ewma[min_pos],BalAcc,-0.5365583509277592,0.1088793408121499,-0.8415323678722328,0.012918631232874284,20
lsac,abrupt_global_mag1.0,xgb,per_subgroup_baseline_relative[min_pos],DI_star,0.5778195488721805,0.11468753559744162,0.9507732786020258,0.01972378432114061,20
lsac,abrupt_global_mag1.0,xgb,per_subgroup_baseline_relative[min_pos],AOD_star,0.5766917293233081,0.14551426792875202,0.8217718140120718,0.08491082116070564,20
lsac,abrupt_global_mag1.0,xgb,per_subgroup_baseline_relative[min_pos],BalAcc,-0.5675441660394654,0.10192213083291807,-0.9889154420271383,0.0038628742774150042,20
lsac,abrupt_global_mag1.0,xgb,per_subgroup_ewma[maj_neg],DI_star,0.5330827067669173,0.06731318224065529,0.7976137660071702,0.029528267417190508,20
lsac,abrupt_global_mag1.0,xgb,per_subgroup_ewma[maj_neg],AOD_star,0.4957894736842105,0.101079145286499,0.6711986537525976,0.08283755558023385,20
lsac,abrupt_global_mag1.0,xgb,per_subgroup_ewma[maj_neg],BalAcc,-0.5415205589680712,0.10919443134551905,-0.8394009671817132,0.0183445935700116,20
lsac,abrupt_global_mag1.0,xgb,per_subgroup_baseline_relative[maj_neg],DI_star,0.5469924812030075,0.07734773977003055,0.9379099055796782,0.023951830665588435,20
lsac,abrupt_global_mag1.0,xgb,per_subgroup_baseline_relative[maj_neg],AOD_star,0.5457894736842104,0.09160163058462316,0.809441317266311,0.08319287662700423,20
lsac,abrupt_global_mag1.0,xgb,per_subgroup_baseline_relative[maj_neg],BalAcc,-0.560661058797854,0.10722766535808564,-0.9782828865147962,0.010359008563834517,20
lsac,abrupt_global_mag1.0,xgb,per_subgroup_ewma[maj_pos],DI_star,0.5316541353383459,0.06768333185204577,0.7993166406776248,0.028779607942486064,20
lsac,abrupt_global_mag1.0,xgb,per_subgroup_ewma[maj_pos],AOD_star,0.493609022556391,0.1017711598950101,0.6727538627274046,0.0838567710076749,20
lsac,abrupt_global_mag1.0,xgb,per_subgroup_ewma[maj_pos],BalAcc,-0.5356565478023201,0.10552372630865531,-0.8406750949715709,0.014152988975331142,20
lsac,abrupt_global_mag1.0,xgb,per_subgroup_baseline_relative[maj_pos],DI_star,0.5923308270676693,0.12355184086161093,0.9521833688292329,0.018826912414079123,20
lsac,abrupt_global_mag1.0,xgb,per_subgroup_baseline_relative[maj_pos],AOD_star,0.5866917293233083,0.13142313008126566,0.8252037206096432,0.07593205857017335,20
lsac,abrupt_global_mag1.0,xgb,per_subgroup_baseline_relative[maj_pos],BalAcc,-0.6246858918981761,0.08937705469897263,-0.986764616381452,0.005555109215819666,20
lsac,abrupt_global_mag2.0,lr,global_mean,DI_star,0.5930931499350238,0.07363840852752639,0.9715349793604723,0.01324143410413887,20
lsac,abrupt_global_mag2.0,lr,global_mean,AOD_star,0.5718897393949199,0.08140566477198272,0.926859822906315,0.031768101192894485,20
lsac,abrupt_global_mag2.0,lr,global_mean,BalAcc,-0.5909509503497471,0.0777562256983276,-0.9202944741050623,0.02899264245760525,20
lsac,abrupt_global_mag2.0,lr,global_ewma,DI_star,0.5521487327512223,0.09354696735214228,0.8215459800711423,0.0260390983946448,20
lsac,abrupt_global_mag2.0,lr,global_ewma,AOD_star,0.5535452039921379,0.08787674132238796,0.7821871065006538,0.052618074634667854,20
lsac,abrupt_global_mag2.0,lr,global_ewma,BalAcc,-0.558468361519149,0.09332838326166062,-0.7787118891936146,0.04358824920144335,20
lsac,abrupt_global_mag2.0,lr,global_std,DI_star,0.5338349894874722,0.1261483387382182,0.9221147035171484,0.0529328633184844,20
lsac,abrupt_global_mag2.0,lr,global_std,AOD_star,0.5332459227818291,0.1217528793275456,0.8778651819678064,0.06039962721953931,20
lsac,abrupt_global_mag2.0,lr,global_std,BalAcc,-0.5251623816928539,0.11655847607470202,-0.8745048141774928,0.04556463942118102,20
lsac,abrupt_global_mag2.0,lr,subgroup_violation_diff,DI_star,0.503762827702639,0.2704232914975052,0.7527103489833344,0.38979417491931956,20
lsac,abrupt_global_mag2.0,lr,subgroup_violation_diff,AOD_star,0.4614789630654406,0.2825698633334653,0.7050060794542763,0.38996537515395696,20
lsac,abrupt_global_mag2.0,lr,subgroup_violation_diff,BalAcc,-0.5205754064495745,0.28373057055261786,-0.7242793089013518,0.36993534765630337,20
lsac,abrupt_global_mag2.0,lr,max_subgroup_deviation,DI_star,0.5955313712168325,0.08404523622264172,0.9706777966070497,0.013111934932389652,20
lsac,abrupt_global_mag2.0,lr,max_subgroup_deviation,AOD_star,0.5647495690519109,0.08034789334800436,0.9252048036849647,0.03254337570000856,20
lsac,abrupt_global_mag2.0,lr,max_subgroup_deviation,BalAcc,-0.6012148860023347,0.10598016077392243,-0.9203741172081337,0.028156833208125644,20
lsac,abrupt_global_mag2.0,lr,assignment_proportion_drift,DI_star,0.6053917406377345,0.10188247686227189,0.9687986320102926,0.014953323356750335,20
lsac,abrupt_global_mag2.0,lr,assignment_proportion_drift,AOD_star,0.5961233121429911,0.1223714809753035,0.9245153644605996,0.0329957441696386,20
lsac,abrupt_global_mag2.0,lr,assignment_proportion_drift,BalAcc,-0.5998494834079315,0.11535198430137941,-0.916680599079104,0.02832678921557185,20
lsac,abrupt_global_mag2.0,lr,ks_statistic,DI_star,0.6150462553805383,0.06738750143895418,0.9720009718795015,0.012981394846999218,20
lsac,abrupt_global_mag2.0,lr,ks_statistic,AOD_star,0.5910637747277899,0.09592243722863053,0.9274401852436849,0.031910746106568695,20
lsac,abrupt_global_mag2.0,lr,ks_statistic,BalAcc,-0.6312503729705744,0.07994850221598325,-0.9210627837725506,0.028706852007013565,20
lsac,abrupt_global_mag2.0,lr,kl_divergence,DI_star,0.6048219076012211,0.06938696464740211,0.969939536014501,0.014420445842631293,20
lsac,abrupt_global_mag2.0,lr,kl_divergence,AOD_star,0.5992979462955477,0.10466198747825316,0.9253667856210293,0.03440919564508204,20
lsac,abrupt_global_mag2.0,lr,kl_divergence,BalAcc,-0.61095004532243,0.08613098850002851,-0.9200016861975421,0.02987353454111925,20
lsac,abrupt_global_mag2.0,lr,per_subgroup_ewma[min_neg],DI_star,0.5553444053067006,0.09160312059032545,0.8221444529266151,0.024846153627045134,20
lsac,abrupt_global_mag2.0,lr,per_subgroup_ewma[min_neg],AOD_star,0.5600114825340865,0.08907987180676032,0.7833288779366512,0.05293343729028057,20
lsac,abrupt_global_mag2.0,lr,per_subgroup_ewma[min_neg],BalAcc,-0.5609495645266678,0.09004532348854538,-0.7792248336472158,0.04471308143937016,20
lsac,abrupt_global_mag2.0,lr,per_subgroup_baseline_relative[min_neg],DI_star,0.6644103959370465,0.08292718730107798,0.9682590431684206,0.013843746649553903,20
lsac,abrupt_global_mag2.0,lr,per_subgroup_baseline_relative[min_neg],AOD_star,0.6242599280790304,0.10123702457373232,0.9261006332916212,0.031890018017878705,20
lsac,abrupt_global_mag2.0,lr,per_subgroup_baseline_relative[min_neg],BalAcc,-0.6556505519963437,0.09449699730686204,-0.9171870384891344,0.0300946755514091,20
lsac,abrupt_global_mag2.0,lr,per_subgroup_ewma[min_pos],DI_star,0.5522245146453241,0.09277586704861775,0.8217706351448376,0.025538117519650332,20
lsac,abrupt_global_mag2.0,lr,per_subgroup_ewma[min_pos],AOD_star,0.5536956930604023,0.08636395895643963,0.7822084753059239,0.05289334157223545,20
lsac,abrupt_global_mag2.0,lr,per_subgroup_ewma[min_pos],BalAcc,-0.5608744331209504,0.09029202578166988,-0.7790860004249727,0.043351551655901904,20
lsac,abrupt_global_mag2.0,lr,per_subgroup_baseline_relative[min_pos],DI_star,0.5817720575669031,0.07531945543049905,0.9705787555991117,0.013197812019938334,20
lsac,abrupt_global_mag2.0,lr,per_subgroup_baseline_relative[min_pos],AOD_star,0.5600503350726619,0.07180441318494905,0.9256994003989062,0.03185058177913285,20
lsac,abrupt_global_mag2.0,lr,per_subgroup_baseline_relative[min_pos],BalAcc,-0.5750105916478212,0.10573376951030891,-0.9195320468707979,0.028245353416371473,20
lsac,abrupt_global_mag2.0,lr,per_subgroup_ewma[maj_neg],DI_star,0.5515105258931268,0.09713254020548101,0.8209755424278933,0.02923720860284139,20
lsac,abrupt_global_mag2.0,lr,per_subgroup_ewma[maj_neg],AOD_star,0.5527932111644752,0.09298896221300962,0.7818170841231461,0.05574481330438733,20
lsac,abrupt_global_mag2.0,lr,per_subgroup_ewma[maj_neg],BalAcc,-0.5591826048102793,0.09873236100004751,-0.7778747295238035,0.04636833741500644,20
lsac,abrupt_global_mag2.0,lr,per_subgroup_baseline_relative[maj_neg],DI_star,0.575454995398554,0.11129662907714115,0.9677306172081062,0.016256330794301416,20
lsac,abrupt_global_mag2.0,lr,per_subgroup_baseline_relative[maj_neg],AOD_star,0.5693707020045577,0.09381463031708757,0.9243674202980809,0.03439348404105838,20
lsac,abrupt_global_mag2.0,lr,per_subgroup_baseline_relative[maj_neg],BalAcc,-0.5592967018829867,0.07953807093289725,-0.9153505336754556,0.030665202362183976,20
lsac,abrupt_global_mag2.0,lr,per_subgroup_ewma[maj_pos],DI_star,0.5547806793659384,0.09377112653231735,0.8212064082542996,0.02551932042307898,20
lsac,abrupt_global_mag2.0,lr,per_subgroup_ewma[maj_pos],AOD_star,0.5541463683662926,0.08508230844337909,0.7820514623829842,0.051115075469511335,20
lsac,abrupt_global_mag2.0,lr,per_subgroup_ewma[maj_pos],BalAcc,-0.5625666573810727,0.08848112279345702,-0.7779513863717356,0.04437360245054861,20
lsac,abrupt_global_mag2.0,lr,per_subgroup_baseline_relative[maj_pos],DI_star,0.5708365492457549,0.09141231144011545,0.9696208311264585,0.013448131107426568,20
lsac,abrupt_global_mag2.0,lr,per_subgroup_baseline_relative[maj_pos],AOD_star,0.5870019839898377,0.0863639977640696,0.9258360541925569,0.031193492968470106,20
lsac,abrupt_global_mag2.0,lr,per_subgroup_baseline_relative[maj_pos],BalAcc,-0.5600475917086067,0.09906489203690919,-0.9171977824010857,0.029943775438314876,20
lsac,abrupt_global_mag2.0,xgb,global_mean,DI_star,0.6295326355748664,0.1053090878322003,0.983028455670464,0.01093229034834103,20
lsac,abrupt_global_mag2.0,xgb,global_mean,AOD_star,0.6221941878134535,0.10543659456502538,0.9672607442176773,0.022088643245062788,20
lsac,abrupt_global_mag2.0,xgb,global_mean,BalAcc,-0.5571268017876966,0.11321510456908047,-0.9950745162693023,0.0028831273689222353,20
lsac,abrupt_global_mag2.0,xgb,global_ewma,DI_star,0.5054279429187154,0.09131276275217289,0.8314248235256277,0.011232338550554982,20
lsac,abrupt_global_mag2.0,xgb,global_ewma,AOD_star,0.5034338938349289,0.09140746204611057,0.8131451473980785,0.020952105963428738,20
lsac,abrupt_global_mag2.0,xgb,global_ewma,BalAcc,-0.6146071976166002,0.09278922366771894,-0.847075150710842,0.004679358554775871,20
lsac,abrupt_global_mag2.0,xgb,global_std,DI_star,0.5404002624167267,0.09227415759143577,0.9354096221204836,0.03956988097794402,20
lsac,abrupt_global_mag2.0,xgb,global_std,AOD_star,0.5521093774707146,0.09073923453809446,0.9192788656435547,0.04145474765686292,20
lsac,abrupt_global_mag2.0,xgb,global_std,BalAcc,-0.6227665364185786,0.10474048387835092,-0.9513243439189407,0.03486611444144318,20
lsac,abrupt_global_mag2.0,xgb,subgroup_violation_diff,DI_star,0.4820413781076073,0.23074286058836244,0.7604395183380169,0.394028007817659,20
lsac,abrupt_global_mag2.0,xgb,subgroup_violation_diff,AOD_star,0.47429985384876155,0.23991478179813774,0.7463114206418765,0.3845805323099873,20
lsac,abrupt_global_mag2.0,xgb,subgroup_violation_diff,BalAcc,-0.49006962667918863,0.29178941907931794,-0.7699830428286218,0.3963565589988539,20
lsac,abrupt_global_mag2.0,xgb,max_subgroup_deviation,DI_star,0.6233402581329901,0.08169354749664823,0.9819289189283726,0.011353196112842693,20
lsac,abrupt_global_mag2.0,xgb,max_subgroup_deviation,AOD_star,0.6184774767592377,0.08827011027376519,0.9664189373205266,0.02242150025782189,20
lsac,abrupt_global_mag2.0,xgb,max_subgroup_deviation,BalAcc,-0.5847761737704521,0.11762201592040912,-0.9934891905004388,0.0031802623446713237,20
lsac,abrupt_global_mag2.0,xgb,assignment_proportion_drift,DI_star,0.6055274188227856,0.10784953896122379,0.9790266857180958,0.011731059364861166,20
lsac,abrupt_global_mag2.0,xgb,assignment_proportion_drift,AOD_star,0.6035750549780581,0.09459721276391166,0.963133825034641,0.020350916015194974,20
lsac,abrupt_global_mag2.0,xgb,assignment_proportion_drift,BalAcc,-0.5875036595740095,0.10452364081389427,-0.9913451757692305,0.005839732374782587,20
lsac,abrupt_global_mag2.0,xgb,ks_statistic,DI_star,0.6197083765517879,0.09434683736276504,0.9832465868093975,0.011029109869661968,20
lsac,abrupt_global_mag2.0,xgb,ks_statistic,AOD_star,0.6134183855816334,0.08926833563070319,0.967460315626061,0.02212192201175574,20
lsac,abrupt_global_mag2.0,xgb,ks_statistic,BalAcc,-0.5569314461353796,0.12734991107524055,-0.9949563630405688,0.0026654299367421604,20
lsac,abrupt_global_mag2.0,xgb,kl_divergence,DI_star,0.6023537243625807,0.10603573236943495,0.9815046310096947,0.011012285992158413,20
lsac,abrupt_global_mag2.0,xgb,kl_divergence,AOD_star,0.5994911119589259,0.09873309133032111,0.9658173479930678,0.022297449492062207,20
lsac,abrupt_global_mag2.0,xgb,kl_divergence,BalAcc,-0.5901381559186281,0.09412386806449398,-0.9935197739577255,0.003043508944763859,20
lsac,abrupt_global_mag2.0,xgb,per_subgroup_ewma[min_neg],DI_star,0.5076876847425094,0.09219818065802496,0.8310045329058479,0.014036080018845657,20
lsac,abrupt_global_mag2.0,xgb,per_subgroup_ewma[min_neg],AOD_star,0.5069208561679956,0.09295249227930424,0.8125972991223568,0.020514043231893785,20
lsac,abrupt_global_mag2.0,xgb,per_subgroup_ewma[min_neg],BalAcc,-0.6086734527837501,0.0939629645355317,-0.8465378492195704,0.009480986971124013,20
lsac,abrupt_global_mag2.0,xgb,per_subgroup_baseline_relative[min_neg],DI_star,0.6119342906486522,0.09552784735079846,0.9748419485546804,0.014976361392309111,20
lsac,abrupt_global_mag2.0,xgb,per_subgroup_baseline_relative[min_neg],AOD_star,0.5980951702840276,0.10936303542669513,0.9593116259879964,0.02485596859533842,20
lsac,abrupt_global_mag2.0,xgb,per_subgroup_baseline_relative[min_neg],BalAcc,-0.5564281594926308,0.09006597860599332,-0.9862189026532213,0.011690888945473373,20
lsac,abrupt_global_mag2.0,xgb,per_subgroup_ewma[min_pos],DI_star,0.5037680417096437,0.09075367162520337,0.8316158142139607,0.01194183029571808,20
lsac,abrupt_global_mag2.0,xgb,per_subgroup_ewma[min_pos],AOD_star,0.5046763111417738,0.0898546612587186,0.8133692383756544,0.02093362122042489,20
lsac,abrupt_global_mag2.0,xgb,per_subgroup_ewma[min_pos],BalAcc,-0.6152364283401096,0.09196860521324209,-0.8472800063996487,0.0050028632815892985,20
lsac,abrupt_global_mag2.0,xgb,per_subgroup_baseline_relative[min_pos],DI_star,0.6326271647605879,0.08185703202617506,0.9823576330493091,0.011007908851826526,20
lsac,abrupt_global_mag2.0,xgb,per_subgroup_baseline_relative[min_pos],AOD_star,0.6266178407350316,0.07285241570606626,0.9666999270224258,0.02211134131875569,20
lsac,abrupt_global_mag2.0,xgb,per_subgroup_baseline_relative[min_pos],BalAcc,-0.544039370851748,0.12896505466020736,-0.994323114921848,0.003196665106357204,20
lsac,abrupt_global_mag2.0,xgb,per_subgroup_ewma[maj_neg],DI_star,0.5061653544634346,0.08982199740947548,0.830945624920232,0.011876088015182796,20
lsac,abrupt_global_mag2.0,xgb,per_subgroup_ewma[maj_neg],AOD_star,0.5051537450165811,0.0891900885046275,0.812883902876246,0.02292065658706063,20
lsac,abrupt_global_mag2.0,xgb,per_subgroup_ewma[maj_neg],BalAcc,-0.6154127683922981,0.09352781900883066,-0.8467210548159226,0.007034832385418296,20
lsac,abrupt_global_mag2.0,xgb,per_subgroup_baseline_relative[maj_neg],DI_star,0.6147772472455815,0.06235396135883339,0.9792076189933969,0.01221219681998076,20
lsac,abrupt_global_mag2.0,xgb,per_subgroup_baseline_relative[maj_neg],AOD_star,0.6190323072913881,0.05839783955059351,0.9640999034681746,0.023120869411212854,20
lsac,abrupt_global_mag2.0,xgb,per_subgroup_baseline_relative[maj_neg],BalAcc,-0.580980876109231,0.12691143959766488,-0.9921711836218664,0.0051015550345626616,20
lsac,abrupt_global_mag2.0,xgb,per_subgroup_ewma[maj_pos],DI_star,0.5050289498244113,0.09022137331208918,0.8310998637126472,0.0112428149757469,20
lsac,abrupt_global_mag2.0,xgb,per_subgroup_ewma[maj_pos],AOD_star,0.5021119331149787,0.09082199046807524,0.8127228641331445,0.020528411018424828,20
lsac,abrupt_global_mag2.0,xgb,per_subgroup_ewma[maj_pos],BalAcc,-0.6137495608137375,0.09175178554113873,-0.8467631931403947,0.007172953037235793,20
lsac,abrupt_global_mag2.0,xgb,per_subgroup_baseline_relative[maj_pos],DI_star,0.626700360495018,0.1191695693497576,0.9815855140544363,0.010845794395679524,20
lsac,abrupt_global_mag2.0,xgb,per_subgroup_baseline_relative[maj_pos],AOD_star,0.6298371751609324,0.11040156347737287,0.9661428969757004,0.02157161193444349,20
lsac,abrupt_global_mag2.0,xgb,per_subgroup_baseline_relative[maj_pos],BalAcc,-0.58360789350969,0.08218615501708303,-0.9929487123556715,0.00401423724264432,20
lsac,variance_group_mag1.5,lr,global_mean,DI_star,-0.0373295347706855,0.26855835641144865,-0.03804290504417659,0.24741295943150843,20
lsac,variance_group_mag1.5,lr,global_mean,AOD_star,0.03150375939849624,0.24075346469964273,0.029339258542485487,0.23325466876533804,20
lsac,variance_group_mag1.5,lr,global_mean,BalAcc,0.09518796992481202,0.24024555437080347,0.0799787915276355,0.21986897215628795,20
lsac,variance_group_mag1.5,lr,global_ewma,DI_star,0.04444843976642732,0.2758668226568911,0.04767430069086071,0.27643672922082263,20
lsac,variance_group_mag1.5,lr,global_ewma,AOD_star,0.04586466165413533,0.2234545481768276,0.056397216036576145,0.23487587629422077,20
lsac,variance_group_mag1.5,lr,global_ewma,BalAcc,0.015413533834586468,0.23987996838244038,0.019428376779472074,0.23593363406186743,20
lsac,variance_group_mag1.5,lr,global_std,DI_star,-0.03669667739010085,0.27584615014294633,-0.024665758453314156,0.2504939351458227,20
lsac,variance_group_mag1.5,lr,global_std,AOD_star,0.012030075187969922,0.25177171964464456,0.010798313077877235,0.2504443890849742,20
lsac,variance_group_mag1.5,lr,global_std,BalAcc,0.04022556390977443,0.2565529332153696,0.030498745743650156,0.2260708117748814,20
lsac,variance_group_mag1.5,lr,subgroup_violation_diff,DI_star,-0.10250336551571575,0.22960083576766632,-0.14239701296523044,0.22963390992764113,20
lsac,variance_group_mag1.5,lr,subgroup_violation_diff,AOD_star,-0.1626315789473684,0.22736736434094257,-0.19769849169968445,0.20399857209029115,20
lsac,variance_group_mag1.5,lr,subgroup_violation_diff,BalAcc,-0.04398496240601504,0.2816874420812676,-0.02924092514983866,0.29655155908193487,20
lsac,variance_group_mag1.5,lr,max_subgroup_deviation,DI_star,0.042553372493575235,0.26607638765790437,0.05369326670599186,0.25038717384834747,20
lsac,variance_group_mag1.5,lr,max_subgroup_deviation,AOD_star,0.06766917293233081,0.23052047920650595,0.09576501690042911,0.23240783024765937,20
lsac,variance_group_mag1.5,lr,max_subgroup_deviation,BalAcc,7.518796992480731e-05,0.2348963997512288,-0.019048588619074748,0.2567965072441519,20
lsac,variance_group_mag1.5,lr,assignment_proportion_drift,DI_star,0.10314734355462415,0.18183132773397814,0.08160112571207381,0.13301196927654677,20
lsac,variance_group_mag1.5,lr,assignment_proportion_drift,AOD_star,0.05540933296804906,0.20119735300033145,0.04081023166213582,0.16312612378234825,20
lsac,variance_group_mag1.5,lr,assignment_proportion_drift,BalAcc,-0.024339068796326194,0.1835960964991136,-0.033238362819295084,0.2039205916105008,20
lsac,variance_group_mag1.5,lr,ks_statistic,DI_star,-0.06138605240300495,0.21802110200043853,-0.07143215983573385,0.23463193684310077,20
lsac,variance_group_mag1.5,lr,ks_statistic,AOD_star,-0.06285714285714285,0.25783953463431875,-0.048597371130532474,0.24457542235580604,20
lsac,variance_group_mag1.5,lr,ks_statistic,BalAcc,0.027969924812030082,0.2096951368697398,0.05337617027702,0.1929714415674302,20
lsac,variance_group_mag1.5,lr,kl_divergence,DI_star,-0.010221351294927707,0.26806389013797466,-0.01643310965385053,0.22039615390499007,20
lsac,variance_group_mag1.5,lr,kl_divergence,AOD_star,-0.030150375939849615,0.223132497085437,-0.033551902530641456,0.21760824468280945,20
lsac,variance_group_mag1.5,lr,kl_divergence,BalAcc,0.010601503759398499,0.23703440099085857,0.028813206679780684,0.25125552830443904,20
lsac,variance_group_mag1.5,lr,per_subgroup_ewma[min_neg],DI_star,-0.00966958520142713,0.2592972466121732,-0.0008205298767472663,0.2528788252590646,20
lsac,variance_group_mag1.5,lr,per_subgroup_ewma[min_neg],AOD_star,0.011503759398496242,0.20398831576745308,0.01617481350522245,0.236918548995454,20
lsac,variance_group_mag1.5,lr,per_subgroup_ewma[min_neg],BalAcc,0.005263157894736838,0.2228018865471989,0.03605439138019935,0.24995799315481207,20
lsac,variance_group_mag1.5,lr,per_subgroup_baseline_relative[min_neg],DI_star,-0.07971004612401168,0.25332182487948485,-0.07941896880006552,0.2445049733812259,20
lsac,variance_group_mag1.5,lr,per_subgroup_baseline_relative[min_neg],AOD_star,-0.03511278195488722,0.23920141271741266,-0.031621948898005126,0.2576054041775773,20
lsac,variance_group_mag1.5,lr,per_subgroup_baseline_relative[min_neg],BalAcc,0.0863157894736842,0.2402593431720344,0.09500009773630205,0.24550305615868387,20
lsac,variance_group_mag1.5,lr,per_subgroup_ewma[min_pos],DI_star,0.0006405366944156416,0.26029240810670307,0.008296251849900765,0.24313505716188089,20
lsac,variance_group_mag1.5,lr,per_subgroup_ewma[min_pos],AOD_star,0.0030827067669172876,0.20870396827432972,0.018266050334073913,0.22471690820017343,20
lsac,variance_group_mag1.5,lr,per_subgroup_ewma[min_pos],BalAcc,0.0193984962406015,0.2546139995503593,0.004817373529107249,0.2409511502686106,20
lsac,variance_group_mag1.5,lr,per_subgroup_baseline_relative[min_pos],DI_star,-0.02125071861166794,0.25333050520529754,-0.032142293222658234,0.23586201319612946,20
lsac,variance_group_mag1.5,lr,per_subgroup_baseline_relative[min_pos],AOD_star,0.008721804511278197,0.23730428707683743,0.001095306338466262,0.24572276237977364,20
lsac,variance_group_mag1.5,lr,per_subgroup_baseline_relative[min_pos],BalAcc,0.02360902255639098,0.23110492448521802,-0.014699948769519888,0.2375489213766516,20
lsac,variance_group_mag1.5,lr,per_subgroup_ewma[maj_neg],DI_star,0.030624050217280596,0.3125452898873206,0.05308846552327019,0.28663217285173237,20
lsac,variance_group_mag1.5,lr,per_subgroup_ewma[maj_neg],AOD_star,0.03390977443609023,0.26138845512538655,0.05946166844051439,0.2608111257571167,20
lsac,variance_group_mag1.5,lr,per_subgroup_ewma[maj_neg],BalAcc,-0.0006015037593985028,0.2491495626142073,-0.01066849918773272,0.2675587489984562,20
lsac,variance_group_mag1.5,lr,per_subgroup_baseline_relative[maj_neg],DI_star,-0.01092175071763881,0.2556951780221122,-0.0039967963081523035,0.22807974276342627,20
lsac,variance_group_mag1.5,lr,per_subgroup_baseline_relative[maj_neg],AOD_star,0.05240601503759397,0.20017137493431617,0.07659211876619745,0.217734562502204,20
lsac,variance_group_mag1.5,lr,per_subgroup_baseline_relative[maj_neg],BalAcc,0.10857142857142854,0.29055791481202664,0.09646269467769213,0.3101783278810219,20
lsac,variance_group_mag1.5,lr,per_subgroup_ewma[maj_pos],DI_star,0.1319130360831786,0.2298973181548928,0.1314117297268967,0.23198947175112167,20
lsac,variance_group_mag1.5,lr,per_subgroup_ewma[maj_pos],AOD_star,0.1220300751879699,0.20754836609648344,0.11794137485265552,0.21373727221273517,20
lsac,variance_group_mag1.5,lr,per_subgroup_ewma[maj_pos],BalAcc,0.02398496240601504,0.2316650923653244,0.014155674674099974,0.22476262193863844,20
lsac,variance_group_mag1.5,lr,per_subgroup_baseline_relative[maj_pos],DI_star,0.14055028646968667,0.2355619070114471,0.1485879894279653,0.20684967890778713,20
lsac,variance_group_mag1.5,lr,per_subgroup_baseline_relative[maj_pos],AOD_star,0.1881203007518797,0.19714159540324486,0.19267675415902058,0.1660115396012704,20
lsac,variance_group_mag1.5,lr,per_subgroup_baseline_relative[maj_pos],BalAcc,0.029323308270676696,0.2601658042276338,0.01984514255728612,0.26695746046553404,20
lsac,variance_group_mag1.5,xgb,global_mean,DI_star,-0.05909774436090226,0.24266413802339834,-0.046966323351420015,0.27125120242997847,20
lsac,variance_group_mag1.5,xgb,global_mean,AOD_star,-0.0630827067669173,0.24243543311110413,-0.028235814078801165,0.26212826619447105,20
lsac,variance_group_mag1.5,xgb,global_mean,BalAcc,-0.11691729323308268,0.22146443918495384,-0.09351175618708543,0.2559820097532056,20
lsac,variance_group_mag1.5,xgb,global_ewma,DI_star,-0.12586466165413532,0.19397744346330378,-0.09379148446640477,0.21433629748983204,20
lsac,variance_group_mag1.5,xgb,global_ewma,AOD_star,-0.1157142857142857,0.19299770632709873,-0.09069441770009033,0.18661678301765905,20
lsac,variance_group_mag1.5,xgb,global_ewma,BalAcc,-0.06308270676691727,0.17530731034735683,-0.06929020523894067,0.22247554315210086,20
lsac,variance_group_mag1.5,xgb,global_std,DI_star,-0.09195488721804511,0.22210189061840513,-0.07506684919464388,0.2495132607092282,20
lsac,variance_group_mag1.5,xgb,global_std,AOD_star,-0.0826315789473684,0.22180551803008425,-0.0607074629903392,0.25286788766602064,20
lsac,variance_group_mag1.5,xgb,global_std,BalAcc,-0.10661654135338346,0.19529191944539612,-0.09464595771199327,0.21328355358015316,20
lsac,variance_group_mag1.5,xgb,subgroup_violation_diff,DI_star,-0.14684210526315786,0.2628127812224551,-0.15723276999817476,0.2799576629750889,20
lsac,variance_group_mag1.5,xgb,subgroup_violation_diff,AOD_star,-0.163984962406015,0.20686093556243818,-0.1677393163745406,0.23625353695824033,20
lsac,variance_group_mag1.5,xgb,subgroup_violation_diff,BalAcc,0.030225563909774423,0.2839764720304397,0.027390473053023955,0.28631367765055005,20
lsac,variance_group_mag1.5,xgb,max_subgroup_deviation,DI_star,0.03308270676691729,0.2175186800391609,0.020557200313910274,0.2446143343309752,20
lsac,variance_group_mag1.5,xgb,max_subgroup_deviation,AOD_star,0.046390977443609024,0.18693869003284075,0.043934496728329255,0.21004779171789717,20
lsac,variance_group_mag1.5,xgb,max_subgroup_deviation,BalAcc,-0.061578947368421046,0.24487717584752558,-0.05694712440036792,0.24832182620167545,20
lsac,variance_group_mag1.5,xgb,assignment_proportion_drift,DI_star,0.019196701913861563,0.18939780906770282,-0.020334936532816743,0.19992399527766663,20
lsac,variance_group_mag1.5,xgb,assignment_proportion_drift,AOD_star,0.0026032511521123696,0.1852676543698268,-0.013407666691979004,0.19639099045678712,20
lsac,variance_group_mag1.5,xgb,assignment_proportion_drift,BalAcc,-0.04563851219356012,0.15410921827718957,-0.04669948351916641,0.146605991417383,20
lsac,variance_group_mag1.5,xgb,ks_statistic,DI_star,-0.010676691729323309,0.25870951324776975,-0.05617689719204446,0.23642586416196282,20
lsac,variance_group_mag1.5,xgb,ks_statistic,AOD_star,0.002781954887218044,0.2259807051498106,-0.04085713961290095,0.23391099528104406,20
lsac,variance_group_mag1.5,xgb,ks_statistic,BalAcc,-0.059172932330827065,0.2092367999228854,-0.05852718852790427,0.20231645869772466,20
lsac,variance_group_mag1.5,xgb,kl_divergence,DI_star,-0.24842105263157888,0.2000647755355384,-0.26103166586758386,0.19353447449847588,20
lsac,variance_group_mag1.5,xgb,kl_divergence,AOD_star,-0.21203007518796987,0.19899458972774214,-0.2391536813700057,0.1875491217774003,20
lsac,variance_group_mag1.5,xgb,kl_divergence,BalAcc,-0.054887218045112776,0.11361745663174745,-0.008556763855966551,0.13047594199914908,20
lsac,variance_group_mag1.5,xgb,per_subgroup_ewma[min_neg],DI_star,-0.18150375939849625,0.21415038597124764,-0.19683630625880222,0.24382560488522287,20
lsac,variance_group_mag1.5,xgb,per_subgroup_ewma[min_neg],AOD_star,-0.15789473684210523,0.19080864009806592,-0.16991918250002486,0.19891374525881098,20
lsac,variance_group_mag1.5,xgb,per_subgroup_ewma[min_neg],BalAcc,-0.07037593984962405,0.19822127229689562,-0.06214645917347712,0.21681231499498352,20
lsac,variance_group_mag1.5,xgb,per_subgroup_baseline_relative[min_neg],DI_star,-0.08872180451127819,0.26720116219340395,-0.1156742489467606,0.27628912440430664,20
lsac,variance_group_mag1.5,xgb,per_subgroup_baseline_relative[min_neg],AOD_star,-0.10285714285714284,0.2525516343254429,-0.10730410417308642,0.2590772104313117,20
lsac,variance_group_mag1.5,xgb,per_subgroup_baseline_relative[min_neg],BalAcc,-0.0557142857142857,0.283225597742263,-0.047136102973467174,0.28854919207130447,20
lsac,variance_group_mag1.5,xgb,per_subgroup_ewma[min_pos],DI_star,-0.10827067669172934,0.2252473969811803,-0.05901580309958665,0.2284126252664836,20
lsac,variance_group_mag1.5,xgb,per_subgroup_ewma[min_pos],AOD_star,-0.08879699248120301,0.1992883914473818,-0.05184728952620245,0.21380520871024278,20
lsac,variance_group_mag1.5,xgb,per_subgroup_ewma[min_pos],BalAcc,-0.13150375939849623,0.18977150183020441,-0.12873424376899492,0.17731474535533778,20
lsac,variance_group_mag1.5,xgb,per_subgroup_baseline_relative[min_pos],DI_star,0.0027067669172932242,0.23628534631273715,0.02438222002842214,0.22501589166254998,20
lsac,variance_group_mag1.5,xgb,per_subgroup_baseline_relative[min_pos],AOD_star,0.03451127819548872,0.2332962761546683,0.03260954650564017,0.2200544715553489,20
lsac,variance_group_mag1.5,xgb,per_subgroup_baseline_relative[min_pos],BalAcc,-0.15451127819548874,0.19600214533166976,-0.16198690478825306,0.18885078694510585,20
lsac,variance_group_mag1.5,xgb,per_subgroup_ewma[maj_neg],DI_star,-0.07157894736842105,0.2170391104501173,-0.04689906653606023,0.22491396968732982,20
lsac,variance_group_mag1.5,xgb,per_subgroup_ewma[maj_neg],AOD_star,-0.05774436090225564,0.17477242659163023,-0.03700484551958478,0.1991577074370819,20
lsac,variance_group_mag1.5,xgb,per_subgroup_ewma[maj_neg],BalAcc,-0.057218045112781946,0.2103960257411975,-0.050322646732148604,0.20417288265708156,20
lsac,variance_group_mag1.5,xgb,per_subgroup_baseline_relative[maj_neg],DI_star,0.06225563909774434,0.32522752595266086,0.05740786508221416,0.2991170016780777,20
lsac,variance_group_mag1.5,xgb,per_subgroup_baseline_relative[maj_neg],AOD_star,0.0983458646616541,0.26543649392691676,0.09948652057530417,0.23176224892931443,20
lsac,variance_group_mag1.5,xgb,per_subgroup_baseline_relative[maj_neg],BalAcc,-0.07541353383458645,0.3005316016623145,-0.06236828616031058,0.2942398197364333,20
lsac,variance_group_mag1.5,xgb,per_subgroup_ewma[maj_pos],DI_star,0.06270676691729324,0.27919637063462005,0.10380731483400066,0.2937759923057655,20
lsac,variance_group_mag1.5,xgb,per_subgroup_ewma[maj_pos],AOD_star,0.07947368421052632,0.23766453459091835,0.0808192603050468,0.24054394015972397,20
lsac,variance_group_mag1.5,xgb,per_subgroup_ewma[maj_pos],BalAcc,-0.041729323308270665,0.1944157221158382,-0.06043670516717643,0.1823415214871476,20
lsac,variance_group_mag1.5,xgb,per_subgroup_baseline_relative[maj_pos],DI_star,0.11984962406015036,0.2587266443774702,0.11163077272179603,0.2632805605756696,20
lsac,variance_group_mag1.5,xgb,per_subgroup_baseline_relative[maj_pos],AOD_star,0.1244360902255639,0.18037020428594785,0.10509526314966935,0.2033903091759178,20
lsac,variance_group_mag1.5,xgb,per_subgroup_baseline_relative[maj_pos],BalAcc,-0.07300751879699248,0.22863101469072838,-0.06515494511085893,0.22594953175546045,20
lsac,variance_group_mag2.0,lr,global_mean,DI_star,-0.016737838838429636,0.263022220108588,-0.02324947488659331,0.2445049434050956,20
lsac,variance_group_mag2.0,lr,global_mean,AOD_star,0.029097744360902244,0.22706780610462438,0.030778803423782992,0.22835635979112023,20
lsac,variance_group_mag2.0,lr,global_mean,BalAcc,0.08293233082706766,0.23642774351061405,0.07928916330165975,0.22276355857333635,20
lsac,variance_group_mag2.0,lr,global_ewma,DI_star,0.024540627766916023,0.2539826859305042,0.05616953850490704,0.2660340262230808,20
lsac,variance_group_mag2.0,lr,global_ewma,AOD_star,0.03984962406015037,0.19098543586378766,0.05550622117948957,0.22502031993595445,20
lsac,variance_group_mag2.0,lr,global_ewma,BalAcc,0.016616541353383456,0.2054938113040287,0.025033115719849196,0.21850383423246972,20
lsac,variance_group_mag2.0,lr,global_std,DI_star,-0.024561629258656827,0.2530799364051694,-0.010585211842049155,0.23929834726251567,20
lsac,variance_group_mag2.0,lr,global_std,AOD_star,0.004511278195488719,0.2412355367786286,0.007966342367306065,0.24338652111065087,20
lsac,variance_group_mag2.0,lr,global_std,BalAcc,0.02518796992481203,0.2552796566362413,0.030826567570837106,0.2321075258665738,20
lsac,variance_group_mag2.0,lr,subgroup_violation_diff,DI_star,-0.06706076911869924,0.19247031767253261,-0.10388409218931853,0.2139796511680577,20
lsac,variance_group_mag2.0,lr,subgroup_violation_diff,AOD_star,-0.12293233082706764,0.18373323158882532,-0.15566903622111877,0.18700987368383223,20
lsac,variance_group_mag2.0,lr,subgroup_violation_diff,BalAcc,-0.060300751879699244,0.2594017216754902,-0.043770602097088954,0.29105777307453556,20
lsac,variance_group_mag2.0,lr,max_subgroup_deviation,DI_star,0.001645611231528029,0.23598171691901526,0.032234182433291715,0.21610500484395856,20
lsac,variance_group_mag2.0,lr,max_subgroup_deviation,AOD_star,0.033759398496240586,0.22094953096652278,0.06625826292249293,0.22373026717340463,20
lsac,variance_group_mag2.0,lr,max_subgroup_deviation,BalAcc,0.03714285714285713,0.22375672041408107,0.006333635917629065,0.2357580105331518,20
lsac,variance_group_mag2.0,lr,assignment_proportion_drift,DI_star,0.07183529434115103,0.19607927462444658,0.06081849547492725,0.15609287382617984,20
lsac,variance_group_mag2.0,lr,assignment_proportion_drift,AOD_star,0.031656916962036874,0.20347186387605462,0.019544537623813956,0.178216376358682,20
lsac,variance_group_mag2.0,lr,assignment_proportion_drift,BalAcc,-0.0190976371806318,0.1871159020647246,-0.042191319075612514,0.1939084677010479,20
lsac,variance_group_mag2.0,lr,ks_statistic,DI_star,-0.07460767555614009,0.20128986306831292,-0.06526429478315962,0.21129088141965624,20
lsac,variance_group_mag2.0,lr,ks_statistic,AOD_star,-0.06,0.23209925924655728,-0.03601330172890054,0.21808252252731605,20
lsac,variance_group_mag2.0,lr,ks_statistic,BalAcc,0.052105263157894724,0.18900184417061275,0.06883070336193857,0.18213951948410903,20
lsac,variance_group_mag2.0,lr,kl_divergence,DI_star,-0.017422522622288696,0.2702361139366357,0.012980077478351105,0.25667104829583465,20
lsac,variance_group_mag2.0,lr,kl_divergence,AOD_star,-0.018345864661654127,0.1986013620026695,0.005126307290249645,0.22524575660823398,20
lsac,variance_group_mag2.0,lr,kl_divergence,BalAcc,0.020300751879699253,0.20355287372308728,0.0446803642044865,0.20072190145744642,20
lsac,variance_group_mag2.0,lr,per_subgroup_ewma[min_neg],DI_star,0.00013396638313962518,0.2657455283799514,0.03175907192529749,0.25216312404559366,20
lsac,variance_group_mag2.0,lr,per_subgroup_ewma[min_neg],AOD_star,0.012180451127819543,0.1910809618205435,0.030029243304548824,0.2212880287045004,20
lsac,variance_group_mag2.0,lr,per_subgroup_ewma[min_neg],BalAcc,0.0025563909774436082,0.1844881136993141,0.0309478719489373,0.1994872195864181,20
lsac,variance_group_mag2.0,lr,per_subgroup_baseline_relative[min_neg],DI_star,-0.04887409231351527,0.2400326959921191,-0.03890364829861212,0.2311493709643614,20
lsac,variance_group_mag2.0,lr,per_subgroup_baseline_relative[min_neg],AOD_star,-0.001954887218045112,0.20573610445783008,-0.003305050549801325,0.23492499643838943,20
lsac,variance_group_mag2.0,lr,per_subgroup_baseline_relative[min_neg],BalAcc,0.09353383458646616,0.2321176236628302,0.09468977179764373,0.21118976097666942,20
lsac,variance_group_mag2.0,lr,per_subgroup_ewma[min_pos],DI_star,0.005367783736161082,0.2383225572510574,0.0049861106312572585,0.2471510008975134,20
lsac,variance_group_mag2.0,lr,per_subgroup_ewma[min_pos],AOD_star,0.009924812030075194,0.180576648073918,0.018018885856596754,0.21867862475417332,20
lsac,variance_group_mag2.0,lr,per_subgroup_ewma[min_pos],BalAcc,0.024210526315789467,0.24986893505998423,0.009438047370318694,0.24894763484786026,20
lsac,variance_group_mag2.0,lr,per_subgroup_baseline_relative[min_pos],DI_star,-0.03504607304011005,0.22739908756163674,-0.03322224154768053,0.2355349205946208,20
lsac,variance_group_mag2.0,lr,per_subgroup_baseline_relative[min_pos],AOD_star,-0.01691729323308271,0.21039032933531515,-0.013146541593351185,0.23044662407145203,20
lsac,variance_group_mag2.0,lr,per_subgroup_baseline_relative[min_pos],BalAcc,-0.0030827067669173024,0.23274701754489058,-0.04095460841132783,0.24480038150321753,20
lsac,variance_group_mag2.0,lr,per_subgroup_ewma[maj_neg],DI_star,0.0319122083563817,0.2941042639194772,0.05613568546389547,0.2940659287364539,20
lsac,variance_group_mag2.0,lr,per_subgroup_ewma[maj_neg],AOD_star,0.030676691729323302,0.21424925161350827,0.056631402281890876,0.24960187667532918,20
lsac,variance_group_mag2.0,lr,per_subgroup_ewma[maj_neg],BalAcc,0.01796992481203009,0.23156062567889854,0.009880040712371987,0.2489809938259255,20
lsac,variance_group_mag2.0,lr,per_subgroup_baseline_relative[maj_neg],DI_star,-0.012910121585180748,0.23590790368742026,-0.004011040141363662,0.23015685294247212,20
lsac,variance_group_mag2.0,lr,per_subgroup_baseline_relative[maj_neg],AOD_star,0.03263157894736842,0.18339521891344948,0.05467747697688909,0.1996556896775474,20
lsac,variance_group_mag2.0,lr,per_subgroup_baseline_relative[maj_neg],BalAcc,0.09624060150375938,0.28087190510796134,0.07611579141070071,0.3124459545121047,20
lsac,variance_group_mag2.0,lr,per_subgroup_ewma[maj_pos],DI_star,0.10888485217669745,0.22433752049971967,0.11219653066787436,0.23168769917160426,20
lsac,variance_group_mag2.0,lr,per_subgroup_ewma[maj_pos],AOD_star,0.09578947368421052,0.20151279297448102,0.10677720939904452,0.21393121133638462,20
lsac,variance_group_mag2.0,lr,per_subgroup_ewma[maj_pos],BalAcc,0.01766917293233081,0.20916416201891197,0.02193461512526208,0.20137927414980067,20
lsac,variance_group_mag2.0,lr,per_subgroup_baseline_relative[maj_pos],DI_star,0.10605552812723537,0.20555809592664392,0.12250099287986407,0.2086176906128786,20
lsac,variance_group_mag2.0,lr,per_subgroup_baseline_relative[maj_pos],AOD_star,0.14360902255639096,0.19738668014358557,0.16576604804283768,0.18614525230448214,20
lsac,variance_group_mag2.0,lr,per_subgroup_baseline_relative[maj_pos],BalAcc,0.05398496240601504,0.2469179800893435,0.03747589001665561,0.2633193900174363,20
lsac,variance_group_mag2.0,xgb,global_mean,DI_star,-0.24804511278195482,0.19001264496395548,-0.2544272820448609,0.2353041441890696,20
lsac,variance_group_mag2.0,xgb,global_mean,AOD_star,-0.259624060150376,0.21233448792345608,-0.23416710011083186,0.23381684435171676,20
lsac,variance_group_mag2.0,xgb,global_mean,BalAcc,-0.087593984962406,0.23475407305275167,-0.06812896860310301,0.2433094411483689,20
lsac,variance_group_mag2.0,xgb,global_ewma,DI_star,-0.3621052631578947,0.1962256785729796,-0.3493500948000591,0.21701039402402014,20
lsac,variance_group_mag2.0,xgb,global_ewma,AOD_star,-0.3584210526315789,0.2206462814158189,-0.3324767584651557,0.2120044018426862,20
lsac,variance_group_mag2.0,xgb,global_ewma,BalAcc,-0.07977443609022554,0.1687848347012342,-0.05138938269894122,0.19224488630033895,20
lsac,variance_group_mag2.0,xgb,global_std,DI_star,-0.3018796992481203,0.20936515170318173,-0.2908875709680322,0.22904700992888222,20
lsac,variance_group_mag2.0,xgb,global_std,AOD_star,-0.30180451127819546,0.2398409501813877,-0.2766730536774049,0.23940113971926355,20
lsac,variance_group_mag2.0,xgb,global_std,BalAcc,-0.08263157894736842,0.20275086811934978,-0.05507486732940825,0.21205043008614344,20
lsac,variance_group_mag2.0,xgb,subgroup_violation_diff,DI_star,-0.20481203007518795,0.2088930198495715,-0.21298775467714162,0.2141450971794974,20
lsac,variance_group_mag2.0,xgb,subgroup_violation_diff,AOD_star,-0.19172932330827067,0.17054348748592624,-0.21532034223087412,0.17334363678979847,20
lsac,variance_group_mag2.0,xgb,subgroup_violation_diff,BalAcc,0.025187969924812044,0.2977587431021751,0.0065214371204342396,0.2997500973559957,20
lsac,variance_group_mag2.0,xgb,max_subgroup_deviation,DI_star,-0.10917293233082706,0.24713927728203705,-0.10767855634198276,0.2483931759719947,20
lsac,variance_group_mag2.0,xgb,max_subgroup_deviation,AOD_star,-0.10135338345864661,0.25756830652991863,-0.09839300116776742,0.24788904608366177,20
lsac,variance_group_mag2.0,xgb,max_subgroup_deviation,BalAcc,-0.016165413533834588,0.23069594130111107,-0.03225341832794448,0.228659653269327,20
lsac,variance_group_mag2.0,xgb,assignment_proportion_drift,DI_star,-0.011873779538564257,0.2178078072864778,-0.008085845790722388,0.2026760037304332,20
lsac,variance_group_mag2.0,xgb,assignment_proportion_drift,AOD_star,0.007523459241934047,0.2375771966900912,0.0019631970251615706,0.217335359695208,20
lsac,variance_group_mag2.0,xgb,assignment_proportion_drift,BalAcc,-0.02044049767403005,0.14761433360836415,-0.03251721489123242,0.14417223295025852,20
lsac,variance_group_mag2.0,xgb,ks_statistic,DI_star,-0.14097744360902253,0.2533363223375226,-0.13786329866848565,0.23238737938059603,20
lsac,variance_group_mag2.0,xgb,ks_statistic,AOD_star,-0.12172932330827066,0.23392884254614435,-0.12041228641620697,0.22095661277338144,20
lsac,variance_group_mag2.0,xgb,ks_statistic,BalAcc,-0.03616541353383458,0.2222343102283247,-0.031773947544690165,0.21130753013551945,20
lsac,variance_group_mag2.0,xgb,kl_divergence,DI_star,-0.4242105263157893,0.1786621218050383,-0.40220995312367247,0.17958748060733415,20
lsac,variance_group_mag2.0,xgb,kl_divergence,AOD_star,-0.39766917293233073,0.19126346174398476,-0.3797976073275593,0.17816323724504918,20
lsac,variance_group_mag2.0,xgb,kl_divergence,BalAcc,-0.06556390977443609,0.1535156440587499,0.011309901857148407,0.14453142693960044,20
lsac,variance_group_mag2.0,xgb,per_subgroup_ewma[min_neg],DI_star,-0.39473684210526316,0.20847795120007787,-0.39409706608683087,0.23289865526182102,20
lsac,variance_group_mag2.0,xgb,per_subgroup_ewma[min_neg],AOD_star,-0.3764661654135338,0.21590302479900803,-0.37625612496316585,0.217715610768765,20
lsac,variance_group_mag2.0,xgb,per_subgroup_ewma[min_neg],BalAcc,-0.05233082706766917,0.16914760044258778,-0.03491215948111621,0.19558092816189213,20
lsac,variance_group_mag2.0,xgb,per_subgroup_baseline_relative[min_neg],DI_star,-0.32902255639097744,0.21830350259122666,-0.3354309196449442,0.25089382409294925,20
lsac,variance_group_mag2.0,xgb,per_subgroup_baseline_relative[min_neg],AOD_star,-0.3425563909774436,0.24031354949124792,-0.3215320505182643,0.24849707725355819,20
lsac,variance_group_mag2.0,xgb,per_subgroup_baseline_relative[min_neg],BalAcc,-0.048721804511278194,0.2537281072325186,-0.03314125892188569,0.2498494205401287,20
lsac,variance_group_mag2.0,xgb,per_subgroup_ewma[min_pos],DI_star,-0.2256390977443609,0.2615216478163061,-0.19148068302525603,0.26960952831233187,20
lsac,variance_group_mag2.0,xgb,per_subgroup_ewma[min_pos],AOD_star,-0.21902255639097742,0.251479774528696,-0.1832875355216108,0.26330265561011607,20
lsac,variance_group_mag2.0,xgb,per_subgroup_ewma[min_pos],BalAcc,-0.1112781954887218,0.17581191930127613,-0.10085339087002179,0.18205292089564085,20
lsac,variance_group_mag2.0,xgb,per_subgroup_baseline_relative[min_pos],DI_star,-0.04360902255639097,0.25609954110889666,-0.016359561683206503,0.23357291895040805,20
lsac,variance_group_mag2.0,xgb,per_subgroup_baseline_relative[min_pos],AOD_star,-0.022781954887218042,0.2333019948319837,-0.014498931631658834,0.22479047226683502,20
lsac,variance_group_mag2.0,xgb,per_subgroup_baseline_relative[min_pos],BalAcc,-0.13721804511278196,0.22567359488555908,-0.13276290909802382,0.1995433528502834,20
lsac,variance_group_mag2.0,xgb,per_subgroup_ewma[maj_neg],DI_star,-0.16526315789473683,0.2379515250224315,-0.17979082037061325,0.21251644140026593,20
lsac,variance_group_mag2.0,xgb,per_subgroup_ewma[maj_neg],AOD_star,-0.1582706766917293,0.24745816184190456,-0.15819497628044432,0.20891416839851645,20
lsac,variance_group_mag2.0,xgb,per_subgroup_ewma[maj_neg],BalAcc,-0.054661654135338356,0.2330372378643449,-0.018587305220990898,0.25159399191145737,20
lsac,variance_group_mag2.0,xgb,per_subgroup_baseline_relative[maj_neg],DI_star,-0.022706766917293234,0.2241251861005451,-0.05115184590447762,0.2182169030673507,20
lsac,variance_group_mag2.0,xgb,per_subgroup_baseline_relative[maj_neg],AOD_star,-0.02684210526315789,0.16143841175256596,-0.025552403433046527,0.15911571669117366,20
lsac,variance_group_mag2.0,xgb,per_subgroup_baseline_relative[maj_neg],BalAcc,-0.09105263157894736,0.29071619870851956,-0.07346304544822126,0.31021146165183744,20
lsac,variance_group_mag2.0,xgb,per_subgroup_ewma[maj_pos],DI_star,0.019999999999999997,0.3693375435036697,0.04596932506254476,0.35966888304790523,20
lsac,variance_group_mag2.0,xgb,per_subgroup_ewma[maj_pos],AOD_star,0.02210526315789472,0.34524138020443174,0.02769896746580488,0.3184091875349232,20
lsac,variance_group_mag2.0,xgb,per_subgroup_ewma[maj_pos],BalAcc,-0.04225563909774436,0.17354901485577082,-0.0484032959168132,0.16786097495874266,20
lsac,variance_group_mag2.0,xgb,per_subgroup_baseline_relative[maj_pos],DI_star,0.10548872180451127,0.2653695569437111,0.1015364283534846,0.24854254960914005,20
lsac,variance_group_mag2.0,xgb,per_subgroup_baseline_relative[maj_pos],AOD_star,0.09293233082706766,0.19964613389137162,0.09093108362024498,0.21347203503932718,20
lsac,variance_group_mag2.0,xgb,per_subgroup_baseline_relative[maj_pos],BalAcc,-0.04308270676691729,0.2371354073617311,-0.039682426081016485,0.21969496882419712,20
lsac,variance_group_mag2.5,lr,global_mean,DI_star,-0.0057586752017254345,0.2627408109332816,-0.006091324973250781,0.2571785637642844,20
lsac,variance_group_mag2.5,lr,global_mean,AOD_star,0.0412781954887218,0.21974626773458006,0.03637120080563226,0.2387288674933196,20
lsac,variance_group_mag2.5,lr,global_mean,BalAcc,0.06556390977443609,0.2352897689421988,0.07284445949120423,0.2234330504870302,20
lsac,variance_group_mag2.5,lr,global_ewma,DI_star,0.01630730389476552,0.26679561103195903,0.05832667546059572,0.2613169835029993,20
lsac,variance_group_mag2.5,lr,global_ewma,AOD_star,0.024210526315789474,0.18771405141052414,0.05131424410126154,0.2222062335838435,20
lsac,variance_group_mag2.5,lr,global_ewma,BalAcc,0.003233082706766923,0.1992854412486623,0.018328204761128175,0.21190290910246207,20
lsac,variance_group_mag2.5,lr,global_std,DI_star,-0.010647927255794415,0.2602494371400869,0.012982320396449193,0.25216102859630307,20
lsac,variance_group_mag2.5,lr,global_std,AOD_star,0.01308270676691729,0.24052212036287718,0.01870642984154961,0.2480712514537339,20
lsac,variance_group_mag2.5,lr,global_std,BalAcc,0.018721804511278205,0.24409701193425318,0.027170076290538914,0.2277809899120484,20
lsac,variance_group_mag2.5,lr,subgroup_violation_diff,DI_star,-0.09292653876364346,0.17789986445463168,-0.110331950586923,0.19250366386887707,20
lsac,variance_group_mag2.5,lr,subgroup_violation_diff,AOD_star,-0.12172932330827065,0.21387004929968528,-0.1350433800592553,0.175580138030646,20
lsac,variance_group_mag2.5,lr,subgroup_violation_diff,BalAcc,-0.006015037593984964,0.29370696237938787,0.019095431321283534,0.2925075585918919,20
lsac,variance_group_mag2.5,lr,max_subgroup_deviation,DI_star,0.024508157313599555,0.22336836309862448,0.05647082053237209,0.20496682446481876,20
lsac,variance_group_mag2.5,lr,max_subgroup_deviation,AOD_star,0.04984962406015038,0.23054709822010433,0.0869841895674789,0.2272239833110774,20
lsac,variance_group_mag2.5,lr,max_subgroup_deviation,BalAcc,0.011428571428571436,0.21851098791622958,0.017713700560878044,0.22672641700709276,20
lsac,variance_group_mag2.5,lr,assignment_proportion_drift,DI_star,0.0632563676844617,0.19505212056629603,0.04903147896860727,0.16052703634187948,20
lsac,variance_group_mag2.5,lr,assignment_proportion_drift,AOD_star,0.025192240522464902,0.22680497504492705,0.01809624824162666,0.19217872135349057,20
lsac,variance_group_mag2.5,lr,assignment_proportion_drift,BalAcc,0.0051966242485324225,0.18596437241746008,-0.022360245302572725,0.19843421446880247,20
lsac,variance_group_mag2.5,lr,ks_statistic,DI_star,-0.0533649941665079,0.21090633415976895,-0.05427927452798481,0.20459444815168737,20
lsac,variance_group_mag2.5,lr,ks_statistic,AOD_star,-0.03736842105263158,0.21286789890040128,-0.021549906345791688,0.20211059440201704,20
lsac,variance_group_mag2.5,lr,ks_statistic,BalAcc,0.06443609022556392,0.16926966323915635,0.08065606358102759,0.16581479620644102,20
lsac,variance_group_mag2.5,lr,kl_divergence,DI_star,-0.008887261132716937,0.27442670247601936,0.00667759726944956,0.26147915234667607,20
lsac,variance_group_mag2.5,lr,kl_divergence,AOD_star,-0.006691729323308268,0.19254902176948543,0.006817029318771708,0.2350397014998763,20
lsac,variance_group_mag2.5,lr,kl_divergence,BalAcc,0.021879699248120294,0.1995344658266953,0.04100496604637243,0.18757622322290776,20
lsac,variance_group_mag2.5,lr,per_subgroup_ewma[min_neg],DI_star,-0.005693599292857265,0.26748482842938753,0.04319198500936533,0.25501068063843485,20
lsac,variance_group_mag2.5,lr,per_subgroup_ewma[min_neg],AOD_star,0.008947368421052626,0.18379697325744204,0.03548463306475948,0.2202844920330733,20
lsac,variance_group_mag2.5,lr,per_subgroup_ewma[min_neg],BalAcc,0.006315789473684214,0.19053147858723002,0.025640835209229208,0.20673202648631345,20
lsac,variance_group_mag2.5,lr,per_subgroup_baseline_relative[min_neg],DI_star,-0.045369059949416826,0.24768644710646204,-0.029447548577461964,0.24295401047733597,20
lsac,variance_group_mag2.5,lr,per_subgroup_baseline_relative[min_neg],AOD_star,0.001052631578947371,0.19253529550076717,0.0016363027115319506,0.2252687003595986,20
lsac,variance_group_mag2.5,lr,per_subgroup_baseline_relative[min_neg],BalAcc,0.06451127819548871,0.21010693997423732,0.08620241388580938,0.21316591495313458,20
lsac,variance_group_mag2.5,lr,per_subgroup_ewma[min_pos],DI_star,-0.009260396640939302,0.2609347625088716,0.013798815163833241,0.2531623486795533,20
lsac,variance_group_mag2.5,lr,per_subgroup_ewma[min_pos],AOD_star,0.008721804511278197,0.20580780972152382,0.023330038295304674,0.22138687576100952,20
lsac,variance_group_mag2.5,lr,per_subgroup_ewma[min_pos],BalAcc,0.03015037593984963,0.26809271002811463,0.025957435643528377,0.2538565788716287,20
lsac,variance_group_mag2.5,lr,per_subgroup_baseline_relative[min_pos],DI_star,-0.018544567057620993,0.235234986484225,-0.012686910873250152,0.2454202015383308,20
lsac,variance_group_mag2.5,lr,per_subgroup_baseline_relative[min_pos],AOD_star,0.010601503759398497,0.22767209054456936,0.01886329463554103,0.23430039391449198,20
lsac,variance_group_mag2.5,lr,per_subgroup_baseline_relative[min_pos],BalAcc,0.03323308270676693,0.258501839179707,0.010520917494119337,0.26625565727873063,20
lsac,variance_group_mag2.5,lr,per_subgroup_ewma[maj_neg],DI_star,0.01664959645601727,0.2941118034917633,0.04798495175493986,0.30266364089154013,20
lsac,variance_group_mag2.5,lr,per_subgroup_ewma[maj_neg],AOD_star,0.019924812030075175,0.23518377541785832,0.032332258788707706,0.27220281403629293,20
lsac,variance_group_mag2.5,lr,per_subgroup_ewma[maj_neg],BalAcc,-5.551115123125783e-18,0.2545021155379141,-0.00045236525259653856,0.24059655955623885,20
lsac,variance_group_mag2.5,lr,per_subgroup_baseline_relative[maj_neg],DI_star,-0.007417004350189191,0.1946567221648718,0.006177245682594965,0.23025272688131845,20
lsac,variance_group_mag2.5,lr,per_subgroup_baseline_relative[maj_neg],AOD_star,0.02473684210526316,0.17345033565353296,0.0356067289570709,0.22855633773308498,20
lsac,variance_group_mag2.5,lr,per_subgroup_baseline_relative[maj_neg],BalAcc,0.04601503759398496,0.30121483165542073,0.03730051529394475,0.2965927487441286,20
lsac,variance_group_mag2.5,lr,per_subgroup_ewma[maj_pos],DI_star,0.12635712085984957,0.19391549285605056,0.11795373826580322,0.19151675949475183,20
lsac,variance_group_mag2.5,lr,per_subgroup_ewma[maj_pos],AOD_star,0.10263157894736843,0.17859058069040126,0.10631434741309516,0.1893295596180318,20
lsac,variance_group_mag2.5,lr,per_subgroup_ewma[maj_pos],BalAcc,-0.02,0.17146754602461256,0.0076998398028812875,0.19423282233113293,20
lsac,variance_group_mag2.5,lr,per_subgroup_baseline_relative[maj_pos],DI_star,0.12338843508077738,0.1916364450579956,0.13110884730274114,0.18584360233989114,20
lsac,variance_group_mag2.5,lr,per_subgroup_baseline_relative[maj_pos],AOD_star,0.15969924812030073,0.21214288046005364,0.16854731990813906,0.19066799583605848,20
lsac,variance_group_mag2.5,lr,per_subgroup_baseline_relative[maj_pos],BalAcc,0.02939849624060149,0.2188713797533157,0.004641441479046278,0.23302630769291346,20
lsac,variance_group_mag2.5,xgb,global_mean,DI_star,-0.37631578947368416,0.21345644843632416,-0.38349628304669015,0.21525072445966392,20
lsac,variance_group_mag2.5,xgb,global_mean,AOD_star,-0.3790225563909775,0.22778975710317087,-0.36172828992103134,0.21071209562251306,20
lsac,variance_group_mag2.5,xgb,global_mean,BalAcc,-0.07210526315789473,0.1965589415190674,-0.05001277097520375,0.20682601704527143,20
lsac,variance_group_mag2.5,xgb,global_ewma,DI_star,-0.43060150375939854,0.2211642473056611,-0.4236389791281522,0.2220640140717514,20
lsac,variance_group_mag2.5,xgb,global_ewma,AOD_star,-0.42451127819548873,0.2264579275379158,-0.40939026719042965,0.21765057178450395,20
lsac,variance_group_mag2.5,xgb,global_ewma,BalAcc,-0.059548872180451115,0.17585654476634835,-0.042951714798313924,0.18254563724947503,20
lsac,variance_group_mag2.5,xgb,global_std,DI_star,-0.4202255639097744,0.2205935978615224,-0.40650402208107944,0.215793321577281,20
lsac,variance_group_mag2.5,xgb,global_std,AOD_star,-0.4139097744360901,0.24335774425678483,-0.3905801453295603,0.2211276391156745,20
lsac,variance_group_mag2.5,xgb,global_std,BalAcc,-0.058796992481203,0.19587694245193316,-0.03435013853259374,0.18299505879814226,20
lsac,variance_group_mag2.5,xgb,subgroup_violation_diff,DI_star,-0.2656390977443609,0.1746998750900891,-0.2566788524650555,0.16669401094307235,20
lsac,variance_group_mag2.5,xgb,subgroup_violation_diff,AOD_star,-0.24473684210526314,0.14741895328199872,-0.25939790531811613,0.13826257333285846,20
lsac,variance_group_mag2.5,xgb,subgroup_violation_diff,BalAcc,-0.013609022556390987,0.2719396080611873,-0.007408504812380765,0.2762046298954111,20
lsac,variance_group_mag2.5,xgb,max_subgroup_deviation,DI_star,-0.23984962406015037,0.26561112157929045,-0.2458243197003121,0.25488583573511026,20
lsac,variance_group_mag2.5,xgb,max_subgroup_deviation,AOD_star,-0.2208270676691729,0.2807049084588283,-0.22973457223749394,0.25785017934976734,20
lsac,variance_group_mag2.5,xgb,max_subgroup_deviation,BalAcc,-0.004285714285714282,0.24268145837057753,-0.016861782119779133,0.23519535527150245,20
lsac,variance_group_mag2.5,xgb,assignment_proportion_drift,DI_star,-0.010933274034958869,0.19397267957400918,-0.02131841734468965,0.1909241547848096,20
lsac,variance_group_mag2.5,xgb,assignment_proportion_drift,AOD_star,-0.01051409792069195,0.2156682430399223,-0.014978935985875427,0.19774651793953324,20
lsac,variance_group_mag2.5,xgb,assignment_proportion_drift,BalAcc,-0.023538868800917895,0.14152906060480167,-0.018747629732457815,0.157232158344222,20
lsac,variance_group_mag2.5,xgb,ks_statistic,DI_star,-0.2600751879699248,0.23572620516445,-0.23629532801997793,0.22921705256306202,20
lsac,variance_group_mag2.5,xgb,ks_statistic,AOD_star,-0.232781954887218,0.21727923570183066,-0.2193514147613574,0.20633044197721345,20
lsac,variance_group_mag2.5,xgb,ks_statistic,BalAcc,-0.015263157894736831,0.22022723246543538,-0.018246246675503692,0.21295621870243436,20
lsac,variance_group_mag2.5,xgb,kl_divergence,DI_star,-0.48150375939849627,0.206356448349034,-0.4631302867768368,0.19396696641525854,20
lsac,variance_group_mag2.5,xgb,kl_divergence,AOD_star,-0.4614285714285714,0.20843931990383158,-0.43637854053158537,0.19041224059259076,20
lsac,variance_group_mag2.5,xgb,kl_divergence,BalAcc,-0.05,0.14744962853827198,0.013170470880479021,0.15621240389498298,20
lsac,variance_group_mag2.5,xgb,per_subgroup_ewma[min_neg],DI_star,-0.45969924812030066,0.23013616568717254,-0.4413506862003837,0.2309962375512833,20
lsac,variance_group_mag2.5,xgb,per_subgroup_ewma[min_neg],AOD_star,-0.44556390977443616,0.2331322285495238,-0.43068565215107546,0.22439272674380115,20
lsac,variance_group_mag2.5,xgb,per_subgroup_ewma[min_neg],BalAcc,-0.04789473684210526,0.17107817705637682,-0.032312328764835245,0.1867953557967766,20
lsac,variance_group_mag2.5,xgb,per_subgroup_baseline_relative[min_neg],DI_star,-0.44097744360902247,0.23584915377532484,-0.4307283581978864,0.23846656116606887,20
lsac,variance_group_mag2.5,xgb,per_subgroup_baseline_relative[min_neg],AOD_star,-0.43669172932330824,0.2508243630513565,-0.41013531849434604,0.22849865693982824,20
lsac,variance_group_mag2.5,xgb,per_subgroup_baseline_relative[min_neg],BalAcc,-0.048872180451127824,0.23624605747422028,-0.02259774518819368,0.21945999674721292,20
lsac,variance_group_mag2.5,xgb,per_subgroup_ewma[min_pos],DI_star,-0.3218796992481203,0.2786882346207035,-0.303476658023106,0.2800136652393447,20
lsac,variance_group_mag2.5,xgb,per_subgroup_ewma[min_pos],AOD_star,-0.31661654135338346,0.2711551639887582,-0.2934300754762039,0.27137745902351906,20
lsac,variance_group_mag2.5,xgb,per_subgroup_ewma[min_pos],BalAcc,-0.09180451127819549,0.19355169601694588,-0.07950490066484052,0.18975590518830102,20
lsac,variance_group_mag2.5,xgb,per_subgroup_baseline_relative[min_pos],DI_star,-0.1436842105263158,0.2480908959564078,-0.14279509010410027,0.2373333205225971,20
lsac,variance_group_mag2.5,xgb,per_subgroup_baseline_relative[min_pos],AOD_star,-0.13030075187969925,0.23328600156867255,-0.14066517357979783,0.2341036257054914,20
lsac,variance_group_mag2.5,xgb,per_subgroup_baseline_relative[min_pos],BalAcc,-0.12360902255639097,0.20662967420586756,-0.10399989260837397,0.18740519009700804,20
lsac,variance_group_mag2.5,xgb,per_subgroup_ewma[maj_neg],DI_star,-0.2251127819548872,0.2342628865306095,-0.23261036664206752,0.2429622934482104,20
lsac,variance_group_mag2.5,xgb,per_subgroup_ewma[maj_neg],AOD_star,-0.21721804511278192,0.24965733766773737,-0.21127444296639214,0.243190121642396,20
lsac,variance_group_mag2.5,xgb,per_subgroup_ewma[maj_neg],BalAcc,-0.03172932330827068,0.24753811854168023,-0.013413060120044154,0.23360672950240494,20
lsac,variance_group_mag2.5,xgb,per_subgroup_baseline_relative[maj_neg],DI_star,-0.08060150375939848,0.19062628303580428,-0.10917241893266436,0.19764995754874112,20
lsac,variance_group_mag2.5,xgb,per_subgroup_baseline_relative[maj_neg],AOD_star,-0.07503759398496239,0.19254163759894272,-0.08614631945837528,0.20105083501610904,20
lsac,variance_group_mag2.5,xgb,per_subgroup_baseline_relative[maj_neg],BalAcc,-0.024661654135338336,0.28633742889098446,-0.03219029883028176,0.2774485214802372,20
lsac,variance_group_mag2.5,xgb,per_subgroup_ewma[maj_pos],DI_star,-0.049172932330827056,0.4078311096904194,-0.020207281684689004,0.4061209113046921,20
lsac,variance_group_mag2.5,xgb,per_subgroup_ewma[maj_pos],AOD_star,-0.044135338345864666,0.39909651908407817,-0.029720843285911507,0.36434527992561516,20
lsac,variance_group_mag2.5,xgb,per_subgroup_ewma[maj_pos],BalAcc,-0.01548872180451128,0.17104435243948152,-0.038349509696450804,0.1807680096380167,20
lsac,variance_group_mag2.5,xgb,per_subgroup_baseline_relative[maj_pos],DI_star,0.07503759398496239,0.24492954080571155,0.05946817554828149,0.23719335331214808,20
lsac,variance_group_mag2.5,xgb,per_subgroup_baseline_relative[maj_pos],AOD_star,0.060751879699248126,0.20970915522902953,0.05619977529001461,0.20052127564534797,20
lsac,variance_group_mag2.5,xgb,per_subgroup_baseline_relative[maj_pos],BalAcc,-0.04578947368421052,0.23701818254973184,-0.046722288966463126,0.21839450277399527,20
lsac,variance_global_mag1.5,lr,global_mean,DI_star,0.044314610959731784,0.27204218223354454,0.05038362446419779,0.22459529388068603,20
lsac,variance_global_mag1.5,lr,global_mean,AOD_star,0.25030075187969925,0.23278150560466443,0.2311748867592013,0.18484514832266888,20
lsac,variance_global_mag1.5,lr,global_mean,BalAcc,0.03894736842105263,0.23196671957732132,0.02296480146857879,0.241786328047312,20
lsac,variance_global_mag1.5,lr,global_ewma,DI_star,0.06461898908871948,0.27250308170089754,0.09407198655194858,0.2586713358351025,20
lsac,variance_global_mag1.5,lr,global_ewma,AOD_star,0.2716541353383458,0.22049352596218663,0.2925894451144057,0.19822757314302397,20
lsac,variance_global_mag1.5,lr,global_ewma,BalAcc,0.011804511278195488,0.20772098410159587,-0.003579343962485901,0.23997600354624893,20
lsac,variance_global_mag1.5,lr,global_std,DI_star,0.03943430545232514,0.24946853050437992,0.03535500740568852,0.24452293853815665,20
lsac,variance_global_mag1.5,lr,global_std,AOD_star,0.2195488721804511,0.2482392059586454,0.22361799744411281,0.2492372174335483,20
lsac,variance_global_mag1.5,lr,global_std,BalAcc,0.02105263157894737,0.23527323800904987,0.037055230965389964,0.23543176577498243,20
lsac,variance_global_mag1.5,lr,subgroup_violation_diff,DI_star,0.01572629766505377,0.22373026737093835,0.07169387701889628,0.19103243856764246,20
lsac,variance_global_mag1.5,lr,subgroup_violation_diff,AOD_star,-0.0506766917293233,0.25912314032957323,0.06454116753005754,0.2258964029515741,20
lsac,variance_global_mag1.5,lr,subgroup_violation_diff,BalAcc,-0.06172932330827067,0.23339754385447647,-0.036639676846849975,0.25882636300433487,20
lsac,variance_global_mag1.5,lr,max_subgroup_deviation,DI_star,-0.007717390673172647,0.2745020231877036,0.034750185743864515,0.2331337368833734,20
lsac,variance_global_mag1.5,lr,max_subgroup_deviation,AOD_star,0.13984962406015036,0.25051521335822863,0.19785126837449202,0.2044680063102807,20
lsac,variance_global_mag1.5,lr,max_subgroup_deviation,BalAcc,0.007518796992481203,0.24884787378746256,0.024620816739944797,0.26737855068166966,20
lsac,variance_global_mag1.5,lr,assignment_proportion_drift,DI_star,-0.06764174397131537,0.22420553369386628,-7.83013686687109e-05,0.22713224464399018,20
lsac,variance_global_mag1.5,lr,assignment_proportion_drift,AOD_star,-0.035929576943003534,0.1999872819621371,0.12055706817813867,0.18876321476973582,20
lsac,variance_global_mag1.5,lr,assignment_proportion_drift,BalAcc,0.0017647355134584124,0.25410818216533504,0.019779279583698194,0.2671829400974966,20
lsac,variance_global_mag1.5,lr,ks_statistic,DI_star,0.07078190957616826,0.24592356307465482,0.06314515276801562,0.24274808038880083,20
lsac,variance_global_mag1.5,lr,ks_statistic,AOD_star,0.2541353383458646,0.2103651370118923,0.2545150938934513,0.20554781619361615,20
lsac,variance_global_mag1.5,lr,ks_statistic,BalAcc,-0.01714285714285714,0.1516632120477189,0.0046427781958729136,0.21044424755875013,20
lsac,variance_global_mag1.5,lr,kl_divergence,DI_star,0.055444923554989776,0.2513800976759523,0.09538960713423479,0.23274356481992195,20
lsac,variance_global_mag1.5,lr,kl_divergence,AOD_star,0.2565413533834586,0.22129310228543858,0.28022861089851675,0.20588067150267939,20
lsac,variance_global_mag1.5,lr,kl_divergence,BalAcc,0.007894736842105263,0.22169609941364105,0.0026163128641932196,0.19597164175663992,20
lsac,variance_global_mag1.5,lr,per_subgroup_ewma[min_neg],DI_star,0.06551727851765796,0.26589371193418604,0.086602742732012,0.2592761147390728,20
lsac,variance_global_mag1.5,lr,per_subgroup_ewma[min_neg],AOD_star,0.2736090225563909,0.21190604541717586,0.28644241354834143,0.1942164535068753,20
lsac,variance_global_mag1.5,lr,per_subgroup_ewma[min_neg],BalAcc,0.010827067669172935,0.20010828658757565,-0.0023144944042642057,0.24361660122053078,20
lsac,variance_global_mag1.5,lr,per_subgroup_baseline_relative[min_neg],DI_star,0.04377866294558559,0.2580049884601923,0.03506054956799634,0.2350729598176275,20
lsac,variance_global_mag1.5,lr,per_subgroup_baseline_relative[min_neg],AOD_star,0.2011278195488722,0.19551293950628296,0.21179619212266423,0.1817580817893921,20
lsac,variance_global_mag1.5,lr,per_subgroup_baseline_relative[min_neg],BalAcc,-0.0009774436090225574,0.22439308916656314,0.02386007846221509,0.2478273281456816,20
lsac,variance_global_mag1.5,lr,per_subgroup_ewma[min_pos],DI_star,0.0650724966343639,0.2636720544042369,0.09328466774012102,0.25608226570335574,20
lsac,variance_global_mag1.5,lr,per_subgroup_ewma[min_pos],AOD_star,0.2657142857142857,0.22180787559574158,0.28221772106284787,0.20327441780493297,20
lsac,variance_global_mag1.5,lr,per_subgroup_ewma[min_pos],BalAcc,-0.004210526315789468,0.21546705104870462,-0.00805794239075983,0.24608382872159762,20
lsac,variance_global_mag1.5,lr,per_subgroup_baseline_relative[min_pos],DI_star,0.015721055038598337,0.2539930507268447,0.04155541764718736,0.2264571988702645,20
lsac,variance_global_mag1.5,lr,per_subgroup_baseline_relative[min_pos],AOD_star,0.17107504785897834,0.24024887761660152,0.19897848755637754,0.20138542560664183,20
lsac,variance_global_mag1.5,lr,per_subgroup_baseline_relative[min_pos],BalAcc,0.028016981797192086,0.2399227561605219,0.021879729318082183,0.2591453527937286,20
lsac,variance_global_mag1.5,lr,per_subgroup_ewma[maj_neg],DI_star,0.06853035000887343,0.26772216209313443,0.09363881494491011,0.2588782787173887,20
lsac,variance_global_mag1.5,lr,per_subgroup_ewma[maj_neg],AOD_star,0.2701503759398497,0.21710363245164357,0.2935281979066843,0.20521966261612856,20
lsac,variance_global_mag1.5,lr,per_subgroup_ewma[maj_neg],BalAcc,-0.005864661654135335,0.20710479570629262,-0.00045982099546597945,0.23814639578930943,20
lsac,variance_global_mag1.5,lr,per_subgroup_baseline_relative[maj_neg],DI_star,0.027493604769114277,0.28710710949274215,0.049284870221518395,0.22698206171928043,20
lsac,variance_global_mag1.5,lr,per_subgroup_baseline_relative[maj_neg],AOD_star,0.25510677080451327,0.2302316579206821,0.2334158742003524,0.18740699188465812,20
lsac,variance_global_mag1.5,lr,per_subgroup_baseline_relative[maj_neg],BalAcc,0.06376716268557106,0.19789247386379555,0.030807934074364877,0.23677614882056988,20
lsac,variance_global_mag1.5,lr,per_subgroup_ewma[maj_pos],DI_star,0.06958298158782078,0.2715327071592015,0.08032811428238039,0.26654749102792036,20
lsac,variance_global_mag1.5,lr,per_subgroup_ewma[maj_pos],AOD_star,0.275563909774436,0.2271791167022929,0.2801435444655588,0.20717461028223452,20
lsac,variance_global_mag1.5,lr,per_subgroup_ewma[maj_pos],BalAcc,0.01022556390977444,0.209828381238528,0.00015601600217143087,0.24432178636020835,20
lsac,variance_global_mag1.5,lr,per_subgroup_baseline_relative[maj_pos],DI_star,0.08709429944114451,0.25396429948363825,0.04640577911467057,0.2332639165088179,20
lsac,variance_global_mag1.5,lr,per_subgroup_baseline_relative[maj_pos],AOD_star,0.2793233082706767,0.24819724257010164,0.21638643796853416,0.2069271871349709,20
lsac,variance_global_mag1.5,lr,per_subgroup_baseline_relative[maj_pos],BalAcc,0.03721804511278195,0.23352123433078592,0.029483888995201702,0.2603900669369982,20
lsac,variance_global_mag1.5,xgb,global_mean,DI_star,-0.19992481203007517,0.24442242140591172,-0.12573381860128513,0.2874771342064025,20
lsac,variance_global_mag1.5,xgb,global_mean,AOD_star,-0.4420300751879699,0.18558211180393072,-0.6414354277920613,0.11640434264296853,20
lsac,variance_global_mag1.5,xgb,global_mean,BalAcc,-0.44233082706766913,0.12362079869997362,-0.8721762553579839,0.07564528531955084,20
lsac,variance_global_mag1.5,xgb,global_ewma,DI_star,-0.19812030075187967,0.2445229653450819,-0.19550425342991531,0.26465063455127164,20
lsac,variance_global_mag1.5,xgb,global_ewma,AOD_star,-0.43390977443609013,0.1806330380087241,-0.5386207292541073,0.15549106255425885,20
lsac,variance_global_mag1.5,xgb,global_ewma,BalAcc,-0.4563909774436089,0.1187022559343746,-0.7127230319973525,0.06701893981468417,20
lsac,variance_global_mag1.5,xgb,global_std,DI_star,-0.22285714285714292,0.23136334070220163,-0.2304808412271911,0.22573140557678936,20
lsac,variance_global_mag1.5,xgb,global_std,AOD_star,-0.30022556390977445,0.27977170821454034,-0.37188663561669527,0.3123848403997612,20
lsac,variance_global_mag1.5,xgb,global_std,BalAcc,-0.2742105263157894,0.2560400548650364,-0.4541260499318932,0.29509636727223343,20
lsac,variance_global_mag1.5,xgb,subgroup_violation_diff,DI_star,0.13436090225563907,0.23926096240161268,0.14382692126412136,0.21826513892367513,20
lsac,variance_global_mag1.5,xgb,subgroup_violation_diff,AOD_star,-0.06015037593984962,0.372152653325085,-0.05078689565586636,0.6141007978204021,20
lsac,variance_global_mag1.5,xgb,subgroup_violation_diff,BalAcc,-0.10210526315789474,0.5548621344453771,-0.16244611741644338,0.8768374032466227,20
lsac,variance_global_mag1.5,xgb,max_subgroup_deviation,DI_star,-0.07315789473684209,0.25267824264704025,-0.08081146003548997,0.26192862939366474,20
lsac,variance_global_mag1.5,xgb,max_subgroup_deviation,AOD_star,-0.39804511278195487,0.1758190575645403,-0.6131427699299306,0.10871596532888886,20
lsac,variance_global_mag1.5,xgb,max_subgroup_deviation,BalAcc,-0.49075187969924805,0.12586679510592932,-0.864810838987991,0.09340147599431933,20
lsac,variance_global_mag1.5,xgb,assignment_proportion_drift,DI_star,0.06717346707873412,0.2478907233828295,-0.02693711480550297,0.24818236615426847,20
lsac,variance_global_mag1.5,xgb,assignment_proportion_drift,AOD_star,-0.42893032730159736,0.16853791204483876,-0.6411668616821256,0.10659533763740531,20
lsac,variance_global_mag1.5,xgb,assignment_proportion_drift,BalAcc,-0.5106435098449349,0.12392522623623209,-0.9054186073548317,0.04124260382798952,20
lsac,variance_global_mag1.5,xgb,ks_statistic,DI_star,-0.17714285714285713,0.2515136381619667,-0.1570626854803489,0.2764283914023635,20
lsac,variance_global_mag1.5,xgb,ks_statistic,AOD_star,-0.41436090225563904,0.17966399440269223,-0.5710674421715431,0.1695060971179111,20
lsac,variance_global_mag1.5,xgb,ks_statistic,BalAcc,-0.45240601503759387,0.13249415331035558,-0.7959244009075153,0.056646429792087026,20
lsac,variance_global_mag1.5,xgb,kl_divergence,DI_star,-0.2018045112781955,0.23983647169727704,-0.20557099931441497,0.22810858823458482,20
lsac,variance_global_mag1.5,xgb,kl_divergence,AOD_star,-0.4354135338345865,0.1826584762445381,-0.31964704545807837,0.1996371883750101,20
lsac,variance_global_mag1.5,xgb,kl_divergence,BalAcc,-0.4519548872180451,0.12540440546645992,-0.4254469493365257,0.07946730614417785,20
lsac,variance_global_mag1.5,xgb,per_subgroup_ewma[min_neg],DI_star,-0.198796992481203,0.2433785227165499,-0.194047878503767,0.26747636578982165,20
lsac,variance_global_mag1.5,xgb,per_subgroup_ewma[min_neg],AOD_star,-0.4348120300751879,0.17628029204845877,-0.5524237269428457,0.1522818354823226,20
lsac,variance_global_mag1.5,xgb,per_subgroup_ewma[min_neg],BalAcc,-0.4521052631578947,0.11347284623920127,-0.7304778736453332,0.059826953491390736,20
lsac,variance_global_mag1.5,xgb,per_subgroup_baseline_relative[min_neg],DI_star,-0.1158646616541353,0.31890673206973613,-0.12096215782369331,0.30696514970272737,20
lsac,variance_global_mag1.5,xgb,per_subgroup_baseline_relative[min_neg],AOD_star,-0.41458646616541345,0.20844953097759747,-0.6439559642516416,0.12723998497810796,20
lsac,variance_global_mag1.5,xgb,per_subgroup_baseline_relative[min_neg],BalAcc,-0.44210526315789467,0.1117779875602727,-0.8717111697005965,0.07463442732746631,20
lsac,variance_global_mag1.5,xgb,per_subgroup_ewma[min_pos],DI_star,-0.19676691729323306,0.2369126401711613,-0.1947269515490954,0.2602539650137199,20
lsac,variance_global_mag1.5,xgb,per_subgroup_ewma[min_pos],AOD_star,-0.4348120300751878,0.16634479821523424,-0.5457210242205183,0.1524591714660861,20
lsac,variance_global_mag1.5,xgb,per_subgroup_ewma[min_pos],BalAcc,-0.45699248120300745,0.11722853430572908,-0.7130596595624512,0.09704485979458097,20
lsac,variance_global_mag1.5,xgb,per_subgroup_baseline_relative[min_pos],DI_star,-0.09219118060727709,0.23635061644812702,-0.08190870043089356,0.24901128371146514,20
lsac,variance_global_mag1.5,xgb,per_subgroup_baseline_relative[min_pos],AOD_star,-0.3774603678064812,0.18639966906673308,-0.5911159361096613,0.13620282438766743,20
lsac,variance_global_mag1.5,xgb,per_subgroup_baseline_relative[min_pos],BalAcc,-0.4454359454587025,0.1970363002748418,-0.8260321689733606,0.17728877751571095,20
lsac,variance_global_mag1.5,xgb,per_subgroup_ewma[maj_neg],DI_star,-0.19864661654135338,0.23459027373042615,-0.196271479118867,0.2555006049881599,20
lsac,variance_global_mag1.5,xgb,per_subgroup_ewma[maj_neg],AOD_star,-0.4265413533834586,0.1704975874542446,-0.5348645494017304,0.15601574682255986,20
lsac,variance_global_mag1.5,xgb,per_subgroup_ewma[maj_neg],BalAcc,-0.4512030075187969,0.11177745651595954,-0.7073942612593938,0.07798738831229816,20
lsac,variance_global_mag1.5,xgb,per_subgroup_baseline_relative[maj_neg],DI_star,-0.14103349822533257,0.1949466830830961,-0.08616311728153354,0.23884855078022826,20
lsac,variance_global_mag1.5,xgb,per_subgroup_baseline_relative[maj_neg],AOD_star,-0.3862016547020023,0.13343960456510248,-0.5949959800952209,0.12046146450036277,20
lsac,variance_global_mag1.5,xgb,per_subgroup_baseline_relative[maj_neg],BalAcc,-0.4303940539650414,0.1430219369989122,-0.8502767754393945,0.10453950000485089,20
lsac,variance_global_mag1.5,xgb,per_subgroup_ewma[maj_pos],DI_star,-0.20187969924812027,0.2408442736676888,-0.19505079540354855,0.26306109615269363,20
lsac,variance_global_mag1.5,xgb,per_subgroup_ewma[maj_pos],AOD_star,-0.4352631578947367,0.17691617483645486,-0.5583779190097583,0.1595184544111693,20
lsac,variance_global_mag1.5,xgb,per_subgroup_ewma[maj_pos],BalAcc,-0.4564661654135338,0.11678845983056628,-0.7388641211020548,0.04960248660524625,20
lsac,variance_global_mag1.5,xgb,per_subgroup_baseline_relative[maj_pos],DI_star,-0.1537593984962406,0.2462866283104446,-0.09080941222896524,0.26015100613403597,20
lsac,variance_global_mag1.5,xgb,per_subgroup_baseline_relative[maj_pos],AOD_star,-0.4185714285714286,0.19736363760762643,-0.6501550294360274,0.11960887044090407,20
lsac,variance_global_mag1.5,xgb,per_subgroup_baseline_relative[maj_pos],BalAcc,-0.4716541353383459,0.13127335081363709,-0.9094347025121052,0.03582249320132603,20
lsac,variance_global_mag2.0,lr,global_mean,DI_star,0.08962098336077887,0.2663481928546733,0.09914386176490819,0.22320141938560245,20
lsac,variance_global_mag2.0,lr,global_mean,AOD_star,0.4143609022556391,0.2060334084339744,0.39348678821125915,0.16071147025241572,20
lsac,variance_global_mag2.0,lr,global_mean,BalAcc,0.047744360902255645,0.22636642952539976,0.02555011164734468,0.24200349963317133,20
lsac,variance_global_mag2.0,lr,global_ewma,DI_star,0.0936822111429165,0.26339553232378776,0.12816290045301243,0.2541674008849768,20
lsac,variance_global_mag2.0,lr,global_ewma,AOD_star,0.4160150375939849,0.19912879105093167,0.4397205233184257,0.17377481244493329,20
lsac,variance_global_mag2.0,lr,global_ewma,BalAcc,0.036842105263157884,0.22032128006181126,0.005719334257354547,0.243106951108716,20
lsac,variance_global_mag2.0,lr,global_std,DI_star,0.08075647983165854,0.2696657120452092,0.09088160017936574,0.2459757513039526,20
lsac,variance_global_mag2.0,lr,global_std,AOD_star,0.38060150375939844,0.23059840257186962,0.3941654606634123,0.19832857010510857,20
lsac,variance_global_mag2.0,lr,global_std,BalAcc,0.02218045112781955,0.24848816430405138,0.012206547303169715,0.2454794937856859,20
lsac,variance_global_mag2.0,lr,subgroup_violation_diff,DI_star,-0.010866708269138414,0.1849631646509605,0.02623644341091581,0.161971222140571,20
lsac,variance_global_mag2.0,lr,subgroup_violation_diff,AOD_star,-0.1281954887218045,0.28447212172331326,-0.03797158303026264,0.2551176739399715,20
lsac,variance_global_mag2.0,lr,subgroup_violation_diff,BalAcc,-0.017819548872180443,0.19934840716324048,-0.016192689750743547,0.24875919965708168,20
lsac,variance_global_mag2.0,lr,max_subgroup_deviation,DI_star,0.03239588621852865,0.25619555580359277,0.04642055855623992,0.223469681258838,20
lsac,variance_global_mag2.0,lr,max_subgroup_deviation,AOD_star,0.2845864661654135,0.2325533037043872,0.30006203613793797,0.19475494874022153,20
lsac,variance_global_mag2.0,lr,max_subgroup_deviation,BalAcc,0.022180451127819547,0.24513209712171505,0.0037778824820599056,0.2653809805673868,20
lsac,variance_global_mag2.0,lr,assignment_proportion_drift,DI_star,-0.047152968230507686,0.20204218271581245,0.000291664682116588,0.19035547916795156,20
lsac,variance_global_mag2.0,lr,assignment_proportion_drift,AOD_star,-0.024125509751941138,0.17930960328470533,0.1205933524144293,0.16169910232402737,20
lsac,variance_global_mag2.0,lr,assignment_proportion_drift,BalAcc,-0.01656876710700862,0.23748679130660325,0.006682584045299561,0.261082048546792,20
lsac,variance_global_mag2.0,lr,ks_statistic,DI_star,0.09097326400925829,0.2469784637267823,0.09475071583760933,0.2465118400104483,20
lsac,variance_global_mag2.0,lr,ks_statistic,AOD_star,0.39503759398496235,0.19431347132897775,0.3961773429499049,0.18115813410853943,20
lsac,variance_global_mag2.0,lr,ks_statistic,BalAcc,0.015939849624060143,0.20853049671270113,-0.006845069946271114,0.2350060467288413,20
lsac,variance_global_mag2.0,lr,kl_divergence,DI_star,0.10052491244088309,0.27050238730583787,0.13533070643910575,0.2608305154108841,20
lsac,variance_global_mag2.0,lr,kl_divergence,AOD_star,0.4109774436090225,0.21825196307233635,0.4296455813301458,0.1835574718472286,20
lsac,variance_global_mag2.0,lr,kl_divergence,BalAcc,0.03383458646616542,0.21970202712420042,0.01022344167616204,0.21360401430022505,20
lsac,variance_global_mag2.0,lr,per_subgroup_ewma[min_neg],DI_star,0.09281518351998617,0.2619253970481333,0.12399192718245297,0.25431732896638104,20
lsac,variance_global_mag2.0,lr,per_subgroup_ewma[min_neg],AOD_star,0.4172932330827067,0.19910109485402896,0.4373586769742703,0.1704534099695783,20
lsac,variance_global_mag2.0,lr,per_subgroup_ewma[min_neg],BalAcc,0.03593984962406015,0.21648176916237308,0.009280159254585169,0.24602136003960384,20
lsac,variance_global_mag2.0,lr,per_subgroup_baseline_relative[min_neg],DI_star,0.06449296395217684,0.2546433839903571,0.09157059468566771,0.22371026160909913,20
lsac,variance_global_mag2.0,lr,per_subgroup_baseline_relative[min_neg],AOD_star,0.37676691729323303,0.19207103560420913,0.3778200336538361,0.1609307565355863,20
lsac,variance_global_mag2.0,lr,per_subgroup_baseline_relative[min_neg],BalAcc,0.06609022556390977,0.1875523029920544,0.03321355109698334,0.23963621539679084,20
lsac,variance_global_mag2.0,lr,per_subgroup_ewma[min_pos],DI_star,0.09646490309171031,0.2534428940530199,0.10566350178722297,0.24611274370486833,20
lsac,variance_global_mag2.0,lr,per_subgroup_ewma[min_pos],AOD_star,0.41436090225563904,0.19718034719780508,0.4130335631892187,0.1761308037041184,20
lsac,variance_global_mag2.0,lr,per_subgroup_ewma[min_pos],BalAcc,0.020526315789473677,0.22325549362405425,-0.004382951159634603,0.25774294757831523,20
lsac,variance_global_mag2.0,lr,per_subgroup_baseline_relative[min_pos],DI_star,0.04243291226342786,0.25904262403470046,0.04991537494609233,0.22724037414232662,20
lsac,variance_global_mag2.0,lr,per_subgroup_baseline_relative[min_pos],AOD_star,0.27603454118639714,0.24239752874040957,0.2932192172396889,0.20256534941110405,20
lsac,variance_global_mag2.0,lr,per_subgroup_baseline_relative[min_pos],BalAcc,-0.004957993942079229,0.24512114917613553,-0.005510009653256383,0.2678927855157731,20
lsac,variance_global_mag2.0,lr,per_subgroup_ewma[maj_neg],DI_star,0.10206766636409983,0.2627349352161546,0.12113757946286549,0.25539775896342104,20
lsac,variance_global_mag2.0,lr,per_subgroup_ewma[maj_neg],AOD_star,0.4212030075187969,0.19530465597058846,0.4321241355018433,0.18356202328432725,20
lsac,variance_global_mag2.0,lr,per_subgroup_ewma[maj_neg],BalAcc,0.021954887218045116,0.22150401461888525,0.003791594399791111,0.24410947632762975,20
lsac,variance_global_mag2.0,lr,per_subgroup_baseline_relative[maj_neg],DI_star,0.0983211473538111,0.26047456374475636,0.09028582868400699,0.2295841081036941,20
lsac,variance_global_mag2.0,lr,per_subgroup_baseline_relative[maj_neg],AOD_star,0.41272314225531315,0.20884818301449506,0.3735088962036964,0.168553203460951,20
lsac,variance_global_mag2.0,lr,per_subgroup_baseline_relative[maj_neg],BalAcc,0.0555710085824551,0.2434592244990116,0.03650114035298049,0.24822817178406847,20
lsac,variance_global_mag2.0,lr,per_subgroup_ewma[maj_pos],DI_star,0.0989848464687679,0.2628248627857153,0.11498566734116009,0.2589569885230468,20
lsac,variance_global_mag2.0,lr,per_subgroup_ewma[maj_pos],AOD_star,0.42030075187969923,0.20495060066730708,0.43097475476980635,0.18257962683640772,20
lsac,variance_global_mag2.0,lr,per_subgroup_ewma[maj_pos],BalAcc,0.035187969924812025,0.22064224603398144,0.006536008014556007,0.2449692516010538,20
lsac,variance_global_mag2.0,lr,per_subgroup_baseline_relative[maj_pos],DI_star,0.09931788233959515,0.24227460299846496,0.08746726700943774,0.23269240813262926,20
lsac,variance_global_mag2.0,lr,per_subgroup_baseline_relative[maj_pos],AOD_star,0.4133082706766917,0.20743938493629552,0.37940896509996935,0.18374396371383303,20
lsac,variance_global_mag2.0,lr,per_subgroup_baseline_relative[maj_pos],BalAcc,0.04954887218045112,0.2297562657658283,0.028403454872000623,0.2510100337727558,20
lsac,variance_global_mag2.0,xgb,global_mean,DI_star,-0.3453383458646616,0.23445594740038395,-0.27387144920554063,0.2637871804626724,20
lsac,variance_global_mag2.0,xgb,global_mean,AOD_star,-0.4216541353383458,0.19192848273257831,-0.5890195376692304,0.126229422995865,20
lsac,variance_global_mag2.0,xgb,global_mean,BalAcc,-0.48195488721804497,0.14364287283612384,-0.8320581326368768,0.08824476541725772,20
lsac,variance_global_mag2.0,xgb,global_ewma,DI_star,-0.3354887218045112,0.238474574483547,-0.3294722751110678,0.25641267856044303,20
lsac,variance_global_mag2.0,xgb,global_ewma,AOD_star,-0.41165413533834594,0.18554092240113912,-0.4785014058965629,0.17019788204157746,20
lsac,variance_global_mag2.0,xgb,global_ewma,BalAcc,-0.4856390977443608,0.14599674277341465,-0.6834100697195222,0.0788107209469542,20
lsac,variance_global_mag2.0,xgb,global_std,DI_star,-0.34857142857142853,0.21351350109690626,-0.35383010764762257,0.23861685477703537,20
lsac,variance_global_mag2.0,xgb,global_std,AOD_star,-0.3383458646616541,0.21063799400944588,-0.4070306161551832,0.2495925345510458,20
lsac,variance_global_mag2.0,xgb,global_std,BalAcc,-0.39616541353383455,0.18620371719594125,-0.564001275473285,0.18522981002839597,20
lsac,variance_global_mag2.0,xgb,subgroup_violation_diff,DI_star,0.16180451127819548,0.24306418233140104,0.17492551577707174,0.24206477948073066,20
lsac,variance_global_mag2.0,xgb,subgroup_violation_diff,AOD_star,-0.13383458646616542,0.4038692951908355,-0.03941737110556886,0.5932062406954713,20
lsac,variance_global_mag2.0,xgb,subgroup_violation_diff,BalAcc,-0.08819548872180452,0.5386062870340312,-0.08621365625780897,0.8072099770433535,20
lsac,variance_global_mag2.0,xgb,max_subgroup_deviation,DI_star,-0.2717293233082706,0.23790600051279331,-0.23450357696807672,0.25868347326893476,20
lsac,variance_global_mag2.0,xgb,max_subgroup_deviation,AOD_star,-0.4509774436090225,0.1946917821703333,-0.6337401472887053,0.12093691331143071,20
lsac,variance_global_mag2.0,xgb,max_subgroup_deviation,BalAcc,-0.5272180451127819,0.1240482108631575,-0.8762804618973213,0.06915098794606196,20
lsac,variance_global_mag2.0,xgb,assignment_proportion_drift,DI_star,0.055099723117074575,0.17399088486956224,-0.06177391677213947,0.2058666880618408,20
lsac,variance_global_mag2.0,xgb,assignment_proportion_drift,AOD_star,-0.44798345090372155,0.14687901803713924,-0.608299384295531,0.1154572672505425,20
lsac,variance_global_mag2.0,xgb,assignment_proportion_drift,BalAcc,-0.4886775673871412,0.139161419167755,-0.8327302541248018,0.06487422608674989,20
lsac,variance_global_mag2.0,xgb,ks_statistic,DI_star,-0.337593984962406,0.23996791577050974,-0.31916038537798147,0.25510473272866246,20
lsac,variance_global_mag2.0,xgb,ks_statistic,AOD_star,-0.4154887218045113,0.1808136083653396,-0.5488340409513228,0.16761876567815182,20
lsac,variance_global_mag2.0,xgb,ks_statistic,BalAcc,-0.48684210526315785,0.14025801394371984,-0.7772087372784263,0.05540815657429221,20
lsac,variance_global_mag2.0,xgb,kl_divergence,DI_star,-0.32917293233082706,0.21790189748348618,-0.3231037013959289,0.22855170936559147,20
lsac,variance_global_mag2.0,xgb,kl_divergence,AOD_star,-0.41654135338345855,0.16893182484353206,-0.3423975376468833,0.18161196361105708,20
lsac,variance_global_mag2.0,xgb,kl_divergence,BalAcc,-0.48654135338345866,0.13462508371909962,-0.5098613121996938,0.07873744558833089,20
lsac,variance_global_mag2.0,xgb,per_subgroup_ewma[min_neg],DI_star,-0.33639097744360896,0.24165422891389698,-0.32736746530645233,0.2572688691181404,20
lsac,variance_global_mag2.0,xgb,per_subgroup_ewma[min_neg],AOD_star,-0.4106766917293233,0.1855281402504924,-0.4959224406412157,0.16678490756376863,20
lsac,variance_global_mag2.0,xgb,per_subgroup_ewma[min_neg],BalAcc,-0.48421052631578937,0.14508200226764448,-0.7034537608360294,0.08350080681087392,20
lsac,variance_global_mag2.0,xgb,per_subgroup_baseline_relative[min_neg],DI_star,-0.3340601503759399,0.2674191089244858,-0.2629604193892189,0.27566425702893493,20
lsac,variance_global_mag2.0,xgb,per_subgroup_baseline_relative[min_neg],AOD_star,-0.4427067669172932,0.19351543106147026,-0.5991566679313398,0.12373031321490727,20
lsac,variance_global_mag2.0,xgb,per_subgroup_baseline_relative[min_neg],BalAcc,-0.4565413533834587,0.12895769265317816,-0.8363010348061678,0.09855047832093866,20
lsac,variance_global_mag2.0,xgb,per_subgroup_ewma[min_pos],DI_star,-0.342781954887218,0.23993256397068613,-0.33923213513823136,0.26148533546752295,20
lsac,variance_global_mag2.0,xgb,per_subgroup_ewma[min_pos],AOD_star,-0.41563909774436086,0.18344040338235315,-0.5272326301749632,0.17158093870565,20
lsac,variance_global_mag2.0,xgb,per_subgroup_ewma[min_pos],BalAcc,-0.48473684210526313,0.1437607158526485,-0.7234075169385024,0.08406019312647627,20
lsac,variance_global_mag2.0,xgb,per_subgroup_baseline_relative[min_pos],DI_star,-0.2655115699837985,0.21353669580063994,-0.23319364296949785,0.24476544551307572,20
lsac,variance_global_mag2.0,xgb,per_subgroup_baseline_relative[min_pos],AOD_star,-0.4316101516019176,0.18549486176673224,-0.6210148973988204,0.11800758973136012,20
lsac,variance_global_mag2.0,xgb,per_subgroup_baseline_relative[min_pos],BalAcc,-0.5073884585243305,0.15751495283908595,-0.8541466653418487,0.12589135130891985,20
lsac,variance_global_mag2.0,xgb,per_subgroup_ewma[maj_neg],DI_star,-0.3318796992481203,0.23153065603314046,-0.3358478957699435,0.25242783595702656,20
lsac,variance_global_mag2.0,xgb,per_subgroup_ewma[maj_neg],AOD_star,-0.40255639097744356,0.1769811100147474,-0.49871677647180956,0.16533523310110734,20
lsac,variance_global_mag2.0,xgb,per_subgroup_ewma[maj_neg],BalAcc,-0.4817293233082706,0.1425864273106252,-0.6990135683769443,0.0750368882296592,20
lsac,variance_global_mag2.0,xgb,per_subgroup_baseline_relative[maj_neg],DI_star,-0.2840060325732428,0.20010458910016374,-0.23376117525678777,0.21996433781984093,20
lsac,variance_global_mag2.0,xgb,per_subgroup_baseline_relative[maj_neg],AOD_star,-0.38536422398951187,0.1497417890784829,-0.5840069261388938,0.12612881622745264,20
lsac,variance_global_mag2.0,xgb,per_subgroup_baseline_relative[maj_neg],BalAcc,-0.42352479138514987,0.15765119909607644,-0.8386390136962355,0.08358086041374412,20
lsac,variance_global_mag2.0,xgb,per_subgroup_ewma[maj_pos],DI_star,-0.33902255639097745,0.23460163581181795,-0.3359131803529182,0.25866019621981373,20
lsac,variance_global_mag2.0,xgb,per_subgroup_ewma[maj_pos],AOD_star,-0.4121052631578947,0.18240513174726783,-0.496855663194853,0.17860075361120958,20
lsac,variance_global_mag2.0,xgb,per_subgroup_ewma[maj_pos],BalAcc,-0.48541353383458635,0.14420386195174426,-0.7036326348076315,0.06390182685171848,20
lsac,variance_global_mag2.0,xgb,per_subgroup_baseline_relative[maj_pos],DI_star,-0.30894736842105264,0.22935041131592526,-0.2637556175658252,0.24765356609445557,20
lsac,variance_global_mag2.0,xgb,per_subgroup_baseline_relative[maj_pos],AOD_star,-0.39563909774436096,0.1803294702683111,-0.6038377450577217,0.13557003128468045,20
lsac,variance_global_mag2.0,xgb,per_subgroup_baseline_relative[maj_pos],BalAcc,-0.49879699248120285,0.14189474002938668,-0.8633998127177207,0.04636672811007292,20
lsac,variance_global_mag2.5,lr,global_mean,DI_star,0.10574692195788196,0.26061095514567634,0.1319409527514922,0.22863578808605334,20
lsac,variance_global_mag2.5,lr,global_mean,AOD_star,0.49947368421052624,0.1928633864354516,0.48812577518239053,0.15641524200710985,20
lsac,variance_global_mag2.5,lr,global_mean,BalAcc,0.029849624060150366,0.22521892164306187,0.024875404254620065,0.2322747445947949,20
lsac,variance_global_mag2.5,lr,global_ewma,DI_star,0.11229088170801667,0.2603993605846042,0.15521115778311628,0.25424764460651705,20
lsac,variance_global_mag2.5,lr,global_ewma,AOD_star,0.5020300751879699,0.19080702537882016,0.5156176082666916,0.16817871697657558,20
lsac,variance_global_mag2.5,lr,global_ewma,BalAcc,0.022932330827067676,0.22445989219009693,0.006630124246172679,0.22411521470801168,20
lsac,variance_global_mag2.5,lr,global_std,DI_star,0.10996073456208907,0.26417613379710847,0.12483038950552398,0.2481485803547194,20
lsac,variance_global_mag2.5,lr,global_std,AOD_star,0.4796240601503759,0.21078044543651564,0.4814335682804094,0.18468544244017024,20
lsac,variance_global_mag2.5,lr,global_std,BalAcc,0.008345864661654141,0.2461353617732002,0.0033412062241569675,0.2294726445684752,20
lsac,variance_global_mag2.5,lr,subgroup_violation_diff,DI_star,-0.004818036050571994,0.2080567186485853,0.00902304451834761,0.17934977520001458,20
lsac,variance_global_mag2.5,lr,subgroup_violation_diff,AOD_star,-0.14413533834586464,0.2730424082584212,-0.10814888859210121,0.25047803100072985,20
lsac,variance_global_mag2.5,lr,subgroup_violation_diff,BalAcc,0.010225563909774424,0.1988403260586623,0.0043724713987680465,0.20534163170955758,20
lsac,variance_global_mag2.5,lr,max_subgroup_deviation,DI_star,0.0595817350646279,0.26002340969788057,0.07144567666944673,0.23034866919923008,20
lsac,variance_global_mag2.5,lr,max_subgroup_deviation,AOD_star,0.41127819548872174,0.22752257375275003,0.40586813515699927,0.19002730143812493,20
lsac,variance_global_mag2.5,lr,max_subgroup_deviation,BalAcc,0.023007518796992477,0.2705208824741611,0.013369646720624722,0.262092532568659,20
lsac,variance_global_mag2.5,lr,assignment_proportion_drift,DI_star,-0.03865504442081524,0.1952778751418346,-0.012895964110265196,0.16644547041338673,20
lsac,variance_global_mag2.5,lr,assignment_proportion_drift,AOD_star,0.03224652160987419,0.16336532973102696,0.09775719543986647,0.14412901999426342,20
lsac,variance_global_mag2.5,lr,assignment_proportion_drift,BalAcc,-0.001686015461849602,0.22635421744292542,0.010151227638857393,0.248572380596026,20
lsac,variance_global_mag2.5,lr,ks_statistic,DI_star,0.10769988273099254,0.2518551990065761,0.11624054943009594,0.2503663706284438,20
lsac,variance_global_mag2.5,lr,ks_statistic,AOD_star,0.4804511278195488,0.193385154168832,0.47649137128661784,0.18060607105035348,20
lsac,variance_global_mag2.5,lr,ks_statistic,BalAcc,0.0021804511278195465,0.2221111554341834,-0.0030493185495774596,0.2253191829562537,20
lsac,variance_global_mag2.5,lr,kl_divergence,DI_star,0.10536871570245258,0.2657073107285221,0.14319473295317536,0.26375176821509494,20
lsac,variance_global_mag2.5,lr,kl_divergence,AOD_star,0.48691729323308264,0.2033951187017996,0.479142481855139,0.18077899088563454,20
lsac,variance_global_mag2.5,lr,kl_divergence,BalAcc,0.017443609022556393,0.2150945820695705,0.01850432880127799,0.1776636905218318,20
lsac,variance_global_mag2.5,lr,per_subgroup_ewma[min_neg],DI_star,0.11213789940149092,0.25808262299757473,0.1549686216487404,0.2534765770202674,20
lsac,variance_global_mag2.5,lr,per_subgroup_ewma[min_neg],AOD_star,0.5029323308270677,0.19144899158107279,0.5157513900231604,0.16367262352637804,20
lsac,variance_global_mag2.5,lr,per_subgroup_ewma[min_neg],BalAcc,0.02225563909774437,0.2218193444766152,0.010074157571218267,0.22955231627305828,20
lsac,variance_global_mag2.5,lr,per_subgroup_baseline_relative[min_neg],DI_star,0.09273555027102046,0.2560350669606973,0.12990607637333315,0.2226222661269554,20
lsac,variance_global_mag2.5,lr,per_subgroup_baseline_relative[min_neg],AOD_star,0.4768421052631579,0.19327017577920116,0.4713413187824167,0.15384539806327047,20
lsac,variance_global_mag2.5,lr,per_subgroup_baseline_relative[min_neg],BalAcc,0.03744360902255638,0.2072281390428693,0.030872196036651072,0.22916020178289556,20
lsac,variance_global_mag2.5,lr,per_subgroup_ewma[min_pos],DI_star,0.1168031797861178,0.24819468866619715,0.1243920364992452,0.24640177349523262,20
lsac,variance_global_mag2.5,lr,per_subgroup_ewma[min_pos],AOD_star,0.4948872180451128,0.18195606785175905,0.4950289064620014,0.17354150932734883,20
lsac,variance_global_mag2.5,lr,per_subgroup_ewma[min_pos],BalAcc,0.005789473684210533,0.2199220615469674,0.004690368453228197,0.2403405960910859,20
lsac,variance_global_mag2.5,lr,per_subgroup_baseline_relative[min_pos],DI_star,0.06667043017208898,0.2626404667683635,0.07609092859091914,0.22768086704607907,20
lsac,variance_global_mag2.5,lr,per_subgroup_baseline_relative[min_pos],AOD_star,0.4135799568061188,0.2330654600694635,0.40882737225791976,0.18712675394868883,20
lsac,variance_global_mag2.5,lr,per_subgroup_baseline_relative[min_pos],BalAcc,0.008793368229522442,0.2687512022758522,0.008342131651937602,0.2615994967768765,20
lsac,variance_global_mag2.5,lr,per_subgroup_ewma[maj_neg],DI_star,0.11815712984621567,0.26169013096970645,0.143486369984931,0.25500806500567647,20
lsac,variance_global_mag2.5,lr,per_subgroup_ewma[maj_neg],AOD_star,0.5088721804511278,0.18856411349148203,0.510325908657014,0.1772970480753058,20
lsac,variance_global_mag2.5,lr,per_subgroup_ewma[maj_neg],BalAcc,0.016090225563909773,0.227180224058295,0.006227359293816484,0.23152719605794522,20
lsac,variance_global_mag2.5,lr,per_subgroup_baseline_relative[maj_neg],DI_star,0.10921508747880551,0.2676262582627385,0.11282119569414358,0.23902651710195663,20
lsac,variance_global_mag2.5,lr,per_subgroup_baseline_relative[maj_neg],AOD_star,0.4992481203007519,0.2055381121367313,0.46850750663794516,0.1692436155195664,20
lsac,variance_global_mag2.5,lr,per_subgroup_baseline_relative[maj_neg],BalAcc,0.035338345864661655,0.27515653709302584,0.035453118179746404,0.25830166988801745,20
lsac,variance_global_mag2.5,lr,per_subgroup_ewma[maj_pos],DI_star,0.1175556260868172,0.25889972872697703,0.14170275498697854,0.25732059175573235,20
lsac,variance_global_mag2.5,lr,per_subgroup_ewma[maj_pos],AOD_star,0.5062406015037595,0.19381368845038338,0.5075499824512872,0.17620643364122618,20
lsac,variance_global_mag2.5,lr,per_subgroup_ewma[maj_pos],BalAcc,0.021954887218045123,0.2254728638307572,0.00404740902218957,0.2205442196046927,20
lsac,variance_global_mag2.5,lr,per_subgroup_baseline_relative[maj_pos],DI_star,0.11432016365395473,0.247809129999889,0.11649137898150615,0.24020445007792304,20
lsac,variance_global_mag2.5,lr,per_subgroup_baseline_relative[maj_pos],AOD_star,0.5031578947368421,0.19222751138773236,0.47423295605970095,0.17261696443716362,20
lsac,variance_global_mag2.5,lr,per_subgroup_baseline_relative[maj_pos],BalAcc,0.029774436090225544,0.2313623633230291,0.02039695730384056,0.2321650924765171,20
lsac,variance_global_mag2.5,xgb,global_mean,DI_star,-0.3835895715409273,0.23824062957746836,-0.33068227744521,0.26424605343200014,20
lsac,variance_global_mag2.5,xgb,global_mean,AOD_star,-0.34879699248120294,0.17854347228731213,-0.49461010215068074,0.15754035765450158,20
lsac,variance_global_mag2.5,xgb,global_mean,BalAcc,-0.49481203007518787,0.1543288533983114,-0.8024937389916428,0.08989237517951687,20
lsac,variance_global_mag2.5,xgb,global_ewma,DI_star,-0.3786646605234894,0.24583479572333972,-0.3531396519823914,0.2666242542120091,20
lsac,variance_global_mag2.5,xgb,global_ewma,AOD_star,-0.34548872180451123,0.18109588759623502,-0.37205145272677026,0.1880822086779035,20
lsac,variance_global_mag2.5,xgb,global_ewma,BalAcc,-0.5022556390977444,0.1587111011731465,-0.6669382732629996,0.08069711205752392,20
lsac,variance_global_mag2.5,xgb,global_std,DI_star,-0.3795665484952394,0.23896884763049273,-0.36818276903675773,0.26206637392821086,20
lsac,variance_global_mag2.5,xgb,global_std,AOD_star,-0.30278195488721804,0.20148202946462668,-0.34669120329395525,0.23774446940939803,20
lsac,variance_global_mag2.5,xgb,global_std,BalAcc,-0.4537593984962406,0.17592241736144845,-0.6154742918523256,0.14491118936423764,20
lsac,variance_global_mag2.5,xgb,subgroup_violation_diff,DI_star,0.182070285267521,0.2601978747832642,0.18876749783299684,0.3018728850060629,20
lsac,variance_global_mag2.5,xgb,subgroup_violation_diff,AOD_star,-0.08127819548872181,0.42389627159252474,-0.00785764383020458,0.5698761213311435,20
lsac,variance_global_mag2.5,xgb,subgroup_violation_diff,BalAcc,-0.017518796992481194,0.5025379142403334,0.03609664392558233,0.7159940332796367,20
lsac,variance_global_mag2.5,xgb,max_subgroup_deviation,DI_star,-0.31888773560814154,0.24041664075536595,-0.29376166278402427,0.25675021829306394,20
lsac,variance_global_mag2.5,xgb,max_subgroup_deviation,AOD_star,-0.3618045112781954,0.20179778794981137,-0.5634306975256461,0.1433426464311341,20
lsac,variance_global_mag2.5,xgb,max_subgroup_deviation,BalAcc,-0.4989473684210526,0.160032502775878,-0.859773826094553,0.05789944528998113,20
lsac,variance_global_mag2.5,xgb,assignment_proportion_drift,DI_star,-0.037262113511530526,0.1817418020243856,-0.10051120031741685,0.21801445287087062,20
lsac,variance_global_mag2.5,xgb,assignment_proportion_drift,AOD_star,-0.5307624875636412,0.13877652652672495,-0.607554606327068,0.12740416576753869,20
lsac,variance_global_mag2.5,xgb,assignment_proportion_drift,BalAcc,-0.48708161701053704,0.14561536466073965,-0.743154998991245,0.09738439423270068,20
lsac,variance_global_mag2.5,xgb,ks_statistic,DI_star,-0.3777638189895747,0.25200240456055906,-0.357586170982756,0.2771071822038624,20
lsac,variance_global_mag2.5,xgb,ks_statistic,AOD_star,-0.3485714285714286,0.17675257311084863,-0.47086623957766205,0.19526512559559878,20
lsac,variance_global_mag2.5,xgb,ks_statistic,BalAcc,-0.4997744360902255,0.15799944612552844,-0.7728750322726348,0.05721499091711541,20
lsac,variance_global_mag2.5,xgb,kl_divergence,DI_star,-0.3654316626630334,0.25120261414917666,-0.31876780451742615,0.2572710064607126,20
lsac,variance_global_mag2.5,xgb,kl_divergence,AOD_star,-0.34330827067669173,0.17712160154334808,-0.24716946009611265,0.20189041289139611,20
lsac,variance_global_mag2.5,xgb,kl_divergence,BalAcc,-0.5040601503759398,0.15394677628022393,-0.5268144845900199,0.08072387807037833,20
lsac,variance_global_mag2.5,xgb,per_subgroup_ewma[min_neg],DI_star,-0.3790028508365809,0.24804878331816824,-0.35057400448152465,0.26517661409546867,20
lsac,variance_global_mag2.5,xgb,per_subgroup_ewma[min_neg],AOD_star,-0.34421052631578947,0.18056756894784623,-0.3924389931598976,0.18922745748841796,20
lsac,variance_global_mag2.5,xgb,per_subgroup_ewma[min_neg],BalAcc,-0.5008270676691728,0.15769373170608456,-0.6871249609530989,0.0936991284709239,20
lsac,variance_global_mag2.5,xgb,per_subgroup_baseline_relative[min_neg],DI_star,-0.3605820810260385,0.2593701680026502,-0.30776188437688345,0.26988661547067644,20
lsac,variance_global_mag2.5,xgb,per_subgroup_baseline_relative[min_neg],AOD_star,-0.3456390977443609,0.18144231226534985,-0.5085692351320145,0.16870104545912287,20
lsac,variance_global_mag2.5,xgb,per_subgroup_baseline_relative[min_neg],BalAcc,-0.4887218045112781,0.16399873422294597,-0.8124303761048928,0.11680217121451436,20
lsac,variance_global_mag2.5,xgb,per_subgroup_ewma[min_pos],DI_star,-0.3726128067023927,0.2395063643396125,-0.3658914029543411,0.2662088837577418,20
lsac,variance_global_mag2.5,xgb,per_subgroup_ewma[min_pos],AOD_star,-0.33398496240601505,0.17223783395506084,-0.4300607438472407,0.19166526713495682,20
lsac,variance_global_mag2.5,xgb,per_subgroup_ewma[min_pos],BalAcc,-0.48857142857142855,0.1757854859108909,-0.7174963713146102,0.08754957956857286,20
lsac,variance_global_mag2.5,xgb,per_subgroup_baseline_relative[min_pos],DI_star,-0.31895327128702367,0.21704685634630644,-0.29771492473012695,0.24702481606658375,20
lsac,variance_global_mag2.5,xgb,per_subgroup_baseline_relative[min_pos],AOD_star,-0.3508422049438237,0.1916609617444209,-0.5526502830104648,0.14416634223352556,20
lsac,variance_global_mag2.5,xgb,per_subgroup_baseline_relative[min_pos],BalAcc,-0.48569019434297084,0.1827016076234942,-0.8446874631720988,0.09763357970247029,20
lsac,variance_global_mag2.5,xgb,per_subgroup_ewma[maj_neg],DI_star,-0.3770111191093204,0.24418465774934064,-0.36622012061569525,0.2659894021093804,20
lsac,variance_global_mag2.5,xgb,per_subgroup_ewma[maj_neg],AOD_star,-0.33924812030075185,0.17542267024023248,-0.40801930713035306,0.1853055399203914,20
lsac,variance_global_mag2.5,xgb,per_subgroup_ewma[maj_neg],BalAcc,-0.4976691729323307,0.15541007813233376,-0.6962331814975685,0.07412942900015224,20
lsac,variance_global_mag2.5,xgb,per_subgroup_baseline_relative[maj_neg],DI_star,-0.34309806394920545,0.21401751209937347,-0.3147614331684467,0.2417036505464889,20
lsac,variance_global_mag2.5,xgb,per_subgroup_baseline_relative[maj_neg],AOD_star,-0.3364661654135338,0.16969634984416274,-0.5310563913526907,0.1458072678150857,20
lsac,variance_global_mag2.5,xgb,per_subgroup_baseline_relative[maj_neg],BalAcc,-0.4640601503759398,0.15790075176513144,-0.8324341786208084,0.059927357523633026,20
lsac,variance_global_mag2.5,xgb,per_subgroup_ewma[maj_pos],DI_star,-0.3817846643132806,0.2409578909778803,-0.36197618164152034,0.2747450403612334,20
lsac,variance_global_mag2.5,xgb,per_subgroup_ewma[maj_pos],AOD_star,-0.3463157894736842,0.17689803984719774,-0.3844581054111934,0.20012861063508977,20
lsac,variance_global_mag2.5,xgb,per_subgroup_ewma[maj_pos],BalAcc,-0.5020300751879698,0.15650752958818426,-0.6795337212805518,0.07293676594741119,20
lsac,variance_global_mag2.5,xgb,per_subgroup_baseline_relative[maj_pos],DI_star,-0.37200988883781105,0.24518648710664612,-0.3365591177190586,0.265138132394932,20
lsac,variance_global_mag2.5,xgb,per_subgroup_baseline_relative[maj_pos],AOD_star,-0.3470676691729323,0.1826418400061811,-0.5106678648870664,0.1747613502290856,20
lsac,variance_global_mag2.5,xgb,per_subgroup_baseline_relative[maj_pos],BalAcc,-0.5116541353383458,0.14739287429466527,-0.824013624092553,0.05517754175218469,20
meps,no_drift,lr,global_mean,DI_star,0.09879699248120301,0.2891155288486347,0.1213643407529296,0.26762880129471345,20
meps,no_drift,lr,global_mean,AOD_star,0.012556390977443608,0.32226454189001214,0.01634890319203942,0.3018783602166402,20
meps,no_drift,lr,global_mean,BalAcc,0.1632345533761573,0.2880997574133985,0.14641958285406845,0.26112902257643295,20
meps,no_drift,lr,global_ewma,DI_star,0.10278195488721804,0.22761139650878534,0.11981186431800124,0.23919785101286561,20
meps,no_drift,lr,global_ewma,AOD_star,0.05699248120300752,0.2514953413518657,0.061123318641113124,0.26648507880207634,20
meps,no_drift,lr,global_ewma,BalAcc,0.10703498213295519,0.2480207136092557,0.09168411942503596,0.22242395931939585,20
meps,no_drift,lr,global_std,DI_star,0.14616541353383458,0.28007517787757963,0.14547100730638535,0.27627502384867947,20
meps,no_drift,lr,global_std,AOD_star,0.06624060150375939,0.24929703871330208,0.0409479340991402,0.2656652289929414,20
meps,no_drift,lr,global_std,BalAcc,0.15233603097474285,0.21318734345925827,0.1116375019291321,0.2024663624167532,20
meps,no_drift,lr,subgroup_violation_diff,DI_star,0.0031578947368421178,0.2667272011869355,0.011932561703095746,0.262514985018931,20
meps,no_drift,lr,subgroup_violation_diff,AOD_star,0.012406015037593978,0.27801858834027077,0.010703370010645915,0.2996048895173282,20
meps,no_drift,lr,subgroup_violation_diff,BalAcc,0.03270914261400079,0.282209787568767,0.024623044005155102,0.26833761935415507,20
meps,no_drift,lr,max_subgroup_deviation,DI_star,0.042781954887218046,0.24256784603467116,0.05882142159043965,0.24690907645582003,20
meps,no_drift,lr,max_subgroup_deviation,AOD_star,-0.018796992481203006,0.24249233523434915,-0.0011960591987219729,0.2787405380838358,20
meps,no_drift,lr,max_subgroup_deviation,BalAcc,0.04928524763100385,0.20234151905693612,0.06569626484328826,0.19755297422315132,20
meps,no_drift,lr,assignment_proportion_drift,DI_star,0.06901753346434716,0.19890706264479294,0.058200157126495546,0.2288287129904767,20
meps,no_drift,lr,assignment_proportion_drift,AOD_star,-0.0010192169016069175,0.21876602766832817,0.008267923674697456,0.2532492878707899,20
meps,no_drift,lr,assignment_proportion_drift,BalAcc,0.014475217326301974,0.22279640812844761,0.05444446023064233,0.21508074114988524,20
meps,no_drift,lr,ks_statistic,DI_star,-0.012481203007518794,0.20723315854397686,0.00643997625888502,0.1989560162015359,20
meps,no_drift,lr,ks_statistic,AOD_star,-0.060075187969924816,0.20296489388208716,-0.025124180488694726,0.22120387458933946,20
meps,no_drift,lr,ks_statistic,BalAcc,-0.010488764227666768,0.1824234908901525,-0.01832054088163734,0.19630218496765886,20
meps,no_drift,lr,kl_divergence,DI_star,0.010000000000000004,0.1880500731383777,-0.00507793541272096,0.21301885937712828,20
meps,no_drift,lr,kl_divergence,AOD_star,-0.07345864661654135,0.22257431090221025,-0.04689106670678101,0.24544424787853011,20
meps,no_drift,lr,kl_divergence,BalAcc,-0.000518396800448484,0.2391290483395612,-0.008670900755850735,0.2451504149343364,20
meps,no_drift,lr,per_subgroup_ewma[min_neg],DI_star,nan,nan,nan,nan,0
meps,no_drift,lr,per_subgroup_ewma[min_neg],AOD_star,nan,nan,nan,nan,0
meps,no_drift,lr,per_subgroup_ewma[min_neg],BalAcc,nan,nan,nan,nan,0
meps,no_drift,lr,per_subgroup_baseline_relative[min_neg],DI_star,nan,nan,nan,nan,0
meps,no_drift,lr,per_subgroup_baseline_relative[min_neg],AOD_star,nan,nan,nan,nan,0
meps,no_drift,lr,per_subgroup_baseline_relative[min_neg],BalAcc,nan,nan,nan,nan,0
meps,no_drift,lr,per_subgroup_ewma[min_pos],DI_star,0.09834586466165411,0.19687042077369563,0.09178874936035307,0.1958761764682484,20
meps,no_drift,lr,per_subgroup_ewma[min_pos],AOD_star,0.04360902255639097,0.20457816243755883,0.046697716261984226,0.19915878115486,20
meps,no_drift,lr,per_subgroup_ewma[min_pos],BalAcc,0.11462571465344011,0.24554863172309072,0.13582969721498792,0.2516336611915135,20
meps,no_drift,lr,per_subgroup_baseline_relative[min_pos],DI_star,0.04669172932330827,0.2736546604719764,0.06743418568333928,0.25490461005722725,20
meps,no_drift,lr,per_subgroup_baseline_relative[min_pos],AOD_star,0.013684210526315799,0.23279725426205053,0.0007757881591157839,0.24494618902185267,20
meps,no_drift,lr,per_subgroup_baseline_relative[min_pos],BalAcc,0.16507381628789725,0.28111637293414216,0.14767835296839732,0.297711010715355,20
meps,no_drift,lr,per_subgroup_ewma[maj_neg],DI_star,-0.006602915608302775,0.1549734180273573,0.024613780113268154,0.2128867307842351,20
meps,no_drift,lr,per_subgroup_ewma[maj_neg],AOD_star,-0.012955066522169923,0.2104108342852161,-0.005830461438613472,0.24969833292360763,20
meps,no_drift,lr,per_subgroup_ewma[maj_neg],BalAcc,-0.018557352705959446,0.2129469733225932,0.009337727378262385,0.2103471863467007,20
meps,no_drift,lr,per_subgroup_baseline_relative[maj_neg],DI_star,-0.015431109517610422,0.22035261756444663,-0.006818762085661942,0.23734043083492803,20
meps,no_drift,lr,per_subgroup_baseline_relative[maj_neg],AOD_star,-0.030201133709122675,0.2614379446890399,-0.009739142751096792,0.28878713215787116,20
meps,no_drift,lr,per_subgroup_baseline_relative[maj_neg],BalAcc,-0.03266202469709,0.2540879173648073,-0.029426765560272607,0.22934846481703525,20
meps,no_drift,lr,per_subgroup_ewma[maj_pos],DI_star,0.00037593984962405735,0.1796554355625339,0.03456903476419654,0.20002104804324142,20
meps,no_drift,lr,per_subgroup_ewma[maj_pos],AOD_star,0.05218045112781955,0.25404371707862006,0.07042166582242401,0.24204435756983445,20
meps,no_drift,lr,per_subgroup_ewma[maj_pos],BalAcc,0.05488583222203336,0.24552779534649513,0.07281236399706567,0.23322095581101576,20
meps,no_drift,lr,per_subgroup_baseline_relative[maj_pos],DI_star,0.03646616541353383,0.24147954213356715,0.0629375919867012,0.25370004341882496,20
meps,no_drift,lr,per_subgroup_baseline_relative[maj_pos],AOD_star,-0.018796992481203,0.24078024375846488,0.0020330475364846445,0.25520901763757126,20
meps,no_drift,lr,per_subgroup_baseline_relative[maj_pos],BalAcc,0.051427977504394526,0.21212928061992178,0.05944352097495513,0.20758613346814822,20
meps,no_drift,xgb,global_mean,DI_star,0.09526315789473684,0.2704636902105591,0.1275146976246574,0.22341155777191418,20
meps,no_drift,xgb,global_mean,AOD_star,0.009999999999999998,0.3068071899703683,0.0022333973261662978,0.3086891073841357,20
meps,no_drift,xgb,global_mean,BalAcc,0.15732982305298918,0.269424039624814,0.145436264814088,0.24038145003218606,20
meps,no_drift,xgb,global_ewma,DI_star,0.08398496240601504,0.23151071888188035,0.1222947074740988,0.2351660457434348,20
meps,no_drift,xgb,global_ewma,AOD_star,0.07060150375939847,0.25613241874234594,0.08926725719650382,0.2795497181747504,20
meps,no_drift,xgb,global_ewma,BalAcc,0.075230612265278,0.2605445955265221,0.06902745653440552,0.253397595841277,20
meps,no_drift,xgb,global_std,DI_star,0.12248120300751879,0.19292856553150434,0.12243788078043216,0.18725949987167337,20
meps,no_drift,xgb,global_std,AOD_star,0.022781954887218035,0.25422309069118576,0.007080581815140005,0.27399572076361445,20
meps,no_drift,xgb,global_std,BalAcc,0.19060014621842275,0.21329650600182412,0.17825914214434313,0.20160167520519828,20
meps,no_drift,xgb,subgroup_violation_diff,DI_star,0.02511278195488722,0.2328400871634602,0.020936331998872584,0.24543846943775544,20
meps,no_drift,xgb,subgroup_violation_diff,AOD_star,0.04616541353383461,0.26497550597880987,0.04017720088987629,0.26139811475248487,20
meps,no_drift,xgb,subgroup_violation_diff,BalAcc,0.09312653695573704,0.28500871505314146,0.09241039604349675,0.2717854206099071,20
meps,no_drift,xgb,max_subgroup_deviation,DI_star,0.02052631578947369,0.21402055880911855,0.030342186915143565,0.21680649717624542,20
meps,no_drift,xgb,max_subgroup_deviation,AOD_star,-0.05932330827067669,0.2503605743890891,-0.048977983083479025,0.2784845751234468,20
meps,no_drift,xgb,max_subgroup_deviation,BalAcc,0.018530030643523702,0.22530712110072276,0.04811537111429312,0.2315790892554696,20
meps,no_drift,xgb,assignment_proportion_drift,DI_star,0.04042658343835616,0.21431185782655193,0.03883752730192426,0.20453715074360773,20
meps,no_drift,xgb,assignment_proportion_drift,AOD_star,-0.0015869595079327098,0.22108438312675915,-0.018625702613137188,0.21890770406083365,20
meps,no_drift,xgb,assignment_proportion_drift,BalAcc,0.006111158762820796,0.20034608942868712,0.025157722672992777,0.17850556591421662,20
meps,no_drift,xgb,ks_statistic,DI_star,-0.005037593984962404,0.14992509483310557,-0.015443595271395005,0.15826998072334092,20
meps,no_drift,xgb,ks_statistic,AOD_star,-0.05022556390977444,0.21179339427026753,-0.05289547133843664,0.2110564119024024,20
meps,no_drift,xgb,ks_statistic,BalAcc,-0.0028954297536449626,0.1984770307606569,0.004086489382625777,0.19895940253623126,20
meps,no_drift,xgb,kl_divergence,DI_star,-0.01654135338345865,0.20429444498045657,-0.04501890778245109,0.18548859826423794,20
meps,no_drift,xgb,kl_divergence,AOD_star,-0.11466165413533835,0.2553837180832767,-0.1070377653190675,0.260427045574077,20
meps,no_drift,xgb,kl_divergence,BalAcc,-0.011240643926914897,0.23799450650640896,-0.009914349334755698,0.20054062736796457,20
meps,no_drift,xgb,per_subgroup_ewma[min_neg],DI_star,nan,nan,nan,nan,0
meps,no_drift,xgb,per_subgroup_ewma[min_neg],AOD_star,nan,nan,nan,nan,0
meps,no_drift,xgb,per_subgroup_ewma[min_neg],BalAcc,nan,nan,nan,nan,0
meps,no_drift,xgb,per_subgroup_baseline_relative[min_neg],DI_star,nan,nan,nan,nan,0
meps,no_drift,xgb,per_subgroup_baseline_relative[min_neg],AOD_star,nan,nan,nan,nan,0
meps,no_drift,xgb,per_subgroup_baseline_relative[min_neg],BalAcc,nan,nan,nan,nan,0
meps,no_drift,xgb,per_subgroup_ewma[min_pos],DI_star,0.05142857142857142,0.24317123942159807,0.04155681651953417,0.2153122838642591,20
meps,no_drift,xgb,per_subgroup_ewma[min_pos],AOD_star,0.04932330827067668,0.26886301308150873,0.05440498668814049,0.24348241164175977,20
meps,no_drift,xgb,per_subgroup_ewma[min_pos],BalAcc,0.14590727571249762,0.2687540294556793,0.1261083424271601,0.2543481253535358,20
meps,no_drift,xgb,per_subgroup_baseline_relative[min_pos],DI_star,0.023984962406015036,0.21883986609371675,0.04876891992002947,0.2157324988151822,20
meps,no_drift,xgb,per_subgroup_baseline_relative[min_pos],AOD_star,0.016616541353383443,0.2255260494542004,-0.00043322064391573893,0.244035502371737,20
meps,no_drift,xgb,per_subgroup_baseline_relative[min_pos],BalAcc,0.2398881372134818,0.2625467946243735,0.2084261009274806,0.26398829705648,20
meps,no_drift,xgb,per_subgroup_ewma[maj_neg],DI_star,-0.0376258765298915,0.17524521064578627,-0.031193162658616314,0.18603594465255185,20
meps,no_drift,xgb,per_subgroup_ewma[maj_neg],AOD_star,-0.06970192669124382,0.1973140511104824,-0.0623602705698714,0.19678793485148993,20
meps,no_drift,xgb,per_subgroup_ewma[maj_neg],BalAcc,-0.0898212074870352,0.23453244341146276,-0.05600483159622567,0.2462146789483676,20
meps,no_drift,xgb,per_subgroup_baseline_relative[maj_neg],DI_star,-0.0013178508566768082,0.2527584575797299,-0.05243472370059003,0.23438940223078333,20
meps,no_drift,xgb,per_subgroup_baseline_relative[maj_neg],AOD_star,-0.028766443598691453,0.23556803754520692,-0.04968162947604824,0.2605869403733075,20
meps,no_drift,xgb,per_subgroup_baseline_relative[maj_neg],BalAcc,-0.06968338595069645,0.255449317482416,-0.07780190705582468,0.26639613898516606,20
meps,no_drift,xgb,per_subgroup_ewma[maj_pos],DI_star,0.006015037593984951,0.22874647037192702,0.04205996533932205,0.24120169470893424,20
meps,no_drift,xgb,per_subgroup_ewma[maj_pos],AOD_star,0.050300751879699235,0.2512185127305722,0.07236722416883648,0.25346672720776586,20
meps,no_drift,xgb,per_subgroup_ewma[maj_pos],BalAcc,0.006881042648044225,0.2151908522959771,0.03906200617787742,0.22809941623829552,20
meps,no_drift,xgb,per_subgroup_baseline_relative[maj_pos],DI_star,0.020150375939849634,0.21560910436222916,0.05219773945589361,0.22529365332313211,20
meps,no_drift,xgb,per_subgroup_baseline_relative[maj_pos],AOD_star,-0.03661654135338346,0.24401213977950276,-0.022721940420056493,0.27333465981660915,20
meps,no_drift,xgb,per_subgroup_baseline_relative[maj_pos],BalAcc,0.03176367899236386,0.23354299006434973,0.052509306722008965,0.2317164682928871,20
meps,gradual_group_mag0.5,lr,global_mean,DI_star,0.08721804511278194,0.2182239349691755,0.07567766553303289,0.19879750303796298,20
meps,gradual_group_mag0.5,lr,global_mean,AOD_star,0.055413533834586456,0.2435246651492192,0.051658962413224166,0.22019491802612082,20
meps,gradual_group_mag0.5,lr,global_mean,BalAcc,0.06405836860340916,0.230837551000282,0.05910789288401591,0.22633422100111822,20
meps,gradual_group_mag0.5,lr,global_ewma,DI_star,0.0700751879699248,0.16919425095415835,0.07807082547000244,0.18753797963562002,20
meps,gradual_group_mag0.5,lr,global_ewma,AOD_star,0.07812030075187967,0.21268627461705442,0.08195578349019236,0.2101163150512432,20
meps,gradual_group_mag0.5,lr,global_ewma,BalAcc,0.0384207415284387,0.20524284580434538,0.042417069994213144,0.22013162278839438,20
meps,gradual_group_mag0.5,lr,global_std,DI_star,0.11015037593984962,0.1717612357270385,0.09687795469911137,0.1774336155792989,20
meps,gradual_group_mag0.5,lr,global_std,AOD_star,0.03075187969924812,0.21623332048770869,0.010905135152102636,0.2026519040852587,20
meps,gradual_group_mag0.5,lr,global_std,BalAcc,-0.002932302544964015,0.20738498252344267,-7.053826350270908e-05,0.21391599521632343,20
meps,gradual_group_mag0.5,lr,subgroup_violation_diff,DI_star,0.08759398496240602,0.18638846003995957,0.09040270052613683,0.20213365297834246,20
meps,gradual_group_mag0.5,lr,subgroup_violation_diff,AOD_star,0.049022556390977454,0.1821724915175847,0.06029678464459194,0.20740225518353478,20
meps,gradual_group_mag0.5,lr,subgroup_violation_diff,BalAcc,0.046732448480725254,0.2506602151692163,0.07705406346405282,0.2166446465655835,20
meps,gradual_group_mag0.5,lr,max_subgroup_deviation,DI_star,0.06082706766917292,0.19375020766494025,0.03521261659239232,0.20757917420015776,20
meps,gradual_group_mag0.5,lr,max_subgroup_deviation,AOD_star,0.0324812030075188,0.1736470356987227,-0.015414410927242394,0.21437755756113272,20
meps,gradual_group_mag0.5,lr,max_subgroup_deviation,BalAcc,0.06432289818017359,0.2152805983568066,0.06602251511484399,0.19606738967022874,20
meps,gradual_group_mag0.5,lr,assignment_proportion_drift,DI_star,-0.0525140713390448,0.2054066848959622,0.0736698834021351,0.21693436670158736,20
meps,gradual_group_mag0.5,lr,assignment_proportion_drift,AOD_star,-0.042972522741737816,0.25461203304239916,0.04242132675637737,0.2250677167200831,20
meps,gradual_group_mag0.5,lr,assignment_proportion_drift,BalAcc,0.025142976352800606,0.24765434400462777,0.04118494112047355,0.22845950702270199,20
meps,gradual_group_mag0.5,lr,ks_statistic,DI_star,0.03285714285714285,0.19432230096163963,0.08876585509424399,0.22230190529715133,20
meps,gradual_group_mag0.5,lr,ks_statistic,AOD_star,0.05413533834586465,0.21348723413991036,0.06173696248210052,0.23045629729608377,20
meps,gradual_group_mag0.5,lr,ks_statistic,BalAcc,0.014245079974608285,0.20837113809925978,0.04486621951270585,0.22174635785641322,20
meps,gradual_group_mag0.5,lr,kl_divergence,DI_star,0.01601503759398496,0.17150722044943117,0.05556255845876764,0.1979288213568783,20
meps,gradual_group_mag0.5,lr,kl_divergence,AOD_star,0.004210526315789479,0.1762625406550428,0.031983588595119045,0.2017158272481139,20
meps,gradual_group_mag0.5,lr,kl_divergence,BalAcc,-0.0002624932653008061,0.23600713449173813,0.01817427089437586,0.24310472856862858,20
meps,gradual_group_mag0.5,lr,per_subgroup_ewma[min_neg],DI_star,nan,nan,nan,nan,0
meps,gradual_group_mag0.5,lr,per_subgroup_ewma[min_neg],AOD_star,nan,nan,nan,nan,0
meps,gradual_group_mag0.5,lr,per_subgroup_ewma[min_neg],BalAcc,nan,nan,nan,nan,0
meps,gradual_group_mag0.5,lr,per_subgroup_baseline_relative[min_neg],DI_star,nan,nan,nan,nan,0
meps,gradual_group_mag0.5,lr,per_subgroup_baseline_relative[min_neg],AOD_star,nan,nan,nan,nan,0
meps,gradual_group_mag0.5,lr,per_subgroup_baseline_relative[min_neg],BalAcc,nan,nan,nan,nan,0
meps,gradual_group_mag0.5,lr,per_subgroup_ewma[min_pos],DI_star,0.0738345864661654,0.17969446622762678,0.08895581205301557,0.1942656241402747,20
meps,gradual_group_mag0.5,lr,per_subgroup_ewma[min_pos],AOD_star,0.08796992481203007,0.20726665514503398,0.07966204410123047,0.2111625480297424,20
meps,gradual_group_mag0.5,lr,per_subgroup_ewma[min_pos],BalAcc,0.03778194074616621,0.20086306716157087,0.058749707733683786,0.22131387164449534,20
meps,gradual_group_mag0.5,lr,per_subgroup_baseline_relative[min_pos],DI_star,0.0688721804511278,0.20717286192907217,0.09811408668503599,0.21803810549747982,20
meps,gradual_group_mag0.5,lr,per_subgroup_baseline_relative[min_pos],AOD_star,0.07165413533834585,0.21832871108493038,0.05887544152073411,0.22474902081174558,20
meps,gradual_group_mag0.5,lr,per_subgroup_baseline_relative[min_pos],BalAcc,0.11259490413077503,0.21629813554268418,0.10041031171164463,0.1988445669303261,20
meps,gradual_group_mag0.5,lr,per_subgroup_ewma[maj_neg],DI_star,-0.01648068427640222,0.18382221898526147,0.009708819719718731,0.22494489265950363,20
meps,gradual_group_mag0.5,lr,per_subgroup_ewma[maj_neg],AOD_star,-0.031035657847549507,0.221138703015303,-0.02844937586142219,0.2699013900149881,20
meps,gradual_group_mag0.5,lr,per_subgroup_ewma[maj_neg],BalAcc,-0.012011743743635356,0.22255757313874136,0.0010727304799162674,0.18082024016490839,20
meps,gradual_group_mag0.5,lr,per_subgroup_baseline_relative[maj_neg],DI_star,-0.0221038334982398,0.20135463802292275,-0.009366692100283288,0.22404417046228198,20
meps,gradual_group_mag0.5,lr,per_subgroup_baseline_relative[maj_neg],AOD_star,-0.047834671367706375,0.2439797416884697,-0.0713574103641104,0.2691276978496385,20
meps,gradual_group_mag0.5,lr,per_subgroup_baseline_relative[maj_neg],BalAcc,-0.03871198404495093,0.2311248286990734,-0.03203664790405637,0.1835121533624509,20
meps,gradual_group_mag0.5,lr,per_subgroup_ewma[maj_pos],DI_star,0.02075187969924811,0.17086942183828857,0.04075459397683494,0.19509921275641748,20
meps,gradual_group_mag0.5,lr,per_subgroup_ewma[maj_pos],AOD_star,0.08082706766917293,0.20626891497147487,0.07624071393559531,0.2134588806670634,20
meps,gradual_group_mag0.5,lr,per_subgroup_ewma[maj_pos],BalAcc,0.007516421295773651,0.1974979525316802,0.02908101139449193,0.1943311066672678,20
meps,gradual_group_mag0.5,lr,per_subgroup_baseline_relative[maj_pos],DI_star,0.0362406015037594,0.1805763350082042,-0.00040746178593631805,0.18154431608720376,20
meps,gradual_group_mag0.5,lr,per_subgroup_baseline_relative[maj_pos],AOD_star,0.045263157894736825,0.18389194486268487,0.004134181303967835,0.20550672870967668,20
meps,gradual_group_mag0.5,lr,per_subgroup_baseline_relative[maj_pos],BalAcc,0.03646166855905167,0.24020024648979763,0.025403896574394003,0.23686351406923306,20
meps,gradual_group_mag0.5,xgb,global_mean,DI_star,0.015413533834586463,0.19597041579485888,-0.05246406461315234,0.2126002824630715,20
meps,gradual_group_mag0.5,xgb,global_mean,AOD_star,-0.0020300751879699258,0.22374619726196693,-0.02110241818750403,0.21362999421956258,20
meps,gradual_group_mag0.5,xgb,global_mean,BalAcc,0.0543646354933224,0.20261721590788245,0.01703340614502566,0.20529158419415916,20
meps,gradual_group_mag0.5,xgb,global_ewma,DI_star,-0.01909774436090226,0.21350211561516708,-0.05059068944811551,0.19653607027035952,20
meps,gradual_group_mag0.5,xgb,global_ewma,AOD_star,0.003759398496240597,0.2023461798071804,0.0006036530559072883,0.18782996743051844,20
meps,gradual_group_mag0.5,xgb,global_ewma,BalAcc,0.020078214155016583,0.22479130506535547,-0.011559201577769032,0.20808766716886187,20
meps,gradual_group_mag0.5,xgb,global_std,DI_star,0.16248120300751878,0.1703059635047135,0.17314647578516146,0.18477001933646162,20
meps,gradual_group_mag0.5,xgb,global_std,AOD_star,0.053157894736842105,0.2210108266950346,0.04357625490340443,0.21056778500098391,20
meps,gradual_group_mag0.5,xgb,global_std,BalAcc,0.07222269751883426,0.24526853144134458,0.08407552637602737,0.24209838728139166,20
meps,gradual_group_mag0.5,xgb,subgroup_violation_diff,DI_star,0.08390977443609021,0.20090000448966133,0.039750484154697965,0.2090361661926977,20
meps,gradual_group_mag0.5,xgb,subgroup_violation_diff,AOD_star,0.04744360902255638,0.20135640162376606,0.014690608041016412,0.23208495125819606,20
meps,gradual_group_mag0.5,xgb,subgroup_violation_diff,BalAcc,0.09974406818274864,0.2426634373251465,0.08882664383136321,0.23928155553514424,20
meps,gradual_group_mag0.5,xgb,max_subgroup_deviation,DI_star,-0.009172932330827069,0.19829957219991992,-0.04017569495213753,0.21105873701522782,20
meps,gradual_group_mag0.5,xgb,max_subgroup_deviation,AOD_star,-0.04015037593984962,0.21723317847433868,-0.04107224487301512,0.22558393482866657,20
meps,gradual_group_mag0.5,xgb,max_subgroup_deviation,BalAcc,0.07346269095736493,0.22412196838136195,0.07590543142684653,0.19139605792166609,20
meps,gradual_group_mag0.5,xgb,assignment_proportion_drift,DI_star,-0.0891378672250583,0.2512101193345382,-0.028278814395411783,0.21807275307279736,20
meps,gradual_group_mag0.5,xgb,assignment_proportion_drift,AOD_star,-0.10088501479211247,0.22577516436684783,-0.03027721781837242,0.22648957165095837,20
meps,gradual_group_mag0.5,xgb,assignment_proportion_drift,BalAcc,-0.0028083968624967757,0.2813137438841257,0.0008538527217853365,0.282864765499607,20
meps,gradual_group_mag0.5,xgb,ks_statistic,DI_star,-0.04827067669172931,0.18631324071150773,-0.03742649407481648,0.20833998183438798,20
meps,gradual_group_mag0.5,xgb,ks_statistic,AOD_star,-0.03308270676691729,0.2204272263915235,-0.018061592523006452,0.23126983032253834,20
meps,gradual_group_mag0.5,xgb,ks_statistic,BalAcc,0.02037398838447142,0.24274218170808617,0.005234057506552978,0.2718756714257469,20
meps,gradual_group_mag0.5,xgb,kl_divergence,DI_star,-0.0269172932330827,0.19964743643484897,-0.04213368886273526,0.22605079730188826,20
meps,gradual_group_mag0.5,xgb,kl_divergence,AOD_star,-0.04172932330827067,0.2223459048337702,-0.01948525052162948,0.22854018397541676,20
meps,gradual_group_mag0.5,xgb,kl_divergence,BalAcc,0.02593801128732216,0.25880956108656217,-0.003985697990092274,0.25238846157808364,20
meps,gradual_group_mag0.5,xgb,per_subgroup_ewma[min_neg],DI_star,nan,nan,nan,nan,0
meps,gradual_group_mag0.5,xgb,per_subgroup_ewma[min_neg],AOD_star,nan,nan,nan,nan,0
meps,gradual_group_mag0.5,xgb,per_subgroup_ewma[min_neg],BalAcc,nan,nan,nan,nan,0
meps,gradual_group_mag0.5,xgb,per_subgroup_baseline_relative[min_neg],DI_star,nan,nan,nan,nan,0
meps,gradual_group_mag0.5,xgb,per_subgroup_baseline_relative[min_neg],AOD_star,nan,nan,nan,nan,0
meps,gradual_group_mag0.5,xgb,per_subgroup_baseline_relative[min_neg],BalAcc,nan,nan,nan,nan,0
meps,gradual_group_mag0.5,xgb,per_subgroup_ewma[min_pos],DI_star,-0.012781954887218039,0.2180847773101299,-0.04485504767117683,0.21175710612940205,20
meps,gradual_group_mag0.5,xgb,per_subgroup_ewma[min_pos],AOD_star,0.0017293233082706651,0.21153746166537168,0.0005942054129746688,0.21087726711517987,20
meps,gradual_group_mag0.5,xgb,per_subgroup_ewma[min_pos],BalAcc,0.0281991653952805,0.21677431850276963,0.011814282065387358,0.21594112023428788,20
meps,gradual_group_mag0.5,xgb,per_subgroup_baseline_relative[min_pos],DI_star,0.008646616541353389,0.2360781927875641,-0.002960862178966438,0.23597199404195504,20
meps,gradual_group_mag0.5,xgb,per_subgroup_baseline_relative[min_pos],AOD_star,0.007819548872180438,0.2479756242591085,-0.00401673350493163,0.2500737090319164,20
meps,gradual_group_mag0.5,xgb,per_subgroup_baseline_relative[min_pos],BalAcc,0.17237737233844042,0.21126781561292063,0.10365089700745689,0.21504177623580645,20
meps,gradual_group_mag0.5,xgb,per_subgroup_ewma[maj_neg],DI_star,-0.033076500464461804,0.17296291267608613,-0.008652776730914498,0.20910726959704232,20
meps,gradual_group_mag0.5,xgb,per_subgroup_ewma[maj_neg],AOD_star,-0.05733961248526244,0.2080059326429174,-0.046699898597946266,0.2297049618925618,20
meps,gradual_group_mag0.5,xgb,per_subgroup_ewma[maj_neg],BalAcc,-0.05061181120616158,0.23514515036347827,-0.022365377798162226,0.22830077850252486,20
meps,gradual_group_mag0.5,xgb,per_subgroup_baseline_relative[maj_neg],DI_star,-0.005652872361238485,0.1899718049157047,-0.021241057042710888,0.2259884172743625,20
meps,gradual_group_mag0.5,xgb,per_subgroup_baseline_relative[maj_neg],AOD_star,-0.05661456755022248,0.19913026281307644,-0.0753228693147539,0.23604105819748789,20
meps,gradual_group_mag0.5,xgb,per_subgroup_baseline_relative[maj_neg],BalAcc,-0.051331765821852414,0.2524014312139769,-0.041288539225991294,0.2460713005830649,20
meps,gradual_group_mag0.5,xgb,per_subgroup_ewma[maj_pos],DI_star,-0.03368421052631578,0.20620396364436555,-0.034655402173721137,0.16748554105887187,20
meps,gradual_group_mag0.5,xgb,per_subgroup_ewma[maj_pos],AOD_star,0.024511278195488716,0.16379943861734142,0.017584782028883333,0.16556017592663072,20
meps,gradual_group_mag0.5,xgb,per_subgroup_ewma[maj_pos],BalAcc,-0.02488885840712514,0.21409602197255764,-0.030347515593106354,0.21166358750199776,20
meps,gradual_group_mag0.5,xgb,per_subgroup_baseline_relative[maj_pos],DI_star,-0.036691729323308275,0.15640861670332973,-0.09046416437511653,0.17429726369238718,20
meps,gradual_group_mag0.5,xgb,per_subgroup_baseline_relative[maj_pos],AOD_star,-0.04293233082706767,0.15510421692300413,-0.03772429715380347,0.16614379082514877,20
meps,gradual_group_mag0.5,xgb,per_subgroup_baseline_relative[maj_pos],BalAcc,0.0025139183295996015,0.21778125770165085,-0.00803590614001209,0.21657922742769187,20
meps,gradual_group_mag1.0,lr,global_mean,DI_star,0.09932330827067667,0.2714543861258487,0.09991373182676656,0.2804830415247674,20
meps,gradual_group_mag1.0,lr,global_mean,AOD_star,0.08052631578947368,0.2784187175916654,0.06833428551436108,0.27221594070304245,20
meps,gradual_group_mag1.0,lr,global_mean,BalAcc,0.039548872180451125,0.2223541552189909,0.045738897590355154,0.24094452864328503,20
meps,gradual_group_mag1.0,lr,global_ewma,DI_star,0.09210526315789473,0.2540738792081524,0.09384864021227121,0.2666220371756434,20
meps,gradual_group_mag1.0,lr,global_ewma,AOD_star,0.08954887218045111,0.2606152025346703,0.08548153914224907,0.25511513080614223,20
meps,gradual_group_mag1.0,lr,global_ewma,BalAcc,0.02466165413533835,0.2127494860851573,0.03956867242750566,0.21918326739271116,20
meps,gradual_group_mag1.0,lr,global_std,DI_star,0.1375187969924812,0.17612064163963065,0.15285999997065364,0.18802148273151892,20
meps,gradual_group_mag1.0,lr,global_std,AOD_star,0.09834586466165414,0.21881037604727657,0.08946110110842706,0.21796266334668177,20
meps,gradual_group_mag1.0,lr,global_std,BalAcc,0.0249624060150376,0.2173061889625642,0.03050618640350409,0.189477795426873,20
meps,gradual_group_mag1.0,lr,subgroup_violation_diff,DI_star,0.10172932330827064,0.2095607691856554,0.10246062449467361,0.20144301542241586,20
meps,gradual_group_mag1.0,lr,subgroup_violation_diff,AOD_star,0.05308270676691727,0.21308918015647088,0.06622827846842808,0.2122327627446263,20
meps,gradual_group_mag1.0,lr,subgroup_violation_diff,BalAcc,0.06443609022556392,0.2661128511032528,0.06612801896925678,0.22738172470671672,20
meps,gradual_group_mag1.0,lr,max_subgroup_deviation,DI_star,0.05706766917293232,0.2459087932617007,0.07935285551502573,0.2573844715851093,20
meps,gradual_group_mag1.0,lr,max_subgroup_deviation,AOD_star,0.05082706766917291,0.23996607821780624,0.05001190804128477,0.26182539930722065,20
meps,gradual_group_mag1.0,lr,max_subgroup_deviation,BalAcc,0.06744360902255639,0.22620973959724625,0.07785331048794238,0.2087182909022727,20
meps,gradual_group_mag1.0,lr,assignment_proportion_drift,DI_star,-0.031478037235397535,0.21396630082057339,0.058389187168387965,0.22947978424389662,20
meps,gradual_group_mag1.0,lr,assignment_proportion_drift,AOD_star,-0.05514598173379541,0.22812043606668103,0.02531499931026531,0.23227304034573265,20
meps,gradual_group_mag1.0,lr,assignment_proportion_drift,BalAcc,0.021502585535890534,0.24151424130571708,0.028456914380696224,0.21342404361355533,20
meps,gradual_group_mag1.0,lr,ks_statistic,DI_star,0.0719548872180451,0.2717935500446854,0.10484829573663039,0.2766374239350623,20
meps,gradual_group_mag1.0,lr,ks_statistic,AOD_star,0.06225563909774434,0.2611413175297671,0.07576397113597388,0.2526577174572209,20
meps,gradual_group_mag1.0,lr,ks_statistic,BalAcc,0.025112781954887226,0.2075422782835891,0.04053659065601306,0.2201467426296485,20
meps,gradual_group_mag1.0,lr,kl_divergence,DI_star,0.03766917293233083,0.22679387715928914,0.0903600679672539,0.24805634875324503,20
meps,gradual_group_mag1.0,lr,kl_divergence,AOD_star,0.014060150375939847,0.29421361990114997,0.06736104241602499,0.2566418244389012,20
meps,gradual_group_mag1.0,lr,kl_divergence,BalAcc,0.05172932330827068,0.23753277978201376,0.054497751312057884,0.23406824701219228,20
meps,gradual_group_mag1.0,lr,per_subgroup_ewma[min_neg],DI_star,nan,nan,nan,nan,0
meps,gradual_group_mag1.0,lr,per_subgroup_ewma[min_neg],AOD_star,nan,nan,nan,nan,0
meps,gradual_group_mag1.0,lr,per_subgroup_ewma[min_neg],BalAcc,nan,nan,nan,nan,0
meps,gradual_group_mag1.0,lr,per_subgroup_baseline_relative[min_neg],DI_star,nan,nan,nan,nan,0
meps,gradual_group_mag1.0,lr,per_subgroup_baseline_relative[min_neg],AOD_star,nan,nan,nan,nan,0
meps,gradual_group_mag1.0,lr,per_subgroup_baseline_relative[min_neg],BalAcc,nan,nan,nan,nan,0
meps,gradual_group_mag1.0,lr,per_subgroup_ewma[min_pos],DI_star,0.09323308270676692,0.2569444778460388,0.10372887693296091,0.2654508134471774,20
meps,gradual_group_mag1.0,lr,per_subgroup_ewma[min_pos],AOD_star,0.09150375939849623,0.2553148208651548,0.090300064598724,0.24626870285060892,20
meps,gradual_group_mag1.0,lr,per_subgroup_ewma[min_pos],BalAcc,0.028496240601503763,0.20675815429140917,0.04833047882625173,0.22292020635143633,20
meps,gradual_group_mag1.0,lr,per_subgroup_baseline_relative[min_pos],DI_star,0.08819548872180452,0.2577556234982387,0.11089292151266614,0.26902135027801316,20
meps,gradual_group_mag1.0,lr,per_subgroup_baseline_relative[min_pos],AOD_star,0.0744360902255639,0.2504513422552764,0.06511612375340398,0.256216241079472,20
meps,gradual_group_mag1.0,lr,per_subgroup_baseline_relative[min_pos],BalAcc,0.09406015037593984,0.23161530570945202,0.07237940549409536,0.23105810038813573,20
meps,gradual_group_mag1.0,lr,per_subgroup_ewma[maj_neg],DI_star,-0.019461106200311898,0.20904298311638403,0.006049854351754208,0.24476871923120663,20
meps,gradual_group_mag1.0,lr,per_subgroup_ewma[maj_neg],AOD_star,-0.0461699693343416,0.23721074743264722,-0.04311985246519558,0.2854795109680927,20
meps,gradual_group_mag1.0,lr,per_subgroup_ewma[maj_neg],BalAcc,0.006093184099227149,0.175317351699421,0.01198347940781275,0.14078431859054513,20
meps,gradual_group_mag1.0,lr,per_subgroup_baseline_relative[maj_neg],DI_star,-0.009762252886649211,0.2363066562933596,-0.002935324106709309,0.22051178114113984,20
meps,gradual_group_mag1.0,lr,per_subgroup_baseline_relative[maj_neg],AOD_star,-0.04346179394104262,0.26631401087449125,-0.04736734706578755,0.2653983221800299,20
meps,gradual_group_mag1.0,lr,per_subgroup_baseline_relative[maj_neg],BalAcc,-0.027677710253395882,0.19869393616325845,-0.020599075700154013,0.19301209432849098,20
meps,gradual_group_mag1.0,lr,per_subgroup_ewma[maj_pos],DI_star,0.060225563909774425,0.23738902123379763,0.07330710092236457,0.2621699320311366,20
meps,gradual_group_mag1.0,lr,per_subgroup_ewma[maj_pos],AOD_star,0.07518796992481203,0.2415975622846208,0.08275762044376896,0.26785994794656226,20
meps,gradual_group_mag1.0,lr,per_subgroup_ewma[maj_pos],BalAcc,0.022255639097744355,0.2078631772534801,0.03572320325011146,0.20106151560702754,20
meps,gradual_group_mag1.0,lr,per_subgroup_baseline_relative[maj_pos],DI_star,0.04932330827067669,0.26544978346248327,0.04312793285300716,0.2682504666884313,20
meps,gradual_group_mag1.0,lr,per_subgroup_baseline_relative[maj_pos],AOD_star,0.05278195488721804,0.2649967547056427,0.03259874964621128,0.2671238176641757,20
meps,gradual_group_mag1.0,lr,per_subgroup_baseline_relative[maj_pos],BalAcc,0.025639097744360895,0.2329776503479432,0.02118991005230892,0.23854764620087163,20
meps,gradual_group_mag1.0,xgb,global_mean,DI_star,0.5423308270676691,0.1579686722706782,0.5729687169911911,0.13390248304123273,20
meps,gradual_group_mag1.0,xgb,global_mean,AOD_star,0.39488721804511273,0.21670492986251413,0.3820532397178556,0.191671174198258,20
meps,gradual_group_mag1.0,xgb,global_mean,BalAcc,-0.346092375003788,0.23873518101996286,-0.37240217170538237,0.20274175668491587,20
meps,gradual_group_mag1.0,xgb,global_ewma,DI_star,0.5561654135338345,0.16746997506729908,0.6385248230419845,0.15349219064393158,20
meps,gradual_group_mag1.0,xgb,global_ewma,AOD_star,0.4227067669172932,0.203139416912068,0.43996265122158434,0.20090155950423388,20
meps,gradual_group_mag1.0,xgb,global_ewma,BalAcc,-0.3674080089259021,0.22147392694199777,-0.4195388100622006,0.22387185921708178,20
meps,gradual_group_mag1.0,xgb,global_std,DI_star,0.2331578947368421,0.17757193970371452,0.29314952944161576,0.16956641346586218,20
meps,gradual_group_mag1.0,xgb,global_std,AOD_star,0.186390977443609,0.21900461688557415,0.1614057652643906,0.21825709740520421,20
meps,gradual_group_mag1.0,xgb,global_std,BalAcc,-0.13263698082916772,0.21553755860698637,-0.13322206887390356,0.2112894219733328,20
meps,gradual_group_mag1.0,xgb,subgroup_violation_diff,DI_star,0.11541353383458645,0.21284697059271693,0.12458687970100406,0.17862828451580282,20
meps,gradual_group_mag1.0,xgb,subgroup_violation_diff,AOD_star,0.06473684210526313,0.26290835644654353,0.07911682592754637,0.23874786946803167,20
meps,gradual_group_mag1.0,xgb,subgroup_violation_diff,BalAcc,0.06864808721074378,0.23515181509070243,0.009955997294288832,0.2079558852258788,20
meps,gradual_group_mag1.0,xgb,max_subgroup_deviation,DI_star,0.493609022556391,0.17569089448934821,0.5986495486661789,0.16909133623507627,20
meps,gradual_group_mag1.0,xgb,max_subgroup_deviation,AOD_star,0.36330827067669164,0.24848385304626114,0.3896931499416532,0.23336766650475554,20
meps,gradual_group_mag1.0,xgb,max_subgroup_deviation,BalAcc,-0.3039869138711676,0.2525280935021349,-0.37141447169409997,0.23373804292759434,20
meps,gradual_group_mag1.0,xgb,assignment_proportion_drift,DI_star,-0.18648377076897935,0.18512360725006521,0.026095147621306203,0.13093910169504758,20
meps,gradual_group_mag1.0,xgb,assignment_proportion_drift,AOD_star,-0.1821210541742541,0.22173045739468844,0.010610485701698438,0.18891928152247922,20
meps,gradual_group_mag1.0,xgb,assignment_proportion_drift,BalAcc,0.13698547221303536,0.2759104808131397,-0.02989059194292752,0.2178576690754313,20
meps,gradual_group_mag1.0,xgb,ks_statistic,DI_star,0.5293984962406016,0.18562962668111319,0.5232104404919176,0.15585655015234887,20
meps,gradual_group_mag1.0,xgb,ks_statistic,AOD_star,0.3881954887218044,0.22001304058915172,0.3497836603176005,0.19578698000820455,20
meps,gradual_group_mag1.0,xgb,ks_statistic,BalAcc,-0.35838615958751624,0.23080940332101813,-0.3410769685893597,0.2183208822667915,20
meps,gradual_group_mag1.0,xgb,kl_divergence,DI_star,0.1957142857142857,0.17768320449621278,0.26894701728241854,0.12070392437116777,20
meps,gradual_group_mag1.0,xgb,kl_divergence,AOD_star,0.14323308270676693,0.22808212119972768,0.1968103073479997,0.20149410600769677,20
meps,gradual_group_mag1.0,xgb,kl_divergence,BalAcc,-0.10454682172793565,0.17227481557019936,-0.17334639190184037,0.1745444034999302,20
meps,gradual_group_mag1.0,xgb,per_subgroup_ewma[min_neg],DI_star,nan,nan,nan,nan,0
meps,gradual_group_mag1.0,xgb,per_subgroup_ewma[min_neg],AOD_star,nan,nan,nan,nan,0
meps,gradual_group_mag1.0,xgb,per_subgroup_ewma[min_neg],BalAcc,nan,nan,nan,nan,0
meps,gradual_group_mag1.0,xgb,per_subgroup_baseline_relative[min_neg],DI_star,nan,nan,nan,nan,0
meps,gradual_group_mag1.0,xgb,per_subgroup_baseline_relative[min_neg],AOD_star,nan,nan,nan,nan,0
meps,gradual_group_mag1.0,xgb,per_subgroup_baseline_relative[min_neg],BalAcc,nan,nan,nan,nan,0
meps,gradual_group_mag1.0,xgb,per_subgroup_ewma[min_pos],DI_star,0.5498496240601505,0.1745613207462106,0.5745587380109016,0.15332411196992896,20
meps,gradual_group_mag1.0,xgb,per_subgroup_ewma[min_pos],AOD_star,0.41917293233082703,0.20308819059886607,0.3975863623314454,0.20039136044711775,20
meps,gradual_group_mag1.0,xgb,per_subgroup_ewma[min_pos],BalAcc,-0.35789620751149565,0.2205950776005315,-0.36202328691348096,0.21310967501327574,20
meps,gradual_group_mag1.0,xgb,per_subgroup_baseline_relative[min_pos],DI_star,0.4290977443609022,0.15633622161741456,0.4396725903161361,0.13474966574029998,20
meps,gradual_group_mag1.0,xgb,per_subgroup_baseline_relative[min_pos],AOD_star,0.31436090225563906,0.20150851470093148,0.28817356627498003,0.19653558962824821,20
meps,gradual_group_mag1.0,xgb,per_subgroup_baseline_relative[min_pos],BalAcc,-0.19206802269922807,0.20985867658489232,-0.2257981349996764,0.2022223084253789,20
meps,gradual_group_mag1.0,xgb,per_subgroup_ewma[maj_neg],DI_star,-0.016627856705332008,0.4268087619782574,0.060944004402195676,0.4986865685954655,20
meps,gradual_group_mag1.0,xgb,per_subgroup_ewma[maj_neg],AOD_star,-0.05914622024567019,0.3353326439218887,-0.01079216109316217,0.35872945885712165,20
meps,gradual_group_mag1.0,xgb,per_subgroup_ewma[maj_neg],BalAcc,-0.060012678497574634,0.34701451659303784,-0.059454192064237556,0.38725123365265485,20
meps,gradual_group_mag1.0,xgb,per_subgroup_baseline_relative[maj_neg],DI_star,-0.016706122623955523,0.2713101066743885,0.029111714592088434,0.28190734113868243,20
meps,gradual_group_mag1.0,xgb,per_subgroup_baseline_relative[maj_neg],AOD_star,-0.12184242041884912,0.18808691534043892,-0.07806450128519192,0.20826199720412258,20
meps,gradual_group_mag1.0,xgb,per_subgroup_baseline_relative[maj_neg],BalAcc,-0.019508085639477327,0.27479818051560523,-0.03507669860449421,0.31144494035166986,20
meps,gradual_group_mag1.0,xgb,per_subgroup_ewma[maj_pos],DI_star,0.5478195488721804,0.18467800128471332,0.7059770290954046,0.1673794609321882,20
meps,gradual_group_mag1.0,xgb,per_subgroup_ewma[maj_pos],AOD_star,0.42781954887218043,0.21664288555346217,0.48485751237757907,0.22188625805697615,20
meps,gradual_group_mag1.0,xgb,per_subgroup_ewma[maj_pos],BalAcc,-0.3764689936238999,0.21988676245726027,-0.48414466005192913,0.23918964390828534,20
meps,gradual_group_mag1.0,xgb,per_subgroup_baseline_relative[maj_pos],DI_star,0.5129323308270676,0.18190199939752014,0.5997965506921651,0.16419936955417164,20
meps,gradual_group_mag1.0,xgb,per_subgroup_baseline_relative[maj_pos],AOD_star,0.38255639097744354,0.2542907386243691,0.3924857649064376,0.23663395756553626,20
meps,gradual_group_mag1.0,xgb,per_subgroup_baseline_relative[maj_pos],BalAcc,-0.37173127477342327,0.23647398303080946,-0.43118304496090676,0.20110069326474234,20
meps,gradual_group_mag2.0,lr,global_mean,DI_star,0.12390977443609019,0.3678228686857971,0.14226291301701777,0.381631743368844,20
meps,gradual_group_mag2.0,lr,global_mean,AOD_star,0.10383458646616542,0.28759628482052546,0.1064924473293322,0.2959965340184167,20
meps,gradual_group_mag2.0,lr,global_mean,BalAcc,0.039061352365345456,0.2301498149389673,0.03820451000779018,0.23696549675168158,20
meps,gradual_group_mag2.0,lr,global_ewma,DI_star,0.13127819548872177,0.3656415328802501,0.1406701308335243,0.3830846972191663,20
meps,gradual_group_mag2.0,lr,global_ewma,AOD_star,0.11819548872180449,0.2916814161113464,0.1220883553432025,0.2952263508788165,20
meps,gradual_group_mag2.0,lr,global_ewma,BalAcc,0.031015730505524676,0.23227765627611782,0.036552358162149266,0.23035650858202153,20
meps,gradual_group_mag2.0,lr,global_std,DI_star,0.14120300751879697,0.26082224510417773,0.17377146954145506,0.3005188885782082,20
meps,gradual_group_mag2.0,lr,global_std,AOD_star,0.12819548872180447,0.2170471718656032,0.1458364629442261,0.26553045961472616,20
meps,gradual_group_mag2.0,lr,global_std,BalAcc,0.024248134441803713,0.2183627273524002,0.03915160473466683,0.1993328527597856,20
meps,gradual_group_mag2.0,lr,subgroup_violation_diff,DI_star,0.1225563909774436,0.3016064925382559,0.15484514036421942,0.32005468839965145,20
meps,gradual_group_mag2.0,lr,subgroup_violation_diff,AOD_star,0.10902255639097744,0.2619165135088236,0.10900217804745398,0.2752615783211648,20
meps,gradual_group_mag2.0,lr,subgroup_violation_diff,BalAcc,0.04718142686039585,0.23658669096165183,0.04380368466198904,0.22771807101327135,20
meps,gradual_group_mag2.0,lr,max_subgroup_deviation,DI_star,0.12999999999999998,0.3582750475082303,0.14302128206963932,0.37585394961699475,20
meps,gradual_group_mag2.0,lr,max_subgroup_deviation,AOD_star,0.10669172932330825,0.28161020535819703,0.1071086391204387,0.29019366140674724,20
meps,gradual_group_mag2.0,lr,max_subgroup_deviation,BalAcc,0.047709948653955135,0.22704067347575863,0.05382444693537798,0.2339304069333181,20
meps,gradual_group_mag2.0,lr,assignment_proportion_drift,DI_star,0.04284018324072701,0.21406698343177252,0.08889615658269542,0.23517931959550453,20
meps,gradual_group_mag2.0,lr,assignment_proportion_drift,AOD_star,0.008448689412433732,0.24307707311821758,0.039048821156132084,0.2538250555752109,20
meps,gradual_group_mag2.0,lr,assignment_proportion_drift,BalAcc,-0.0147961278553,0.23767906539203487,0.012166270936220323,0.22556777776028103,20
meps,gradual_group_mag2.0,lr,ks_statistic,DI_star,0.11165413533834585,0.37293684056210935,0.13977777921922968,0.35779898947372657,20
meps,gradual_group_mag2.0,lr,ks_statistic,AOD_star,0.0851127819548872,0.2929678383939121,0.10474998991191398,0.27724376794173694,20
meps,gradual_group_mag2.0,lr,ks_statistic,BalAcc,0.01917375251183324,0.22732398634814285,0.03761074214595746,0.2461009466964221,20
meps,gradual_group_mag2.0,lr,kl_divergence,DI_star,0.09984962406015038,0.3364452549473287,0.1370406270618417,0.3383103063504531,20
meps,gradual_group_mag2.0,lr,kl_divergence,AOD_star,0.05736842105263158,0.2629250419866043,0.08461697857744396,0.2638980456245397,20
meps,gradual_group_mag2.0,lr,kl_divergence,BalAcc,0.011919824481360402,0.23669016038298915,0.011184462855165308,0.2352717379642899,20
meps,gradual_group_mag2.0,lr,per_subgroup_ewma[min_neg],DI_star,nan,nan,nan,nan,0
meps,gradual_group_mag2.0,lr,per_subgroup_ewma[min_neg],AOD_star,nan,nan,nan,nan,0
meps,gradual_group_mag2.0,lr,per_subgroup_ewma[min_neg],BalAcc,nan,nan,nan,nan,0
meps,gradual_group_mag2.0,lr,per_subgroup_baseline_relative[min_neg],DI_star,nan,nan,nan,nan,0
meps,gradual_group_mag2.0,lr,per_subgroup_baseline_relative[min_neg],AOD_star,nan,nan,nan,nan,0
meps,gradual_group_mag2.0,lr,per_subgroup_baseline_relative[min_neg],BalAcc,nan,nan,nan,nan,0
meps,gradual_group_mag2.0,lr,per_subgroup_ewma[min_pos],DI_star,0.13285714285714284,0.36606343240275174,0.14324118615222992,0.382898254513394,20
meps,gradual_group_mag2.0,lr,per_subgroup_ewma[min_pos],AOD_star,0.12052631578947366,0.2911253631133551,0.12119124991175519,0.2994092688498044,20
meps,gradual_group_mag2.0,lr,per_subgroup_ewma[min_pos],BalAcc,0.028159040162040395,0.22663215745346008,0.03916429711297269,0.22793419954566413,20
meps,gradual_group_mag2.0,lr,per_subgroup_baseline_relative[min_pos],DI_star,0.13203007518796991,0.35984607358688836,0.15136595943119596,0.36494289333190705,20
meps,gradual_group_mag2.0,lr,per_subgroup_baseline_relative[min_pos],AOD_star,0.11375939849624062,0.2879502044721032,0.10657117346743232,0.28980693775314476,20
meps,gradual_group_mag2.0,lr,per_subgroup_baseline_relative[min_pos],BalAcc,0.04177046669724259,0.24298966710269768,0.04914294251351182,0.22842191317316415,20
meps,gradual_group_mag2.0,lr,per_subgroup_ewma[maj_neg],DI_star,-0.03757707994606726,0.27621344910775075,-0.01180691612170475,0.3012328259430357,20
meps,gradual_group_mag2.0,lr,per_subgroup_ewma[maj_neg],AOD_star,-0.027263817963407478,0.25503397581980447,-0.03802756915769603,0.3154126417890546,20
meps,gradual_group_mag2.0,lr,per_subgroup_ewma[maj_neg],BalAcc,0.03032438850433573,0.16412960905728444,0.03491829610929041,0.1618341938723299,20
meps,gradual_group_mag2.0,lr,per_subgroup_baseline_relative[maj_neg],DI_star,-0.029891136888715624,0.24805490939949054,0.0017598252889496596,0.2640218291805511,20
meps,gradual_group_mag2.0,lr,per_subgroup_baseline_relative[maj_neg],AOD_star,-0.037877104980214606,0.2613176468316338,-0.015432849972841872,0.2982935207896288,20
meps,gradual_group_mag2.0,lr,per_subgroup_baseline_relative[maj_neg],BalAcc,-0.031397446145167124,0.16548678128958694,-0.008767418722458127,0.1760618069528471,20
meps,gradual_group_mag2.0,lr,per_subgroup_ewma[maj_pos],DI_star,0.10150375939849623,0.3494678282997792,0.12665196590467045,0.3641208521343262,20
meps,gradual_group_mag2.0,lr,per_subgroup_ewma[maj_pos],AOD_star,0.09082706766917294,0.24624508978289172,0.1141257878150885,0.27107611798317205,20
meps,gradual_group_mag2.0,lr,per_subgroup_ewma[maj_pos],BalAcc,0.01612888012775949,0.235587197706826,0.034781603922234616,0.2523303894380016,20
meps,gradual_group_mag2.0,lr,per_subgroup_baseline_relative[maj_pos],DI_star,0.09180451127819547,0.352775504879854,0.07704705879022063,0.3632217285567431,20
meps,gradual_group_mag2.0,lr,per_subgroup_baseline_relative[maj_pos],AOD_star,0.06518796992481203,0.2692331074838559,0.0506096763993074,0.28493850597630305,20
meps,gradual_group_mag2.0,lr,per_subgroup_baseline_relative[maj_pos],BalAcc,0.05090324551272589,0.2126627845689721,0.02448936455538027,0.22888669583389,20
meps,gradual_group_mag2.0,xgb,global_mean,DI_star,0.589172932330827,0.1089884312680152,0.5444325347886071,0.09691869466065142,20
meps,gradual_group_mag2.0,xgb,global_mean,AOD_star,-0.13240601503759394,0.14173000139444097,-0.08991092983117706,0.16921186878792194,20
meps,gradual_group_mag2.0,xgb,global_mean,BalAcc,-0.765563909774436,0.1234163289594617,-0.7599846447862525,0.10894033598271541,20
meps,gradual_group_mag2.0,xgb,global_ewma,DI_star,0.5766917293233081,0.11028258123826533,0.5104243407755833,0.10285436047136043,20
meps,gradual_group_mag2.0,xgb,global_ewma,AOD_star,-0.15684210526315787,0.13481108655302212,-0.17339034778118603,0.16984347304597927,20
meps,gradual_group_mag2.0,xgb,global_ewma,BalAcc,-0.7794736842105262,0.12061732313325753,-0.8290264970716071,0.09450794594196006,20
meps,gradual_group_mag2.0,xgb,global_std,DI_star,0.43157894736842106,0.14104750138962396,0.2556507347349829,0.11728525761442919,20
meps,gradual_group_mag2.0,xgb,global_std,AOD_star,-0.2532330827067669,0.13821536833296363,-0.3998269273749099,0.11853350912933439,20
meps,gradual_group_mag2.0,xgb,global_std,BalAcc,-0.6899999999999998,0.1299367118958675,-0.7665891307992593,0.09344446336856502,20
meps,gradual_group_mag2.0,xgb,subgroup_violation_diff,DI_star,0.3997744360902255,0.12652799486313754,0.3118957933608006,0.12466536741517835,20
meps,gradual_group_mag2.0,xgb,subgroup_violation_diff,AOD_star,-0.2187218045112782,0.1490372556349205,-0.2472733033597762,0.17802514135882266,20
meps,gradual_group_mag2.0,xgb,subgroup_violation_diff,BalAcc,-0.6145864661654136,0.12411445610233747,-0.6720092775131195,0.10445404018400442,20
meps,gradual_group_mag2.0,xgb,max_subgroup_deviation,DI_star,0.5760902255639097,0.12300062484128292,0.5123023583141878,0.10307839948338475,20
meps,gradual_group_mag2.0,xgb,max_subgroup_deviation,AOD_star,-0.14458646616541354,0.14979079763879763,-0.15647376480002476,0.18602601556013093,20
meps,gradual_group_mag2.0,xgb,max_subgroup_deviation,BalAcc,-0.752781954887218,0.13301208780091722,-0.7956331718298889,0.09916896676381533,20
meps,gradual_group_mag2.0,xgb,assignment_proportion_drift,DI_star,-0.05641034824726471,0.14882532671783844,0.11544606078955684,0.14490491462727564,20
meps,gradual_group_mag2.0,xgb,assignment_proportion_drift,AOD_star,-0.15721289071158814,0.17333164162913292,-0.08101943973054944,0.15289057020909855,20
meps,gradual_group_mag2.0,xgb,assignment_proportion_drift,BalAcc,-0.08849307146064687,0.2651665752764496,-0.23176834556361117,0.23023436276644413,20
meps,gradual_group_mag2.0,xgb,ks_statistic,DI_star,0.6002255639097744,0.10500319671876679,0.5567654146582918,0.10677114800617704,20
meps,gradual_group_mag2.0,xgb,ks_statistic,AOD_star,-0.10105263157894735,0.1521932295743533,-0.008288988113192501,0.18573868991134707,20
meps,gradual_group_mag2.0,xgb,ks_statistic,BalAcc,-0.7566917293233082,0.13232706761577084,-0.6753836935512586,0.11782386966205363,20
meps,gradual_group_mag2.0,xgb,kl_divergence,DI_star,0.43,0.12696171673816095,0.425890934333203,0.11142164484481534,20
meps,gradual_group_mag2.0,xgb,kl_divergence,AOD_star,0.019548872180451125,0.16015284688693535,0.0416568261033614,0.17641662563444988,20
meps,gradual_group_mag2.0,xgb,kl_divergence,BalAcc,-0.4451127819548872,0.18046428523460575,-0.46215963938690685,0.13454902046967276,20
meps,gradual_group_mag2.0,xgb,per_subgroup_ewma[min_neg],DI_star,nan,nan,nan,nan,0
meps,gradual_group_mag2.0,xgb,per_subgroup_ewma[min_neg],AOD_star,nan,nan,nan,nan,0
meps,gradual_group_mag2.0,xgb,per_subgroup_ewma[min_neg],BalAcc,nan,nan,nan,nan,0
meps,gradual_group_mag2.0,xgb,per_subgroup_baseline_relative[min_neg],DI_star,nan,nan,nan,nan,0
meps,gradual_group_mag2.0,xgb,per_subgroup_baseline_relative[min_neg],AOD_star,nan,nan,nan,nan,0
meps,gradual_group_mag2.0,xgb,per_subgroup_baseline_relative[min_neg],BalAcc,nan,nan,nan,nan,0
meps,gradual_group_mag2.0,xgb,per_subgroup_ewma[min_pos],DI_star,0.5748872180451128,0.10689931428840145,0.502712765026522,0.09654168000055498,20
meps,gradual_group_mag2.0,xgb,per_subgroup_ewma[min_pos],AOD_star,-0.15857142857142856,0.1352359470596743,-0.1741397765952424,0.17105042683084623,20
meps,gradual_group_mag2.0,xgb,per_subgroup_ewma[min_pos],BalAcc,-0.7781954887218044,0.1220655330007991,-0.8173225713591146,0.09386086181555059,20
meps,gradual_group_mag2.0,xgb,per_subgroup_baseline_relative[min_pos],DI_star,0.5387969924812029,0.11589790841010394,0.48123825152638783,0.10366372075927081,20
meps,gradual_group_mag2.0,xgb,per_subgroup_baseline_relative[min_pos],AOD_star,-0.16669172932330822,0.13468872915810406,-0.12565501236138177,0.178956211488294,20
meps,gradual_group_mag2.0,xgb,per_subgroup_baseline_relative[min_pos],BalAcc,-0.7230827067669173,0.13171531064962994,-0.7189554613421163,0.10733684300352762,20
meps,gradual_group_mag2.0,xgb,per_subgroup_ewma[maj_neg],DI_star,0.15341370394036655,0.4476348384100812,0.139570898480037,0.42780099546958195,20
meps,gradual_group_mag2.0,xgb,per_subgroup_ewma[maj_neg],AOD_star,-0.0701164504046912,0.3103328021233827,-0.09360623753431996,0.3698618215033755,20
meps,gradual_group_mag2.0,xgb,per_subgroup_ewma[maj_neg],BalAcc,-0.26603796103708777,0.5417370524043243,-0.2887633249059603,0.5841923037662751,20
meps,gradual_group_mag2.0,xgb,per_subgroup_baseline_relative[maj_neg],DI_star,0.08489148657875503,0.29072460907981884,0.13309678064381383,0.282167694135353,20
meps,gradual_group_mag2.0,xgb,per_subgroup_baseline_relative[maj_neg],AOD_star,0.002364235646477951,0.22196373072954892,0.007913436382967425,0.2581701262954829,20
meps,gradual_group_mag2.0,xgb,per_subgroup_baseline_relative[maj_neg],BalAcc,-0.0986087286042035,0.30395084240004494,-0.1660902780824774,0.28642238609421306,20
meps,gradual_group_mag2.0,xgb,per_subgroup_ewma[maj_pos],DI_star,0.6352631578947368,0.1361566530854572,0.6102724023506668,0.14008377727995364,20
meps,gradual_group_mag2.0,xgb,per_subgroup_ewma[maj_pos],AOD_star,-0.030977443609022555,0.20946531782999786,-0.03695287179897457,0.2154977996933198,20
meps,gradual_group_mag2.0,xgb,per_subgroup_ewma[maj_pos],BalAcc,-0.7418796992481204,0.17237587819324754,-0.7789784099845936,0.15817128214981652,20
meps,gradual_group_mag2.0,xgb,per_subgroup_baseline_relative[maj_pos],DI_star,0.6572180451127819,0.1513573052840616,0.6441921818600211,0.14937091345332798,20
meps,gradual_group_mag2.0,xgb,per_subgroup_baseline_relative[maj_pos],AOD_star,0.20210526315789473,0.21472104573225936,0.16925143704453938,0.21347663952451118,20
meps,gradual_group_mag2.0,xgb,per_subgroup_baseline_relative[maj_pos],BalAcc,-0.5530827067669172,0.24493909617375673,-0.5444058090854348,0.2340570777396784,20
meps,gradual_global_mag0.5,lr,global_mean,DI_star,0.07443609022556388,0.1707402749969107,0.05951823807623484,0.16205644797104732,20
meps,gradual_global_mag0.5,lr,global_mean,AOD_star,0.051578947368421044,0.21782363654706746,0.04085213125399143,0.20774886254186564,20
meps,gradual_global_mag0.5,lr,global_mean,BalAcc,0.05315789473684211,0.21083826244237053,0.043117838375169124,0.22851394387388635,20
meps,gradual_global_mag0.5,lr,global_ewma,DI_star,0.05240601503759398,0.15358108674684823,0.05565443597285284,0.15830301165168878,20
meps,gradual_global_mag0.5,lr,global_ewma,AOD_star,0.06150375939849624,0.20153456166774691,0.05892921048283273,0.19911302037860923,20
meps,gradual_global_mag0.5,lr,global_ewma,BalAcc,0.02962406015037595,0.20582676211052953,0.030912502971475426,0.21860006539692914,20
meps,gradual_global_mag0.5,lr,global_std,DI_star,0.02744360902255638,0.14667388506520887,0.002921621220216518,0.137620426572561,20
meps,gradual_global_mag0.5,lr,global_std,AOD_star,-0.013383458646616544,0.14065569298716168,-0.031817208222543816,0.1808352506312207,20
meps,gradual_global_mag0.5,lr,global_std,BalAcc,0.004360902255639091,0.2109886973884816,-0.012236042849306104,0.23400937324484294,20
meps,gradual_global_mag0.5,lr,subgroup_violation_diff,DI_star,0.10458646616541353,0.19074254395225762,0.10953074601192556,0.2141938139915266,20
meps,gradual_global_mag0.5,lr,subgroup_violation_diff,AOD_star,0.03977443609022556,0.21285260125346175,0.06396980398675103,0.20024201058040203,20
meps,gradual_global_mag0.5,lr,subgroup_violation_diff,BalAcc,0.012180451127819545,0.2534550221334583,0.027328594041898885,0.21013073279831138,20
meps,gradual_global_mag0.5,lr,max_subgroup_deviation,DI_star,0.06214524698061652,0.17230939883076904,0.0981702330164886,0.19809222788071268,20
meps,gradual_global_mag0.5,lr,max_subgroup_deviation,AOD_star,0.0306750796494146,0.15011184307256484,0.05456584315571193,0.18918958701909197,20
meps,gradual_global_mag0.5,lr,max_subgroup_deviation,BalAcc,0.06157931503576865,0.23541128290902785,0.03409390253168017,0.21887210894169457,20
meps,gradual_global_mag0.5,lr,assignment_proportion_drift,DI_star,0.0018433092508121612,0.1815337044998904,0.08864269618097334,0.20547044011204532,20
meps,gradual_global_mag0.5,lr,assignment_proportion_drift,AOD_star,-0.003231947201896754,0.22274997466600557,0.050645368232921185,0.20391424000982336,20
meps,gradual_global_mag0.5,lr,assignment_proportion_drift,BalAcc,-0.006045986986288382,0.2589134385088923,0.02304413292055861,0.22847066402662025,20
meps,gradual_global_mag0.5,lr,ks_statistic,DI_star,0.0545112781954887,0.1796535475281944,0.10065677048018402,0.2018472300584337,20
meps,gradual_global_mag0.5,lr,ks_statistic,AOD_star,0.06293233082706767,0.20711100556119402,0.06779529218322754,0.20658993509229642,20
meps,gradual_global_mag0.5,lr,ks_statistic,BalAcc,0.015187969924812028,0.21303759982294967,0.03252875473891402,0.22775269537670878,20
meps,gradual_global_mag0.5,lr,kl_divergence,DI_star,0.029097744360902254,0.15271879799935056,0.05592047182323747,0.1728445446174393,20
meps,gradual_global_mag0.5,lr,kl_divergence,AOD_star,0.007218045112781952,0.17918200324739492,0.023374776225562204,0.19415684584052498,20
meps,gradual_global_mag0.5,lr,kl_divergence,BalAcc,-0.006390977443609033,0.22504193992321742,0.006589133200287379,0.239441271833627,20
meps,gradual_global_mag0.5,lr,per_subgroup_ewma[min_neg],DI_star,nan,nan,nan,nan,0
meps,gradual_global_mag0.5,lr,per_subgroup_ewma[min_neg],AOD_star,nan,nan,nan,nan,0
meps,gradual_global_mag0.5,lr,per_subgroup_ewma[min_neg],BalAcc,nan,nan,nan,nan,0
meps,gradual_global_mag0.5,lr,per_subgroup_baseline_relative[min_neg],DI_star,nan,nan,nan,nan,0
meps,gradual_global_mag0.5,lr,per_subgroup_baseline_relative[min_neg],AOD_star,nan,nan,nan,nan,0
meps,gradual_global_mag0.5,lr,per_subgroup_baseline_relative[min_neg],BalAcc,nan,nan,nan,nan,0
meps,gradual_global_mag0.5,lr,per_subgroup_ewma[min_pos],DI_star,0.05661654135338347,0.16874450345212724,0.06329319849864583,0.16581575174431698,20
meps,gradual_global_mag0.5,lr,per_subgroup_ewma[min_pos],AOD_star,0.06165413533834583,0.20360813407031741,0.0486808949573119,0.19967904550645726,20
meps,gradual_global_mag0.5,lr,per_subgroup_ewma[min_pos],BalAcc,0.02270676691729323,0.2075596015238697,0.03380101555814571,0.2387710891361056,20
meps,gradual_global_mag0.5,lr,per_subgroup_baseline_relative[min_pos],DI_star,0.08751879699248119,0.21336888683706615,0.10605924694113064,0.20806172265240408,20
meps,gradual_global_mag0.5,lr,per_subgroup_baseline_relative[min_pos],AOD_star,0.034360902255639085,0.1933101715689578,0.06236524538204844,0.208704825947453,20
meps,gradual_global_mag0.5,lr,per_subgroup_baseline_relative[min_pos],BalAcc,0.06345864661654135,0.27376913496902466,0.037029388210106595,0.22383072921210273,20
meps,gradual_global_mag0.5,lr,per_subgroup_ewma[maj_neg],DI_star,0.02118082297301243,0.21477320992289164,0.04089965261547969,0.22161310403413018,19
meps,gradual_global_mag0.5,lr,per_subgroup_ewma[maj_neg],AOD_star,0.04861352304237396,0.21484329814949585,0.04533793400028544,0.2265333644602703,19
meps,gradual_global_mag0.5,lr,per_subgroup_ewma[maj_neg],BalAcc,0.044355459233305576,0.23568487450991296,0.0363830292508424,0.23422731262882743,19
meps,gradual_global_mag0.5,lr,per_subgroup_baseline_relative[maj_neg],DI_star,-0.014009297396778916,0.15342214266063403,0.041518930562422424,0.17142669074529998,19
meps,gradual_global_mag0.5,lr,per_subgroup_baseline_relative[maj_neg],AOD_star,0.016268299548926432,0.2118091423937722,0.06216478865913864,0.22223826951513553,19
meps,gradual_global_mag0.5,lr,per_subgroup_baseline_relative[maj_neg],BalAcc,0.03234019188415769,0.21694350835287968,0.11336948739489533,0.18252373534339025,19
meps,gradual_global_mag0.5,lr,per_subgroup_ewma[maj_pos],DI_star,0.02,0.16175943414359623,0.03452960796005205,0.16837247824078538,20
meps,gradual_global_mag0.5,lr,per_subgroup_ewma[maj_pos],AOD_star,0.062255639097744356,0.19297774300139242,0.05992822805827226,0.20180568240034058,20
meps,gradual_global_mag0.5,lr,per_subgroup_ewma[maj_pos],BalAcc,0.014135338345864657,0.18237099007308855,0.021877120871731454,0.19841052878374543,20
meps,gradual_global_mag0.5,lr,per_subgroup_baseline_relative[maj_pos],DI_star,0.021879699248120298,0.1464591211966494,-0.011518879070783758,0.14542006575654576,20
meps,gradual_global_mag0.5,lr,per_subgroup_baseline_relative[maj_pos],AOD_star,0.038120300751879714,0.19367771611490744,-0.0058688556353207934,0.19978529281574955,20
meps,gradual_global_mag0.5,lr,per_subgroup_baseline_relative[maj_pos],BalAcc,0.04233082706766918,0.21198915778601804,0.024235537803587778,0.2328289202905894,20
meps,gradual_global_mag0.5,xgb,global_mean,DI_star,-0.11481451890031016,0.2239120776057041,-0.16272324795035137,0.2105521294798102,20
meps,gradual_global_mag0.5,xgb,global_mean,AOD_star,-0.1475187969924812,0.22202889122253705,-0.12117110773389114,0.20884848522704727,20
meps,gradual_global_mag0.5,xgb,global_mean,BalAcc,0.01699248120300751,0.2022475890731058,-0.016311401373010764,0.20732267847797034,20
meps,gradual_global_mag0.5,xgb,global_ewma,DI_star,-0.14267294859316962,0.2246097158672661,-0.18883129777169266,0.2099844582976288,20
meps,gradual_global_mag0.5,xgb,global_ewma,AOD_star,-0.13601503759398495,0.2109037835174442,-0.1395720554018981,0.20364220278880185,20
meps,gradual_global_mag0.5,xgb,global_ewma,BalAcc,-0.003458646616541353,0.2153303123632758,-0.03969305752688981,0.20752959011889746,20
meps,gradual_global_mag0.5,xgb,global_std,DI_star,0.17161975137214902,0.19635058303301442,0.2047300966549995,0.19125517120079638,20
meps,gradual_global_mag0.5,xgb,global_std,AOD_star,0.11872180451127816,0.19910448788070886,0.11619162079194242,0.18769968177997937,20
meps,gradual_global_mag0.5,xgb,global_std,BalAcc,0.06067669172932331,0.22314911672337012,0.0618196164479037,0.2164973604995434,20
meps,gradual_global_mag0.5,xgb,subgroup_violation_diff,DI_star,0.07560035833420022,0.22427236846038262,0.009688795956270025,0.19953359111638935,20
meps,gradual_global_mag0.5,xgb,subgroup_violation_diff,AOD_star,0.02977443609022557,0.23279856559025122,-0.010586880785884645,0.20854993638038957,20
meps,gradual_global_mag0.5,xgb,subgroup_violation_diff,BalAcc,0.05368421052631578,0.25367315716367245,0.005102340811334305,0.26444146914550126,20
meps,gradual_global_mag0.5,xgb,max_subgroup_deviation,DI_star,0.0008681544939375278,0.186423588288,-0.051251132945407084,0.18297023275728605,20
meps,gradual_global_mag0.5,xgb,max_subgroup_deviation,AOD_star,-0.035865199014104884,0.24629873175389647,-0.05589105328006592,0.21958319838654214,20
meps,gradual_global_mag0.5,xgb,max_subgroup_deviation,BalAcc,0.09804898743015648,0.23369858062375307,0.0038641559771164014,0.27596510874915925,20
meps,gradual_global_mag0.5,xgb,assignment_proportion_drift,DI_star,-0.003940590731553244,0.21827440070194834,-0.04368129058449062,0.20649867792351423,20
meps,gradual_global_mag0.5,xgb,assignment_proportion_drift,AOD_star,-0.01858354809258026,0.19825317476638393,-0.04235666761733236,0.21609593782949033,20
meps,gradual_global_mag0.5,xgb,assignment_proportion_drift,BalAcc,-0.006804755218422503,0.27132795367524304,-0.014998805071764121,0.28031720326681153,20
meps,gradual_global_mag0.5,xgb,ks_statistic,DI_star,-0.13650838352244488,0.21138899146945342,-0.09921257049601834,0.20173806118597506,20
meps,gradual_global_mag0.5,xgb,ks_statistic,AOD_star,-0.1509022556390977,0.20943016188536986,-0.08211788980405466,0.22312225545470413,20
meps,gradual_global_mag0.5,xgb,ks_statistic,BalAcc,-0.00796992481203008,0.2501236508048678,-0.016361783487196586,0.28096936987990634,20
meps,gradual_global_mag0.5,xgb,kl_divergence,DI_star,-0.12752315243644505,0.2079083247107796,-0.13596721353165214,0.2138830898319528,20
meps,gradual_global_mag0.5,xgb,kl_divergence,AOD_star,-0.16526315789473683,0.18207285059516967,-0.11764956279236036,0.20589962132470027,20
meps,gradual_global_mag0.5,xgb,kl_divergence,BalAcc,-0.01112781954887219,0.23032734719860076,-0.036807111862471445,0.23785230498982438,20
meps,gradual_global_mag0.5,xgb,per_subgroup_ewma[min_neg],DI_star,nan,nan,nan,nan,0
meps,gradual_global_mag0.5,xgb,per_subgroup_ewma[min_neg],AOD_star,nan,nan,nan,nan,0
meps,gradual_global_mag0.5,xgb,per_subgroup_ewma[min_neg],BalAcc,nan,nan,nan,nan,0
meps,gradual_global_mag0.5,xgb,per_subgroup_baseline_relative[min_neg],DI_star,nan,nan,nan,nan,0
meps,gradual_global_mag0.5,xgb,per_subgroup_baseline_relative[min_neg],AOD_star,nan,nan,nan,nan,0
meps,gradual_global_mag0.5,xgb,per_subgroup_baseline_relative[min_neg],BalAcc,nan,nan,nan,nan,0
meps,gradual_global_mag0.5,xgb,per_subgroup_ewma[min_pos],DI_star,-0.14748523320729054,0.23238651855491055,-0.1591239028392457,0.21055584513273146,20
meps,gradual_global_mag0.5,xgb,per_subgroup_ewma[min_pos],AOD_star,-0.14533834586466163,0.22349743892632323,-0.11639978841546963,0.21483285388331388,20
meps,gradual_global_mag0.5,xgb,per_subgroup_ewma[min_pos],BalAcc,-0.0018796992481203035,0.2269799536798159,-0.030035993876175743,0.23982522351477784,20
meps,gradual_global_mag0.5,xgb,per_subgroup_baseline_relative[min_pos],DI_star,-0.017105871223123452,0.23904870195698844,-0.06085453928466537,0.20734312686731482,20
meps,gradual_global_mag0.5,xgb,per_subgroup_baseline_relative[min_pos],AOD_star,-0.060676691729323294,0.278723041753249,-0.061980835251381074,0.22696037418057396,20
meps,gradual_global_mag0.5,xgb,per_subgroup_baseline_relative[min_pos],BalAcc,0.08593984962406014,0.24715065717119766,-0.0026308405313318906,0.26884271187975123,20
meps,gradual_global_mag0.5,xgb,per_subgroup_ewma[maj_neg],DI_star,-0.04058350757708222,0.2564098631065733,-0.05564538026333306,0.26126225029796746,19
meps,gradual_global_mag0.5,xgb,per_subgroup_ewma[maj_neg],AOD_star,-0.05230992538497522,0.20529837058938616,-0.04904773614088615,0.21071758962864637,19
meps,gradual_global_mag0.5,xgb,per_subgroup_ewma[maj_neg],BalAcc,0.02655335909046727,0.23668132032230035,-0.013123625869954823,0.23030600841131482,19
meps,gradual_global_mag0.5,xgb,per_subgroup_baseline_relative[maj_neg],DI_star,0.017192194483104165,0.17973609072038368,0.012677928617253557,0.20716327482606778,19
meps,gradual_global_mag0.5,xgb,per_subgroup_baseline_relative[maj_neg],AOD_star,0.022871042950041446,0.18860642867159785,0.013537091175618687,0.21334930966392612,19
meps,gradual_global_mag0.5,xgb,per_subgroup_baseline_relative[maj_neg],BalAcc,0.04658314467851015,0.2271774382695104,0.08142968850587232,0.20120624534208292,19
meps,gradual_global_mag0.5,xgb,per_subgroup_ewma[maj_pos],DI_star,-0.17301091264943183,0.22604044869985082,-0.18482960686863323,0.2063750100621974,20
meps,gradual_global_mag0.5,xgb,per_subgroup_ewma[maj_pos],AOD_star,-0.14616541353383458,0.18124487083882365,-0.1384530778149033,0.19667134014520876,20
meps,gradual_global_mag0.5,xgb,per_subgroup_ewma[maj_pos],BalAcc,-0.02954887218045113,0.18419995366314348,-0.051470476419829915,0.1869263684763865,20
meps,gradual_global_mag0.5,xgb,per_subgroup_baseline_relative[maj_pos],DI_star,-0.15255814446787064,0.21077029644838025,-0.19945598368120737,0.1957218812779936,20
meps,gradual_global_mag0.5,xgb,per_subgroup_baseline_relative[maj_pos],AOD_star,-0.16323308270676692,0.1817898182461748,-0.14167448048182033,0.17952113419511906,20
meps,gradual_global_mag0.5,xgb,per_subgroup_baseline_relative[maj_pos],BalAcc,-0.002105263157894742,0.18933244526973284,-0.028206593918190127,0.19076975795261303,20
meps,gradual_global_mag1.0,lr,global_mean,DI_star,0.08233082706766917,0.1978920372556229,0.07548839254228175,0.2062194951456589,20
meps,gradual_global_mag1.0,lr,global_mean,AOD_star,0.06834586466165413,0.21062751327177517,0.04868328572045758,0.23706624758821043,20
meps,gradual_global_mag1.0,lr,global_mean,BalAcc,0.0004511278195488827,0.22401780898815188,0.017777050518185296,0.24061804724085145,20
meps,gradual_global_mag1.0,lr,global_ewma,DI_star,0.063984962406015,0.189713105087844,0.060051272154801084,0.1900573766688393,20
meps,gradual_global_mag1.0,lr,global_ewma,AOD_star,0.05947368421052631,0.2128201963563631,0.05238224621267286,0.22888214463120637,20
meps,gradual_global_mag1.0,lr,global_ewma,BalAcc,-0.007669172932330821,0.21707687540214948,0.013596015978049728,0.21422740040941132,20
meps,gradual_global_mag1.0,lr,global_std,DI_star,-0.013684210526315794,0.2064831408778626,-0.031737823585141864,0.20692246957244775,20
meps,gradual_global_mag1.0,lr,global_std,AOD_star,-0.03593984962406015,0.20661123325529931,-0.03803349985405251,0.22396154969718493,20
meps,gradual_global_mag1.0,lr,global_std,BalAcc,0.026842105263157882,0.24142166368380483,0.0036642131860572303,0.2517550402966284,20
meps,gradual_global_mag1.0,lr,subgroup_violation_diff,DI_star,0.09240601503759398,0.1809938424024956,0.09553192398347936,0.20991727030953553,20
meps,gradual_global_mag1.0,lr,subgroup_violation_diff,AOD_star,0.03984962406015037,0.1874136128654938,0.055521324865215084,0.19891586353275353,20
meps,gradual_global_mag1.0,lr,subgroup_violation_diff,BalAcc,0.030150375939849615,0.23757945848806683,0.016932049475756154,0.20755805937634303,20
meps,gradual_global_mag1.0,lr,max_subgroup_deviation,DI_star,0.07082706766917293,0.16095347368362325,0.09859106832831929,0.1978629702797334,20
meps,gradual_global_mag1.0,lr,max_subgroup_deviation,AOD_star,0.0481954887218045,0.17349986962536987,0.057137008390614495,0.198802202727176,20
meps,gradual_global_mag1.0,lr,max_subgroup_deviation,BalAcc,0.0663157894736842,0.24786539651817702,0.030957977623955163,0.2275474706751677,20
meps,gradual_global_mag1.0,lr,assignment_proportion_drift,DI_star,0.03551316069561319,0.18733378062369938,0.07603786029301891,0.21042322471134003,20
meps,gradual_global_mag1.0,lr,assignment_proportion_drift,AOD_star,-0.004146666634862392,0.2225180030060683,0.0361473628680176,0.20392544248295627,20
meps,gradual_global_mag1.0,lr,assignment_proportion_drift,BalAcc,0.022103890261788488,0.22225307620638746,0.010900356006867631,0.21860031244756503,20
meps,gradual_global_mag1.0,lr,ks_statistic,DI_star,0.06090225563909772,0.19564741967933214,0.09063938543763139,0.21174754659403675,20
meps,gradual_global_mag1.0,lr,ks_statistic,AOD_star,0.0588721804511278,0.19912424862769165,0.061308329566915384,0.225545422773892,20
meps,gradual_global_mag1.0,lr,ks_statistic,BalAcc,-0.016842105263157887,0.21834182560111817,0.016646997669538716,0.22366720480069685,20
meps,gradual_global_mag1.0,lr,kl_divergence,DI_star,0.02804511278195489,0.22929903729566864,0.06606351103435497,0.22401627398973595,20
meps,gradual_global_mag1.0,lr,kl_divergence,AOD_star,0.015939849624060153,0.24256594660684758,0.053498455094966445,0.23588845741830733,20
meps,gradual_global_mag1.0,lr,kl_divergence,BalAcc,0.030225563909774433,0.2607043083453873,0.03488593929779797,0.24971459125356993,20
meps,gradual_global_mag1.0,lr,per_subgroup_ewma[min_neg],DI_star,nan,nan,nan,nan,0
meps,gradual_global_mag1.0,lr,per_subgroup_ewma[min_neg],AOD_star,nan,nan,nan,nan,0
meps,gradual_global_mag1.0,lr,per_subgroup_ewma[min_neg],BalAcc,nan,nan,nan,nan,0
meps,gradual_global_mag1.0,lr,per_subgroup_baseline_relative[min_neg],DI_star,nan,nan,nan,nan,0
meps,gradual_global_mag1.0,lr,per_subgroup_baseline_relative[min_neg],AOD_star,nan,nan,nan,nan,0
meps,gradual_global_mag1.0,lr,per_subgroup_baseline_relative[min_neg],BalAcc,nan,nan,nan,nan,0
meps,gradual_global_mag1.0,lr,per_subgroup_ewma[min_pos],DI_star,0.06796992481203008,0.20287748550581586,0.06365811239780292,0.18860103707346845,20
meps,gradual_global_mag1.0,lr,per_subgroup_ewma[min_pos],AOD_star,0.06293233082706766,0.20868056351896552,0.047249959572982336,0.21446039175839354,20
meps,gradual_global_mag1.0,lr,per_subgroup_ewma[min_pos],BalAcc,-0.010075187969924793,0.2126626834349954,0.01718989003098113,0.23423421166715777,20
meps,gradual_global_mag1.0,lr,per_subgroup_baseline_relative[min_pos],DI_star,0.08473684210526315,0.19623125319824616,0.09914345526044335,0.22134234010735268,20
meps,gradual_global_mag1.0,lr,per_subgroup_baseline_relative[min_pos],AOD_star,0.04413533834586466,0.16423591406379476,0.059093382683367335,0.21141256208206216,20
meps,gradual_global_mag1.0,lr,per_subgroup_baseline_relative[min_pos],BalAcc,0.06714285714285714,0.2505464771784368,0.02315868475907295,0.22788993525402756,20
meps,gradual_global_mag1.0,lr,per_subgroup_ewma[maj_neg],DI_star,0.02031371285935527,0.22029834957135183,0.02550217228973013,0.2372183468845144,19
meps,gradual_global_mag1.0,lr,per_subgroup_ewma[maj_neg],AOD_star,0.019764581003028026,0.2044573277431186,0.004939051712971647,0.24267257208537324,19
meps,gradual_global_mag1.0,lr,per_subgroup_ewma[maj_neg],BalAcc,0.06304262625993823,0.21127983310569756,0.052118271243957126,0.2078182010555167,19
meps,gradual_global_mag1.0,lr,per_subgroup_baseline_relative[maj_neg],DI_star,-0.01697923343970764,0.21289214246537036,0.03110657420905129,0.23922370359629228,19
meps,gradual_global_mag1.0,lr,per_subgroup_baseline_relative[maj_neg],AOD_star,-0.03651554572508562,0.26317002140724305,0.012139536294069646,0.26625537487976386,19
meps,gradual_global_mag1.0,lr,per_subgroup_baseline_relative[maj_neg],BalAcc,0.005505784053320507,0.24334357993735298,0.035317363944878444,0.2379713115137227,19
meps,gradual_global_mag1.0,lr,per_subgroup_ewma[maj_pos],DI_star,0.025864661654135333,0.1703631315321733,0.05073854476248883,0.19073972371620435,20
meps,gradual_global_mag1.0,lr,per_subgroup_ewma[maj_pos],AOD_star,0.03706766917293235,0.2054771943097907,0.05291615521733972,0.23265512937665447,20
meps,gradual_global_mag1.0,lr,per_subgroup_ewma[maj_pos],BalAcc,-0.010000000000000005,0.20921572455694668,0.011899892784805969,0.20043322541132955,20
meps,gradual_global_mag1.0,lr,per_subgroup_baseline_relative[maj_pos],DI_star,0.03834586466165413,0.17196624558519677,0.03663018247713064,0.1834022576132377,20
meps,gradual_global_mag1.0,lr,per_subgroup_baseline_relative[maj_pos],AOD_star,0.03706766917293234,0.20341494898876364,0.023687087692459644,0.2311737141981791,20
meps,gradual_global_mag1.0,lr,per_subgroup_baseline_relative[maj_pos],BalAcc,-0.006917293233082695,0.21495944739145345,0.007666400898729162,0.23780267799958135,20
meps,gradual_global_mag1.0,xgb,global_mean,DI_star,0.16789473684210524,0.3237595294552885,0.24705405677233067,0.34355422599738233,20
meps,gradual_global_mag1.0,xgb,global_mean,AOD_star,-0.3480451127819549,0.24836145719650216,-0.3186829221480573,0.25878529382184146,20
meps,gradual_global_mag1.0,xgb,global_mean,BalAcc,-0.4810622192120886,0.19191313216055406,-0.5107470039407765,0.16043722323576246,20
meps,gradual_global_mag1.0,xgb,global_ewma,DI_star,0.153984962406015,0.33514354232529897,0.25717657298115626,0.3927284355212683,20
meps,gradual_global_mag1.0,xgb,global_ewma,AOD_star,-0.3584962406015037,0.24952819972958176,-0.3674268315089172,0.2519349194522174,20
meps,gradual_global_mag1.0,xgb,global_ewma,BalAcc,-0.4939574509910079,0.17264581390126732,-0.5588954332971483,0.16981398552208815,20
meps,gradual_global_mag1.0,xgb,global_std,DI_star,-0.16834586466165413,0.3106431628545847,-0.22520002823721724,0.335237382932247,20
meps,gradual_global_mag1.0,xgb,global_std,AOD_star,0.22308270676691727,0.2863551479076708,0.2653476804154061,0.2610772116773511,20
meps,gradual_global_mag1.0,xgb,global_std,BalAcc,0.46861856776637667,0.12275643185367195,0.5029365527535251,0.12805758051270194,20
meps,gradual_global_mag1.0,xgb,subgroup_violation_diff,DI_star,-0.14969924812030075,0.24513329634159323,-0.09440204367172424,0.2064996675879822,20
meps,gradual_global_mag1.0,xgb,subgroup_violation_diff,AOD_star,0.0349624060150376,0.2538196531081029,-0.06679265296541986,0.23177672624293172,20
meps,gradual_global_mag1.0,xgb,subgroup_violation_diff,BalAcc,0.22605866980807904,0.20978960534781418,0.057122537259091534,0.2158738262638972,20
meps,gradual_global_mag1.0,xgb,max_subgroup_deviation,DI_star,0.09947368421052631,0.22910813274871963,0.09756099981634948,0.19522955023635247,20
meps,gradual_global_mag1.0,xgb,max_subgroup_deviation,AOD_star,-0.1799248120300752,0.2674021964170296,-0.21157528443614768,0.21633397673256569,20
meps,gradual_global_mag1.0,xgb,max_subgroup_deviation,BalAcc,-0.19360840035011045,0.24765101327189837,-0.2516920202420136,0.17605700532947827,20
meps,gradual_global_mag1.0,xgb,assignment_proportion_drift,DI_star,-0.1416311457138494,0.23668579671831477,-0.03482126990015867,0.18074781592773156,20
meps,gradual_global_mag1.0,xgb,assignment_proportion_drift,AOD_star,0.03634658913553278,0.25028863973219,-0.10970435357974384,0.23074504760246603,20
meps,gradual_global_mag1.0,xgb,assignment_proportion_drift,BalAcc,0.1884744823487871,0.21287882547402157,-0.049587192552509464,0.18471872811431414,20
meps,gradual_global_mag1.0,xgb,ks_statistic,DI_star,0.15654135338345865,0.3421741317114134,0.2203440279963454,0.338312220131826,20
meps,gradual_global_mag1.0,xgb,ks_statistic,AOD_star,-0.36421052631578943,0.24150001401603252,-0.3200205068199148,0.24120136056123243,20
meps,gradual_global_mag1.0,xgb,ks_statistic,BalAcc,-0.4958359906728781,0.18310219733805413,-0.47381360380225523,0.17420122185638232,20
meps,gradual_global_mag1.0,xgb,kl_divergence,DI_star,-0.016917293233082706,0.219532842653065,0.0695583980918615,0.22776613971304271,20
meps,gradual_global_mag1.0,xgb,kl_divergence,AOD_star,-0.20187969924812027,0.21081069675694608,-0.22179536850931503,0.21390981933360356,20
meps,gradual_global_mag1.0,xgb,kl_divergence,BalAcc,-0.1447404622145318,0.1737967313042333,-0.25444557826793096,0.1577112694178952,20
meps,gradual_global_mag1.0,xgb,per_subgroup_ewma[min_neg],DI_star,nan,nan,nan,nan,0
meps,gradual_global_mag1.0,xgb,per_subgroup_ewma[min_neg],AOD_star,nan,nan,nan,nan,0
meps,gradual_global_mag1.0,xgb,per_subgroup_ewma[min_neg],BalAcc,nan,nan,nan,nan,0
meps,gradual_global_mag1.0,xgb,per_subgroup_baseline_relative[min_neg],DI_star,nan,nan,nan,nan,0
meps,gradual_global_mag1.0,xgb,per_subgroup_baseline_relative[min_neg],AOD_star,nan,nan,nan,nan,0
meps,gradual_global_mag1.0,xgb,per_subgroup_baseline_relative[min_neg],BalAcc,nan,nan,nan,nan,0
meps,gradual_global_mag1.0,xgb,per_subgroup_ewma[min_pos],DI_star,0.14022556390977442,0.3354195508407519,0.13651730399773523,0.3289274161941216,20
meps,gradual_global_mag1.0,xgb,per_subgroup_ewma[min_pos],AOD_star,-0.36511278195488717,0.24227547372165628,-0.36055278476276476,0.22633635886572387,20
meps,gradual_global_mag1.0,xgb,per_subgroup_ewma[min_pos],BalAcc,-0.49034794763885464,0.17786288614454093,-0.42865149003259617,0.17112446951046428,20
meps,gradual_global_mag1.0,xgb,per_subgroup_baseline_relative[min_pos],DI_star,0.039473684210526314,0.31052972926813616,0.07181528614461355,0.2289198366007658,20
meps,gradual_global_mag1.0,xgb,per_subgroup_baseline_relative[min_pos],AOD_star,-0.2012781954887218,0.3168572263557079,-0.21406214588015002,0.22499259140788114,20
meps,gradual_global_mag1.0,xgb,per_subgroup_baseline_relative[min_pos],BalAcc,-0.16405565352145768,0.2683782684329064,-0.23927120374915806,0.18183150473039428,20
meps,gradual_global_mag1.0,xgb,per_subgroup_ewma[maj_neg],DI_star,-0.06951731659559196,0.3591895043572673,0.002027513653026718,0.37270334716908843,19
meps,gradual_global_mag1.0,xgb,per_subgroup_ewma[maj_neg],AOD_star,-0.1230137667500304,0.2948441299187472,-0.17205958315224743,0.2469126728196561,19
meps,gradual_global_mag1.0,xgb,per_subgroup_ewma[maj_neg],BalAcc,-0.07963989467976801,0.36285782483242074,-0.15159034799634455,0.3581735803464541,19
meps,gradual_global_mag1.0,xgb,per_subgroup_baseline_relative[maj_neg],DI_star,-0.016106584100077603,0.25915855760373213,0.020692387578402475,0.23954899848305505,19
meps,gradual_global_mag1.0,xgb,per_subgroup_baseline_relative[maj_neg],AOD_star,-0.0024851854761203662,0.21605610827991883,-0.05331660655308923,0.21413414833986608,19
meps,gradual_global_mag1.0,xgb,per_subgroup_baseline_relative[maj_neg],BalAcc,0.0604872274306954,0.17452180310767457,-0.0041133230786823795,0.1882970988769798,19
meps,gradual_global_mag1.0,xgb,per_subgroup_ewma[maj_pos],DI_star,0.13661654135338347,0.35033213931264984,0.33547150029091954,0.4267733049277605,20
meps,gradual_global_mag1.0,xgb,per_subgroup_ewma[maj_pos],AOD_star,-0.3637593984962405,0.23758061254839957,-0.33273992086577325,0.28633202577622374,20
meps,gradual_global_mag1.0,xgb,per_subgroup_ewma[maj_pos],BalAcc,-0.5045590395967174,0.15987983749900092,-0.6178290657758014,0.17303726973026373,20
meps,gradual_global_mag1.0,xgb,per_subgroup_baseline_relative[maj_pos],DI_star,0.1415037593984962,0.3303605391326934,0.30835064321657246,0.38571114159577846,20
meps,gradual_global_mag1.0,xgb,per_subgroup_baseline_relative[maj_pos],AOD_star,-0.3575187969924812,0.24850317918264447,-0.3081843791304458,0.29504142584583054,20
meps,gradual_global_mag1.0,xgb,per_subgroup_baseline_relative[maj_pos],BalAcc,-0.48982216920935046,0.17503836725169297,-0.5816113733167845,0.15613741110271986,20
meps,gradual_global_mag2.0,lr,global_mean,DI_star,0.07774436090225562,0.23186833788224118,0.09357760931915864,0.24002600660953965,20
meps,gradual_global_mag2.0,lr,global_mean,AOD_star,0.05157894736842106,0.21436621624657343,0.04220363732686821,0.23516890458544454,20
meps,gradual_global_mag2.0,lr,global_mean,BalAcc,-0.0074826029716500405,0.25921272543689117,0.004986741719377541,0.24606789837234916,20
meps,gradual_global_mag2.0,lr,global_ewma,DI_star,0.06842105263157895,0.2277143110367862,0.07977019916557307,0.23301830591254555,20
meps,gradual_global_mag2.0,lr,global_ewma,AOD_star,0.04999999999999999,0.21351417626338182,0.04280571750039365,0.23038097578525174,20
meps,gradual_global_mag2.0,lr,global_ewma,BalAcc,-0.0056029037235297355,0.2602671393505738,0.004148679062363376,0.23761000936930218,20
meps,gradual_global_mag2.0,lr,global_std,DI_star,-0.06263157894736843,0.24510552828420132,-0.06470061367895415,0.24876837645131916,20
meps,gradual_global_mag2.0,lr,global_std,AOD_star,-0.03360902255639097,0.17561648518048945,-0.02823549364068706,0.2002272804361734,20
meps,gradual_global_mag2.0,lr,global_std,BalAcc,0.015075994009879176,0.2554547397434068,0.016363106228904818,0.2584881202157116,20
meps,gradual_global_mag2.0,lr,subgroup_violation_diff,DI_star,0.07406015037593984,0.1812013695991864,0.06306140789119452,0.2112463221476322,20
meps,gradual_global_mag2.0,lr,subgroup_violation_diff,AOD_star,0.03007518796992482,0.2501217974549614,0.01727191835281037,0.247037504266383,20
meps,gradual_global_mag2.0,lr,subgroup_violation_diff,BalAcc,0.037561948410813076,0.2033062682980423,0.034224889697152205,0.1853796225038864,20
meps,gradual_global_mag2.0,lr,max_subgroup_deviation,DI_star,0.08218045112781955,0.20500342982781244,0.12333408051928421,0.2349708107178589,20
meps,gradual_global_mag2.0,lr,max_subgroup_deviation,AOD_star,0.05789473684210528,0.19620430050558862,0.07203894330380285,0.23756607657021545,20
meps,gradual_global_mag2.0,lr,max_subgroup_deviation,BalAcc,-0.015789106016862925,0.2538182008955169,0.01560379818429147,0.24402078414920234,20
meps,gradual_global_mag2.0,lr,assignment_proportion_drift,DI_star,0.08194654513574787,0.21272391293851567,0.11101842313525305,0.20936888289927716,20
meps,gradual_global_mag2.0,lr,assignment_proportion_drift,AOD_star,0.09673675171532424,0.20979453896518754,0.07324387701856525,0.23195806040838132,20
meps,gradual_global_mag2.0,lr,assignment_proportion_drift,BalAcc,0.000819508624768038,0.26080024854647316,0.010617989722784995,0.23636425279432322,20
meps,gradual_global_mag2.0,lr,ks_statistic,DI_star,0.06270676691729322,0.23853582240827872,0.09565756078804181,0.23187136513447557,20
meps,gradual_global_mag2.0,lr,ks_statistic,AOD_star,0.04135338345864661,0.2027397286959901,0.04497696725836388,0.22661827871866713,20
meps,gradual_global_mag2.0,lr,ks_statistic,BalAcc,-0.01755895050782495,0.2549261409905403,0.012307354847914717,0.2563531265285878,20
meps,gradual_global_mag2.0,lr,kl_divergence,DI_star,0.0693984962406015,0.28905028111412456,0.09811142090380336,0.2781413417413003,20
meps,gradual_global_mag2.0,lr,kl_divergence,AOD_star,0.02360902255639096,0.2232128603041152,0.03642804388055703,0.23506871952537806,20
meps,gradual_global_mag2.0,lr,kl_divergence,BalAcc,0.007329285693019635,0.2515204198507169,0.008031963791806975,0.23941046549456962,20
meps,gradual_global_mag2.0,lr,per_subgroup_ewma[min_neg],DI_star,nan,nan,nan,nan,0
meps,gradual_global_mag2.0,lr,per_subgroup_ewma[min_neg],AOD_star,nan,nan,nan,nan,0
meps,gradual_global_mag2.0,lr,per_subgroup_ewma[min_neg],BalAcc,nan,nan,nan,nan,0
meps,gradual_global_mag2.0,lr,per_subgroup_baseline_relative[min_neg],DI_star,nan,nan,nan,nan,0
meps,gradual_global_mag2.0,lr,per_subgroup_baseline_relative[min_neg],AOD_star,nan,nan,nan,nan,0
meps,gradual_global_mag2.0,lr,per_subgroup_baseline_relative[min_neg],BalAcc,nan,nan,nan,nan,0
meps,gradual_global_mag2.0,lr,per_subgroup_ewma[min_pos],DI_star,0.06849624060150375,0.22956672647404314,0.07516169315902875,0.2296197032652378,20
meps,gradual_global_mag2.0,lr,per_subgroup_ewma[min_pos],AOD_star,0.05127819548872179,0.2143734947499016,0.028405048643109686,0.22686229045985065,20
meps,gradual_global_mag2.0,lr,per_subgroup_ewma[min_pos],BalAcc,-0.008949376450412584,0.25674031395577834,0.006378211690856522,0.2565916617414459,20
meps,gradual_global_mag2.0,lr,per_subgroup_baseline_relative[min_pos],DI_star,0.07030075187969922,0.1986988456777565,0.11661984876312173,0.2322421604857446,20
meps,gradual_global_mag2.0,lr,per_subgroup_baseline_relative[min_pos],AOD_star,0.037518796992481195,0.2093616954473908,0.05155726932071514,0.23862557666587544,20
meps,gradual_global_mag2.0,lr,per_subgroup_baseline_relative[min_pos],BalAcc,-0.014851221999007246,0.27134273104398304,0.01674943032564754,0.25286650929178495,20
meps,gradual_global_mag2.0,lr,per_subgroup_ewma[maj_neg],DI_star,0.058788002992543116,0.16876584617054216,0.04566349665203682,0.1927774783422798,19
meps,gradual_global_mag2.0,lr,per_subgroup_ewma[maj_neg],AOD_star,0.11157384925806539,0.18867213803200847,0.10724304290923037,0.21846424038171422,19
meps,gradual_global_mag2.0,lr,per_subgroup_ewma[maj_neg],BalAcc,0.04223680908418284,0.23067202572224707,0.05345664116411438,0.23996583426823853,19
meps,gradual_global_mag2.0,lr,per_subgroup_baseline_relative[maj_neg],DI_star,0.03526956419487977,0.20961276479020743,0.09572209001756346,0.15332721520733683,19
meps,gradual_global_mag2.0,lr,per_subgroup_baseline_relative[maj_neg],AOD_star,0.030627240502763525,0.23626981457138332,0.10426035201241748,0.18760539383593344,19
meps,gradual_global_mag2.0,lr,per_subgroup_baseline_relative[maj_neg],BalAcc,0.029112363878639632,0.2076868356055551,0.0557036033294557,0.21162651069541236,19
meps,gradual_global_mag2.0,lr,per_subgroup_ewma[maj_pos],DI_star,0.05285714285714286,0.2286413006579421,0.08350510393966068,0.23603209748356607,20
meps,gradual_global_mag2.0,lr,per_subgroup_ewma[maj_pos],AOD_star,0.03917293233082707,0.20877438342316754,0.050951819429209996,0.2343843461807677,20
meps,gradual_global_mag2.0,lr,per_subgroup_ewma[maj_pos],BalAcc,-0.015867065632946566,0.26026068149959614,0.005380230583838725,0.22115170772156933,20
meps,gradual_global_mag2.0,lr,per_subgroup_baseline_relative[maj_pos],DI_star,0.05736842105263158,0.22665813539284038,0.0795835289082581,0.24386538033261293,20
meps,gradual_global_mag2.0,lr,per_subgroup_baseline_relative[maj_pos],AOD_star,0.03721804511278194,0.2089694718116627,0.03902422258099133,0.2356680852679167,20
meps,gradual_global_mag2.0,lr,per_subgroup_baseline_relative[maj_pos],BalAcc,-0.028537836504134266,0.2681296797075341,0.0010321178514492804,0.23063305308642557,20
meps,gradual_global_mag2.0,xgb,global_mean,DI_star,0.7381561990660513,0.1803869279629328,0.762296585768789,0.12163556462828119,20
meps,gradual_global_mag2.0,xgb,global_mean,AOD_star,0.39015372128949977,0.20075266709243356,0.37305395115627193,0.19135432512854847,20
meps,gradual_global_mag2.0,xgb,global_mean,BalAcc,-0.8325719656456363,0.0823136319540586,-0.8273513931382972,0.07833231428988424,20
meps,gradual_global_mag2.0,xgb,global_ewma,DI_star,0.7363071292969068,0.17995505881844365,0.8322857187856215,0.10924527737079509,20
meps,gradual_global_mag2.0,xgb,global_ewma,AOD_star,0.3898895684653363,0.19977379552381347,0.46221297356281943,0.18264686027281482,20
meps,gradual_global_mag2.0,xgb,global_ewma,BalAcc,-0.8356285911823853,0.08249553796697828,-0.8807673733731516,0.059363373299682685,20
meps,gradual_global_mag2.0,xgb,global_std,DI_star,-0.4556636216820496,0.27752957174339293,-0.45741146315215175,0.19639455742267023,20
meps,gradual_global_mag2.0,xgb,global_std,AOD_star,0.006905709545988828,0.31715219296050634,-0.05852826750835658,0.24518014283759665,20
meps,gradual_global_mag2.0,xgb,global_std,BalAcc,0.5783814765648673,0.1491636276772166,0.5788752716695422,0.14219954223401549,20
meps,gradual_global_mag2.0,xgb,subgroup_violation_diff,DI_star,-0.3597384103929588,0.1666838579080977,-0.3839022167988917,0.16284579797501172,20
meps,gradual_global_mag2.0,xgb,subgroup_violation_diff,AOD_star,-0.3577006600351261,0.18132689128058468,-0.33767910724351036,0.17081759928147208,20
meps,gradual_global_mag2.0,xgb,subgroup_violation_diff,BalAcc,0.32773818255143683,0.18969475711572256,0.3429925442014888,0.18761737378651566,20
meps,gradual_global_mag2.0,xgb,max_subgroup_deviation,DI_star,0.7138918753607463,0.14875535491643152,0.7128556978444937,0.09172507248107958,20
meps,gradual_global_mag2.0,xgb,max_subgroup_deviation,AOD_star,0.420002990419976,0.16509204334285651,0.3994930825003349,0.1517268015822875,20
meps,gradual_global_mag2.0,xgb,max_subgroup_deviation,BalAcc,-0.7823451929368322,0.10893140728168017,-0.7523822337399946,0.08590078753156045,20
meps,gradual_global_mag2.0,xgb,assignment_proportion_drift,DI_star,0.24613875056263818,0.34810949009119796,0.32516551648840014,0.25142287645816913,20
meps,gradual_global_mag2.0,xgb,assignment_proportion_drift,AOD_star,0.2706294549379258,0.2868116800577272,0.1751721495012915,0.2185222230757528,20
meps,gradual_global_mag2.0,xgb,assignment_proportion_drift,BalAcc,-0.24925076259480078,0.3048097802005932,-0.35177592522313084,0.2398862105296097,20
meps,gradual_global_mag2.0,xgb,ks_statistic,DI_star,0.7342316428213363,0.18060543401466475,0.6734941327859281,0.12523211130415482,20
meps,gradual_global_mag2.0,xgb,ks_statistic,AOD_star,0.38653105398668586,0.19728134499762975,0.27533374501086916,0.19000380100695827,20
meps,gradual_global_mag2.0,xgb,ks_statistic,BalAcc,-0.838307855541758,0.08015239351335271,-0.7568937600234565,0.08723351158529329,20
meps,gradual_global_mag2.0,xgb,kl_divergence,DI_star,0.40955008580664864,0.1719586938153287,0.4356488922835647,0.11832570714549348,20
meps,gradual_global_mag2.0,xgb,kl_divergence,AOD_star,0.12207634088127786,0.21829708099977763,0.10937056465660717,0.17577198934139468,20
meps,gradual_global_mag2.0,xgb,kl_divergence,BalAcc,-0.5096262700468802,0.1398416973952025,-0.5237282080239619,0.11424364751513459,20
meps,gradual_global_mag2.0,xgb,per_subgroup_ewma[min_neg],DI_star,nan,nan,nan,nan,0
meps,gradual_global_mag2.0,xgb,per_subgroup_ewma[min_neg],AOD_star,nan,nan,nan,nan,0
meps,gradual_global_mag2.0,xgb,per_subgroup_ewma[min_neg],BalAcc,nan,nan,nan,nan,0
meps,gradual_global_mag2.0,xgb,per_subgroup_baseline_relative[min_neg],DI_star,nan,nan,nan,nan,0
meps,gradual_global_mag2.0,xgb,per_subgroup_baseline_relative[min_neg],AOD_star,nan,nan,nan,nan,0
meps,gradual_global_mag2.0,xgb,per_subgroup_baseline_relative[min_neg],BalAcc,nan,nan,nan,nan,0
meps,gradual_global_mag2.0,xgb,per_subgroup_ewma[min_pos],DI_star,0.7336656010552717,0.1798777305544491,0.6953148593188303,0.12406122947953173,20
meps,gradual_global_mag2.0,xgb,per_subgroup_ewma[min_pos],AOD_star,0.3877008736365529,0.19754258966684946,0.28705709968760146,0.18703129562541915,20
meps,gradual_global_mag2.0,xgb,per_subgroup_ewma[min_pos],BalAcc,-0.8355531189469103,0.08065644747902181,-0.7849379222252304,0.08963320180789307,20
meps,gradual_global_mag2.0,xgb,per_subgroup_baseline_relative[min_pos],DI_star,0.6537405036869421,0.15479364695422396,0.5005342323465205,0.10427657460659476,20
meps,gradual_global_mag2.0,xgb,per_subgroup_baseline_relative[min_pos],AOD_star,0.4061915713279983,0.1721777271964587,0.195274766089607,0.16342500585751862,20
meps,gradual_global_mag2.0,xgb,per_subgroup_baseline_relative[min_pos],BalAcc,-0.7199296541987694,0.1353343454321295,-0.5691233037712871,0.10698353596327462,20
meps,gradual_global_mag2.0,xgb,per_subgroup_ewma[maj_neg],DI_star,0.32927995915376385,0.4582705485708629,0.37233650192062023,0.40573582214078563,19
meps,gradual_global_mag2.0,xgb,per_subgroup_ewma[maj_neg],AOD_star,0.12701501603304807,0.3356780367729435,0.16109312784163335,0.3471771737776856,19
meps,gradual_global_mag2.0,xgb,per_subgroup_ewma[maj_neg],BalAcc,-0.39516014952723183,0.43813558766157135,-0.4110335340902905,0.38087807712246674,19
meps,gradual_global_mag2.0,xgb,per_subgroup_baseline_relative[maj_neg],DI_star,0.023433978865330263,0.2687775305481809,0.16870811930621707,0.25774921716861093,19
meps,gradual_global_mag2.0,xgb,per_subgroup_baseline_relative[maj_neg],AOD_star,0.06315077635442477,0.2707648073164818,0.11503046499160226,0.23971541828803322,19
meps,gradual_global_mag2.0,xgb,per_subgroup_baseline_relative[maj_neg],BalAcc,0.01625209531595782,0.22193578838130704,-0.1496813068003297,0.24391460347479146,19
meps,gradual_global_mag2.0,xgb,per_subgroup_ewma[maj_pos],DI_star,0.7312504895200624,0.18055096242938265,0.8803496215773372,0.08648581883658965,20
meps,gradual_global_mag2.0,xgb,per_subgroup_ewma[maj_pos],AOD_star,0.38694615128180004,0.19689158545472524,0.5648213770141377,0.16615333067357993,20
meps,gradual_global_mag2.0,xgb,per_subgroup_ewma[maj_pos],BalAcc,-0.8394776751916251,0.0791549049314665,-0.8972885545313897,0.0406806058842368,20
meps,gradual_global_mag2.0,xgb,per_subgroup_baseline_relative[maj_pos],DI_star,0.7307976561072109,0.17885313164060956,0.8444846491490223,0.1120331717588156,20
meps,gradual_global_mag2.0,xgb,per_subgroup_baseline_relative[maj_pos],AOD_star,0.38445556751111554,0.19736074717366858,0.48502781134173095,0.18881759370376933,20
meps,gradual_global_mag2.0,xgb,per_subgroup_baseline_relative[maj_pos],BalAcc,-0.8447607316748951,0.07462868514902447,-0.8849615551011614,0.05950794977725394,20
meps,abrupt_group_mag0.5,lr,global_mean,DI_star,0.07315789473684212,0.27168661842838115,0.09755869088684115,0.2560094563318001,20
meps,abrupt_group_mag0.5,lr,global_mean,AOD_star,-0.0051127819548872225,0.29606131745224623,0.03268116020989616,0.2667814764200044,20
meps,abrupt_group_mag0.5,lr,global_mean,BalAcc,0.070559823010457,0.2690853282319596,0.010278259390142354,0.2504984795100347,20
meps,abrupt_group_mag0.5,lr,global_ewma,DI_star,0.06443609022556392,0.1901201972739842,0.06669251912131798,0.20347380127932607,20
meps,abrupt_group_mag0.5,lr,global_ewma,AOD_star,0.06518796992481203,0.22829537891247106,0.06431722614686772,0.21799123379841137,20
meps,abrupt_group_mag0.5,lr,global_ewma,BalAcc,0.026240233836411803,0.2215597599103101,0.042392730920844696,0.23640890390622704,20
meps,abrupt_group_mag0.5,lr,global_std,DI_star,0.12721804511278195,0.2502914350834145,0.0886098207166647,0.24357833762778772,20
meps,abrupt_group_mag0.5,lr,global_std,AOD_star,0.07218045112781954,0.2593638420787933,0.026320182535812347,0.2607973086595145,20
meps,abrupt_group_mag0.5,lr,global_std,BalAcc,0.03443798512650922,0.17942062378453846,0.029091116245417725,0.1793844108277221,20
meps,abrupt_group_mag0.5,lr,subgroup_violation_diff,DI_star,0.03383458646616541,0.14688311990489844,0.07371570616980755,0.20137540151403374,20
meps,abrupt_group_mag0.5,lr,subgroup_violation_diff,AOD_star,0.005864661654135343,0.22127291974938038,0.0291461928467405,0.2184447827785901,20
meps,abrupt_group_mag0.5,lr,subgroup_violation_diff,BalAcc,0.05688240018901995,0.2843017680624042,0.03890700822961716,0.25700397545579845,20
meps,abrupt_group_mag0.5,lr,max_subgroup_deviation,DI_star,0.061654135338345864,0.2406094923485821,0.07754449227196493,0.23395619689836614,20
meps,abrupt_group_mag0.5,lr,max_subgroup_deviation,AOD_star,-0.0008270676691729317,0.26778930944269397,0.002432887265852478,0.24949340733022005,20
meps,abrupt_group_mag0.5,lr,max_subgroup_deviation,BalAcc,0.0664284158770013,0.25588949325767774,0.0397064656590637,0.2582405462615913,20
meps,abrupt_group_mag0.5,lr,assignment_proportion_drift,DI_star,-0.06269603729174551,0.2571250656680829,0.050345475087584635,0.25174235273523043,20
meps,abrupt_group_mag0.5,lr,assignment_proportion_drift,AOD_star,-0.04677887939429507,0.2825577878241442,0.02033356555671234,0.26124372380150146,20
meps,abrupt_group_mag0.5,lr,assignment_proportion_drift,BalAcc,0.02713515972549635,0.23766401932712986,-0.0004955914049787888,0.23803819831335304,20
meps,abrupt_group_mag0.5,lr,ks_statistic,DI_star,-0.027518796992481193,0.2239531964541843,0.0694308795622932,0.24927817489859028,20
meps,abrupt_group_mag0.5,lr,ks_statistic,AOD_star,-0.06556390977443607,0.29261179603786935,0.025780374747452282,0.25481333895784697,20
meps,abrupt_group_mag0.5,lr,ks_statistic,BalAcc,0.004241459865339623,0.22893393997897166,-0.006286299939244028,0.24492798160124368,20
meps,abrupt_group_mag0.5,lr,kl_divergence,DI_star,0.013759398496240602,0.22876588236281067,0.04022968020700698,0.25188087653877583,20
meps,abrupt_group_mag0.5,lr,kl_divergence,AOD_star,-0.03150375939849623,0.25969253248954366,0.011202775203111377,0.25477223010361266,20
meps,abrupt_group_mag0.5,lr,kl_divergence,BalAcc,0.015072062797470209,0.21860267275535755,0.020107069161938818,0.23066916439549345,20
meps,abrupt_group_mag0.5,lr,per_subgroup_ewma[min_neg],DI_star,nan,nan,nan,nan,0
meps,abrupt_group_mag0.5,lr,per_subgroup_ewma[min_neg],AOD_star,nan,nan,nan,nan,0
meps,abrupt_group_mag0.5,lr,per_subgroup_ewma[min_neg],BalAcc,nan,nan,nan,nan,0
meps,abrupt_group_mag0.5,lr,per_subgroup_baseline_relative[min_neg],DI_star,nan,nan,nan,nan,0
meps,abrupt_group_mag0.5,lr,per_subgroup_baseline_relative[min_neg],AOD_star,nan,nan,nan,nan,0
meps,abrupt_group_mag0.5,lr,per_subgroup_baseline_relative[min_neg],BalAcc,nan,nan,nan,nan,0
meps,abrupt_group_mag0.5,lr,per_subgroup_ewma[min_pos],DI_star,0.07736842105263157,0.19177824821742337,0.06255923079383668,0.20358421924297354,20
meps,abrupt_group_mag0.5,lr,per_subgroup_ewma[min_pos],AOD_star,0.07556390977443608,0.22890254755909442,0.06392003511527479,0.21582262121962037,20
meps,abrupt_group_mag0.5,lr,per_subgroup_ewma[min_pos],BalAcc,0.02451023175765324,0.21561929938230132,0.05026106374515619,0.2298190587211633,20
meps,abrupt_group_mag0.5,lr,per_subgroup_baseline_relative[min_pos],DI_star,0.04533834586466166,0.18478338117694368,0.08085950366525163,0.23709024485917568,20
meps,abrupt_group_mag0.5,lr,per_subgroup_baseline_relative[min_pos],AOD_star,0.008646616541353382,0.2288269619306615,0.02454661303232289,0.24853930020452844,20
meps,abrupt_group_mag0.5,lr,per_subgroup_baseline_relative[min_pos],BalAcc,0.08161777162489271,0.27756937979811963,0.03991352092334676,0.2511019669203146,20
meps,abrupt_group_mag0.5,lr,per_subgroup_ewma[maj_neg],DI_star,-0.039228563901582525,0.14463562605634725,-0.014597333208501212,0.1885002832110976,20
meps,abrupt_group_mag0.5,lr,per_subgroup_ewma[maj_neg],AOD_star,-0.0563200614597002,0.21673219309778746,-0.04853247228077971,0.24708505424253932,20
meps,abrupt_group_mag0.5,lr,per_subgroup_ewma[maj_neg],BalAcc,-0.02898876934344139,0.17090730744030339,-0.02283415567003048,0.150865480709606,20
meps,abrupt_group_mag0.5,lr,per_subgroup_baseline_relative[maj_neg],DI_star,-0.039303390986592635,0.21346628181595215,-0.041475142155789076,0.2119502833185827,20
meps,abrupt_group_mag0.5,lr,per_subgroup_baseline_relative[maj_neg],AOD_star,-0.061790356238616284,0.2591911971310259,-0.0628470498555257,0.271915097557823,20
meps,abrupt_group_mag0.5,lr,per_subgroup_baseline_relative[maj_neg],BalAcc,-0.02450989617586865,0.24315171200840133,-0.0046503372396390335,0.2038932331652597,20
meps,abrupt_group_mag0.5,lr,per_subgroup_ewma[maj_pos],DI_star,0.058721804511278196,0.18518568038660513,0.06607699963693157,0.19530648666384517,20
meps,abrupt_group_mag0.5,lr,per_subgroup_ewma[maj_pos],AOD_star,0.06917293233082707,0.21928143150721974,0.06059351877150574,0.22440751955870714,20
meps,abrupt_group_mag0.5,lr,per_subgroup_ewma[maj_pos],BalAcc,0.033757956108953865,0.217507703935155,0.04236600693876184,0.2399323598152695,20
meps,abrupt_group_mag0.5,lr,per_subgroup_baseline_relative[maj_pos],DI_star,0.08669172932330826,0.2697910636865365,0.08188852938651345,0.2604534989249916,20
meps,abrupt_group_mag0.5,lr,per_subgroup_baseline_relative[maj_pos],AOD_star,0.011428571428571425,0.2882959735685304,0.0019121286993047722,0.27552450731503536,20
meps,abrupt_group_mag0.5,lr,per_subgroup_baseline_relative[maj_pos],BalAcc,0.024351484315119836,0.2721311581496588,-0.005026382844460333,0.256989275463584,20
meps,abrupt_group_mag0.5,xgb,global_mean,DI_star,0.010674711982066997,0.22625454691641,-0.028236129115214236,0.2309779474217077,20
meps,abrupt_group_mag0.5,xgb,global_mean,AOD_star,-0.05330827067669173,0.24567971476184858,-0.02897537027220142,0.2509972855938704,20
meps,abrupt_group_mag0.5,xgb,global_mean,BalAcc,0.08936759097315501,0.24540355562323926,-0.015222785718568629,0.25506992268641604,20
meps,abrupt_group_mag0.5,xgb,global_ewma,DI_star,-0.017443382765727104,0.20045144311519153,-0.06433648919724551,0.2075597585909459,20
meps,abrupt_group_mag0.5,xgb,global_ewma,AOD_star,-0.020827067669172923,0.23121603973295735,-0.017043541109016257,0.20653224348769314,20
meps,abrupt_group_mag0.5,xgb,global_ewma,BalAcc,0.0071802672941457465,0.22990568884794868,-0.02075349019344362,0.2305451431121165,20
meps,abrupt_group_mag0.5,xgb,global_std,DI_star,0.177675338430929,0.1695661035252674,0.15082260407394218,0.18734353346025992,20
meps,abrupt_group_mag0.5,xgb,global_std,AOD_star,0.07887218045112783,0.24187981610847428,0.04041567851007886,0.23915444257458562,20
meps,abrupt_group_mag0.5,xgb,global_std,BalAcc,0.09879987725577646,0.21788841429903222,0.10140989314266853,0.23162189628410448,20
meps,abrupt_group_mag0.5,xgb,subgroup_violation_diff,DI_star,-0.035678883592357054,0.259666391811854,-0.031724225566670275,0.25789605431214796,20
meps,abrupt_group_mag0.5,xgb,subgroup_violation_diff,AOD_star,-0.033909774436090216,0.23835154519926027,-0.02105187124616693,0.2581726250960723,20
meps,abrupt_group_mag0.5,xgb,subgroup_violation_diff,BalAcc,0.10301702158382271,0.22441758579547227,0.030595018744980586,0.23204856386349795,20
meps,abrupt_group_mag0.5,xgb,max_subgroup_deviation,DI_star,-0.01823162617842835,0.21439053047143455,-0.03210391760629212,0.24202081544325926,20
meps,abrupt_group_mag0.5,xgb,max_subgroup_deviation,AOD_star,-0.07045112781954885,0.24091158355402553,-0.06253649835188786,0.24607489213941805,20
meps,abrupt_group_mag0.5,xgb,max_subgroup_deviation,BalAcc,0.08560994596734144,0.250158670076457,0.026369269350094093,0.2697145391180918,20
meps,abrupt_group_mag0.5,xgb,assignment_proportion_drift,DI_star,-0.13543341927278377,0.2009698520152442,-0.07408508633044884,0.2223858350878209,20
meps,abrupt_group_mag0.5,xgb,assignment_proportion_drift,AOD_star,-0.10030614653682299,0.2592595236600101,-0.0410085590538205,0.24920765128256836,20
meps,abrupt_group_mag0.5,xgb,assignment_proportion_drift,BalAcc,-0.029688220280167266,0.2665036617317157,-0.043367975922567,0.26935819535067945,20
meps,abrupt_group_mag0.5,xgb,ks_statistic,DI_star,-0.11274717497156991,0.21252570308911684,-0.058010039753030804,0.22668797247975397,20
meps,abrupt_group_mag0.5,xgb,ks_statistic,AOD_star,-0.11323308270676688,0.27603554915869843,-0.03440965001784611,0.2541572348504621,20
meps,abrupt_group_mag0.5,xgb,ks_statistic,BalAcc,7.425466050398622e-05,0.22774973680131252,-0.03867804806624882,0.2646840602337428,20
meps,abrupt_group_mag0.5,xgb,kl_divergence,DI_star,-0.024702345010651668,0.2121844759579808,-0.0423261261547261,0.2483513356443711,20
meps,abrupt_group_mag0.5,xgb,kl_divergence,AOD_star,-0.04195488721804511,0.2911298778899459,-0.00785870292044646,0.2715615103833968,20
meps,abrupt_group_mag0.5,xgb,kl_divergence,BalAcc,0.015257501474004554,0.24072872784684834,-0.01998086403199299,0.25185574704931485,20
meps,abrupt_group_mag0.5,xgb,per_subgroup_ewma[min_neg],DI_star,nan,nan,nan,nan,0
meps,abrupt_group_mag0.5,xgb,per_subgroup_ewma[min_neg],AOD_star,nan,nan,nan,nan,0
meps,abrupt_group_mag0.5,xgb,per_subgroup_ewma[min_neg],BalAcc,nan,nan,nan,nan,0
meps,abrupt_group_mag0.5,xgb,per_subgroup_baseline_relative[min_neg],DI_star,nan,nan,nan,nan,0
meps,abrupt_group_mag0.5,xgb,per_subgroup_baseline_relative[min_neg],AOD_star,nan,nan,nan,nan,0
meps,abrupt_group_mag0.5,xgb,per_subgroup_baseline_relative[min_neg],BalAcc,nan,nan,nan,nan,0
meps,abrupt_group_mag0.5,xgb,per_subgroup_ewma[min_pos],DI_star,-0.014436090225563908,0.2185513438995273,-0.06479696032218007,0.21195084840060405,20
meps,abrupt_group_mag0.5,xgb,per_subgroup_ewma[min_pos],AOD_star,-0.013458646616541347,0.22706442013310638,-0.01640779952366104,0.20767876851078748,20
meps,abrupt_group_mag0.5,xgb,per_subgroup_ewma[min_pos],BalAcc,0.010751087800345583,0.21281468203913234,-0.013501943587579867,0.223914244900526,20
meps,abrupt_group_mag0.5,xgb,per_subgroup_baseline_relative[min_pos],DI_star,-0.036167251870572584,0.253949069302578,-0.03273215497328028,0.25260808238789395,20
meps,abrupt_group_mag0.5,xgb,per_subgroup_baseline_relative[min_pos],AOD_star,-0.044962406015037606,0.22323707125492168,-0.02944003616988128,0.25675529799638097,20
meps,abrupt_group_mag0.5,xgb,per_subgroup_baseline_relative[min_pos],BalAcc,0.11658778552581524,0.1983060293670346,0.031055493165341463,0.23493591887882853,20
meps,abrupt_group_mag0.5,xgb,per_subgroup_ewma[maj_neg],DI_star,-0.08530882251433754,0.1478589884371655,-0.04886744356215932,0.19183476559707338,20
meps,abrupt_group_mag0.5,xgb,per_subgroup_ewma[maj_neg],AOD_star,-0.11561640010727825,0.17440036620813798,-0.09711734581519818,0.17245379635813404,20
meps,abrupt_group_mag0.5,xgb,per_subgroup_ewma[maj_neg],BalAcc,-0.07899520398868214,0.21139838386464546,-0.05173421805522852,0.2185821409358331,20
meps,abrupt_group_mag0.5,xgb,per_subgroup_baseline_relative[maj_neg],DI_star,-0.01227944307581715,0.16477806785617977,-0.03380514666581408,0.21486705626095487,20
meps,abrupt_group_mag0.5,xgb,per_subgroup_baseline_relative[maj_neg],AOD_star,-0.050284767659540985,0.22656989428478727,-0.06969426281342803,0.2394701465135678,20
meps,abrupt_group_mag0.5,xgb,per_subgroup_baseline_relative[maj_neg],BalAcc,-0.026153400084401507,0.2541419922904058,-0.015821100738060624,0.23840644617204804,20
meps,abrupt_group_mag0.5,xgb,per_subgroup_ewma[maj_pos],DI_star,-0.016804242598210704,0.17023120466557845,-0.0614033726087624,0.189884000650059,20
meps,abrupt_group_mag0.5,xgb,per_subgroup_ewma[maj_pos],AOD_star,-0.012706766917293236,0.2019820801426189,-0.017223632292699735,0.2016877044665467,20
meps,abrupt_group_mag0.5,xgb,per_subgroup_ewma[maj_pos],BalAcc,0.007478982862381365,0.23223045008371343,-0.02494646292823396,0.22554938083146867,20
meps,abrupt_group_mag0.5,xgb,per_subgroup_baseline_relative[maj_pos],DI_star,0.009961939360327193,0.1928455564057031,-0.02704072081991295,0.19843513935365614,20
meps,abrupt_group_mag0.5,xgb,per_subgroup_baseline_relative[maj_pos],AOD_star,-0.06639097744360903,0.26048145953718244,-0.05202277849754409,0.23178333563246495,20
meps,abrupt_group_mag0.5,xgb,per_subgroup_baseline_relative[maj_pos],BalAcc,0.02304430674200054,0.259241059647491,-0.024711924530184098,0.2645741813564186,20
meps,abrupt_group_mag1.0,lr,global_mean,DI_star,0.056315789473684194,0.3040516256065339,0.10683103358480368,0.3245798929035317,20
meps,abrupt_group_mag1.0,lr,global_mean,AOD_star,-0.009097744360902252,0.28675610413669117,0.04390226818187839,0.28483239664378307,20
meps,abrupt_group_mag1.0,lr,global_mean,BalAcc,0.03511278195488719,0.24005872752746643,-0.006064062449771976,0.24977571827368172,20
meps,abrupt_group_mag1.0,lr,global_ewma,DI_star,0.09248120300751879,0.26503882045255606,0.09022574712863257,0.27855560053779876,20
meps,abrupt_group_mag1.0,lr,global_ewma,AOD_star,0.0814285714285714,0.2518333589961066,0.07607593138374022,0.24379972524989835,20
meps,abrupt_group_mag1.0,lr,global_ewma,BalAcc,0.026766917293233085,0.2196732575858204,0.03441610403370711,0.23681757506666057,20
meps,abrupt_group_mag1.0,lr,global_std,DI_star,0.20503759398496238,0.2502109574069699,0.22038529502236304,0.23218055801841903,20
meps,abrupt_group_mag1.0,lr,global_std,AOD_star,0.12451127819548871,0.22733619535322055,0.12434413713454877,0.22521995990108773,20
meps,abrupt_group_mag1.0,lr,global_std,BalAcc,0.03150375939849623,0.24667497703063332,0.0030032286350224675,0.261301615118903,20
meps,abrupt_group_mag1.0,lr,subgroup_violation_diff,DI_star,0.045413533834586454,0.19429281394882067,0.07694869722277688,0.2675387895474021,20
meps,abrupt_group_mag1.0,lr,subgroup_violation_diff,AOD_star,0.017142857142857147,0.22863394475496573,0.04269136240768699,0.23440909234134133,20
meps,abrupt_group_mag1.0,lr,subgroup_violation_diff,BalAcc,0.04526315789473684,0.25752725961617745,0.03514876852962616,0.24788393044563692,20
meps,abrupt_group_mag1.0,lr,max_subgroup_deviation,DI_star,0.0920300751879699,0.2986557025626444,0.11180528951829713,0.3126421516022897,20
meps,abrupt_group_mag1.0,lr,max_subgroup_deviation,AOD_star,0.0256390977443609,0.27427370826843306,0.040586092642248994,0.2753757328894754,20
meps,abrupt_group_mag1.0,lr,max_subgroup_deviation,BalAcc,0.021203007518796984,0.2684894502271193,-0.004065345271910774,0.25954661859110945,20
meps,abrupt_group_mag1.0,lr,assignment_proportion_drift,DI_star,0.00102085932500951,0.31452188763252004,0.07919260326487045,0.32354352940088077,20
meps,abrupt_group_mag1.0,lr,assignment_proportion_drift,AOD_star,-0.01718609293962285,0.3073963714358903,0.037559911803380905,0.2957119096168982,20
meps,abrupt_group_mag1.0,lr,assignment_proportion_drift,BalAcc,-0.05479214677382131,0.2596881273182918,-0.0233137413357897,0.2482109766726095,20
meps,abrupt_group_mag1.0,lr,ks_statistic,DI_star,0.06270676691729322,0.2772118762454189,0.10620226418723981,0.3223010200083008,20
meps,abrupt_group_mag1.0,lr,ks_statistic,AOD_star,-0.014360902255639097,0.2764846704000969,0.047960825499079304,0.27710538702914944,20
meps,abrupt_group_mag1.0,lr,ks_statistic,BalAcc,-0.030827067669172925,0.23491710841557015,-0.017669010118354197,0.2517281267742333,20
meps,abrupt_group_mag1.0,lr,kl_divergence,DI_star,0.1036842105263158,0.2692923979860792,0.11696957693097221,0.29765825449531536,20
meps,abrupt_group_mag1.0,lr,kl_divergence,AOD_star,0.023533834586466167,0.23461937064392185,0.05602762956866532,0.26286699452904333,20
meps,abrupt_group_mag1.0,lr,kl_divergence,BalAcc,-0.052330827067669186,0.2588291015630406,-0.024963970342870543,0.2665623912057894,20
meps,abrupt_group_mag1.0,lr,per_subgroup_ewma[min_neg],DI_star,nan,nan,nan,nan,0
meps,abrupt_group_mag1.0,lr,per_subgroup_ewma[min_neg],AOD_star,nan,nan,nan,nan,0
meps,abrupt_group_mag1.0,lr,per_subgroup_ewma[min_neg],BalAcc,nan,nan,nan,nan,0
meps,abrupt_group_mag1.0,lr,per_subgroup_baseline_relative[min_neg],DI_star,nan,nan,nan,nan,0
meps,abrupt_group_mag1.0,lr,per_subgroup_baseline_relative[min_neg],AOD_star,nan,nan,nan,nan,0
meps,abrupt_group_mag1.0,lr,per_subgroup_baseline_relative[min_neg],BalAcc,nan,nan,nan,nan,0
meps,abrupt_group_mag1.0,lr,per_subgroup_ewma[min_pos],DI_star,0.09721804511278195,0.2560064918582999,0.08786335542346699,0.2774815035120687,20
meps,abrupt_group_mag1.0,lr,per_subgroup_ewma[min_pos],AOD_star,0.08909774436090223,0.24339537414998685,0.07714375381534119,0.24207019316407918,20
meps,abrupt_group_mag1.0,lr,per_subgroup_ewma[min_pos],BalAcc,0.0244360902255639,0.21219525107845272,0.03951169923239132,0.23138781172024647,20
meps,abrupt_group_mag1.0,lr,per_subgroup_baseline_relative[min_pos],DI_star,0.025037593984962407,0.24142119535497153,0.09829749415995154,0.3205710009933551,20
meps,abrupt_group_mag1.0,lr,per_subgroup_baseline_relative[min_pos],AOD_star,-0.008796992481203003,0.25202005964631113,0.0429833619748447,0.2784444656398821,20
meps,abrupt_group_mag1.0,lr,per_subgroup_baseline_relative[min_pos],BalAcc,0.06293233082706767,0.2581960908379262,0.012284772373953558,0.24333319063189227,20
meps,abrupt_group_mag1.0,lr,per_subgroup_ewma[maj_neg],DI_star,-0.02850114435279528,0.2077150638186025,-0.017673641124829102,0.23146421236658027,20
meps,abrupt_group_mag1.0,lr,per_subgroup_ewma[maj_neg],AOD_star,-0.02780652173867585,0.21574842769058383,-0.04122544664422707,0.2525167263801537,20
meps,abrupt_group_mag1.0,lr,per_subgroup_ewma[maj_neg],BalAcc,-0.023718292255507104,0.15316514775944445,-0.007570484954785003,0.15128121032242886,20
meps,abrupt_group_mag1.0,lr,per_subgroup_baseline_relative[maj_neg],DI_star,-0.05066186978255436,0.2420493441370816,0.00039293901838724775,0.23953425259527802,20
meps,abrupt_group_mag1.0,lr,per_subgroup_baseline_relative[maj_neg],AOD_star,-0.06686222810301672,0.2718633463726462,-0.02189575360305536,0.2985951703236366,20
meps,abrupt_group_mag1.0,lr,per_subgroup_baseline_relative[maj_neg],BalAcc,-0.09333426521211775,0.20383184360934584,-0.07420293743365555,0.19148515615648468,20
meps,abrupt_group_mag1.0,lr,per_subgroup_ewma[maj_pos],DI_star,0.08225563909774435,0.27483115039991923,0.09173729433550673,0.28093305438355015,20
meps,abrupt_group_mag1.0,lr,per_subgroup_ewma[maj_pos],AOD_star,0.07503759398496238,0.25189558921935623,0.07719649728170011,0.24610583259965085,20
meps,abrupt_group_mag1.0,lr,per_subgroup_ewma[maj_pos],BalAcc,0.022631578947368426,0.22384329971599784,0.03430082569579764,0.240709053765143,20
meps,abrupt_group_mag1.0,lr,per_subgroup_baseline_relative[maj_pos],DI_star,0.08842105263157896,0.3172367836326557,0.10568644687538939,0.329468532672946,20
meps,abrupt_group_mag1.0,lr,per_subgroup_baseline_relative[maj_pos],AOD_star,0.0026315789473684197,0.2994924287040281,0.03463756114238068,0.28917088239690253,20
meps,abrupt_group_mag1.0,lr,per_subgroup_baseline_relative[maj_pos],BalAcc,-0.02511278195488722,0.2727415393956131,-0.019848130172283134,0.25436350777132594,20
meps,abrupt_group_mag1.0,xgb,global_mean,DI_star,0.5636842105263158,0.1743072346214627,0.8596951849908147,0.17551409387495479,20
meps,abrupt_group_mag1.0,xgb,global_mean,AOD_star,0.4429323308270677,0.2276388151311924,0.6338983618272873,0.2182679272639307,20
meps,abrupt_group_mag1.0,xgb,global_mean,BalAcc,-0.4432138579481325,0.17726525265318213,-0.6740480129442307,0.24378075921118744,20
meps,abrupt_group_mag1.0,xgb,global_ewma,DI_star,0.4932330827067669,0.12664564878938472,0.7070772455899605,0.1812559765351251,20
meps,abrupt_group_mag1.0,xgb,global_ewma,AOD_star,0.39954887218045115,0.18551973005961644,0.5215059873435022,0.22189140294413662,20
meps,abrupt_group_mag1.0,xgb,global_ewma,BalAcc,-0.47460685756215326,0.14406064534612056,-0.5786766916099573,0.21522315140648163,20
meps,abrupt_group_mag1.0,xgb,global_std,DI_star,0.05368421052631576,0.3124651735922111,0.08049702064165568,0.3055182106098964,20
meps,abrupt_group_mag1.0,xgb,global_std,AOD_star,0.06578947368421051,0.2733344352515101,0.05067875189344588,0.26849720423676987,20
meps,abrupt_group_mag1.0,xgb,global_std,BalAcc,0.06339058573673924,0.2689449161742561,0.009633329059388209,0.2946677357468838,20
meps,abrupt_group_mag1.0,xgb,subgroup_violation_diff,DI_star,0.64593984962406,0.13504937822218954,0.7760232774539546,0.18620109434065535,20
meps,abrupt_group_mag1.0,xgb,subgroup_violation_diff,AOD_star,0.5092481203007518,0.1431072405171305,0.5880368615260578,0.1902343414600183,20
meps,abrupt_group_mag1.0,xgb,subgroup_violation_diff,BalAcc,-0.4202809331968879,0.1945413627995001,-0.5669020595140388,0.22997909108672285,20
meps,abrupt_group_mag1.0,xgb,max_subgroup_deviation,DI_star,0.5161654135338345,0.15272886636105595,0.8345072553845178,0.18196608129607408,20
meps,abrupt_group_mag1.0,xgb,max_subgroup_deviation,AOD_star,0.41721804511278193,0.1974101495451094,0.6058471172152139,0.21957912322536716,20
meps,abrupt_group_mag1.0,xgb,max_subgroup_deviation,BalAcc,-0.4356939862357122,0.17307381591924745,-0.6586277223805016,0.23639262725492735,20
meps,abrupt_group_mag1.0,xgb,assignment_proportion_drift,DI_star,0.5043556990805833,0.1378393506969267,0.8338709361708068,0.16034301418427313,20
meps,abrupt_group_mag1.0,xgb,assignment_proportion_drift,AOD_star,0.41709068424457685,0.2255184799559945,0.6113562087004126,0.2175347362322521,20
meps,abrupt_group_mag1.0,xgb,assignment_proportion_drift,BalAcc,-0.5510903956906497,0.141298782092681,-0.6797245868920087,0.2268374659409318,20
meps,abrupt_group_mag1.0,xgb,ks_statistic,DI_star,0.5674436090225563,0.14804988593824409,0.8635377766630604,0.17284138479854944,20
meps,abrupt_group_mag1.0,xgb,ks_statistic,AOD_star,0.4692481203007518,0.21954293688547438,0.6404314153121647,0.21451213336093378,20
meps,abrupt_group_mag1.0,xgb,ks_statistic,BalAcc,-0.5002460401528253,0.19966347485419783,-0.6822658620069059,0.24692547626070935,20
meps,abrupt_group_mag1.0,xgb,kl_divergence,DI_star,0.5008270676691728,0.14501689535297071,0.823863300246105,0.17413207908104383,20
meps,abrupt_group_mag1.0,xgb,kl_divergence,AOD_star,0.39593984962406015,0.2395933294911634,0.5990436186538626,0.22839189516318262,20
meps,abrupt_group_mag1.0,xgb,kl_divergence,BalAcc,-0.48152002160810153,0.18132375958343155,-0.6588870637532961,0.23052047094225986,20
meps,abrupt_group_mag1.0,xgb,per_subgroup_ewma[min_neg],DI_star,nan,nan,nan,nan,0
meps,abrupt_group_mag1.0,xgb,per_subgroup_ewma[min_neg],AOD_star,nan,nan,nan,nan,0
meps,abrupt_group_mag1.0,xgb,per_subgroup_ewma[min_neg],BalAcc,nan,nan,nan,nan,0
meps,abrupt_group_mag1.0,xgb,per_subgroup_baseline_relative[min_neg],DI_star,nan,nan,nan,nan,0
meps,abrupt_group_mag1.0,xgb,per_subgroup_baseline_relative[min_neg],AOD_star,nan,nan,nan,nan,0
meps,abrupt_group_mag1.0,xgb,per_subgroup_baseline_relative[min_neg],BalAcc,nan,nan,nan,nan,0
meps,abrupt_group_mag1.0,xgb,per_subgroup_ewma[min_pos],DI_star,0.4962406015037593,0.1261034735531623,0.7059407876271789,0.17650677537699772,20
meps,abrupt_group_mag1.0,xgb,per_subgroup_ewma[min_pos],AOD_star,0.41052631578947363,0.1740370078315939,0.5207713273372545,0.2154157238534541,20
meps,abrupt_group_mag1.0,xgb,per_subgroup_ewma[min_pos],BalAcc,-0.4718250440854536,0.13602203020176412,-0.5757975123254404,0.21569837484647475,20
meps,abrupt_group_mag1.0,xgb,per_subgroup_baseline_relative[min_pos],DI_star,0.6056390977443609,0.19011520172238375,0.8482782826779328,0.1814400437850795,20
meps,abrupt_group_mag1.0,xgb,per_subgroup_baseline_relative[min_pos],AOD_star,0.4704511278195488,0.1795492972375669,0.6292321507630259,0.21215646260639018,20
meps,abrupt_group_mag1.0,xgb,per_subgroup_baseline_relative[min_pos],BalAcc,-0.4145659404300108,0.16821633260158078,-0.6500022337032056,0.24027077409062927,20
meps,abrupt_group_mag1.0,xgb,per_subgroup_ewma[maj_neg],DI_star,0.0866431916018325,0.4180841284519087,0.11231723108365887,0.49912332286315164,20
meps,abrupt_group_mag1.0,xgb,per_subgroup_ewma[maj_neg],AOD_star,0.03986428194939558,0.39884571994470064,0.031226601848937434,0.4453125737381588,20
meps,abrupt_group_mag1.0,xgb,per_subgroup_ewma[maj_neg],BalAcc,-0.15198849774107243,0.4004822841386215,-0.14667861143479316,0.41680317242827497,20
meps,abrupt_group_mag1.0,xgb,per_subgroup_baseline_relative[maj_neg],DI_star,0.06594870656017031,0.23214757815186415,0.10161266915444815,0.2603031918545725,20
meps,abrupt_group_mag1.0,xgb,per_subgroup_baseline_relative[maj_neg],AOD_star,0.005731587123308866,0.23070121673201296,0.02827290060404176,0.27550617225256957,20
meps,abrupt_group_mag1.0,xgb,per_subgroup_baseline_relative[maj_neg],BalAcc,-0.07449805959206265,0.27039158209056247,-0.10150911073313837,0.2616203637243049,20
meps,abrupt_group_mag1.0,xgb,per_subgroup_ewma[maj_pos],DI_star,0.48398496240601496,0.1403945040501323,0.696567356407704,0.19362214044455758,20
meps,abrupt_group_mag1.0,xgb,per_subgroup_ewma[maj_pos],AOD_star,0.3990977443609023,0.19773801413526135,0.5141771802562897,0.23593035320318712,20
meps,abrupt_group_mag1.0,xgb,per_subgroup_ewma[maj_pos],BalAcc,-0.47035832717089854,0.1688148890817765,-0.5731610686158857,0.21916706507429384,20
meps,abrupt_group_mag1.0,xgb,per_subgroup_baseline_relative[maj_pos],DI_star,0.4678195488721804,0.09781824853354273,0.8187440473484948,0.17755965883531233,20
meps,abrupt_group_mag1.0,xgb,per_subgroup_baseline_relative[maj_pos],AOD_star,0.3989473684210526,0.1996747312606949,0.5990367556782112,0.22355401072534392,20
meps,abrupt_group_mag1.0,xgb,per_subgroup_baseline_relative[maj_pos],BalAcc,-0.4849841832348569,0.19902429382548584,-0.657458342795677,0.2460268419993107,20
meps,abrupt_group_mag2.0,lr,global_mean,DI_star,0.10213554621906065,0.369888228910988,0.1527171428999329,0.4590353541353795,20
meps,abrupt_group_mag2.0,lr,global_mean,AOD_star,0.03541353383458646,0.3180749643823222,0.09952858453019095,0.36257807957481913,20
meps,abrupt_group_mag2.0,lr,global_mean,BalAcc,0.007363019170832236,0.24423847801663476,-0.021744915915962674,0.26873099478339185,20
meps,abrupt_group_mag2.0,lr,global_ewma,DI_star,0.11161768677858175,0.34832667524410016,0.12715114849742865,0.3902381692052612,20
meps,abrupt_group_mag2.0,lr,global_ewma,AOD_star,0.10601503759398494,0.2832990516195538,0.11840035228835044,0.2963964901978227,20
meps,abrupt_group_mag2.0,lr,global_ewma,BalAcc,0.030555835233840756,0.2237626915837969,0.022194486605289627,0.253691844516913,20
meps,abrupt_group_mag2.0,lr,global_std,DI_star,0.252326075674254,0.30554223410667547,0.21317540039576355,0.4197563309400407,20
meps,abrupt_group_mag2.0,lr,global_std,AOD_star,0.178796992481203,0.2680072630375394,0.1519579281846665,0.3194516741423919,20
meps,abrupt_group_mag2.0,lr,global_std,BalAcc,-0.05353827487674101,0.2860522619286368,-0.0421396487417513,0.2882026875772363,20
meps,abrupt_group_mag2.0,lr,subgroup_violation_diff,DI_star,0.11905351822263124,0.30222196759178843,0.14832793612970857,0.42814101636341445,20
meps,abrupt_group_mag2.0,lr,subgroup_violation_diff,AOD_star,0.05729323308270677,0.2347328924157026,0.10399581865633334,0.3150280153360197,20
meps,abrupt_group_mag2.0,lr,subgroup_violation_diff,BalAcc,-0.042073170042094474,0.30128216577813555,-0.029806009125040323,0.27136487994224084,20
meps,abrupt_group_mag2.0,lr,max_subgroup_deviation,DI_star,0.05029271976225941,0.34325375843096234,0.14270258638366107,0.4506090845402355,20
meps,abrupt_group_mag2.0,lr,max_subgroup_deviation,AOD_star,0.01496240601503758,0.3012002203332768,0.09084373785972985,0.3506447008072882,20
meps,abrupt_group_mag2.0,lr,max_subgroup_deviation,BalAcc,0.03251301330228243,0.2631835071497566,-0.01628342939994618,0.27375512993369067,20
meps,abrupt_group_mag2.0,lr,assignment_proportion_drift,DI_star,0.1165682009695334,0.36204987100159564,0.1580096720393476,0.454628611582787,20
meps,abrupt_group_mag2.0,lr,assignment_proportion_drift,AOD_star,0.01075297301696399,0.2974231248566593,0.09808528645657849,0.34927205870971284,20
meps,abrupt_group_mag2.0,lr,assignment_proportion_drift,BalAcc,-0.08575557614190495,0.23493654467027072,-0.04383992443869425,0.26048307057046377,20
meps,abrupt_group_mag2.0,lr,ks_statistic,DI_star,0.11800159369627541,0.3766285617006671,0.15263611314967226,0.4625927840531406,20
meps,abrupt_group_mag2.0,lr,ks_statistic,AOD_star,0.03195488721804512,0.32758420019866274,0.10129950341274967,0.3605436903641254,20
meps,abrupt_group_mag2.0,lr,ks_statistic,BalAcc,-0.0652691254186094,0.2523918953767957,-0.030919926703128403,0.27205114336325126,20
meps,abrupt_group_mag2.0,lr,kl_divergence,DI_star,0.1274425060205136,0.35238659284360097,0.1677951147374686,0.4494333762457644,20
meps,abrupt_group_mag2.0,lr,kl_divergence,AOD_star,0.04691729323308271,0.2865766960603343,0.11227189564020038,0.3433369631500939,20
meps,abrupt_group_mag2.0,lr,kl_divergence,BalAcc,-0.05760269585033373,0.2630665157857915,-0.035002546413586674,0.26768259773004094,20
meps,abrupt_group_mag2.0,lr,per_subgroup_ewma[min_neg],DI_star,nan,nan,nan,nan,0
meps,abrupt_group_mag2.0,lr,per_subgroup_ewma[min_neg],AOD_star,nan,nan,nan,nan,0
meps,abrupt_group_mag2.0,lr,per_subgroup_ewma[min_neg],BalAcc,nan,nan,nan,nan,0
meps,abrupt_group_mag2.0,lr,per_subgroup_baseline_relative[min_neg],DI_star,nan,nan,nan,nan,0
meps,abrupt_group_mag2.0,lr,per_subgroup_baseline_relative[min_neg],AOD_star,nan,nan,nan,nan,0
meps,abrupt_group_mag2.0,lr,per_subgroup_baseline_relative[min_neg],BalAcc,nan,nan,nan,nan,0
meps,abrupt_group_mag2.0,lr,per_subgroup_ewma[min_pos],DI_star,0.11981294924355697,0.3451096669997109,0.125761390251769,0.3900597414709615,20
meps,abrupt_group_mag2.0,lr,per_subgroup_ewma[min_pos],AOD_star,0.11593984962406012,0.2835154407513637,0.1190603921892617,0.2965551692232242,20
meps,abrupt_group_mag2.0,lr,per_subgroup_ewma[min_pos],BalAcc,0.026271393642791234,0.2132804332666021,0.022906608290554093,0.2515425489933503,20
meps,abrupt_group_mag2.0,lr,per_subgroup_baseline_relative[min_pos],DI_star,0.06450287841070126,0.33914854781176357,0.15253026463939695,0.4576788871734538,20
meps,abrupt_group_mag2.0,lr,per_subgroup_baseline_relative[min_pos],AOD_star,0.029774436090225564,0.2938545948659829,0.10512449996749632,0.35650272578568415,20
meps,abrupt_group_mag2.0,lr,per_subgroup_baseline_relative[min_pos],BalAcc,0.037852094501639295,0.25939696905643084,-0.016499055406451118,0.26595889626859764,20
meps,abrupt_group_mag2.0,lr,per_subgroup_ewma[maj_neg],DI_star,-0.024463403801085366,0.28867150894068694,-0.008896511869421706,0.3191193400990361,20
meps,abrupt_group_mag2.0,lr,per_subgroup_ewma[maj_neg],AOD_star,-0.013657193227558683,0.24536253857844798,-0.0266470770527113,0.3060200262657239,20
meps,abrupt_group_mag2.0,lr,per_subgroup_ewma[maj_neg],BalAcc,0.026046566690929716,0.19112832790697154,0.023763319639275696,0.2103445812955903,20
meps,abrupt_group_mag2.0,lr,per_subgroup_baseline_relative[maj_neg],DI_star,-0.016919346632238073,0.3005492226006837,0.0014212258139493228,0.3203333317259242,20
meps,abrupt_group_mag2.0,lr,per_subgroup_baseline_relative[maj_neg],AOD_star,-0.050598384732709965,0.28350859869231276,-0.021653251429322454,0.3283437085379743,20
meps,abrupt_group_mag2.0,lr,per_subgroup_baseline_relative[maj_neg],BalAcc,-0.06609984315075927,0.21307923255745684,-0.03669362535346109,0.2129104154717427,20
meps,abrupt_group_mag2.0,lr,per_subgroup_ewma[maj_pos],DI_star,0.08300901774848653,0.3437847089825881,0.1161917214812553,0.38808747696344126,20
meps,abrupt_group_mag2.0,lr,per_subgroup_ewma[maj_pos],AOD_star,0.11338345864661652,0.3014920966000344,0.12291217701926957,0.31266105214127166,20
meps,abrupt_group_mag2.0,lr,per_subgroup_ewma[maj_pos],BalAcc,0.04044920463649988,0.21883307337296704,0.04577871139669892,0.2453803690201655,20
meps,abrupt_group_mag2.0,lr,per_subgroup_baseline_relative[maj_pos],DI_star,0.08086060317225992,0.3841626350995357,0.10649503574353432,0.4395863761159158,20
meps,abrupt_group_mag2.0,lr,per_subgroup_baseline_relative[maj_pos],AOD_star,0.06586466165413532,0.3365333574275038,0.07484746590424479,0.3745098020666767,20
meps,abrupt_group_mag2.0,lr,per_subgroup_baseline_relative[maj_pos],BalAcc,0.037816579251295994,0.2732688809831471,-0.007357670265093705,0.2914038412390896,20
meps,abrupt_group_mag2.0,xgb,global_mean,DI_star,0.5603711672459608,0.11489377921707912,0.7255861884877433,0.11480427432406368,20
meps,abrupt_group_mag2.0,xgb,global_mean,AOD_star,-0.43315789473684213,0.13795668945551934,-0.7195720401387844,0.1511345650435729,20
meps,abrupt_group_mag2.0,xgb,global_mean,BalAcc,-0.6208852934487562,0.10279404698002682,-0.9456572600514521,0.01473781426086618,20
meps,abrupt_group_mag2.0,xgb,global_ewma,DI_star,0.4938180767894827,0.18388556679617543,0.6218212350165916,0.14893771854240537,20
meps,abrupt_group_mag2.0,xgb,global_ewma,AOD_star,-0.4904511278195489,0.16257181386498123,-0.6151841322482398,0.15905986319715304,20
meps,abrupt_group_mag2.0,xgb,global_ewma,BalAcc,-0.5777289259455118,0.0860511711452629,-0.8170206028663992,0.037010449523507925,20
meps,abrupt_group_mag2.0,xgb,global_std,DI_star,0.34524138774677293,0.15787462279518227,0.6503692676503767,0.11996347803262575,20
meps,abrupt_group_mag2.0,xgb,global_std,AOD_star,-0.6046616541353382,0.15048109105576812,-0.7448760990400378,0.14853870967305569,20
meps,abrupt_group_mag2.0,xgb,global_std,BalAcc,-0.5083297509344226,0.11158653079044224,-0.9036670743466109,0.032443419596892474,20
meps,abrupt_group_mag2.0,xgb,subgroup_violation_diff,DI_star,0.4888262927405962,0.1607546102940228,0.7023370326924848,0.11076185517979938,20
meps,abrupt_group_mag2.0,xgb,subgroup_violation_diff,AOD_star,-0.45368421052631575,0.13169541569301896,-0.7019276912183126,0.1411481637786333,20
meps,abrupt_group_mag2.0,xgb,subgroup_violation_diff,BalAcc,-0.5382904458821887,0.10819365523513666,-0.9184999158061047,0.024652919346005348,20
meps,abrupt_group_mag2.0,xgb,max_subgroup_deviation,DI_star,0.5747353219435208,0.1203040372923816,0.7214062999403712,0.11424610179091137,20
meps,abrupt_group_mag2.0,xgb,max_subgroup_deviation,AOD_star,-0.3800751879699248,0.13028569606148208,-0.7113677471108873,0.1576968078930339,20
meps,abrupt_group_mag2.0,xgb,max_subgroup_deviation,BalAcc,-0.5746815081721086,0.10607582106019557,-0.9366266560296745,0.020253326038068495,20
meps,abrupt_group_mag2.0,xgb,assignment_proportion_drift,DI_star,0.43708846662595474,0.13603771729219377,0.6848481494953377,0.1216837744549143,20
meps,abrupt_group_mag2.0,xgb,assignment_proportion_drift,AOD_star,-0.5434430654534869,0.12278087580684575,-0.7181717986416742,0.1424940203118352,20
meps,abrupt_group_mag2.0,xgb,assignment_proportion_drift,BalAcc,-0.6144774550878734,0.09231119910286799,-0.9271651718278427,0.029751241865313277,20
meps,abrupt_group_mag2.0,xgb,ks_statistic,DI_star,0.48239258811021024,0.12927978216922079,0.7153189255644987,0.11910936890757612,20
meps,abrupt_group_mag2.0,xgb,ks_statistic,AOD_star,-0.5030075187969925,0.15307613321779967,-0.7284556281290658,0.14913359408416652,20
meps,abrupt_group_mag2.0,xgb,ks_statistic,BalAcc,-0.650358355453002,0.11729835595174108,-0.9487380655372064,0.016310602805159072,20
meps,abrupt_group_mag2.0,xgb,kl_divergence,DI_star,0.4688948061340569,0.12581206393524483,0.6978654948261469,0.11244700884019729,20
meps,abrupt_group_mag2.0,xgb,kl_divergence,AOD_star,-0.5149624060150376,0.13928861117399868,-0.7117911023369297,0.14354961309244768,20
meps,abrupt_group_mag2.0,xgb,kl_divergence,BalAcc,-0.5625026691241979,0.11974967005537322,-0.9237222481362227,0.025851707318459306,20
meps,abrupt_group_mag2.0,xgb,per_subgroup_ewma[min_neg],DI_star,nan,nan,nan,nan,0
meps,abrupt_group_mag2.0,xgb,per_subgroup_ewma[min_neg],AOD_star,nan,nan,nan,nan,0
meps,abrupt_group_mag2.0,xgb,per_subgroup_ewma[min_neg],BalAcc,nan,nan,nan,nan,0
meps,abrupt_group_mag2.0,xgb,per_subgroup_baseline_relative[min_neg],DI_star,nan,nan,nan,nan,0
meps,abrupt_group_mag2.0,xgb,per_subgroup_baseline_relative[min_neg],AOD_star,nan,nan,nan,nan,0
meps,abrupt_group_mag2.0,xgb,per_subgroup_baseline_relative[min_neg],BalAcc,nan,nan,nan,nan,0
meps,abrupt_group_mag2.0,xgb,per_subgroup_ewma[min_pos],DI_star,0.48930739251817074,0.1785162908788619,0.6218261087824508,0.14671030516753575,20
meps,abrupt_group_mag2.0,xgb,per_subgroup_ewma[min_pos],AOD_star,-0.49706766917293227,0.15443285059307532,-0.6153202573266684,0.15895596403522175,20
meps,abrupt_group_mag2.0,xgb,per_subgroup_ewma[min_pos],BalAcc,-0.5792329681650447,0.09151163892049165,-0.8164898009296062,0.03777990302252176,20
meps,abrupt_group_mag2.0,xgb,per_subgroup_baseline_relative[min_pos],DI_star,0.5748865180643767,0.1245171252263544,0.7240298944548789,0.11083098082780447,20
meps,abrupt_group_mag2.0,xgb,per_subgroup_baseline_relative[min_pos],AOD_star,-0.38496240601503756,0.12906426232364607,-0.7197317975067974,0.1486755644092326,20
meps,abrupt_group_mag2.0,xgb,per_subgroup_baseline_relative[min_pos],BalAcc,-0.567989891977215,0.10821872736380095,-0.9418858882831682,0.017036444999711405,20
meps,abrupt_group_mag2.0,xgb,per_subgroup_ewma[maj_neg],DI_star,0.1724346649910029,0.36691133719058716,0.14217202870254225,0.4390954609396266,20
meps,abrupt_group_mag2.0,xgb,per_subgroup_ewma[maj_neg],AOD_star,-0.1291899684901813,0.44353077312348155,-0.17679123934377522,0.4454337147142647,20
meps,abrupt_group_mag2.0,xgb,per_subgroup_ewma[maj_neg],BalAcc,-0.18716219560344466,0.4600470805550269,-0.21551499924678358,0.546297121171591,20
meps,abrupt_group_mag2.0,xgb,per_subgroup_baseline_relative[maj_neg],DI_star,0.18006287050868716,0.27226598781354816,0.19439635870575006,0.2931011087827216,20
meps,abrupt_group_mag2.0,xgb,per_subgroup_baseline_relative[maj_neg],AOD_star,-0.033238807063502414,0.33791136333431493,-0.10705902004816728,0.28551627273853886,20
meps,abrupt_group_mag2.0,xgb,per_subgroup_baseline_relative[maj_neg],BalAcc,-0.13541719970496047,0.33684236162308395,-0.1999870520723983,0.3134124098812515,20
meps,abrupt_group_mag2.0,xgb,per_subgroup_ewma[maj_pos],DI_star,0.44930747736448173,0.22452195554179516,0.5719660760187748,0.26276672590320294,20
meps,abrupt_group_mag2.0,xgb,per_subgroup_ewma[maj_pos],AOD_star,-0.4613533834586465,0.17960490807045396,-0.5677958666924431,0.1780572236071952,20
meps,abrupt_group_mag2.0,xgb,per_subgroup_ewma[maj_pos],BalAcc,-0.5524642125350737,0.14136323295743705,-0.7593786341846213,0.16295982414747576,20
meps,abrupt_group_mag2.0,xgb,per_subgroup_baseline_relative[maj_pos],DI_star,0.44960899286097983,0.1320958418588676,0.5827343664124173,0.20104034005202173,20
meps,abrupt_group_mag2.0,xgb,per_subgroup_baseline_relative[maj_pos],AOD_star,-0.4656390977443608,0.16236373370530127,-0.5896541682399066,0.20199152040721993,20
meps,abrupt_group_mag2.0,xgb,per_subgroup_baseline_relative[maj_pos],BalAcc,-0.5367481450482573,0.1067096505426615,-0.7688372038647245,0.166180376253415,20
meps,abrupt_global_mag0.5,lr,global_mean,DI_star,0.10714673179105876,0.2458227020572364,0.08214632049393038,0.20929767958573375,20
meps,abrupt_global_mag0.5,lr,global_mean,AOD_star,0.03075187969924813,0.2762019508735344,0.0263246835332697,0.22931270404190943,20
meps,abrupt_global_mag0.5,lr,global_mean,BalAcc,0.0693175104394261,0.28351023931025077,-0.01215962953247798,0.2537917958868285,20
meps,abrupt_global_mag0.5,lr,global_ewma,DI_star,0.021393395563472077,0.16842334283899818,0.038420187692355466,0.16954070130283927,20
meps,abrupt_global_mag0.5,lr,global_ewma,AOD_star,0.04451127819548871,0.2007445015681151,0.040040975960989406,0.2004667442052677,20
meps,abrupt_global_mag0.5,lr,global_ewma,BalAcc,0.019056176740375415,0.20750851329698655,0.026928176770074662,0.2376334697289699,20
meps,abrupt_global_mag0.5,lr,global_std,DI_star,0.025369392542626445,0.21317220285559615,-0.03370540690608849,0.21036061709938536,20
meps,abrupt_global_mag0.5,lr,global_std,AOD_star,-0.02571428571428571,0.2216124566766619,-0.025041499064673466,0.20972974520986054,20
meps,abrupt_global_mag0.5,lr,global_std,BalAcc,0.0633895675810074,0.23245469018331116,0.0302061428001816,0.24735195908297034,20
meps,abrupt_global_mag0.5,lr,subgroup_violation_diff,DI_star,0.054095976729423415,0.1689247530365484,0.07001353394690278,0.2042019957638903,20
meps,abrupt_global_mag0.5,lr,subgroup_violation_diff,AOD_star,-0.01511278195488722,0.1666661220712078,0.026657156312076147,0.20984211688294918,20
meps,abrupt_global_mag0.5,lr,subgroup_violation_diff,BalAcc,-0.01102316869878763,0.2698549312642639,-0.018630479080351266,0.2402150165278177,20
meps,abrupt_global_mag0.5,lr,max_subgroup_deviation,DI_star,0.042818205472256524,0.16599264747919407,0.058190337471339636,0.19113172371244358,20
meps,abrupt_global_mag0.5,lr,max_subgroup_deviation,AOD_star,-0.026766917293233078,0.2003595614629771,0.0014397194693802657,0.20511236908536773,20
meps,abrupt_global_mag0.5,lr,max_subgroup_deviation,BalAcc,0.015257077242449646,0.2453783632454923,-0.02269863359354065,0.24256821439235943,20
meps,abrupt_global_mag0.5,lr,assignment_proportion_drift,DI_star,-0.03186216163101801,0.22770469588858744,0.04963577766938987,0.2006502884774923,20
meps,abrupt_global_mag0.5,lr,assignment_proportion_drift,AOD_star,-0.01789312340048293,0.2194797438490115,0.016479412686255294,0.20771492851353024,20
meps,abrupt_global_mag0.5,lr,assignment_proportion_drift,BalAcc,-0.04145600017812534,0.2668844354896031,-0.028449411285301096,0.24760850772421905,20
meps,abrupt_global_mag0.5,lr,ks_statistic,DI_star,0.031167775089490306,0.20215769823018592,0.06507429050151117,0.2048770376698597,20
meps,abrupt_global_mag0.5,lr,ks_statistic,AOD_star,0.009097744360902256,0.20007883290031622,0.023849597282607847,0.2152295866257532,20
meps,abrupt_global_mag0.5,lr,ks_statistic,BalAcc,-0.07270885979296418,0.22834999580284343,-0.02468830528264629,0.2487578184821686,20
meps,abrupt_global_mag0.5,lr,kl_divergence,DI_star,-0.03244396254885215,0.2065619085330533,0.026413880173163644,0.22128797317209517,20
meps,abrupt_global_mag0.5,lr,kl_divergence,AOD_star,-0.037669172932330824,0.20851535531086993,-0.0016983752745473174,0.22304427725507037,20
meps,abrupt_global_mag0.5,lr,kl_divergence,BalAcc,-0.012187040857972672,0.23839516404935984,0.009794385604212637,0.2330468818707744,20
meps,abrupt_global_mag0.5,lr,per_subgroup_ewma[min_neg],DI_star,nan,nan,nan,nan,0
meps,abrupt_global_mag0.5,lr,per_subgroup_ewma[min_neg],AOD_star,nan,nan,nan,nan,0
meps,abrupt_global_mag0.5,lr,per_subgroup_ewma[min_neg],BalAcc,nan,nan,nan,nan,0
meps,abrupt_global_mag0.5,lr,per_subgroup_baseline_relative[min_neg],DI_star,nan,nan,nan,nan,0
meps,abrupt_global_mag0.5,lr,per_subgroup_baseline_relative[min_neg],AOD_star,nan,nan,nan,nan,0
meps,abrupt_global_mag0.5,lr,per_subgroup_baseline_relative[min_neg],BalAcc,nan,nan,nan,nan,0
meps,abrupt_global_mag0.5,lr,per_subgroup_ewma[min_pos],DI_star,0.027107822688276096,0.17641833686925298,0.033374800484329815,0.1699956672277326,20
meps,abrupt_global_mag0.5,lr,per_subgroup_ewma[min_pos],AOD_star,0.04646616541353382,0.20630729503107811,0.03611313219047069,0.19903000551012726,20
meps,abrupt_global_mag0.5,lr,per_subgroup_ewma[min_pos],BalAcc,0.01255336479235183,0.19790334740741444,0.02604636548901109,0.23542346844483913,20
meps,abrupt_global_mag0.5,lr,per_subgroup_baseline_relative[min_pos],DI_star,0.08484757360763492,0.19172745687979403,0.07245223846101075,0.20587904656537734,20
meps,abrupt_global_mag0.5,lr,per_subgroup_baseline_relative[min_pos],AOD_star,0.00142857142857143,0.2073293648848569,0.022462226593240386,0.22020942313697475,20
meps,abrupt_global_mag0.5,lr,per_subgroup_baseline_relative[min_pos],BalAcc,0.0254053603066283,0.2754132710458201,-0.016793034360929042,0.24801315974698082,20
meps,abrupt_global_mag0.5,lr,per_subgroup_ewma[maj_neg],DI_star,-0.04289638807966128,0.17626760044945466,-0.02987660661166077,0.1855500904639527,19
meps,abrupt_global_mag0.5,lr,per_subgroup_ewma[maj_neg],AOD_star,-0.0010413176667522523,0.20754156489071957,-0.023247938155961333,0.2280013318501668,19
meps,abrupt_global_mag0.5,lr,per_subgroup_ewma[maj_neg],BalAcc,0.024007825772699,0.23268724590312767,0.03198148777024981,0.23622869036813932,19
meps,abrupt_global_mag0.5,lr,per_subgroup_baseline_relative[maj_neg],DI_star,-0.05051031298703513,0.21391701300089594,-0.03794311828811127,0.19260628213012237,19
meps,abrupt_global_mag0.5,lr,per_subgroup_baseline_relative[maj_neg],AOD_star,-0.027072605816564333,0.26282545850146927,-0.021278044203739303,0.2711328593097419,19
meps,abrupt_global_mag0.5,lr,per_subgroup_baseline_relative[maj_neg],BalAcc,-0.0017325855367666778,0.23646883245072436,0.0378165108947663,0.20358762603808475,19
meps,abrupt_global_mag0.5,lr,per_subgroup_ewma[maj_pos],DI_star,0.007483564563174528,0.16959985268660055,0.04108687602351756,0.16515188175221435,20
meps,abrupt_global_mag0.5,lr,per_subgroup_ewma[maj_pos],AOD_star,0.0367669172932331,0.20181519810794246,0.0417705145791795,0.20511548280404338,20
meps,abrupt_global_mag0.5,lr,per_subgroup_ewma[maj_pos],BalAcc,0.019582831915093035,0.21494636908586892,0.027078320463665623,0.24508568878016526,20
meps,abrupt_global_mag0.5,lr,per_subgroup_baseline_relative[maj_pos],DI_star,0.05714472376169879,0.2246496234469451,0.06944516301615114,0.20515849719228205,20
meps,abrupt_global_mag0.5,lr,per_subgroup_baseline_relative[maj_pos],AOD_star,0.007518796992481214,0.2494663873809945,0.006626081725206334,0.23056286546457885,20
meps,abrupt_global_mag0.5,lr,per_subgroup_baseline_relative[maj_pos],BalAcc,0.03781083798425272,0.28561754254797456,-0.018298028788063254,0.27260171928680743,20
meps,abrupt_global_mag0.5,xgb,global_mean,DI_star,-0.041886798056139325,0.23072802741704387,-0.16358907410749934,0.24358432423446583,20
meps,abrupt_global_mag0.5,xgb,global_mean,AOD_star,-0.13112781954887215,0.2441336595203142,-0.14692269321206858,0.2513626084133799,20
meps,abrupt_global_mag0.5,xgb,global_mean,BalAcc,0.05973515932009529,0.24873631802368346,-0.06161005912783598,0.26239434629875974,20
meps,abrupt_global_mag0.5,xgb,global_ewma,DI_star,-0.13466875294335737,0.2295244883099285,-0.18152515407149322,0.21680508888478064,20
meps,abrupt_global_mag0.5,xgb,global_ewma,AOD_star,-0.13338345864661652,0.22823337684498718,-0.1311665935595319,0.21252398600089964,20
meps,abrupt_global_mag0.5,xgb,global_ewma,BalAcc,0.011202752979864053,0.21479436550910402,-0.04708367221511307,0.2397520657919736,20
meps,abrupt_global_mag0.5,xgb,global_std,DI_star,0.16699952344681918,0.19936038818542945,0.19115797229996298,0.23391496522217345,20
meps,abrupt_global_mag0.5,xgb,global_std,AOD_star,0.10781954887218044,0.2807970613353843,0.1262235206625128,0.24536342350614473,20
meps,abrupt_global_mag0.5,xgb,global_std,BalAcc,0.10986300149518222,0.21707515139434472,0.09122741811965425,0.25902071966444756,20
meps,abrupt_global_mag0.5,xgb,subgroup_violation_diff,DI_star,-0.16711362051952666,0.26594718058873734,-0.17873859053238114,0.2531427664027347,20
meps,abrupt_global_mag0.5,xgb,subgroup_violation_diff,AOD_star,-0.1588721804511278,0.25210438861691253,-0.14380045352393633,0.24986532667688288,20
meps,abrupt_global_mag0.5,xgb,subgroup_violation_diff,BalAcc,0.0166598624643373,0.23130964740763055,-0.0643766509466169,0.2479638386604949,20
meps,abrupt_global_mag0.5,xgb,max_subgroup_deviation,DI_star,-0.16046116796634868,0.2448683060284658,-0.18765216864095582,0.23543987597613442,20
meps,abrupt_global_mag0.5,xgb,max_subgroup_deviation,AOD_star,-0.1576691729323308,0.25715572891320876,-0.1622930469034735,0.23901455011755438,20
meps,abrupt_global_mag0.5,xgb,max_subgroup_deviation,BalAcc,0.04876410746650022,0.24568047137903817,-0.06111924288996838,0.27069131609296,20
meps,abrupt_global_mag0.5,xgb,assignment_proportion_drift,DI_star,-0.1905599865279871,0.18066653204883973,-0.1891292127035055,0.23250402391796002,20
meps,abrupt_global_mag0.5,xgb,assignment_proportion_drift,AOD_star,-0.15740841172593148,0.2387705010092515,-0.14895492665396246,0.2456114279811909,20
meps,abrupt_global_mag0.5,xgb,assignment_proportion_drift,BalAcc,-0.09176164993886879,0.2643102574482812,-0.08223530564109581,0.2676044904052875,20
meps,abrupt_global_mag0.5,xgb,ks_statistic,DI_star,-0.12354271516701584,0.2577281584948788,-0.17894837445471282,0.24264566877560295,20
meps,abrupt_global_mag0.5,xgb,ks_statistic,AOD_star,-0.14593984962406012,0.26029048988776077,-0.1450985958365449,0.2502209316529175,20
meps,abrupt_global_mag0.5,xgb,ks_statistic,BalAcc,-0.09215381645802594,0.2632284750610582,-0.07608058327541055,0.26700752439380987,20
meps,abrupt_global_mag0.5,xgb,kl_divergence,DI_star,-0.11696098201138412,0.21076559225298644,-0.15927629479224487,0.2440288468373523,20
meps,abrupt_global_mag0.5,xgb,kl_divergence,AOD_star,-0.1362406015037594,0.28431926948583885,-0.12151744736498246,0.2709826263738158,20
meps,abrupt_global_mag0.5,xgb,kl_divergence,BalAcc,-0.005115355626320409,0.19823632455256399,-0.0372065345462904,0.22974376429272317,20
meps,abrupt_global_mag0.5,xgb,per_subgroup_ewma[min_neg],DI_star,nan,nan,nan,nan,0
meps,abrupt_global_mag0.5,xgb,per_subgroup_ewma[min_neg],AOD_star,nan,nan,nan,nan,0
meps,abrupt_global_mag0.5,xgb,per_subgroup_ewma[min_neg],BalAcc,nan,nan,nan,nan,0
meps,abrupt_global_mag0.5,xgb,per_subgroup_baseline_relative[min_neg],DI_star,nan,nan,nan,nan,0
meps,abrupt_global_mag0.5,xgb,per_subgroup_baseline_relative[min_neg],AOD_star,nan,nan,nan,nan,0
meps,abrupt_global_mag0.5,xgb,per_subgroup_baseline_relative[min_neg],BalAcc,nan,nan,nan,nan,0
meps,abrupt_global_mag0.5,xgb,per_subgroup_ewma[min_pos],DI_star,-0.13752620690364045,0.24403438572887176,-0.18553180446814083,0.21756456284109274,20
meps,abrupt_global_mag0.5,xgb,per_subgroup_ewma[min_pos],AOD_star,-0.12999999999999998,0.23237266333788495,-0.13395285625948655,0.21181828889081633,20
meps,abrupt_global_mag0.5,xgb,per_subgroup_ewma[min_pos],BalAcc,0.008120979522367575,0.20113727195115458,-0.0469063251268101,0.23906366494928247,20
meps,abrupt_global_mag0.5,xgb,per_subgroup_baseline_relative[min_pos],DI_star,-0.12726419443410192,0.2673568406784192,-0.17866377971444514,0.24854516189076575,20
meps,abrupt_global_mag0.5,xgb,per_subgroup_baseline_relative[min_pos],AOD_star,-0.15105263157894736,0.29041540987787356,-0.1505529996323163,0.252142882964318,20
meps,abrupt_global_mag0.5,xgb,per_subgroup_baseline_relative[min_pos],BalAcc,0.049592306419819605,0.22982471689411524,-0.062663865079924,0.25673972919526294,20
meps,abrupt_global_mag0.5,xgb,per_subgroup_ewma[maj_neg],DI_star,-0.15654439228105577,0.2543744263452807,-0.17685392990111243,0.21756806248897448,19
meps,abrupt_global_mag0.5,xgb,per_subgroup_ewma[maj_neg],AOD_star,-0.1498386711079949,0.2273524496529519,-0.13068369877891486,0.22334680563380088,19
meps,abrupt_global_mag0.5,xgb,per_subgroup_ewma[maj_neg],BalAcc,-0.0023713416190456545,0.2713774948466125,-0.039513328302695036,0.288345906446422,19
meps,abrupt_global_mag0.5,xgb,per_subgroup_baseline_relative[maj_neg],DI_star,-0.0211998494730177,0.25110967561594055,-0.06062284146097981,0.23239346727850002,19
meps,abrupt_global_mag0.5,xgb,per_subgroup_baseline_relative[maj_neg],AOD_star,0.016785118454150337,0.16334169747483449,-0.04417608853646429,0.20535890616835292,19
meps,abrupt_global_mag0.5,xgb,per_subgroup_baseline_relative[maj_neg],BalAcc,0.030046506538008742,0.23680793632834787,0.016855972978227426,0.26164455180670426,19
meps,abrupt_global_mag0.5,xgb,per_subgroup_ewma[maj_pos],DI_star,-0.147225143920801,0.21933110996767746,-0.17855869198393404,0.2095261308982677,20
meps,abrupt_global_mag0.5,xgb,per_subgroup_ewma[maj_pos],AOD_star,-0.14293233082706763,0.2140174947134388,-0.12871131099593763,0.21318238156584784,20
meps,abrupt_global_mag0.5,xgb,per_subgroup_ewma[maj_pos],BalAcc,0.0051849154576166095,0.2208174601229613,-0.04882299182656834,0.2413026585451702,20
meps,abrupt_global_mag0.5,xgb,per_subgroup_baseline_relative[maj_pos],DI_star,-0.07981925615267345,0.21032268753828942,-0.165662433039413,0.2122752392477547,20
meps,abrupt_global_mag0.5,xgb,per_subgroup_baseline_relative[maj_pos],AOD_star,-0.1564661654135338,0.24163147729139617,-0.16253585063910056,0.2393741490232125,20
meps,abrupt_global_mag0.5,xgb,per_subgroup_baseline_relative[maj_pos],BalAcc,0.002699668109274224,0.26080633613103027,-0.06464245453350263,0.2820901847021131,20
meps,abrupt_global_mag1.0,lr,global_mean,DI_star,0.09233082706766915,0.2227216415557237,0.08125404617585194,0.22192723363132572,20
meps,abrupt_global_mag1.0,lr,global_mean,AOD_star,0.011503759398496231,0.2630467112065004,0.01327335329928441,0.2318955983128282,20
meps,abrupt_global_mag1.0,lr,global_mean,BalAcc,0.07590068598234452,0.20379102663991294,-0.036475109336186376,0.25663971848840655,20
meps,abrupt_global_mag1.0,lr,global_ewma,DI_star,0.0506766917293233,0.18531606265410147,0.05342834204643894,0.1926219883030745,20
meps,abrupt_global_mag1.0,lr,global_ewma,AOD_star,0.04240601503759399,0.22340551286449126,0.033062494496097786,0.21743852510036657,20
meps,abrupt_global_mag1.0,lr,global_ewma,BalAcc,-0.010194149564462051,0.22382690270808042,0.007150417976904726,0.2338986141797534,20
meps,abrupt_global_mag1.0,lr,global_std,DI_star,0.00030075187969923753,0.24413180700975706,-0.05948520181082819,0.2269295941696315,20
meps,abrupt_global_mag1.0,lr,global_std,AOD_star,-0.01849624060150376,0.21330979457264787,-0.014396025535849993,0.21437279985787083,20
meps,abrupt_global_mag1.0,lr,global_std,BalAcc,0.07402935823690801,0.24049794047899667,0.0430808637850609,0.25634115101203253,20
meps,abrupt_global_mag1.0,lr,subgroup_violation_diff,DI_star,0.06473684210526315,0.20841935736922979,0.09020319419224217,0.21426614295736082,20
meps,abrupt_global_mag1.0,lr,subgroup_violation_diff,AOD_star,0.010902255639097747,0.24982683810216255,0.024840406744670706,0.21741223792717382,20
meps,abrupt_global_mag1.0,lr,subgroup_violation_diff,BalAcc,-0.06891558640839265,0.23927436056232093,-0.04210678793682249,0.23734621559800909,20
meps,abrupt_global_mag1.0,lr,max_subgroup_deviation,DI_star,0.06158768653845244,0.24732329918259432,0.07735843647175429,0.21999568881812448,20
meps,abrupt_global_mag1.0,lr,max_subgroup_deviation,AOD_star,-0.0027074739698847855,0.28874824641319224,0.007159888709069423,0.2346620305043669,20
meps,abrupt_global_mag1.0,lr,max_subgroup_deviation,BalAcc,0.004493487379936057,0.24703797082655252,-0.038911292768711345,0.26181040287576973,20
meps,abrupt_global_mag1.0,lr,assignment_proportion_drift,DI_star,-0.004211037289289521,0.23556900617815327,0.060759776715936034,0.20937082748477645,20
meps,abrupt_global_mag1.0,lr,assignment_proportion_drift,AOD_star,0.010572440660840354,0.23444445279638312,0.019141251073571983,0.20975022906898114,20
meps,abrupt_global_mag1.0,lr,assignment_proportion_drift,BalAcc,-0.07101071754409907,0.25467084481618824,-0.048472526530914266,0.2535006680587467,20
meps,abrupt_global_mag1.0,lr,ks_statistic,DI_star,0.05924812030075188,0.21946563464852178,0.07520576629582429,0.2215311899338886,20
meps,abrupt_global_mag1.0,lr,ks_statistic,AOD_star,0.002406015037593982,0.23597497306577342,0.012743104701668543,0.22705836845335425,20
meps,abrupt_global_mag1.0,lr,ks_statistic,BalAcc,-0.035417323636477094,0.22150524540972052,-0.04183598433459958,0.2579140774690047,20
meps,abrupt_global_mag1.0,lr,kl_divergence,DI_star,0.06999999999999999,0.19761165105678352,0.09727275832424676,0.20364048429469986,20
meps,abrupt_global_mag1.0,lr,kl_divergence,AOD_star,0.03669172932330826,0.1933511824232631,0.04023949992447295,0.2256548315199455,20
meps,abrupt_global_mag1.0,lr,kl_divergence,BalAcc,-0.03977901779101871,0.2751510762018971,-0.03812641576338577,0.2598381043619816,20
meps,abrupt_global_mag1.0,lr,per_subgroup_ewma[min_neg],DI_star,nan,nan,nan,nan,0
meps,abrupt_global_mag1.0,lr,per_subgroup_ewma[min_neg],AOD_star,nan,nan,nan,nan,0
meps,abrupt_global_mag1.0,lr,per_subgroup_ewma[min_neg],BalAcc,nan,nan,nan,nan,0
meps,abrupt_global_mag1.0,lr,per_subgroup_baseline_relative[min_neg],DI_star,nan,nan,nan,nan,0
meps,abrupt_global_mag1.0,lr,per_subgroup_baseline_relative[min_neg],AOD_star,nan,nan,nan,nan,0
meps,abrupt_global_mag1.0,lr,per_subgroup_baseline_relative[min_neg],BalAcc,nan,nan,nan,nan,0
meps,abrupt_global_mag1.0,lr,per_subgroup_ewma[min_pos],DI_star,0.052105263157894745,0.18923560349453142,0.053279830182666674,0.19216823330987737,20
meps,abrupt_global_mag1.0,lr,per_subgroup_ewma[min_pos],AOD_star,0.044285714285714296,0.2250759006658556,0.032677138894446345,0.2171383699745096,20
meps,abrupt_global_mag1.0,lr,per_subgroup_ewma[min_pos],BalAcc,-0.01470534291363978,0.21677460574012467,0.0076979950753440175,0.23245800511131823,20
meps,abrupt_global_mag1.0,lr,per_subgroup_baseline_relative[min_pos],DI_star,0.0863157894736842,0.2162949726159273,0.08364862762176276,0.22162313997589558,20
meps,abrupt_global_mag1.0,lr,per_subgroup_baseline_relative[min_pos],AOD_star,0.006842105263157899,0.24677441993973637,0.016047228947507066,0.2318979193135413,20
meps,abrupt_global_mag1.0,lr,per_subgroup_baseline_relative[min_pos],BalAcc,0.008907978522507723,0.22960798649932684,-0.03753916254916981,0.25378672129129437,20
meps,abrupt_global_mag1.0,lr,per_subgroup_ewma[maj_neg],DI_star,-0.0040921899137738174,0.18526047748052032,-0.01804679080042558,0.1974531307486828,19
meps,abrupt_global_mag1.0,lr,per_subgroup_ewma[maj_neg],AOD_star,-0.013706658225882252,0.2906557996017827,-0.0012252521697751456,0.31978751443205816,19
meps,abrupt_global_mag1.0,lr,per_subgroup_ewma[maj_neg],BalAcc,0.03099731471525607,0.23784531074934817,0.04671832004089003,0.24139427584051165,19
meps,abrupt_global_mag1.0,lr,per_subgroup_baseline_relative[maj_neg],DI_star,0.0022094287693316264,0.27374304586866843,0.03457114161281637,0.22757050386273936,19
meps,abrupt_global_mag1.0,lr,per_subgroup_baseline_relative[maj_neg],AOD_star,0.013156944318299599,0.3130176387819128,0.02193687382070104,0.3001441002753217,19
meps,abrupt_global_mag1.0,lr,per_subgroup_baseline_relative[maj_neg],BalAcc,0.051250404503642585,0.2640769443394489,0.05011301813222348,0.23026754897859347,19
meps,abrupt_global_mag1.0,lr,per_subgroup_ewma[maj_pos],DI_star,0.04225563909774436,0.1890309303628383,0.05359217973240513,0.1928972777637884,20
meps,abrupt_global_mag1.0,lr,per_subgroup_ewma[maj_pos],AOD_star,0.03834586466165413,0.221077437102413,0.03318730203265703,0.21887652438847893,20
meps,abrupt_global_mag1.0,lr,per_subgroup_ewma[maj_pos],BalAcc,-0.012599853498915764,0.22728275306620926,0.00737991667738921,0.23564923008507677,20
meps,abrupt_global_mag1.0,lr,per_subgroup_baseline_relative[maj_pos],DI_star,0.045187969924812034,0.2362417381746631,0.07395329878896616,0.2223850586050624,20
meps,abrupt_global_mag1.0,lr,per_subgroup_baseline_relative[maj_pos],AOD_star,0.0036842105263157933,0.2602053377553401,0.006455297029159443,0.23039233859841426,20
meps,abrupt_global_mag1.0,lr,per_subgroup_baseline_relative[maj_pos],BalAcc,0.0365405897666598,0.22076576448896904,-0.03500924229463406,0.2618597613000912,20
meps,abrupt_global_mag1.0,xgb,global_mean,DI_star,0.46765766211614057,0.27905250335016357,0.6927799850888523,0.4207725785325959,20
meps,abrupt_global_mag1.0,xgb,global_mean,AOD_star,-0.14736842105263154,0.32992117940988896,-0.26207086433189525,0.45538081967452154,20
meps,abrupt_global_mag1.0,xgb,global_mean,BalAcc,-0.48820292691506734,0.1288399611765746,-0.808788292625253,0.14972754198844626,20
meps,abrupt_global_mag1.0,xgb,global_ewma,DI_star,0.45683226309108366,0.28227367615880833,0.5942772847720327,0.379238478664978,20
meps,abrupt_global_mag1.0,xgb,global_ewma,AOD_star,-0.1807518796992481,0.3588240918996133,-0.20903838939089456,0.4153186511207656,20
meps,abrupt_global_mag1.0,xgb,global_ewma,BalAcc,-0.51605875465439,0.09468491939157818,-0.6762757108480688,0.11862991608462377,20
meps,abrupt_global_mag1.0,xgb,global_std,DI_star,-0.4041989023711846,0.3213691480534902,-0.6794560866662858,0.42323718305085256,20
meps,abrupt_global_mag1.0,xgb,global_std,AOD_star,0.16766917293233077,0.3957240787440454,0.2552574805331326,0.4612972134528789,20
meps,abrupt_global_mag1.0,xgb,global_std,BalAcc,0.5402756161613996,0.13346814780376434,0.8061090487614818,0.1556207255210576,20
meps,abrupt_global_mag1.0,xgb,subgroup_violation_diff,DI_star,0.4555520030087945,0.29262444319812936,0.6739811544730209,0.4168617458194119,20
meps,abrupt_global_mag1.0,xgb,subgroup_violation_diff,AOD_star,-0.20345864661654134,0.33935658560412263,-0.26080005060455985,0.4417333090623568,20
meps,abrupt_global_mag1.0,xgb,subgroup_violation_diff,BalAcc,-0.5633585491851463,0.11639107000930876,-0.7891554362864983,0.1377239598619211,20
meps,abrupt_global_mag1.0,xgb,max_subgroup_deviation,DI_star,0.4463170975223082,0.265194069703701,0.6816522840642754,0.41491582910946717,20
meps,abrupt_global_mag1.0,xgb,max_subgroup_deviation,AOD_star,-0.18938096840818686,0.3571616961014489,-0.2631339817895194,0.4400047202302945,20
meps,abrupt_global_mag1.0,xgb,max_subgroup_deviation,BalAcc,-0.5119375361501078,0.12232763620786345,-0.7953704720107326,0.15873549105087253,20
meps,abrupt_global_mag1.0,xgb,assignment_proportion_drift,DI_star,0.41359707018780095,0.3101055336774695,0.6748469251907883,0.42154212210752523,20
meps,abrupt_global_mag1.0,xgb,assignment_proportion_drift,AOD_star,-0.2162369556616099,0.3821666183782354,-0.26341916359911266,0.46395718277372505,20
meps,abrupt_global_mag1.0,xgb,assignment_proportion_drift,BalAcc,-0.5475498980615711,0.1172586055826756,-0.7973570212903472,0.1491912162696995,20
meps,abrupt_global_mag1.0,xgb,ks_statistic,DI_star,0.35551453629329866,0.2690763561804808,0.6888276041207846,0.42185471387738127,20
meps,abrupt_global_mag1.0,xgb,ks_statistic,AOD_star,-0.225187969924812,0.3089517051024366,-0.2647745589749015,0.45570889121097546,20
meps,abrupt_global_mag1.0,xgb,ks_statistic,BalAcc,-0.47158791279528167,0.09575159148742257,-0.8096954999934214,0.1504716222318287,20
meps,abrupt_global_mag1.0,xgb,kl_divergence,DI_star,0.3773557506701911,0.30689414758298106,0.6590227793389831,0.4189433786680407,20
meps,abrupt_global_mag1.0,xgb,kl_divergence,AOD_star,-0.18766917293233082,0.3798133082610838,-0.24737089386429972,0.4616877309057715,20
meps,abrupt_global_mag1.0,xgb,kl_divergence,BalAcc,-0.46245258859046884,0.14226117621184378,-0.7803772944794278,0.15532187691828436,20
meps,abrupt_global_mag1.0,xgb,per_subgroup_ewma[min_neg],DI_star,nan,nan,nan,nan,0
meps,abrupt_global_mag1.0,xgb,per_subgroup_ewma[min_neg],AOD_star,nan,nan,nan,nan,0
meps,abrupt_global_mag1.0,xgb,per_subgroup_ewma[min_neg],BalAcc,nan,nan,nan,nan,0
meps,abrupt_global_mag1.0,xgb,per_subgroup_baseline_relative[min_neg],DI_star,nan,nan,nan,nan,0
meps,abrupt_global_mag1.0,xgb,per_subgroup_baseline_relative[min_neg],AOD_star,nan,nan,nan,nan,0
meps,abrupt_global_mag1.0,xgb,per_subgroup_baseline_relative[min_neg],BalAcc,nan,nan,nan,nan,0
meps,abrupt_global_mag1.0,xgb,per_subgroup_ewma[min_pos],DI_star,0.4561555430796568,0.2797893466992742,0.5944426202042119,0.3794721285133174,20
meps,abrupt_global_mag1.0,xgb,per_subgroup_ewma[min_pos],AOD_star,-0.18075187969924808,0.3551097174309273,-0.20822943836987373,0.4159343957587697,20
meps,abrupt_global_mag1.0,xgb,per_subgroup_ewma[min_pos],BalAcc,-0.5183147048552746,0.08784007514209557,-0.6757175466895903,0.11926667083258043,20
meps,abrupt_global_mag1.0,xgb,per_subgroup_baseline_relative[min_pos],DI_star,0.46998880028695,0.2837809652853248,0.6912822919777263,0.4231863776405589,20
meps,abrupt_global_mag1.0,xgb,per_subgroup_baseline_relative[min_pos],AOD_star,-0.18744360902255633,0.3448806777607317,-0.2629498245993665,0.4561618329973984,20
meps,abrupt_global_mag1.0,xgb,per_subgroup_baseline_relative[min_pos],BalAcc,-0.5271522185191692,0.11055551582477252,-0.8072324482335012,0.14735495053959832,20
meps,abrupt_global_mag1.0,xgb,per_subgroup_ewma[maj_neg],DI_star,0.32452312298105324,0.2782606583652825,0.40951016096782444,0.3525622571065456,19
meps,abrupt_global_mag1.0,xgb,per_subgroup_ewma[maj_neg],AOD_star,-0.1502585398836351,0.31534364522791614,-0.15321411294987503,0.3388176424306348,19
meps,abrupt_global_mag1.0,xgb,per_subgroup_ewma[maj_neg],BalAcc,-0.3847106950623019,0.2029261442666159,-0.46798777116529616,0.2081248840865886,19
meps,abrupt_global_mag1.0,xgb,per_subgroup_baseline_relative[maj_neg],DI_star,-0.00954255006641265,0.3965886057930542,0.24076980405328352,0.367894526632556,19
meps,abrupt_global_mag1.0,xgb,per_subgroup_baseline_relative[maj_neg],AOD_star,0.0026306239150780484,0.244858135983478,-0.10764191897942114,0.25619437996042965,19
meps,abrupt_global_mag1.0,xgb,per_subgroup_baseline_relative[maj_neg],BalAcc,0.023765718732049263,0.3689772155715528,-0.2852217291468246,0.2843252967929297,19
meps,abrupt_global_mag1.0,xgb,per_subgroup_ewma[maj_pos],DI_star,0.4501406186140863,0.28462113866570565,0.5928552264131436,0.37967671715292145,20
meps,abrupt_global_mag1.0,xgb,per_subgroup_ewma[maj_pos],AOD_star,-0.1812781954887218,0.36131757900708633,-0.20953730942281473,0.41524113544480107,20
meps,abrupt_global_mag1.0,xgb,per_subgroup_ewma[maj_pos],BalAcc,-0.5165850704438637,0.09521840535121598,-0.675770816063435,0.11880291841516795,20
meps,abrupt_global_mag1.0,xgb,per_subgroup_baseline_relative[maj_pos],DI_star,0.442360120255207,0.257444401400396,0.6862506049914667,0.4180704914783734,20
meps,abrupt_global_mag1.0,xgb,per_subgroup_baseline_relative[maj_pos],AOD_star,-0.15052631578947367,0.37939521811439353,-0.2628529662885689,0.45857021452097213,20
meps,abrupt_global_mag1.0,xgb,per_subgroup_baseline_relative[maj_pos],BalAcc,-0.4915854522522632,0.13657125989607033,-0.8052473731504477,0.15097094171693967,20
meps,abrupt_global_mag2.0,lr,global_mean,DI_star,0.10827067669172932,0.25269691242561215,0.11568049927396065,0.28409185841280715,20
meps,abrupt_global_mag2.0,lr,global_mean,AOD_star,0.011879699248120296,0.26719985044322897,-0.0016873855691960093,0.2464020156017988,20
meps,abrupt_global_mag2.0,lr,global_mean,BalAcc,0.015678572489216794,0.2238565566984253,-0.05288456671035896,0.27933987386165926,20
meps,abrupt_global_mag2.0,lr,global_ewma,DI_star,0.06593984962406016,0.24300224953343239,0.0811264944631033,0.24349533237424595,20
meps,abrupt_global_mag2.0,lr,global_ewma,AOD_star,0.02984962406015037,0.21668347205547528,0.012314912147019876,0.21754622766728016,20
meps,abrupt_global_mag2.0,lr,global_ewma,BalAcc,0.003499196081336376,0.2611152023722228,0.0031947125201509095,0.2590517780232341,20
meps,abrupt_global_mag2.0,lr,global_std,DI_star,-0.11624060150375937,0.2616762154714417,-0.10237022096606582,0.29591363146558125,20
meps,abrupt_global_mag2.0,lr,global_std,AOD_star,-0.056315789473684194,0.22294797647617878,-0.008680921851426686,0.2296393197453552,20
meps,abrupt_global_mag2.0,lr,global_std,BalAcc,0.051129488192988196,0.20551091113114991,0.05580971669268703,0.2661330000791568,20
meps,abrupt_global_mag2.0,lr,subgroup_violation_diff,DI_star,0.07270676691729323,0.22278045772045071,0.095772755591553,0.22626645930998832,20
meps,abrupt_global_mag2.0,lr,subgroup_violation_diff,AOD_star,0.07210526315789473,0.21196632913663196,0.058724578940945,0.20033574820442665,20
meps,abrupt_global_mag2.0,lr,subgroup_violation_diff,BalAcc,0.06266898909865702,0.22582350302288307,0.021697796900499552,0.20028165009343052,20
meps,abrupt_global_mag2.0,lr,max_subgroup_deviation,DI_star,0.10488721804511278,0.2022636748270913,0.11830956624831165,0.2816526878791559,20
meps,abrupt_global_mag2.0,lr,max_subgroup_deviation,AOD_star,-0.0057894736842105205,0.23694509039164405,-0.0023651607435201576,0.24553355461000173,20
meps,abrupt_global_mag2.0,lr,max_subgroup_deviation,BalAcc,-0.058796426839129765,0.2501273776413521,-0.05510288308657727,0.27802956751781094,20
meps,abrupt_global_mag2.0,lr,assignment_proportion_drift,DI_star,0.11178160704249032,0.24869542699985808,0.11316835369734835,0.284410734209311,20
meps,abrupt_global_mag2.0,lr,assignment_proportion_drift,AOD_star,0.029524582458354053,0.170066821022282,0.0025185758299150806,0.22935497779109254,20
meps,abrupt_global_mag2.0,lr,assignment_proportion_drift,BalAcc,-0.07302143092154863,0.26740559771564154,-0.0560315533389222,0.28026685152148867,20
meps,abrupt_global_mag2.0,lr,ks_statistic,DI_star,0.14204152447991517,0.2691074640891961,0.11190162047313645,0.28758507601122285,20
meps,abrupt_global_mag2.0,lr,ks_statistic,AOD_star,0.019767981635767,0.23058788797375251,-0.0019804661153077483,0.2426566963848603,20
meps,abrupt_global_mag2.0,lr,ks_statistic,BalAcc,-0.05263816702419496,0.254808097631937,-0.054200640976790004,0.27980225537154085,20
meps,abrupt_global_mag2.0,lr,kl_divergence,DI_star,0.1094736842105263,0.20616349406541892,0.1203136653627852,0.2784317715562138,20
meps,abrupt_global_mag2.0,lr,kl_divergence,AOD_star,0.006315789473684203,0.24263641357653623,0.001337248665491178,0.25117374288133915,20
meps,abrupt_global_mag2.0,lr,kl_divergence,BalAcc,-0.06733284923808094,0.25802637551321633,-0.06887185482550237,0.2655690301708909,20
meps,abrupt_global_mag2.0,lr,per_subgroup_ewma[min_neg],DI_star,nan,nan,nan,nan,0
meps,abrupt_global_mag2.0,lr,per_subgroup_ewma[min_neg],AOD_star,nan,nan,nan,nan,0
meps,abrupt_global_mag2.0,lr,per_subgroup_ewma[min_neg],BalAcc,nan,nan,nan,nan,0
meps,abrupt_global_mag2.0,lr,per_subgroup_baseline_relative[min_neg],DI_star,nan,nan,nan,nan,0
meps,abrupt_global_mag2.0,lr,per_subgroup_baseline_relative[min_neg],AOD_star,nan,nan,nan,nan,0
meps,abrupt_global_mag2.0,lr,per_subgroup_baseline_relative[min_neg],BalAcc,nan,nan,nan,nan,0
meps,abrupt_global_mag2.0,lr,per_subgroup_ewma[min_pos],DI_star,0.06721804511278195,0.2451700196097834,0.0808409720798087,0.24381605516492763,20
meps,abrupt_global_mag2.0,lr,per_subgroup_ewma[min_pos],AOD_star,0.03330827067669172,0.22101850025487793,0.012345995735430904,0.21799804215534446,20
meps,abrupt_global_mag2.0,lr,per_subgroup_ewma[min_pos],BalAcc,-0.0011624580540019538,0.25374096624616244,0.0034239807388080205,0.25790804770880815,20
meps,abrupt_global_mag2.0,lr,per_subgroup_baseline_relative[min_pos],DI_star,0.08947368421052632,0.26423089517986054,0.11627250732609415,0.28752926334644124,20
meps,abrupt_global_mag2.0,lr,per_subgroup_baseline_relative[min_pos],AOD_star,0.016992481203007503,0.2789577445732446,0.0008029014384918779,0.24902596638081823,20
meps,abrupt_global_mag2.0,lr,per_subgroup_baseline_relative[min_pos],BalAcc,0.006956937670560559,0.2474966279384287,-0.052106445600165585,0.27807944787092914,20
meps,abrupt_global_mag2.0,lr,per_subgroup_ewma[maj_neg],DI_star,0.058385094691818615,0.2523914568026676,0.07206163784783189,0.24673122714912432,18
meps,abrupt_global_mag2.0,lr,per_subgroup_ewma[maj_neg],AOD_star,0.04502243244725097,0.16599858680668586,0.052720213548397996,0.22368131254723056,18
meps,abrupt_global_mag2.0,lr,per_subgroup_ewma[maj_neg],BalAcc,4.325992347241887e-05,0.24832898267870054,0.0021383351733131415,0.24532848958555262,18
meps,abrupt_global_mag2.0,lr,per_subgroup_baseline_relative[maj_neg],DI_star,0.060445082440084605,0.20743815684215414,0.09436923892217909,0.22019170366033633,18
meps,abrupt_global_mag2.0,lr,per_subgroup_baseline_relative[maj_neg],AOD_star,0.013157730734508806,0.22256914690469515,0.02882034075238968,0.2255666619813194,18
meps,abrupt_global_mag2.0,lr,per_subgroup_baseline_relative[maj_neg],BalAcc,-0.018964895786474537,0.25449137978301783,0.01744839869825622,0.27132126985760757,18
meps,abrupt_global_mag2.0,lr,per_subgroup_ewma[maj_pos],DI_star,0.060075187969924795,0.2514398471227783,0.08155031754402783,0.24429489963635717,20
meps,abrupt_global_mag2.0,lr,per_subgroup_ewma[maj_pos],AOD_star,0.026015037593984956,0.21022217558339473,0.011991962257319369,0.21786219098453324,20
meps,abrupt_global_mag2.0,lr,per_subgroup_ewma[maj_pos],BalAcc,0.0026721284121634403,0.2637746402888947,0.0035702221684880326,0.2591607075035775,20
meps,abrupt_global_mag2.0,lr,per_subgroup_baseline_relative[maj_pos],DI_star,0.10601503759398496,0.20240707638059777,0.11769477739472009,0.2828040013985521,20
meps,abrupt_global_mag2.0,lr,per_subgroup_baseline_relative[maj_pos],AOD_star,-0.003383458646616537,0.23632901816717117,-0.0015298557934766838,0.24587610703789328,20
meps,abrupt_global_mag2.0,lr,per_subgroup_baseline_relative[maj_pos],BalAcc,-0.059473118568453075,0.2535959587387564,-0.05449753121978449,0.27833110926631405,20
meps,abrupt_global_mag2.0,xgb,global_mean,DI_star,0.7410238235045276,0.01111804728766134,0.9914832929697777,0.005705422663880948,20
meps,abrupt_global_mag2.0,xgb,global_mean,AOD_star,0.7401344763366998,0.011171056383903446,0.9448353395809646,0.03929859486886041,20
meps,abrupt_global_mag2.0,xgb,global_mean,BalAcc,-0.7393439455208529,0.01082298472418794,-0.9856993194236809,0.010705369808301965,20
meps,abrupt_global_mag2.0,xgb,global_ewma,DI_star,0.7418143543203746,0.011167122220589375,0.8447914428062298,0.0057072104137841665,20
meps,abrupt_global_mag2.0,xgb,global_ewma,AOD_star,0.7400356599847189,0.009152656232042299,0.806068959449402,0.033452853869492115,20
meps,abrupt_global_mag2.0,xgb,global_ewma,BalAcc,-0.7391463128168912,0.009580600781620277,-0.8400344879227937,0.009588142683836377,20
meps,abrupt_global_mag2.0,xgb,global_std,DI_star,-0.7407273744485849,0.009814210048450622,-0.9773291349436729,0.01701373733134302,20
meps,abrupt_global_mag2.0,xgb,global_std,AOD_star,-0.7437906813599919,0.009380269407371359,-0.9384589246677205,0.043597850677416845,20
meps,abrupt_global_mag2.0,xgb,global_std,BalAcc,0.7400356599847189,0.010028277566077338,0.9721496052562382,0.018354097587441175,20
meps,abrupt_global_mag2.0,xgb,subgroup_violation_diff,DI_star,0.24210006235312612,0.5747495771702466,0.3006583520697671,0.6714791193253327,20
meps,abrupt_global_mag2.0,xgb,subgroup_violation_diff,AOD_star,0.24644798184028432,0.5695440901784183,0.29026582298369086,0.6474965113508038,20
meps,abrupt_global_mag2.0,xgb,subgroup_violation_diff,BalAcc,-0.2403213680174705,0.5705935115083693,-0.2856425263983303,0.6685507750263306,20
meps,abrupt_global_mag2.0,xgb,max_subgroup_deviation,DI_star,0.7395415782248147,0.01041282437355157,0.9874803893771388,0.008675047751894092,20
meps,abrupt_global_mag2.0,xgb,max_subgroup_deviation,AOD_star,0.7396403945767955,0.010036064252733318,0.9399885134904208,0.04059173451831356,20
meps,abrupt_global_mag2.0,xgb,max_subgroup_deviation,BalAcc,-0.7408261908005659,0.009504366117494703,-0.9825880079505962,0.012436058683631056,20
meps,abrupt_global_mag2.0,xgb,assignment_proportion_drift,DI_star,0.7443842935828243,0.007533542394137198,0.9842062431443903,0.008695137027672465,20
meps,abrupt_global_mag2.0,xgb,assignment_proportion_drift,AOD_star,0.7432957822478384,0.008041491476020774,0.9397459548631757,0.03711778108130675,20
meps,abrupt_global_mag2.0,xgb,assignment_proportion_drift,BalAcc,-0.7408198700517172,0.008823185336048518,-0.977486271135407,0.01535542694012649,20
meps,abrupt_global_mag2.0,xgb,ks_statistic,DI_star,0.7414914888314046,0.010959041709572938,0.9917317928936322,0.006072204558762865,20
meps,abrupt_global_mag2.0,xgb,ks_statistic,AOD_star,0.7401016357124404,0.010582314271543493,0.9458472477638106,0.03817646385637388,20
meps,abrupt_global_mag2.0,xgb,ks_statistic,BalAcc,-0.7445569758902146,0.009557285429622647,-0.9863143662189948,0.010952665941045122,20
meps,abrupt_global_mag2.0,xgb,kl_divergence,DI_star,0.7396403945767954,0.009699619019332811,0.9695175343582388,0.010035752763286923,20
meps,abrupt_global_mag2.0,xgb,kl_divergence,AOD_star,0.7363794549614269,0.009710183686213026,0.9251740224443393,0.037436635900622975,20
meps,abrupt_global_mag2.0,xgb,kl_divergence,BalAcc,-0.7425060687842407,0.011058605013704726,-0.9640542681941561,0.01295960757975842,20
meps,abrupt_global_mag2.0,xgb,per_subgroup_ewma[min_neg],DI_star,nan,nan,nan,nan,0
meps,abrupt_global_mag2.0,xgb,per_subgroup_ewma[min_neg],AOD_star,nan,nan,nan,nan,0
meps,abrupt_global_mag2.0,xgb,per_subgroup_ewma[min_neg],BalAcc,nan,nan,nan,nan,0
meps,abrupt_global_mag2.0,xgb,per_subgroup_baseline_relative[min_neg],DI_star,nan,nan,nan,nan,0
meps,abrupt_global_mag2.0,xgb,per_subgroup_baseline_relative[min_neg],AOD_star,nan,nan,nan,nan,0
meps,abrupt_global_mag2.0,xgb,per_subgroup_baseline_relative[min_neg],BalAcc,nan,nan,nan,nan,0
meps,abrupt_global_mag2.0,xgb,per_subgroup_ewma[min_pos],DI_star,0.7395415782248146,0.00876295475496115,0.8446104468402093,0.005512501130320112,20
meps,abrupt_global_mag2.0,xgb,per_subgroup_ewma[min_pos],AOD_star,0.7402332926886805,0.010577966240639353,0.8058618550767177,0.033513701468044776,20
meps,abrupt_global_mag2.0,xgb,per_subgroup_ewma[min_pos],BalAcc,-0.7393439455208528,0.009899406161944487,-0.8396845032706824,0.009284849360780124,20
meps,abrupt_global_mag2.0,xgb,per_subgroup_baseline_relative[min_pos],DI_star,0.7400356599847189,0.010905225041678237,0.9903282107859809,0.006012674049024646,20
meps,abrupt_global_mag2.0,xgb,per_subgroup_baseline_relative[min_pos],AOD_star,0.7394427618728336,0.011746683439131145,0.9435726476144172,0.0424402348750159,20
meps,abrupt_global_mag2.0,xgb,per_subgroup_baseline_relative[min_pos],BalAcc,-0.7379605165931208,0.0075360021876177945,-0.9839090483844852,0.012703618968346835,20
meps,abrupt_global_mag2.0,xgb,per_subgroup_ewma[maj_neg],DI_star,0.5147907955470037,0.29667252127439975,0.5918261584277258,0.25102749562340304,18
meps,abrupt_global_mag2.0,xgb,per_subgroup_ewma[maj_neg],AOD_star,0.5108921121532866,0.2949562449889922,0.5671483126321789,0.23553721077886833,18
meps,abrupt_global_mag2.0,xgb,per_subgroup_ewma[maj_neg],BalAcc,-0.513528084413537,0.2987023160343626,-0.59003162946782,0.24868523222903802,18
meps,abrupt_global_mag2.0,xgb,per_subgroup_baseline_relative[maj_neg],DI_star,0.148906116497326,0.4713664753827249,0.4826663246036776,0.3307481553214951,18
meps,abrupt_global_mag2.0,xgb,per_subgroup_baseline_relative[maj_neg],AOD_star,0.14050259615862182,0.48096848139017306,0.46231033425075857,0.31232981364217677,18
meps,abrupt_global_mag2.0,xgb,per_subgroup_baseline_relative[maj_neg],BalAcc,-0.13772722230675907,0.4818235619290863,-0.47841387408438457,0.32822207720899566,18
meps,abrupt_global_mag2.0,xgb,per_subgroup_ewma[maj_pos],DI_star,0.7401344763366998,0.010994845709005061,0.8468426837317263,0.01013250578650151,20
meps,abrupt_global_mag2.0,xgb,per_subgroup_ewma[maj_pos],AOD_star,0.740826190800566,0.010955253370349494,0.8080402572454719,0.03408320545702193,20
meps,abrupt_global_mag2.0,xgb,per_subgroup_ewma[maj_pos],BalAcc,-0.739936843632738,0.009790302071284967,-0.8421749463488413,0.012660653442782248,20
meps,abrupt_global_mag2.0,xgb,per_subgroup_baseline_relative[maj_pos],DI_star,0.7398380272807573,0.01019821137659493,0.9877020462209598,0.009007339974208346,20
meps,abrupt_global_mag2.0,xgb,per_subgroup_baseline_relative[maj_pos],AOD_star,0.740035659984719,0.01000878434604015,0.9408701891474284,0.04008226678699761,20
meps,abrupt_global_mag2.0,xgb,per_subgroup_baseline_relative[maj_pos],BalAcc,-0.7410238235045277,0.010067150771484214,-0.9824839575256055,0.0126676254602395,20
meps,variance_group_mag1.5,lr,global_mean,DI_star,0.3899248120300752,0.21379794108765174,0.3960177836524318,0.20761791387545608,20
meps,variance_group_mag1.5,lr,global_mean,AOD_star,0.24330827067669175,0.21850798678898686,0.24841477340016055,0.19115655008689095,20
meps,variance_group_mag1.5,lr,global_mean,BalAcc,0.06762978303378592,0.2540746958019524,0.05799301052918142,0.24025366503572057,20
meps,variance_group_mag1.5,lr,global_ewma,DI_star,0.3900751879699248,0.18081567187764128,0.4017142746014949,0.18672955307609776,20
meps,variance_group_mag1.5,lr,global_ewma,AOD_star,0.257593984962406,0.18390743824557157,0.26990801859637503,0.19441464737952296,20
meps,variance_group_mag1.5,lr,global_ewma,BalAcc,0.04879642683912978,0.22814704846152345,0.03678584071463711,0.21915591342582807,20
meps,variance_group_mag1.5,lr,global_std,DI_star,-0.08796992481203006,0.2199571340556604,-0.08855375875470248,0.19922056799082286,20
meps,variance_group_mag1.5,lr,global_std,AOD_star,-0.1050375939849624,0.2157023611859105,-0.08463043442520587,0.19979645418660288,20
meps,variance_group_mag1.5,lr,global_std,BalAcc,0.044546397496380744,0.19372225274055474,0.042947883348243066,0.22234069050631944,20
meps,variance_group_mag1.5,lr,subgroup_violation_diff,DI_star,0.026541353383458643,0.13632329562254264,0.050879360751947,0.16008701620315138,20
meps,variance_group_mag1.5,lr,subgroup_violation_diff,AOD_star,-0.0028571428571428506,0.18370124475134947,0.02637963463883485,0.20778016591201393,20
meps,variance_group_mag1.5,lr,subgroup_violation_diff,BalAcc,0.061881678995376596,0.20013339153248602,0.07655861642944801,0.19271434402624915,20
meps,variance_group_mag1.5,lr,max_subgroup_deviation,DI_star,0.31278195488721805,0.20793572588079892,0.2708290583884704,0.21476315282357766,20
meps,variance_group_mag1.5,lr,max_subgroup_deviation,AOD_star,0.13827067669172927,0.18860972318048214,0.10725773455527876,0.1845234254072367,20
meps,variance_group_mag1.5,lr,max_subgroup_deviation,BalAcc,0.035561647206143174,0.2278368660047048,0.04840618532241332,0.1882539419588754,20
meps,variance_group_mag1.5,lr,assignment_proportion_drift,DI_star,0.08217899333423903,0.22629655891050102,0.2805903527418719,0.17969051778006503,20
meps,variance_group_mag1.5,lr,assignment_proportion_drift,AOD_star,0.03431414227469144,0.2837801488068956,0.17215361144831345,0.21270620625462539,20
meps,variance_group_mag1.5,lr,assignment_proportion_drift,BalAcc,0.05429136661064502,0.26464404585465384,0.04885214740690691,0.23635972561529192,20
meps,variance_group_mag1.5,lr,ks_statistic,DI_star,0.2325563909774436,0.2260482394234498,0.3112181781956903,0.16847301781235122,20
meps,variance_group_mag1.5,lr,ks_statistic,AOD_star,0.11586466165413531,0.22264907387337193,0.1825502982096371,0.20246611100554018,20
meps,variance_group_mag1.5,lr,ks_statistic,BalAcc,0.012966743075368162,0.22017361172987068,0.03406464304921401,0.2194720247367876,20
meps,variance_group_mag1.5,lr,kl_divergence,DI_star,0.3356390977443609,0.18805748336650727,0.36120462890515176,0.16329379645907857,20
meps,variance_group_mag1.5,lr,kl_divergence,AOD_star,0.19864661654135335,0.21388296143910657,0.22635813787107448,0.21055751854645252,20
meps,variance_group_mag1.5,lr,kl_divergence,BalAcc,0.036578904945265556,0.2326695748438591,0.04888041527294016,0.21996733265099278,20
meps,variance_group_mag1.5,lr,per_subgroup_ewma[min_neg],DI_star,nan,nan,nan,nan,0
meps,variance_group_mag1.5,lr,per_subgroup_ewma[min_neg],AOD_star,nan,nan,nan,nan,0
meps,variance_group_mag1.5,lr,per_subgroup_ewma[min_neg],BalAcc,nan,nan,nan,nan,0
meps,variance_group_mag1.5,lr,per_subgroup_baseline_relative[min_neg],DI_star,nan,nan,nan,nan,0
meps,variance_group_mag1.5,lr,per_subgroup_baseline_relative[min_neg],AOD_star,nan,nan,nan,nan,0
meps,variance_group_mag1.5,lr,per_subgroup_baseline_relative[min_neg],BalAcc,nan,nan,nan,nan,0
meps,variance_group_mag1.5,lr,per_subgroup_ewma[min_pos],DI_star,0.3597744360902256,0.1843635240034855,0.386315118501131,0.17543676913925274,20
meps,variance_group_mag1.5,lr,per_subgroup_ewma[min_pos],AOD_star,0.25022556390977446,0.18246024397048774,0.24906521158699121,0.18911778282557604,20
meps,variance_group_mag1.5,lr,per_subgroup_ewma[min_pos],BalAcc,0.06327069083278115,0.22032798257672054,0.06426987592662348,0.22914351676285485,20
meps,variance_group_mag1.5,lr,per_subgroup_baseline_relative[min_pos],DI_star,0.16067669172932328,0.19867688009752074,0.23731502861463888,0.1959683903395454,20
meps,variance_group_mag1.5,lr,per_subgroup_baseline_relative[min_pos],AOD_star,0.09015037593984962,0.1904120901904021,0.130956103230442,0.21096885060123058,20
meps,variance_group_mag1.5,lr,per_subgroup_baseline_relative[min_pos],BalAcc,0.11236846347578706,0.21831734493134208,0.10487635733593934,0.19684283308607034,20
meps,variance_group_mag1.5,lr,per_subgroup_ewma[maj_neg],DI_star,0.17812236717069055,0.26529659959573687,0.1810451099249821,0.2977826807149913,20
meps,variance_group_mag1.5,lr,per_subgroup_ewma[maj_neg],AOD_star,0.09378636109715344,0.28473993756603905,0.116297692330116,0.31350033878136874,20
meps,variance_group_mag1.5,lr,per_subgroup_ewma[maj_neg],BalAcc,0.0466587225508782,0.27125297289431854,0.07597552058951693,0.22719017766653912,20
meps,variance_group_mag1.5,lr,per_subgroup_baseline_relative[maj_neg],DI_star,0.0792072732236608,0.24456448124235952,0.07601759320426506,0.24885289477091538,20
meps,variance_group_mag1.5,lr,per_subgroup_baseline_relative[maj_neg],AOD_star,0.04059105999198745,0.2639896482261317,0.03692896358539381,0.2733850231310562,20
meps,variance_group_mag1.5,lr,per_subgroup_baseline_relative[maj_neg],BalAcc,0.03554459067904727,0.26157304432809403,0.03513461175956799,0.22439393095920127,20
meps,variance_group_mag1.5,lr,per_subgroup_ewma[maj_pos],DI_star,0.1481203007518797,0.160217430983013,0.1944148771080793,0.15817877479310066,20
meps,variance_group_mag1.5,lr,per_subgroup_ewma[maj_pos],AOD_star,0.1318796992481203,0.19893952553036973,0.14638954086627115,0.2141392401785137,20
meps,variance_group_mag1.5,lr,per_subgroup_ewma[maj_pos],BalAcc,-0.03500272922300332,0.21603848635552733,-0.0019991819458880446,0.18723243165748032,20
meps,variance_group_mag1.5,lr,per_subgroup_baseline_relative[maj_pos],DI_star,0.28300751879699243,0.1941134970794953,0.24688541425994637,0.20402381890171567,20
meps,variance_group_mag1.5,lr,per_subgroup_baseline_relative[maj_pos],AOD_star,0.18052631578947367,0.19969702587313234,0.14810525392854917,0.20817661748232438,20
meps,variance_group_mag1.5,lr,per_subgroup_baseline_relative[maj_pos],BalAcc,0.0010487569307457687,0.23782856856230836,-0.0005117367984767335,0.2245441028652678,20
meps,variance_group_mag1.5,xgb,global_mean,DI_star,0.0029340560353910234,0.20598859946066284,-0.032056577294132124,0.21463039425067287,20
meps,variance_group_mag1.5,xgb,global_mean,AOD_star,-0.0023308270676691747,0.22896359066939997,-0.005416645889498954,0.21628254852056641,20
meps,variance_group_mag1.5,xgb,global_mean,BalAcc,0.07177032528672429,0.2098188309806151,0.026696947216492812,0.19815528851853806,20
meps,variance_group_mag1.5,xgb,global_ewma,DI_star,-0.017820623592119576,0.21444876997979362,-0.04028991615434501,0.21412223942880715,20
meps,variance_group_mag1.5,xgb,global_ewma,AOD_star,0.00233082706766918,0.2036444894199635,0.01528171570382041,0.2170272978811789,20
meps,variance_group_mag1.5,xgb,global_ewma,BalAcc,0.04676997176042852,0.21913997198141744,0.0008055187798513474,0.20946652569159116,20
meps,variance_group_mag1.5,xgb,global_std,DI_star,0.18124132269740273,0.21492660121262414,0.18343824634344147,0.20396104803559684,20
meps,variance_group_mag1.5,xgb,global_std,AOD_star,0.07646616541353382,0.22859184465608093,0.07336983422077885,0.2297437840500985,20
meps,variance_group_mag1.5,xgb,global_std,BalAcc,0.10749965708015789,0.23096538318655804,0.13328929635069775,0.22052338805124924,20
meps,variance_group_mag1.5,xgb,subgroup_violation_diff,DI_star,-0.013907681560419289,0.23546403842842503,-0.008379808817339764,0.24140707118423713,20
meps,variance_group_mag1.5,xgb,subgroup_violation_diff,AOD_star,-0.024436090225563915,0.20372020542518426,-0.023935138092127512,0.2385076951485856,20
meps,variance_group_mag1.5,xgb,subgroup_violation_diff,BalAcc,0.06811470089535474,0.19590115563086105,0.07769399734190519,0.21043172770852955,20
meps,variance_group_mag1.5,xgb,max_subgroup_deviation,DI_star,0.020827435336520532,0.23131283942004827,0.006685663048100169,0.22318413107956217,20
meps,variance_group_mag1.5,xgb,max_subgroup_deviation,AOD_star,-7.518796992481147e-05,0.2040388589354456,-0.018864208648162094,0.2091904492739382,20
meps,variance_group_mag1.5,xgb,max_subgroup_deviation,BalAcc,0.08823909265379497,0.22563355707792462,0.09252827464178817,0.19152593240259447,20
meps,variance_group_mag1.5,xgb,assignment_proportion_drift,DI_star,-0.08220893592903314,0.2530480347136678,-0.034401520959071806,0.23812344876530125,20
meps,variance_group_mag1.5,xgb,assignment_proportion_drift,AOD_star,-0.0812337391271171,0.26689500746063244,-0.02894438543825501,0.2339061641281984,20
meps,variance_group_mag1.5,xgb,assignment_proportion_drift,BalAcc,-0.008450021334478577,0.27178655185824135,0.011926403363592067,0.2855857694968456,20
meps,variance_group_mag1.5,xgb,ks_statistic,DI_star,-0.09470293893482859,0.2501531825576886,-0.042527613687484186,0.21084397229654045,20
meps,variance_group_mag1.5,xgb,ks_statistic,AOD_star,-0.05007518796992481,0.2603954254626979,-0.023618943200117693,0.2243687539996707,20
meps,variance_group_mag1.5,xgb,ks_statistic,BalAcc,0.010891536721810058,0.2657045623843799,-0.0019180292524520414,0.2703869485477885,20
meps,variance_group_mag1.5,xgb,kl_divergence,DI_star,-0.028274664468345583,0.1800961938616961,-0.04734769322473738,0.18763342901636942,20
meps,variance_group_mag1.5,xgb,kl_divergence,AOD_star,-0.018270676691729337,0.2001295724770909,-0.001904933547410098,0.20789911300412903,20
meps,variance_group_mag1.5,xgb,kl_divergence,BalAcc,0.018265444502551954,0.242968342311898,0.008011623240355972,0.23061875202174717,20
meps,variance_group_mag1.5,xgb,per_subgroup_ewma[min_neg],DI_star,nan,nan,nan,nan,0
meps,variance_group_mag1.5,xgb,per_subgroup_ewma[min_neg],AOD_star,nan,nan,nan,nan,0
meps,variance_group_mag1.5,xgb,per_subgroup_ewma[min_neg],BalAcc,nan,nan,nan,nan,0
meps,variance_group_mag1.5,xgb,per_subgroup_baseline_relative[min_neg],DI_star,nan,nan,nan,nan,0
meps,variance_group_mag1.5,xgb,per_subgroup_baseline_relative[min_neg],AOD_star,nan,nan,nan,nan,0
meps,variance_group_mag1.5,xgb,per_subgroup_baseline_relative[min_neg],BalAcc,nan,nan,nan,nan,0
meps,variance_group_mag1.5,xgb,per_subgroup_ewma[min_pos],DI_star,-0.03537601055488322,0.20928033489559786,-0.04608959842566811,0.22502753740127082,20
meps,variance_group_mag1.5,xgb,per_subgroup_ewma[min_pos],AOD_star,-0.004360902255639098,0.20725705406695372,-0.003074093808927271,0.2275836828824364,20
meps,variance_group_mag1.5,xgb,per_subgroup_ewma[min_pos],BalAcc,0.05266737701874831,0.21416194826807292,0.02372477286650424,0.2154198116095561,20
meps,variance_group_mag1.5,xgb,per_subgroup_baseline_relative[min_pos],DI_star,-0.02563683517606799,0.23239938442661276,-0.021027584345525256,0.24925914629234125,20
meps,variance_group_mag1.5,xgb,per_subgroup_baseline_relative[min_pos],AOD_star,-0.015639097744360897,0.2540051274731147,-0.025669767812417178,0.27431351903830026,20
meps,variance_group_mag1.5,xgb,per_subgroup_baseline_relative[min_pos],BalAcc,0.16736692210113752,0.205982700996565,0.11441112502354087,0.20310392372951566,20
meps,variance_group_mag1.5,xgb,per_subgroup_ewma[maj_neg],DI_star,0.010766013226400733,0.2223680602288373,-0.00601148943995451,0.22233792111813513,20
meps,variance_group_mag1.5,xgb,per_subgroup_ewma[maj_neg],AOD_star,-0.04603177823652022,0.2618805986916151,-0.03876151527990318,0.24759408173056738,20
meps,variance_group_mag1.5,xgb,per_subgroup_ewma[maj_neg],BalAcc,0.011997711403835949,0.260064689205369,0.022782207350524757,0.24557441607795055,20
meps,variance_group_mag1.5,xgb,per_subgroup_baseline_relative[maj_neg],DI_star,0.0268373858332721,0.19616122288901555,-0.0016243210874706648,0.18171403035277267,20
meps,variance_group_mag1.5,xgb,per_subgroup_baseline_relative[maj_neg],AOD_star,-0.02669964115038968,0.2268762157043295,-0.0405534290491769,0.24227579487917747,20
meps,variance_group_mag1.5,xgb,per_subgroup_baseline_relative[maj_neg],BalAcc,0.028191991502824025,0.32395592579502797,0.01079204564011138,0.28039905693806344,20
meps,variance_group_mag1.5,xgb,per_subgroup_ewma[maj_pos],DI_star,-0.027252146257942172,0.2255852365515816,-0.010085504456170421,0.21676663533794616,20
meps,variance_group_mag1.5,xgb,per_subgroup_ewma[maj_pos],AOD_star,0.013157894736842101,0.2561383338403776,0.03291246581267686,0.25827054266337685,20
meps,variance_group_mag1.5,xgb,per_subgroup_ewma[maj_pos],BalAcc,-0.05421080913682608,0.2217548990095821,-0.020096626299344705,0.24361966207823876,20
meps,variance_group_mag1.5,xgb,per_subgroup_baseline_relative[maj_pos],DI_star,-0.030150008272502027,0.21891381870581914,-0.03760878181260139,0.1930730766005532,20
meps,variance_group_mag1.5,xgb,per_subgroup_baseline_relative[maj_pos],AOD_star,-0.015864661654135335,0.18265723825107716,-0.009518846198522002,0.18605136755305704,20
meps,variance_group_mag1.5,xgb,per_subgroup_baseline_relative[maj_pos],BalAcc,0.0077102314749917505,0.17781551493274883,-0.009319422496323494,0.19909299966984914,20
meps,variance_group_mag2.0,lr,global_mean,DI_star,0.4933834586466165,0.17441852387567858,0.5045845446120361,0.15800666179483674,20
meps,variance_group_mag2.0,lr,global_mean,AOD_star,0.3403007518796992,0.19797899113707096,0.3345612561478409,0.1791262441855004,20
meps,variance_group_mag2.0,lr,global_mean,BalAcc,0.07194942877203846,0.25357850567144774,0.059708901950575564,0.2620728688335191,20
meps,variance_group_mag2.0,lr,global_ewma,DI_star,0.5157142857142857,0.16721944811982414,0.5257036291379376,0.16089793143089234,20
meps,variance_group_mag2.0,lr,global_ewma,AOD_star,0.36203007518796987,0.17830609492045446,0.3629898776541134,0.17790574440000767,20
meps,variance_group_mag2.0,lr,global_ewma,BalAcc,0.04684069115797482,0.24111040316135984,0.03797561180010872,0.24123639949979908,20
meps,variance_group_mag2.0,lr,global_std,DI_star,0.18015037593984962,0.16840668574598205,0.22736373988675096,0.16777106629470342,20
meps,variance_group_mag2.0,lr,global_std,AOD_star,0.1248872180451128,0.2257996136922252,0.1345790682573002,0.21485530903927622,20
meps,variance_group_mag2.0,lr,global_std,BalAcc,0.056202003504117005,0.2401176800493342,0.036019673825840745,0.23000837922893422,20
meps,variance_group_mag2.0,lr,subgroup_violation_diff,DI_star,0.08142857142857142,0.15533425159646672,0.08581965320613845,0.16909191571683305,20
meps,variance_group_mag2.0,lr,subgroup_violation_diff,AOD_star,0.07172932330827067,0.1965736809765949,0.07148592704420322,0.20730571982644472,20
meps,variance_group_mag2.0,lr,subgroup_violation_diff,BalAcc,0.07542249926144713,0.232824987673345,0.0939591592407035,0.20970762528411618,20
meps,variance_group_mag2.0,lr,max_subgroup_deviation,DI_star,0.4818045112781954,0.1533424683545022,0.4535483603371704,0.17250154139186508,20
meps,variance_group_mag2.0,lr,max_subgroup_deviation,AOD_star,0.3052631578947368,0.1565766682447023,0.27017068459317384,0.18937292360694902,20
meps,variance_group_mag2.0,lr,max_subgroup_deviation,BalAcc,0.05477074527569774,0.24007182160055487,0.05497141345382599,0.23496556252805176,20
meps,variance_group_mag2.0,lr,assignment_proportion_drift,DI_star,0.16418900515421936,0.16154825642604517,0.3778818454641307,0.13745912349320916,20
meps,variance_group_mag2.0,lr,assignment_proportion_drift,AOD_star,0.08032956507861236,0.23560456198109322,0.24327385988393502,0.19687001577973082,20
meps,variance_group_mag2.0,lr,assignment_proportion_drift,BalAcc,0.026483906181581772,0.2630890024806585,0.037064910962874495,0.2435546393900806,20
meps,variance_group_mag2.0,lr,ks_statistic,DI_star,0.44601503759398486,0.19853747578074238,0.46994634580740263,0.14231560693314985,20
meps,variance_group_mag2.0,lr,ks_statistic,AOD_star,0.30218045112781955,0.21506465732217098,0.30512531611715227,0.19579033724335904,20
meps,variance_group_mag2.0,lr,ks_statistic,BalAcc,0.031843505227289105,0.2373480782263696,0.04287535149116105,0.24129144594515317,20
meps,variance_group_mag2.0,lr,kl_divergence,DI_star,0.42932330827067666,0.18464395839877826,0.4772553131204603,0.1716560333338312,20
meps,variance_group_mag2.0,lr,kl_divergence,AOD_star,0.29984962406015037,0.17503229715779633,0.3216677149162395,0.18429356184882206,20
meps,variance_group_mag2.0,lr,kl_divergence,BalAcc,0.047854526762554174,0.2321706398870293,0.023517194376419057,0.25137543380575034,20
meps,variance_group_mag2.0,lr,per_subgroup_ewma[min_neg],DI_star,nan,nan,nan,nan,0
meps,variance_group_mag2.0,lr,per_subgroup_ewma[min_neg],AOD_star,nan,nan,nan,nan,0
meps,variance_group_mag2.0,lr,per_subgroup_ewma[min_neg],BalAcc,nan,nan,nan,nan,0
meps,variance_group_mag2.0,lr,per_subgroup_baseline_relative[min_neg],DI_star,nan,nan,nan,nan,0
meps,variance_group_mag2.0,lr,per_subgroup_baseline_relative[min_neg],AOD_star,nan,nan,nan,nan,0
meps,variance_group_mag2.0,lr,per_subgroup_baseline_relative[min_neg],BalAcc,nan,nan,nan,nan,0
meps,variance_group_mag2.0,lr,per_subgroup_ewma[min_pos],DI_star,0.48766917293233086,0.17576117140007363,0.5201811538487536,0.15394870268890254,20
meps,variance_group_mag2.0,lr,per_subgroup_ewma[min_pos],AOD_star,0.3571428571428571,0.18296710929673327,0.3563814917250531,0.176465406507337,20
meps,variance_group_mag2.0,lr,per_subgroup_ewma[min_pos],BalAcc,0.07097430429551613,0.22662126526602905,0.0639234037541743,0.24056827654859952,20
meps,variance_group_mag2.0,lr,per_subgroup_baseline_relative[min_pos],DI_star,0.27796992481203003,0.1744997777177382,0.36031583673509393,0.15814276202648134,20
meps,variance_group_mag2.0,lr,per_subgroup_baseline_relative[min_pos],AOD_star,0.20939849624060153,0.18044979636100267,0.24490273639610072,0.19726549906929078,20
meps,variance_group_mag2.0,lr,per_subgroup_baseline_relative[min_pos],BalAcc,0.12049789934714941,0.22364999853164666,0.11686794309747647,0.21897409889047723,20
meps,variance_group_mag2.0,lr,per_subgroup_ewma[maj_neg],DI_star,0.2379860696592127,0.2751861651693492,0.25618250287199945,0.29338509508082056,20
meps,variance_group_mag2.0,lr,per_subgroup_ewma[maj_neg],AOD_star,0.11214056522279547,0.3023421969962162,0.13329541553612698,0.3125597289589368,20
meps,variance_group_mag2.0,lr,per_subgroup_ewma[maj_neg],BalAcc,-0.0013778547122187414,0.23432249966887675,0.01922270765915965,0.21183603895356948,20
meps,variance_group_mag2.0,lr,per_subgroup_baseline_relative[maj_neg],DI_star,0.09791259435334693,0.22601053194439358,0.0864213077560905,0.23055618727739938,20
meps,variance_group_mag2.0,lr,per_subgroup_baseline_relative[maj_neg],AOD_star,0.02364200949545761,0.24019474559603163,0.030131877066376156,0.25242825152488135,20
meps,variance_group_mag2.0,lr,per_subgroup_baseline_relative[maj_neg],BalAcc,0.024236296662439063,0.1986245705497976,0.041724905635383405,0.1879060798884318,20
meps,variance_group_mag2.0,lr,per_subgroup_ewma[maj_pos],DI_star,0.39593984962406015,0.1902562309970611,0.4411908929383602,0.1641676443879984,20
meps,variance_group_mag2.0,lr,per_subgroup_ewma[maj_pos],AOD_star,0.32090225563909774,0.190212427850405,0.31838156877434776,0.19551102733809492,20
meps,variance_group_mag2.0,lr,per_subgroup_ewma[maj_pos],BalAcc,0.03353341035491125,0.20886461794665317,0.02562122799520945,0.20954718284982446,20
meps,variance_group_mag2.0,lr,per_subgroup_baseline_relative[maj_pos],DI_star,0.4682706766917293,0.17569573708244757,0.41553200212582125,0.17698934355669751,20
meps,variance_group_mag2.0,lr,per_subgroup_baseline_relative[maj_pos],AOD_star,0.32902255639097744,0.18056299790470734,0.27059466800910803,0.17648693826878195,20
meps,variance_group_mag2.0,lr,per_subgroup_baseline_relative[maj_pos],BalAcc,0.036120027829313436,0.2547822315296092,0.022459839621908062,0.26507442505480705,20
meps,variance_group_mag2.0,xgb,global_mean,DI_star,0.039328427331439396,0.19417170861678387,-0.013709734122862301,0.18256928366882202,20
meps,variance_group_mag2.0,xgb,global_mean,AOD_star,0.013834586466165394,0.21947604106640467,0.002296845658301456,0.209095913652531,20
meps,variance_group_mag2.0,xgb,global_mean,BalAcc,0.03887218045112781,0.2247575939324438,0.01005852281893783,0.21329325998841317,20
meps,variance_group_mag2.0,xgb,global_ewma,DI_star,0.038690163909136516,0.1909946504689044,0.002118511624364225,0.17617702600667967,20
meps,variance_group_mag2.0,xgb,global_ewma,AOD_star,0.0263157894736842,0.19994600435683177,0.023841955564923373,0.18750385756435956,20
meps,variance_group_mag2.0,xgb,global_ewma,BalAcc,0.00631578947368421,0.2337693499890228,-0.017953558011788204,0.20782094365821044,20
meps,variance_group_mag2.0,xgb,global_std,DI_star,0.21978693678004388,0.18389791294064486,0.2550839096212961,0.1842510162390076,20
meps,variance_group_mag2.0,xgb,global_std,AOD_star,0.11187969924812032,0.23493775509786052,0.11859636062680326,0.2396270244427191,20
meps,variance_group_mag2.0,xgb,global_std,BalAcc,0.04203007518796994,0.2370902030311235,0.08034987402549469,0.27125960999250875,20
meps,variance_group_mag2.0,xgb,subgroup_violation_diff,DI_star,0.016808598042174556,0.20819001164841505,-0.006998941295471603,0.19322956672136882,20
meps,variance_group_mag2.0,xgb,subgroup_violation_diff,AOD_star,0.010150375939849623,0.2105214150879653,-0.013090739758081418,0.21449762158878444,20
meps,variance_group_mag2.0,xgb,subgroup_violation_diff,BalAcc,0.059849624060150375,0.22961948087668413,0.08095061387196631,0.23513052253931535,20
meps,variance_group_mag2.0,xgb,max_subgroup_deviation,DI_star,0.04989059775650032,0.20434283036978373,-0.003167174747299295,0.19374151197406747,20
meps,variance_group_mag2.0,xgb,max_subgroup_deviation,AOD_star,0.004736842105263162,0.2165315761159436,-0.01736615151679333,0.22673660812224972,20
meps,variance_group_mag2.0,xgb,max_subgroup_deviation,BalAcc,0.04353383458646616,0.2053242768903276,0.0393338005934422,0.1881183463728855,20
meps,variance_group_mag2.0,xgb,assignment_proportion_drift,DI_star,-0.07389836216519205,0.22339988033989483,-0.02366836146195917,0.20700238087399736,20
meps,variance_group_mag2.0,xgb,assignment_proportion_drift,AOD_star,-0.09052140517295246,0.23458939155998002,-0.027704048728340203,0.22698892495828152,20
meps,variance_group_mag2.0,xgb,assignment_proportion_drift,BalAcc,-0.02275693018986442,0.294957462261883,-0.004525152720190983,0.2856597343106929,20
meps,variance_group_mag2.0,xgb,ks_statistic,DI_star,8.367260102324636e-05,0.21440364945848117,-0.01474304528628434,0.1889556118980905,20
meps,variance_group_mag2.0,xgb,ks_statistic,AOD_star,-0.008646616541353375,0.2352231936202122,-0.0009495035001909679,0.22466901510566553,20
meps,variance_group_mag2.0,xgb,ks_statistic,BalAcc,-0.0021804511278195465,0.2343050533970065,-0.015116617728816029,0.2603057062657697,20
meps,variance_group_mag2.0,xgb,kl_divergence,DI_star,-0.018116256411056124,0.21104463015461766,-0.028209443228142235,0.20852566454198812,20
meps,variance_group_mag2.0,xgb,kl_divergence,AOD_star,-0.010375939849624061,0.2357288072177871,0.003696858298001208,0.23588420995867654,20
meps,variance_group_mag2.0,xgb,kl_divergence,BalAcc,0.0010526315789473578,0.27241301907116394,-0.030755945361208514,0.24163003548251324,20
meps,variance_group_mag2.0,xgb,per_subgroup_ewma[min_neg],DI_star,nan,nan,nan,nan,0
meps,variance_group_mag2.0,xgb,per_subgroup_ewma[min_neg],AOD_star,nan,nan,nan,nan,0
meps,variance_group_mag2.0,xgb,per_subgroup_ewma[min_neg],BalAcc,nan,nan,nan,nan,0
meps,variance_group_mag2.0,xgb,per_subgroup_baseline_relative[min_neg],DI_star,nan,nan,nan,nan,0
meps,variance_group_mag2.0,xgb,per_subgroup_baseline_relative[min_neg],AOD_star,nan,nan,nan,nan,0
meps,variance_group_mag2.0,xgb,per_subgroup_baseline_relative[min_neg],BalAcc,nan,nan,nan,nan,0
meps,variance_group_mag2.0,xgb,per_subgroup_ewma[min_pos],DI_star,0.028691182064868335,0.193115976103393,-0.005368367688149546,0.19421745434262883,20
meps,variance_group_mag2.0,xgb,per_subgroup_ewma[min_pos],AOD_star,0.01616541353383459,0.20526777102420346,0.020208423246204,0.2143258093356544,20
meps,variance_group_mag2.0,xgb,per_subgroup_ewma[min_pos],BalAcc,0.021954887218045116,0.22259926431180724,0.006314739556957466,0.20657604575293723,20
meps,variance_group_mag2.0,xgb,per_subgroup_baseline_relative[min_pos],DI_star,-0.010896033576292237,0.23877508151228752,-0.008703694284461884,0.2283408702207833,20
meps,variance_group_mag2.0,xgb,per_subgroup_baseline_relative[min_pos],AOD_star,-0.007894736842105263,0.24715642125684065,-0.00332124323410628,0.26080247790332034,20
meps,variance_group_mag2.0,xgb,per_subgroup_baseline_relative[min_pos],BalAcc,0.13428571428571429,0.20178753444272957,0.09638019132483056,0.20650314875444592,20
meps,variance_group_mag2.0,xgb,per_subgroup_ewma[maj_neg],DI_star,-0.022456734403666506,0.15212939855681423,-0.018575281732315464,0.16825538310595706,20
meps,variance_group_mag2.0,xgb,per_subgroup_ewma[maj_neg],AOD_star,-0.09260405170602118,0.1448856143062143,-0.06528695714979682,0.16783171360805219,20
meps,variance_group_mag2.0,xgb,per_subgroup_ewma[maj_neg],BalAcc,-0.03820945634654137,0.24683086215699196,-0.03728835179955195,0.22089752027399945,20
meps,variance_group_mag2.0,xgb,per_subgroup_baseline_relative[maj_neg],DI_star,-0.047927782881732904,0.2376568013515102,-0.05863508627519033,0.23521585849955276,20
meps,variance_group_mag2.0,xgb,per_subgroup_baseline_relative[maj_neg],AOD_star,-0.08767728709659194,0.2169837310833278,-0.0950628066101051,0.24422323430871148,20
meps,variance_group_mag2.0,xgb,per_subgroup_baseline_relative[maj_neg],BalAcc,-0.010889276264167875,0.24714891795405702,-0.02483894408412898,0.22868801344012585,20
meps,variance_group_mag2.0,xgb,per_subgroup_ewma[maj_pos],DI_star,0.019371380775045653,0.19673889692604551,0.027666326747799896,0.1655309080203194,20
meps,variance_group_mag2.0,xgb,per_subgroup_ewma[maj_pos],AOD_star,0.030300751879699238,0.1673234069265621,0.04423102937798117,0.1715226272297342,20
meps,variance_group_mag2.0,xgb,per_subgroup_ewma[maj_pos],BalAcc,-0.020000000000000004,0.19691331704409007,-0.03341256532332657,0.20829150642641278,20
meps,variance_group_mag2.0,xgb,per_subgroup_baseline_relative[maj_pos],DI_star,0.04278684769115147,0.17073100374847344,-0.021822912880753432,0.1500485062836995,20
meps,variance_group_mag2.0,xgb,per_subgroup_baseline_relative[maj_pos],AOD_star,0.014511278195488716,0.15810460452878555,0.003398382722694301,0.14974167521399892,20
meps,variance_group_mag2.0,xgb,per_subgroup_baseline_relative[maj_pos],BalAcc,0.013984962406015027,0.2306166413686582,-0.010326098303948431,0.21612334897622085,20
meps,variance_group_mag2.5,lr,global_mean,DI_star,0.6009022556390977,0.1352626354648096,0.59418076773235,0.1285176865715128,20
meps,variance_group_mag2.5,lr,global_mean,AOD_star,0.41052631578947363,0.19301734541240734,0.4010868998751622,0.1721801937478388,20
meps,variance_group_mag2.5,lr,global_mean,BalAcc,0.016992481203007517,0.26202035558720066,0.022156036728000095,0.2712770046558415,20
meps,variance_group_mag2.5,lr,global_ewma,DI_star,0.613984962406015,0.12283339699288914,0.6091158648127332,0.12241280912591664,20
meps,variance_group_mag2.5,lr,global_ewma,AOD_star,0.42218045112781954,0.1788322590538014,0.42037554956278855,0.17246727249275803,20
meps,variance_group_mag2.5,lr,global_ewma,BalAcc,-0.008646616541353385,0.24536537333355615,-0.0007340085219925518,0.24351152046263838,20
meps,variance_group_mag2.5,lr,global_std,DI_star,0.42639097744360904,0.17486237451146058,0.4786563806392857,0.16717967038860188,20
meps,variance_group_mag2.5,lr,global_std,AOD_star,0.2972932330827067,0.224356719507867,0.31617987289019456,0.20571849439087042,20
meps,variance_group_mag2.5,lr,global_std,BalAcc,-0.023984962406015026,0.20468782461548468,-0.012485973574902531,0.19706561044898277,20
meps,variance_group_mag2.5,lr,subgroup_violation_diff,DI_star,0.156390977443609,0.1718975250427844,0.13336522272863707,0.1628186008320698,20
meps,variance_group_mag2.5,lr,subgroup_violation_diff,AOD_star,0.1188721804511278,0.2202766159890462,0.11140957771558455,0.2316834609806449,20
meps,variance_group_mag2.5,lr,subgroup_violation_diff,BalAcc,0.047443609022556385,0.23715266665766918,0.07417549075649363,0.2219074397637162,20
meps,variance_group_mag2.5,lr,max_subgroup_deviation,DI_star,0.5790977443609022,0.1406934683759091,0.5569140879721055,0.14582210920215788,20
meps,variance_group_mag2.5,lr,max_subgroup_deviation,AOD_star,0.37902255639097737,0.18042886767463218,0.35486681486643457,0.17712254785854756,20
meps,variance_group_mag2.5,lr,max_subgroup_deviation,BalAcc,0.010751879699248115,0.23056181031275788,0.019965446971490948,0.2412826344960739,20
meps,variance_group_mag2.5,lr,assignment_proportion_drift,DI_star,0.17678124823521874,0.1618367953210807,0.428234916719603,0.13196428426684254,20
meps,variance_group_mag2.5,lr,assignment_proportion_drift,AOD_star,0.0766667761931301,0.2073972442489048,0.2945766740492938,0.18547490980713405,20
meps,variance_group_mag2.5,lr,assignment_proportion_drift,BalAcc,0.024367106756103478,0.23862215473624618,0.03093503855310299,0.23444827110401503,20
meps,variance_group_mag2.5,lr,ks_statistic,DI_star,0.5377443609022555,0.13083691951497833,0.5565192276005038,0.12003328083669057,20
meps,variance_group_mag2.5,lr,ks_statistic,AOD_star,0.34812030075187966,0.18391014330556457,0.3745812314219175,0.16947625702083796,20
meps,variance_group_mag2.5,lr,ks_statistic,BalAcc,-0.03503759398496241,0.2271876892388097,0.007159882290430001,0.2414412126778472,20
meps,variance_group_mag2.5,lr,kl_divergence,DI_star,0.5321804511278194,0.11127910993324737,0.5650664317610321,0.11729843342089706,20
meps,variance_group_mag2.5,lr,kl_divergence,AOD_star,0.3538345864661654,0.16665365619031877,0.38504059883074676,0.16284502751045146,20
meps,variance_group_mag2.5,lr,kl_divergence,BalAcc,-0.031879699248120286,0.2566629651197948,-0.017543161516194485,0.2625318470924026,20
meps,variance_group_mag2.5,lr,per_subgroup_ewma[min_neg],DI_star,nan,nan,nan,nan,0
meps,variance_group_mag2.5,lr,per_subgroup_ewma[min_neg],AOD_star,nan,nan,nan,nan,0
meps,variance_group_mag2.5,lr,per_subgroup_ewma[min_neg],BalAcc,nan,nan,nan,nan,0
meps,variance_group_mag2.5,lr,per_subgroup_baseline_relative[min_neg],DI_star,nan,nan,nan,nan,0
meps,variance_group_mag2.5,lr,per_subgroup_baseline_relative[min_neg],AOD_star,nan,nan,nan,nan,0
meps,variance_group_mag2.5,lr,per_subgroup_baseline_relative[min_neg],BalAcc,nan,nan,nan,nan,0
meps,variance_group_mag2.5,lr,per_subgroup_ewma[min_pos],DI_star,0.6005263157894737,0.12332777674435429,0.6091251756039543,0.11882433365513238,20
meps,variance_group_mag2.5,lr,per_subgroup_ewma[min_pos],AOD_star,0.41428571428571426,0.17936231665381427,0.4240362757541939,0.17022414077223694,20
meps,variance_group_mag2.5,lr,per_subgroup_ewma[min_pos],BalAcc,-0.007293233082706777,0.24370984407682245,0.01924051080538005,0.24368987939748005,20
meps,variance_group_mag2.5,lr,per_subgroup_baseline_relative[min_pos],DI_star,0.4573684210526315,0.13443077061349512,0.47984197257429806,0.13299268709503934,20
meps,variance_group_mag2.5,lr,per_subgroup_baseline_relative[min_pos],AOD_star,0.315187969924812,0.18405388460512984,0.3331774501003246,0.1966597080571186,20
meps,variance_group_mag2.5,lr,per_subgroup_baseline_relative[min_pos],BalAcc,0.04842105263157894,0.23714462121675692,0.06396686940560274,0.2380893325006889,20
meps,variance_group_mag2.5,lr,per_subgroup_ewma[maj_neg],DI_star,0.3499199783433746,0.25279828719241465,0.3542609834989661,0.24656183315299182,20
meps,variance_group_mag2.5,lr,per_subgroup_ewma[maj_neg],AOD_star,0.1770755254142561,0.27295575867567323,0.1922003559599366,0.2596482631006996,20
meps,variance_group_mag2.5,lr,per_subgroup_ewma[maj_neg],BalAcc,-0.035414499471584406,0.2655882415775211,-0.02361892076290726,0.2641289575187947,20
meps,variance_group_mag2.5,lr,per_subgroup_baseline_relative[maj_neg],DI_star,0.19558405990702626,0.16605802295799352,0.17796524578490766,0.17243933857115604,20
meps,variance_group_mag2.5,lr,per_subgroup_baseline_relative[maj_neg],AOD_star,0.040350572471726444,0.23299719459831814,0.06945594497832697,0.2638768152140283,20
meps,variance_group_mag2.5,lr,per_subgroup_baseline_relative[maj_neg],BalAcc,-0.002826129684369278,0.27379486364037775,0.0023751206676056627,0.25856025384892856,20
meps,variance_group_mag2.5,lr,per_subgroup_ewma[maj_pos],DI_star,0.5375187969924811,0.12676564631583973,0.561191560284364,0.1244059520071895,20
meps,variance_group_mag2.5,lr,per_subgroup_ewma[maj_pos],AOD_star,0.38,0.17305069502707204,0.39170507497188645,0.18405944820605283,20
meps,variance_group_mag2.5,lr,per_subgroup_ewma[maj_pos],BalAcc,-0.013834586466165425,0.21747480511251355,-0.008663901928145904,0.22169657662206776,20
meps,variance_group_mag2.5,lr,per_subgroup_baseline_relative[maj_pos],DI_star,0.5740601503759398,0.13867635826676994,0.5435142083803154,0.13841255463503158,20
meps,variance_group_mag2.5,lr,per_subgroup_baseline_relative[maj_pos],AOD_star,0.39556390977443606,0.17657969572484972,0.35876564416216616,0.16955996338734794,20
meps,variance_group_mag2.5,lr,per_subgroup_baseline_relative[maj_pos],BalAcc,-0.002556390977443619,0.25661736747243813,-0.003016216364548012,0.27911723957819035,20
meps,variance_group_mag2.5,xgb,global_mean,DI_star,0.2325563909774436,0.27948543650863006,0.18644653570084027,0.27005023098643594,20
meps,variance_group_mag2.5,xgb,global_mean,AOD_star,0.12120300751879698,0.26169405969714593,0.10645062219552379,0.2477752699840872,20
meps,variance_group_mag2.5,xgb,global_mean,BalAcc,-0.053834586466165416,0.2518348518036397,-0.05496230656740553,0.22773336353238618,20
meps,variance_group_mag2.5,xgb,global_ewma,DI_star,0.22654135338345865,0.2743713076282904,0.21842921044027422,0.28867048688538016,20
meps,variance_group_mag2.5,xgb,global_ewma,AOD_star,0.13105263157894737,0.2525712759213601,0.1364298259971915,0.2431632088944536,20
meps,variance_group_mag2.5,xgb,global_ewma,BalAcc,-0.08849624060150375,0.24795586941567047,-0.08834253097689522,0.22373091614610519,20
meps,variance_group_mag2.5,xgb,global_std,DI_star,0.31187969924812026,0.2546879252817082,0.3464738719442501,0.26922185299666196,20
meps,variance_group_mag2.5,xgb,global_std,AOD_star,0.18105263157894738,0.26828155006792037,0.1880143161929505,0.2655872723237652,20
meps,variance_group_mag2.5,xgb,global_std,BalAcc,-0.06616541353383458,0.22260160077283578,-0.05325292680740292,0.23460124129672377,20
meps,variance_group_mag2.5,xgb,subgroup_violation_diff,DI_star,-0.03127819548872181,0.2290105595720425,-0.05372256730823592,0.22139779337307178,20
meps,variance_group_mag2.5,xgb,subgroup_violation_diff,AOD_star,-0.004060150375939849,0.23060732603439996,-0.03362599328893654,0.2384886390116172,20
meps,variance_group_mag2.5,xgb,subgroup_violation_diff,BalAcc,0.05308270676691727,0.23783945633009104,0.06189948326467824,0.24040659401423475,20
meps,variance_group_mag2.5,xgb,max_subgroup_deviation,DI_star,0.22571428571428567,0.279830553704946,0.2076005311045713,0.2902509671937548,20
meps,variance_group_mag2.5,xgb,max_subgroup_deviation,AOD_star,0.10706766917293234,0.26869853604592014,0.0988675874063407,0.27026661421322473,20
meps,variance_group_mag2.5,xgb,max_subgroup_deviation,BalAcc,-0.043609022556390965,0.2171701397060953,-0.054076454427611345,0.19859526862301372,20
meps,variance_group_mag2.5,xgb,assignment_proportion_drift,DI_star,-0.0369097501242147,0.21331161954660266,0.052826964732574935,0.22507131969097582,20
meps,variance_group_mag2.5,xgb,assignment_proportion_drift,AOD_star,-0.068403281256748,0.2321442719121307,0.01882349188954032,0.24333763125900854,20
meps,variance_group_mag2.5,xgb,assignment_proportion_drift,BalAcc,0.00033964277073997295,0.2916537786456376,-0.01449195668362579,0.2814002230066513,20
meps,variance_group_mag2.5,xgb,ks_statistic,DI_star,0.1551127819548872,0.27945185720279686,0.12384046614664712,0.26895799142493876,20
meps,variance_group_mag2.5,xgb,ks_statistic,AOD_star,0.08345864661654134,0.27502254775766016,0.06796339626147296,0.25709380896418604,20
meps,variance_group_mag2.5,xgb,ks_statistic,BalAcc,-0.09345864661654132,0.2415082888928134,-0.06345224416440343,0.2579339136387085,20
meps,variance_group_mag2.5,xgb,kl_divergence,DI_star,0.10609022556390976,0.29694297674404857,0.1179922385846522,0.28477422497313465,20
meps,variance_group_mag2.5,xgb,kl_divergence,AOD_star,0.050075187969924814,0.24843274927405629,0.07580361418099102,0.2429333569107527,20
meps,variance_group_mag2.5,xgb,kl_divergence,BalAcc,-0.10360902255639097,0.2824294352392042,-0.08924471856539709,0.2502815616055854,20
meps,variance_group_mag2.5,xgb,per_subgroup_ewma[min_neg],DI_star,nan,nan,nan,nan,0
meps,variance_group_mag2.5,xgb,per_subgroup_ewma[min_neg],AOD_star,nan,nan,nan,nan,0
meps,variance_group_mag2.5,xgb,per_subgroup_ewma[min_neg],BalAcc,nan,nan,nan,nan,0
meps,variance_group_mag2.5,xgb,per_subgroup_baseline_relative[min_neg],DI_star,nan,nan,nan,nan,0
meps,variance_group_mag2.5,xgb,per_subgroup_baseline_relative[min_neg],AOD_star,nan,nan,nan,nan,0
meps,variance_group_mag2.5,xgb,per_subgroup_baseline_relative[min_neg],BalAcc,nan,nan,nan,nan,0
meps,variance_group_mag2.5,xgb,per_subgroup_ewma[min_pos],DI_star,0.21263157894736837,0.28006258234739745,0.196297311824099,0.28311618480762474,20
meps,variance_group_mag2.5,xgb,per_subgroup_ewma[min_pos],AOD_star,0.12330827067669173,0.24939522077089993,0.12640879084089165,0.2528231913308458,20
meps,variance_group_mag2.5,xgb,per_subgroup_ewma[min_pos],BalAcc,-0.0694736842105263,0.24210414234084185,-0.06760387708438634,0.21640322788369737,20
meps,variance_group_mag2.5,xgb,per_subgroup_baseline_relative[min_pos],DI_star,0.12503759398496242,0.2825624631710775,0.12537550999862432,0.28185417718015726,20
meps,variance_group_mag2.5,xgb,per_subgroup_baseline_relative[min_pos],AOD_star,0.0757142857142857,0.25670775086435493,0.07208646646038767,0.2757292913080936,20
meps,variance_group_mag2.5,xgb,per_subgroup_baseline_relative[min_pos],BalAcc,0.033458646616541354,0.210176871640003,0.013961431650925912,0.21110382434445663,20
meps,variance_group_mag2.5,xgb,per_subgroup_ewma[maj_neg],DI_star,0.1438603242416984,0.2358080944772354,0.18770840278868958,0.24410285246631738,20
meps,variance_group_mag2.5,xgb,per_subgroup_ewma[maj_neg],AOD_star,0.00275646453212807,0.23907171597870897,0.03254494807167901,0.25858940156107496,20
meps,variance_group_mag2.5,xgb,per_subgroup_ewma[maj_neg],BalAcc,-0.09605973793983977,0.23660171291821935,-0.09333394320357198,0.22861527095771392,20
meps,variance_group_mag2.5,xgb,per_subgroup_baseline_relative[maj_neg],DI_star,0.06969500492032332,0.22463586221717516,0.0770366304319185,0.22605132892507948,20
meps,variance_group_mag2.5,xgb,per_subgroup_baseline_relative[maj_neg],AOD_star,-0.03813555287315282,0.2700079631700278,-0.030050049490159565,0.29430230668945756,20
meps,variance_group_mag2.5,xgb,per_subgroup_baseline_relative[maj_neg],BalAcc,-0.06534010930038311,0.22282082248651228,-0.05773554447089515,0.20829802725658408,20
meps,variance_group_mag2.5,xgb,per_subgroup_ewma[maj_pos],DI_star,0.21203007518796993,0.25729538632356597,0.2501112183799324,0.2912127587124867,20
meps,variance_group_mag2.5,xgb,per_subgroup_ewma[maj_pos],AOD_star,0.1291729323308271,0.21981182111245626,0.15954500835743413,0.23921313249501563,20
meps,variance_group_mag2.5,xgb,per_subgroup_ewma[maj_pos],BalAcc,-0.09383458646616541,0.21648464169647622,-0.10413510617685554,0.21836802680985154,20
meps,variance_group_mag2.5,xgb,per_subgroup_baseline_relative[maj_pos],DI_star,0.22714285714285715,0.25459293899902674,0.20819939700244156,0.24057524258669152,20
meps,variance_group_mag2.5,xgb,per_subgroup_baseline_relative[maj_pos],AOD_star,0.11819548872180452,0.22315424677317464,0.11996250606896038,0.2040942033800998,20
meps,variance_group_mag2.5,xgb,per_subgroup_baseline_relative[maj_pos],BalAcc,-0.06045112781954888,0.23960347517339475,-0.07288051438057219,0.23057133102653557,20
meps,variance_global_mag1.5,lr,global_mean,DI_star,0.41030075187969917,0.18997920092292117,0.4139248034824069,0.18562417215678628,20
meps,variance_global_mag1.5,lr,global_mean,AOD_star,0.26120300751879694,0.20618844576104886,0.2652763596934758,0.18708072475188373,20
meps,variance_global_mag1.5,lr,global_mean,BalAcc,0.06113138309393351,0.24396127071151527,0.05500798236375716,0.23359765550181041,20
meps,variance_global_mag1.5,lr,global_ewma,DI_star,0.39300751879699247,0.17151644957714632,0.4059110895207404,0.17568115794595518,20
meps,variance_global_mag1.5,lr,global_ewma,AOD_star,0.2597744360902255,0.20138245422895196,0.26982605879838184,0.19825790697724952,20
meps,variance_global_mag1.5,lr,global_ewma,BalAcc,0.05744889777594107,0.22590214770567169,0.03839470344737126,0.21923506936260206,20
meps,variance_global_mag1.5,lr,global_std,DI_star,-0.24902255639097742,0.18297755236213542,-0.29991032682413604,0.17753878556692368,20
meps,variance_global_mag1.5,lr,global_std,AOD_star,-0.17398496240601502,0.17370347840916178,-0.20720418479216965,0.1675186282413147,20
meps,variance_global_mag1.5,lr,global_std,BalAcc,0.01447972243965803,0.21140295867548023,0.00510451258119516,0.22697695415017663,20
meps,variance_global_mag1.5,lr,subgroup_violation_diff,DI_star,0.019398496240601505,0.15740698024919958,0.1713012270507811,0.17204508805584226,20
meps,variance_global_mag1.5,lr,subgroup_violation_diff,AOD_star,0.017518796992481205,0.19343354336865318,0.10965521088981896,0.21476704094186463,20
meps,variance_global_mag1.5,lr,subgroup_violation_diff,BalAcc,0.011501214009166712,0.1866864135804806,0.04075074581254242,0.1999643930581052,20
meps,variance_global_mag1.5,lr,max_subgroup_deviation,DI_star,0.15849624060150375,0.22237718857247815,0.2943906580609569,0.17694167721224086,20
meps,variance_global_mag1.5,lr,max_subgroup_deviation,AOD_star,0.10421052631578949,0.23762401066581898,0.18638525930491967,0.22759241003036254,20
meps,variance_global_mag1.5,lr,max_subgroup_deviation,BalAcc,0.04616258532346844,0.21551380276695922,0.04843026211672853,0.22147977580629308,20
meps,variance_global_mag1.5,lr,assignment_proportion_drift,DI_star,0.11714396941267802,0.22691777407500346,0.3124501851618936,0.17049310602002093,20
meps,variance_global_mag1.5,lr,assignment_proportion_drift,AOD_star,0.08217388873390916,0.22785553769800782,0.19766953354488176,0.2089343968014908,20
meps,variance_global_mag1.5,lr,assignment_proportion_drift,BalAcc,-0.019622367941724016,0.2765779011318709,0.04450511146231528,0.2309466744267263,20
meps,variance_global_mag1.5,lr,ks_statistic,DI_star,0.3085714285714286,0.2231624546075688,0.34461812678566045,0.15758394295645667,20
meps,variance_global_mag1.5,lr,ks_statistic,AOD_star,0.20270676691729322,0.20415415524124642,0.21314050568719783,0.19861723804649542,20
meps,variance_global_mag1.5,lr,ks_statistic,BalAcc,-0.01590260916539351,0.22622100174316337,0.035326404072365106,0.2285014687738455,20
meps,variance_global_mag1.5,lr,kl_divergence,DI_star,0.34796992481203004,0.18064050213438565,0.37830986042006837,0.1618160405509569,20
meps,variance_global_mag1.5,lr,kl_divergence,AOD_star,0.20413533834586467,0.21949678803352782,0.23556963285105362,0.2194964421607467,20
meps,variance_global_mag1.5,lr,kl_divergence,BalAcc,0.04917873016207765,0.20063164358172553,0.056243417466721825,0.21485123613666604,20
meps,variance_global_mag1.5,lr,per_subgroup_ewma[min_neg],DI_star,nan,nan,nan,nan,0
meps,variance_global_mag1.5,lr,per_subgroup_ewma[min_neg],AOD_star,nan,nan,nan,nan,0
meps,variance_global_mag1.5,lr,per_subgroup_ewma[min_neg],BalAcc,nan,nan,nan,nan,0
meps,variance_global_mag1.5,lr,per_subgroup_baseline_relative[min_neg],DI_star,nan,nan,nan,nan,0
meps,variance_global_mag1.5,lr,per_subgroup_baseline_relative[min_neg],AOD_star,nan,nan,nan,nan,0
meps,variance_global_mag1.5,lr,per_subgroup_baseline_relative[min_neg],BalAcc,nan,nan,nan,nan,0
meps,variance_global_mag1.5,lr,per_subgroup_ewma[min_pos],DI_star,0.39248120300751876,0.18449172951328982,0.38614796657703465,0.16854339493231182,20
meps,variance_global_mag1.5,lr,per_subgroup_ewma[min_pos],AOD_star,0.2666917293233083,0.19312877147083587,0.24153867895311293,0.20123568242453835,20
meps,variance_global_mag1.5,lr,per_subgroup_ewma[min_pos],BalAcc,0.03635517937222911,0.2375056135907671,0.048073465489104426,0.2373164558055348,20
meps,variance_global_mag1.5,lr,per_subgroup_baseline_relative[min_pos],DI_star,0.14150375939849624,0.2019940729762962,0.2961979793721195,0.1831283865867985,20
meps,variance_global_mag1.5,lr,per_subgroup_baseline_relative[min_pos],AOD_star,0.0825563909774436,0.2086722330681249,0.18693593005281817,0.22339031899208817,20
meps,variance_global_mag1.5,lr,per_subgroup_baseline_relative[min_pos],BalAcc,0.03146346447263416,0.20955910225706006,0.05268782591032363,0.2156989993966695,20
meps,variance_global_mag1.5,lr,per_subgroup_ewma[maj_neg],DI_star,0.25345862443548245,0.2613575717686899,0.2751473229112927,0.27444676901490034,19
meps,variance_global_mag1.5,lr,per_subgroup_ewma[maj_neg],AOD_star,0.14894314417162646,0.26894719068799006,0.17112828755671705,0.2916098871066369,19
meps,variance_global_mag1.5,lr,per_subgroup_ewma[maj_neg],BalAcc,0.03975816888914963,0.3037616187861228,0.049513430169435914,0.2749810180619581,19
meps,variance_global_mag1.5,lr,per_subgroup_baseline_relative[maj_neg],DI_star,0.07418939579368494,0.25547144601087474,0.1562605406265713,0.2782239351669777,19
meps,variance_global_mag1.5,lr,per_subgroup_baseline_relative[maj_neg],AOD_star,0.03885451292465985,0.26440445807680724,0.12127041292836545,0.271328395682792,19
meps,variance_global_mag1.5,lr,per_subgroup_baseline_relative[maj_neg],BalAcc,0.04477499498680003,0.24950736401892135,0.10168482599902258,0.20692426027651858,19
meps,variance_global_mag1.5,lr,per_subgroup_ewma[maj_pos],DI_star,0.19421052631578947,0.1551478025478387,0.24974758548974557,0.16837954873258454,20
meps,variance_global_mag1.5,lr,per_subgroup_ewma[maj_pos],AOD_star,0.1626315789473684,0.20369600600877455,0.18290654881969085,0.21132257329672155,20
meps,variance_global_mag1.5,lr,per_subgroup_ewma[maj_pos],BalAcc,-0.01068022699228099,0.20173491738644816,0.010573696893638903,0.19124560085901274,20
meps,variance_global_mag1.5,lr,per_subgroup_baseline_relative[maj_pos],DI_star,0.2857142857142857,0.20025649220865943,0.27939224668579044,0.19981298998131408,20
meps,variance_global_mag1.5,lr,per_subgroup_baseline_relative[maj_pos],AOD_star,0.18187969924812025,0.2039246756371337,0.17543875539233394,0.19493646398324732,20
meps,variance_global_mag1.5,lr,per_subgroup_baseline_relative[maj_pos],BalAcc,0.022144172260677407,0.22578369154666925,0.0178652483732527,0.22532978925561276,20
meps,variance_global_mag1.5,xgb,global_mean,DI_star,0.03905518686674726,0.22293755265340262,-0.01403917137341321,0.21886439062805293,20
meps,variance_global_mag1.5,xgb,global_mean,AOD_star,0.027368421052631587,0.23549208267318136,0.026083192700875217,0.21415948630278137,20
meps,variance_global_mag1.5,xgb,global_mean,BalAcc,0.04962406015037594,0.20413277667704094,0.013229963819139556,0.19034028492041402,20
meps,variance_global_mag1.5,xgb,global_ewma,DI_star,0.009880812148633473,0.22607695029445196,-0.02530774435625314,0.2209806635149003,20
meps,variance_global_mag1.5,xgb,global_ewma,AOD_star,0.02729323308270677,0.2192310373203908,0.030880383893280662,0.2263905814081233,20
meps,variance_global_mag1.5,xgb,global_ewma,BalAcc,0.03774436090225564,0.20630729503107811,-0.002050651854610084,0.1990486109270924,20
meps,variance_global_mag1.5,xgb,global_std,DI_star,0.09451880123506265,0.2116429069089196,0.08852080926746977,0.21237624275811437,20
meps,variance_global_mag1.5,xgb,global_std,AOD_star,0.028721804511278183,0.21575876756197693,0.004797988366690554,0.20829428137117698,20
meps,variance_global_mag1.5,xgb,global_std,BalAcc,0.0637593984962406,0.21233881430801407,0.06403873858690563,0.20168423121903417,20
meps,variance_global_mag1.5,xgb,subgroup_violation_diff,DI_star,0.037890211705519414,0.22185407773224086,0.03588007867482032,0.23602737588680664,20
meps,variance_global_mag1.5,xgb,subgroup_violation_diff,AOD_star,0.013909774436090228,0.19656607411652596,0.025663703304892056,0.23246558443143767,20
meps,variance_global_mag1.5,xgb,subgroup_violation_diff,BalAcc,0.008571428571428563,0.201584037425955,0.02005168500560131,0.23909354493546092,20
meps,variance_global_mag1.5,xgb,max_subgroup_deviation,DI_star,0.0059705569167809915,0.2181111073135283,0.030758717798047796,0.20724913564943118,20
meps,variance_global_mag1.5,xgb,max_subgroup_deviation,AOD_star,-0.026766917293233078,0.22577463840757098,0.02746718708263496,0.25318722627770723,20
meps,variance_global_mag1.5,xgb,max_subgroup_deviation,BalAcc,0.03518796992481204,0.2716009283438377,0.00923737082724228,0.2759551861894659,20
meps,variance_global_mag1.5,xgb,assignment_proportion_drift,DI_star,-0.012282190748557313,0.2383648807295841,0.03276816469038925,0.23136485319267772,20
meps,variance_global_mag1.5,xgb,assignment_proportion_drift,AOD_star,-0.0286211183818325,0.2236763160406982,0.037794208825553344,0.23831515688038854,20
meps,variance_global_mag1.5,xgb,assignment_proportion_drift,BalAcc,-0.05412360965608352,0.3187767909939224,0.00583029351118966,0.2718100925382392,20
meps,variance_global_mag1.5,xgb,ks_statistic,DI_star,-0.0203836042997163,0.25837707745327393,0.038238944601155324,0.20797002047609348,20
meps,variance_global_mag1.5,xgb,ks_statistic,AOD_star,0.018947368421052636,0.2165138871469718,0.05020855081443017,0.22558911270809012,20
meps,variance_global_mag1.5,xgb,ks_statistic,BalAcc,-0.017218045112781955,0.24960208028967654,-0.001441102177204251,0.259773602678647,20
meps,variance_global_mag1.5,xgb,kl_divergence,DI_star,-0.0014005509356984163,0.2078577155104563,-0.028475257059789504,0.19696437690027974,20
meps,variance_global_mag1.5,xgb,kl_divergence,AOD_star,-0.0004511278195488688,0.18973552739130742,0.014163581620114852,0.1984585249510896,20
meps,variance_global_mag1.5,xgb,kl_divergence,BalAcc,0.013458646616541359,0.20808600428003027,0.00915487819215366,0.2121316149396163,20
meps,variance_global_mag1.5,xgb,per_subgroup_ewma[min_neg],DI_star,nan,nan,nan,nan,0
meps,variance_global_mag1.5,xgb,per_subgroup_ewma[min_neg],AOD_star,nan,nan,nan,nan,0
meps,variance_global_mag1.5,xgb,per_subgroup_ewma[min_neg],BalAcc,nan,nan,nan,nan,0
meps,variance_global_mag1.5,xgb,per_subgroup_baseline_relative[min_neg],DI_star,nan,nan,nan,nan,0
meps,variance_global_mag1.5,xgb,per_subgroup_baseline_relative[min_neg],AOD_star,nan,nan,nan,nan,0
meps,variance_global_mag1.5,xgb,per_subgroup_baseline_relative[min_neg],BalAcc,nan,nan,nan,nan,0
meps,variance_global_mag1.5,xgb,per_subgroup_ewma[min_pos],DI_star,0.007134825025417296,0.2457718556368374,-0.014461294379502174,0.22690340076660134,20
meps,variance_global_mag1.5,xgb,per_subgroup_ewma[min_pos],AOD_star,0.025037593984962404,0.24218850434680203,0.025934962618283514,0.24234370880838332,20
meps,variance_global_mag1.5,xgb,per_subgroup_ewma[min_pos],BalAcc,0.028195488721804496,0.22527895534717238,-0.001468412303319036,0.22475310300962315,20
meps,variance_global_mag1.5,xgb,per_subgroup_baseline_relative[min_pos],DI_star,0.01033069555562124,0.25887719060185976,0.020307658594744114,0.23455727136383814,20
meps,variance_global_mag1.5,xgb,per_subgroup_baseline_relative[min_pos],AOD_star,-0.006390977443609022,0.260826135674799,0.02463861428820349,0.2561683314641192,20
meps,variance_global_mag1.5,xgb,per_subgroup_baseline_relative[min_pos],BalAcc,0.041503759398496244,0.23437401214294235,0.019143620756703623,0.256478139984262,20
meps,variance_global_mag1.5,xgb,per_subgroup_ewma[maj_neg],DI_star,-0.022246823144009914,0.26640433397760066,-0.04742227846167784,0.2382573527159228,19
meps,variance_global_mag1.5,xgb,per_subgroup_ewma[maj_neg],AOD_star,-0.06134935402387706,0.2440435043491551,-0.026739956879652225,0.24440312189467106,19
meps,variance_global_mag1.5,xgb,per_subgroup_ewma[maj_neg],BalAcc,0.024826209588844354,0.2713735472127507,0.010945198740856763,0.26650506319311257,19
meps,variance_global_mag1.5,xgb,per_subgroup_baseline_relative[maj_neg],DI_star,-0.009505545717495687,0.24586610700793254,-0.020277788226452504,0.23562492762294399,19
meps,variance_global_mag1.5,xgb,per_subgroup_baseline_relative[maj_neg],AOD_star,-0.053167756048844696,0.24686851707264967,-0.01587957284025659,0.25636040550034805,19
meps,variance_global_mag1.5,xgb,per_subgroup_baseline_relative[maj_neg],BalAcc,0.03462317894810953,0.25634399082681897,0.06041276267635489,0.2252329899750356,19
meps,variance_global_mag1.5,xgb,per_subgroup_ewma[maj_pos],DI_star,-0.030751002954034608,0.22144616140005854,-0.0335410351562787,0.21246037957798708,20
meps,variance_global_mag1.5,xgb,per_subgroup_ewma[maj_pos],AOD_star,0.003082706766917297,0.24622032861504878,0.010177260456653804,0.24721418909481116,20
meps,variance_global_mag1.5,xgb,per_subgroup_ewma[maj_pos],BalAcc,-0.03443609022556391,0.1757957767543172,-0.01214173229131199,0.2104329665633263,20
meps,variance_global_mag1.5,xgb,per_subgroup_baseline_relative[maj_pos],DI_star,-0.03549132375804813,0.22329625426164995,-0.055380420354096335,0.20014436881890857,20
meps,variance_global_mag1.5,xgb,per_subgroup_baseline_relative[maj_pos],AOD_star,-0.02706766917293233,0.21755922008993703,-0.013885699113098901,0.19029122400296392,20
meps,variance_global_mag1.5,xgb,per_subgroup_baseline_relative[maj_pos],BalAcc,0.0009022556390977446,0.15830051689479885,-0.010159760728906345,0.17697603024631198,20
meps,variance_global_mag2.0,lr,global_mean,DI_star,0.5326315789473683,0.14779331106680016,0.5341838329804941,0.12990862745526705,20
meps,variance_global_mag2.0,lr,global_mean,AOD_star,0.3648872180451127,0.18995003672255945,0.3540387615557534,0.1863708524577295,20
meps,variance_global_mag2.0,lr,global_mean,BalAcc,0.06946811263610503,0.2599320275668629,0.06787859485387103,0.2551598471587044,20
meps,variance_global_mag2.0,lr,global_ewma,DI_star,0.5262406015037594,0.1363018957871953,0.5365693704214183,0.13629008467042053,20
meps,variance_global_mag2.0,lr,global_ewma,AOD_star,0.36112781954887213,0.18935088215237028,0.36308076027026737,0.18785806387765439,20
meps,variance_global_mag2.0,lr,global_ewma,BalAcc,0.05431749629837427,0.25339109497433526,0.0508111592730451,0.24406555838155225,20
meps,variance_global_mag2.0,lr,global_std,DI_star,-0.2674436090225564,0.15609882703349312,-0.3014222354653355,0.1613455291928617,20
meps,variance_global_mag2.0,lr,global_std,AOD_star,-0.15240601503759396,0.22549436271202414,-0.2098571883925035,0.2065160896395595,20
meps,variance_global_mag2.0,lr,global_std,BalAcc,0.0079764296958722,0.21633955048520692,-0.007579114679192316,0.24527565360155476,20
meps,variance_global_mag2.0,lr,subgroup_violation_diff,DI_star,0.12398496240601502,0.14948720457452355,0.28664489217782835,0.15355448087778936,20
meps,variance_global_mag2.0,lr,subgroup_violation_diff,AOD_star,0.0912781954887218,0.2393912701520224,0.18867682288437634,0.2248244461867997,20
meps,variance_global_mag2.0,lr,subgroup_violation_diff,BalAcc,0.028787744233305722,0.20171234819347125,0.045864996370242196,0.20747897053173814,20
meps,variance_global_mag2.0,lr,max_subgroup_deviation,DI_star,0.374670195330644,0.1794504111451235,0.4555348601182926,0.13690444544776575,20
meps,variance_global_mag2.0,lr,max_subgroup_deviation,AOD_star,0.26169488277786646,0.20982428449577295,0.303377657906689,0.20345361567158177,20
meps,variance_global_mag2.0,lr,max_subgroup_deviation,BalAcc,0.07906522701354708,0.22932443155622695,0.07144388492409957,0.22780013435233135,20
meps,variance_global_mag2.0,lr,assignment_proportion_drift,DI_star,0.204507314085644,0.15835968820190524,0.412049270242233,0.13411368237111376,20
meps,variance_global_mag2.0,lr,assignment_proportion_drift,AOD_star,0.13265966178671354,0.20595811808883782,0.27285135736410243,0.20589996064655236,20
meps,variance_global_mag2.0,lr,assignment_proportion_drift,BalAcc,0.0027845002999615314,0.22234880987056213,0.04662015611071692,0.2330112704906601,20
meps,variance_global_mag2.0,lr,ks_statistic,DI_star,0.510375939849624,0.16447677333296662,0.5015151389052016,0.12502531972198913,20
meps,variance_global_mag2.0,lr,ks_statistic,AOD_star,0.3530827067669173,0.2124363409052053,0.3262372605329008,0.20009833277190775,20
meps,variance_global_mag2.0,lr,ks_statistic,BalAcc,0.036382690787236216,0.25727239170872307,0.05093516773751877,0.24400337540091696,20
meps,variance_global_mag2.0,lr,kl_divergence,DI_star,0.4700751879699247,0.15370039495141122,0.5023146327730988,0.1490791586644037,20
meps,variance_global_mag2.0,lr,kl_divergence,AOD_star,0.3173684210526315,0.18824789972481917,0.33937163434504625,0.18719819082076103,20
meps,variance_global_mag2.0,lr,kl_divergence,BalAcc,0.03326319607531087,0.2594126552248277,0.03782315435792551,0.2537202052749364,20
meps,variance_global_mag2.0,lr,per_subgroup_ewma[min_neg],DI_star,nan,nan,nan,nan,0
meps,variance_global_mag2.0,lr,per_subgroup_ewma[min_neg],AOD_star,nan,nan,nan,nan,0
meps,variance_global_mag2.0,lr,per_subgroup_ewma[min_neg],BalAcc,nan,nan,nan,nan,0
meps,variance_global_mag2.0,lr,per_subgroup_baseline_relative[min_neg],DI_star,nan,nan,nan,nan,0
meps,variance_global_mag2.0,lr,per_subgroup_baseline_relative[min_neg],AOD_star,nan,nan,nan,nan,0
meps,variance_global_mag2.0,lr,per_subgroup_baseline_relative[min_neg],BalAcc,nan,nan,nan,nan,0
meps,variance_global_mag2.0,lr,per_subgroup_ewma[min_pos],DI_star,0.5310526315789472,0.1364609042255156,0.5352078427993848,0.12910419265983547,20
meps,variance_global_mag2.0,lr,per_subgroup_ewma[min_pos],AOD_star,0.3663157894736842,0.19177171873894694,0.3535858232051596,0.18635388739706926,20
meps,variance_global_mag2.0,lr,per_subgroup_ewma[min_pos],BalAcc,0.05236094043621313,0.25131543961453556,0.05769991715124956,0.2535118449665848,20
meps,variance_global_mag2.0,lr,per_subgroup_baseline_relative[min_pos],DI_star,0.37075187969924805,0.17909103666030857,0.45398646513707036,0.13725599080427972,20
meps,variance_global_mag2.0,lr,per_subgroup_baseline_relative[min_pos],AOD_star,0.26383458646616537,0.2198820599793259,0.29972395309322664,0.21574354168681892,20
meps,variance_global_mag2.0,lr,per_subgroup_baseline_relative[min_pos],BalAcc,0.06360579839657357,0.21258985954236462,0.06535610728947687,0.22865348275376235,20
meps,variance_global_mag2.0,lr,per_subgroup_ewma[maj_neg],DI_star,0.33944935411524113,0.2660266183276547,0.3866962719655508,0.28019317553232237,20
meps,variance_global_mag2.0,lr,per_subgroup_ewma[maj_neg],AOD_star,0.2037779574983508,0.2945584909579373,0.22565573395314448,0.29594917068127347,20
meps,variance_global_mag2.0,lr,per_subgroup_ewma[maj_neg],BalAcc,0.05628956729756278,0.24011442168086966,0.05461290182702512,0.2517310384417856,20
meps,variance_global_mag2.0,lr,per_subgroup_baseline_relative[maj_neg],DI_star,0.14153144780158441,0.2552303651311308,0.19886312876601744,0.29243332707550096,20
meps,variance_global_mag2.0,lr,per_subgroup_baseline_relative[maj_neg],AOD_star,0.09235498056930533,0.244361276518422,0.15814511371876122,0.2661778684549384,20
meps,variance_global_mag2.0,lr,per_subgroup_baseline_relative[maj_neg],BalAcc,0.05427885930498377,0.2162593748375951,0.12460450847091668,0.198437414659074,20
meps,variance_global_mag2.0,lr,per_subgroup_ewma[maj_pos],DI_star,0.42601503759398496,0.16634671835762138,0.47859880314534503,0.14928407661330734,20
meps,variance_global_mag2.0,lr,per_subgroup_ewma[maj_pos],AOD_star,0.3140601503759398,0.19306143454365984,0.33459035281073546,0.19616736270177937,20
meps,variance_global_mag2.0,lr,per_subgroup_ewma[maj_pos],BalAcc,0.043947382562104446,0.2196876446417409,0.0409511334035542,0.2257149577422249,20
meps,variance_global_mag2.0,lr,per_subgroup_baseline_relative[maj_pos],DI_star,0.47902255639097746,0.15540280271851442,0.45738673146649445,0.14636092330191366,20
meps,variance_global_mag2.0,lr,per_subgroup_baseline_relative[maj_pos],AOD_star,0.32887218045112776,0.1906427118035114,0.3029781647891421,0.17790985187786465,20
meps,variance_global_mag2.0,lr,per_subgroup_baseline_relative[maj_pos],BalAcc,0.06300551076763253,0.25224284666000973,0.047339950376204955,0.262655150319378,20
meps,variance_global_mag2.0,xgb,global_mean,DI_star,0.029699248120300736,0.20489287430972888,-0.010189407019089557,0.17908932619761725,20
meps,variance_global_mag2.0,xgb,global_mean,AOD_star,0.01210526315789474,0.2178238311963392,0.00799770251653507,0.2017473331255778,20
meps,variance_global_mag2.0,xgb,global_mean,BalAcc,0.028344931352233305,0.22313322862283388,0.006143479297168836,0.1970207590986606,20
meps,variance_global_mag2.0,xgb,global_ewma,DI_star,0.014210526315789479,0.2012918170544766,-0.01741037774345163,0.175155994081753,20
meps,variance_global_mag2.0,xgb,global_ewma,AOD_star,0.00924812030075188,0.21380966776331137,-0.0010660616902716195,0.19555940319067008,20
meps,variance_global_mag2.0,xgb,global_ewma,BalAcc,0.010638489679132177,0.2251742498360871,-0.008739836380068915,0.1946172531010382,20
meps,variance_global_mag2.0,xgb,global_std,DI_star,0.09962406015037592,0.20408119028727,0.09747709312626636,0.19283674965678949,20
meps,variance_global_mag2.0,xgb,global_std,AOD_star,0.041203007518796984,0.2249743674195276,0.0026412556856238224,0.22683863956215047,20
meps,variance_global_mag2.0,xgb,global_std,BalAcc,0.030187333577479637,0.23883109409451853,0.06156403989073252,0.23476305251871607,20
meps,variance_global_mag2.0,xgb,subgroup_violation_diff,DI_star,0.04172932330827067,0.16687859403719815,0.05335960148461564,0.18783830143474675,20
meps,variance_global_mag2.0,xgb,subgroup_violation_diff,AOD_star,0.06240601503759398,0.21239583447556643,0.0363971395752841,0.22264742613610394,20
meps,variance_global_mag2.0,xgb,subgroup_violation_diff,BalAcc,0.03432417087483837,0.23691604377084852,0.009329071426158509,0.25862119815644147,20
meps,variance_global_mag2.0,xgb,max_subgroup_deviation,DI_star,-0.003386569678019295,0.16436601616499533,0.024576877007905375,0.18635562258560448,20
meps,variance_global_mag2.0,xgb,max_subgroup_deviation,AOD_star,-0.0012408984658478395,0.2660130216518303,0.02553555555243415,0.23237993441560073,20
meps,variance_global_mag2.0,xgb,max_subgroup_deviation,BalAcc,0.012297715796137114,0.23310305014938124,0.013046029299010876,0.2466621517341039,20
meps,variance_global_mag2.0,xgb,assignment_proportion_drift,DI_star,0.004275285830102229,0.19733908172733944,0.03797196758523291,0.20373109719140733,20
meps,variance_global_mag2.0,xgb,assignment_proportion_drift,AOD_star,-0.002767632216353655,0.22581096809572945,0.03282295660640826,0.22869254799375963,20
meps,variance_global_mag2.0,xgb,assignment_proportion_drift,BalAcc,-0.02593988126659283,0.2799951121775597,-0.0020832698878015974,0.268337229670772,20
meps,variance_global_mag2.0,xgb,ks_statistic,DI_star,0.027218045112781954,0.21468707959454794,0.03300704940158299,0.1875611283585469,20
meps,variance_global_mag2.0,xgb,ks_statistic,AOD_star,0.03593984962406014,0.2276832267888467,0.031194814857772375,0.22521264842255323,20
meps,variance_global_mag2.0,xgb,ks_statistic,BalAcc,-0.011202922672486007,0.2256278038793611,-0.009301617004842028,0.24955925872185541,20
meps,variance_global_mag2.0,xgb,kl_divergence,DI_star,-0.016616541353383456,0.22776245593449873,-0.026269592374315108,0.20464146225444904,20
meps,variance_global_mag2.0,xgb,kl_divergence,AOD_star,-0.018796992481203006,0.25547783502717936,0.0008725003354380423,0.23595124787716631,20
meps,variance_global_mag2.0,xgb,kl_divergence,BalAcc,-0.005828467633304163,0.2682429511408846,-0.01517774605340801,0.22670380539924684,20
meps,variance_global_mag2.0,xgb,per_subgroup_ewma[min_neg],DI_star,nan,nan,nan,nan,0
meps,variance_global_mag2.0,xgb,per_subgroup_ewma[min_neg],AOD_star,nan,nan,nan,nan,0
meps,variance_global_mag2.0,xgb,per_subgroup_ewma[min_neg],BalAcc,nan,nan,nan,nan,0
meps,variance_global_mag2.0,xgb,per_subgroup_baseline_relative[min_neg],DI_star,nan,nan,nan,nan,0
meps,variance_global_mag2.0,xgb,per_subgroup_baseline_relative[min_neg],AOD_star,nan,nan,nan,nan,0
meps,variance_global_mag2.0,xgb,per_subgroup_baseline_relative[min_neg],BalAcc,nan,nan,nan,nan,0
meps,variance_global_mag2.0,xgb,per_subgroup_ewma[min_pos],DI_star,0.011127819548872191,0.20723386781150366,-0.009794795763784196,0.19437362422254167,20
meps,variance_global_mag2.0,xgb,per_subgroup_ewma[min_pos],AOD_star,0.005864661654135345,0.22576727674387717,0.009474631026284843,0.21782955394672054,20
meps,variance_global_mag2.0,xgb,per_subgroup_ewma[min_pos],BalAcc,0.01131532281897381,0.22919410529136539,-0.004131321607520258,0.21473955767690286,20
meps,variance_global_mag2.0,xgb,per_subgroup_baseline_relative[min_pos],DI_star,0.01075187969924812,0.1798751930676486,0.028935983721921986,0.19756795595716797,20
meps,variance_global_mag2.0,xgb,per_subgroup_baseline_relative[min_pos],AOD_star,0.012330827067669168,0.25199597809797813,0.024415937498549267,0.23936876215444367,20
meps,variance_global_mag2.0,xgb,per_subgroup_baseline_relative[min_pos],BalAcc,0.024512579172257142,0.23356709988790578,0.010138007625420714,0.2546913331263159,20
meps,variance_global_mag2.0,xgb,per_subgroup_ewma[maj_neg],DI_star,-0.03396020073112971,0.20424365625084692,-0.05270915108456192,0.172854412969558,20
meps,variance_global_mag2.0,xgb,per_subgroup_ewma[maj_neg],AOD_star,-0.029507619240515575,0.20580025701609217,-0.02835796724602546,0.18646492706191783,20
meps,variance_global_mag2.0,xgb,per_subgroup_ewma[maj_neg],BalAcc,0.01813789892452588,0.22513672106326646,-0.013234010451774404,0.20918572612842637,20
meps,variance_global_mag2.0,xgb,per_subgroup_baseline_relative[maj_neg],DI_star,-0.11461751058900016,0.2251699395734454,-0.08830632994722265,0.23276876611846722,20
meps,variance_global_mag2.0,xgb,per_subgroup_baseline_relative[maj_neg],AOD_star,-0.06186666138986385,0.25328744328178227,-0.03432297281253231,0.25073561714039716,20
meps,variance_global_mag2.0,xgb,per_subgroup_baseline_relative[maj_neg],BalAcc,0.02614545016400154,0.22419279289620767,0.055714665330309665,0.19652369049150986,20
meps,variance_global_mag2.0,xgb,per_subgroup_ewma[maj_pos],DI_star,-0.026015037593984956,0.19860677032021723,-0.021260273700331674,0.1647816565335477,20
meps,variance_global_mag2.0,xgb,per_subgroup_ewma[maj_pos],AOD_star,-0.01804511278195489,0.17728232762189564,-0.011100526354541788,0.18671403576770793,20
meps,variance_global_mag2.0,xgb,per_subgroup_ewma[maj_pos],BalAcc,-0.003947835075763041,0.1860085975043789,-0.014876544066666872,0.1896636620094751,20
meps,variance_global_mag2.0,xgb,per_subgroup_baseline_relative[maj_pos],DI_star,-0.005864661654135343,0.19638136282006866,-0.044252100733423894,0.1524708061231768,20
meps,variance_global_mag2.0,xgb,per_subgroup_baseline_relative[maj_pos],AOD_star,-0.010902255639097747,0.1761709650975755,-0.016594904993357997,0.1616141994755501,20
meps,variance_global_mag2.0,xgb,per_subgroup_baseline_relative[maj_pos],BalAcc,0.022442831264705698,0.19428897763305894,-0.0037167162072614356,0.19193413294517986,20
meps,variance_global_mag2.5,lr,global_mean,DI_star,0.6294127504208469,0.11295895057243291,0.6211259114759313,0.10279401472462743,20
meps,variance_global_mag2.5,lr,global_mean,AOD_star,0.4122556390977444,0.18454398237042777,0.4176357562798157,0.18034652387442968,20
meps,variance_global_mag2.5,lr,global_mean,BalAcc,0.011353383458646612,0.2583564008285042,0.026825226836888323,0.2652284262615729,20
meps,variance_global_mag2.5,lr,global_ewma,DI_star,0.6259911180061428,0.10060657307349767,0.6183123254181904,0.10192068090776521,20
meps,variance_global_mag2.5,lr,global_ewma,AOD_star,0.4078947368421052,0.19130034569342255,0.4197901370366554,0.1864599748394662,20
meps,variance_global_mag2.5,lr,global_ewma,BalAcc,0.0034586466165413597,0.25229305102266325,0.010572229684603853,0.24825754373543643,20
meps,variance_global_mag2.5,lr,global_std,DI_star,-0.1550771252940256,0.1921175941209049,-0.10968677174619842,0.17711284922057405,20
meps,variance_global_mag2.5,lr,global_std,AOD_star,-0.07992481203007519,0.20350330714788273,-0.07186297202544852,0.19724912318215268,20
meps,variance_global_mag2.5,lr,global_std,BalAcc,-0.015864661654135342,0.23156599661082453,0.0060167980604378555,0.2295953076834478,20
meps,variance_global_mag2.5,lr,subgroup_violation_diff,DI_star,0.24489680567825398,0.18886328733827368,0.38719616530793977,0.14917981557368087,20
meps,variance_global_mag2.5,lr,subgroup_violation_diff,AOD_star,0.13233082706766916,0.24363269169336838,0.2659120544466365,0.2316785829656686,20
meps,variance_global_mag2.5,lr,subgroup_violation_diff,BalAcc,-0.02578947368421053,0.17989467776269094,0.023655365741790373,0.2007138852018372,20
meps,variance_global_mag2.5,lr,max_subgroup_deviation,DI_star,0.5383953229891024,0.11895899401501711,0.5648221081792466,0.10276244159120226,20
meps,variance_global_mag2.5,lr,max_subgroup_deviation,AOD_star,0.3299248120300752,0.20142709797472347,0.37418732940908317,0.20524216879874968,20
meps,variance_global_mag2.5,lr,max_subgroup_deviation,BalAcc,0.009924812030075178,0.23381809771906487,0.02886377751498707,0.23851801503865805,20
meps,variance_global_mag2.5,lr,assignment_proportion_drift,DI_star,0.19276235106048992,0.17857110418613156,0.4624528925595257,0.13120166115061271,20
meps,variance_global_mag2.5,lr,assignment_proportion_drift,AOD_star,0.11766727219752016,0.21371527006254373,0.32062122192343584,0.1989720992966662,20
meps,variance_global_mag2.5,lr,assignment_proportion_drift,BalAcc,-0.0006578599676971581,0.21100018469715157,0.03595700239221846,0.23261142965430268,20
meps,variance_global_mag2.5,lr,ks_statistic,DI_star,0.5959170330382608,0.11102358118011041,0.587978885600721,0.10280622080728775,20
meps,variance_global_mag2.5,lr,ks_statistic,AOD_star,0.37248120300751875,0.1815150964185216,0.3964740721220775,0.18232271698555685,20
meps,variance_global_mag2.5,lr,ks_statistic,BalAcc,-0.031203007518797017,0.24207157800500595,0.018412452785577023,0.24652525102752848,20
meps,variance_global_mag2.5,lr,kl_divergence,DI_star,0.5736987758097013,0.11888678362992178,0.5952926661791718,0.11036332694508878,20
meps,variance_global_mag2.5,lr,kl_divergence,AOD_star,0.34751879699248117,0.1849219957078654,0.39862123115252257,0.19482396271002944,20
meps,variance_global_mag2.5,lr,kl_divergence,BalAcc,-0.0244360902255639,0.24547870421362034,0.006299281062980359,0.25629630102368445,20
meps,variance_global_mag2.5,lr,per_subgroup_ewma[min_neg],DI_star,nan,nan,nan,nan,0
meps,variance_global_mag2.5,lr,per_subgroup_ewma[min_neg],AOD_star,nan,nan,nan,nan,0
meps,variance_global_mag2.5,lr,per_subgroup_ewma[min_neg],BalAcc,nan,nan,nan,nan,0
meps,variance_global_mag2.5,lr,per_subgroup_baseline_relative[min_neg],DI_star,nan,nan,nan,nan,0
meps,variance_global_mag2.5,lr,per_subgroup_baseline_relative[min_neg],AOD_star,nan,nan,nan,nan,0
meps,variance_global_mag2.5,lr,per_subgroup_baseline_relative[min_neg],BalAcc,nan,nan,nan,nan,0
meps,variance_global_mag2.5,lr,per_subgroup_ewma[min_pos],DI_star,0.6231344276626587,0.10671048967089845,0.6260129924621873,0.10217143010509519,20
meps,variance_global_mag2.5,lr,per_subgroup_ewma[min_pos],AOD_star,0.4090977443609023,0.18937786991411099,0.4243838780698045,0.18451130792672824,20
meps,variance_global_mag2.5,lr,per_subgroup_ewma[min_pos],BalAcc,0.0017293233082706818,0.24812088174914887,0.019224170281637993,0.25461201807610395,20
meps,variance_global_mag2.5,lr,per_subgroup_baseline_relative[min_pos],DI_star,0.5608774310239384,0.1283755871666012,0.5665436743124271,0.1210714053003325,20
meps,variance_global_mag2.5,lr,per_subgroup_baseline_relative[min_pos],AOD_star,0.35601503759398495,0.20465766267038588,0.38224864679711623,0.20830844850412888,20
meps,variance_global_mag2.5,lr,per_subgroup_baseline_relative[min_pos],BalAcc,-0.005789473684210525,0.23367631178530074,0.025889294883997837,0.23304944986727158,20
meps,variance_global_mag2.5,lr,per_subgroup_ewma[maj_neg],DI_star,0.5069491092666784,0.15364318630817267,0.5635978427255479,0.12277237372827919,20
meps,variance_global_mag2.5,lr,per_subgroup_ewma[maj_neg],AOD_star,0.3079876627004928,0.1902172205087947,0.3714556693919703,0.1949085981005766,20
meps,variance_global_mag2.5,lr,per_subgroup_ewma[maj_neg],BalAcc,-0.0008887064269639033,0.2575685464929084,0.02363891274485235,0.26326066344169113,20
meps,variance_global_mag2.5,lr,per_subgroup_baseline_relative[maj_neg],DI_star,0.27627958531651287,0.24733217072830974,0.3595213251323084,0.22705565213622197,20
meps,variance_global_mag2.5,lr,per_subgroup_baseline_relative[maj_neg],AOD_star,0.16288730543830796,0.20507165933119983,0.23944338642868349,0.219792557425166,20
meps,variance_global_mag2.5,lr,per_subgroup_baseline_relative[maj_neg],BalAcc,0.06661352133349417,0.24498153095262207,0.08617997895921412,0.20155592869872552,20
meps,variance_global_mag2.5,lr,per_subgroup_ewma[maj_pos],DI_star,0.5579447325295233,0.1126784097886307,0.5834493936098946,0.10952625266682381,20
meps,variance_global_mag2.5,lr,per_subgroup_ewma[maj_pos],AOD_star,0.36639097744360904,0.18755097673249022,0.3999826562125247,0.19245062867056043,20
meps,variance_global_mag2.5,lr,per_subgroup_ewma[maj_pos],BalAcc,-0.0018045112781955002,0.23072619088370477,0.002939316225578907,0.23561392614317095,20
meps,variance_global_mag2.5,lr,per_subgroup_baseline_relative[maj_pos],DI_star,0.5829831466954917,0.11394996263573558,0.573652704386973,0.10791171000536942,20
meps,variance_global_mag2.5,lr,per_subgroup_baseline_relative[maj_pos],AOD_star,0.3754887218045112,0.16662990907532482,0.38158744145066936,0.1748508562898027,20
meps,variance_global_mag2.5,lr,per_subgroup_baseline_relative[maj_pos],BalAcc,0.007518796992481194,0.2639922326892079,0.011250128873822368,0.2769361766222252,20
meps,variance_global_mag2.5,xgb,global_mean,DI_star,0.1500751879699248,0.2499190213130802,0.1201374677510666,0.23055334548742573,20
meps,variance_global_mag2.5,xgb,global_mean,AOD_star,-0.004360902255639102,0.23306762017631474,0.0018434317903833653,0.22061186622046222,20
meps,variance_global_mag2.5,xgb,global_mean,BalAcc,-0.04574796262789103,0.23176665595029292,-0.049040417823976556,0.22195158278207922,20
meps,variance_global_mag2.5,xgb,global_ewma,DI_star,0.13812030075187967,0.24876165685217083,0.12081967031099136,0.25421888542687643,20
meps,variance_global_mag2.5,xgb,global_ewma,AOD_star,-0.005639097744360919,0.2351948324095436,-0.009378248795019254,0.22233249451122342,20
meps,variance_global_mag2.5,xgb,global_ewma,BalAcc,-0.05255268602186397,0.23491044405423753,-0.06841421237197137,0.221563912631999,20
meps,variance_global_mag2.5,xgb,global_std,DI_star,0.050150375939849626,0.23928647915818427,0.06813103177075473,0.21867675981676218,20
meps,variance_global_mag2.5,xgb,global_std,AOD_star,-0.00511278195488722,0.27209627743423215,-0.01709579598508101,0.2737599263593601,20
meps,variance_global_mag2.5,xgb,global_std,BalAcc,-0.010457434728665374,0.2001003767699836,0.02979293888733564,0.21078870789409027,20
meps,variance_global_mag2.5,xgb,subgroup_violation_diff,DI_star,0.04909774436090224,0.1964184225892077,0.08286023199701406,0.21031714646316127,20
meps,variance_global_mag2.5,xgb,subgroup_violation_diff,AOD_star,0.03699248120300751,0.24721703894568672,0.03231825506726231,0.2343670675527558,20
meps,variance_global_mag2.5,xgb,subgroup_violation_diff,BalAcc,-0.05331183422175306,0.2204230037234555,-0.02073507803795307,0.2625414838419101,20
meps,variance_global_mag2.5,xgb,max_subgroup_deviation,DI_star,0.12661654135338346,0.23454915839830592,0.11540797234809766,0.23105528030341035,20
meps,variance_global_mag2.5,xgb,max_subgroup_deviation,AOD_star,-0.020977443609022556,0.25279911872060473,0.004070573472758328,0.2525230186509168,20
meps,variance_global_mag2.5,xgb,max_subgroup_deviation,BalAcc,-0.08319247667776455,0.20426929085265702,-0.04917021543610087,0.25222936704793575,20
meps,variance_global_mag2.5,xgb,assignment_proportion_drift,DI_star,0.0205759850510429,0.17934768226243653,0.08691840784501223,0.2096210771251201,20
meps,variance_global_mag2.5,xgb,assignment_proportion_drift,AOD_star,0.039268657224751674,0.2551551565318691,0.03691510082854245,0.2313444134796128,20
meps,variance_global_mag2.5,xgb,assignment_proportion_drift,BalAcc,0.004253599832961569,0.2997270857366058,-0.015127830044793743,0.2791190376830005,20
meps,variance_global_mag2.5,xgb,ks_statistic,DI_star,0.12428571428571429,0.2480470500212658,0.11231324980774557,0.23495479624505825,20
meps,variance_global_mag2.5,xgb,ks_statistic,AOD_star,-0.010375939849624061,0.22751084571329816,0.015535974286258775,0.23049461626473075,20
meps,variance_global_mag2.5,xgb,ks_statistic,BalAcc,-0.07999637989073131,0.2389730253143583,-0.04928001105337289,0.26410433304512276,20
meps,variance_global_mag2.5,xgb,kl_divergence,DI_star,0.06827067669172933,0.25393745910999244,0.06865310219731992,0.23678651713098176,20
meps,variance_global_mag2.5,xgb,kl_divergence,AOD_star,-0.05533834586466165,0.19840884382660431,-0.0127154590771778,0.2008489245236359,20
meps,variance_global_mag2.5,xgb,kl_divergence,BalAcc,-0.07781541968504588,0.2675740037388538,-0.05965289797234062,0.247993654859733,20
meps,variance_global_mag2.5,xgb,per_subgroup_ewma[min_neg],DI_star,nan,nan,nan,nan,0
meps,variance_global_mag2.5,xgb,per_subgroup_ewma[min_neg],AOD_star,nan,nan,nan,nan,0
meps,variance_global_mag2.5,xgb,per_subgroup_ewma[min_neg],BalAcc,nan,nan,nan,nan,0
meps,variance_global_mag2.5,xgb,per_subgroup_baseline_relative[min_neg],DI_star,nan,nan,nan,nan,0
meps,variance_global_mag2.5,xgb,per_subgroup_baseline_relative[min_neg],AOD_star,nan,nan,nan,nan,0
meps,variance_global_mag2.5,xgb,per_subgroup_baseline_relative[min_neg],BalAcc,nan,nan,nan,nan,0
meps,variance_global_mag2.5,xgb,per_subgroup_ewma[min_pos],DI_star,0.1319548872180451,0.25648241043812897,0.11390701008023034,0.24757427399107707,20
meps,variance_global_mag2.5,xgb,per_subgroup_ewma[min_pos],AOD_star,-0.0075187969924812,0.23505784527844054,0.000827176420172017,0.22447195147398644,20
meps,variance_global_mag2.5,xgb,per_subgroup_ewma[min_pos],BalAcc,-0.050973625525028265,0.23523213537114412,-0.05778209378572328,0.234845986191462,20
meps,variance_global_mag2.5,xgb,per_subgroup_baseline_relative[min_pos],DI_star,0.13872180451127816,0.2516562245084021,0.11604013693642583,0.24125333751157427,20
meps,variance_global_mag2.5,xgb,per_subgroup_baseline_relative[min_pos],AOD_star,-0.004360902255639093,0.2450509170510039,0.015487621819806974,0.2458589633711608,20
meps,variance_global_mag2.5,xgb,per_subgroup_baseline_relative[min_pos],BalAcc,-0.08428486582260442,0.22261300138420378,-0.04203799586839626,0.2602242127621889,20
meps,variance_global_mag2.5,xgb,per_subgroup_ewma[maj_neg],DI_star,0.11575862686519908,0.26628499381612736,0.09534479547909026,0.23962314175740426,20
meps,variance_global_mag2.5,xgb,per_subgroup_ewma[maj_neg],AOD_star,-0.06485681475939248,0.2611840077622114,-0.0394399486016286,0.23290426435169434,20
meps,variance_global_mag2.5,xgb,per_subgroup_ewma[maj_neg],BalAcc,-0.03729404446798913,0.22580022066288405,-0.04520335857826872,0.21836205670851178,20
meps,variance_global_mag2.5,xgb,per_subgroup_baseline_relative[maj_neg],DI_star,0.09233839790910324,0.24044938314746267,0.06408415497896584,0.24672759205662373,20
meps,variance_global_mag2.5,xgb,per_subgroup_baseline_relative[maj_neg],AOD_star,-0.03060827103398665,0.24070473724285496,-0.0034871988204003444,0.2551406225126642,20
meps,variance_global_mag2.5,xgb,per_subgroup_baseline_relative[maj_neg],BalAcc,-0.003402121817986106,0.1663988765979314,0.030709065745894947,0.17656175483434447,20
meps,variance_global_mag2.5,xgb,per_subgroup_ewma[maj_pos],DI_star,0.1103007518796992,0.23270708273084595,0.12566481214130065,0.26191480540838874,20
meps,variance_global_mag2.5,xgb,per_subgroup_ewma[maj_pos],AOD_star,-0.027669172932330822,0.20860584848611727,-0.014926122630572511,0.2291564084185434,20
meps,variance_global_mag2.5,xgb,per_subgroup_ewma[maj_pos],BalAcc,-0.06800388454667199,0.21507650783585655,-0.07593092359446114,0.2134945597076668,20
meps,variance_global_mag2.5,xgb,per_subgroup_baseline_relative[maj_pos],DI_star,0.11947368421052629,0.2306624158663008,0.10623948965116706,0.20738906318735886,20
meps,variance_global_mag2.5,xgb,per_subgroup_baseline_relative[maj_pos],AOD_star,-0.03,0.2044413165384272,-0.015653700181077545,0.20286358068200963,20
meps,variance_global_mag2.5,xgb,per_subgroup_baseline_relative[maj_pos],BalAcc,-0.045333622753350206,0.22839905516640818,-0.057300187305219755,0.21718464127777246,20
credit,no_drift,lr,global_mean,DI_star,0.05827067669172932,0.20634070905425747,0.07803680599317853,0.2325767616276994,20
credit,no_drift,lr,global_mean,AOD_star,0.014360902255639102,0.22772522179339344,0.037725051130856,0.22628025215711475,20
credit,no_drift,lr,global_mean,BalAcc,0.07894736842105264,0.2606399409370921,0.09391502709150128,0.2110120907777383,20
credit,no_drift,lr,global_ewma,DI_star,0.06180451127819549,0.14774839765668957,0.005288113345536115,0.17976367650010738,20
credit,no_drift,lr,global_ewma,AOD_star,-0.01248120300751881,0.27243709082093065,0.001920895284627315,0.24997409590344452,20
credit,no_drift,lr,global_ewma,BalAcc,0.07902255639097742,0.24391861651087876,0.10155933377996011,0.22414776401634776,20
credit,no_drift,lr,global_std,DI_star,0.047593984962406015,0.2502457495292227,0.04180950052404955,0.263742616060876,20
credit,no_drift,lr,global_std,AOD_star,0.05045112781954886,0.20325157983023906,0.05458066335369689,0.19947335431995994,20
credit,no_drift,lr,global_std,BalAcc,0.09353383458646615,0.1864356026371878,0.09205748370866178,0.17419450779804221,20
credit,no_drift,lr,subgroup_violation_diff,DI_star,-0.00819548872180452,0.23839992508519456,-0.01154562008664658,0.21983403216410022,20
credit,no_drift,lr,subgroup_violation_diff,AOD_star,0.005864661654135335,0.2673233805952597,0.005229519574918622,0.2677769854617495,20
credit,no_drift,lr,subgroup_violation_diff,BalAcc,-0.10924812030075186,0.2027295646580805,-0.07710470382870237,0.21967750209212794,20
credit,no_drift,lr,max_subgroup_deviation,DI_star,-0.01142857142857143,0.20324263744615664,-0.010646804648759283,0.22454421123421048,20
credit,no_drift,lr,max_subgroup_deviation,AOD_star,-0.007067669172932315,0.27006953625380753,0.005556083651261041,0.24515580740560977,20
credit,no_drift,lr,max_subgroup_deviation,BalAcc,0.05045112781954887,0.20041647800518025,0.05158683352495643,0.19754095938411972,20
credit,no_drift,lr,assignment_proportion_drift,DI_star,0.00860261665991167,0.2487611186257458,0.011868513386044072,0.2310537306883591,20
credit,no_drift,lr,assignment_proportion_drift,AOD_star,-0.0016530606184067293,0.22522106212112844,-0.0014377007871003878,0.24145252179792398,20
credit,no_drift,lr,assignment_proportion_drift,BalAcc,0.014850175561171774,0.19517787651471594,0.019153540120960454,0.17859588224970663,20
credit,no_drift,lr,ks_statistic,DI_star,0.027218045112781957,0.24006326073760773,0.019885916340642205,0.2560314353622126,20
credit,no_drift,lr,ks_statistic,AOD_star,0.01180451127819548,0.2767290245378173,-0.015201545518381815,0.26704318565504265,20
credit,no_drift,lr,ks_statistic,BalAcc,-0.03406015037593983,0.2268206967401132,-0.04831097003792732,0.23177787926873863,20
credit,no_drift,lr,kl_divergence,DI_star,0.01233082706766917,0.22368470335448332,0.02655636345685434,0.18875732921435057,20
credit,no_drift,lr,kl_divergence,AOD_star,-0.04022556390977443,0.23935007019565016,-0.015079933192050593,0.20017957941304107,20
credit,no_drift,lr,kl_divergence,BalAcc,-0.04714285714285714,0.2095300136386449,-0.05826416734884969,0.2151832912857987,20
credit,no_drift,lr,per_subgroup_ewma[min_neg],DI_star,0.030506597878649837,0.23027642918469937,0.07056589297083292,0.22218174451670727,20
credit,no_drift,lr,per_subgroup_ewma[min_neg],AOD_star,0.1369939998022024,0.21988475427724305,0.14146212740443329,0.22130322277076933,20
credit,no_drift,lr,per_subgroup_ewma[min_neg],BalAcc,0.03554836064195416,0.2019623211547588,0.05583841894710033,0.1965958003830951,20
credit,no_drift,lr,per_subgroup_baseline_relative[min_neg],DI_star,0.013098192968508948,0.18528353139288012,0.0497140386066614,0.20449097810483197,20
credit,no_drift,lr,per_subgroup_baseline_relative[min_neg],AOD_star,-0.013941479154873551,0.2615180556472933,-0.026569367662533462,0.253783437480663,20
credit,no_drift,lr,per_subgroup_baseline_relative[min_neg],BalAcc,0.0013850285613549145,0.2369229877004658,0.021933520287764532,0.21462035632862145,20
credit,no_drift,lr,per_subgroup_ewma[min_pos],DI_star,0.06669172932330825,0.31183389974112397,0.04723280342645069,0.2935142669029004,20
credit,no_drift,lr,per_subgroup_ewma[min_pos],AOD_star,-0.08112781954887217,0.2341785903714634,-0.05621639247635318,0.242069249253847,20
credit,no_drift,lr,per_subgroup_ewma[min_pos],BalAcc,-0.04646616541353383,0.2521441323195311,-0.01729352171397162,0.22945701775974556,20
credit,no_drift,lr,per_subgroup_baseline_relative[min_pos],DI_star,0.025413533834586454,0.2550802826381581,0.02364177991746292,0.2527461820676217,20
credit,no_drift,lr,per_subgroup_baseline_relative[min_pos],AOD_star,0.014511278195488716,0.21980584147934404,0.0122653096069474,0.24004049289039603,20
credit,no_drift,lr,per_subgroup_baseline_relative[min_pos],BalAcc,-0.0719548872180451,0.2617341831577888,-0.047701261645949615,0.2684665306331868,20
credit,no_drift,lr,per_subgroup_ewma[maj_neg],DI_star,-0.0037593984962406126,0.22023812910654753,-0.02233836499548421,0.19293402877076735,20
credit,no_drift,lr,per_subgroup_ewma[maj_neg],AOD_star,0.005112781954887227,0.20818428761240207,0.0026158983230333437,0.23026787896395107,20
credit,no_drift,lr,per_subgroup_ewma[maj_neg],BalAcc,0.044436090225563926,0.21549427032192642,0.06235354287179875,0.19919473884832437,20
credit,no_drift,lr,per_subgroup_baseline_relative[maj_neg],DI_star,0.016616541353383456,0.1877119884406171,0.03409378467970743,0.19259308830973446,20
credit,no_drift,lr,per_subgroup_baseline_relative[maj_neg],AOD_star,-0.023007518796992477,0.15115370294191707,-0.03002315561968995,0.17397112134909434,20
credit,no_drift,lr,per_subgroup_baseline_relative[maj_neg],BalAcc,0.054812030075187965,0.2080751368918729,0.07061014283346331,0.20218656036500157,20
credit,no_drift,lr,per_subgroup_ewma[maj_pos],DI_star,-0.06924812030075188,0.2495925675396688,-0.058108905748054385,0.243948980770133,20
credit,no_drift,lr,per_subgroup_ewma[maj_pos],AOD_star,0.02857142857142857,0.30884706796610534,0.035206797900363365,0.2778908502541326,20
credit,no_drift,lr,per_subgroup_ewma[maj_pos],BalAcc,0.04789473684210526,0.1785458786628665,0.07239450843444697,0.1782755919935662,20
credit,no_drift,lr,per_subgroup_baseline_relative[maj_pos],DI_star,-0.028270676691729318,0.20618707486715762,-0.013857220669269121,0.2268936293373549,20
credit,no_drift,lr,per_subgroup_baseline_relative[maj_pos],AOD_star,-0.001879699248120295,0.2690703694214673,0.018418815474721035,0.2359011839843809,20
credit,no_drift,lr,per_subgroup_baseline_relative[maj_pos],BalAcc,0.0600751879699248,0.20050672141665962,0.05210974335970161,0.19741009095204048,20
credit,no_drift,xgb,global_mean,DI_star,-0.01278195488721805,0.22361235972450497,0.010806155651085277,0.21215212262822214,20
credit,no_drift,xgb,global_mean,AOD_star,-0.10045112781954887,0.26592385283325276,-0.07246201616832279,0.24306483061657916,20
credit,no_drift,xgb,global_mean,BalAcc,0.06593984962406016,0.23496175639007935,0.06327668112040405,0.20293774570283202,20
credit,no_drift,xgb,global_ewma,DI_star,0.022481203007518803,0.1762675920465227,-0.00014570690790611103,0.17203863154375115,20
credit,no_drift,xgb,global_ewma,AOD_star,-0.019999999999999997,0.22116927003088024,-0.04585130856855825,0.1843783116790216,20
credit,no_drift,xgb,global_ewma,BalAcc,0.015338345864661651,0.18885302330890014,-0.002316973645659215,0.19213942502874726,20
credit,no_drift,xgb,global_std,DI_star,0.010150375939849625,0.22249230686792454,0.02097734300975907,0.2087874442867126,20
credit,no_drift,xgb,global_std,AOD_star,-0.08947368421052632,0.23017517115945096,-0.0915882952285469,0.21639099121105482,20
credit,no_drift,xgb,global_std,BalAcc,0.054812030075187965,0.2392851561339904,0.04958901109575406,0.19919453507367493,20
credit,no_drift,xgb,subgroup_violation_diff,DI_star,-0.0065413533834586535,0.17650143328037152,0.0001293445838085834,0.17819986815543126,20
credit,no_drift,xgb,subgroup_violation_diff,AOD_star,0.02345864661654135,0.19068973651448112,0.004578325268615399,0.19347129490076806,20
credit,no_drift,xgb,subgroup_violation_diff,BalAcc,0.06315789473684211,0.23657246854513148,0.0746318163476313,0.21299827149510298,20
credit,no_drift,xgb,max_subgroup_deviation,DI_star,0.07112781954887216,0.18821764128449925,0.058700820095122855,0.18410344475080853,20
credit,no_drift,xgb,max_subgroup_deviation,AOD_star,-0.046315789473684206,0.24035494886016776,-0.0390255625901134,0.23854919575694986,20
credit,no_drift,xgb,max_subgroup_deviation,BalAcc,0.01751879699248121,0.26074393367535714,-0.0032389596405932356,0.23676759721183466,20
credit,no_drift,xgb,assignment_proportion_drift,DI_star,0.05695535387275552,0.15864243889381976,0.06034056380416691,0.1538893039145969,20
credit,no_drift,xgb,assignment_proportion_drift,AOD_star,0.04807828061769428,0.2577265555501818,0.041705786999989974,0.26651474956198795,20
credit,no_drift,xgb,assignment_proportion_drift,BalAcc,0.07826979994651581,0.2629789857665266,0.09930425732416366,0.27139931340593615,20
credit,no_drift,xgb,ks_statistic,DI_star,0.042781954887218046,0.24608207030219162,0.04792775943869143,0.23805310795034518,20
credit,no_drift,xgb,ks_statistic,AOD_star,0.07195488721804512,0.23921370196136393,0.05187133942074614,0.21657149766471792,20
credit,no_drift,xgb,ks_statistic,BalAcc,0.07225563909774436,0.22514822599806877,0.064310985127215,0.20540265457721357,20
credit,no_drift,xgb,kl_divergence,DI_star,0.04759398496240601,0.20178034827273042,0.05547593035504232,0.20987421707863294,20
credit,no_drift,xgb,kl_divergence,AOD_star,0.04511278195488721,0.21275193071737256,0.047234437885441814,0.1789072015758972,20
credit,no_drift,xgb,kl_divergence,BalAcc,0.024511278195488716,0.2010538687743467,0.035262461583016845,0.1884343131631338,20
credit,no_drift,xgb,per_subgroup_ewma[min_neg],DI_star,-0.11178109742994609,0.13676580846778458,-0.09226212426247457,0.12928934216420407,20
credit,no_drift,xgb,per_subgroup_ewma[min_neg],AOD_star,-0.06785585717267997,0.24272796765290172,-0.04909012698054127,0.22737257692822346,20
credit,no_drift,xgb,per_subgroup_ewma[min_neg],BalAcc,-0.013830384724317302,0.22417448572693677,-0.007325612561302377,0.22772061779311062,20
credit,no_drift,xgb,per_subgroup_baseline_relative[min_neg],DI_star,-0.03820465289359683,0.19667975201860033,-0.017437622879185943,0.18141027237812105,20
credit,no_drift,xgb,per_subgroup_baseline_relative[min_neg],AOD_star,-0.07503781966718404,0.22511435874090405,-0.02489710076486036,0.21669820159193892,20
credit,no_drift,xgb,per_subgroup_baseline_relative[min_neg],BalAcc,-0.10655433962780234,0.21006533638095487,-0.11001205293562995,0.22831665329649106,20
credit,no_drift,xgb,per_subgroup_ewma[min_pos],DI_star,0.047744360902255624,0.23220882749577482,0.04855798008173193,0.22256100551317512,20
credit,no_drift,xgb,per_subgroup_ewma[min_pos],AOD_star,-0.006691729323308267,0.23105715798252321,-0.02790780228935543,0.21994448212303616,20
credit,no_drift,xgb,per_subgroup_ewma[min_pos],BalAcc,0.03593984962406016,0.1762280911159348,0.027563609370928648,0.15473693793223595,20
credit,no_drift,xgb,per_subgroup_baseline_relative[min_pos],DI_star,0.007819548872180452,0.2332105397694833,0.06559407741050337,0.1989802276814756,20
credit,no_drift,xgb,per_subgroup_baseline_relative[min_pos],AOD_star,-0.0857142857142857,0.23331010008999284,-0.053930518236197836,0.20704201151910465,20
credit,no_drift,xgb,per_subgroup_baseline_relative[min_pos],BalAcc,0.10586466165413533,0.2526527918054297,0.09866927108814165,0.2567290459190653,20
credit,no_drift,xgb,per_subgroup_ewma[maj_neg],DI_star,-0.037142857142857144,0.17355891714846566,-0.07195625393261239,0.1847377747136305,20
credit,no_drift,xgb,per_subgroup_ewma[maj_neg],AOD_star,-0.0481203007518797,0.20294958794709134,-0.056037229388088014,0.1928125162867037,20
credit,no_drift,xgb,per_subgroup_ewma[maj_neg],BalAcc,-0.007593984962406023,0.19898122285961925,-0.01671685537320948,0.21616101498989285,20
credit,no_drift,xgb,per_subgroup_baseline_relative[maj_neg],DI_star,-0.09548872180451129,0.2530356149701586,-0.09280764050908981,0.24686958556975191,20
credit,no_drift,xgb,per_subgroup_baseline_relative[maj_neg],AOD_star,-0.10593984962406014,0.2917353208437058,-0.08480562938770865,0.28942797996597003,20
credit,no_drift,xgb,per_subgroup_baseline_relative[maj_neg],BalAcc,-0.00556390977443609,0.12771256026575994,-0.02156232607603518,0.13052355063937784,20
credit,no_drift,xgb,per_subgroup_ewma[maj_pos],DI_star,-0.016691729323308268,0.12775929583842496,-0.011578285649003206,0.12061913408390075,20
credit,no_drift,xgb,per_subgroup_ewma[maj_pos],AOD_star,-0.09090225563909773,0.20664547356286733,-0.07808821983585605,0.18721671460463143,20
credit,no_drift,xgb,per_subgroup_ewma[maj_pos],BalAcc,0.0061654135338345935,0.17797289482323775,-0.010801853700689267,0.16582455750110267,20
credit,no_drift,xgb,per_subgroup_baseline_relative[maj_pos],DI_star,0.05451127819548871,0.19732674103404876,0.0453398517298091,0.18780331736008626,20
credit,no_drift,xgb,per_subgroup_baseline_relative[maj_pos],AOD_star,-0.027744360902255637,0.22624482438456023,-0.028030148824011603,0.23372706675196075,20
credit,no_drift,xgb,per_subgroup_baseline_relative[maj_pos],BalAcc,-0.010300751879699246,0.25414658292514486,-0.018306228895413078,0.23545947713208792,20
credit,gradual_group_mag0.5,lr,global_mean,DI_star,0.3847368421052631,0.2531655094419661,0.31672584650163926,0.223051988815171,20
credit,gradual_group_mag0.5,lr,global_mean,AOD_star,0.392781954887218,0.20664718337754903,0.32012064290265374,0.22763913828706586,20
credit,gradual_group_mag0.5,lr,global_mean,BalAcc,-0.06097744360902254,0.1384238706202355,-0.046962023632367705,0.18678649521941215,20
credit,gradual_group_mag0.5,lr,global_ewma,DI_star,0.43669172932330824,0.28356867492201315,0.4121069549965979,0.27647264888798184,20
credit,gradual_group_mag0.5,lr,global_ewma,AOD_star,0.4518796992481203,0.2519358034250603,0.4186908108232544,0.2609726306227949,20
credit,gradual_group_mag0.5,lr,global_ewma,BalAcc,-0.032105263157894734,0.12108043859392263,-0.055730253235983976,0.1292614920148388,20
credit,gradual_group_mag0.5,lr,global_std,DI_star,0.4233834586466164,0.27188430488813115,0.3453188080537569,0.231631724279234,20
credit,gradual_group_mag0.5,lr,global_std,AOD_star,0.4544360902255639,0.2143875763700018,0.3532589417356021,0.22766752280075964,20
credit,gradual_group_mag0.5,lr,global_std,BalAcc,-0.026541353383458643,0.11754000934211505,-0.03884019507569493,0.17439624821093744,20
credit,gradual_group_mag0.5,lr,subgroup_violation_diff,DI_star,-0.3173684210526315,0.21251290144499424,-0.361965477389886,0.2342181442266872,20
credit,gradual_group_mag0.5,lr,subgroup_violation_diff,AOD_star,-0.36157894736842094,0.21914963958818143,-0.39364705554908996,0.22159259016131386,20
credit,gradual_group_mag0.5,lr,subgroup_violation_diff,BalAcc,0.03293233082706767,0.15363675090803533,0.0463078214099977,0.170572133127657,20
credit,gradual_group_mag0.5,lr,max_subgroup_deviation,DI_star,0.32781954887218034,0.2826031645072625,0.3474287650508417,0.25863557517339136,20
credit,gradual_group_mag0.5,lr,max_subgroup_deviation,AOD_star,0.3946616541353383,0.24908696408364903,0.36344159198143067,0.2642609435694284,20
credit,gradual_group_mag0.5,lr,max_subgroup_deviation,BalAcc,-0.06639097744360901,0.14282965703135736,-0.0755492026043001,0.14588227400413842,20
credit,gradual_group_mag0.5,lr,assignment_proportion_drift,DI_star,0.33396186299917907,0.2848379850198453,0.32900976008704713,0.24784399304260862,20
credit,gradual_group_mag0.5,lr,assignment_proportion_drift,AOD_star,0.35614929980660304,0.2826571004175796,0.32363268072895623,0.2594664217887369,20
credit,gradual_group_mag0.5,lr,assignment_proportion_drift,BalAcc,-0.027217055239153798,0.1583240163906892,-0.0432591645752317,0.1822422026371493,20
credit,gradual_group_mag0.5,lr,ks_statistic,DI_star,0.40849624060150375,0.29865785098768655,0.3328325004199614,0.24047722816216627,20
credit,gradual_group_mag0.5,lr,ks_statistic,AOD_star,0.41601503759398495,0.24515349770234668,0.3329917067912863,0.2367652539353224,20
credit,gradual_group_mag0.5,lr,ks_statistic,BalAcc,-0.06729323308270677,0.15429397668008143,-0.060031447565601935,0.18543611821789396,20
credit,gradual_group_mag0.5,lr,kl_divergence,DI_star,0.22481203007518796,0.2505185982979412,0.23233066797570806,0.2297375446379016,20
credit,gradual_group_mag0.5,lr,kl_divergence,AOD_star,0.19691729323308266,0.26242927057257437,0.21589679578564258,0.24595223373254996,20
credit,gradual_group_mag0.5,lr,kl_divergence,BalAcc,-0.08909774436090225,0.20857520961927783,-0.09542501055352749,0.18532227467522777,20
credit,gradual_group_mag0.5,lr,per_subgroup_ewma[min_neg],DI_star,0.14428310773872038,0.2908961289049004,0.10200145470235375,0.29319487636433017,20
credit,gradual_group_mag0.5,lr,per_subgroup_ewma[min_neg],AOD_star,0.14636535318969263,0.295545741401324,0.13000599834746965,0.27057234170278655,20
credit,gradual_group_mag0.5,lr,per_subgroup_ewma[min_neg],BalAcc,0.04060872644086681,0.22921875968569874,-0.00564559580104302,0.21850042156511923,20
credit,gradual_group_mag0.5,lr,per_subgroup_baseline_relative[min_neg],DI_star,-0.015512896859067104,0.17818705779927346,-0.08166953017684289,0.21364977514601968,20
credit,gradual_group_mag0.5,lr,per_subgroup_baseline_relative[min_neg],AOD_star,-0.08505593661656044,0.2869371715275011,-0.1129816254211333,0.23172137188293715,20
credit,gradual_group_mag0.5,lr,per_subgroup_baseline_relative[min_neg],BalAcc,0.03175352925561426,0.2091450310946262,0.0034978638622793767,0.2350396647589971,20
credit,gradual_group_mag0.5,lr,per_subgroup_ewma[min_pos],DI_star,0.12097744360902256,0.29468254640290925,0.09429687004132996,0.2572789930973707,20
credit,gradual_group_mag0.5,lr,per_subgroup_ewma[min_pos],AOD_star,0.06578947368421054,0.24324574928378967,0.05915981509166066,0.23863088232080268,20
credit,gradual_group_mag0.5,lr,per_subgroup_ewma[min_pos],BalAcc,0.0055639097744360905,0.20860189183996647,-0.02542885128385426,0.21007392359286867,20
credit,gradual_group_mag0.5,lr,per_subgroup_baseline_relative[min_pos],DI_star,-0.00240601503759399,0.2197529178500536,-0.09092681560914471,0.20623051405455467,20
credit,gradual_group_mag0.5,lr,per_subgroup_baseline_relative[min_pos],AOD_star,-0.08556390977443609,0.23119678456079093,-0.13476261576625465,0.21400846621875708,20
credit,gradual_group_mag0.5,lr,per_subgroup_baseline_relative[min_pos],BalAcc,0.0011278195488721866,0.23823833584021573,0.01542062012219742,0.21061003033578665,20
credit,gradual_group_mag0.5,lr,per_subgroup_ewma[maj_neg],DI_star,0.4245112781954886,0.2679908939248459,0.43836101540825617,0.27379733504852993,20
credit,gradual_group_mag0.5,lr,per_subgroup_ewma[maj_neg],AOD_star,0.4057894736842105,0.24768486512777527,0.4377418242747576,0.26850263643192745,20
credit,gradual_group_mag0.5,lr,per_subgroup_ewma[maj_neg],BalAcc,-0.037593984962406006,0.13914041207002328,-0.04825103256423662,0.12941530911851284,20
credit,gradual_group_mag0.5,lr,per_subgroup_baseline_relative[maj_neg],DI_star,0.3439097744360902,0.24019330975297296,0.3586750961210789,0.2260550454137048,20
credit,gradual_group_mag0.5,lr,per_subgroup_baseline_relative[maj_neg],AOD_star,0.3203007518796992,0.2227168695956537,0.33987391031552683,0.23303646278607318,20
credit,gradual_group_mag0.5,lr,per_subgroup_baseline_relative[maj_neg],BalAcc,-0.03142857142857142,0.1752521099790892,-0.0699380938874124,0.174183333729445,20
credit,gradual_group_mag0.5,lr,per_subgroup_ewma[maj_pos],DI_star,0.4289473684210526,0.2869438816671053,0.4467433340127254,0.28202483146560703,20
credit,gradual_group_mag0.5,lr,per_subgroup_ewma[maj_pos],AOD_star,0.4481954887218045,0.2547944804344847,0.4634258462941334,0.2569403286543614,20
credit,gradual_group_mag0.5,lr,per_subgroup_ewma[maj_pos],BalAcc,-0.03894736842105263,0.1224487741909446,-0.05722833757988334,0.12972423449657647,20
credit,gradual_group_mag0.5,lr,per_subgroup_baseline_relative[maj_pos],DI_star,0.39458646616541354,0.2909315500712178,0.40941526099624503,0.28522698336932323,20
credit,gradual_group_mag0.5,lr,per_subgroup_baseline_relative[maj_pos],AOD_star,0.4403007518796992,0.24689632030203956,0.42887842124164594,0.25713118532999524,20
credit,gradual_group_mag0.5,lr,per_subgroup_baseline_relative[maj_pos],BalAcc,-0.05112781954887217,0.13548279676278815,-0.0629671241799877,0.15143556550742,20
credit,gradual_group_mag0.5,xgb,global_mean,DI_star,-0.4240551515154472,0.10795368437228814,-0.9610183153763774,0.014205615485568836,20
credit,gradual_group_mag0.5,xgb,global_mean,AOD_star,-0.45631578947368423,0.10035774665457926,-0.9621546612195491,0.013941354372065395,20
credit,gradual_group_mag0.5,xgb,global_mean,BalAcc,-0.3190225563909774,0.19763957027870552,-0.4123753790733617,0.15276680822941113,20
credit,gradual_group_mag0.5,xgb,global_ewma,DI_star,-0.49653649593348426,0.09872259222259501,-0.7928949801119899,0.017822083847736817,20
credit,gradual_group_mag0.5,xgb,global_ewma,AOD_star,-0.44774436090225567,0.0983116849850603,-0.7881948380358875,0.01904309898726429,20
credit,gradual_group_mag0.5,xgb,global_ewma,BalAcc,-0.23879699248120295,0.19030049937153315,-0.2976288292466271,0.17330355317874185,20
credit,gradual_group_mag0.5,xgb,global_std,DI_star,-0.47405438789864834,0.09459657811057688,-0.9440283492462621,0.024675333351434927,20
credit,gradual_group_mag0.5,xgb,global_std,AOD_star,-0.4584210526315789,0.10330211427300887,-0.9439750993596345,0.025106822318509088,20
credit,gradual_group_mag0.5,xgb,global_std,BalAcc,-0.27172932330827065,0.21638052716070216,-0.39182428737162045,0.15256878345322653,20
credit,gradual_group_mag0.5,xgb,subgroup_violation_diff,DI_star,0.13530862844556896,0.23977359755741665,0.18305014154538923,0.24950649685395207,20
credit,gradual_group_mag0.5,xgb,subgroup_violation_diff,AOD_star,0.07195488721804512,0.23625839276751517,0.17585495551868363,0.2521922327205299,20
credit,gradual_group_mag0.5,xgb,subgroup_violation_diff,BalAcc,0.01375939849624061,0.25151618926992586,0.0212286728234888,0.22970928327269405,20
credit,gradual_group_mag0.5,xgb,max_subgroup_deviation,DI_star,-0.5224417353345183,0.10339222768770001,-0.8625216869884081,0.06514773164834455,20
credit,gradual_group_mag0.5,xgb,max_subgroup_deviation,AOD_star,-0.4724812030075188,0.12771919988350142,-0.8601556948775191,0.06649235968655072,20
credit,gradual_group_mag0.5,xgb,max_subgroup_deviation,BalAcc,-0.28496240601503753,0.2172240179067812,-0.35514306959164876,0.17344315724254045,20
credit,gradual_group_mag0.5,xgb,assignment_proportion_drift,DI_star,-0.41821614172933275,0.14399410510887972,-0.9074395961417518,0.03811123078823135,20
credit,gradual_group_mag0.5,xgb,assignment_proportion_drift,AOD_star,-0.3989321314390345,0.10502944762301157,-0.9063775850510709,0.03477019845570114,20
credit,gradual_group_mag0.5,xgb,assignment_proportion_drift,BalAcc,-0.2478619366737135,0.20883561210720655,-0.36936001631564197,0.17772545764728373,20
credit,gradual_group_mag0.5,xgb,ks_statistic,DI_star,-0.45164871224629843,0.11725205183144362,-0.9553331560591264,0.0115873195887398,20
credit,gradual_group_mag0.5,xgb,ks_statistic,AOD_star,-0.4542857142857143,0.09588031716482803,-0.9555173862821732,0.00929494371011685,20
credit,gradual_group_mag0.5,xgb,ks_statistic,BalAcc,-0.2980451127819549,0.21218924330216918,-0.40497376164402094,0.1660376435113634,20
credit,gradual_group_mag0.5,xgb,kl_divergence,DI_star,-0.1781346680605397,0.1718691674012557,-0.2772026713529098,0.18708311946957895,20
credit,gradual_group_mag0.5,xgb,kl_divergence,AOD_star,-0.155187969924812,0.17074299000508159,-0.26950733925281434,0.1845691847770321,20
credit,gradual_group_mag0.5,xgb,kl_divergence,BalAcc,-0.07654135338345862,0.2507677847758663,-0.09499244290078498,0.22628663485515338,20
credit,gradual_group_mag0.5,xgb,per_subgroup_ewma[min_neg],DI_star,-0.38080886222908195,0.15659001089394822,-0.6368857971927369,0.16872556772767086,20
credit,gradual_group_mag0.5,xgb,per_subgroup_ewma[min_neg],AOD_star,-0.40830905324299066,0.15476265138194464,-0.6330365789780192,0.17474541706468524,20
credit,gradual_group_mag0.5,xgb,per_subgroup_ewma[min_neg],BalAcc,-0.22740308996205463,0.15995099273278396,-0.2439583723517162,0.16282383878148807,20
credit,gradual_group_mag0.5,xgb,per_subgroup_baseline_relative[min_neg],DI_star,-0.2526041228902423,0.19319301980924483,-0.38772388309154115,0.09708404322169059,20
credit,gradual_group_mag0.5,xgb,per_subgroup_baseline_relative[min_neg],AOD_star,-0.30154854820241006,0.20277710885307945,-0.3911920271393422,0.106742059814153,20
credit,gradual_group_mag0.5,xgb,per_subgroup_baseline_relative[min_neg],BalAcc,-0.17259342166265004,0.23942988450221675,-0.19018950749629157,0.21925470940483335,20
credit,gradual_group_mag0.5,xgb,per_subgroup_ewma[min_pos],DI_star,-0.41789197226780184,0.09054379874248242,-0.7138920603753416,0.13208551050320538,20
credit,gradual_group_mag0.5,xgb,per_subgroup_ewma[min_pos],AOD_star,-0.477593984962406,0.09749580890899556,-0.7183010088044522,0.12243999927286388,20
credit,gradual_group_mag0.5,xgb,per_subgroup_ewma[min_pos],BalAcc,-0.28496240601503764,0.13894077711150746,-0.3156406354917156,0.1357295864573918,20
credit,gradual_group_mag0.5,xgb,per_subgroup_baseline_relative[min_pos],DI_star,-0.2618601633863457,0.2953478395196601,-0.4780424689180722,0.22477449730393656,20
credit,gradual_group_mag0.5,xgb,per_subgroup_baseline_relative[min_pos],AOD_star,-0.3146616541353383,0.2532693681252683,-0.48617116162127,0.22008241999663394,20
credit,gradual_group_mag0.5,xgb,per_subgroup_baseline_relative[min_pos],BalAcc,-0.19766917293233077,0.23723370180568606,-0.24354142047438815,0.21998003295211463,20
credit,gradual_group_mag0.5,xgb,per_subgroup_ewma[maj_neg],DI_star,-0.4111503603854903,0.14489220586768714,-0.4802012124488709,0.11034644223352714,20
credit,gradual_group_mag0.5,xgb,per_subgroup_ewma[maj_neg],AOD_star,-0.363984962406015,0.12887531690062112,-0.47125222197964234,0.11365928594923633,20
credit,gradual_group_mag0.5,xgb,per_subgroup_ewma[maj_neg],BalAcc,-0.18842105263157893,0.18910400743002592,-0.14555961479660964,0.20142204936803582,20
credit,gradual_group_mag0.5,xgb,per_subgroup_baseline_relative[maj_neg],DI_star,-0.3914843083830326,0.16317745230573313,-0.47255631266013587,0.06887605356187249,20
credit,gradual_group_mag0.5,xgb,per_subgroup_baseline_relative[maj_neg],AOD_star,-0.3645864661654135,0.13521337170501999,-0.4667762170805547,0.07079657104520906,20
credit,gradual_group_mag0.5,xgb,per_subgroup_baseline_relative[maj_neg],BalAcc,-0.18684210526315786,0.1998511940059518,-0.17405619802805877,0.20540431534663542,20
credit,gradual_group_mag0.5,xgb,per_subgroup_ewma[maj_pos],DI_star,-0.4968747145286795,0.09866722080047226,-0.6364891944762177,0.0534901780328021,20
credit,gradual_group_mag0.5,xgb,per_subgroup_ewma[maj_pos],AOD_star,-0.44759398496240604,0.09604335402423504,-0.6309632632979352,0.05457204418133452,20
credit,gradual_group_mag0.5,xgb,per_subgroup_ewma[maj_pos],BalAcc,-0.2360150375939849,0.1899662263825741,-0.2236807462923894,0.18782403296903383,20
credit,gradual_group_mag0.5,xgb,per_subgroup_baseline_relative[maj_pos],DI_star,-0.4946968653543967,0.10216249287991891,-0.7677403490603578,0.0682308271910468,20
credit,gradual_group_mag0.5,xgb,per_subgroup_baseline_relative[maj_pos],AOD_star,-0.46977443609022557,0.12192178518522899,-0.7648515992327926,0.07131049610999288,20
credit,gradual_group_mag0.5,xgb,per_subgroup_baseline_relative[maj_pos],BalAcc,-0.28368421052631576,0.20715631139527474,-0.30406102892524106,0.18234780330578904,20
credit,gradual_group_mag1.0,lr,global_mean,DI_star,0.786766917293233,0.13680376228908558,0.5741384882102428,0.10022913874296327,20
credit,gradual_group_mag1.0,lr,global_mean,AOD_star,0.8121804511278194,0.12940537700203072,0.6686382106476854,0.11382630824294081,20
credit,gradual_group_mag1.0,lr,global_mean,BalAcc,-0.0762406015037594,0.13459705087121335,-0.0848481292476324,0.14689531158164695,20
credit,gradual_group_mag1.0,lr,global_ewma,DI_star,0.8145112781954886,0.1466811309436594,0.7049189826811741,0.10224418091504457,20
credit,gradual_group_mag1.0,lr,global_ewma,AOD_star,0.8369172932330825,0.12920739253420507,0.7958063253896147,0.11172131990503115,20
credit,gradual_group_mag1.0,lr,global_ewma,BalAcc,-0.05864661654135339,0.1361313442637743,-0.0835130588899827,0.1337097760434378,20
credit,gradual_group_mag1.0,lr,global_std,DI_star,0.8085714285714285,0.13915186916890177,0.6570964926959261,0.1003190232310195,20
credit,gradual_group_mag1.0,lr,global_std,AOD_star,0.8375187969924811,0.12596395235635105,0.7498849362906652,0.10841929576023467,20
credit,gradual_group_mag1.0,lr,global_std,BalAcc,-0.052932330827067664,0.1312150499676263,-0.08040003481799063,0.1364531740404124,20
credit,gradual_group_mag1.0,lr,subgroup_violation_diff,DI_star,-0.40105263157894744,0.49220346872154014,-0.18760810467598402,0.496620821632397,20
credit,gradual_group_mag1.0,lr,subgroup_violation_diff,AOD_star,-0.41661654135338344,0.506201794402864,-0.3120823330623146,0.5254059735862195,20
credit,gradual_group_mag1.0,lr,subgroup_violation_diff,BalAcc,-0.0024060150375939822,0.20795334256683473,0.031041157641160316,0.21641739421038814,20
credit,gradual_group_mag1.0,lr,max_subgroup_deviation,DI_star,0.7134586466165412,0.11931027876803893,0.5413600115932947,0.11053038298020525,20
credit,gradual_group_mag1.0,lr,max_subgroup_deviation,AOD_star,0.7414285714285714,0.1355040547765047,0.6481380634756502,0.0992721468240613,20
credit,gradual_group_mag1.0,lr,max_subgroup_deviation,BalAcc,-0.051353383458646616,0.14117271689005859,-0.08764026385442561,0.14200096546150773,20
credit,gradual_group_mag1.0,lr,assignment_proportion_drift,DI_star,0.3514414443530339,0.19983838297573558,0.2624647182315406,0.14549438443920287,20
credit,gradual_group_mag1.0,lr,assignment_proportion_drift,AOD_star,0.38265166649115195,0.2055716381722504,0.3737807240726929,0.1376757240201578,20
credit,gradual_group_mag1.0,lr,assignment_proportion_drift,BalAcc,-0.04323275735078784,0.20118719733472581,-0.051344413728553494,0.20987431967557738,20
credit,gradual_group_mag1.0,lr,ks_statistic,DI_star,0.7168421052631578,0.16659462139679804,0.45320848946571185,0.10130838220825288,20
credit,gradual_group_mag1.0,lr,ks_statistic,AOD_star,0.7440601503759398,0.14216897962891314,0.5530816828794175,0.1067823567192194,20
credit,gradual_group_mag1.0,lr,ks_statistic,BalAcc,-0.07676691729323308,0.14080639247048324,-0.08255113931671453,0.17384609453166985,20
credit,gradual_group_mag1.0,lr,kl_divergence,DI_star,0.7350375939849623,0.14211489007451708,0.7785775171056383,0.0969997819753689,20
credit,gradual_group_mag1.0,lr,kl_divergence,AOD_star,0.7365413533834586,0.11486851794430454,0.7772501233830631,0.06603681789712891,20
credit,gradual_group_mag1.0,lr,kl_divergence,BalAcc,-0.07593984962406015,0.17414903786022484,-0.09430220016070637,0.17531942117400426,20
credit,gradual_group_mag1.0,lr,per_subgroup_ewma[min_neg],DI_star,0.3973991579821432,0.31835335862070074,0.5019786277033089,0.398074625274919,20
credit,gradual_group_mag1.0,lr,per_subgroup_ewma[min_neg],AOD_star,0.4032347386222622,0.3274576040753215,0.4818657691158437,0.368461782619518,20
credit,gradual_group_mag1.0,lr,per_subgroup_ewma[min_neg],BalAcc,0.051768243347963615,0.19279462597811375,0.010623363745711628,0.19959777997674946,20
credit,gradual_group_mag1.0,lr,per_subgroup_baseline_relative[min_neg],DI_star,0.2967031065118468,0.2981483255457636,0.3467104444085611,0.4086628417809801,20
credit,gradual_group_mag1.0,lr,per_subgroup_baseline_relative[min_neg],AOD_star,0.2735689579437076,0.293397971454512,0.3242713982257116,0.39646070507671455,20
credit,gradual_group_mag1.0,lr,per_subgroup_baseline_relative[min_neg],BalAcc,-0.020326744393511547,0.22990679612918966,-0.018869462012278487,0.2301794285968197,20
credit,gradual_group_mag1.0,lr,per_subgroup_ewma[min_pos],DI_star,0.20872180451127814,0.39717317601128477,0.23581513152020514,0.4779597973524391,20
credit,gradual_group_mag1.0,lr,per_subgroup_ewma[min_pos],AOD_star,0.23443609022556391,0.3695073443650531,0.23658853811963737,0.46300209414684573,20
credit,gradual_group_mag1.0,lr,per_subgroup_ewma[min_pos],BalAcc,-0.0537593984962406,0.22143431576602482,-0.06641824990826138,0.23578528919034109,20
credit,gradual_group_mag1.0,lr,per_subgroup_baseline_relative[min_pos],DI_star,0.2440601503759398,0.3460751566062095,0.19981195883690434,0.4276051274866126,20
credit,gradual_group_mag1.0,lr,per_subgroup_baseline_relative[min_pos],AOD_star,0.22150375939849623,0.3498486141192728,0.1521830825607881,0.4513214499925816,20
credit,gradual_group_mag1.0,lr,per_subgroup_baseline_relative[min_pos],BalAcc,-0.061654135338345864,0.20954497380846826,-0.029114671158143236,0.24763761667657697,20
credit,gradual_group_mag1.0,lr,per_subgroup_ewma[maj_neg],DI_star,0.6984962406015037,0.20444520162093857,0.6543455414116945,0.3346500798628166,20
credit,gradual_group_mag1.0,lr,per_subgroup_ewma[maj_neg],AOD_star,0.7043609022556391,0.24438769083931453,0.711666621541801,0.3050653746593844,20
credit,gradual_group_mag1.0,lr,per_subgroup_ewma[maj_neg],BalAcc,-0.04654135338345865,0.17217715136214892,-0.042679003115268836,0.17537680679394807,20
credit,gradual_group_mag1.0,lr,per_subgroup_baseline_relative[maj_neg],DI_star,0.5006766917293233,0.36549999750592754,0.43384020183259897,0.4290069237238545,20
credit,gradual_group_mag1.0,lr,per_subgroup_baseline_relative[maj_neg],AOD_star,0.49729323308270673,0.40219593401335624,0.4899479831943371,0.42505115010847966,20
credit,gradual_group_mag1.0,lr,per_subgroup_baseline_relative[maj_neg],BalAcc,-0.021052631578947368,0.20901876991215249,-0.013357362919706678,0.20993942891377693,20
credit,gradual_group_mag1.0,lr,per_subgroup_ewma[maj_pos],DI_star,0.7613533834586466,0.19212731801064958,0.6612320685790856,0.14340640870345955,20
credit,gradual_group_mag1.0,lr,per_subgroup_ewma[maj_pos],AOD_star,0.7844360902255639,0.1938061045238646,0.7670960232008693,0.16219205456312677,20
credit,gradual_group_mag1.0,lr,per_subgroup_ewma[maj_pos],BalAcc,-0.05894736842105264,0.13469403858234752,-0.07661614796018845,0.15438867851100285,20
credit,gradual_group_mag1.0,lr,per_subgroup_baseline_relative[maj_pos],DI_star,0.6124812030075188,0.27175187460253425,0.4362635454969058,0.2507042454846906,20
credit,gradual_group_mag1.0,lr,per_subgroup_baseline_relative[maj_pos],AOD_star,0.6369172932330827,0.2898347421162222,0.5604160529192994,0.2696715405854052,20
credit,gradual_group_mag1.0,lr,per_subgroup_baseline_relative[maj_pos],BalAcc,-0.03962406015037594,0.1607104998894557,-0.0764989073926352,0.1633615949180655,20
credit,gradual_group_mag1.0,xgb,global_mean,DI_star,-0.4711967359636396,0.08850303663753242,-0.9023225643533614,0.02362101281523824,20
credit,gradual_group_mag1.0,xgb,global_mean,AOD_star,-0.4501503759398496,0.09381250342616476,-0.9004449175410333,0.024825215825543954,20
credit,gradual_group_mag1.0,xgb,global_mean,BalAcc,-0.27120300751879695,0.20644391722810315,-0.36976909597145124,0.1744100595853188,20
credit,gradual_group_mag1.0,xgb,global_ewma,DI_star,-0.4969124357831083,0.09784587434213045,-0.7316129718902141,0.018565998089716308,20
credit,gradual_group_mag1.0,xgb,global_ewma,AOD_star,-0.4469924812030075,0.09556964778712913,-0.7259222405778101,0.02220506143202092,20
credit,gradual_group_mag1.0,xgb,global_ewma,BalAcc,-0.23781954887218038,0.18977674474007722,-0.26674582144646924,0.18582657626031976,20
credit,gradual_group_mag1.0,xgb,global_std,DI_star,-0.4907845738110807,0.08521230445644083,-0.8356451353918428,0.031059055416080388,20
credit,gradual_group_mag1.0,xgb,global_std,AOD_star,-0.449172932330827,0.09662060785450602,-0.831776711091897,0.034084416927169056,20
credit,gradual_group_mag1.0,xgb,global_std,BalAcc,-0.2418796992481203,0.1976081036601087,-0.3238702091102864,0.18012298033130625,20
credit,gradual_group_mag1.0,xgb,subgroup_violation_diff,DI_star,0.18663127632939105,0.2478810427868726,0.32262461152856603,0.30633663275193174,20
credit,gradual_group_mag1.0,xgb,subgroup_violation_diff,AOD_star,0.15157894736842106,0.2070789716311897,0.31552249927121334,0.3070167969760783,20
credit,gradual_group_mag1.0,xgb,subgroup_violation_diff,BalAcc,0.0819548872180451,0.2106468505643165,0.09184800302690346,0.22520869890358908,20
credit,gradual_group_mag1.0,xgb,max_subgroup_deviation,DI_star,-0.48713630276666303,0.11406708600064024,-0.8491555724586511,0.04869293139779087,20
credit,gradual_group_mag1.0,xgb,max_subgroup_deviation,AOD_star,-0.45849624060150374,0.09912261374023086,-0.846837057678159,0.05230743332767371,20
credit,gradual_group_mag1.0,xgb,max_subgroup_deviation,BalAcc,-0.2656390977443609,0.19734874230574725,-0.34277784145783435,0.1744374450738445,20
credit,gradual_group_mag1.0,xgb,assignment_proportion_drift,DI_star,-0.3813267791496196,0.1000575792219329,-0.8984931782711462,0.018653068917917983,20
credit,gradual_group_mag1.0,xgb,assignment_proportion_drift,AOD_star,-0.43260827124148193,0.1403191895724123,-0.9000805078712277,0.02250770090615511,20
credit,gradual_group_mag1.0,xgb,assignment_proportion_drift,BalAcc,-0.2920073061834966,0.19250844020225938,-0.3798719930434563,0.18103815711755564,20
credit,gradual_group_mag1.0,xgb,ks_statistic,DI_star,-0.4544680490027013,0.12283159558749293,-0.9507602249523865,0.010634873271004921,20
credit,gradual_group_mag1.0,xgb,ks_statistic,AOD_star,-0.4503007518796992,0.09659061704214486,-0.9507273907349661,0.009204738586717108,20
credit,gradual_group_mag1.0,xgb,ks_statistic,BalAcc,-0.29067669172932326,0.2139279958411281,-0.40157572633547894,0.1633189180986203,20
credit,gradual_group_mag1.0,xgb,kl_divergence,DI_star,-0.34208971507273633,0.11023086393266746,-0.41988911807040197,0.07878945937116527,20
credit,gradual_group_mag1.0,xgb,kl_divergence,AOD_star,-0.32285714285714284,0.13691487778275904,-0.41696931473349635,0.0859554866068554,20
credit,gradual_group_mag1.0,xgb,kl_divergence,BalAcc,-0.1793233082706767,0.20642891032872224,-0.1689197291458522,0.19032483582028326,20
credit,gradual_group_mag1.0,xgb,per_subgroup_ewma[min_neg],DI_star,-0.38400895101399507,0.17609607800085528,-0.5395014443639454,0.26775249065544154,20
credit,gradual_group_mag1.0,xgb,per_subgroup_ewma[min_neg],AOD_star,-0.39424904274256417,0.1385243004004229,-0.5341687455349208,0.27029138665847285,20
credit,gradual_group_mag1.0,xgb,per_subgroup_ewma[min_neg],BalAcc,-0.1981504914951433,0.17621589391039558,-0.19146701277875186,0.1719505256648284,20
credit,gradual_group_mag1.0,xgb,per_subgroup_baseline_relative[min_neg],DI_star,-0.34409448554403194,0.20218262115468272,-0.358948420931497,0.09192450191899022,20
credit,gradual_group_mag1.0,xgb,per_subgroup_baseline_relative[min_neg],AOD_star,-0.30484427594602503,0.14287147756387644,-0.3548228338475206,0.0983276484203716,20
credit,gradual_group_mag1.0,xgb,per_subgroup_baseline_relative[min_neg],BalAcc,-0.13896077662554188,0.21709193416040914,-0.12499803924822375,0.19177766265894347,20
credit,gradual_group_mag1.0,xgb,per_subgroup_ewma[min_pos],DI_star,-0.43150252205779055,0.098174963042113,-0.6389232412185742,0.14218866874144906,20
credit,gradual_group_mag1.0,xgb,per_subgroup_ewma[min_pos],AOD_star,-0.48015037593984966,0.09244525250261323,-0.6440186728817293,0.1359920187499029,20
credit,gradual_group_mag1.0,xgb,per_subgroup_ewma[min_pos],BalAcc,-0.28563909774436086,0.16259281585046237,-0.30050720950942555,0.14998826288730835,20
credit,gradual_group_mag1.0,xgb,per_subgroup_baseline_relative[min_pos],DI_star,-0.31426863896695817,0.24669480800948873,-0.4069443830713534,0.17591617744522053,20
credit,gradual_group_mag1.0,xgb,per_subgroup_baseline_relative[min_pos],AOD_star,-0.34210526315789475,0.2511073333681753,-0.41335695364694836,0.17599133981939621,20
credit,gradual_group_mag1.0,xgb,per_subgroup_baseline_relative[min_pos],BalAcc,-0.20203007518796992,0.2060936543920956,-0.21219341179881882,0.18360707359545428,20
credit,gradual_group_mag1.0,xgb,per_subgroup_ewma[maj_neg],DI_star,-0.45100422676118984,0.1032588277771206,-0.5023967422671857,0.10040846658485042,20
credit,gradual_group_mag1.0,xgb,per_subgroup_ewma[maj_neg],AOD_star,-0.40210526315789463,0.09876437130967053,-0.4945700402895743,0.10273857186149894,20
credit,gradual_group_mag1.0,xgb,per_subgroup_ewma[maj_neg],BalAcc,-0.20548872180451125,0.170264000416272,-0.167233008739673,0.19100874585624078,20
credit,gradual_group_mag1.0,xgb,per_subgroup_baseline_relative[maj_neg],DI_star,-0.401267200822253,0.11556317889914618,-0.45725373904546435,0.09792001842796372,20
credit,gradual_group_mag1.0,xgb,per_subgroup_baseline_relative[maj_neg],AOD_star,-0.38060150375939844,0.13846096878864533,-0.45258404824310183,0.10045221222445852,20
credit,gradual_group_mag1.0,xgb,per_subgroup_baseline_relative[maj_neg],BalAcc,-0.211203007518797,0.19816871760049096,-0.16585848455960905,0.1967099959032999,20
credit,gradual_group_mag1.0,xgb,per_subgroup_ewma[maj_pos],DI_star,-0.5089417190721758,0.09824901452881238,-0.6629942303408615,0.04262983667320222,20
credit,gradual_group_mag1.0,xgb,per_subgroup_ewma[maj_pos],AOD_star,-0.4488721804511278,0.10138561768488179,-0.656267927228318,0.04403830221826087,20
credit,gradual_group_mag1.0,xgb,per_subgroup_ewma[maj_pos],BalAcc,-0.23631578947368412,0.19117346816190772,-0.23254828870695632,0.18634889603733912,20
credit,gradual_group_mag1.0,xgb,per_subgroup_baseline_relative[maj_pos],DI_star,-0.4889413231227245,0.11072232267613133,-0.7908725478691582,0.06019347736093731,20
credit,gradual_group_mag1.0,xgb,per_subgroup_baseline_relative[maj_pos],AOD_star,-0.449624060150376,0.08846656288771565,-0.7873913361307708,0.06105821261971502,20
credit,gradual_group_mag1.0,xgb,per_subgroup_baseline_relative[maj_pos],BalAcc,-0.26796992481203,0.1877518133064312,-0.3190400181176444,0.17702820168725178,20
credit,gradual_group_mag2.0,lr,global_mean,DI_star,0.6539097744360902,0.26129448751066253,0.5165515925601706,0.11262613186110434,20
credit,gradual_group_mag2.0,lr,global_mean,AOD_star,0.8283458646616542,0.07225603029319903,0.8022235464125094,0.05337643474559489,20
credit,gradual_group_mag2.0,lr,global_mean,BalAcc,-0.1414285714285714,0.16652359925054122,-0.15387035708183172,0.15643229092490227,20
credit,gradual_group_mag2.0,lr,global_ewma,DI_star,0.6344360902255639,0.2879488792639505,0.584079177068771,0.1748582658399584,20
credit,gradual_group_mag2.0,lr,global_ewma,AOD_star,0.8321804511278195,0.07425648568083415,0.9007873234487871,0.02869302277701472,20
credit,gradual_group_mag2.0,lr,global_ewma,BalAcc,-0.1458646616541353,0.1680480563567865,-0.16741325622265812,0.15575609695965711,20
credit,gradual_group_mag2.0,lr,global_std,DI_star,0.650827067669173,0.27309057323637226,0.5565096579783467,0.12789948792533057,20
credit,gradual_group_mag2.0,lr,global_std,AOD_star,0.836390977443609,0.07097457621326692,0.8566859121757882,0.03960141111667919,20
credit,gradual_group_mag2.0,lr,global_std,BalAcc,-0.14488721804511276,0.16888381309568767,-0.1542584351679123,0.15848786584135593,20
credit,gradual_group_mag2.0,lr,subgroup_violation_diff,DI_star,0.06999999999999999,0.4814814690073296,0.1838014157285216,0.4262887507422075,20
credit,gradual_group_mag2.0,lr,subgroup_violation_diff,AOD_star,0.16894736842105262,0.5018523604955709,0.22483220298001938,0.49326901286510666,20
credit,gradual_group_mag2.0,lr,subgroup_violation_diff,BalAcc,-0.05624060150375939,0.18946676201700685,-0.0522529884524645,0.2041167973425895,20
credit,gradual_group_mag2.0,lr,max_subgroup_deviation,DI_star,0.646766917293233,0.20503024600071687,0.5043150960871388,0.13732325749984675,20
credit,gradual_group_mag2.0,lr,max_subgroup_deviation,AOD_star,0.7733834586466164,0.0894125019856548,0.780620003532518,0.0614109764122496,20
credit,gradual_group_mag2.0,lr,max_subgroup_deviation,BalAcc,-0.1338345864661654,0.15702157423514793,-0.14221755101139819,0.151760100759811,20
credit,gradual_group_mag2.0,lr,assignment_proportion_drift,DI_star,0.3183415641902631,0.18559019712666056,0.2926352190250619,0.10846111186809816,20
credit,gradual_group_mag2.0,lr,assignment_proportion_drift,AOD_star,0.3751597525165272,0.16948183759316982,0.5030588000903135,0.112447311342035,20
credit,gradual_group_mag2.0,lr,assignment_proportion_drift,BalAcc,-0.05413017298134137,0.17308586826229852,-0.084670965951945,0.18843373613949874,20
credit,gradual_group_mag2.0,lr,ks_statistic,DI_star,0.6117293233082707,0.2149332519342756,0.4389281644219496,0.07610056719356428,20
credit,gradual_group_mag2.0,lr,ks_statistic,AOD_star,0.7592481203007517,0.10141059495023684,0.6943453779767437,0.07308164315143882,20
credit,gradual_group_mag2.0,lr,ks_statistic,BalAcc,-0.1467669172932331,0.15563611925521662,-0.14819274598788776,0.17907791858591557,20
credit,gradual_group_mag2.0,lr,kl_divergence,DI_star,0.6415789473684211,0.2824115700047001,0.2893285232855497,0.46723446915626415,20
credit,gradual_group_mag2.0,lr,kl_divergence,AOD_star,0.8127067669172933,0.09245671782964149,0.5878364441563355,0.18992406994635416,20
credit,gradual_group_mag2.0,lr,kl_divergence,BalAcc,-0.14278195488721807,0.18115369185095484,-0.17441136727766596,0.2207448700184443,20
credit,gradual_group_mag2.0,lr,per_subgroup_ewma[min_neg],DI_star,0.41539796679284213,0.355769946128885,0.3796355266262953,0.38361525464599855,20
credit,gradual_group_mag2.0,lr,per_subgroup_ewma[min_neg],AOD_star,0.410886632033146,0.40403688214558164,0.3773266220728547,0.4171239330930687,20
credit,gradual_group_mag2.0,lr,per_subgroup_ewma[min_neg],BalAcc,-0.0661168737529422,0.22984509812053608,-0.08893580468165987,0.24635855099785547,20
credit,gradual_group_mag2.0,lr,per_subgroup_baseline_relative[min_neg],DI_star,-0.01559899867825695,0.24770432941226783,-0.030744706877593574,0.2683658423773459,20
credit,gradual_group_mag2.0,lr,per_subgroup_baseline_relative[min_neg],AOD_star,-0.06234395321179721,0.20339858773622502,-0.04037825979324743,0.23631498871820428,20
credit,gradual_group_mag2.0,lr,per_subgroup_baseline_relative[min_neg],BalAcc,0.02172236071065419,0.23117564560188125,-0.01298741031586092,0.2496370373711343,20
credit,gradual_group_mag2.0,lr,per_subgroup_ewma[min_pos],DI_star,0.48045112781954885,0.31653278076724234,0.37288889151410937,0.31711586927072444,20
credit,gradual_group_mag2.0,lr,per_subgroup_ewma[min_pos],AOD_star,0.6684962406015036,0.21124232430348402,0.6556143447325841,0.22834028912727805,20
credit,gradual_group_mag2.0,lr,per_subgroup_ewma[min_pos],BalAcc,-0.14849624060150374,0.16800154184433091,-0.1968939767063436,0.14838108819257806,20
credit,gradual_group_mag2.0,lr,per_subgroup_baseline_relative[min_pos],DI_star,0.5072180451127819,0.2849674052768371,0.463446408925293,0.2916149049706108,20
credit,gradual_group_mag2.0,lr,per_subgroup_baseline_relative[min_pos],AOD_star,0.647142857142857,0.23433583825874846,0.6595513254125596,0.28872579365908824,20
credit,gradual_group_mag2.0,lr,per_subgroup_baseline_relative[min_pos],BalAcc,-0.11353383458646615,0.16567341171337,-0.1399264127414623,0.16068694551566462,20
credit,gradual_group_mag2.0,lr,per_subgroup_ewma[maj_neg],DI_star,0.5963909774436089,0.2621977759164196,0.4449501189406133,0.37470600291079237,20
credit,gradual_group_mag2.0,lr,per_subgroup_ewma[maj_neg],AOD_star,0.5857142857142856,0.32280341768568277,0.5133056609996114,0.3840138824702879,20
credit,gradual_group_mag2.0,lr,per_subgroup_ewma[maj_neg],BalAcc,-0.024736842105263158,0.22345251157851842,-0.056585440437253234,0.21907682284775748,20
credit,gradual_group_mag2.0,lr,per_subgroup_baseline_relative[maj_neg],DI_star,0.13541353383458649,0.28849124370330864,0.010829574370662235,0.333252782096672,20
credit,gradual_group_mag2.0,lr,per_subgroup_baseline_relative[maj_neg],AOD_star,0.030451127819548868,0.25037159336018194,0.0007186848094344501,0.2909853474584666,20
credit,gradual_group_mag2.0,lr,per_subgroup_baseline_relative[maj_neg],BalAcc,0.007969924812030068,0.280422744436438,-0.04946377914704107,0.2778032047939895,20
credit,gradual_group_mag2.0,lr,per_subgroup_ewma[maj_pos],DI_star,0.65,0.236009216981691,0.5483324740319551,0.1922516825088086,20
credit,gradual_group_mag2.0,lr,per_subgroup_ewma[maj_pos],AOD_star,0.7733082706766916,0.18338521579862688,0.824146314128809,0.20385428875701167,20
credit,gradual_group_mag2.0,lr,per_subgroup_ewma[maj_pos],BalAcc,-0.05150375939849623,0.21810622685154676,-0.10865869710812677,0.1831621199620436,20
credit,gradual_group_mag2.0,lr,per_subgroup_baseline_relative[maj_pos],DI_star,0.41571428571428565,0.28583237567497727,0.2756381089877625,0.2769239183359083,20
credit,gradual_group_mag2.0,lr,per_subgroup_baseline_relative[maj_pos],AOD_star,0.4788721804511279,0.2664275821113409,0.5003761730330434,0.31251108196353444,20
credit,gradual_group_mag2.0,lr,per_subgroup_baseline_relative[maj_pos],BalAcc,-0.06165413533834587,0.2045571598245333,-0.07964515755643668,0.2193073383868446,20
credit,gradual_group_mag2.0,xgb,global_mean,DI_star,-0.46518158524124004,0.09516751023805449,-0.8954948146835779,0.017122663434021093,20
credit,gradual_group_mag2.0,xgb,global_mean,AOD_star,-0.43894736842105264,0.0941296930734186,-0.8934128473638795,0.018832893466003364,20
credit,gradual_group_mag2.0,xgb,global_mean,BalAcc,-0.263984962406015,0.20360839784002513,-0.36480327085181447,0.17031533076848612,20
credit,gradual_group_mag2.0,xgb,global_ewma,DI_star,-0.49616055608386017,0.09717215000734655,-0.7140087433800577,0.013311618224495905,20
credit,gradual_group_mag2.0,xgb,global_ewma,AOD_star,-0.4461654135338346,0.09552139633970072,-0.7082143379630402,0.018509787547902303,20
credit,gradual_group_mag2.0,xgb,global_ewma,BalAcc,-0.23812030075187965,0.18839187227915272,-0.2576749115198319,0.18606641928283016,20
credit,gradual_group_mag2.0,xgb,global_std,DI_star,-0.4849564172809169,0.09427503637320107,-0.8405578998244483,0.020176564551241175,20
credit,gradual_group_mag2.0,xgb,global_std,AOD_star,-0.4442857142857143,0.09189369594237018,-0.8366900930691316,0.023047906531330653,20
credit,gradual_group_mag2.0,xgb,global_std,BalAcc,-0.24932330827067672,0.1934343178481682,-0.324508960710869,0.17164222517244368,20
credit,gradual_group_mag2.0,xgb,subgroup_violation_diff,DI_star,-0.04532089580670256,0.2757175969309025,0.06164726533120204,0.32251670459200166,20
credit,gradual_group_mag2.0,xgb,subgroup_violation_diff,AOD_star,0.07894736842105264,0.2739185562006686,0.07064229311372924,0.32019457772844834,20
credit,gradual_group_mag2.0,xgb,subgroup_violation_diff,BalAcc,0.10721804511278195,0.21385557673275757,0.09610153392719073,0.21631187464917492,20
credit,gradual_group_mag2.0,xgb,max_subgroup_deviation,DI_star,-0.4752224458091754,0.10170336431542458,-0.8579151637245197,0.028873645865927645,20
credit,gradual_group_mag2.0,xgb,max_subgroup_deviation,AOD_star,-0.4669924812030074,0.11561599640189768,-0.8543725998488527,0.033618373023695934,20
credit,gradual_group_mag2.0,xgb,max_subgroup_deviation,BalAcc,-0.2814285714285715,0.2051473274769681,-0.3380423664285423,0.1731164366990434,20
credit,gradual_group_mag2.0,xgb,assignment_proportion_drift,DI_star,-0.41207796257298746,0.13084701682689473,-0.9113721232885632,0.02309508393504549,20
credit,gradual_group_mag2.0,xgb,assignment_proportion_drift,AOD_star,-0.4790251739760582,0.13019602019859625,-0.9154597767233579,0.023866436606197642,20
credit,gradual_group_mag2.0,xgb,assignment_proportion_drift,BalAcc,-0.32168138950491576,0.19878635140019413,-0.4116656262329072,0.14833295746438155,20
credit,gradual_group_mag2.0,xgb,ks_statistic,DI_star,-0.45977000287180614,0.12096140920527063,-0.954418863362284,0.009871171504451964,20
credit,gradual_group_mag2.0,xgb,ks_statistic,AOD_star,-0.4551879699248119,0.09186246961988909,-0.9545398673849099,0.008448511271286456,20
credit,gradual_group_mag2.0,xgb,ks_statistic,BalAcc,-0.30097744360902245,0.20462804881741983,-0.40543322728083553,0.15857345797286743,20
credit,gradual_group_mag2.0,xgb,kl_divergence,DI_star,-0.4212664937696614,0.11263751548391948,-0.29951835566016355,0.02096423500189187,20
credit,gradual_group_mag2.0,xgb,kl_divergence,AOD_star,-0.3875187969924812,0.11429966278156377,-0.29496347849811505,0.0318125253769486,20
credit,gradual_group_mag2.0,xgb,kl_divergence,BalAcc,-0.21721804511278195,0.1922004972660108,-0.10254138479833137,0.21466208383795352,20
credit,gradual_group_mag2.0,xgb,per_subgroup_ewma[min_neg],DI_star,-0.3650515420623914,0.29665659428167857,-0.5131599642762268,0.3153862425722433,20
credit,gradual_group_mag2.0,xgb,per_subgroup_ewma[min_neg],AOD_star,-0.34063845853045205,0.2356040930910634,-0.5103263022071551,0.3124252177997639,20
credit,gradual_group_mag2.0,xgb,per_subgroup_ewma[min_neg],BalAcc,-0.18521325807848568,0.13314581406873374,-0.21277026202341892,0.140248804414363,20
credit,gradual_group_mag2.0,xgb,per_subgroup_baseline_relative[min_neg],DI_star,-0.10543068685541349,0.22447447722849392,-0.23563335130017005,0.10419697071452817,20
credit,gradual_group_mag2.0,xgb,per_subgroup_baseline_relative[min_neg],AOD_star,-0.190383230458641,0.19775794052335574,-0.24062631623249228,0.10137444414660154,20
credit,gradual_group_mag2.0,xgb,per_subgroup_baseline_relative[min_neg],BalAcc,-0.14781011588258958,0.1984777562255428,-0.14306886007946934,0.17109308350270752,20
credit,gradual_group_mag2.0,xgb,per_subgroup_ewma[min_pos],DI_star,-0.5107117615378634,0.11397713709289467,-0.5181426075054907,0.10998359995612234,20
credit,gradual_group_mag2.0,xgb,per_subgroup_ewma[min_pos],AOD_star,-0.44097744360902247,0.1289572323547009,-0.5100803774457849,0.11531129332965419,20
credit,gradual_group_mag2.0,xgb,per_subgroup_ewma[min_pos],BalAcc,-0.24052631578947364,0.18391689041250098,-0.1807563429538302,0.19668817308341185,20
credit,gradual_group_mag2.0,xgb,per_subgroup_baseline_relative[min_pos],DI_star,-0.43464494648392993,0.15580977845298638,-0.5123433637728805,0.14512124900598086,20
credit,gradual_group_mag2.0,xgb,per_subgroup_baseline_relative[min_pos],AOD_star,-0.36007518796992477,0.14885431274259475,-0.5039901119914364,0.14650758771985906,20
credit,gradual_group_mag2.0,xgb,per_subgroup_baseline_relative[min_pos],BalAcc,-0.1956390977443609,0.20852263470752866,-0.16479784947175408,0.19035629605468607,20
credit,gradual_group_mag2.0,xgb,per_subgroup_ewma[maj_neg],DI_star,-0.38852107228851845,0.1670769531617586,-0.5345658011215799,0.11637339174976359,20
credit,gradual_group_mag2.0,xgb,per_subgroup_ewma[maj_neg],AOD_star,-0.41977443609022547,0.11676018746129341,-0.5357753034462671,0.11871838805350064,20
credit,gradual_group_mag2.0,xgb,per_subgroup_ewma[maj_neg],BalAcc,-0.2709774436090225,0.14075509282368093,-0.231013470197047,0.14163442725739678,20
credit,gradual_group_mag2.0,xgb,per_subgroup_baseline_relative[maj_neg],DI_star,-0.24134018278809216,0.17695793197382262,-0.3092423131516672,0.08059422982207826,20
credit,gradual_group_mag2.0,xgb,per_subgroup_baseline_relative[maj_neg],AOD_star,-0.3035338345864661,0.15168175517608787,-0.3199516797465104,0.08207579986321165,20
credit,gradual_group_mag2.0,xgb,per_subgroup_baseline_relative[maj_neg],BalAcc,-0.22353383458646614,0.1515751245191643,-0.22153802589688967,0.14523957778006177,20
credit,gradual_group_mag2.0,xgb,per_subgroup_ewma[maj_pos],DI_star,-0.4280382755847242,0.13033398545635397,-0.7309675054884497,0.05519158093777111,20
credit,gradual_group_mag2.0,xgb,per_subgroup_ewma[maj_pos],AOD_star,-0.43210526315789466,0.09872071648439253,-0.7277872694183537,0.058583639860688666,20
credit,gradual_group_mag2.0,xgb,per_subgroup_ewma[maj_pos],BalAcc,-0.2549624060150376,0.17219028438283468,-0.2776338427721525,0.16859510809040587,20
credit,gradual_group_mag2.0,xgb,per_subgroup_baseline_relative[maj_pos],DI_star,-0.404401345663875,0.1098494423817454,-0.7848511633265807,0.10646681965193945,20
credit,gradual_group_mag2.0,xgb,per_subgroup_baseline_relative[maj_pos],AOD_star,-0.4764661654135338,0.1110842396260136,-0.7882077573987203,0.10480838762893746,20
credit,gradual_group_mag2.0,xgb,per_subgroup_baseline_relative[maj_pos],BalAcc,-0.32015037593984963,0.17737726553820105,-0.35156772245633605,0.16015336368832914,20
credit,gradual_global_mag0.5,lr,global_mean,DI_star,-0.9598496240601504,0.026579133476605916,-0.8514046082155049,0.056789305871245394,20
credit,gradual_global_mag0.5,lr,global_mean,AOD_star,-0.3694736842105263,0.32966820268610575,-0.3885536041442269,0.2691082833658796,20
credit,gradual_global_mag0.5,lr,global_mean,BalAcc,-0.21330827067669172,0.1956380430294109,-0.14305047817999045,0.20139594369840713,20
credit,gradual_global_mag0.5,lr,global_ewma,DI_star,-0.9614285714285715,0.026584131323325932,-0.9708762805443591,0.028221422082081934,20
credit,gradual_global_mag0.5,lr,global_ewma,AOD_star,-0.3675187969924812,0.33082139434643293,-0.40959327564304504,0.31111967098702126,20
credit,gradual_global_mag0.5,lr,global_ewma,BalAcc,-0.21000000000000002,0.19842746302186465,-0.21234009829099065,0.19193177887952723,20
credit,gradual_global_mag0.5,lr,global_std,DI_star,-0.3603007518796991,0.2580244308798315,-0.28357624893433125,0.2219084083956953,20
credit,gradual_global_mag0.5,lr,global_std,AOD_star,-0.08090225563909774,0.27786755717749434,-0.07137490869215224,0.2690498492697527,20
credit,gradual_global_mag0.5,lr,global_std,BalAcc,-0.12932330827067665,0.21489716220012964,-0.1685857012341857,0.2103184285221011,20
credit,gradual_global_mag0.5,lr,subgroup_violation_diff,DI_star,-0.6000000000000001,0.33514644362390605,-0.671715219260556,0.2261548080430192,20
credit,gradual_global_mag0.5,lr,subgroup_violation_diff,AOD_star,-0.19691729323308266,0.3193913720655996,-0.197425757622066,0.3394475010684663,20
credit,gradual_global_mag0.5,lr,subgroup_violation_diff,BalAcc,-0.15045112781954886,0.18688255413062352,-0.2023742660618501,0.2292451088279071,20
credit,gradual_global_mag0.5,lr,max_subgroup_deviation,DI_star,-0.904812030075188,0.08279025178146886,-0.8356967805601704,0.055122202918077234,20
credit,gradual_global_mag0.5,lr,max_subgroup_deviation,AOD_star,-0.3395488721804511,0.3167067237201754,-0.3780259223642396,0.2714923436309747,20
credit,gradual_global_mag0.5,lr,max_subgroup_deviation,BalAcc,-0.18789473684210523,0.1796652530212682,-0.13941620014407255,0.2090523691216862,20
credit,gradual_global_mag0.5,lr,assignment_proportion_drift,DI_star,-0.6397281202547414,0.23632723144290899,-0.814496258954561,0.08856144975535052,20
credit,gradual_global_mag0.5,lr,assignment_proportion_drift,AOD_star,-0.24871941620323232,0.278118515913524,-0.367942900991569,0.2623291677781584,20
credit,gradual_global_mag0.5,lr,assignment_proportion_drift,BalAcc,-0.10568759130215148,0.2406323797006964,-0.13332143621240397,0.21787927411460872,20
credit,gradual_global_mag0.5,lr,ks_statistic,DI_star,-0.9597744360902254,0.028043701712168263,-0.8480523520335762,0.0527917943807531,20
credit,gradual_global_mag0.5,lr,ks_statistic,AOD_star,-0.3657142857142857,0.32845031404525576,-0.38876458257579527,0.2681781521568919,20
credit,gradual_global_mag0.5,lr,ks_statistic,BalAcc,-0.21714285714285708,0.19500947617910647,-0.13585611419399904,0.20497652411738257,20
credit,gradual_global_mag0.5,lr,kl_divergence,DI_star,-0.9323308270676691,0.03576924935615108,-0.8388299195161395,0.03645255763043827,20
credit,gradual_global_mag0.5,lr,kl_divergence,AOD_star,-0.3636842105263158,0.33391459956930425,-0.2877956165079753,0.32430297859691687,20
credit,gradual_global_mag0.5,lr,kl_divergence,BalAcc,-0.20894736842105263,0.2027926877764931,-0.2510399871965606,0.2131195633246098,20
credit,gradual_global_mag0.5,lr,per_subgroup_ewma[min_neg],DI_star,-0.9317833890709608,0.06825336517386688,-0.9588280494201072,0.03471624677046678,20
credit,gradual_global_mag0.5,lr,per_subgroup_ewma[min_neg],AOD_star,-0.36894425413932214,0.32934917417496196,-0.4110358424442538,0.31634577527037727,20
credit,gradual_global_mag0.5,lr,per_subgroup_ewma[min_neg],BalAcc,-0.2199794120596093,0.22808713867537306,-0.20886786056659984,0.21674980884984688,20
credit,gradual_global_mag0.5,lr,per_subgroup_baseline_relative[min_neg],DI_star,-0.7219462856395817,0.19147656081734146,-0.7651338865711784,0.12410966382117139,20
credit,gradual_global_mag0.5,lr,per_subgroup_baseline_relative[min_neg],AOD_star,-0.24895426113281466,0.25234510291555245,-0.3429379441793904,0.2663249897616519,20
credit,gradual_global_mag0.5,lr,per_subgroup_baseline_relative[min_neg],BalAcc,-0.18056626245424118,0.19030714899183127,-0.14493572867453355,0.23456587864557715,20
credit,gradual_global_mag0.5,lr,per_subgroup_ewma[min_pos],DI_star,-0.9600751879699245,0.02773804357851656,-0.9647363147240211,0.026385403611022974,20
credit,gradual_global_mag0.5,lr,per_subgroup_ewma[min_pos],AOD_star,-0.371203007518797,0.3278817196340978,-0.39229669644771104,0.3176726036756731,20
credit,gradual_global_mag0.5,lr,per_subgroup_ewma[min_pos],BalAcc,-0.21466165413533833,0.19838278541606758,-0.22063271799123366,0.19603968762075832,20
credit,gradual_global_mag0.5,lr,per_subgroup_baseline_relative[min_pos],DI_star,-0.9142105263157895,0.04604175105470212,-0.8913037243213561,0.05446886235380083,20
credit,gradual_global_mag0.5,lr,per_subgroup_baseline_relative[min_pos],AOD_star,-0.3626315789473683,0.3215824808495822,-0.38233870456029645,0.28822170019539645,20
credit,gradual_global_mag0.5,lr,per_subgroup_baseline_relative[min_pos],BalAcc,-0.17744360902255638,0.20680929162514206,-0.1569666009843871,0.21271850270079395,20
credit,gradual_global_mag0.5,lr,per_subgroup_ewma[maj_neg],DI_star,-0.9616541353383458,0.02731921545438547,-0.964137283691124,0.03240758674506354,20
credit,gradual_global_mag0.5,lr,per_subgroup_ewma[maj_neg],AOD_star,-0.3714285714285714,0.32903822590555065,-0.41592532717165104,0.30427929111307084,20
credit,gradual_global_mag0.5,lr,per_subgroup_ewma[maj_neg],BalAcc,-0.21090225563909773,0.19112058752430253,-0.19904955821063755,0.190724796034423,20
credit,gradual_global_mag0.5,lr,per_subgroup_baseline_relative[maj_neg],DI_star,-0.6684633210998476,0.15241657134274952,-0.7761856627715187,0.07056789121346117,20
credit,gradual_global_mag0.5,lr,per_subgroup_baseline_relative[maj_neg],AOD_star,-0.2949337926844115,0.20916379741392396,-0.3717049961949706,0.2480652655516778,20
credit,gradual_global_mag0.5,lr,per_subgroup_baseline_relative[maj_neg],BalAcc,-0.09505946480098348,0.20420111190904416,-0.10428007331499564,0.21305838339567637,20
credit,gradual_global_mag0.5,lr,per_subgroup_ewma[maj_pos],DI_star,-0.9627819548872179,0.026308806807224788,-0.9697741821589719,0.029291478368732977,20
credit,gradual_global_mag0.5,lr,per_subgroup_ewma[maj_pos],AOD_star,-0.3689473684210526,0.3316245599711751,-0.41159942690309437,0.3090570572777198,20
credit,gradual_global_mag0.5,lr,per_subgroup_ewma[maj_pos],BalAcc,-0.2145864661654135,0.19301740398983674,-0.20979378836708334,0.19034345937301086,20
credit,gradual_global_mag0.5,lr,per_subgroup_baseline_relative[maj_pos],DI_star,-0.946766917293233,0.02192293482892674,-0.8336309737761324,0.060708330062459744,20
credit,gradual_global_mag0.5,lr,per_subgroup_baseline_relative[maj_pos],AOD_star,-0.35721804511278193,0.3276237516265922,-0.38357312645656416,0.2600743748912616,20
credit,gradual_global_mag0.5,lr,per_subgroup_baseline_relative[maj_pos],BalAcc,-0.20300751879699247,0.1943884595289357,-0.13620534389231598,0.20123490244150327,20
credit,gradual_global_mag0.5,xgb,global_mean,DI_star,0.6882236797943879,0.005289753509570991,0.9711290389586326,0.011785856230745653,20
credit,gradual_global_mag0.5,xgb,global_mean,AOD_star,0.6894067490986133,0.005202659817144735,0.9079828005995376,0.05863611633330729,20
credit,gradual_global_mag0.5,xgb,global_mean,BalAcc,-0.6889765420788949,0.005049208402760362,-0.9769334734346252,0.009759870775386282,20
credit,gradual_global_mag0.5,xgb,global_ewma,DI_star,0.6873632657549512,0.005245836157609332,0.7896574827589575,0.011070986822627606,20
credit,gradual_global_mag0.5,xgb,global_ewma,AOD_star,0.6888689903239654,0.006117227661496656,0.7383674974672302,0.04869934136334514,20
credit,gradual_global_mag0.5,xgb,global_ewma,BalAcc,-0.6881161280394583,0.006155870112510951,-0.7943811234782259,0.009681883145771536,20
credit,gradual_global_mag0.5,xgb,global_std,DI_star,-0.21650168267324627,0.27645385187252003,-0.22814892589321584,0.2503470321997541,20
credit,gradual_global_mag0.5,xgb,global_std,AOD_star,-0.21617902740845754,0.2702512593942242,-0.21929210124605084,0.22904323632001242,20
credit,gradual_global_mag0.5,xgb,global_std,BalAcc,0.2144581993295842,0.26917486323627043,0.22795512635308562,0.24670094885980431,20
credit,gradual_global_mag0.5,xgb,subgroup_violation_diff,DI_star,0.37239795144367377,0.31271731599382674,0.3948596039001134,0.22164779793473624,20
credit,gradual_global_mag0.5,xgb,subgroup_violation_diff,AOD_star,0.3712148821394483,0.311639310983669,0.37003633027226607,0.20874606425415,20
credit,gradual_global_mag0.5,xgb,subgroup_violation_diff,BalAcc,-0.37336591723803986,0.30654557241937913,-0.398453827871866,0.22337120451131498,20
credit,gradual_global_mag0.5,xgb,max_subgroup_deviation,DI_star,0.6891916455887541,0.00442925235907617,0.9702758886774747,0.012222038848608962,20
credit,gradual_global_mag0.5,xgb,max_subgroup_deviation,AOD_star,0.6900520596281907,0.005509337990144326,0.907500293010788,0.059148062401788194,20
credit,gradual_global_mag0.5,xgb,max_subgroup_deviation,BalAcc,-0.6888689903239654,0.005925115886199461,-0.9759846689109002,0.009756838541951553,20
credit,gradual_global_mag0.5,xgb,assignment_proportion_drift,DI_star,0.6894764711848639,0.0060843863715043705,0.9629271437420608,0.017999056980287524,20
credit,gradual_global_mag0.5,xgb,assignment_proportion_drift,AOD_star,0.6891543829417437,0.005548994226701481,0.89997910121416,0.053845929475821896,20
credit,gradual_global_mag0.5,xgb,assignment_proportion_drift,BalAcc,-0.6901219837196916,0.00571134858819225,-0.9685627894381048,0.018158208308077555,20
credit,gradual_global_mag0.5,xgb,ks_statistic,DI_star,0.6896218526084725,0.006174632332525884,0.9775630838833255,0.008494938830928993,20
credit,gradual_global_mag0.5,xgb,ks_statistic,AOD_star,0.6892991973436837,0.0065057700065153995,0.9139632559023936,0.05748565196803439,20
credit,gradual_global_mag0.5,xgb,ks_statistic,BalAcc,-0.6873632657549511,0.006434256210208041,-0.9833224197905114,0.002140186296664011,20
credit,gradual_global_mag0.5,xgb,kl_divergence,DI_star,0.632780750128189,0.0591547118207478,0.4863576394027983,0.023022400204836316,20
credit,gradual_global_mag0.5,xgb,kl_divergence,AOD_star,0.6346091299619918,0.05977447010122308,0.4559649009567385,0.038539025273092976,20
credit,gradual_global_mag0.5,xgb,kl_divergence,BalAcc,-0.6343940264521326,0.06403103914036556,-0.4894264432023143,0.023495138142865735,20
credit,gradual_global_mag0.5,xgb,per_subgroup_ewma[min_neg],DI_star,0.6876436322199528,0.006901582429641457,0.8033693257195529,0.018372125956483368,20
credit,gradual_global_mag0.5,xgb,per_subgroup_ewma[min_neg],AOD_star,0.6878584115344362,0.006026925087032654,0.7510153081635148,0.04888429556304056,20
credit,gradual_global_mag0.5,xgb,per_subgroup_ewma[min_neg],BalAcc,-0.6903863840217817,0.0057921933736813,-0.8081352079357046,0.0164378623023778,20
credit,gradual_global_mag0.5,xgb,per_subgroup_baseline_relative[min_neg],DI_star,0.6585896623093769,0.07102027768347294,0.9209065242419998,0.09176067521262742,20
credit,gradual_global_mag0.5,xgb,per_subgroup_baseline_relative[min_neg],AOD_star,0.6581638119919649,0.06954557155962804,0.8625438600412902,0.11079269143225927,20
credit,gradual_global_mag0.5,xgb,per_subgroup_baseline_relative[min_neg],BalAcc,-0.6601387025594676,0.06840447375475067,-0.9260484218386077,0.08940374824654475,20
credit,gradual_global_mag0.5,xgb,per_subgroup_ewma[min_pos],DI_star,0.6887614385690359,0.006923526751018231,0.749270702540064,0.029409941909632427,20
credit,gradual_global_mag0.5,xgb,per_subgroup_ewma[min_pos],AOD_star,0.6887614385690359,0.0062194307361139395,0.6999726058584254,0.04423938885794876,20
credit,gradual_global_mag0.5,xgb,per_subgroup_ewma[min_pos],BalAcc,-0.6876859210197401,0.005972754798610636,-0.7536960299658083,0.027640704166806876,20
credit,gradual_global_mag0.5,xgb,per_subgroup_baseline_relative[min_pos],DI_star,0.6885463350591767,0.00652086565092999,0.9199433442393078,0.02671498714574586,20
credit,gradual_global_mag0.5,xgb,per_subgroup_baseline_relative[min_pos],AOD_star,0.6881161280394584,0.005847493073600606,0.8592417466062697,0.04949346152672197,20
credit,gradual_global_mag0.5,xgb,per_subgroup_baseline_relative[min_pos],BalAcc,-0.6897294043634021,0.006281427635541442,-0.9254001072007135,0.025382052961755396,20
credit,gradual_global_mag0.5,xgb,per_subgroup_ewma[maj_neg],DI_star,0.6881161280394583,0.00568703740515725,0.8181639921965791,0.009867138115199701,20
credit,gradual_global_mag0.5,xgb,per_subgroup_ewma[maj_neg],AOD_star,0.6869330587352329,0.00514789933404872,0.7649179313370955,0.0504411902862664,20
credit,gradual_global_mag0.5,xgb,per_subgroup_ewma[maj_neg],BalAcc,-0.6871481622450921,0.005987262361392969,-0.8230689653240898,0.006701843306374979,20
credit,gradual_global_mag0.5,xgb,per_subgroup_baseline_relative[maj_neg],DI_star,0.6881686476903569,0.007451881588458405,0.9877937888689466,0.0084047924906512,20
credit,gradual_global_mag0.5,xgb,per_subgroup_baseline_relative[maj_neg],AOD_star,0.6888139582199344,0.007312534914988518,0.9233413607574296,0.058187710634512814,20
credit,gradual_global_mag0.5,xgb,per_subgroup_baseline_relative[maj_neg],BalAcc,-0.6868767298496983,0.006617224349128742,-0.9937003492991844,0.0030393484202938087,20
credit,gradual_global_mag0.5,xgb,per_subgroup_ewma[maj_pos],DI_star,0.6895143008535428,0.004880290503257261,0.7985029819102136,0.010564749374654623,20
credit,gradual_global_mag0.5,xgb,per_subgroup_ewma[maj_pos],AOD_star,0.6897294043634019,0.005147899334048743,0.7467353246513746,0.049093495943056675,20
credit,gradual_global_mag0.5,xgb,per_subgroup_ewma[maj_pos],BalAcc,-0.6876859210197399,0.005184842436672271,-0.8032191224710378,0.007181007474506778,20
credit,gradual_global_mag0.5,xgb,per_subgroup_baseline_relative[maj_pos],DI_star,0.689729404363402,0.003864387087892023,0.9758502804289331,0.011319631704146967,20
credit,gradual_global_mag0.5,xgb,per_subgroup_baseline_relative[maj_pos],AOD_star,0.6905898184028386,0.00497419599485763,0.9127801999317144,0.05792008836207484,20
credit,gradual_global_mag0.5,xgb,per_subgroup_baseline_relative[maj_pos],BalAcc,-0.6891916455887542,0.005584411916112079,-0.9815664374636441,0.007053234771655815,20
credit,gradual_global_mag1.0,lr,global_mean,DI_star,-0.8242105263157894,0.2780511310075474,-0.8641945307692049,0.26573368954221754,20
credit,gradual_global_mag1.0,lr,global_mean,AOD_star,0.3376691729323308,0.3650613962799618,0.20301523321039125,0.36496522374573914,20
credit,gradual_global_mag1.0,lr,global_mean,BalAcc,-0.5950375939849624,0.13839824114780802,-0.48966462410401296,0.1531478450187392,20
credit,gradual_global_mag1.0,lr,global_ewma,DI_star,-0.8252631578947367,0.27798553345330135,-0.8518256074692795,0.3009621808284509,20
credit,gradual_global_mag1.0,lr,global_ewma,AOD_star,0.3384962406015037,0.3680405891878341,0.3363813016590342,0.4031287826864213,20
credit,gradual_global_mag1.0,lr,global_ewma,BalAcc,-0.5921052631578947,0.13867554295152648,-0.587994664805365,0.14141098048437095,20
credit,gradual_global_mag1.0,lr,global_std,DI_star,0.18917293233082705,0.34000781467044566,0.18055791753305703,0.32948396411287667,20
credit,gradual_global_mag1.0,lr,global_std,AOD_star,-0.37593984962406013,0.17320671269636792,-0.3932722904147009,0.21535353524261927,20
credit,gradual_global_mag1.0,lr,global_std,BalAcc,0.19857142857142854,0.238250959497563,0.16813449986716203,0.24253636283201474,20
credit,gradual_global_mag1.0,lr,subgroup_violation_diff,DI_star,-0.3078947368421052,0.31987153104117566,-0.3502637085170911,0.22981273986376752,20
credit,gradual_global_mag1.0,lr,subgroup_violation_diff,AOD_star,-0.26969924812030077,0.3649058247728237,-0.3106973017347391,0.33315665519835946,20
credit,gradual_global_mag1.0,lr,subgroup_violation_diff,BalAcc,-0.12105263157894734,0.2596041464418349,-0.06952766081958206,0.23605193672199967,20
credit,gradual_global_mag1.0,lr,max_subgroup_deviation,DI_star,-0.8205263157894735,0.2684057934627802,-0.8569089513545697,0.26792209404620887,20
credit,gradual_global_mag1.0,lr,max_subgroup_deviation,AOD_star,0.3384962406015037,0.3660055540254512,0.21845856965217103,0.3661212865584139,20
credit,gradual_global_mag1.0,lr,max_subgroup_deviation,BalAcc,-0.5880451127819548,0.14265714135920082,-0.49378025005055026,0.1534292994067296,20
credit,gradual_global_mag1.0,lr,assignment_proportion_drift,DI_star,-0.4812361089637197,0.20162304734112554,-0.7660288550104513,0.18556291937162062,20
credit,gradual_global_mag1.0,lr,assignment_proportion_drift,AOD_star,-0.15561989851308053,0.3454191708439811,-0.053321801291669524,0.2789307314460133,20
credit,gradual_global_mag1.0,lr,assignment_proportion_drift,BalAcc,-0.23037502400026194,0.22790553545155684,-0.29960057767294457,0.184835068989303,20
credit,gradual_global_mag1.0,lr,ks_statistic,DI_star,-0.8247368421052631,0.2804849805205014,-0.8445604365902757,0.23738365513316217,20
credit,gradual_global_mag1.0,lr,ks_statistic,AOD_star,0.33669172932330826,0.36878879912414964,0.08564785939654165,0.33516957000983855,20
credit,gradual_global_mag1.0,lr,ks_statistic,BalAcc,-0.595563909774436,0.14138575457204683,-0.41366502479499995,0.16306521769243157,20
credit,gradual_global_mag1.0,lr,kl_divergence,DI_star,-0.819548872180451,0.27564652209748636,-0.6067940264024613,0.3462465111770645,20
credit,gradual_global_mag1.0,lr,kl_divergence,AOD_star,0.3399248120300752,0.36716356674094175,0.5897806216619031,0.36296831667578616,20
credit,gradual_global_mag1.0,lr,kl_divergence,BalAcc,-0.5886466165413534,0.14367669546727768,-0.602948786097937,0.12339350274433611,20
credit,gradual_global_mag1.0,lr,per_subgroup_ewma[min_neg],DI_star,-0.8347159463467333,0.27429117681908294,-0.87586969543138,0.2936735944628575,20
credit,gradual_global_mag1.0,lr,per_subgroup_ewma[min_neg],AOD_star,0.32906871415482464,0.36043714864299276,0.26638151808672983,0.38969548576056473,20
credit,gradual_global_mag1.0,lr,per_subgroup_ewma[min_neg],BalAcc,-0.5839061737942044,0.1383915067935667,-0.5669472844780241,0.1466159563283371,20
credit,gradual_global_mag1.0,lr,per_subgroup_baseline_relative[min_neg],DI_star,-0.7772832844659245,0.24389301906863492,-0.8276670116017104,0.23610684326053366,20
credit,gradual_global_mag1.0,lr,per_subgroup_baseline_relative[min_neg],AOD_star,0.14101679554517926,0.3536806477481234,0.04912697271479085,0.3169166664361328,20
credit,gradual_global_mag1.0,lr,per_subgroup_baseline_relative[min_neg],BalAcc,-0.47695332690676906,0.16028483231811366,-0.38986398203960837,0.14855084041632266,20
credit,gradual_global_mag1.0,lr,per_subgroup_ewma[min_pos],DI_star,-0.8242857142857142,0.28104224225196645,-0.8543243734152226,0.3087410642921773,20
credit,gradual_global_mag1.0,lr,per_subgroup_ewma[min_pos],AOD_star,0.3356390977443609,0.3666218457985315,0.3029673851038315,0.40345247014759683,20
credit,gradual_global_mag1.0,lr,per_subgroup_ewma[min_pos],BalAcc,-0.5963157894736841,0.13978450662820116,-0.5795146217666025,0.14469610915630343,20
credit,gradual_global_mag1.0,lr,per_subgroup_baseline_relative[min_pos],DI_star,-0.7759398496240599,0.270111774737685,-0.860037925548038,0.26402425719725864,20
credit,gradual_global_mag1.0,lr,per_subgroup_baseline_relative[min_pos],AOD_star,0.23819548872180452,0.3789985047249561,0.13173107324228056,0.3703772352070131,20
credit,gradual_global_mag1.0,lr,per_subgroup_baseline_relative[min_pos],BalAcc,-0.5465413533834586,0.17704777756507287,-0.4646529117350881,0.1623301974233685,20
credit,gradual_global_mag1.0,lr,per_subgroup_ewma[maj_neg],DI_star,-0.8350375939849624,0.26430260162733404,-0.8822933485907838,0.287708611148294,20
credit,gradual_global_mag1.0,lr,per_subgroup_ewma[maj_neg],AOD_star,0.3129323308270676,0.3849065690238614,0.24562998156355526,0.40248938567302533,20
credit,gradual_global_mag1.0,lr,per_subgroup_ewma[maj_neg],BalAcc,-0.586390977443609,0.1423556492461522,-0.5609862181760542,0.1495091841691795,20
credit,gradual_global_mag1.0,lr,per_subgroup_baseline_relative[maj_neg],DI_star,-0.7708197213940764,0.24665588530513508,-0.7984530825475626,0.25105112252627687,20
credit,gradual_global_mag1.0,lr,per_subgroup_baseline_relative[maj_neg],AOD_star,0.2673135042791765,0.3384154672018008,0.07072546477567988,0.29949671444069176,20
credit,gradual_global_mag1.0,lr,per_subgroup_baseline_relative[maj_neg],BalAcc,-0.526671825794186,0.16320100732867684,-0.3817142207220269,0.16110333882175,20
credit,gradual_global_mag1.0,lr,per_subgroup_ewma[maj_pos],DI_star,-0.8269172932330827,0.27807390149313954,-0.8464943514580497,0.3019132032704258,20
credit,gradual_global_mag1.0,lr,per_subgroup_ewma[maj_pos],AOD_star,0.3372932330827067,0.3672622869656162,0.35060086463532547,0.40226890622776207,20
credit,gradual_global_mag1.0,lr,per_subgroup_ewma[maj_pos],BalAcc,-0.5951879699248119,0.13728063254894968,-0.5903740004426943,0.14166822349726865,20
credit,gradual_global_mag1.0,lr,per_subgroup_baseline_relative[maj_pos],DI_star,-0.8242105263157894,0.2750962910682166,-0.8583189339646731,0.26974610372419006,20
credit,gradual_global_mag1.0,lr,per_subgroup_baseline_relative[maj_pos],AOD_star,0.33827067669172933,0.3616153590892145,0.23177165520918389,0.36311102952278773,20
credit,gradual_global_mag1.0,lr,per_subgroup_baseline_relative[maj_pos],BalAcc,-0.5977443609022555,0.13559999769868478,-0.49956509914162284,0.15253304270404766,20
credit,gradual_global_mag1.0,xgb,global_mean,DI_star,0.6882236797943879,0.005289753509570991,0.9145877781740884,0.016619828406353072,20
credit,gradual_global_mag1.0,xgb,global_mean,AOD_star,0.6894067490986133,0.005202659817144735,0.8548227405196946,0.05159049866742565,20
credit,gradual_global_mag1.0,xgb,global_mean,BalAcc,-0.6889765420788949,0.005049208402760362,-0.920025628215293,0.014087488441921736,20
credit,gradual_global_mag1.0,xgb,global_ewma,DI_star,0.6873632657549512,0.005245836157609332,0.7323530494323345,0.012165174568407008,20
credit,gradual_global_mag1.0,xgb,global_ewma,AOD_star,0.6888689903239654,0.006117227661496656,0.6845484634006455,0.04180064823371199,20
credit,gradual_global_mag1.0,xgb,global_ewma,BalAcc,-0.6881161280394583,0.006155870112510951,-0.736714018129282,0.010050595704859736,20
credit,gradual_global_mag1.0,xgb,global_std,DI_star,-0.2971654988704319,0.30177517974364915,-0.32070050902882874,0.2774095896830376,20
credit,gradual_global_mag1.0,xgb,global_std,AOD_star,-0.2996391892338123,0.2944114910876304,-0.3064861826669639,0.25540622669915425,20
credit,gradual_global_mag1.0,xgb,global_std,BalAcc,0.2991014304591644,0.2931975845696127,0.3209739954267716,0.2758121180998129,20
credit,gradual_global_mag1.0,xgb,subgroup_violation_diff,DI_star,0.40837401346761854,0.27463295869424836,0.3778870721366578,0.1686631339257382,20
credit,gradual_global_mag1.0,xgb,subgroup_violation_diff,AOD_star,0.4068682888986045,0.2748847174104417,0.3520292216450165,0.16503149260439423,20
credit,gradual_global_mag1.0,xgb,subgroup_violation_diff,BalAcc,-0.40848156522254814,0.26786403152892485,-0.3806720930458974,0.16954154694855952,20
credit,gradual_global_mag1.0,xgb,max_subgroup_deviation,DI_star,0.6891916455887541,0.00442925235907617,0.9088057284798223,0.01857449061470549,20
credit,gradual_global_mag1.0,xgb,max_subgroup_deviation,AOD_star,0.6900520596281907,0.005509337990144326,0.8495832457521706,0.05083672736443376,20
credit,gradual_global_mag1.0,xgb,max_subgroup_deviation,BalAcc,-0.6888689903239654,0.005925115886199461,-0.9141400786471555,0.0163107604453557,20
credit,gradual_global_mag1.0,xgb,assignment_proportion_drift,DI_star,0.6892952272532293,0.006125658373968846,0.9528018583782434,0.031461729660462484,20
credit,gradual_global_mag1.0,xgb,assignment_proportion_drift,AOD_star,0.6889725719427536,0.005513661969139982,0.8912116920332938,0.06684946454014228,20
credit,gradual_global_mag1.0,xgb,assignment_proportion_drift,BalAcc,-0.6899402542266732,0.005717536217439173,-0.9582926920252801,0.028747604554514503,20
credit,gradual_global_mag1.0,xgb,ks_statistic,DI_star,0.6896218526084725,0.006174632332525884,0.9696672447323513,0.008091678655289113,20
credit,gradual_global_mag1.0,xgb,ks_statistic,AOD_star,0.6892991973436837,0.0065057700065153995,0.9065792979015891,0.05698269383304594,20
credit,gradual_global_mag1.0,xgb,ks_statistic,BalAcc,-0.6873632657549511,0.006434256210208041,-0.9753859279860693,0.0016786406828150765,20
credit,gradual_global_mag1.0,xgb,kl_divergence,DI_star,0.6706927437408662,0.026735644353656503,0.44311535112946554,0.014109128956298303,20
credit,gradual_global_mag1.0,xgb,kl_divergence,AOD_star,0.6724135718197395,0.027035097039757466,0.4145942319440725,0.030168449260162038,20
credit,gradual_global_mag1.0,xgb,kl_divergence,BalAcc,-0.6715531577803029,0.031047641520026023,-0.4457635612965868,0.01332972634706487,20
credit,gradual_global_mag1.0,xgb,per_subgroup_ewma[min_neg],DI_star,0.6876436322199528,0.006901582429641457,0.7690130123401286,0.008215523988096966,20
credit,gradual_global_mag1.0,xgb,per_subgroup_ewma[min_neg],AOD_star,0.6878584115344362,0.006026925087032654,0.7188452888673148,0.04358018913570087,20
credit,gradual_global_mag1.0,xgb,per_subgroup_ewma[min_neg],BalAcc,-0.6903863840217817,0.0057921933736813,-0.7736148571272276,0.00815128784403289,20
credit,gradual_global_mag1.0,xgb,per_subgroup_baseline_relative[min_neg],DI_star,0.6677665765360563,0.03996449963260936,0.9256071003431027,0.060609729436639795,20
credit,gradual_global_mag1.0,xgb,per_subgroup_baseline_relative[min_neg],AOD_star,0.6673408855541239,0.03864743043937282,0.8658847682201316,0.08325226391958898,20
credit,gradual_global_mag1.0,xgb,per_subgroup_baseline_relative[min_neg],BalAcc,-0.66928275252728,0.03610904282218439,-0.9310484664265803,0.05932548743594593,20
credit,gradual_global_mag1.0,xgb,per_subgroup_ewma[min_pos],DI_star,0.6887614385690359,0.006923526751018231,0.7299119574146168,0.01906611224779067,20
credit,gradual_global_mag1.0,xgb,per_subgroup_ewma[min_pos],AOD_star,0.6887614385690359,0.0062194307361139395,0.682467077238295,0.04750464763018339,20
credit,gradual_global_mag1.0,xgb,per_subgroup_ewma[min_pos],BalAcc,-0.6876859210197401,0.005972754798610636,-0.7343249182030664,0.020313374397260588,20
credit,gradual_global_mag1.0,xgb,per_subgroup_baseline_relative[min_pos],DI_star,0.6885463350591767,0.00652086565092999,0.9135075913513608,0.023021396265347202,20
credit,gradual_global_mag1.0,xgb,per_subgroup_baseline_relative[min_pos],AOD_star,0.6881161280394584,0.005847493073600606,0.8542417013132658,0.06224414123693942,20
credit,gradual_global_mag1.0,xgb,per_subgroup_baseline_relative[min_pos],BalAcc,-0.6897294043634021,0.006281427635541442,-0.9189853669793122,0.023881670362755722,20
credit,gradual_global_mag1.0,xgb,per_subgroup_ewma[maj_neg],DI_star,0.6881161280394583,0.00568703740515725,0.7912578896979533,0.015767176639723556,20
credit,gradual_global_mag1.0,xgb,per_subgroup_ewma[maj_neg],AOD_star,0.6869330587352329,0.00514789933404872,0.739486549515314,0.045563870320612765,20
credit,gradual_global_mag1.0,xgb,per_subgroup_ewma[maj_neg],BalAcc,-0.6871481622450921,0.005987262361392969,-0.7959873167444148,0.013540013494307954,20
credit,gradual_global_mag1.0,xgb,per_subgroup_baseline_relative[maj_neg],DI_star,0.6666383035211073,0.05254276018891192,0.939758988388394,0.07380082383618009,20
credit,gradual_global_mag1.0,xgb,per_subgroup_baseline_relative[maj_neg],AOD_star,0.6672838163297118,0.05243800278035008,0.8802951158120595,0.10242387386173886,20
credit,gradual_global_mag1.0,xgb,per_subgroup_baseline_relative[maj_neg],BalAcc,-0.6653472374480925,0.05366457547045163,-0.9455004260962048,0.07519010642150231,20
credit,gradual_global_mag1.0,xgb,per_subgroup_ewma[maj_pos],DI_star,0.6895143008535428,0.004880290503257261,0.7276764519857231,0.014862757999600842,20
credit,gradual_global_mag1.0,xgb,per_subgroup_ewma[maj_pos],AOD_star,0.6897294043634019,0.005147899334048743,0.6801765343331805,0.040909456426571886,20
credit,gradual_global_mag1.0,xgb,per_subgroup_ewma[maj_pos],BalAcc,-0.6876859210197399,0.005184842436672271,-0.7319527297946531,0.011861303014630103,20
credit,gradual_global_mag1.0,xgb,per_subgroup_baseline_relative[maj_pos],DI_star,0.689729404363402,0.003864387087892023,0.9027377681761658,0.020669739351923934,20
credit,gradual_global_mag1.0,xgb,per_subgroup_baseline_relative[maj_pos],AOD_star,0.6905898184028386,0.00497419599485763,0.8439694445940209,0.050056969251806624,20
credit,gradual_global_mag1.0,xgb,per_subgroup_baseline_relative[maj_pos],BalAcc,-0.6891916455887542,0.005584411916112079,-0.9079934703866787,0.017122454348038576,20
credit,gradual_global_mag2.0,lr,global_mean,DI_star,-0.11548872180451128,0.3335481396554007,-0.3787603925751867,0.3814429376951186,20
credit,gradual_global_mag2.0,lr,global_mean,AOD_star,0.8242105263157894,0.09897193286966734,0.6622025187931083,0.10958028316934751,20
credit,gradual_global_mag2.0,lr,global_mean,BalAcc,-0.8355639097744361,0.07201308132998424,-0.7041732485479048,0.10341224434686754,20
credit,gradual_global_mag2.0,lr,global_ewma,DI_star,-0.11654135338345864,0.33451684668950665,-0.16672426065574014,0.39900692527691173,20
credit,gradual_global_mag2.0,lr,global_ewma,AOD_star,0.8239849624060149,0.09970216827395431,0.8530371585131675,0.08308339446883821,20
credit,gradual_global_mag2.0,lr,global_ewma,BalAcc,-0.8336090225563908,0.07178663714861966,-0.8182724190195547,0.07177560636209607,20
credit,gradual_global_mag2.0,lr,global_std,DI_star,-0.07458646616541352,0.2669629951343457,-0.09681960938368084,0.2852016465350433,20
credit,gradual_global_mag2.0,lr,global_std,AOD_star,-0.8562406015037594,0.05401490362861629,-0.8994193219887332,0.05948434664491075,20
credit,gradual_global_mag2.0,lr,global_std,BalAcc,0.7230827067669172,0.13281292480220577,0.7207631782038149,0.10767844046326513,20
credit,gradual_global_mag2.0,lr,subgroup_violation_diff,DI_star,-0.3038345864661654,0.3563686027683469,-0.32760046231361645,0.24314113179658364,20
credit,gradual_global_mag2.0,lr,subgroup_violation_diff,AOD_star,-0.3958646616541353,0.34853979337070273,-0.4008979498236761,0.33088676041175136,20
credit,gradual_global_mag2.0,lr,subgroup_violation_diff,BalAcc,0.25744360902255636,0.3064514816407448,0.22378369956382899,0.25133456827419,20
credit,gradual_global_mag2.0,lr,max_subgroup_deviation,DI_star,-0.11819548872180449,0.32823847137770706,-0.36518893402213265,0.37287634749923926,20
credit,gradual_global_mag2.0,lr,max_subgroup_deviation,AOD_star,0.8185714285714287,0.09723903500243083,0.6798558070536097,0.1026385921199442,20
credit,gradual_global_mag2.0,lr,max_subgroup_deviation,BalAcc,-0.8292481203007519,0.07124626517451427,-0.714514826265788,0.09870296837347517,20
credit,gradual_global_mag2.0,lr,assignment_proportion_drift,DI_star,-0.3813824656185548,0.28396898061429676,-0.49259472163695595,0.32837573498517203,20
credit,gradual_global_mag2.0,lr,assignment_proportion_drift,AOD_star,0.17005697937292139,0.3813295103337648,0.36268684783704264,0.18049769004887578,20
credit,gradual_global_mag2.0,lr,assignment_proportion_drift,BalAcc,-0.30261535725710836,0.3040002120429271,-0.4697434274741294,0.18595415812673358,20
credit,gradual_global_mag2.0,lr,ks_statistic,DI_star,-0.11789473684210525,0.33737116078589807,-0.4439791445011383,0.35903637341674016,20
credit,gradual_global_mag2.0,lr,ks_statistic,AOD_star,0.8222556390977444,0.09918156802568552,0.5468404904157905,0.11198505568882977,20
credit,gradual_global_mag2.0,lr,ks_statistic,BalAcc,-0.8368421052631578,0.06909524895884298,-0.6246559908095957,0.12054639140884235,20
credit,gradual_global_mag2.0,lr,kl_divergence,DI_star,-0.11684210526315789,0.331923712123596,0.2798864123051657,0.29491661882681075,20
credit,gradual_global_mag2.0,lr,kl_divergence,AOD_star,0.8234586466165414,0.10003832156225852,0.7903029068619896,0.09471738722756184,20
credit,gradual_global_mag2.0,lr,kl_divergence,BalAcc,-0.8266917293233081,0.07637687839815806,-0.662117153706338,0.08669352192006945,20
credit,gradual_global_mag2.0,lr,per_subgroup_ewma[min_neg],DI_star,-0.18338286511774873,0.3180437773954259,-0.28634819313996634,0.3747743985943626,20
credit,gradual_global_mag2.0,lr,per_subgroup_ewma[min_neg],AOD_star,0.7535285727951714,0.13421149607367866,0.7600373705716903,0.11737499996603927,20
credit,gradual_global_mag2.0,lr,per_subgroup_ewma[min_neg],BalAcc,-0.7749599733934872,0.07384506666230235,-0.7696262269964428,0.0747872752548154,20
credit,gradual_global_mag2.0,lr,per_subgroup_baseline_relative[min_neg],DI_star,-0.2277836722529943,0.2675470471900808,-0.43127856630440303,0.3129165547785694,20
credit,gradual_global_mag2.0,lr,per_subgroup_baseline_relative[min_neg],AOD_star,0.5029965832335995,0.2508554364503864,0.36418396961975263,0.20082964116018098,20
credit,gradual_global_mag2.0,lr,per_subgroup_baseline_relative[min_neg],BalAcc,-0.5318468825868929,0.1914830276886422,-0.4498270092306713,0.17346697222695734,20
credit,gradual_global_mag2.0,lr,per_subgroup_ewma[min_pos],DI_star,-0.11819548872180449,0.3332896724567016,-0.2060855780387804,0.39569858450791656,20
credit,gradual_global_mag2.0,lr,per_subgroup_ewma[min_pos],AOD_star,0.8201503759398495,0.09566604812505088,0.8297839799770316,0.08877811880608594,20
credit,gradual_global_mag2.0,lr,per_subgroup_ewma[min_pos],BalAcc,-0.8336842105263157,0.06688163280624289,-0.8112542491416042,0.07572877764841214,20
credit,gradual_global_mag2.0,lr,per_subgroup_baseline_relative[min_pos],DI_star,-0.1319548872180451,0.3234680056531315,-0.43838939237595637,0.35923441585364974,20
credit,gradual_global_mag2.0,lr,per_subgroup_baseline_relative[min_pos],AOD_star,0.7707518796992481,0.12553236738571422,0.5902349990052315,0.12409147444877795,20
credit,gradual_global_mag2.0,lr,per_subgroup_baseline_relative[min_pos],BalAcc,-0.79796992481203,0.08531535578503172,-0.6567283616405251,0.11525724610970943,20
credit,gradual_global_mag2.0,lr,per_subgroup_ewma[maj_neg],DI_star,-0.2559398496240601,0.2875711721258236,-0.32529808276517896,0.3177931961313595,20
credit,gradual_global_mag2.0,lr,per_subgroup_ewma[maj_neg],AOD_star,0.6842857142857143,0.26215036990169444,0.7085279318422876,0.23648158561090643,20
credit,gradual_global_mag2.0,lr,per_subgroup_ewma[maj_neg],BalAcc,-0.694436090225564,0.20842322254726517,-0.6988989466299362,0.18229808101826214,20
credit,gradual_global_mag2.0,lr,per_subgroup_baseline_relative[maj_neg],DI_star,-0.30392052120822816,0.2373748119921778,-0.480885917307039,0.25843061224056485,20
credit,gradual_global_mag2.0,lr,per_subgroup_baseline_relative[maj_neg],AOD_star,0.4436412978464251,0.46639175734868465,0.32858395692080783,0.34930051488022584,20
credit,gradual_global_mag2.0,lr,per_subgroup_baseline_relative[maj_neg],BalAcc,-0.4258269049783413,0.4760501008636989,-0.3780576008135164,0.342625025551974,20
credit,gradual_global_mag2.0,lr,per_subgroup_ewma[maj_pos],DI_star,-0.11804511278195488,0.3345002845838565,-0.14618626163170648,0.396526893384732,20
credit,gradual_global_mag2.0,lr,per_subgroup_ewma[maj_pos],AOD_star,0.823533834586466,0.1008733136444883,0.8650827449804798,0.07805671060212355,20
credit,gradual_global_mag2.0,lr,per_subgroup_ewma[maj_pos],BalAcc,-0.8349624060150376,0.07158412030338014,-0.8221410559164471,0.07081868065303673,20
credit,gradual_global_mag2.0,lr,per_subgroup_baseline_relative[maj_pos],DI_star,-0.11676691729323307,0.3336520787438091,-0.35538173958669633,0.38178089048388675,20
credit,gradual_global_mag2.0,lr,per_subgroup_baseline_relative[maj_pos],AOD_star,0.8230827067669173,0.09988208888837638,0.6924105566691964,0.10400330210242556,20
credit,gradual_global_mag2.0,lr,per_subgroup_baseline_relative[maj_pos],BalAcc,-0.8361654135338347,0.07252186642085191,-0.7223955032490141,0.09813693517122123,20
credit,gradual_global_mag2.0,xgb,global_mean,DI_star,0.6882236797943879,0.005289753509570991,0.9172888835023448,0.013597782965894822,20
credit,gradual_global_mag2.0,xgb,global_mean,AOD_star,0.6894067490986133,0.005202659817144735,0.8574266716494352,0.052358892589117856,20
credit,gradual_global_mag2.0,xgb,global_mean,BalAcc,-0.6889765420788949,0.005049208402760362,-0.922748768404543,0.011021547739161213,20
credit,gradual_global_mag2.0,xgb,global_ewma,DI_star,0.6873632657549512,0.005245836157609332,0.7235064018087715,0.011043723563434419,20
credit,gradual_global_mag2.0,xgb,global_ewma,AOD_star,0.6888689903239654,0.006117227661496656,0.6762731723820448,0.04100153330213148,20
credit,gradual_global_mag2.0,xgb,global_ewma,BalAcc,-0.6881161280394583,0.006155870112510951,-0.727817057313672,0.009127172045484846,20
credit,gradual_global_mag2.0,xgb,global_std,DI_star,-0.4923719340676212,0.14628090425507323,-0.502969819301072,0.13384542568096477,20
credit,gradual_global_mag2.0,xgb,global_std,AOD_star,-0.49473807267607184,0.14124743762295,-0.47398693201053693,0.12471359195617183,20
credit,gradual_global_mag2.0,xgb,global_std,BalAcc,0.49290969284226904,0.14348069236100477,0.5049450677135121,0.13292576810537518,20
credit,gradual_global_mag2.0,xgb,subgroup_violation_diff,DI_star,0.12330808702676446,0.31121680908273436,0.22125090019813287,0.17188745159408603,20
credit,gradual_global_mag2.0,xgb,subgroup_violation_diff,AOD_star,0.1219099142126799,0.3111246182012868,0.20407609090314088,0.15757654578846322,20
credit,gradual_global_mag2.0,xgb,subgroup_violation_diff,BalAcc,-0.1241685010662011,0.3067572282899867,-0.2227731016668984,0.17191640560802468,20
credit,gradual_global_mag2.0,xgb,max_subgroup_deviation,DI_star,0.6891916455887541,0.00442925235907617,0.9078457362336575,0.020177824130885834,20
credit,gradual_global_mag2.0,xgb,max_subgroup_deviation,AOD_star,0.6900520596281907,0.005509337990144326,0.8487190182491118,0.05243818934466641,20
credit,gradual_global_mag2.0,xgb,max_subgroup_deviation,BalAcc,-0.6888689903239654,0.005925115886199461,-0.913171598000498,0.017537688149747644,20
credit,gradual_global_mag2.0,xgb,assignment_proportion_drift,DI_star,0.6894495576410425,0.005951775147330857,0.9558048109330815,0.027827730639453697,20
credit,gradual_global_mag2.0,xgb,assignment_proportion_drift,AOD_star,0.68912702502774,0.005344254840715156,0.8939155208133528,0.06399944654037096,20
credit,gradual_global_mag2.0,xgb,assignment_proportion_drift,BalAcc,-0.6900963727398415,0.005729248889139388,-0.9614129245697942,0.02649341843217119,20
credit,gradual_global_mag2.0,xgb,ks_statistic,DI_star,0.6896218526084725,0.006174632332525884,0.9698962575449487,0.007852581665885235,20
credit,gradual_global_mag2.0,xgb,ks_statistic,AOD_star,0.6892991973436837,0.0065057700065153995,0.9067864015126297,0.05689309753050856,20
credit,gradual_global_mag2.0,xgb,ks_statistic,BalAcc,-0.6873632657549511,0.006434256210208041,-0.9756222564732997,0.0020397509088202564,20
credit,gradual_global_mag2.0,xgb,kl_divergence,DI_star,0.6874708175098807,0.0063227260924401466,0.3108770818974352,0.012510479745376422,20
credit,gradual_global_mag2.0,xgb,kl_divergence,AOD_star,0.6888689903239653,0.006303487150797268,0.29051041957396595,0.01973156963793427,20
credit,gradual_global_mag2.0,xgb,kl_divergence,BalAcc,-0.6888689903239654,0.005604055377010007,-0.31273825626331697,0.01264035376471294,20
credit,gradual_global_mag2.0,xgb,per_subgroup_ewma[min_neg],DI_star,0.6876436322199528,0.006901582429641457,0.7826958617052246,0.020850315162856552,20
credit,gradual_global_mag2.0,xgb,per_subgroup_ewma[min_neg],AOD_star,0.6878584115344362,0.006026925087032654,0.7317432597679038,0.049390278701537615,20
credit,gradual_global_mag2.0,xgb,per_subgroup_ewma[min_neg],BalAcc,-0.6903863840217817,0.0057921933736813,-0.7873255141712259,0.01884581210130323,20
credit,gradual_global_mag2.0,xgb,per_subgroup_baseline_relative[min_neg],DI_star,0.5906002916506459,0.1011040627356709,0.8269444578627569,0.11914986100585521,20
credit,gradual_global_mag2.0,xgb,per_subgroup_baseline_relative[min_neg],AOD_star,0.5900627376799072,0.0989532373870272,0.7727229693373378,0.11829350556467376,20
credit,gradual_global_mag2.0,xgb,per_subgroup_baseline_relative[min_neg],BalAcc,-0.5917826124244379,0.10239501982120038,-0.832192152765446,0.12186038773600301,20
credit,gradual_global_mag2.0,xgb,per_subgroup_ewma[min_pos],DI_star,0.6887614385690359,0.006923526751018231,0.7394695078511596,0.026776192605595942,20
credit,gradual_global_mag2.0,xgb,per_subgroup_ewma[min_pos],AOD_star,0.6887614385690359,0.0062194307361139395,0.6918526184814484,0.05629954529844829,20
credit,gradual_global_mag2.0,xgb,per_subgroup_ewma[min_pos],BalAcc,-0.6876859210197401,0.005972754798610636,-0.7438828908807373,0.026479553725759355,20
credit,gradual_global_mag2.0,xgb,per_subgroup_baseline_relative[min_pos],DI_star,0.6799421946648103,0.02804524148039137,0.9200410778505915,0.04743955327655671,20
credit,gradual_global_mag2.0,xgb,per_subgroup_baseline_relative[min_pos],AOD_star,0.6795119876450919,0.028422166505602288,0.8615014903662006,0.08367043777683994,20
credit,gradual_global_mag2.0,xgb,per_subgroup_baseline_relative[min_pos],BalAcc,-0.6811252639690356,0.02560793507731994,-0.9254175782468433,0.0457098700897645,20
credit,gradual_global_mag2.0,xgb,per_subgroup_ewma[maj_neg],DI_star,0.6881161280394583,0.00568703740515725,0.7566932896075487,0.02968086006037763,20
credit,gradual_global_mag2.0,xgb,per_subgroup_ewma[maj_neg],AOD_star,0.6869330587352329,0.00514789933404872,0.7080570617157945,0.060812206202574895,20
credit,gradual_global_mag2.0,xgb,per_subgroup_ewma[maj_neg],BalAcc,-0.6871481622450921,0.005987262361392969,-0.7612676904808462,0.029919593643246756,20
credit,gradual_global_mag2.0,xgb,per_subgroup_baseline_relative[maj_neg],DI_star,0.5294030126871351,0.2098691131065065,0.7793466700403002,0.18541276617101213,20
credit,gradual_global_mag2.0,xgb,per_subgroup_baseline_relative[maj_neg],AOD_star,0.530051210641344,0.20990874281678426,0.7340352610335186,0.19471805848073084,20
credit,gradual_global_mag2.0,xgb,per_subgroup_baseline_relative[maj_neg],BalAcc,-0.5281010502806863,0.2106531702734046,-0.784127865269921,0.18649313959517066,20
credit,gradual_global_mag2.0,xgb,per_subgroup_ewma[maj_pos],DI_star,0.6895143008535428,0.004880290503257261,0.7108653478994859,0.012856098203604258,20
credit,gradual_global_mag2.0,xgb,per_subgroup_ewma[maj_pos],AOD_star,0.6897294043634019,0.005147899334048743,0.6645291997081942,0.04084540140403924,20
credit,gradual_global_mag2.0,xgb,per_subgroup_ewma[maj_pos],BalAcc,-0.6876859210197399,0.005184842436672271,-0.7150598531966105,0.010421663719096542,20
credit,gradual_global_mag2.0,xgb,per_subgroup_baseline_relative[maj_pos],DI_star,0.689729404363402,0.003864387087892023,0.9008561588257262,0.01573985050096166,20
credit,gradual_global_mag2.0,xgb,per_subgroup_baseline_relative[maj_pos],AOD_star,0.6905898184028386,0.00497419599485763,0.8423282036930688,0.05162624411655571,20
credit,gradual_global_mag2.0,xgb,per_subgroup_baseline_relative[maj_pos],BalAcc,-0.6891916455887542,0.005584411916112079,-0.9061363997964273,0.012553129204136086,20
credit,abrupt_group_mag0.5,lr,global_mean,DI_star,0.42218045112781943,0.22748797181222116,0.5662117812531445,0.24605601070781377,20
credit,abrupt_group_mag0.5,lr,global_mean,AOD_star,0.44834586466165405,0.2038519197318471,0.581929496220481,0.26186232433010437,20
credit,abrupt_group_mag0.5,lr,global_mean,BalAcc,-0.08639097744360902,0.1517139533337592,-0.10546762595989598,0.1689953846214715,20
credit,abrupt_group_mag0.5,lr,global_ewma,DI_star,0.4290225563909774,0.22354186410268037,0.48372567722618837,0.26092487568423745,20
credit,abrupt_group_mag0.5,lr,global_ewma,AOD_star,0.421578947368421,0.19736134609589356,0.49124979548882497,0.255127729722273,20
credit,abrupt_group_mag0.5,lr,global_ewma,BalAcc,-0.04406015037593985,0.1192862296764527,-0.0762980086012379,0.12332759280140697,20
credit,abrupt_group_mag0.5,lr,global_std,DI_star,0.4318045112781955,0.20936428764458312,0.5662880236589105,0.246856341530337,20
credit,abrupt_group_mag0.5,lr,global_std,AOD_star,0.45578947368421047,0.21629418851433682,0.5844733692610566,0.25911998205272346,20
credit,abrupt_group_mag0.5,lr,global_std,BalAcc,-0.0776691729323308,0.14756874140162712,-0.10104720785970345,0.1671353524370981,20
credit,abrupt_group_mag0.5,lr,subgroup_violation_diff,DI_star,-0.4056390977443609,0.17342126044559197,-0.5595063919207182,0.23726467043708588,20
credit,abrupt_group_mag0.5,lr,subgroup_violation_diff,AOD_star,-0.41864661654135327,0.1974610738486303,-0.5747895279627627,0.2582648352933928,20
credit,abrupt_group_mag0.5,lr,subgroup_violation_diff,BalAcc,0.0856390977443609,0.14122972914900042,0.10451069113463811,0.17799583615695166,20
credit,abrupt_group_mag0.5,lr,max_subgroup_deviation,DI_star,0.40090225563909765,0.2324319803156572,0.5573111655797555,0.25024888171633414,20
credit,abrupt_group_mag0.5,lr,max_subgroup_deviation,AOD_star,0.43052631578947365,0.22784664470743865,0.5778315229276965,0.26541190009365184,20
credit,abrupt_group_mag0.5,lr,max_subgroup_deviation,BalAcc,-0.10518796992481202,0.15516106530783141,-0.11083419887495824,0.17096310782240978,20
credit,abrupt_group_mag0.5,lr,assignment_proportion_drift,DI_star,0.47008065348778694,0.1717714415202734,0.5677839165122908,0.2262700941277629,20
credit,abrupt_group_mag0.5,lr,assignment_proportion_drift,AOD_star,0.46259377991848394,0.188449956150133,0.5725319968341765,0.253137130676099,20
credit,abrupt_group_mag0.5,lr,assignment_proportion_drift,BalAcc,-0.04050505471937575,0.16220422617403907,-0.08180960943468632,0.1694065987740546,20
credit,abrupt_group_mag0.5,lr,ks_statistic,DI_star,0.396390977443609,0.24232904242575815,0.5603849606469249,0.25099030946108497,20
credit,abrupt_group_mag0.5,lr,ks_statistic,AOD_star,0.4242857142857142,0.1941488350200299,0.5781147852753656,0.25906592288963753,20
credit,abrupt_group_mag0.5,lr,ks_statistic,BalAcc,-0.0943609022556391,0.15429690780014013,-0.10749051622047853,0.16895259993753342,20
credit,abrupt_group_mag0.5,lr,kl_divergence,DI_star,0.3089473684210526,0.20512428858867246,0.3265510339653791,0.20946964258805673,20
credit,abrupt_group_mag0.5,lr,kl_divergence,AOD_star,0.3063157894736842,0.2101861376219047,0.315660414055846,0.2515470289136693,20
credit,abrupt_group_mag0.5,lr,kl_divergence,BalAcc,-0.06954887218045112,0.18464357568677883,-0.11704138081590047,0.16840591290590992,20
credit,abrupt_group_mag0.5,lr,per_subgroup_ewma[min_neg],DI_star,0.15827461655009892,0.376078418964947,0.17415692111153613,0.3909642190401848,20
credit,abrupt_group_mag0.5,lr,per_subgroup_ewma[min_neg],AOD_star,0.17674916620916922,0.36611108841422774,0.20003707830202794,0.3853397336053238,20
credit,abrupt_group_mag0.5,lr,per_subgroup_ewma[min_neg],BalAcc,-0.023834099530383356,0.1487327953717563,-0.025369511830414727,0.19455938386839128,20
credit,abrupt_group_mag0.5,lr,per_subgroup_baseline_relative[min_neg],DI_star,0.11516563925102899,0.22977318221702125,0.11250419968663024,0.18116249666520812,20
credit,abrupt_group_mag0.5,lr,per_subgroup_baseline_relative[min_neg],AOD_star,0.022533747106802764,0.2370194949952914,0.050112676223577436,0.2014689150622026,20
credit,abrupt_group_mag0.5,lr,per_subgroup_baseline_relative[min_neg],BalAcc,0.004572171362593841,0.1820074619359892,-0.012571958855726881,0.2303791982755825,20
credit,abrupt_group_mag0.5,lr,per_subgroup_ewma[min_pos],DI_star,0.28586466165413527,0.36844925471312895,0.322704287965401,0.41362058430418247,20
credit,abrupt_group_mag0.5,lr,per_subgroup_ewma[min_pos],AOD_star,0.21699248120300751,0.4018435384675318,0.249875368875554,0.4432277802393065,20
credit,abrupt_group_mag0.5,lr,per_subgroup_ewma[min_pos],BalAcc,-0.07353383458646616,0.17931528488852266,-0.06486595502211626,0.17506324832818235,20
credit,abrupt_group_mag0.5,lr,per_subgroup_baseline_relative[min_pos],DI_star,0.28939849624060143,0.26205589887960856,0.34913385707203726,0.2999987385818511,20
credit,abrupt_group_mag0.5,lr,per_subgroup_baseline_relative[min_pos],AOD_star,0.21488721804511274,0.2938112287835644,0.3018114226916688,0.33503617145749964,20
credit,abrupt_group_mag0.5,lr,per_subgroup_baseline_relative[min_pos],BalAcc,-0.05654135338345865,0.22715349670073912,-0.046370274159905314,0.23806049833622778,20
credit,abrupt_group_mag0.5,lr,per_subgroup_ewma[maj_neg],DI_star,0.42834586466165403,0.23703430559150834,0.46604192576147996,0.2668068694184253,20
credit,abrupt_group_mag0.5,lr,per_subgroup_ewma[maj_neg],AOD_star,0.38383458646616536,0.22135771234325471,0.46522918283033043,0.2654044746847954,20
credit,abrupt_group_mag0.5,lr,per_subgroup_ewma[maj_neg],BalAcc,-0.03180451127819549,0.13182771328151272,-0.05809300353290388,0.1328949025571957,20
credit,abrupt_group_mag0.5,lr,per_subgroup_baseline_relative[maj_neg],DI_star,0.43090225563909773,0.17951037672489467,0.4813437474314107,0.20697624977289603,20
credit,abrupt_group_mag0.5,lr,per_subgroup_baseline_relative[maj_neg],AOD_star,0.4136842105263157,0.19466971293401542,0.4633862538084017,0.2326724797229184,20
credit,abrupt_group_mag0.5,lr,per_subgroup_baseline_relative[maj_neg],BalAcc,-0.04533834586466166,0.23710965911586118,-0.07772068423750281,0.22466830885975209,20
credit,abrupt_group_mag0.5,lr,per_subgroup_ewma[maj_pos],DI_star,0.42285714285714276,0.22612841642681492,0.4827120928143513,0.2616148054593231,20
credit,abrupt_group_mag0.5,lr,per_subgroup_ewma[maj_pos],AOD_star,0.41263157894736846,0.19523198873408634,0.49286045047435795,0.25570401698852946,20
credit,abrupt_group_mag0.5,lr,per_subgroup_ewma[maj_pos],BalAcc,-0.048796992481203005,0.123538639567177,-0.07833445154379504,0.12501355527615532,20
credit,abrupt_group_mag0.5,lr,per_subgroup_baseline_relative[maj_pos],DI_star,0.4001503759398496,0.2316101433923943,0.5571586125798149,0.25008451775692797,20
credit,abrupt_group_mag0.5,lr,per_subgroup_baseline_relative[maj_pos],AOD_star,0.42977443609022564,0.22682235416591914,0.5777749703078678,0.265360067083224,20
credit,abrupt_group_mag0.5,lr,per_subgroup_baseline_relative[maj_pos],BalAcc,-0.1062406015037594,0.1548925285606873,-0.11092181058030226,0.17095549823172182,20
credit,abrupt_group_mag0.5,xgb,global_mean,DI_star,-0.5044667480259328,0.11202625084495699,-0.9770052856664266,0.0077841300107774295,20
credit,abrupt_group_mag0.5,xgb,global_mean,AOD_star,-0.5627067669172932,0.12316661586535214,-0.9799838514807184,0.005728436221638613,20
credit,abrupt_group_mag0.5,xgb,global_mean,BalAcc,-0.4114285714285713,0.19662216240042196,-0.4409105389272455,0.1509677109392395,20
credit,abrupt_group_mag0.5,xgb,global_ewma,DI_star,-0.5894313317629524,0.08229083120532037,-0.8387663575646338,0.014217024543729442,20
credit,abrupt_group_mag0.5,xgb,global_ewma,AOD_star,-0.5433082706766917,0.09116813421256163,-0.8350173324276705,0.017190374777018427,20
credit,abrupt_group_mag0.5,xgb,global_ewma,BalAcc,-0.276766917293233,0.2113049377023229,-0.3235549126106426,0.17847907745392888,20
credit,abrupt_group_mag0.5,xgb,global_std,DI_star,-0.5574028403727875,0.12478560573320535,-0.9824080727670832,0.007891688842093847,20
credit,abrupt_group_mag0.5,xgb,global_std,AOD_star,-0.5864661654135339,0.12606312001015427,-0.9853611765868372,0.004335550995550104,20
credit,abrupt_group_mag0.5,xgb,global_std,BalAcc,-0.40548872180451134,0.19979314023838138,-0.438836086122222,0.14912577581995734,20
credit,abrupt_group_mag0.5,xgb,subgroup_violation_diff,DI_star,0.5414249866732619,0.12264628932453792,0.9603961302114643,0.036797072693262975,20
credit,abrupt_group_mag0.5,xgb,subgroup_violation_diff,AOD_star,0.6122556390977443,0.1146968022056556,0.9649223115822856,0.03649826936375884,20
credit,abrupt_group_mag0.5,xgb,subgroup_violation_diff,BalAcc,0.4239097744360902,0.1778756687102994,0.44473787510482926,0.1534689290482184,20
credit,abrupt_group_mag0.5,xgb,max_subgroup_deviation,DI_star,-0.5335685367276588,0.14001246265485665,-0.9759884980203649,0.007928552650977319,20
credit,abrupt_group_mag0.5,xgb,max_subgroup_deviation,AOD_star,-0.5849624060150376,0.11459100498184227,-0.979552903200801,0.005857098679450881,20
credit,abrupt_group_mag0.5,xgb,max_subgroup_deviation,BalAcc,-0.4227067669172932,0.19465461148854837,-0.4466489210886431,0.15578570531682298,20
credit,abrupt_group_mag0.5,xgb,assignment_proportion_drift,DI_star,-0.4971234833619513,0.11635374919615411,-0.9448695686628173,0.02135859744628905,20
credit,abrupt_group_mag0.5,xgb,assignment_proportion_drift,AOD_star,-0.525019337889708,0.11772675084336844,-0.9471965410759988,0.0190145912112025,20
credit,abrupt_group_mag0.5,xgb,assignment_proportion_drift,BalAcc,-0.3281142554535516,0.1965332959863172,-0.41721979881592136,0.15524593725815142,20
credit,abrupt_group_mag0.5,xgb,ks_statistic,DI_star,-0.5282999486690189,0.09558634841353474,-0.9773709456702775,0.007295897153147455,20
credit,abrupt_group_mag0.5,xgb,ks_statistic,AOD_star,-0.5793984962406016,0.11669899597558955,-0.9805786426267493,0.005205602977190486,20
credit,abrupt_group_mag0.5,xgb,ks_statistic,BalAcc,-0.4084210526315789,0.21209746702695262,-0.4403293841131547,0.15608045966116008,20
credit,abrupt_group_mag0.5,xgb,kl_divergence,DI_star,-0.46721143417238054,0.13130124140995258,-0.6045073471092314,0.1457789581984375,20
credit,abrupt_group_mag0.5,xgb,kl_divergence,AOD_star,-0.4629323308270676,0.14467171662438127,-0.6033494617092554,0.14827136727363852,20
credit,abrupt_group_mag0.5,xgb,kl_divergence,BalAcc,-0.26481203007518794,0.23741827518215328,-0.29818816229944967,0.19196686603076546,20
credit,abrupt_group_mag0.5,xgb,per_subgroup_ewma[min_neg],DI_star,-0.27487172108681457,0.3902455730381594,-0.3674305362113947,0.5176602510019456,20
credit,abrupt_group_mag0.5,xgb,per_subgroup_ewma[min_neg],AOD_star,-0.22757447156163663,0.3928097193401867,-0.3582113488143198,0.5173748607834778,20
credit,abrupt_group_mag0.5,xgb,per_subgroup_ewma[min_neg],BalAcc,-0.060331080963471284,0.2704109444304216,-0.09496292578008284,0.2769806919757552,20
credit,abrupt_group_mag0.5,xgb,per_subgroup_baseline_relative[min_neg],DI_star,-0.06789755724201113,0.2673204968059338,-0.1763900646163053,0.2095303553694179,20
credit,abrupt_group_mag0.5,xgb,per_subgroup_baseline_relative[min_neg],AOD_star,-0.10174650177593587,0.225981010075469,-0.17453647988812943,0.20833822785514644,20
credit,abrupt_group_mag0.5,xgb,per_subgroup_baseline_relative[min_neg],BalAcc,-0.05862178447721689,0.21623511735095263,-0.07133940531151026,0.20015940166682866,20
credit,abrupt_group_mag0.5,xgb,per_subgroup_ewma[min_pos],DI_star,-0.34555803416873,0.4192095284789871,-0.49276754980993465,0.5862361972676156,20
credit,abrupt_group_mag0.5,xgb,per_subgroup_ewma[min_pos],AOD_star,-0.30353383458646616,0.4242055088684146,-0.488113819690993,0.5873784149603654,20
credit,abrupt_group_mag0.5,xgb,per_subgroup_ewma[min_pos],BalAcc,-0.17676691729323307,0.28458124169576954,-0.20736486609318305,0.2915702409763668,20
credit,abrupt_group_mag0.5,xgb,per_subgroup_baseline_relative[min_pos],DI_star,-0.30640933252888525,0.3937750190722517,-0.48924891879094884,0.4830034515020687,20
credit,abrupt_group_mag0.5,xgb,per_subgroup_baseline_relative[min_pos],AOD_star,-0.28796992481203004,0.3923148035471699,-0.4856249694699019,0.4920055400495072,20
credit,abrupt_group_mag0.5,xgb,per_subgroup_baseline_relative[min_pos],BalAcc,-0.1668421052631579,0.3220010203889899,-0.19726210967191077,0.3308061033003541,20
credit,abrupt_group_mag0.5,xgb,per_subgroup_ewma[maj_neg],DI_star,-0.5641679476113861,0.09861130572290093,-0.8099930993756251,0.05566284854192527,20
credit,abrupt_group_mag0.5,xgb,per_subgroup_ewma[maj_neg],AOD_star,-0.5263157894736842,0.12265368157329148,-0.8037715634551523,0.06558036617755812,20
credit,abrupt_group_mag0.5,xgb,per_subgroup_ewma[maj_neg],BalAcc,-0.2530827067669173,0.20763214731482232,-0.2933345029084199,0.1824784796316433,20
credit,abrupt_group_mag0.5,xgb,per_subgroup_baseline_relative[maj_neg],DI_star,-0.5186009550876511,0.10663468294058336,-0.828146537903231,0.1151045825915032,20
credit,abrupt_group_mag0.5,xgb,per_subgroup_baseline_relative[maj_neg],AOD_star,-0.561203007518797,0.12423692122472398,-0.8320824003054195,0.12011696597686493,20
credit,abrupt_group_mag0.5,xgb,per_subgroup_baseline_relative[maj_neg],BalAcc,-0.30548872180451114,0.14421144754188417,-0.3644465852587181,0.1259346989756264,20
credit,abrupt_group_mag0.5,xgb,per_subgroup_ewma[maj_pos],DI_star,-0.5855962079368173,0.08477345960848372,-0.8387836014753864,0.013344161324496426,20
credit,abrupt_group_mag0.5,xgb,per_subgroup_ewma[maj_pos],AOD_star,-0.5418045112781954,0.09060708808797098,-0.8352059488266985,0.016621661717360462,20
credit,abrupt_group_mag0.5,xgb,per_subgroup_ewma[maj_pos],BalAcc,-0.2768421052631579,0.2070785894325342,-0.3241034334241079,0.17729691481670165,20
credit,abrupt_group_mag0.5,xgb,per_subgroup_baseline_relative[maj_pos],DI_star,-0.5331174089081099,0.13981208226118544,-0.9759408541879058,0.007860734833256057,20
credit,abrupt_group_mag0.5,xgb,per_subgroup_baseline_relative[maj_pos],AOD_star,-0.5840601503759398,0.11440970717380641,-0.9794594092533304,0.005792606016765529,20
credit,abrupt_group_mag0.5,xgb,per_subgroup_baseline_relative[maj_pos],BalAcc,-0.42541353383458647,0.19366932413721172,-0.44699517450093296,0.15574327465197046,20
credit,abrupt_group_mag1.0,lr,global_mean,DI_star,0.5775187969924811,0.1277066949829479,0.9217745595914402,0.0760623723089684,20
credit,abrupt_group_mag1.0,lr,global_mean,AOD_star,0.5990977443609022,0.12070552205212187,0.9377653206209633,0.06490339500127394,20
credit,abrupt_group_mag1.0,lr,global_mean,BalAcc,-0.07669172932330828,0.19459715720592677,-0.08326248314513113,0.17315169948940828,20
credit,abrupt_group_mag1.0,lr,global_ewma,DI_star,0.6033082706766917,0.111273724762864,0.7934723117031858,0.09236756755709143,20
credit,abrupt_group_mag1.0,lr,global_ewma,AOD_star,0.593609022556391,0.11186077433115064,0.8028411517548824,0.07684530416534056,20
credit,abrupt_group_mag1.0,lr,global_ewma,BalAcc,-0.06045112781954887,0.14224053711823298,-0.08225565840848756,0.11964860966969462,20
credit,abrupt_group_mag1.0,lr,global_std,DI_star,0.586766917293233,0.11961515162737991,0.9260497284279348,0.07565389407408261,20
credit,abrupt_group_mag1.0,lr,global_std,AOD_star,0.6030075187969925,0.1064168782734083,0.9417116358066735,0.06423591105530779,20
credit,abrupt_group_mag1.0,lr,global_std,BalAcc,-0.07345864661654133,0.2065796965101661,-0.08182419930637752,0.1720540184323663,20
credit,abrupt_group_mag1.0,lr,subgroup_violation_diff,DI_star,-0.22278195488721808,0.507197620456831,-0.3702642615985423,0.8153539469540628,20
credit,abrupt_group_mag1.0,lr,subgroup_violation_diff,AOD_star,-0.24984962406015038,0.5185103872169524,-0.373119439292687,0.8326011290298784,20
credit,abrupt_group_mag1.0,lr,subgroup_violation_diff,BalAcc,0.026015037593984956,0.23432658633708273,0.03260007514280096,0.20514049614693605,20
credit,abrupt_group_mag1.0,lr,max_subgroup_deviation,DI_star,0.5640601503759398,0.14763279952625002,0.9157629323986919,0.08080769489901615,20
credit,abrupt_group_mag1.0,lr,max_subgroup_deviation,AOD_star,0.5981203007518797,0.09376018232905799,0.9346925532682269,0.06369747380505926,20
credit,abrupt_group_mag1.0,lr,max_subgroup_deviation,BalAcc,-0.12458646616541355,0.22349743892632323,-0.09899848565246695,0.17647348744830624,20
credit,abrupt_group_mag1.0,lr,assignment_proportion_drift,DI_star,0.5461804254247993,0.09818050394767024,0.88196281621291,0.06105853712636907,20
credit,abrupt_group_mag1.0,lr,assignment_proportion_drift,AOD_star,0.5725473201674063,0.12778552282116,0.8986977552254729,0.05522152121580997,20
credit,abrupt_group_mag1.0,lr,assignment_proportion_drift,BalAcc,-0.022124660616752192,0.1458547138400688,-0.06035889151709074,0.16183976708110848,20
credit,abrupt_group_mag1.0,lr,ks_statistic,DI_star,0.569548872180451,0.12333107711336821,0.9191435581440983,0.07920153608063098,20
credit,abrupt_group_mag1.0,lr,ks_statistic,AOD_star,0.5939097744360902,0.1070402885915517,0.936194507637764,0.06559164717019265,20
credit,abrupt_group_mag1.0,lr,ks_statistic,BalAcc,-0.07037593984962405,0.20291649309866974,-0.08474972693840026,0.17410960777799253,20
credit,abrupt_group_mag1.0,lr,kl_divergence,DI_star,0.5298496240601505,0.11797208123505304,0.8098569817472606,0.08741681878002332,20
credit,abrupt_group_mag1.0,lr,kl_divergence,AOD_star,0.5282706766917292,0.12380159888591606,0.8248553918130362,0.0704463040949816,20
credit,abrupt_group_mag1.0,lr,kl_divergence,BalAcc,0.006616541353383456,0.18174809600016012,-0.027616205254935744,0.18056591732840188,20
credit,abrupt_group_mag1.0,lr,per_subgroup_ewma[min_neg],DI_star,0.5748913816774864,0.21585017576178406,0.6802390325417383,0.25563444060418133,20
credit,abrupt_group_mag1.0,lr,per_subgroup_ewma[min_neg],AOD_star,0.5089803034993075,0.25112750179174465,0.6685756218932091,0.2681634058319921,20
credit,abrupt_group_mag1.0,lr,per_subgroup_ewma[min_neg],BalAcc,-0.028995789520695238,0.14703485415023584,-0.060591585766879966,0.14375953618307216,20
credit,abrupt_group_mag1.0,lr,per_subgroup_baseline_relative[min_neg],DI_star,0.49049542369993115,0.20365152680118334,0.5896706753975949,0.25263929996141593,20
credit,abrupt_group_mag1.0,lr,per_subgroup_baseline_relative[min_neg],AOD_star,0.3980427895853018,0.2529034015319598,0.5653195423933591,0.2685469898290813,20
credit,abrupt_group_mag1.0,lr,per_subgroup_baseline_relative[min_neg],BalAcc,0.0006702187679950191,0.1905835388996029,-0.024436845508938994,0.20551730745057462,20
credit,abrupt_group_mag1.0,lr,per_subgroup_ewma[min_pos],DI_star,0.5983458646616541,0.11179002388807091,0.7761092733115931,0.1157162081740036,20
credit,abrupt_group_mag1.0,lr,per_subgroup_ewma[min_pos],AOD_star,0.5844360902255639,0.12445394324829695,0.7801864823306768,0.10460360499680862,20
credit,abrupt_group_mag1.0,lr,per_subgroup_ewma[min_pos],BalAcc,-0.06398496240601503,0.14785211016709843,-0.09473587874402681,0.14086274125640647,20
credit,abrupt_group_mag1.0,lr,per_subgroup_baseline_relative[min_pos],DI_star,0.5084962406015037,0.18706263743444362,0.7549401548294142,0.2529177866183258,20
credit,abrupt_group_mag1.0,lr,per_subgroup_baseline_relative[min_pos],AOD_star,0.5163157894736841,0.18049452798894844,0.761814288579411,0.27152501666714235,20
credit,abrupt_group_mag1.0,lr,per_subgroup_baseline_relative[min_pos],BalAcc,-0.03857142857142857,0.21957991077331845,-0.06024581889078714,0.19211274788261223,20
credit,abrupt_group_mag1.0,lr,per_subgroup_ewma[maj_neg],DI_star,0.491578947368421,0.3173623200985393,0.5971772525278558,0.44576662760247543,20
credit,abrupt_group_mag1.0,lr,per_subgroup_ewma[maj_neg],AOD_star,0.4696992481203007,0.3247115115280151,0.5997339233295483,0.45685378682387723,20
credit,abrupt_group_mag1.0,lr,per_subgroup_ewma[maj_neg],BalAcc,-0.04300751879699248,0.13909603738030035,-0.0674743002448658,0.15123229976887606,20
credit,abrupt_group_mag1.0,lr,per_subgroup_baseline_relative[maj_neg],DI_star,0.38037593984962403,0.27324863090483636,0.645656060246744,0.40069089198023516,20
credit,abrupt_group_mag1.0,lr,per_subgroup_baseline_relative[maj_neg],AOD_star,0.4269172932330827,0.2432392533876946,0.6478933516056518,0.41605900750505587,20
credit,abrupt_group_mag1.0,lr,per_subgroup_baseline_relative[maj_neg],BalAcc,0.022330827067669173,0.22883704145694306,-0.027654295678157526,0.1990089295224248,20
credit,abrupt_group_mag1.0,lr,per_subgroup_ewma[maj_pos],DI_star,0.5987969924812029,0.10454491804576954,0.7894328533473479,0.09139792021912947,20
credit,abrupt_group_mag1.0,lr,per_subgroup_ewma[maj_pos],AOD_star,0.587593984962406,0.10798194060518851,0.7989027243039073,0.07619608665612268,20
credit,abrupt_group_mag1.0,lr,per_subgroup_ewma[maj_pos],BalAcc,-0.0730075187969925,0.13890738854564813,-0.080775344081334,0.1201169596886537,20
credit,abrupt_group_mag1.0,lr,per_subgroup_baseline_relative[maj_pos],DI_star,0.5742105263157894,0.1252734247387909,0.8971374053057046,0.09570574351069008,20
credit,abrupt_group_mag1.0,lr,per_subgroup_baseline_relative[maj_pos],AOD_star,0.5896992481203007,0.11708799761689821,0.9088694761967325,0.09632349339440469,20
credit,abrupt_group_mag1.0,lr,per_subgroup_baseline_relative[maj_pos],BalAcc,-0.0948872180451128,0.18462766947447443,-0.08257933502216329,0.174114475456627,20
credit,abrupt_group_mag1.0,xgb,global_mean,DI_star,-0.5179251401035413,0.11427065394529541,-0.9775897096712176,0.007831678726293555,20
credit,abrupt_group_mag1.0,xgb,global_mean,AOD_star,-0.5631578947368421,0.13191193097263823,-0.980643920741507,0.005917982268985446,20
credit,abrupt_group_mag1.0,xgb,global_mean,BalAcc,-0.4140601503759399,0.2087385288309484,-0.44196056451835525,0.15295069490964097,20
credit,abrupt_group_mag1.0,xgb,global_ewma,DI_star,-0.590408775371975,0.08381641021339047,-0.8389255742347785,0.013996057402418764,20
credit,abrupt_group_mag1.0,xgb,global_ewma,AOD_star,-0.5418045112781955,0.08948581455650056,-0.835225948568748,0.016954673321463498,20
credit,abrupt_group_mag1.0,xgb,global_ewma,BalAcc,-0.2748120300751879,0.2095362730281128,-0.32371736269787343,0.17826295830592917,20
credit,abrupt_group_mag1.0,xgb,global_std,DI_star,-0.5534936598608741,0.1333018162239902,-0.9832595101433281,0.007662454304739361,20
credit,abrupt_group_mag1.0,xgb,global_std,AOD_star,-0.5844360902255639,0.14300212271311888,-0.9862075828915497,0.0043978787815164575,20
credit,abrupt_group_mag1.0,xgb,global_std,BalAcc,-0.4166917293233082,0.21686999914445582,-0.4391415855044973,0.15221882686148946,20
credit,abrupt_group_mag1.0,xgb,subgroup_violation_diff,DI_star,0.2237189692317157,0.5327754269415858,0.38647797048940796,0.874906768224263,20
credit,abrupt_group_mag1.0,xgb,subgroup_violation_diff,AOD_star,0.2354135338345865,0.5547562807796802,0.3875183715008119,0.8794068598990987,20
credit,abrupt_group_mag1.0,xgb,subgroup_violation_diff,BalAcc,0.18323308270676691,0.4107725376353578,0.19776189474204825,0.4324422899871527,20
credit,abrupt_group_mag1.0,xgb,max_subgroup_deviation,DI_star,-0.5657866808278035,0.11805726596163858,-0.9746565814239302,0.010693383145794539,20
credit,abrupt_group_mag1.0,xgb,max_subgroup_deviation,AOD_star,-0.5941353383458646,0.11717547587982048,-0.9785027978578782,0.006499167540481039,20
credit,abrupt_group_mag1.0,xgb,max_subgroup_deviation,BalAcc,-0.40827067669172923,0.20274642078842708,-0.44863874618553545,0.1534335106766718,20
credit,abrupt_group_mag1.0,xgb,assignment_proportion_drift,DI_star,-0.5029187168714412,0.14512171986091918,-0.9348542728975984,0.028151034717222884,20
credit,abrupt_group_mag1.0,xgb,assignment_proportion_drift,AOD_star,-0.5164070955305301,0.11473487749652592,-0.9358197983967956,0.026753437888827912,20
credit,abrupt_group_mag1.0,xgb,assignment_proportion_drift,BalAcc,-0.3215164796352636,0.20319554814537477,-0.4115662461508031,0.16268688176570006,20
credit,abrupt_group_mag1.0,xgb,ks_statistic,DI_star,-0.5330003987787252,0.10136515086619506,-0.9776708251760395,0.007416698347391847,20
credit,abrupt_group_mag1.0,xgb,ks_statistic,AOD_star,-0.5781203007518796,0.12688421601539926,-0.9809118855255509,0.005550657369345053,20
credit,abrupt_group_mag1.0,xgb,ks_statistic,BalAcc,-0.4130827067669173,0.21341948648571563,-0.4423563095126788,0.15492700210134783,20
credit,abrupt_group_mag1.0,xgb,kl_divergence,DI_star,-0.5469452642336038,0.07893502333194084,-0.8758932596934967,0.043142343917847305,20
credit,abrupt_group_mag1.0,xgb,kl_divergence,AOD_star,-0.5662406015037593,0.09988005130198112,-0.875820073927469,0.045214629322183765,20
credit,abrupt_group_mag1.0,xgb,kl_divergence,BalAcc,-0.30067669172932326,0.20082169099583036,-0.3704674975129882,0.1734317556747917,20
credit,abrupt_group_mag1.0,xgb,per_subgroup_ewma[min_neg],DI_star,-0.5205758078710463,0.19473363630978135,-0.7055604275324282,0.23821390826937933,20
credit,abrupt_group_mag1.0,xgb,per_subgroup_ewma[min_neg],AOD_star,-0.48577007993562676,0.12652111752645107,-0.7015145817773055,0.22931831354999252,20
credit,abrupt_group_mag1.0,xgb,per_subgroup_ewma[min_neg],BalAcc,-0.2541675975202079,0.1939507116286253,-0.2821323212481647,0.16942528045769958,20
credit,abrupt_group_mag1.0,xgb,per_subgroup_baseline_relative[min_neg],DI_star,-0.41056336046026926,0.2145550617691221,-0.5929897643412817,0.2518536303210317,20
credit,abrupt_group_mag1.0,xgb,per_subgroup_baseline_relative[min_neg],AOD_star,-0.42217367455812405,0.17944386289340442,-0.5976844235212685,0.24403117254075074,20
credit,abrupt_group_mag1.0,xgb,per_subgroup_baseline_relative[min_neg],BalAcc,-0.2562809022007062,0.20373556952949828,-0.2864155158418392,0.19762458079289769,20
credit,abrupt_group_mag1.0,xgb,per_subgroup_ewma[min_pos],DI_star,-0.5758590971515695,0.10276439857430456,-0.8169814726675921,0.05791787612719977,20
credit,abrupt_group_mag1.0,xgb,per_subgroup_ewma[min_pos],AOD_star,-0.5412030075187969,0.11205469780381318,-0.8159539409716817,0.05871263900682139,20
credit,abrupt_group_mag1.0,xgb,per_subgroup_ewma[min_pos],BalAcc,-0.2699248120300752,0.21652386103115565,-0.3295630372303723,0.1892624720692853,20
credit,abrupt_group_mag1.0,xgb,per_subgroup_baseline_relative[min_pos],DI_star,-0.4666445406360082,0.19090902798937545,-0.780212890063443,0.2622655674722248,20
credit,abrupt_group_mag1.0,xgb,per_subgroup_baseline_relative[min_pos],AOD_star,-0.49270676691729315,0.16007253924075654,-0.7861916594281306,0.2556220313266904,20
credit,abrupt_group_mag1.0,xgb,per_subgroup_baseline_relative[min_pos],BalAcc,-0.2943609022556391,0.2182554728076276,-0.3418451986672091,0.20005702438052575,20
credit,abrupt_group_mag1.0,xgb,per_subgroup_ewma[maj_neg],DI_star,-0.4645442551283579,0.3228795898722047,-0.6188666242573377,0.4687138806753917,20
credit,abrupt_group_mag1.0,xgb,per_subgroup_ewma[maj_neg],AOD_star,-0.4276691729323308,0.2954932751375822,-0.6162843996570332,0.46453107470824906,20
credit,abrupt_group_mag1.0,xgb,per_subgroup_ewma[maj_neg],BalAcc,-0.21616541353383453,0.24878874416282468,-0.24281672567351104,0.24152233592477954,20
credit,abrupt_group_mag1.0,xgb,per_subgroup_baseline_relative[maj_neg],DI_star,-0.43326897269631326,0.26154378801686323,-0.6716467732392187,0.41979960746518524,20
credit,abrupt_group_mag1.0,xgb,per_subgroup_baseline_relative[maj_neg],AOD_star,-0.4133082706766917,0.26974034998112,-0.6738890308662209,0.41842875155784776,20
credit,abrupt_group_mag1.0,xgb,per_subgroup_baseline_relative[maj_neg],BalAcc,-0.19842105263157891,0.26479767309605917,-0.2722182637197449,0.24497165076980926,20
credit,abrupt_group_mag1.0,xgb,per_subgroup_ewma[maj_pos],DI_star,-0.5865736798279436,0.08386019736120111,-0.8340522786875857,0.02000571352919012,20
credit,abrupt_group_mag1.0,xgb,per_subgroup_ewma[maj_pos],AOD_star,-0.5395488721804511,0.08902662051279885,-0.8302728712530627,0.02126671099028453,20
credit,abrupt_group_mag1.0,xgb,per_subgroup_ewma[maj_pos],BalAcc,-0.2764661654135338,0.20308340269288078,-0.321840974392005,0.1791149153256289,20
credit,abrupt_group_mag1.0,xgb,per_subgroup_baseline_relative[maj_pos],DI_star,-0.5366137484969765,0.1341517476793228,-0.9508302056568322,0.04987445402830378,20
credit,abrupt_group_mag1.0,xgb,per_subgroup_baseline_relative[maj_pos],AOD_star,-0.56796992481203,0.10771694240010316,-0.954400859388922,0.04899600245539701,20
credit,abrupt_group_mag1.0,xgb,per_subgroup_baseline_relative[maj_pos],BalAcc,-0.40473684210526306,0.19898224564852166,-0.44037539522227603,0.16067853017656314,20
credit,abrupt_group_mag2.0,lr,global_mean,DI_star,0.22488721804511283,0.40912743983659733,0.3273236108929711,0.53799644331021,20
credit,abrupt_group_mag2.0,lr,global_mean,AOD_star,0.5600751879699246,0.11437716463789582,0.9745857600015349,0.008021804935070915,20
credit,abrupt_group_mag2.0,lr,global_mean,BalAcc,-0.20827067669172933,0.16623956430781336,-0.28828978716795817,0.19432270924625852,20
credit,abrupt_group_mag2.0,lr,global_ewma,DI_star,0.21819548872180455,0.407972973336096,0.2687410431642367,0.47465248581677766,20
credit,abrupt_group_mag2.0,lr,global_ewma,AOD_star,0.5696240601503758,0.08428380270547976,0.8334961207278273,0.027323233066162453,20
credit,abrupt_group_mag2.0,lr,global_ewma,BalAcc,-0.20789473684210527,0.17007237920072865,-0.2678098714538405,0.17226680140917341,20
credit,abrupt_group_mag2.0,lr,global_std,DI_star,0.20255639097744357,0.40236541260934505,0.3255238290787073,0.5426900873927375,20
credit,abrupt_group_mag2.0,lr,global_std,AOD_star,0.54796992481203,0.10765110950253613,0.9783012474763113,0.007298401447496311,20
credit,abrupt_group_mag2.0,lr,global_std,BalAcc,-0.21774436090225557,0.18552856684421773,-0.28744706048615004,0.19829021948650236,20
credit,abrupt_group_mag2.0,lr,subgroup_violation_diff,DI_star,0.05654135338345863,0.4672646269046422,0.10699915831394421,0.5316298792104607,20
credit,abrupt_group_mag2.0,lr,subgroup_violation_diff,AOD_star,0.22488721804511275,0.4651557037241466,0.37170045704645693,0.772269828968173,20
credit,abrupt_group_mag2.0,lr,subgroup_violation_diff,BalAcc,-0.008872180451127813,0.2619322262584231,-0.05120794051439849,0.29815227267213007,20
credit,abrupt_group_mag2.0,lr,max_subgroup_deviation,DI_star,0.20699248120300745,0.43660075767988327,0.3279925445447823,0.5372800595006716,20
credit,abrupt_group_mag2.0,lr,max_subgroup_deviation,AOD_star,0.54,0.10483575960331927,0.9681847234652976,0.009884582675770632,20
credit,abrupt_group_mag2.0,lr,max_subgroup_deviation,BalAcc,-0.20714285714285713,0.18343514887112103,-0.2863454370781658,0.19388941225686873,20
credit,abrupt_group_mag2.0,lr,assignment_proportion_drift,DI_star,0.27521781046844074,0.4070696252979076,0.3281102993210401,0.5174010943862917,20
credit,abrupt_group_mag2.0,lr,assignment_proportion_drift,AOD_star,0.5688188945566827,0.09580183595243714,0.9373218634347632,0.02114257724131619,20
credit,abrupt_group_mag2.0,lr,assignment_proportion_drift,BalAcc,-0.17407894026593718,0.20462993232319168,-0.25758156935405224,0.17902175555720526,20
credit,abrupt_group_mag2.0,lr,ks_statistic,DI_star,0.22578947368421048,0.4129021217366895,0.3268159851431216,0.5385304430348461,20
credit,abrupt_group_mag2.0,lr,ks_statistic,AOD_star,0.556766917293233,0.10330058195551362,0.9736095967765893,0.008161554208161961,20
credit,abrupt_group_mag2.0,lr,ks_statistic,BalAcc,-0.21609022556390972,0.1783772430523004,-0.2893963393489203,0.19758948915782762,20
credit,abrupt_group_mag2.0,lr,kl_divergence,DI_star,0.3094736842105263,0.37394889341773513,0.35433094524229175,0.509583901970005,20
credit,abrupt_group_mag2.0,lr,kl_divergence,AOD_star,0.6048120300751879,0.09694129324799294,0.9622334064362412,0.010198101575921601,20
credit,abrupt_group_mag2.0,lr,kl_divergence,BalAcc,-0.22263157894736843,0.1862079676120656,-0.2842691324091782,0.20332969659089195,20
credit,abrupt_group_mag2.0,lr,per_subgroup_ewma[min_neg],DI_star,0.06319952123564151,0.3914941403614583,0.07044778623994577,0.47309967370267575,20
credit,abrupt_group_mag2.0,lr,per_subgroup_ewma[min_neg],AOD_star,0.19498367409216116,0.4334886654858532,0.33384388020320804,0.5860243264888024,20
credit,abrupt_group_mag2.0,lr,per_subgroup_ewma[min_neg],BalAcc,-0.07839244838393684,0.2203275204554584,-0.08822937953403558,0.23985008015615467,20
credit,abrupt_group_mag2.0,lr,per_subgroup_baseline_relative[min_neg],DI_star,0.06622188016196283,0.2943863679653494,0.05181277442418568,0.32702356835186447,20
credit,abrupt_group_mag2.0,lr,per_subgroup_baseline_relative[min_neg],AOD_star,0.11377174176931007,0.2760662511756224,0.15667786501700426,0.33617209151742145,20
credit,abrupt_group_mag2.0,lr,per_subgroup_baseline_relative[min_neg],BalAcc,0.031189832071915724,0.23997717451900466,-0.0008787159657259347,0.24627689324674826,20
credit,abrupt_group_mag2.0,lr,per_subgroup_ewma[min_pos],DI_star,0.2155639097744361,0.4078017703557107,0.26408021138099996,0.4766595235266046,20
credit,abrupt_group_mag2.0,lr,per_subgroup_ewma[min_pos],AOD_star,0.5650375939849624,0.08772200139050196,0.8186907896138413,0.07226038476392999,20
credit,abrupt_group_mag2.0,lr,per_subgroup_ewma[min_pos],BalAcc,-0.2000751879699248,0.16885984395113862,-0.2587615406471274,0.18407364334268173,20
credit,abrupt_group_mag2.0,lr,per_subgroup_baseline_relative[min_pos],DI_star,0.20518796992481203,0.390699286536876,0.3376124332746643,0.5255058853532357,20
credit,abrupt_group_mag2.0,lr,per_subgroup_baseline_relative[min_pos],AOD_star,0.5426315789473685,0.12255526084630461,0.9314435295379836,0.1732665409985209,20
credit,abrupt_group_mag2.0,lr,per_subgroup_baseline_relative[min_pos],BalAcc,-0.17353383458646615,0.19397645257314958,-0.263675099803897,0.2107859811402919,20
credit,abrupt_group_mag2.0,lr,per_subgroup_ewma[maj_neg],DI_star,0.14285714285714285,0.3511559937819947,0.11543012775616215,0.3861161631481683,20
credit,abrupt_group_mag2.0,lr,per_subgroup_ewma[maj_neg],AOD_star,0.17240601503759395,0.3487776236260996,0.19666967212117567,0.5284434205637318,20
credit,abrupt_group_mag2.0,lr,per_subgroup_ewma[maj_neg],BalAcc,-0.08721804511278194,0.27921657763152896,-0.070386245658592,0.24679482699558722,20
credit,abrupt_group_mag2.0,lr,per_subgroup_baseline_relative[maj_neg],DI_star,0.15218045112781955,0.22995849416691716,0.17091734856520607,0.2002994252563714,20
credit,abrupt_group_mag2.0,lr,per_subgroup_baseline_relative[maj_neg],AOD_star,0.1240601503759398,0.2663316672051983,0.14987605937714377,0.3093697933459923,20
credit,abrupt_group_mag2.0,lr,per_subgroup_baseline_relative[maj_neg],BalAcc,-0.043984962406015016,0.24983045865143627,-0.012217847824876494,0.23422921546134035,20
credit,abrupt_group_mag2.0,lr,per_subgroup_ewma[maj_pos],DI_star,0.22157894736842101,0.41649636710469423,0.27003919073859467,0.47596664935932614,20
credit,abrupt_group_mag2.0,lr,per_subgroup_ewma[maj_pos],AOD_star,0.5696992481203007,0.09185406900432226,0.8351160401135388,0.03187029662148289,20
credit,abrupt_group_mag2.0,lr,per_subgroup_ewma[maj_pos],BalAcc,-0.21624060150375937,0.1662355514887768,-0.26353100066196566,0.1751878770767832,20
credit,abrupt_group_mag2.0,lr,per_subgroup_baseline_relative[maj_pos],DI_star,0.23097744360902256,0.43109988868667737,0.3149708714581985,0.5275334486836875,20
credit,abrupt_group_mag2.0,lr,per_subgroup_baseline_relative[maj_pos],AOD_star,0.5489473684210525,0.11440879304518398,0.9513482439361743,0.05757843628522657,20
credit,abrupt_group_mag2.0,lr,per_subgroup_baseline_relative[maj_pos],BalAcc,-0.22834586466165407,0.20732162093822143,-0.2835599253152875,0.2135270179668382,20
credit,abrupt_group_mag2.0,xgb,global_mean,DI_star,-0.5180381624563095,0.11712718873775554,-0.9779139297256354,0.00772543529060114,20
credit,abrupt_group_mag2.0,xgb,global_mean,AOD_star,-0.5590977443609022,0.12758368330728945,-0.9808458599126137,0.00585795529099549,20
credit,abrupt_group_mag2.0,xgb,global_mean,BalAcc,-0.4096240601503759,0.20032332957717905,-0.44154969257303256,0.15294428155205697,20
credit,abrupt_group_mag2.0,xgb,global_ewma,DI_star,-0.5900703870841578,0.08350651752352019,-0.8392434281764949,0.013822555858808297,20
credit,abrupt_group_mag2.0,xgb,global_ewma,AOD_star,-0.54203007518797,0.08894768620564947,-0.8355255757826974,0.016848919268150398,20
credit,abrupt_group_mag2.0,xgb,global_ewma,BalAcc,-0.2754135338345864,0.2089875423694501,-0.32369202918344864,0.1781740318121229,20
credit,abrupt_group_mag2.0,xgb,global_std,DI_star,-0.5543571195256038,0.129607488545306,-0.9835876744161789,0.0074932881332770125,20
credit,abrupt_group_mag2.0,xgb,global_std,AOD_star,-0.5757894736842105,0.1335080073919298,-0.9863370661990138,0.004278347962116919,20
credit,abrupt_group_mag2.0,xgb,global_std,BalAcc,-0.402406015037594,0.21516868605239928,-0.43816165109101385,0.15213416409640781,20
credit,abrupt_group_mag2.0,xgb,subgroup_violation_diff,DI_star,-0.2405946877724161,0.49197458539750993,-0.3766850154261595,0.7798907458551463,20
credit,abrupt_group_mag2.0,xgb,subgroup_violation_diff,AOD_star,-0.17308270676691728,0.5016339180217743,-0.375053945662811,0.7811353423272401,20
credit,abrupt_group_mag2.0,xgb,subgroup_violation_diff,BalAcc,-0.02015037593984963,0.3709769864463781,-0.10136375551758525,0.3955754352857987,20
credit,abrupt_group_mag2.0,xgb,max_subgroup_deviation,DI_star,-0.5286799894236738,0.13167884275852673,-0.972465234792986,0.01045360869891083,20
credit,abrupt_group_mag2.0,xgb,max_subgroup_deviation,AOD_star,-0.5297744360902256,0.12933563501315384,-0.9745525935102108,0.00899307667659313,20
credit,abrupt_group_mag2.0,xgb,max_subgroup_deviation,BalAcc,-0.3446616541353383,0.18593703727476174,-0.43528815683410904,0.1524582977553505,20
credit,abrupt_group_mag2.0,xgb,assignment_proportion_drift,DI_star,-0.4910831524944187,0.1118612064092521,-0.9363734338517482,0.01902040610519836,20
credit,abrupt_group_mag2.0,xgb,assignment_proportion_drift,AOD_star,-0.5365572243238571,0.1288536399849111,-0.9388196264330585,0.021606970722014517,20
credit,abrupt_group_mag2.0,xgb,assignment_proportion_drift,BalAcc,-0.3443171848632113,0.18023893476348868,-0.4237758934300461,0.14580791691286366,20
credit,abrupt_group_mag2.0,xgb,ks_statistic,DI_star,-0.5519109226905625,0.09939100938992315,-0.9777784388254747,0.007545907838335342,20
credit,abrupt_group_mag2.0,xgb,ks_statistic,AOD_star,-0.5797744360902255,0.13455955962402585,-0.9807002495624377,0.0059592241336350465,20
credit,abrupt_group_mag2.0,xgb,ks_statistic,BalAcc,-0.4046616541353383,0.22333631883801358,-0.4405045223837779,0.15577416640638905,20
credit,abrupt_group_mag2.0,xgb,kl_divergence,DI_star,-0.5202181327883669,0.14192673959671656,-0.9590824680152135,0.010788808531245163,20
credit,abrupt_group_mag2.0,xgb,kl_divergence,AOD_star,-0.5658646616541353,0.13417385400703497,-0.9623264508768425,0.013485690374801107,20
credit,abrupt_group_mag2.0,xgb,kl_divergence,BalAcc,-0.373984962406015,0.21310244468465941,-0.43521878931986935,0.16131833506202006,20
credit,abrupt_group_mag2.0,xgb,per_subgroup_ewma[min_neg],DI_star,-0.2634903827176564,0.4377818527140453,-0.346516315637007,0.5897593473470453,20
credit,abrupt_group_mag2.0,xgb,per_subgroup_ewma[min_neg],AOD_star,-0.25036770325680313,0.42587415852449717,-0.3453784078855521,0.5939735766076294,20
credit,abrupt_group_mag2.0,xgb,per_subgroup_ewma[min_neg],BalAcc,-0.1494413773213698,0.28642511752682853,-0.15687966956070792,0.32212164713122043,20
credit,abrupt_group_mag2.0,xgb,per_subgroup_baseline_relative[min_neg],DI_star,-0.047967991881867046,0.2697806083960229,-0.15986655278231005,0.3313110771102599,20
credit,abrupt_group_mag2.0,xgb,per_subgroup_baseline_relative[min_neg],AOD_star,-0.10122191433571552,0.2854580159808627,-0.16145780586948782,0.3392354668498016,20
credit,abrupt_group_mag2.0,xgb,per_subgroup_baseline_relative[min_neg],BalAcc,-0.0918646631734789,0.22246160999621614,-0.11815954618470106,0.19090991564610912,20
credit,abrupt_group_mag2.0,xgb,per_subgroup_ewma[min_pos],DI_star,-0.5865362979587586,0.08623002673970795,-0.8248617659846544,0.07010071974540628,20
credit,abrupt_group_mag2.0,xgb,per_subgroup_ewma[min_pos],AOD_star,-0.5375939849624061,0.0948257131791023,-0.8221791339300599,0.06832988986119685,20
credit,abrupt_group_mag2.0,xgb,per_subgroup_ewma[min_pos],BalAcc,-0.2690977443609023,0.21034012980758943,-0.3188825371951936,0.18070164845262196,20
credit,abrupt_group_mag2.0,xgb,per_subgroup_baseline_relative[min_pos],DI_star,-0.5270664601143303,0.14811397357426362,-0.9346641673817111,0.17717097654948644,20
credit,abrupt_group_mag2.0,xgb,per_subgroup_baseline_relative[min_pos],AOD_star,-0.48571428571428565,0.1669470948130114,-0.9372817936598228,0.17302656647046818,20
credit,abrupt_group_mag2.0,xgb,per_subgroup_baseline_relative[min_pos],BalAcc,-0.2825563909774436,0.22550971780093676,-0.4054165529479663,0.17602426910537217,20
credit,abrupt_group_mag2.0,xgb,per_subgroup_ewma[maj_neg],DI_star,-0.1765595387761129,0.43310193720136325,-0.197852075088134,0.5434483592122558,20
credit,abrupt_group_mag2.0,xgb,per_subgroup_ewma[maj_neg],AOD_star,-0.19,0.3909700042669913,-0.19923382010527158,0.5397446926781237,20
credit,abrupt_group_mag2.0,xgb,per_subgroup_ewma[maj_neg],BalAcc,-0.13345864661654133,0.259977723141901,-0.1265705797636301,0.2828325966932359,20
credit,abrupt_group_mag2.0,xgb,per_subgroup_baseline_relative[maj_neg],DI_star,-0.09805243784680316,0.285703367683726,-0.14817667702813303,0.3114686997022109,20
credit,abrupt_group_mag2.0,xgb,per_subgroup_baseline_relative[maj_neg],AOD_star,-0.16729323308270677,0.22600351898371826,-0.15548499554451622,0.30599337288723316,20
credit,abrupt_group_mag2.0,xgb,per_subgroup_baseline_relative[maj_neg],BalAcc,-0.12150375939849625,0.19318632593083543,-0.11445396184864517,0.1952255555938455,20
credit,abrupt_group_mag2.0,xgb,per_subgroup_ewma[maj_pos],DI_star,-0.581686857732282,0.07641063276240659,-0.8389399943269764,0.017449118026520386,20
credit,abrupt_group_mag2.0,xgb,per_subgroup_ewma[maj_pos],AOD_star,-0.5387218045112782,0.0857180780060698,-0.8352871421637154,0.020590342356542612,20
credit,abrupt_group_mag2.0,xgb,per_subgroup_ewma[maj_pos],BalAcc,-0.280375939849624,0.20973183872351292,-0.32902696838867995,0.1775700999420324,20
credit,abrupt_group_mag2.0,xgb,per_subgroup_baseline_relative[maj_pos],DI_star,-0.524356440755116,0.14836330322168725,-0.9503808763213936,0.07175382198616569,20
credit,abrupt_group_mag2.0,xgb,per_subgroup_baseline_relative[maj_pos],AOD_star,-0.5800751879699247,0.10861981613931143,-0.9548058905065113,0.07553947732427926,20
credit,abrupt_group_mag2.0,xgb,per_subgroup_baseline_relative[maj_pos],BalAcc,-0.4142105263157895,0.20572147186586617,-0.4444844725645189,0.15858612942110356,20
credit,abrupt_global_mag0.5,lr,global_mean,DI_star,-0.5076691729323307,0.1297522175806571,-0.9786051236825513,0.042478197205773074,20
credit,abrupt_global_mag0.5,lr,global_mean,AOD_star,-0.2488721804511278,0.3446029618438436,-0.34054971212955976,0.38504985034109734,20
credit,abrupt_global_mag0.5,lr,global_mean,BalAcc,-0.17872180451127817,0.2166302423030186,-0.35606345385358495,0.2071261252792325,20
credit,abrupt_global_mag0.5,lr,global_ewma,DI_star,-0.5530075187969925,0.12619836557856756,-0.8367208469164767,0.025657854767480715,20
credit,abrupt_global_mag0.5,lr,global_ewma,AOD_star,-0.2604511278195488,0.28033947262324466,-0.2929177079470066,0.33115940870381444,20
credit,abrupt_global_mag0.5,lr,global_ewma,BalAcc,-0.2165413533834586,0.17681614560625353,-0.2879893223826405,0.16326035511066575,20
credit,abrupt_global_mag0.5,lr,global_std,DI_star,-0.0906015037593985,0.45650402410118773,-0.12492756163231619,0.7314262211576364,20
credit,abrupt_global_mag0.5,lr,global_std,AOD_star,-0.16676691729323306,0.2953105127536875,-0.17269335958833623,0.3806119275904964,20
credit,abrupt_global_mag0.5,lr,global_std,BalAcc,0.05669172932330826,0.22671041955894608,0.0642858621328776,0.27736760085002204,20
credit,abrupt_global_mag0.5,lr,subgroup_violation_diff,DI_star,-0.5978195488721803,0.11943814326312513,-0.9530418506449909,0.04194642697483035,20
credit,abrupt_global_mag0.5,lr,subgroup_violation_diff,AOD_star,-0.2796992481203008,0.29543993168912464,-0.343024946103864,0.3852692349608042,20
credit,abrupt_global_mag0.5,lr,subgroup_violation_diff,BalAcc,-0.281954887218045,0.2710655102109765,-0.35845324163957154,0.2157702708494037,20
credit,abrupt_global_mag0.5,lr,max_subgroup_deviation,DI_star,-0.5509496235204283,0.1268989427032814,-0.9780265600891344,0.04087443118543533,20
credit,abrupt_global_mag0.5,lr,max_subgroup_deviation,AOD_star,-0.26002753683053426,0.30701509831286666,-0.3426340819044595,0.38489241350756004,20
credit,abrupt_global_mag0.5,lr,max_subgroup_deviation,BalAcc,-0.20679094119476918,0.20429187289644254,-0.3579597898443713,0.2070455808585747,20
credit,abrupt_global_mag0.5,lr,assignment_proportion_drift,DI_star,-0.6471487633286814,0.12190314436206133,-0.9789745957645716,0.04157251777982675,20
credit,abrupt_global_mag0.5,lr,assignment_proportion_drift,AOD_star,-0.22250549007153775,0.3774952747290477,-0.339983296018715,0.3864866143967427,20
credit,abrupt_global_mag0.5,lr,assignment_proportion_drift,BalAcc,-0.2991336341742167,0.2479939137248585,-0.35853690251365966,0.20903166721985714,20
credit,abrupt_global_mag0.5,lr,ks_statistic,DI_star,-0.5813533834586465,0.10602559537894292,-0.9787498899063289,0.042545355398000494,20
credit,abrupt_global_mag0.5,lr,ks_statistic,AOD_star,-0.27150375939849625,0.30422857944120835,-0.34117737641286616,0.3849144282562798,20
credit,abrupt_global_mag0.5,lr,ks_statistic,BalAcc,-0.19736842105263158,0.18102220099974234,-0.35680378488829556,0.20677471827532157,20
credit,abrupt_global_mag0.5,lr,kl_divergence,DI_star,-0.5675939849624059,0.09527769589562948,-0.9634025221432131,0.04109228617501428,20
credit,abrupt_global_mag0.5,lr,kl_divergence,AOD_star,-0.25789473684210523,0.3429924874661993,-0.3380067551121412,0.39008881805068624,20
credit,abrupt_global_mag0.5,lr,kl_divergence,BalAcc,-0.22285714285714286,0.1859516306250222,-0.3474228367939888,0.19872570858658428,20
credit,abrupt_global_mag0.5,lr,per_subgroup_ewma[min_neg],DI_star,-0.5395084618352248,0.11335653873255426,-0.8339383032306165,0.03542606217104852,20
credit,abrupt_global_mag0.5,lr,per_subgroup_ewma[min_neg],AOD_star,-0.2635560894556501,0.270409939526021,-0.29290315520162075,0.3321329320757269,20
credit,abrupt_global_mag0.5,lr,per_subgroup_ewma[min_neg],BalAcc,-0.23704322872642386,0.16580934253942703,-0.29828792520558534,0.1680333495093984,20
credit,abrupt_global_mag0.5,lr,per_subgroup_baseline_relative[min_neg],DI_star,-0.5270335835117769,0.15099631465330637,-0.8969642283168644,0.12604830759058958,20
credit,abrupt_global_mag0.5,lr,per_subgroup_baseline_relative[min_neg],AOD_star,-0.19750868563594198,0.27402304949400447,-0.32745461717286656,0.345760693468383,20
credit,abrupt_global_mag0.5,lr,per_subgroup_baseline_relative[min_neg],BalAcc,-0.2115695706704765,0.21842610605737983,-0.31853885338560173,0.22280176055507264,20
credit,abrupt_global_mag0.5,lr,per_subgroup_ewma[min_pos],DI_star,-0.5482706766917294,0.12247693351185386,-0.8367050092009098,0.025157838153367043,20
credit,abrupt_global_mag0.5,lr,per_subgroup_ewma[min_pos],AOD_star,-0.264360902255639,0.2778423281635666,-0.29250907118936703,0.3311474964420644,20
credit,abrupt_global_mag0.5,lr,per_subgroup_ewma[min_pos],BalAcc,-0.21909774436090226,0.17475476465226858,-0.2887941281506913,0.16321269285362902,20
credit,abrupt_global_mag0.5,lr,per_subgroup_baseline_relative[min_pos],DI_star,-0.5792481203007519,0.12242079310766364,-0.9779721367612249,0.04104170478686433,20
credit,abrupt_global_mag0.5,lr,per_subgroup_baseline_relative[min_pos],AOD_star,-0.24827067669172925,0.3182119401065731,-0.34134203887636655,0.38576512261016793,20
credit,abrupt_global_mag0.5,lr,per_subgroup_baseline_relative[min_pos],BalAcc,-0.24473684210526314,0.24243748513048313,-0.35951217635834004,0.20511597859111108,20
credit,abrupt_global_mag0.5,lr,per_subgroup_ewma[maj_neg],DI_star,-0.5534586466165413,0.1262642886418802,-0.8363372504051053,0.02536528973287767,20
credit,abrupt_global_mag0.5,lr,per_subgroup_ewma[maj_neg],AOD_star,-0.2718796992481203,0.2775210683076641,-0.29316285789182694,0.3311948229524925,20
credit,abrupt_global_mag0.5,lr,per_subgroup_ewma[maj_neg],BalAcc,-0.21917293233082705,0.17442498992423192,-0.28820009967650534,0.1628852520470977,20
credit,abrupt_global_mag0.5,lr,per_subgroup_baseline_relative[maj_neg],DI_star,-0.578796992481203,0.0929840233876119,-0.9784246761450879,0.04337365939714766,20
credit,abrupt_global_mag0.5,lr,per_subgroup_baseline_relative[maj_neg],AOD_star,-0.32218045112781957,0.2871679974504143,-0.3439300297191904,0.38508689717563227,20
credit,abrupt_global_mag0.5,lr,per_subgroup_baseline_relative[maj_neg],BalAcc,-0.23864661654135336,0.14996341913605343,-0.3559980076706196,0.2044534049456673,20
credit,abrupt_global_mag0.5,lr,per_subgroup_ewma[maj_pos],DI_star,-0.5548120300751879,0.12433687524165299,-0.836431646386464,0.025723980708735383,20
credit,abrupt_global_mag0.5,lr,per_subgroup_ewma[maj_pos],AOD_star,-0.2635338345864661,0.27893252296187526,-0.29273507459073533,0.33092423507490354,20
credit,abrupt_global_mag0.5,lr,per_subgroup_ewma[maj_pos],BalAcc,-0.22263157894736843,0.1708845575982587,-0.2878500836080572,0.16308138971377875,20
credit,abrupt_global_mag0.5,lr,per_subgroup_baseline_relative[maj_pos],DI_star,-0.5118796992481203,0.11219939770256708,-0.9786165521457704,0.042496357526995224,20
credit,abrupt_global_mag0.5,lr,per_subgroup_baseline_relative[maj_pos],AOD_star,-0.2233834586466165,0.3481982325604682,-0.34019285924589737,0.38512932495400864,20
credit,abrupt_global_mag0.5,lr,per_subgroup_baseline_relative[maj_pos],BalAcc,-0.20203007518796987,0.20837910100853385,-0.3564013057829323,0.20676535624237916,20
credit,abrupt_global_mag0.5,xgb,global_mean,DI_star,0.7397392109287763,0.008127006673850393,0.9901621039858561,0.007357608025705583,20
credit,abrupt_global_mag0.5,xgb,global_mean,AOD_star,0.7418143543203746,0.009667350730649997,0.913283842523436,0.053630650578927644,20
credit,abrupt_global_mag0.5,xgb,global_mean,BalAcc,-0.7419131706723554,0.010502462965744775,-0.9964504538754255,0.0022833361584641268,20
credit,abrupt_global_mag0.5,xgb,global_ewma,DI_star,0.7382569656490634,0.00996968356428794,0.8433166082259925,0.006324354702447896,20
credit,abrupt_global_mag0.5,xgb,global_ewma,AOD_star,0.7398380272807572,0.010462873949171041,0.7778687913615585,0.04575390359863176,20
credit,abrupt_global_mag0.5,xgb,global_ewma,BalAcc,-0.741517905264432,0.011449058875124261,-0.8486907943008714,0.0021008381750186006,20
credit,abrupt_global_mag0.5,xgb,global_std,DI_star,0.12460741984787434,0.6077363027902216,0.10541194006367696,0.7462638836861277,20
credit,abrupt_global_mag0.5,xgb,global_std,AOD_star,0.12411333808796994,0.6025216677606556,0.08256538867317836,0.6927835744282218,20
credit,abrupt_global_mag0.5,xgb,global_std,BalAcc,-0.12539795066372125,0.6017996883968902,-0.10874580401960607,0.7424730060103624,20
credit,abrupt_global_mag0.5,xgb,subgroup_violation_diff,DI_star,0.7422096197282981,0.008870934954341813,0.9593939578418189,0.031198179180704243,20
credit,abrupt_global_mag0.5,xgb,subgroup_violation_diff,AOD_star,0.7391463128168911,0.010420323707885972,0.8839520475241505,0.062425383166951,20
credit,abrupt_global_mag0.5,xgb,subgroup_violation_diff,BalAcc,-0.7404309253926424,0.011271563326801442,-0.9658042777905665,0.03182716146474101,20
credit,abrupt_global_mag0.5,xgb,max_subgroup_deviation,DI_star,0.7423645834590832,0.0074302756580775925,0.9883873836064783,0.006693429674985471,20
credit,abrupt_global_mag0.5,xgb,max_subgroup_deviation,AOD_star,0.7451306966543509,0.009443989875290897,0.911987568047091,0.05430542291845743,20
credit,abrupt_global_mag0.5,xgb,max_subgroup_deviation,BalAcc,-0.7409820481235866,0.01180404959341877,-0.9945634451549953,0.0040187374554019155,20
credit,abrupt_global_mag0.5,xgb,assignment_proportion_drift,DI_star,0.7431504067229268,0.009360330175494293,0.9900972241849819,0.007047128696262632,20
credit,abrupt_global_mag0.5,xgb,assignment_proportion_drift,AOD_star,0.7431488390096909,0.00873430245592169,0.9135145119363879,0.052824888977971,20
credit,abrupt_global_mag0.5,xgb,assignment_proportion_drift,BalAcc,-0.7442388495877919,0.008931180917971767,-0.996225786100198,0.002451744345397819,20
credit,abrupt_global_mag0.5,xgb,ks_statistic,DI_star,0.7433954159520685,0.009041021205971748,0.9902358576740715,0.007333322609977992,20
credit,abrupt_global_mag0.5,xgb,ks_statistic,AOD_star,0.7430001505441449,0.010278325743041522,0.9134484629286639,0.053397965351221134,20
credit,abrupt_global_mag0.5,xgb,ks_statistic,BalAcc,-0.7387510474089678,0.01024263783034719,-0.9964305541843785,0.0022959680817427894,20
credit,abrupt_global_mag0.5,xgb,kl_divergence,DI_star,0.7416167216164128,0.010474067184732642,0.9747513183985251,0.010348005682268758,20
credit,abrupt_global_mag0.5,xgb,kl_divergence,AOD_star,0.7442847631198963,0.011581343903396046,0.9005114926944268,0.05523919212127568,20
credit,abrupt_global_mag0.5,xgb,kl_divergence,BalAcc,-0.7420119870243364,0.008602699848485726,-0.9810518976124639,0.007282670487807079,20
credit,abrupt_global_mag0.5,xgb,per_subgroup_ewma[min_neg],DI_star,0.7351158367749231,0.025686743546350407,0.8404122718405894,0.022790552993332398,20
credit,abrupt_global_mag0.5,xgb,per_subgroup_ewma[min_neg],AOD_star,0.7349662535257891,0.027312203008824126,0.7753953690099281,0.05257605037296841,20
credit,abrupt_global_mag0.5,xgb,per_subgroup_ewma[min_neg],BalAcc,-0.7409468202897493,0.020908694403342976,-0.8457530338476931,0.02298806659926422,20
credit,abrupt_global_mag0.5,xgb,per_subgroup_baseline_relative[min_neg],DI_star,0.6607610259273822,0.13351453689282217,0.8986435816341608,0.12292743487301933,20
credit,abrupt_global_mag0.5,xgb,per_subgroup_baseline_relative[min_neg],AOD_star,0.6591341120972928,0.12919611931423813,0.8282416908308695,0.12105685488568739,20
credit,abrupt_global_mag0.5,xgb,per_subgroup_baseline_relative[min_neg],BalAcc,-0.6647340018998246,0.1261251887561234,-0.9044659526519819,0.1244355837242903,20
credit,abrupt_global_mag0.5,xgb,per_subgroup_ewma[min_pos],DI_star,0.7441859467679154,0.010028277566077357,0.8431133123213159,0.007025376519109454,20
credit,abrupt_global_mag0.5,xgb,per_subgroup_ewma[min_pos],AOD_star,0.7427037014882023,0.011172804456269005,0.7777160391239598,0.04524786650414661,20
credit,abrupt_global_mag0.5,xgb,per_subgroup_ewma[min_pos],BalAcc,-0.7393439455208529,0.010768715697321966,-0.8484339742860039,0.004951817924984289,20
credit,abrupt_global_mag0.5,xgb,per_subgroup_baseline_relative[min_pos],DI_star,0.7418143543203746,0.00946318136684894,0.9887205650809714,0.007900776633649348,20
credit,abrupt_global_mag0.5,xgb,per_subgroup_baseline_relative[min_pos],AOD_star,0.7413202725604704,0.00991911433626493,0.9118754683747854,0.05334694579984295,20
credit,abrupt_global_mag0.5,xgb,per_subgroup_baseline_relative[min_pos],BalAcc,-0.7413202725604704,0.010966389250524693,-0.9949044125173444,0.003671186080563359,20
credit,abrupt_global_mag0.5,xgb,per_subgroup_ewma[maj_neg],DI_star,0.7391463128168911,0.009142515372969584,0.8428878535154389,0.0060538474853232055,20
credit,abrupt_global_mag0.5,xgb,per_subgroup_ewma[maj_neg],AOD_star,0.7381581492970826,0.009970173270482944,0.7773763032906718,0.045689569017710895,20
credit,abrupt_global_mag0.5,xgb,per_subgroup_ewma[maj_neg],BalAcc,-0.7392451291688722,0.011170619323069382,-0.8482927066495822,0.0020515828342736503,20
credit,abrupt_global_mag0.5,xgb,per_subgroup_baseline_relative[maj_neg],DI_star,0.7393439455208529,0.012387960930595743,0.9892870911178836,0.00693570550925494,20
credit,abrupt_global_mag0.5,xgb,per_subgroup_baseline_relative[maj_neg],AOD_star,0.7395415782248147,0.011172804456269022,0.9121197424214784,0.05378161336935383,20
credit,abrupt_global_mag0.5,xgb,per_subgroup_baseline_relative[maj_neg],BalAcc,-0.7376640675371782,0.009799772620013376,-0.9956651084742557,0.0022381652209758933,20
credit,abrupt_global_mag0.5,xgb,per_subgroup_ewma[maj_pos],DI_star,0.7411226398565086,0.007447370922602289,0.8429879685591735,0.00639471839589692,20
credit,abrupt_global_mag0.5,xgb,per_subgroup_ewma[maj_pos],AOD_star,0.7435930486560303,0.010304892123623764,0.7775838194544639,0.0460353499764189,20
credit,abrupt_global_mag0.5,xgb,per_subgroup_ewma[maj_pos],BalAcc,-0.7408261908005659,0.010217343203517344,-0.848361991706027,0.0021464134004073416,20
credit,abrupt_global_mag0.5,xgb,per_subgroup_baseline_relative[maj_pos],DI_star,0.7429013341921641,0.006956558887237727,0.9902625724841094,0.007307242227067339,20
credit,abrupt_global_mag0.5,xgb,per_subgroup_baseline_relative[maj_pos],AOD_star,0.7462610901595136,0.008646289630956434,0.913799738097353,0.05333921597979401,20
credit,abrupt_global_mag0.5,xgb,per_subgroup_baseline_relative[maj_pos],BalAcc,-0.7419131706723554,0.011186779201514013,-0.9964490719507273,0.002329588081894217,20
credit,abrupt_global_mag1.0,lr,global_mean,DI_star,-0.49804511278195474,0.27589768377514146,-0.8513296022757944,0.3649018918423263,20
credit,abrupt_global_mag1.0,lr,global_mean,AOD_star,0.36751879699248124,0.2833093881177777,0.7056117723849974,0.40638823534936086,20
credit,abrupt_global_mag1.0,lr,global_mean,BalAcc,-0.41383458646616533,0.0891979069617978,-0.6805760323078088,0.12991677491856835,20
credit,abrupt_global_mag1.0,lr,global_ewma,DI_star,-0.48872180451127817,0.2721384921756289,-0.7197293802671016,0.3313288007495257,20
credit,abrupt_global_mag1.0,lr,global_ewma,AOD_star,0.4666165413533833,0.3253487281376489,0.60828385298339,0.3801995581942982,20
credit,abrupt_global_mag1.0,lr,global_ewma,BalAcc,-0.4901503759398496,0.16306291195985148,-0.5847342022118504,0.11763360277045352,20
credit,abrupt_global_mag1.0,lr,global_std,DI_star,0.4087218045112781,0.32535202954415077,0.7203995718152776,0.4218515614964817,20
credit,abrupt_global_mag1.0,lr,global_std,AOD_star,-0.4266165413533834,0.30379814388494586,-0.6186232840767097,0.44424908283901215,20
credit,abrupt_global_mag1.0,lr,global_std,BalAcc,0.41150375939849626,0.2389190588755753,0.5821803452459338,0.2505221920909745,20
credit,abrupt_global_mag1.0,lr,subgroup_violation_diff,DI_star,0.09744360902255636,0.5023939749160984,0.07937904537526222,0.7125776474043506,20
credit,abrupt_global_mag1.0,lr,subgroup_violation_diff,AOD_star,-0.020827067669172923,0.47981243508739124,-0.022500518951100498,0.613262109457414,20
credit,abrupt_global_mag1.0,lr,subgroup_violation_diff,BalAcc,0.0006015037593984973,0.4362062070296131,-0.009691404435179773,0.5293824649462046,20
credit,abrupt_global_mag1.0,lr,max_subgroup_deviation,DI_star,-0.4923308270676691,0.28608302284116743,-0.8504490734393881,0.36667568958277996,20
credit,abrupt_global_mag1.0,lr,max_subgroup_deviation,AOD_star,0.40804511278195477,0.2708283931617899,0.7060959895887848,0.40607128727026714,20
credit,abrupt_global_mag1.0,lr,max_subgroup_deviation,BalAcc,-0.44097744360902247,0.10957946946286524,-0.6808446012603943,0.12944014614114402,20
credit,abrupt_global_mag1.0,lr,assignment_proportion_drift,DI_star,-0.5000069848184437,0.26261363117381514,-0.8507949023406743,0.3650642913619329,20
credit,abrupt_global_mag1.0,lr,assignment_proportion_drift,AOD_star,0.48057896140058326,0.2700775416831288,0.7060659894748814,0.40609414058890686,20
credit,abrupt_global_mag1.0,lr,assignment_proportion_drift,BalAcc,-0.5157496426004478,0.12873533746408372,-0.6809425500597712,0.12977908460487886,20
credit,abrupt_global_mag1.0,lr,ks_statistic,DI_star,-0.5027885029810074,0.28131840270446945,-0.8511799938364437,0.3652703038914503,20
credit,abrupt_global_mag1.0,lr,ks_statistic,AOD_star,0.4155454006092997,0.3015297619640934,0.7056764491623378,0.4065467041482047,20
credit,abrupt_global_mag1.0,lr,ks_statistic,BalAcc,-0.4317559698582339,0.11775350629964543,-0.6807966348282749,0.13014835725528845,20
credit,abrupt_global_mag1.0,lr,kl_divergence,DI_star,-0.3979699248120301,0.23962644293895638,-0.8447490750328374,0.36135664942442397,20
credit,abrupt_global_mag1.0,lr,kl_divergence,AOD_star,0.40842105263157896,0.21979664667233945,0.7016576592035949,0.3984286002641384,20
credit,abrupt_global_mag1.0,lr,kl_divergence,BalAcc,-0.38353383458646617,0.10551042386852078,-0.6690370956360002,0.12977746126259068,20
credit,abrupt_global_mag1.0,lr,per_subgroup_ewma[min_neg],DI_star,-0.49215157097822093,0.2597788992542459,-0.7211421205413193,0.3194270556202076,20
credit,abrupt_global_mag1.0,lr,per_subgroup_ewma[min_neg],AOD_star,0.449739373173223,0.31573913945995197,0.604926887255339,0.3809909102832132,20
credit,abrupt_global_mag1.0,lr,per_subgroup_ewma[min_neg],BalAcc,-0.4963895314222434,0.15554839138697418,-0.5807025814724909,0.11979032140917897,20
credit,abrupt_global_mag1.0,lr,per_subgroup_baseline_relative[min_neg],DI_star,-0.4921859956712159,0.28183498188992046,-0.8344045063804815,0.334841058410897,20
credit,abrupt_global_mag1.0,lr,per_subgroup_baseline_relative[min_neg],AOD_star,0.36032039094800744,0.2726707848341401,0.6613221329092125,0.3941490071147065,20
credit,abrupt_global_mag1.0,lr,per_subgroup_baseline_relative[min_neg],BalAcc,-0.4543107305280776,0.16604331701482375,-0.6431156192331654,0.14748860418138698,20
credit,abrupt_global_mag1.0,lr,per_subgroup_ewma[min_pos],DI_star,-0.4862406015037594,0.2769679378969215,-0.7201995067420313,0.3315701226802112,20
credit,abrupt_global_mag1.0,lr,per_subgroup_ewma[min_pos],AOD_star,0.46548872180451123,0.3236548151489476,0.6084859609493714,0.380191082050294,20
credit,abrupt_global_mag1.0,lr,per_subgroup_ewma[min_pos],BalAcc,-0.49270676691729315,0.1658144662593458,-0.5851429918837765,0.11741385382091984,20
credit,abrupt_global_mag1.0,lr,per_subgroup_baseline_relative[min_pos],DI_star,-0.4909022556390976,0.3028578428436408,-0.8509884053766192,0.36605048495792536,20
credit,abrupt_global_mag1.0,lr,per_subgroup_baseline_relative[min_pos],AOD_star,0.4224060150375939,0.28366853679930204,0.7057698406548581,0.40657207927676836,20
credit,abrupt_global_mag1.0,lr,per_subgroup_baseline_relative[min_pos],BalAcc,-0.47902255639097724,0.1172030451417166,-0.6809880886774113,0.130352115944731,20
credit,abrupt_global_mag1.0,lr,per_subgroup_ewma[maj_neg],DI_star,-0.4830075187969925,0.29388498963582105,-0.7237873591014765,0.32643178722347543,20
credit,abrupt_global_mag1.0,lr,per_subgroup_ewma[maj_neg],AOD_star,0.47105263157894733,0.3128140798280023,0.608728994640881,0.37100668288612104,20
credit,abrupt_global_mag1.0,lr,per_subgroup_ewma[maj_neg],BalAcc,-0.49571428571428555,0.13145409758824605,-0.5855406499479012,0.10421951457531022,20
credit,abrupt_global_mag1.0,lr,per_subgroup_baseline_relative[maj_neg],DI_star,-0.5260474379936692,0.27128266770293824,-0.8293664842565329,0.3767309922867847,20
credit,abrupt_global_mag1.0,lr,per_subgroup_baseline_relative[maj_neg],AOD_star,0.4087294313868168,0.31807783272169843,0.6668370451491994,0.3874504681444727,20
credit,abrupt_global_mag1.0,lr,per_subgroup_baseline_relative[maj_neg],BalAcc,-0.4660616151147604,0.15265196171470669,-0.635569841652101,0.1264029940295745,20
credit,abrupt_global_mag1.0,lr,per_subgroup_ewma[maj_pos],DI_star,-0.4905263157894737,0.2705587044435503,-0.7196108831483372,0.33128908817807723,20
credit,abrupt_global_mag1.0,lr,per_subgroup_ewma[maj_pos],AOD_star,0.4652631578947369,0.3272818933727659,0.6083290510202336,0.3800222659113147,20
credit,abrupt_global_mag1.0,lr,per_subgroup_ewma[maj_pos],BalAcc,-0.4933834586466165,0.16099842533927972,-0.5847265884724364,0.11760819527903794,20
credit,abrupt_global_mag1.0,lr,per_subgroup_baseline_relative[maj_pos],DI_star,-0.5123308270676692,0.24825382599942641,-0.8514971749409324,0.3644883443721382,20
credit,abrupt_global_mag1.0,lr,per_subgroup_baseline_relative[maj_pos],AOD_star,0.3898496240601503,0.2591924102345717,0.7059035855341492,0.4059413233524271,20
credit,abrupt_global_mag1.0,lr,per_subgroup_baseline_relative[maj_pos],BalAcc,-0.43165413533834573,0.10381765281987769,-0.6809763520284167,0.1296070844624398,20
credit,abrupt_global_mag1.0,xgb,global_mean,DI_star,0.7397392109287763,0.008127006673850393,0.9901966805017459,0.007321336237294209,20
credit,abrupt_global_mag1.0,xgb,global_mean,AOD_star,0.7418143543203746,0.009667350730649997,0.9133315548124694,0.05354712628490623,20
credit,abrupt_global_mag1.0,xgb,global_mean,BalAcc,-0.7419131706723554,0.010502462965744775,-0.9964722899908713,0.0022714802077970454,20
credit,abrupt_global_mag1.0,xgb,global_ewma,DI_star,0.7382569656490634,0.00996968356428794,0.8432777233847324,0.006170094938542288,20
credit,abrupt_global_mag1.0,xgb,global_ewma,AOD_star,0.7398380272807572,0.010462873949171041,0.7778404985991989,0.0456389414104753,20
credit,abrupt_global_mag1.0,xgb,global_ewma,BalAcc,-0.741517905264432,0.011449058875124261,-0.8486404315865217,0.001983223666457316,20
credit,abrupt_global_mag1.0,xgb,global_std,DI_star,-0.6494210652182633,0.2353791399373046,-0.8403402264240647,0.2978038490579403,20
credit,abrupt_global_mag1.0,xgb,global_std,AOD_star,-0.65475714822523,0.22081251809542374,-0.797714460438338,0.2639772731010607,20
credit,abrupt_global_mag1.0,xgb,global_std,BalAcc,0.6477411872345885,0.2537798427247158,0.8426838028305241,0.3133599147565921,20
credit,abrupt_global_mag1.0,xgb,subgroup_violation_diff,DI_star,-0.018676290524383993,0.6567274014360104,0.001092574839680921,0.7729630041741679,20
credit,abrupt_global_mag1.0,xgb,subgroup_violation_diff,AOD_star,-0.02470408799521696,0.6558186009111397,-0.014272706243513927,0.7342705850449744,20
credit,abrupt_global_mag1.0,xgb,subgroup_violation_diff,BalAcc,0.027273313146719512,0.6477912266260045,0.005921116994794568,0.7724223682065784,20
credit,abrupt_global_mag1.0,xgb,max_subgroup_deviation,DI_star,0.7423084360802789,0.007405295043954603,0.9902063388815019,0.007234340291131865,20
credit,abrupt_global_mag1.0,xgb,max_subgroup_deviation,AOD_star,0.745075293935743,0.009498713802919558,0.9135562372305023,0.053470074833110066,20
credit,abrupt_global_mag1.0,xgb,max_subgroup_deviation,BalAcc,-0.7409250071525467,0.011723801213391628,-0.9964023575293635,0.0024218259442328363,20
credit,abrupt_global_mag1.0,xgb,assignment_proportion_drift,DI_star,0.7435540238248892,0.008794032883385636,0.9898711861151881,0.0069804035085721285,20
credit,abrupt_global_mag1.0,xgb,assignment_proportion_drift,AOD_star,0.7435564976217506,0.00848323930973843,0.9133604948812266,0.052734977521569845,20
credit,abrupt_global_mag1.0,xgb,assignment_proportion_drift,BalAcc,-0.7446504214008584,0.008965879548811692,-0.9960525998720865,0.0026609443002593813,20
credit,abrupt_global_mag1.0,xgb,ks_statistic,DI_star,0.7438282978817414,0.00896843717199851,0.9902427501881077,0.007322717627717662,20
credit,abrupt_global_mag1.0,xgb,ks_statistic,AOD_star,0.7434335173236999,0.010267289092124843,0.9134514105184905,0.05338472568990764,20
credit,abrupt_global_mag1.0,xgb,ks_statistic,BalAcc,-0.739182439343303,0.01026950618528033,-0.9964434724008315,0.002287310166789985,20
credit,abrupt_global_mag1.0,xgb,kl_divergence,DI_star,0.7416167216164128,0.010474067184732642,0.9857536436711822,0.008021908450979958,20
credit,abrupt_global_mag1.0,xgb,kl_divergence,AOD_star,0.7442847631198963,0.011581343903396046,0.9095272689638607,0.053349542114231985,20
credit,abrupt_global_mag1.0,xgb,kl_divergence,BalAcc,-0.7420119870243364,0.008602699848485726,-0.9919948439897318,0.0030916354850514913,20
credit,abrupt_global_mag1.0,xgb,per_subgroup_ewma[min_neg],DI_star,0.7400566543739664,0.009452223244396462,0.8400338379377026,0.024146852734397192,20
credit,abrupt_global_mag1.0,xgb,per_subgroup_ewma[min_neg],AOD_star,0.7399070711248326,0.010880361300434937,0.7745596937214261,0.04558978498529312,20
credit,abrupt_global_mag1.0,xgb,per_subgroup_ewma[min_neg],BalAcc,-0.7458876378887926,0.010100976315334718,-0.8453340408242547,0.023106916042916887,20
credit,abrupt_global_mag1.0,xgb,per_subgroup_baseline_relative[min_neg],DI_star,0.6977579361552455,0.09263287586208596,0.9428374379496379,0.09318770728821388,20
credit,abrupt_global_mag1.0,xgb,per_subgroup_baseline_relative[min_neg],AOD_star,0.6962264868837685,0.08694833810746076,0.8695585692249772,0.09941469553346786,20
credit,abrupt_global_mag1.0,xgb,per_subgroup_baseline_relative[min_neg],BalAcc,-0.7016629867362474,0.09095538171190422,-0.9488742197807971,0.0941165767380412,20
credit,abrupt_global_mag1.0,xgb,per_subgroup_ewma[min_pos],DI_star,0.7441859467679154,0.010028277566077357,0.8438119682090655,0.0063481921597746275,20
credit,abrupt_global_mag1.0,xgb,per_subgroup_ewma[min_pos],AOD_star,0.7427037014882023,0.011172804456269005,0.7783946335174354,0.045508259432096854,20
credit,abrupt_global_mag1.0,xgb,per_subgroup_ewma[min_pos],BalAcc,-0.7393439455208529,0.010768715697321966,-0.8491279087402755,0.0025431277544796,20
credit,abrupt_global_mag1.0,xgb,per_subgroup_baseline_relative[min_pos],DI_star,0.7418143543203746,0.00946318136684894,0.9900934218963874,0.007251591340359873,20
credit,abrupt_global_mag1.0,xgb,per_subgroup_baseline_relative[min_pos],AOD_star,0.7413202725604704,0.00991911433626493,0.9131922315520485,0.05355587575741661,20
credit,abrupt_global_mag1.0,xgb,per_subgroup_baseline_relative[min_pos],BalAcc,-0.7413202725604704,0.010966389250524693,-0.9962926880075512,0.0023435479103602348,20
credit,abrupt_global_mag1.0,xgb,per_subgroup_ewma[maj_neg],DI_star,0.7300552084346513,0.04066818149649443,0.8395762585939497,0.03399345620701089,20
credit,abrupt_global_mag1.0,xgb,per_subgroup_ewma[maj_neg],AOD_star,0.7290670449148428,0.04151651165695514,0.7748548385613029,0.060123972897148686,20
credit,abrupt_global_mag1.0,xgb,per_subgroup_ewma[maj_neg],BalAcc,-0.7305492901945557,0.035410326481979726,-0.8449346715585764,0.03308492218841477,20
credit,abrupt_global_mag1.0,xgb,per_subgroup_baseline_relative[maj_neg],DI_star,0.660470090628246,0.18571968255323612,0.919061293663,0.15577580162467558,20
credit,abrupt_global_mag1.0,xgb,per_subgroup_baseline_relative[maj_neg],AOD_star,0.6606671518411454,0.18743816249868364,0.8509204805356365,0.1622479887082283,20
credit,abrupt_global_mag1.0,xgb,per_subgroup_baseline_relative[maj_neg],BalAcc,-0.6588001618550103,0.18615933194725479,-0.9252631323168778,0.1578009214094936,20
credit,abrupt_global_mag1.0,xgb,per_subgroup_ewma[maj_pos],DI_star,0.7411226398565086,0.007447370922602289,0.8431552988563888,0.0060873843463889145,20
credit,abrupt_global_mag1.0,xgb,per_subgroup_ewma[maj_pos],AOD_star,0.7435930486560303,0.010304892123623764,0.7777343450537042,0.045690472563272716,20
credit,abrupt_global_mag1.0,xgb,per_subgroup_ewma[maj_pos],BalAcc,-0.7408261908005659,0.010217343203517344,-0.8485161568397237,0.00188576939788335,20
credit,abrupt_global_mag1.0,xgb,per_subgroup_baseline_relative[maj_pos],DI_star,0.7429013341921641,0.006956558887237727,0.9902739559246984,0.007278455776914285,20
credit,abrupt_global_mag1.0,xgb,per_subgroup_baseline_relative[maj_pos],AOD_star,0.7462610901595136,0.008646289630956434,0.9137182354835078,0.053298392872308774,20
credit,abrupt_global_mag1.0,xgb,per_subgroup_baseline_relative[maj_pos],BalAcc,-0.7419131706723554,0.011186779201514013,-0.9964739248363372,0.00229272676425638,20
credit,abrupt_global_mag2.0,lr,global_mean,DI_star,-0.11015037593984962,0.3860861989232961,-0.10630628864565476,0.4187500551131069,20
credit,abrupt_global_mag2.0,lr,global_mean,AOD_star,0.5252631578947369,0.11472324242660972,0.9884858728368053,0.0071898014295060965,20
credit,abrupt_global_mag2.0,lr,global_mean,BalAcc,-0.557593984962406,0.09339738130687707,-0.9274986709842452,0.03799724840104245,20
credit,abrupt_global_mag2.0,lr,global_ewma,DI_star,-0.11030075187969923,0.3523752294568736,-0.06362574425120396,0.40573741094384846,20
credit,abrupt_global_mag2.0,lr,global_ewma,AOD_star,0.5682706766917291,0.09814711701081218,0.8416691706804211,0.01781205462343914,20
credit,abrupt_global_mag2.0,lr,global_ewma,BalAcc,-0.5720300751879698,0.12861969810173626,-0.7902646667271636,0.04503451924115502,20
credit,abrupt_global_mag2.0,lr,global_std,DI_star,0.09082706766917295,0.3402002316826805,0.10795455661408038,0.41489432947282934,20
credit,abrupt_global_mag2.0,lr,global_std,AOD_star,-0.5575939849624061,0.13054208005701226,-0.9807936232514679,0.010312237327217689,20
credit,abrupt_global_mag2.0,lr,global_std,BalAcc,0.5621804511278194,0.11018285851215748,0.9251955959118977,0.03631684559167493,20
credit,abrupt_global_mag2.0,lr,subgroup_violation_diff,DI_star,-0.003909774436090233,0.3354409634283341,-0.033165267926740204,0.3139058200885735,20
credit,abrupt_global_mag2.0,lr,subgroup_violation_diff,AOD_star,-0.08458646616541352,0.47637139090706915,-0.17430355289964722,0.7218072843204769,20
credit,abrupt_global_mag2.0,lr,subgroup_violation_diff,BalAcc,0.09052631578947368,0.4718519522025226,0.16646723823969597,0.6815943113538772,20
credit,abrupt_global_mag2.0,lr,max_subgroup_deviation,DI_star,-0.05413533834586465,0.4134176186664312,-0.10549325597432439,0.41910386871600885,20
credit,abrupt_global_mag2.0,lr,max_subgroup_deviation,AOD_star,0.5613533834586465,0.12070055745083014,0.9886141331962788,0.007071858298366747,20
credit,abrupt_global_mag2.0,lr,max_subgroup_deviation,BalAcc,-0.5562406015037593,0.08305177527844239,-0.9275504258114579,0.03795874323598203,20
credit,abrupt_global_mag2.0,lr,assignment_proportion_drift,DI_star,-0.1406747851718526,0.32778311515363995,-0.10641625108907098,0.4183659373660895,20
credit,abrupt_global_mag2.0,lr,assignment_proportion_drift,AOD_star,0.559776225393149,0.12118060292463659,0.988159008135409,0.007448709592755293,20
credit,abrupt_global_mag2.0,lr,assignment_proportion_drift,BalAcc,-0.5674248143237905,0.1221565338008709,-0.9268581019644644,0.03840555156714449,20
credit,abrupt_global_mag2.0,lr,ks_statistic,DI_star,-0.061891069718482974,0.3611589775178065,-0.1061664100594546,0.4186774055360329,20
credit,abrupt_global_mag2.0,lr,ks_statistic,AOD_star,0.5411962987843829,0.10484331783068507,0.988493946749464,0.007180690244474394,20
credit,abrupt_global_mag2.0,lr,ks_statistic,BalAcc,-0.5299768456917211,0.10497230492722492,-0.9275544497545216,0.037984253498244226,20
credit,abrupt_global_mag2.0,lr,kl_divergence,DI_star,-0.148796992481203,0.3115172795100139,-0.10643760391462867,0.41962623095321705,20
credit,abrupt_global_mag2.0,lr,kl_divergence,AOD_star,0.5309022556390978,0.12843943010905431,0.9868612528343584,0.008116361025893745,20
credit,abrupt_global_mag2.0,lr,kl_divergence,BalAcc,-0.47684210526315784,0.10236603947428324,-0.9253992268808812,0.038008567952015716,20
credit,abrupt_global_mag2.0,lr,per_subgroup_ewma[min_neg],DI_star,-0.1157551491719131,0.3349461306910327,-0.0741485614317153,0.3878664069067099,20
credit,abrupt_global_mag2.0,lr,per_subgroup_ewma[min_neg],AOD_star,0.5175362146741189,0.13746594121255754,0.7956845649249997,0.0879887666252797,20
credit,abrupt_global_mag2.0,lr,per_subgroup_ewma[min_neg],BalAcc,-0.5331729621257414,0.15425247810746126,-0.7468888944198737,0.09279579763554786,20
credit,abrupt_global_mag2.0,lr,per_subgroup_baseline_relative[min_neg],DI_star,-0.06891370193380106,0.2834600746534945,-0.08279892367983331,0.3647700013618118,20
credit,abrupt_global_mag2.0,lr,per_subgroup_baseline_relative[min_neg],AOD_star,0.35684606638729593,0.3271568565299038,0.7852493403424783,0.2429004841652544,20
credit,abrupt_global_mag2.0,lr,per_subgroup_baseline_relative[min_neg],BalAcc,-0.3927611323573631,0.32930303938345806,-0.7286288836340725,0.22663557990071398,20
credit,abrupt_global_mag2.0,lr,per_subgroup_ewma[min_pos],DI_star,-0.11330827067669173,0.3459732667013116,-0.06723078727155626,0.40221956353438915,20
credit,abrupt_global_mag2.0,lr,per_subgroup_ewma[min_pos],AOD_star,0.5605263157894737,0.10025111215421244,0.8421598161184434,0.017736706184220397,20
credit,abrupt_global_mag2.0,lr,per_subgroup_ewma[min_pos],BalAcc,-0.5757894736842105,0.12617329951068343,-0.7912118547234239,0.04438670632663059,20
credit,abrupt_global_mag2.0,lr,per_subgroup_baseline_relative[min_pos],DI_star,-0.03842105263157895,0.39145906570722183,-0.1229311424870723,0.4079105553782322,20
credit,abrupt_global_mag2.0,lr,per_subgroup_baseline_relative[min_pos],AOD_star,0.5670676691729324,0.113613874092158,0.9807545779892692,0.034102232922992685,20
credit,abrupt_global_mag2.0,lr,per_subgroup_baseline_relative[min_pos],BalAcc,-0.5378947368421052,0.08665243095220088,-0.9219769824616485,0.04144247396841394,20
credit,abrupt_global_mag2.0,lr,per_subgroup_ewma[maj_neg],DI_star,-0.07015037593984963,0.3472894077373412,-0.06494333707133014,0.37188411310123326,20
credit,abrupt_global_mag2.0,lr,per_subgroup_ewma[maj_neg],AOD_star,0.46308270676691715,0.2902693780477233,0.6683355555308048,0.38598399194687494,20
credit,abrupt_global_mag2.0,lr,per_subgroup_ewma[maj_neg],BalAcc,-0.4629323308270676,0.3230809744818398,-0.6330365292937132,0.3533667430430329,20
credit,abrupt_global_mag2.0,lr,per_subgroup_baseline_relative[maj_neg],DI_star,-0.12544020188388033,0.35060122782103464,-0.1354877585725431,0.38378202276965734,20
credit,abrupt_global_mag2.0,lr,per_subgroup_baseline_relative[maj_neg],AOD_star,0.19271705019177948,0.49409258368495407,0.6190829601655745,0.49763846168724596,20
credit,abrupt_global_mag2.0,lr,per_subgroup_baseline_relative[maj_neg],BalAcc,-0.20487095739650235,0.47706755126994826,-0.5933505368773787,0.4516668023003284,20
credit,abrupt_global_mag2.0,lr,per_subgroup_ewma[maj_pos],DI_star,-0.1124812030075188,0.35180276776142866,-0.06356885608665896,0.40568460934147094,20
credit,abrupt_global_mag2.0,lr,per_subgroup_ewma[maj_pos],AOD_star,0.5666165413533835,0.09942977224552224,0.8415215596931576,0.017670685744528094,20
credit,abrupt_global_mag2.0,lr,per_subgroup_ewma[maj_pos],BalAcc,-0.5745864661654134,0.1263819196747233,-0.790135283214589,0.044991425499350104,20
credit,abrupt_global_mag2.0,lr,per_subgroup_baseline_relative[maj_pos],DI_star,-0.07135338345864659,0.40422005756530327,-0.10593622400484323,0.41864889682481116,20
credit,abrupt_global_mag2.0,lr,per_subgroup_baseline_relative[maj_pos],AOD_star,0.5466917293233082,0.13152649867667976,0.98856435177798,0.007049729250291093,20
credit,abrupt_global_mag2.0,lr,per_subgroup_baseline_relative[maj_pos],BalAcc,-0.5554135338345864,0.08318831106981843,-0.9276099829032134,0.03800345421589284,20
credit,abrupt_global_mag2.0,xgb,global_mean,DI_star,0.7397392109287763,0.008127006673850393,0.9902067865373867,0.007313944370400933,20
credit,abrupt_global_mag2.0,xgb,global_mean,AOD_star,0.7418143543203746,0.009667350730649997,0.9133492037449562,0.05351814586640699,20
credit,abrupt_global_mag2.0,xgb,global_mean,BalAcc,-0.7419131706723554,0.010502462965744775,-0.9964803859996133,0.002265991525079083,20
credit,abrupt_global_mag2.0,xgb,global_ewma,DI_star,0.7382569656490634,0.00996968356428794,0.8433420583671121,0.006194662035264654,20
credit,abrupt_global_mag2.0,xgb,global_ewma,AOD_star,0.7398380272807572,0.010462873949171041,0.7779021292879464,0.04559864326941934,20
credit,abrupt_global_mag2.0,xgb,global_ewma,BalAcc,-0.741517905264432,0.011449058875124261,-0.848701282574851,0.001951181317717004,20
credit,abrupt_global_mag2.0,xgb,global_std,DI_star,-0.7427037014882024,0.009714205299011779,-0.9855286206371139,0.009111323520969486,20
credit,abrupt_global_mag2.0,xgb,global_std,AOD_star,-0.7430989668961259,0.009661793765331175,-0.9168382196512,0.04618715940946883,20
credit,abrupt_global_mag2.0,xgb,global_std,BalAcc,0.7425060687842407,0.009643584945066598,0.9907357432870763,0.007426032232879337,20
credit,abrupt_global_mag2.0,xgb,subgroup_violation_diff,DI_star,-0.12510150160777864,0.6084661627276036,-0.17234992731736784,0.740366613987415,20
credit,abrupt_global_mag2.0,xgb,subgroup_violation_diff,AOD_star,-0.12806599216720466,0.6055369296311773,-0.16313458027852923,0.7009169414798117,20
credit,abrupt_global_mag2.0,xgb,subgroup_violation_diff,BalAcc,0.136070116677655,0.6081971947906337,0.17714632763229396,0.7380835133136853,20
credit,abrupt_global_mag2.0,xgb,max_subgroup_deviation,DI_star,0.7423084360802789,0.007405295043954603,0.9902004407409952,0.0072158882851497816,20
credit,abrupt_global_mag2.0,xgb,max_subgroup_deviation,AOD_star,0.745075293935743,0.009498713802919558,0.9135257968612226,0.05347915235273184,20
credit,abrupt_global_mag2.0,xgb,max_subgroup_deviation,BalAcc,-0.7409250071525467,0.011723801213391628,-0.9964010397758978,0.0024203785223166777,20
credit,abrupt_global_mag2.0,xgb,assignment_proportion_drift,DI_star,0.7456156542847034,0.009248575621252135,0.9901145877092217,0.006926225018376301,20
credit,abrupt_global_mag2.0,xgb,assignment_proportion_drift,AOD_star,0.7456123018878651,0.00846062930565977,0.9136830006478123,0.05275697660213324,20
credit,abrupt_global_mag2.0,xgb,assignment_proportion_drift,BalAcc,-0.7467159961164723,0.00950265396859268,-0.9963141055269835,0.0025055556490659603,20
credit,abrupt_global_mag2.0,xgb,ks_statistic,DI_star,0.7439692929717246,0.009047071369524384,0.9902451429323627,0.007318429181931357,20
credit,abrupt_global_mag2.0,xgb,ks_statistic,AOD_star,0.7435754427543805,0.010410682297615225,0.9134516057180473,0.053377986690008136,20
credit,abrupt_global_mag2.0,xgb,ks_statistic,BalAcc,-0.7393237376870403,0.010426422941959725,-0.9964491441239888,0.002283838482891078,20
credit,abrupt_global_mag2.0,xgb,kl_divergence,DI_star,0.7416167216164128,0.010474067184732642,0.988774986455604,0.006915869070835852,20
credit,abrupt_global_mag2.0,xgb,kl_divergence,AOD_star,0.7442847631198963,0.011581343903396046,0.9120800184642531,0.05312723848308143,20
credit,abrupt_global_mag2.0,xgb,kl_divergence,BalAcc,-0.7420119870243364,0.008602699848485726,-0.9950242187876297,0.0021111278441538327,20
credit,abrupt_global_mag2.0,xgb,per_subgroup_ewma[min_neg],DI_star,0.7084354217400888,0.06856500213883544,0.8026031166048808,0.0709158191745834,20
credit,abrupt_global_mag2.0,xgb,per_subgroup_ewma[min_neg],AOD_star,0.7083846548429358,0.06558713839897974,0.7403960163907426,0.07950722454691474,20
credit,abrupt_global_mag2.0,xgb,per_subgroup_ewma[min_neg],BalAcc,-0.7145628543108576,0.07274600611194003,-0.8078340344509798,0.07262707968916204,20
credit,abrupt_global_mag2.0,xgb,per_subgroup_baseline_relative[min_neg],DI_star,0.5134524247572921,0.31987439015601343,0.7938105358683527,0.2249218170583637,20
credit,abrupt_global_mag2.0,xgb,per_subgroup_baseline_relative[min_neg],AOD_star,0.5114085443588351,0.3142144095891056,0.7322263489374248,0.2138066846002072,20
credit,abrupt_global_mag2.0,xgb,per_subgroup_baseline_relative[min_neg],BalAcc,-0.5172731143735565,0.317339498904154,-0.7992649841519541,0.22748389146382117,20
credit,abrupt_global_mag2.0,xgb,per_subgroup_ewma[min_pos],DI_star,0.7441859467679154,0.010028277566077357,0.844092568579845,0.006915084246594152,20
credit,abrupt_global_mag2.0,xgb,per_subgroup_ewma[min_pos],AOD_star,0.7427037014882023,0.011172804456269005,0.7786184317316721,0.0450581609395434,20
credit,abrupt_global_mag2.0,xgb,per_subgroup_ewma[min_pos],BalAcc,-0.7393439455208529,0.010768715697321966,-0.8494060440732657,0.002618118446422788,20
credit,abrupt_global_mag2.0,xgb,per_subgroup_baseline_relative[min_pos],DI_star,0.7368735367213312,0.02366873389026888,0.9833839451059483,0.029584522006269837,20
credit,abrupt_global_mag2.0,xgb,per_subgroup_baseline_relative[min_pos],AOD_star,0.736379454961427,0.026473931626342793,0.9074372318879769,0.06488465957506281,20
credit,abrupt_global_mag2.0,xgb,per_subgroup_baseline_relative[min_pos],BalAcc,-0.7363794549614269,0.025389457425946435,-0.9896055128769357,0.0307807915430761,20
credit,abrupt_global_mag2.0,xgb,per_subgroup_ewma[maj_neg],DI_star,0.5776803936801531,0.35536377111807477,0.6665403198487581,0.3923004469987208,20
credit,abrupt_global_mag2.0,xgb,per_subgroup_ewma[maj_neg],AOD_star,0.5766922301603444,0.35660333821501333,0.6198591714850561,0.36875309182067756,20
credit,abrupt_global_mag2.0,xgb,per_subgroup_ewma[maj_neg],BalAcc,-0.5784709244960002,0.35949932092010606,-0.6716212010933129,0.39486978786712273,20
credit,abrupt_global_mag2.0,xgb,per_subgroup_baseline_relative[maj_neg],DI_star,0.2637048411560733,0.6239314279856603,0.6227329509592604,0.4965735852248631,20
credit,abrupt_global_mag2.0,xgb,per_subgroup_baseline_relative[maj_neg],AOD_star,0.2637158022561069,0.6263248924977686,0.5840925579049496,0.45974392112263524,20
credit,abrupt_global_mag2.0,xgb,per_subgroup_baseline_relative[maj_neg],BalAcc,-0.26156285156464,0.6283796786054799,-0.6265194016280959,0.5021166295844506,20
credit,abrupt_global_mag2.0,xgb,per_subgroup_ewma[maj_pos],DI_star,0.7411226398565086,0.007447370922602289,0.8431765118714122,0.0062463868149292305,20
credit,abrupt_global_mag2.0,xgb,per_subgroup_ewma[maj_pos],AOD_star,0.7435930486560303,0.010304892123623764,0.7777598936931415,0.04573403741612045,20
credit,abrupt_global_mag2.0,xgb,per_subgroup_ewma[maj_pos],BalAcc,-0.7408261908005659,0.010217343203517344,-0.8485324790128065,0.0019653564351770165,20
credit,abrupt_global_mag2.0,xgb,per_subgroup_baseline_relative[maj_pos],DI_star,0.7429013341921641,0.006956558887237727,0.9902746960946873,0.007263998774844586,20
credit,abrupt_global_mag2.0,xgb,per_subgroup_baseline_relative[maj_pos],AOD_star,0.7462610901595136,0.008646289630956434,0.9136885984361764,0.053306469584381275,20
credit,abrupt_global_mag2.0,xgb,per_subgroup_baseline_relative[maj_pos],BalAcc,-0.7419131706723554,0.011186779201514013,-0.996479604515397,0.0022766465205702204,20
credit,variance_group_mag1.5,lr,global_mean,DI_star,0.19172932330827067,0.21683016454249632,0.19536933894154956,0.2372223587624337,20
credit,variance_group_mag1.5,lr,global_mean,AOD_star,0.19774436090225564,0.21970460024461747,0.19719872325623836,0.23095573995577284,20
credit,variance_group_mag1.5,lr,global_mean,BalAcc,-0.005263157894736843,0.11287665197323772,-0.013509823879939802,0.1430040870658784,20
credit,variance_group_mag1.5,lr,global_ewma,DI_star,0.19165413533834588,0.2274912520783487,0.19076535647320644,0.2296519211736976,20
credit,variance_group_mag1.5,lr,global_ewma,AOD_star,0.18248120300751877,0.23134509968284753,0.19140124263183528,0.24160111142459062,20
credit,variance_group_mag1.5,lr,global_ewma,BalAcc,-0.002481203007518795,0.1318765913849215,-0.020615146096694504,0.1343416422640356,20
credit,variance_group_mag1.5,lr,global_std,DI_star,0.17977443609022553,0.22290435864019595,0.19148005301830442,0.20855636555267393,20
credit,variance_group_mag1.5,lr,global_std,AOD_star,0.18789473684210523,0.21580413091087422,0.2047660647947525,0.23378364820856737,20
credit,variance_group_mag1.5,lr,global_std,BalAcc,0.009624060150375934,0.11591380884231356,-0.0015215026063272214,0.1318984946149506,20
credit,variance_group_mag1.5,lr,subgroup_violation_diff,DI_star,0.09661654135338346,0.2776824674270549,0.10081738561671597,0.29939154610384294,20
credit,variance_group_mag1.5,lr,subgroup_violation_diff,AOD_star,0.051203007518796986,0.3028160274784403,0.04245649994121716,0.2865145164447535,20
credit,variance_group_mag1.5,lr,subgroup_violation_diff,BalAcc,0.009172932330827064,0.17070808892757208,0.02728707029776815,0.17362677870283882,20
credit,variance_group_mag1.5,lr,max_subgroup_deviation,DI_star,0.1433834586466165,0.21800428707765995,0.1581495226984539,0.23805023665691225,20
credit,variance_group_mag1.5,lr,max_subgroup_deviation,AOD_star,0.1712781954887218,0.24536354164263027,0.18016420586417428,0.2489523921675138,20
credit,variance_group_mag1.5,lr,max_subgroup_deviation,BalAcc,-0.017894736842105265,0.140691861119175,-0.018532701499513964,0.1662786005817307,20
credit,variance_group_mag1.5,lr,assignment_proportion_drift,DI_star,0.1623118002837605,0.20100854497454626,0.18198664475437304,0.23499629106579484,20
credit,variance_group_mag1.5,lr,assignment_proportion_drift,AOD_star,0.11310213657213268,0.25815904487768676,0.12951134685623752,0.250638338751758,20
credit,variance_group_mag1.5,lr,assignment_proportion_drift,BalAcc,-0.00691961236558294,0.17275907950984606,-0.023624328984536626,0.19900575798707065,20
credit,variance_group_mag1.5,lr,ks_statistic,DI_star,0.18706766917293233,0.25712984181984644,0.17408371502682185,0.2426834100542435,20
credit,variance_group_mag1.5,lr,ks_statistic,AOD_star,0.1489473684210526,0.2579438235579752,0.1384946378869602,0.2523141078437916,20
credit,variance_group_mag1.5,lr,ks_statistic,BalAcc,-0.06436090225563909,0.1469616912929061,-0.042108377242585336,0.19835330538891546,20
credit,variance_group_mag1.5,lr,kl_divergence,DI_star,0.2127067669172932,0.20694017348144703,0.14828264239481584,0.21185411860745407,20
credit,variance_group_mag1.5,lr,kl_divergence,AOD_star,0.14992481203007518,0.2111982295891274,0.12897851114479134,0.2141588204676954,20
credit,variance_group_mag1.5,lr,kl_divergence,BalAcc,-0.01947368421052631,0.12322156772067341,-0.04252570916950648,0.20567548303433303,20
credit,variance_group_mag1.5,lr,per_subgroup_ewma[min_neg],DI_star,0.12578096738272498,0.2554240210642366,0.12763130606183587,0.25879444013957453,20
credit,variance_group_mag1.5,lr,per_subgroup_ewma[min_neg],AOD_star,0.14778757657137742,0.2778763901817117,0.16372437889085548,0.25703459489293073,20
credit,variance_group_mag1.5,lr,per_subgroup_ewma[min_neg],BalAcc,0.0033800575029036537,0.2309142594299898,0.01955288683131908,0.223918246475611,20
credit,variance_group_mag1.5,lr,per_subgroup_baseline_relative[min_neg],DI_star,0.1535781447979533,0.2222740963048347,0.147662153840243,0.23103073325825513,20
credit,variance_group_mag1.5,lr,per_subgroup_baseline_relative[min_neg],AOD_star,0.08578475082342234,0.21887403823781587,0.14514654298634977,0.17812506444364218,20
credit,variance_group_mag1.5,lr,per_subgroup_baseline_relative[min_neg],BalAcc,0.0076781417201204445,0.2201401169823593,0.038247915817037105,0.17685178807880428,20
credit,variance_group_mag1.5,lr,per_subgroup_ewma[min_pos],DI_star,0.22157894736842101,0.22994505878193655,0.23084139293211176,0.22216079176331016,20
credit,variance_group_mag1.5,lr,per_subgroup_ewma[min_pos],AOD_star,0.19428571428571428,0.24325817118522525,0.21147168975171912,0.24378381002135863,20
credit,variance_group_mag1.5,lr,per_subgroup_ewma[min_pos],BalAcc,-0.0054135338345864675,0.1511711305910585,-0.007911778740033692,0.18067749610121417,20
credit,variance_group_mag1.5,lr,per_subgroup_baseline_relative[min_pos],DI_star,0.19315789473684206,0.2445930534026941,0.19302138232718263,0.26949040018624965,20
credit,variance_group_mag1.5,lr,per_subgroup_baseline_relative[min_pos],AOD_star,0.18022556390977443,0.21376259852306567,0.17414536859703997,0.2148594768482004,20
credit,variance_group_mag1.5,lr,per_subgroup_baseline_relative[min_pos],BalAcc,0.004285714285714285,0.14814302714854857,0.0112181893339767,0.17459674537330683,20
credit,variance_group_mag1.5,lr,per_subgroup_ewma[maj_neg],DI_star,0.059022556390977435,0.21724867508910656,0.05526843436953009,0.18256454532882208,20
credit,variance_group_mag1.5,lr,per_subgroup_ewma[maj_neg],AOD_star,0.013533834586466162,0.2323699993742569,0.0366219854485779,0.2179536166134502,20
credit,variance_group_mag1.5,lr,per_subgroup_ewma[maj_neg],BalAcc,0.06338345864661656,0.20521124959892853,0.07740522519531289,0.1811587433848884,20
credit,variance_group_mag1.5,lr,per_subgroup_baseline_relative[maj_neg],DI_star,0.052857142857142866,0.2183349253665141,0.051974620935834805,0.19100283004917917,20
credit,variance_group_mag1.5,lr,per_subgroup_baseline_relative[maj_neg],AOD_star,-0.0318796992481203,0.15545308705841362,-0.018161436254285575,0.14387326952526366,20
credit,variance_group_mag1.5,lr,per_subgroup_baseline_relative[maj_neg],BalAcc,0.045037593984962404,0.21516819999241424,0.07829496605546658,0.20382009957189892,20
credit,variance_group_mag1.5,lr,per_subgroup_ewma[maj_pos],DI_star,0.19278195488721805,0.225587768161782,0.17678959323537421,0.23316482387108695,20
credit,variance_group_mag1.5,lr,per_subgroup_ewma[maj_pos],AOD_star,0.18421052631578944,0.22833609769145208,0.18342604851941624,0.23298171595799272,20
credit,variance_group_mag1.5,lr,per_subgroup_ewma[maj_pos],BalAcc,-0.010601503759398495,0.13005517252237508,-0.011940817103712555,0.12009448766222522,20
credit,variance_group_mag1.5,lr,per_subgroup_baseline_relative[maj_pos],DI_star,0.1553383458646616,0.23181079108358194,0.16156181582590162,0.2450048806244338,20
credit,variance_group_mag1.5,lr,per_subgroup_baseline_relative[maj_pos],AOD_star,0.1732330827067669,0.22151177317836349,0.17905731644696285,0.22998107240185647,20
credit,variance_group_mag1.5,lr,per_subgroup_baseline_relative[maj_pos],BalAcc,0.0062406015037594,0.14398233178460296,-0.013568903096400992,0.16744305367148596,20
credit,variance_group_mag1.5,xgb,global_mean,DI_star,-0.3230075187969924,0.21338637288911635,-0.2918977210180783,0.18632204935781485,20
credit,variance_group_mag1.5,xgb,global_mean,AOD_star,-0.5172180451127819,0.14785287487937684,-0.5156859667370453,0.13129588122070315,20
credit,variance_group_mag1.5,xgb,global_mean,BalAcc,-0.28045112781954884,0.15983448672482503,-0.30519572628412306,0.1468305412970035,20
credit,variance_group_mag1.5,xgb,global_ewma,DI_star,-0.33999999999999997,0.21074580395159528,-0.3763372868944789,0.17619357518051898,20
credit,variance_group_mag1.5,xgb,global_ewma,AOD_star,-0.5442857142857143,0.12826060569196124,-0.5433398578208067,0.13224916877980997,20
credit,variance_group_mag1.5,xgb,global_ewma,BalAcc,-0.2798496240601504,0.16948102271773857,-0.27113288304333016,0.1531793506739244,20
credit,variance_group_mag1.5,xgb,global_std,DI_star,-0.3315037593984962,0.20691995703391133,-0.36669942540673384,0.1714487538724898,20
credit,variance_group_mag1.5,xgb,global_std,AOD_star,-0.5393233082706768,0.1457966471923241,-0.5348234157971434,0.1354022743795684,20
credit,variance_group_mag1.5,xgb,global_std,BalAcc,-0.27157894736842103,0.16684574772306682,-0.2688986453772404,0.15246099991416023,20
credit,variance_group_mag1.5,xgb,subgroup_violation_diff,DI_star,-0.044210526315789485,0.35463875589374666,-0.032614292787652946,0.3538185024173891,20
credit,variance_group_mag1.5,xgb,subgroup_violation_diff,AOD_star,-0.10315789473684212,0.4532719472837008,-0.09170410318137931,0.47828047237074334,20
credit,variance_group_mag1.5,xgb,subgroup_violation_diff,BalAcc,-0.02526315789473684,0.28138251678633186,-0.027726457830529672,0.27651849395692846,20
credit,variance_group_mag1.5,xgb,max_subgroup_deviation,DI_star,-0.3113533834586466,0.21441598731023653,-0.31799135603537426,0.2025310475453814,20
credit,variance_group_mag1.5,xgb,max_subgroup_deviation,AOD_star,-0.49609022556390975,0.12369725917867797,-0.503175228897339,0.1246362779920031,20
credit,variance_group_mag1.5,xgb,max_subgroup_deviation,BalAcc,-0.2948120300751879,0.16302199738712483,-0.29513260476412667,0.13666694959255227,20
credit,variance_group_mag1.5,xgb,assignment_proportion_drift,DI_star,-0.039252984822581646,0.23427562108060862,0.029994687869737024,0.184359368151178,20
credit,variance_group_mag1.5,xgb,assignment_proportion_drift,AOD_star,-0.20532367452471684,0.19209651284631712,-0.2660584064321895,0.15277710439301462,20
credit,variance_group_mag1.5,xgb,assignment_proportion_drift,BalAcc,-0.16573269736376928,0.14473640856656972,-0.2537268290145883,0.16309774970744978,20
credit,variance_group_mag1.5,xgb,ks_statistic,DI_star,-0.35766917293233086,0.18925472191042134,-0.10853449311016397,0.17434896547854895,20
credit,variance_group_mag1.5,xgb,ks_statistic,AOD_star,-0.5145112781954886,0.15885086449488295,-0.40381965657509733,0.13652635008422914,20
credit,variance_group_mag1.5,xgb,ks_statistic,BalAcc,-0.30932330827067667,0.19039286529900243,-0.3175173235304944,0.17032868195317005,20
credit,variance_group_mag1.5,xgb,kl_divergence,DI_star,-0.20646616541353385,0.2116549232747523,-0.265373192334883,0.1671253779142797,20
credit,variance_group_mag1.5,xgb,kl_divergence,AOD_star,-0.4095488721804511,0.21677633188488174,-0.34277192232096204,0.18436946858193498,20
credit,variance_group_mag1.5,xgb,kl_divergence,BalAcc,-0.24804511278195482,0.2014344370713172,-0.15560460895055453,0.20123058336689287,20
credit,variance_group_mag1.5,xgb,per_subgroup_ewma[min_neg],DI_star,-0.0903446455402486,0.2622376210782344,-0.14022244399646272,0.2222807913984558,20
credit,variance_group_mag1.5,xgb,per_subgroup_ewma[min_neg],AOD_star,-0.16463716270057333,0.38819714835640823,-0.14791458801194154,0.34338535477306753,20
credit,variance_group_mag1.5,xgb,per_subgroup_ewma[min_neg],BalAcc,-0.047740657493238775,0.2662025333369722,-0.04128056306841628,0.24140308133008767,20
credit,variance_group_mag1.5,xgb,per_subgroup_baseline_relative[min_neg],DI_star,-0.10744180940845023,0.19567435501779007,-0.141099118434942,0.17161855273304708,20
credit,variance_group_mag1.5,xgb,per_subgroup_baseline_relative[min_neg],AOD_star,-0.22297189804423612,0.21931898262052282,-0.17724451630443191,0.21423270999299232,20
credit,variance_group_mag1.5,xgb,per_subgroup_baseline_relative[min_neg],BalAcc,-0.12272972069890882,0.18778868009660732,-0.09588949209680582,0.16456113458408847,20
credit,variance_group_mag1.5,xgb,per_subgroup_ewma[min_pos],DI_star,-0.2956390977443609,0.23621729256178076,-0.3162935051130786,0.20616654723744812,20
credit,variance_group_mag1.5,xgb,per_subgroup_ewma[min_pos],AOD_star,-0.48699248120300753,0.17291289527920037,-0.47141655696309526,0.1398424797967022,20
credit,variance_group_mag1.5,xgb,per_subgroup_ewma[min_pos],BalAcc,-0.2753383458646616,0.15724743794885102,-0.250903487083194,0.16050739592403504,20
credit,variance_group_mag1.5,xgb,per_subgroup_baseline_relative[min_pos],DI_star,-0.22218045112781953,0.27912621184543474,-0.22400554582550888,0.23797593700083253,20
credit,variance_group_mag1.5,xgb,per_subgroup_baseline_relative[min_pos],AOD_star,-0.39375939849624053,0.25972466145558365,-0.38332131118440504,0.24719849612488407,20
credit,variance_group_mag1.5,xgb,per_subgroup_baseline_relative[min_pos],BalAcc,-0.2411278195488722,0.1880302309275424,-0.2368798243773474,0.1768812799933617,20
credit,variance_group_mag1.5,xgb,per_subgroup_ewma[maj_neg],DI_star,-0.07097744360902256,0.3074699301210709,-0.11530967200260892,0.27870251398851853,20
credit,variance_group_mag1.5,xgb,per_subgroup_ewma[maj_neg],AOD_star,-0.15781954887218042,0.3987717801826264,-0.16876027835280097,0.3806480820971791,20
credit,variance_group_mag1.5,xgb,per_subgroup_ewma[maj_neg],BalAcc,-0.14924812030075188,0.2327175772143791,-0.13352132894624832,0.21218500579334088,20
credit,variance_group_mag1.5,xgb,per_subgroup_baseline_relative[maj_neg],DI_star,0.053609022556390974,0.17872183614273096,0.017411451372872148,0.2001021775965745,20
credit,variance_group_mag1.5,xgb,per_subgroup_baseline_relative[maj_neg],AOD_star,-0.016616541353383446,0.24623548178113341,-0.028021983338847346,0.2273071261925865,20
credit,variance_group_mag1.5,xgb,per_subgroup_baseline_relative[maj_neg],BalAcc,-0.0736842105263158,0.13801857330025583,-0.058511181122479626,0.1195472425431622,20
credit,variance_group_mag1.5,xgb,per_subgroup_ewma[maj_pos],DI_star,-0.3400751879699248,0.21225939446790934,-0.3885383249842344,0.16234629246170826,20
credit,variance_group_mag1.5,xgb,per_subgroup_ewma[maj_pos],AOD_star,-0.5384210526315789,0.13713055198060617,-0.5473338100191458,0.12918024302563264,20
credit,variance_group_mag1.5,xgb,per_subgroup_ewma[maj_pos],BalAcc,-0.2836842105263157,0.17275981915175553,-0.27081823413370476,0.1524477946594227,20
credit,variance_group_mag1.5,xgb,per_subgroup_baseline_relative[maj_pos],DI_star,-0.2924812030075188,0.2305884000385704,-0.2966635337804181,0.21545680160875486,20
credit,variance_group_mag1.5,xgb,per_subgroup_baseline_relative[maj_pos],AOD_star,-0.49225563909774434,0.12402439676185491,-0.49618813603224154,0.11687747278465845,20
credit,variance_group_mag1.5,xgb,per_subgroup_baseline_relative[maj_pos],BalAcc,-0.2884210526315789,0.1602817068910541,-0.3003549015859543,0.14335098011493372,20
credit,variance_group_mag2.0,lr,global_mean,DI_star,0.2878947368421052,0.23513309890071732,0.2964057521627955,0.24008119285595067,20
credit,variance_group_mag2.0,lr,global_mean,AOD_star,0.29120300751879696,0.2205104470448549,0.2944486596030307,0.23282092725443385,20
credit,variance_group_mag2.0,lr,global_mean,BalAcc,-0.011428571428571423,0.1254106488912876,-0.03869709749536924,0.15308226121069277,20
credit,variance_group_mag2.0,lr,global_ewma,DI_star,0.29984962406015037,0.240160027301224,0.30119948119003354,0.23314849092703624,20
credit,variance_group_mag2.0,lr,global_ewma,AOD_star,0.2944360902255639,0.23082368785946175,0.3062724403964265,0.2388198704317066,20
credit,variance_group_mag2.0,lr,global_ewma,BalAcc,0.004736842105263159,0.1312018441467693,-0.025172007966447342,0.13595479490543483,20
credit,variance_group_mag2.0,lr,global_std,DI_star,0.29368421052631577,0.23056613794132064,0.30197360527181194,0.23115328570874413,20
credit,variance_group_mag2.0,lr,global_std,AOD_star,0.2975187969924812,0.22928917532248075,0.3031341394188538,0.24235921120847348,20
credit,variance_group_mag2.0,lr,global_std,BalAcc,0.009172932330827064,0.11853010851448621,-0.02821118715414348,0.14157446219253436,20
credit,variance_group_mag2.0,lr,subgroup_violation_diff,DI_star,0.11428571428571428,0.24539630265322027,0.11617507965619814,0.2441664208695157,20
credit,variance_group_mag2.0,lr,subgroup_violation_diff,AOD_star,0.11706766917293235,0.19745584887818446,0.11965764161052014,0.20806884783921004,20
credit,variance_group_mag2.0,lr,subgroup_violation_diff,BalAcc,-0.03406015037593985,0.17707510799629006,-0.024141894915059168,0.18208494095398398,20
credit,variance_group_mag2.0,lr,max_subgroup_deviation,DI_star,0.26894736842105255,0.2358924869918223,0.2793885642256314,0.24894552668045294,20
credit,variance_group_mag2.0,lr,max_subgroup_deviation,AOD_star,0.2634586466165413,0.2319563373542611,0.2677247717445876,0.23850131606653838,20
credit,variance_group_mag2.0,lr,max_subgroup_deviation,BalAcc,-0.027744360902255637,0.1331879919964735,-0.058669110709601534,0.15908815083572597,20
credit,variance_group_mag2.0,lr,assignment_proportion_drift,DI_star,0.19535470500155552,0.1857406486398349,0.24443616675070529,0.21117927244803908,20
credit,variance_group_mag2.0,lr,assignment_proportion_drift,AOD_star,0.1643882135613208,0.1821107414122547,0.20850845008218352,0.19596677800862836,20
credit,variance_group_mag2.0,lr,assignment_proportion_drift,BalAcc,-0.016805073742324636,0.215293558234557,-0.037073800776131316,0.20831713453018233,20
credit,variance_group_mag2.0,lr,ks_statistic,DI_star,0.26052631578947366,0.27967372953360753,0.2566857270524329,0.2373345040534724,20
credit,variance_group_mag2.0,lr,ks_statistic,AOD_star,0.2587218045112782,0.24086755731826212,0.2491507341599554,0.22972615031305874,20
credit,variance_group_mag2.0,lr,ks_statistic,BalAcc,-0.06421052631578947,0.16069489836015377,-0.050189035343346934,0.20044559029385967,20
credit,variance_group_mag2.0,lr,kl_divergence,DI_star,0.27924812030075186,0.23962164194962146,0.2658061937600992,0.20621868325004689,20
credit,variance_group_mag2.0,lr,kl_divergence,AOD_star,0.2645864661654135,0.2336439882745248,0.24716905227798192,0.24293628653429436,20
credit,variance_group_mag2.0,lr,kl_divergence,BalAcc,-0.00827067669172932,0.14903575732673605,-0.04840011958190355,0.17023331475467493,20
credit,variance_group_mag2.0,lr,per_subgroup_ewma[min_neg],DI_star,0.30650962775468815,0.21749378799182467,0.2980913952950437,0.22389647797146725,20
credit,variance_group_mag2.0,lr,per_subgroup_ewma[min_neg],AOD_star,0.27746362923335766,0.2570029685016777,0.2986420377041331,0.2337377303876071,20
credit,variance_group_mag2.0,lr,per_subgroup_ewma[min_neg],BalAcc,0.04443348021325104,0.18502128437518076,0.03130499903552381,0.16028987664943448,20
credit,variance_group_mag2.0,lr,per_subgroup_baseline_relative[min_neg],DI_star,0.24012780585639343,0.26676074011690826,0.23519523156819938,0.2546705469974986,20
credit,variance_group_mag2.0,lr,per_subgroup_baseline_relative[min_neg],AOD_star,0.21887386401370867,0.25629874268276875,0.2028072879605009,0.23117682527537786,20
credit,variance_group_mag2.0,lr,per_subgroup_baseline_relative[min_neg],BalAcc,0.04717132514584033,0.21080737681674286,0.04479557480869688,0.2057899898535834,20
credit,variance_group_mag2.0,lr,per_subgroup_ewma[min_pos],DI_star,0.32120300751879705,0.2504052456375364,0.31659633934592557,0.22018893476505436,20
credit,variance_group_mag2.0,lr,per_subgroup_ewma[min_pos],AOD_star,0.3119548872180451,0.2176768863801411,0.3103598718281747,0.21733270795730614,20
credit,variance_group_mag2.0,lr,per_subgroup_ewma[min_pos],BalAcc,-0.012030075187969929,0.13759850438364338,-0.01956538371210574,0.12381708262852208,20
credit,variance_group_mag2.0,lr,per_subgroup_baseline_relative[min_pos],DI_star,0.23751879699248116,0.2312229834270354,0.2543223535751582,0.24150992820743827,20
credit,variance_group_mag2.0,lr,per_subgroup_baseline_relative[min_pos],AOD_star,0.2738345864661654,0.21549291927765263,0.27511522097419916,0.21471938242954675,20
credit,variance_group_mag2.0,lr,per_subgroup_baseline_relative[min_pos],BalAcc,-0.008947368421052631,0.1204270718377282,-0.03099506745348619,0.14223214898239878,20
credit,variance_group_mag2.0,lr,per_subgroup_ewma[maj_neg],DI_star,0.17421052631578948,0.23752415220062384,0.20606947666321704,0.2150582218855363,20
credit,variance_group_mag2.0,lr,per_subgroup_ewma[maj_neg],AOD_star,0.1488721804511278,0.24204080774658485,0.1980620166047043,0.23231153734594892,20
credit,variance_group_mag2.0,lr,per_subgroup_ewma[maj_neg],BalAcc,0.06323308270676692,0.16892745766074088,0.0855899924989276,0.15034912091315655,20
credit,variance_group_mag2.0,lr,per_subgroup_baseline_relative[maj_neg],DI_star,0.13729323308270674,0.17883366577864762,0.17049871964717847,0.1774532453528592,20
credit,variance_group_mag2.0,lr,per_subgroup_baseline_relative[maj_neg],AOD_star,0.0906015037593985,0.17366362212380718,0.12209217693419246,0.19018830968018485,20
credit,variance_group_mag2.0,lr,per_subgroup_baseline_relative[maj_neg],BalAcc,0.06533834586466165,0.22684970617354272,0.07661365535064991,0.2167447379373683,20
credit,variance_group_mag2.0,lr,per_subgroup_ewma[maj_pos],DI_star,0.28969924812030073,0.24199234979631315,0.28673532975217797,0.24423321050222332,20
credit,variance_group_mag2.0,lr,per_subgroup_ewma[maj_pos],AOD_star,0.2967669172932331,0.23315656118309427,0.30156005243634915,0.24608100662450455,20
credit,variance_group_mag2.0,lr,per_subgroup_ewma[maj_pos],BalAcc,-0.0014285714285714277,0.13088018539681323,-0.03347046174338138,0.15643269114877223,20
credit,variance_group_mag2.0,lr,per_subgroup_baseline_relative[maj_pos],DI_star,0.2842105263157894,0.24239789907867296,0.2811528447349546,0.2415081523326209,20
credit,variance_group_mag2.0,lr,per_subgroup_baseline_relative[maj_pos],AOD_star,0.26939849624060147,0.2620286296763831,0.27339382708880544,0.25006472929382595,20
credit,variance_group_mag2.0,lr,per_subgroup_baseline_relative[maj_pos],BalAcc,-0.0038345864661654106,0.16446651327009915,-0.04409083053609899,0.18069772986661997,20
credit,variance_group_mag2.0,xgb,global_mean,DI_star,-0.2760902255639098,0.18448155602536392,-0.30150138347101074,0.19519543801358652,20
credit,variance_group_mag2.0,xgb,global_mean,AOD_star,-0.43699248120300743,0.15097729383211575,-0.5075748578025105,0.13533926243624259,20
credit,variance_group_mag2.0,xgb,global_mean,BalAcc,-0.2664661654135338,0.16392467339335973,-0.2940713326650481,0.14109096724799627,20
credit,variance_group_mag2.0,xgb,global_ewma,DI_star,-0.2889473684210526,0.18719375087715934,-0.33266725746577486,0.16767925871953782,20
credit,variance_group_mag2.0,xgb,global_ewma,AOD_star,-0.45999999999999996,0.13738379113242097,-0.4828689505198106,0.1383719597818316,20
credit,variance_group_mag2.0,xgb,global_ewma,BalAcc,-0.25518796992481196,0.16441124915933472,-0.23842159142865724,0.15296290030821066,20
credit,variance_group_mag2.0,xgb,global_std,DI_star,-0.2809774436090225,0.18246884164940544,-0.33824918915182506,0.17467114308996826,20
credit,variance_group_mag2.0,xgb,global_std,AOD_star,-0.45135338345864656,0.15087231984070165,-0.5026598319487705,0.1367271454518732,20
credit,variance_group_mag2.0,xgb,global_std,BalAcc,-0.24714285714285716,0.16915874627237934,-0.25487172731631696,0.14308729574186344,20
credit,variance_group_mag2.0,xgb,subgroup_violation_diff,DI_star,-0.20774436090225562,0.222046395444485,-0.19392874832248688,0.23850482702300363,20
credit,variance_group_mag2.0,xgb,subgroup_violation_diff,AOD_star,-0.23721804511278194,0.29200122008856866,-0.25767395531545634,0.31150276405071253,20
credit,variance_group_mag2.0,xgb,subgroup_violation_diff,BalAcc,-0.07736842105263157,0.2763496884735127,-0.06793131635729943,0.2811364359016029,20
credit,variance_group_mag2.0,xgb,max_subgroup_deviation,DI_star,-0.2582706766917294,0.18083847837319159,-0.28807935920185634,0.19411796431033304,20
credit,variance_group_mag2.0,xgb,max_subgroup_deviation,AOD_star,-0.42601503759398485,0.1322086756799196,-0.4821084328457304,0.12337840688403823,20
credit,variance_group_mag2.0,xgb,max_subgroup_deviation,BalAcc,-0.3142857142857142,0.1734676252683041,-0.3075332092630557,0.12103490813584188,20
credit,variance_group_mag2.0,xgb,assignment_proportion_drift,DI_star,-0.0794811817786406,0.2793392265676159,-0.05240771249221069,0.23408927929965428,20
credit,variance_group_mag2.0,xgb,assignment_proportion_drift,AOD_star,-0.2203416572236389,0.1661662650807635,-0.3310806806592671,0.15720017263179134,20
credit,variance_group_mag2.0,xgb,assignment_proportion_drift,BalAcc,-0.19519330355001846,0.17004501178458067,-0.2951553411950552,0.1675652428427373,20
credit,variance_group_mag2.0,xgb,ks_statistic,DI_star,-0.3202255639097744,0.1918377844478563,-0.18056413346942507,0.2178657041803584,20
credit,variance_group_mag2.0,xgb,ks_statistic,AOD_star,-0.45067669172932334,0.15444941410117588,-0.4587266433817255,0.1383427454123427,20
credit,variance_group_mag2.0,xgb,ks_statistic,BalAcc,-0.26067669172932334,0.17405147837245208,-0.32487265542299765,0.165489703395077,20
credit,variance_group_mag2.0,xgb,kl_divergence,DI_star,-0.2554135338345865,0.19580095077410425,-0.27219222040321456,0.14376944584444518,20
credit,variance_group_mag2.0,xgb,kl_divergence,AOD_star,-0.3972932330827067,0.1875246455244379,-0.3591933771000713,0.18093144845574718,20
credit,variance_group_mag2.0,xgb,kl_divergence,BalAcc,-0.2452631578947368,0.20288712665147324,-0.20311399603116245,0.18586897427922294,20
credit,variance_group_mag2.0,xgb,per_subgroup_ewma[min_neg],DI_star,-0.20831363800223598,0.21315107071052738,-0.20937368073173218,0.17807680528115416,20
credit,variance_group_mag2.0,xgb,per_subgroup_ewma[min_neg],AOD_star,-0.33481500987703805,0.22478679564590548,-0.32545394583145726,0.21872219221963748,20
credit,variance_group_mag2.0,xgb,per_subgroup_ewma[min_neg],BalAcc,-0.1523981741907909,0.16304866336387513,-0.12689268392830214,0.1626590952274166,20
credit,variance_group_mag2.0,xgb,per_subgroup_baseline_relative[min_neg],DI_star,-0.16776684273240056,0.21825253611597112,-0.1576540878700468,0.17668372425828172,20
credit,variance_group_mag2.0,xgb,per_subgroup_baseline_relative[min_neg],AOD_star,-0.28187987395058944,0.19669180793767405,-0.27604422879096063,0.1957038749596163,20
credit,variance_group_mag2.0,xgb,per_subgroup_baseline_relative[min_neg],BalAcc,-0.14919367546522136,0.21132414082633091,-0.12359552434543719,0.18824945779027838,20
credit,variance_group_mag2.0,xgb,per_subgroup_ewma[min_pos],DI_star,-0.30075187969924816,0.18830946776623897,-0.3269086069481419,0.14663179431252935,20
credit,variance_group_mag2.0,xgb,per_subgroup_ewma[min_pos],AOD_star,-0.471954887218045,0.1462063086761449,-0.46941630247636723,0.15490177903366195,20
credit,variance_group_mag2.0,xgb,per_subgroup_ewma[min_pos],BalAcc,-0.2545864661654135,0.18081861077875047,-0.20915589051762465,0.17022720712594525,20
credit,variance_group_mag2.0,xgb,per_subgroup_baseline_relative[min_pos],DI_star,-0.2738345864661654,0.20450127131643428,-0.32983473987238326,0.16685802953828383,20
credit,variance_group_mag2.0,xgb,per_subgroup_baseline_relative[min_pos],AOD_star,-0.43052631578947365,0.16806225207376865,-0.48833489119294626,0.15533791640939099,20
credit,variance_group_mag2.0,xgb,per_subgroup_baseline_relative[min_pos],BalAcc,-0.24383458646616535,0.20219624865233485,-0.22714941127029903,0.18068051252062195,20
credit,variance_group_mag2.0,xgb,per_subgroup_ewma[maj_neg],DI_star,-0.13421052631578947,0.2264992511952691,-0.16463108855456055,0.2147350347697311,20
credit,variance_group_mag2.0,xgb,per_subgroup_ewma[maj_neg],AOD_star,-0.23157894736842105,0.2819659145713256,-0.24244248515434014,0.2640970701606759,20
credit,variance_group_mag2.0,xgb,per_subgroup_ewma[maj_neg],BalAcc,-0.1693984962406015,0.2081570630098494,-0.1445164030556748,0.20898342271037948,20
credit,variance_group_mag2.0,xgb,per_subgroup_baseline_relative[maj_neg],DI_star,0.026015037593984963,0.13739712282099995,-0.024274844973632487,0.16524371046698288,20
credit,variance_group_mag2.0,xgb,per_subgroup_baseline_relative[maj_neg],AOD_star,-0.05563909774436089,0.25144368051879173,-0.09746182048436239,0.21745011709579268,20
credit,variance_group_mag2.0,xgb,per_subgroup_baseline_relative[maj_neg],BalAcc,-0.06857142857142857,0.17971554335152096,-0.08647799845260659,0.17657707845741083,20
credit,variance_group_mag2.0,xgb,per_subgroup_ewma[maj_pos],DI_star,-0.2823308270676691,0.19866128647601267,-0.3301828754340941,0.1748193774528815,20
credit,variance_group_mag2.0,xgb,per_subgroup_ewma[maj_pos],AOD_star,-0.4576691729323308,0.14200002070197051,-0.46938453329762425,0.12747527622611116,20
credit,variance_group_mag2.0,xgb,per_subgroup_ewma[maj_pos],BalAcc,-0.2533082706766917,0.1736952605279641,-0.23876066503337273,0.1539620645704177,20
credit,variance_group_mag2.0,xgb,per_subgroup_baseline_relative[maj_pos],DI_star,-0.23315789473684206,0.19690549362196239,-0.26233914372511646,0.1968458827266269,20
credit,variance_group_mag2.0,xgb,per_subgroup_baseline_relative[maj_pos],AOD_star,-0.40706766917293236,0.15001166404609495,-0.4613310355310771,0.1197568334629604,20
credit,variance_group_mag2.0,xgb,per_subgroup_baseline_relative[maj_pos],BalAcc,-0.2934586466165413,0.16630265145459913,-0.29619160532966593,0.1406513951751802,20
credit,variance_group_mag2.5,lr,global_mean,DI_star,0.3861654135338346,0.2157287384073353,0.3887958019798581,0.21165775521459124,20
credit,variance_group_mag2.5,lr,global_mean,AOD_star,0.4089473684210526,0.1942508377877204,0.40025516060968436,0.2053727454309989,20
credit,variance_group_mag2.5,lr,global_mean,BalAcc,-0.03428571428571428,0.12848970713316138,-0.0580253830911168,0.1492845463524375,20
credit,variance_group_mag2.5,lr,global_ewma,DI_star,0.3952631578947368,0.2145302785900089,0.4068133681442612,0.20804706648061083,20
credit,variance_group_mag2.5,lr,global_ewma,AOD_star,0.42000000000000004,0.21046621053920397,0.4236590788972264,0.21501895128789797,20
credit,variance_group_mag2.5,lr,global_ewma,BalAcc,-0.015639097744360904,0.12865046157294485,-0.04277955221817801,0.13060712567739896,20
credit,variance_group_mag2.5,lr,global_std,DI_star,0.39872180451127814,0.20724580223754716,0.40394127959304627,0.2063074938311995,20
credit,variance_group_mag2.5,lr,global_std,AOD_star,0.4204511278195488,0.2116887350023168,0.4144006486493689,0.21348696073732695,20
credit,variance_group_mag2.5,lr,global_std,BalAcc,-0.008872180451127814,0.11740779059662447,-0.050439575578835216,0.13668806110211998,20
credit,variance_group_mag2.5,lr,subgroup_violation_diff,DI_star,0.004060150375939849,0.27191242567024065,-0.013953831043701709,0.2645097097690795,20
credit,variance_group_mag2.5,lr,subgroup_violation_diff,AOD_star,0.03323308270676692,0.25220062598357906,0.008935984363334804,0.25409338973549545,20
credit,variance_group_mag2.5,lr,subgroup_violation_diff,BalAcc,-0.11616541353383458,0.18384089046189594,-0.10461500131951555,0.21693790785612244,20
credit,variance_group_mag2.5,lr,max_subgroup_deviation,DI_star,0.3759398496240601,0.1968305596365862,0.38690104339114895,0.19621736805914666,20
credit,variance_group_mag2.5,lr,max_subgroup_deviation,AOD_star,0.40142857142857136,0.19140823770241075,0.40122808463759013,0.21150996296660332,20
credit,variance_group_mag2.5,lr,max_subgroup_deviation,BalAcc,-0.04864661654135338,0.1686835193049844,-0.06376569701468415,0.13821793511384273,20
credit,variance_group_mag2.5,lr,assignment_proportion_drift,DI_star,0.24958943187641452,0.2383942239344811,0.30735353506170804,0.2038339201142859,20
credit,variance_group_mag2.5,lr,assignment_proportion_drift,AOD_star,0.23568624499329371,0.20555828167141327,0.30447503931114134,0.19056398865240118,20
credit,variance_group_mag2.5,lr,assignment_proportion_drift,BalAcc,-0.01643932084773275,0.17719442539259025,-0.040494202220281786,0.1955752670668027,20
credit,variance_group_mag2.5,lr,ks_statistic,DI_star,0.3327067669172932,0.24366697305714857,0.33275840615802066,0.20827950563424608,20
credit,variance_group_mag2.5,lr,ks_statistic,AOD_star,0.35360902255639093,0.21452922452067252,0.3468068104799202,0.20444918304043813,20
credit,variance_group_mag2.5,lr,ks_statistic,BalAcc,-0.10345864661654133,0.15729323308270676,-0.0670535067600392,0.19633704296370874,20
credit,variance_group_mag2.5,lr,kl_divergence,DI_star,0.3772932330827067,0.24103527627615015,0.3850560854019148,0.22158107997525003,20
credit,variance_group_mag2.5,lr,kl_divergence,AOD_star,0.41548872180451124,0.20073813700814225,0.4249025860140761,0.2032925970836009,20
credit,variance_group_mag2.5,lr,kl_divergence,BalAcc,-0.02481203007518796,0.13465953407818,-0.04252417249473517,0.13839796680520958,20
credit,variance_group_mag2.5,lr,per_subgroup_ewma[min_neg],DI_star,0.36080117870691575,0.2197814487927725,0.40134204418216424,0.2233238163910434,20
credit,variance_group_mag2.5,lr,per_subgroup_ewma[min_neg],AOD_star,0.3779590766718913,0.24089684004256917,0.40571395132344684,0.23987541876555116,20
credit,variance_group_mag2.5,lr,per_subgroup_ewma[min_neg],BalAcc,0.0069122475060938325,0.17697119773489114,-0.0072096780329749255,0.180182667152582,20
credit,variance_group_mag2.5,lr,per_subgroup_baseline_relative[min_neg],DI_star,0.25686363629079206,0.2376969924088449,0.24476403789668816,0.20799787341714265,20
credit,variance_group_mag2.5,lr,per_subgroup_baseline_relative[min_neg],AOD_star,0.26001687896203085,0.21707098972739194,0.22038662187872798,0.2251119232300333,20
credit,variance_group_mag2.5,lr,per_subgroup_baseline_relative[min_neg],BalAcc,-0.046999003379147405,0.20984917210193904,-0.057026126361555754,0.22717693123355695,20
credit,variance_group_mag2.5,lr,per_subgroup_ewma[min_pos],DI_star,0.38300751879699235,0.23083813742406492,0.3856507002829919,0.21842332011306897,20
credit,variance_group_mag2.5,lr,per_subgroup_ewma[min_pos],AOD_star,0.41646616541353376,0.19481461274016934,0.40676171731288724,0.20671928120554633,20
credit,variance_group_mag2.5,lr,per_subgroup_ewma[min_pos],BalAcc,-0.025037593984962404,0.14854469562542785,-0.04404568384745431,0.13251626630534136,20
credit,variance_group_mag2.5,lr,per_subgroup_baseline_relative[min_pos],DI_star,0.2815037593984962,0.2585205148098194,0.2857408307591776,0.27593400192320855,20
credit,variance_group_mag2.5,lr,per_subgroup_baseline_relative[min_pos],AOD_star,0.3049624060150375,0.23130762349809694,0.31761115396448414,0.24509067270999493,20
credit,variance_group_mag2.5,lr,per_subgroup_baseline_relative[min_pos],BalAcc,-0.05345864661654136,0.19400447241167645,-0.06416208026908612,0.20354820177003338,20
credit,variance_group_mag2.5,lr,per_subgroup_ewma[maj_neg],DI_star,0.2617293233082706,0.2680193177435196,0.28661884124834913,0.2696489096501163,20
credit,variance_group_mag2.5,lr,per_subgroup_ewma[maj_neg],AOD_star,0.26774436090225556,0.27891006580325645,0.28894682555303985,0.2746272952598248,20
credit,variance_group_mag2.5,lr,per_subgroup_ewma[maj_neg],BalAcc,0.042556390977443605,0.17990776589301707,0.048445797357135875,0.18449282922023658,20
credit,variance_group_mag2.5,lr,per_subgroup_baseline_relative[maj_neg],DI_star,0.15240601503759396,0.19286455891587764,0.17589884802355837,0.17527678335164026,20
credit,variance_group_mag2.5,lr,per_subgroup_baseline_relative[maj_neg],AOD_star,0.10661654135338346,0.18642608106629166,0.12561671032649158,0.16089293226322032,20
credit,variance_group_mag2.5,lr,per_subgroup_baseline_relative[maj_neg],BalAcc,0.035789473684210524,0.19017509509113478,0.05589048696692213,0.19505985848071772,20
credit,variance_group_mag2.5,lr,per_subgroup_ewma[maj_pos],DI_star,0.3898496240601503,0.2171216509129275,0.41136285276226914,0.2026548758839605,20
credit,variance_group_mag2.5,lr,per_subgroup_ewma[maj_pos],AOD_star,0.4184962406015037,0.21183486988197658,0.4300939877603823,0.21121465457429967,20
credit,variance_group_mag2.5,lr,per_subgroup_ewma[maj_pos],BalAcc,-0.025037593984962397,0.1307296110953467,-0.04017053222176226,0.14511459731742457,20
credit,variance_group_mag2.5,lr,per_subgroup_baseline_relative[maj_pos],DI_star,0.3730827067669173,0.21959156037769725,0.4014211407534982,0.18163271980432394,20
credit,variance_group_mag2.5,lr,per_subgroup_baseline_relative[maj_pos],AOD_star,0.39150375939849624,0.20804622687610483,0.4145603117842974,0.19220841642747527,20
credit,variance_group_mag2.5,lr,per_subgroup_baseline_relative[maj_pos],BalAcc,-0.013233082706766913,0.1736100482879007,-0.03303159617726995,0.15823294933180512,20
credit,variance_group_mag2.5,xgb,global_mean,DI_star,-0.24097744360902254,0.17785149691542324,-0.26574675108391566,0.197201026937783,20
credit,variance_group_mag2.5,xgb,global_mean,AOD_star,-0.3964661654135338,0.16367802821084204,-0.4788313842721064,0.14105469367212084,20
credit,variance_group_mag2.5,xgb,global_mean,BalAcc,-0.23842105263157892,0.1509151797740518,-0.28776459493164164,0.13426837550770745,20
credit,variance_group_mag2.5,xgb,global_ewma,DI_star,-0.24586466165413529,0.18458945222153275,-0.272388825931533,0.17556085652094755,20
credit,variance_group_mag2.5,xgb,global_ewma,AOD_star,-0.4178947368421052,0.14787002251350162,-0.4341742401164984,0.14900701279059167,20
credit,variance_group_mag2.5,xgb,global_ewma,BalAcc,-0.23195488721804508,0.15418548606561755,-0.22067151326860962,0.14980731010021367,20
credit,variance_group_mag2.5,xgb,global_std,DI_star,-0.24571428571428572,0.1756024011515228,-0.2772704191181785,0.1766480689110438,20
credit,variance_group_mag2.5,xgb,global_std,AOD_star,-0.41872180451127816,0.1529741516516713,-0.4558428673756887,0.14736274447667477,20
credit,variance_group_mag2.5,xgb,global_std,BalAcc,-0.22609022556390976,0.1601904535260157,-0.24815477012063064,0.13647938737256332,20
credit,variance_group_mag2.5,xgb,subgroup_violation_diff,DI_star,-0.12398496240601502,0.22767755320737265,-0.11408750123465639,0.25241122278180994,20
credit,variance_group_mag2.5,xgb,subgroup_violation_diff,AOD_star,-0.10721804511278196,0.31842015605594093,-0.13092365422149954,0.32935892659481825,20
credit,variance_group_mag2.5,xgb,subgroup_violation_diff,BalAcc,-0.04984962406015038,0.2435441642984272,-0.035077737900294656,0.26567180243575444,20
credit,variance_group_mag2.5,xgb,max_subgroup_deviation,DI_star,-0.23924812030075188,0.17035072048216926,-0.2433627849161318,0.1887317395342949,20
credit,variance_group_mag2.5,xgb,max_subgroup_deviation,AOD_star,-0.40398496240601495,0.14302109705231064,-0.4638618856359721,0.13097303545491074,20
credit,variance_group_mag2.5,xgb,max_subgroup_deviation,BalAcc,-0.285187969924812,0.17383437508117333,-0.2926386582766806,0.133942812501721,20
credit,variance_group_mag2.5,xgb,assignment_proportion_drift,DI_star,-0.10885598116694031,0.2564230094556664,-0.12379035851146916,0.26378696921528627,20
credit,variance_group_mag2.5,xgb,assignment_proportion_drift,AOD_star,-0.28863061143645663,0.1690991545554582,-0.4037406666516379,0.15703990146472172,20
credit,variance_group_mag2.5,xgb,assignment_proportion_drift,BalAcc,-0.19141777665317636,0.19852191187689647,-0.3041012125216249,0.17919093711837727,20
credit,variance_group_mag2.5,xgb,ks_statistic,DI_star,-0.28496240601503764,0.17590289439019371,-0.21358566444655036,0.23074558312955468,20
credit,variance_group_mag2.5,xgb,ks_statistic,AOD_star,-0.4084962406015037,0.17672101820919672,-0.48726389793359,0.1305149879637146,20
credit,variance_group_mag2.5,xgb,ks_statistic,BalAcc,-0.24954887218045113,0.15931795028371726,-0.3295068366816324,0.1660757605701558,20
credit,variance_group_mag2.5,xgb,kl_divergence,DI_star,-0.21090225563909773,0.19383503852674525,-0.22602545679124392,0.16038214243083204,20
credit,variance_group_mag2.5,xgb,kl_divergence,AOD_star,-0.37421052631578944,0.17007330992228747,-0.3742923262016017,0.16889494614558084,20
credit,variance_group_mag2.5,xgb,kl_divergence,BalAcc,-0.22661654135338344,0.1496887304983773,-0.17665287536590352,0.15496526958107704,20
credit,variance_group_mag2.5,xgb,per_subgroup_ewma[min_neg],DI_star,-0.17439732291705076,0.19397992441453915,-0.1834530739249832,0.1705528348423392,20
credit,variance_group_mag2.5,xgb,per_subgroup_ewma[min_neg],AOD_star,-0.27443028952773685,0.21613411449493275,-0.3138577562941607,0.20723079680980042,20
credit,variance_group_mag2.5,xgb,per_subgroup_ewma[min_neg],BalAcc,-0.14239769186002374,0.17198810804076,-0.13200361179861922,0.1622722742461985,20
credit,variance_group_mag2.5,xgb,per_subgroup_baseline_relative[min_neg],DI_star,-0.12032173686952763,0.15550870536253067,-0.09716177381137059,0.14439289387436516,20
credit,variance_group_mag2.5,xgb,per_subgroup_baseline_relative[min_neg],AOD_star,-0.208836966023409,0.19821805285909727,-0.19733296469587436,0.20206228164933687,20
credit,variance_group_mag2.5,xgb,per_subgroup_baseline_relative[min_neg],BalAcc,-0.12805953679546117,0.22712256066906433,-0.11219120202572071,0.22000763819028038,20
credit,variance_group_mag2.5,xgb,per_subgroup_ewma[min_pos],DI_star,-0.24999999999999994,0.19942700155744966,-0.2854203376514509,0.1708945963831679,20
credit,variance_group_mag2.5,xgb,per_subgroup_ewma[min_pos],AOD_star,-0.4278947368421052,0.15508963705754547,-0.443640421861733,0.1679752200756939,20
credit,variance_group_mag2.5,xgb,per_subgroup_ewma[min_pos],BalAcc,-0.2199248120300752,0.16081079193674813,-0.20274685436241868,0.15454281481920323,20
credit,variance_group_mag2.5,xgb,per_subgroup_baseline_relative[min_pos],DI_star,-0.2524812030075188,0.23016505198679857,-0.2676084879333672,0.22469897828314198,20
credit,variance_group_mag2.5,xgb,per_subgroup_baseline_relative[min_pos],AOD_star,-0.36218045112781955,0.17765202173809616,-0.44362944014577704,0.16814234107773066,20
credit,variance_group_mag2.5,xgb,per_subgroup_baseline_relative[min_pos],BalAcc,-0.2037593984962406,0.1954543058195614,-0.22419492614015554,0.18223772776979763,20
credit,variance_group_mag2.5,xgb,per_subgroup_ewma[maj_neg],DI_star,-0.10458646616541353,0.22020063675003973,-0.1412356945620569,0.2179677851275231,20
credit,variance_group_mag2.5,xgb,per_subgroup_ewma[maj_neg],AOD_star,-0.2195488721804511,0.27724405481087927,-0.251985364059485,0.274450571933167,20
credit,variance_group_mag2.5,xgb,per_subgroup_ewma[maj_neg],BalAcc,-0.18466165413533836,0.174448793937204,-0.1706447618153383,0.18462897926350566,20
credit,variance_group_mag2.5,xgb,per_subgroup_baseline_relative[maj_neg],DI_star,0.055939849624060144,0.16466652926487232,0.04129434626463212,0.17994390744333957,20
credit,variance_group_mag2.5,xgb,per_subgroup_baseline_relative[maj_neg],AOD_star,-0.03293233082706768,0.228975651672262,-0.05233464281518204,0.2132825047519491,20
credit,variance_group_mag2.5,xgb,per_subgroup_baseline_relative[maj_neg],BalAcc,-0.1418796992481203,0.17631684755281538,-0.10221355558613199,0.18556104158586453,20
credit,variance_group_mag2.5,xgb,per_subgroup_ewma[maj_pos],DI_star,-0.24631578947368418,0.18565467369950772,-0.24978156363361181,0.17736865925016562,20
credit,variance_group_mag2.5,xgb,per_subgroup_ewma[maj_pos],AOD_star,-0.41052631578947363,0.1525215352036805,-0.4070902094063354,0.14563021085673733,20
credit,variance_group_mag2.5,xgb,per_subgroup_ewma[maj_pos],BalAcc,-0.23105263157894734,0.15420997642716944,-0.21551707959100738,0.15338342030374771,20
credit,variance_group_mag2.5,xgb,per_subgroup_baseline_relative[maj_pos],DI_star,-0.2267669172932331,0.17058730394186464,-0.2289778908745237,0.19602506547472923,20
credit,variance_group_mag2.5,xgb,per_subgroup_baseline_relative[maj_pos],AOD_star,-0.41609022556390973,0.15339827438396672,-0.44413629200820337,0.14391501016987387,20
credit,variance_group_mag2.5,xgb,per_subgroup_baseline_relative[maj_pos],BalAcc,-0.278796992481203,0.16433579182055405,-0.28491168818409107,0.14768348713536983,20
credit,variance_global_mag1.5,lr,global_mean,DI_star,0.9402255639097744,0.021951153251327363,0.9166013904248752,0.02563354066212129,20
credit,variance_global_mag1.5,lr,global_mean,AOD_star,0.6006015037593986,0.12673881903029716,0.5910955630072838,0.12177465047866316,20
credit,variance_global_mag1.5,lr,global_mean,BalAcc,-0.19428571428571423,0.18502389099707364,-0.1873315807211215,0.2114140433249842,20
credit,variance_global_mag1.5,lr,global_ewma,DI_star,0.9396240601503759,0.020282782356105655,0.9465981423555743,0.021798375924802126,20
credit,variance_global_mag1.5,lr,global_ewma,AOD_star,0.5975187969924811,0.12784897936280534,0.6021575952726393,0.12711072413946817,20
credit,variance_global_mag1.5,lr,global_ewma,BalAcc,-0.19466165413533837,0.1834379841686053,-0.20922644861052206,0.1951441822233942,20
credit,variance_global_mag1.5,lr,global_std,DI_star,0.08541353383458644,0.23597986022448533,0.05696715267134996,0.2869043645725586,20
credit,variance_global_mag1.5,lr,global_std,AOD_star,0.06593984962406013,0.23224991899722075,0.04651652841702998,0.22812841064601322,20
credit,variance_global_mag1.5,lr,global_std,BalAcc,0.04187969924812031,0.2979126413645234,0.028012409459051278,0.28438531115108034,20
credit,variance_global_mag1.5,lr,subgroup_violation_diff,DI_star,0.11022556390977442,0.36947374541358996,0.0696303182879108,0.3303487324917263,20
credit,variance_global_mag1.5,lr,subgroup_violation_diff,AOD_star,0.06127819548872178,0.36189333686726555,0.0494776732381867,0.29380150449420495,20
credit,variance_global_mag1.5,lr,subgroup_violation_diff,BalAcc,0.0062406015037593885,0.2487839268366169,0.0015271868128624896,0.24972689809460244,20
credit,variance_global_mag1.5,lr,max_subgroup_deviation,DI_star,0.5133082706766917,0.26988324600897556,0.6265471694593685,0.14471118157452723,20
credit,variance_global_mag1.5,lr,max_subgroup_deviation,AOD_star,0.3236090225563909,0.23551464726359747,0.40652504021154723,0.181047881501451,20
credit,variance_global_mag1.5,lr,max_subgroup_deviation,BalAcc,-0.07045112781954888,0.2546621203136446,-0.11906719062478492,0.25210482366030595,20
credit,variance_global_mag1.5,lr,assignment_proportion_drift,DI_star,0.22363587441385996,0.2767648731420592,0.5995641621295439,0.10121248444604665,20
credit,variance_global_mag1.5,lr,assignment_proportion_drift,AOD_star,0.14832908625559435,0.28948050564836475,0.3782113789019131,0.21037341386977795,20
credit,variance_global_mag1.5,lr,assignment_proportion_drift,BalAcc,-0.09678361969023803,0.2797427514569124,-0.13875895674064836,0.25099586510868044,20
credit,variance_global_mag1.5,lr,ks_statistic,DI_star,0.933233082706767,0.02538370808415373,0.7280541586941621,0.04351171384872606,20
credit,variance_global_mag1.5,lr,ks_statistic,AOD_star,0.5871428571428572,0.13622140896201432,0.46133039503613976,0.1624609287930802,20
credit,variance_global_mag1.5,lr,ks_statistic,BalAcc,-0.20864661654135336,0.1888448060953518,-0.159475637164271,0.23536050295210348,20
credit,variance_global_mag1.5,lr,kl_divergence,DI_star,0.9117293233082707,0.0265876398883569,0.7340051338327014,0.07623067306557185,20
credit,variance_global_mag1.5,lr,kl_divergence,AOD_star,0.5861654135338344,0.12955181770005295,0.44299506092633945,0.14614203752275143,20
credit,variance_global_mag1.5,lr,kl_divergence,BalAcc,-0.18067669172932327,0.1814042965229668,-0.1875885604638354,0.20343336294550887,20
credit,variance_global_mag1.5,lr,per_subgroup_ewma[min_neg],DI_star,0.7014861080115538,0.2660994419418302,0.8522663192117583,0.09962689863040891,20
credit,variance_global_mag1.5,lr,per_subgroup_ewma[min_neg],AOD_star,0.4213671687509759,0.228587150081722,0.5334872758241986,0.14186102036576992,20
credit,variance_global_mag1.5,lr,per_subgroup_ewma[min_neg],BalAcc,-0.15735321534633942,0.18388791985469813,-0.19195631783078734,0.1828358168130154,20
credit,variance_global_mag1.5,lr,per_subgroup_baseline_relative[min_neg],DI_star,0.5783069554387072,0.2353534730622179,0.7235460925556991,0.1200077208075844,20
credit,variance_global_mag1.5,lr,per_subgroup_baseline_relative[min_neg],AOD_star,0.3503543062646205,0.25834930151033303,0.4411980160754771,0.1881726448776126,20
credit,variance_global_mag1.5,lr,per_subgroup_baseline_relative[min_neg],BalAcc,-0.1412057355697665,0.1983741450335686,-0.160048112778284,0.19255429911918875,20
credit,variance_global_mag1.5,lr,per_subgroup_ewma[min_pos],DI_star,0.9397744360902255,0.02472061080483408,0.9403186945122017,0.023541363479778015,20
credit,variance_global_mag1.5,lr,per_subgroup_ewma[min_pos],AOD_star,0.5944360902255638,0.12504200210152777,0.5947339448105702,0.13248224152518406,20
credit,variance_global_mag1.5,lr,per_subgroup_ewma[min_pos],BalAcc,-0.2015037593984962,0.18247858519580445,-0.21187274184022747,0.1959972252742512,20
credit,variance_global_mag1.5,lr,per_subgroup_baseline_relative[min_pos],DI_star,0.9127067669172932,0.06559472787463719,0.8904725798789934,0.06334400211908991,20
credit,variance_global_mag1.5,lr,per_subgroup_baseline_relative[min_pos],AOD_star,0.5827819548872181,0.1296110411618852,0.567029718400702,0.1600663321462564,20
credit,variance_global_mag1.5,lr,per_subgroup_baseline_relative[min_pos],BalAcc,-0.2043609022556391,0.19053046977567717,-0.18497374110097448,0.21861773459568382,20
credit,variance_global_mag1.5,lr,per_subgroup_ewma[maj_neg],DI_star,0.7069172932330827,0.395756763280253,0.8373830548006225,0.1586282066386536,20
credit,variance_global_mag1.5,lr,per_subgroup_ewma[maj_neg],AOD_star,0.48330827067669163,0.2672508347029868,0.5541523711778552,0.15550306253830504,20
credit,variance_global_mag1.5,lr,per_subgroup_ewma[maj_neg],BalAcc,-0.10097744360902257,0.24848470620347549,-0.14700597104797503,0.24249153551923586,20
credit,variance_global_mag1.5,lr,per_subgroup_baseline_relative[maj_neg],DI_star,0.2802304733146239,0.2880153901591021,0.5131443392838178,0.1153285105306266,20
credit,variance_global_mag1.5,lr,per_subgroup_baseline_relative[maj_neg],AOD_star,0.20843871031959985,0.2182734168574382,0.3445105420817043,0.16042692428830024,20
credit,variance_global_mag1.5,lr,per_subgroup_baseline_relative[maj_neg],BalAcc,0.0406679567796962,0.2545384322852854,-0.041673672257798014,0.2513913587872457,20
credit,variance_global_mag1.5,lr,per_subgroup_ewma[maj_pos],DI_star,0.9373684210526314,0.02101110297140715,0.9447813017583014,0.02465353419780857,20
credit,variance_global_mag1.5,lr,per_subgroup_ewma[maj_pos],AOD_star,0.5956390977443609,0.1310186998549643,0.6007622879618597,0.1287430251322134,20
credit,variance_global_mag1.5,lr,per_subgroup_ewma[maj_pos],BalAcc,-0.19812030075187967,0.18714518315238127,-0.20953315081583307,0.19372559445423948,20
credit,variance_global_mag1.5,lr,per_subgroup_baseline_relative[maj_pos],DI_star,0.9346616541353383,0.020909691975191134,0.9210654677910857,0.02400323236780441,20
credit,variance_global_mag1.5,lr,per_subgroup_baseline_relative[maj_pos],AOD_star,0.5993984962406014,0.1265424032408345,0.5940086197527809,0.1218656314201579,20
credit,variance_global_mag1.5,lr,per_subgroup_baseline_relative[maj_pos],BalAcc,-0.18586466165413532,0.17915411068590412,-0.1912024885564616,0.20278053432483095,20
credit,variance_global_mag1.5,xgb,global_mean,DI_star,0.46215209124970247,0.10275632713228929,0.47554706010302594,0.09025681345644285,20
credit,variance_global_mag1.5,xgb,global_mean,AOD_star,0.43684210526315786,0.16688511509927487,0.5110752541691912,0.15546316443358232,20
credit,variance_global_mag1.5,xgb,global_mean,BalAcc,-0.653984962406015,0.09722697073041553,-0.6900719898228409,0.08727098239274445,20
credit,variance_global_mag1.5,xgb,global_ewma,DI_star,0.46501008256995535,0.1014780995503751,0.4548000600147734,0.08326458099692625,20
credit,variance_global_mag1.5,xgb,global_ewma,AOD_star,0.44037593984962403,0.16497911170303042,0.4520128643139564,0.17428833715264738,20
credit,variance_global_mag1.5,xgb,global_ewma,BalAcc,-0.6531578947368419,0.10236866265893362,-0.6407860998908484,0.09243239492082875,20
credit,variance_global_mag1.5,xgb,global_std,DI_star,0.01830254355070029,0.23631767859902644,0.009132895879096017,0.23781781396531487,20
credit,variance_global_mag1.5,xgb,global_std,AOD_star,-0.06857142857142856,0.25194024634193696,-0.08169687435539692,0.3154950935256421,20
credit,variance_global_mag1.5,xgb,global_std,BalAcc,0.031203007518797,0.2710060131142865,0.066770959830461,0.32176798404927953,20
credit,variance_global_mag1.5,xgb,subgroup_violation_diff,DI_star,-0.013716077385286771,0.29157157627413327,-0.025076909032397076,0.21086468697452815,20
credit,variance_global_mag1.5,xgb,subgroup_violation_diff,AOD_star,0.0255639097744361,0.30158493647783496,0.0011935761312906496,0.2866571273675953,20
credit,variance_global_mag1.5,xgb,subgroup_violation_diff,BalAcc,-0.027293233082706765,0.326468650312802,-0.010426657572565515,0.292318493796556,20
credit,variance_global_mag1.5,xgb,max_subgroup_deviation,DI_star,0.3113223933448891,0.20326602741773311,0.36073574422297666,0.17330953350511819,20
credit,variance_global_mag1.5,xgb,max_subgroup_deviation,AOD_star,0.3436842105263157,0.1992447013467483,0.46504123420533616,0.16091073184074864,20
credit,variance_global_mag1.5,xgb,max_subgroup_deviation,BalAcc,-0.4371428571428571,0.21251110581428195,-0.5467269893947722,0.14276956737443056,20
credit,variance_global_mag1.5,xgb,assignment_proportion_drift,DI_star,0.21883522450168766,0.15847649582391854,0.37908365042133757,0.14545733333688513,20
credit,variance_global_mag1.5,xgb,assignment_proportion_drift,AOD_star,0.26508752268297386,0.14995359028919727,0.5065875292334548,0.14197173946398217,20
credit,variance_global_mag1.5,xgb,assignment_proportion_drift,BalAcc,-0.31667682795639,0.17802913170773746,-0.58455649490928,0.11534317385657429,20
credit,variance_global_mag1.5,xgb,ks_statistic,DI_star,0.4680174599564294,0.09605239128354284,0.4325963194248785,0.13410027037650626,20
credit,variance_global_mag1.5,xgb,ks_statistic,AOD_star,0.433609022556391,0.1572872488402896,0.5431897493256691,0.14403488778709045,20
credit,variance_global_mag1.5,xgb,ks_statistic,BalAcc,-0.6510526315789473,0.11462304292586906,-0.6555555113947585,0.09945767171843073,20
credit,variance_global_mag1.5,xgb,kl_divergence,DI_star,0.4584700584453687,0.11285957101753354,0.27074726714173336,0.19993077518734687,20
credit,variance_global_mag1.5,xgb,kl_divergence,AOD_star,0.43766917293233076,0.15427829424183553,0.23505389773441218,0.1847358100236315,20
credit,variance_global_mag1.5,xgb,kl_divergence,BalAcc,-0.6277443609022556,0.10857567213084479,-0.3959567378582177,0.13314008066435773,20
credit,variance_global_mag1.5,xgb,per_subgroup_ewma[min_neg],DI_star,0.3078045881225981,0.24468745762054123,0.36475101554225936,0.16899795984931607,20
credit,variance_global_mag1.5,xgb,per_subgroup_ewma[min_neg],AOD_star,0.24036341960005042,0.24062990915908009,0.3678841249862509,0.17732845490361993,20
credit,variance_global_mag1.5,xgb,per_subgroup_ewma[min_neg],BalAcc,-0.4017328626121741,0.28500717098227857,-0.51747699131276,0.1600778698951068,20
credit,variance_global_mag1.5,xgb,per_subgroup_baseline_relative[min_neg],DI_star,0.2579546960766941,0.16479400354014848,0.35698444212344016,0.13582868619222216,20
credit,variance_global_mag1.5,xgb,per_subgroup_baseline_relative[min_neg],AOD_star,0.20806354148997414,0.22425011753314958,0.3910452217321828,0.19436560477856826,20
credit,variance_global_mag1.5,xgb,per_subgroup_baseline_relative[min_neg],BalAcc,-0.37380895618445786,0.2303856783079128,-0.5180774518239878,0.1592143825345109,20
credit,variance_global_mag1.5,xgb,per_subgroup_ewma[min_pos],DI_star,0.4637316608244042,0.09926462252560006,0.45514186139046603,0.07558381906123074,20
credit,variance_global_mag1.5,xgb,per_subgroup_ewma[min_pos],AOD_star,0.4375187969924812,0.167966273073706,0.45743094941056067,0.1741857766003194,20
credit,variance_global_mag1.5,xgb,per_subgroup_ewma[min_pos],BalAcc,-0.651578947368421,0.10010803141936758,-0.6448840111420128,0.09242612059705879,20
credit,variance_global_mag1.5,xgb,per_subgroup_baseline_relative[min_pos],DI_star,0.4378663203997809,0.10769153117754948,0.45282204078656785,0.08188479787531322,20
credit,variance_global_mag1.5,xgb,per_subgroup_baseline_relative[min_pos],AOD_star,0.4173684210526315,0.1673073238975805,0.5058468780423047,0.1669304752895687,20
credit,variance_global_mag1.5,xgb,per_subgroup_baseline_relative[min_pos],BalAcc,-0.631578947368421,0.1211287296419234,-0.6703474931532428,0.09461682175642501,20
credit,variance_global_mag1.5,xgb,per_subgroup_ewma[maj_neg],DI_star,0.3268519757173357,0.271202315800423,0.39300108303100023,0.18395548045757149,20
credit,variance_global_mag1.5,xgb,per_subgroup_ewma[maj_neg],AOD_star,0.3157894736842105,0.29390553318078444,0.4460625718064654,0.21387371816613515,20
credit,variance_global_mag1.5,xgb,per_subgroup_ewma[maj_neg],BalAcc,-0.486390977443609,0.3775075508250881,-0.5875454254951124,0.2537344620760846,20
credit,variance_global_mag1.5,xgb,per_subgroup_baseline_relative[maj_neg],DI_star,0.1298509229326259,0.29216598132458615,0.23332179278131981,0.2106783009552713,20
credit,variance_global_mag1.5,xgb,per_subgroup_baseline_relative[maj_neg],AOD_star,0.14033979909523733,0.2819447530156704,0.34520373820555583,0.20017395447398456,20
credit,variance_global_mag1.5,xgb,per_subgroup_baseline_relative[maj_neg],BalAcc,-0.17000149175977722,0.32155691136411346,-0.36555096263763465,0.20505993871787753,20
credit,variance_global_mag1.5,xgb,per_subgroup_ewma[maj_pos],DI_star,0.46749131385957776,0.10269228665891168,0.4528605816941014,0.09160864111250672,20
credit,variance_global_mag1.5,xgb,per_subgroup_ewma[maj_pos],AOD_star,0.4417293233082707,0.1659137174472793,0.443708616199575,0.17927184908871516,20
credit,variance_global_mag1.5,xgb,per_subgroup_ewma[maj_pos],BalAcc,-0.6527067669172932,0.10296467469671593,-0.6354187425359028,0.09752343142783162,20
credit,variance_global_mag1.5,xgb,per_subgroup_baseline_relative[maj_pos],DI_star,0.46237799454472084,0.10839990907348777,0.47932007695906426,0.09512383206708884,20
credit,variance_global_mag1.5,xgb,per_subgroup_baseline_relative[maj_pos],AOD_star,0.4355639097744361,0.17071098658462966,0.5095696825236669,0.15759576378387324,20
credit,variance_global_mag1.5,xgb,per_subgroup_baseline_relative[maj_pos],BalAcc,-0.6457142857142857,0.10220520649296631,-0.6886256721929053,0.09111315152792937,20
credit,variance_global_mag2.0,lr,global_mean,DI_star,0.9699999999999998,0.01206269074926428,0.9220546765875846,0.022238900418871582,20
credit,variance_global_mag2.0,lr,global_mean,AOD_star,0.7838345864661653,0.06881054963179532,0.7376298197862725,0.09414779071883755,20
credit,variance_global_mag2.0,lr,global_mean,BalAcc,-0.33488721804511273,0.2214328988432984,-0.32607435728026757,0.25083964222432775,20
credit,variance_global_mag2.0,lr,global_ewma,DI_star,0.9701503759398493,0.01059350201944087,0.9752476927840522,0.009809280837382604,20
credit,variance_global_mag2.0,lr,global_ewma,AOD_star,0.784812030075188,0.06999495229048537,0.775810008229865,0.07940130917192835,20
credit,variance_global_mag2.0,lr,global_ewma,BalAcc,-0.3321052631578948,0.2216269328652266,-0.3395010118666303,0.23603416900605786,20
credit,variance_global_mag2.0,lr,global_std,DI_star,0.6046616541353383,0.16352434507079586,0.6172731302608764,0.17397235327343685,20
credit,variance_global_mag2.0,lr,global_std,AOD_star,0.47270676691729313,0.19450491312597484,0.48216904957756557,0.19448160563927125,20
credit,variance_global_mag2.0,lr,global_std,BalAcc,-0.19157894736842104,0.23579378928074574,-0.23037166887041707,0.22640967853872793,20
credit,variance_global_mag2.0,lr,subgroup_violation_diff,DI_star,-0.21669172932330824,0.4780327665639216,-0.1857524037338961,0.40314831690551495,20
credit,variance_global_mag2.0,lr,subgroup_violation_diff,AOD_star,-0.1437593984962406,0.38754665959628354,-0.1449568693071015,0.30879405386847947,20
credit,variance_global_mag2.0,lr,subgroup_violation_diff,BalAcc,0.07654135338345863,0.23197159370016013,0.08995128803498452,0.24288935804284184,20
credit,variance_global_mag2.0,lr,max_subgroup_deviation,DI_star,0.5765413533834587,0.24072853789247387,0.683873693634891,0.14847885469075242,20
credit,variance_global_mag2.0,lr,max_subgroup_deviation,AOD_star,0.446015037593985,0.2497709505308757,0.5479085710444934,0.15021044155762306,20
credit,variance_global_mag2.0,lr,max_subgroup_deviation,BalAcc,-0.21541353383458645,0.22845063834494433,-0.25997323274009215,0.2789035744536586,20
credit,variance_global_mag2.0,lr,assignment_proportion_drift,DI_star,0.12879417280691255,0.13517256887023044,0.6060084648710079,0.07279476368705465,20
credit,variance_global_mag2.0,lr,assignment_proportion_drift,AOD_star,0.10004999795010279,0.1844739950607894,0.49280286876405643,0.14478057045856432,20
credit,variance_global_mag2.0,lr,assignment_proportion_drift,BalAcc,-0.10387908098416385,0.25212483748903847,-0.22064606006793616,0.26786225768065325,20
credit,variance_global_mag2.0,lr,ks_statistic,DI_star,0.968421052631579,0.013118092323347002,0.7585188165124392,0.027287955301014515,20
credit,variance_global_mag2.0,lr,ks_statistic,AOD_star,0.778721804511278,0.07458597350067706,0.6140366400714915,0.11761637700510806,20
credit,variance_global_mag2.0,lr,ks_statistic,BalAcc,-0.34075187969924803,0.22769539285454674,-0.26960056197084603,0.25409524055954885,20
credit,variance_global_mag2.0,lr,kl_divergence,DI_star,0.9230827067669173,0.030866561900603665,0.8775400006303515,0.03622272815311656,20
credit,variance_global_mag2.0,lr,kl_divergence,AOD_star,0.7610526315789472,0.079145330035554,0.681632297637051,0.09916695631237057,20
credit,variance_global_mag2.0,lr,kl_divergence,BalAcc,-0.31781954887218045,0.2252746390761968,-0.30864174402818284,0.2014844039284497,20
credit,variance_global_mag2.0,lr,per_subgroup_ewma[min_neg],DI_star,0.9160243273865193,0.07439770702058877,0.9535270205393889,0.024273915533072767,20
credit,variance_global_mag2.0,lr,per_subgroup_ewma[min_neg],AOD_star,0.7402325326510522,0.10823027987413641,0.7609966746828088,0.08350202800979367,20
credit,variance_global_mag2.0,lr,per_subgroup_ewma[min_neg],BalAcc,-0.33732013254878657,0.21600860576720293,-0.3361622339980983,0.24124197822603877,20
credit,variance_global_mag2.0,lr,per_subgroup_baseline_relative[min_neg],DI_star,0.7795314582040487,0.09910247556381466,0.8301896723206665,0.04418640611043514,20
credit,variance_global_mag2.0,lr,per_subgroup_baseline_relative[min_neg],AOD_star,0.6109990837777529,0.14559131602089934,0.657975753098664,0.11700406261383141,20
credit,variance_global_mag2.0,lr,per_subgroup_baseline_relative[min_neg],BalAcc,-0.3214959106332401,0.22468924182530606,-0.3300932612804075,0.2513428530727558,20
credit,variance_global_mag2.0,lr,per_subgroup_ewma[min_pos],DI_star,0.9715789473684208,0.012643209826081143,0.9725940257845395,0.01256132944193911,20
credit,variance_global_mag2.0,lr,per_subgroup_ewma[min_pos],AOD_star,0.7845112781954886,0.0661057489018667,0.7700992294136626,0.08639255568079064,20
credit,variance_global_mag2.0,lr,per_subgroup_ewma[min_pos],BalAcc,-0.3352631578947368,0.22081644330480393,-0.3378528487875395,0.23759683886170221,20
credit,variance_global_mag2.0,lr,per_subgroup_baseline_relative[min_pos],DI_star,0.9386466165413534,0.0642786347946364,0.9000562484903922,0.04406000274245073,20
credit,variance_global_mag2.0,lr,per_subgroup_baseline_relative[min_pos],AOD_star,0.7568421052631578,0.08934672233062715,0.7162590505941909,0.11446183022682885,20
credit,variance_global_mag2.0,lr,per_subgroup_baseline_relative[min_pos],BalAcc,-0.31270676691729327,0.23195871360829268,-0.30941022032937104,0.25493278618478554,20
credit,variance_global_mag2.0,lr,per_subgroup_ewma[maj_neg],DI_star,0.8961654135338346,0.1203002584576347,0.9224189544440418,0.0363675186447621,20
credit,variance_global_mag2.0,lr,per_subgroup_ewma[maj_neg],AOD_star,0.7399248120300752,0.13389664439392662,0.7513273557082197,0.08709813950441371,20
credit,variance_global_mag2.0,lr,per_subgroup_ewma[maj_neg],BalAcc,-0.28037593984962406,0.21290889967084042,-0.29798830166661,0.24844531588542004,20
credit,variance_global_mag2.0,lr,per_subgroup_baseline_relative[maj_neg],DI_star,0.4406704334786703,0.23167819134198292,0.6353739457812585,0.14507504210411576,20
credit,variance_global_mag2.0,lr,per_subgroup_baseline_relative[maj_neg],AOD_star,0.3549360641332314,0.2449042085602549,0.5140949245355106,0.1656434977435116,20
credit,variance_global_mag2.0,lr,per_subgroup_baseline_relative[maj_neg],BalAcc,-0.1297964010362189,0.21664191383721196,-0.21030423449820676,0.26129453643554656,20
credit,variance_global_mag2.0,lr,per_subgroup_ewma[maj_pos],DI_star,0.9683458646616542,0.010531416594424957,0.9750193596944259,0.00974804344475438,20
credit,variance_global_mag2.0,lr,per_subgroup_ewma[maj_pos],AOD_star,0.7825563909774436,0.0732029704499446,0.7759501585782397,0.07721961415823407,20
credit,variance_global_mag2.0,lr,per_subgroup_ewma[maj_pos],BalAcc,-0.3348120300751879,0.22590464239721025,-0.3396583254675722,0.23329351571759327,20
credit,variance_global_mag2.0,lr,per_subgroup_baseline_relative[maj_pos],DI_star,0.9666165413533834,0.01230512634314513,0.9290359902790503,0.022162208856206903,20
credit,variance_global_mag2.0,lr,per_subgroup_baseline_relative[maj_pos],AOD_star,0.7815037593984961,0.07554217321001479,0.7435738581781302,0.08996302372570836,20
credit,variance_global_mag2.0,lr,per_subgroup_baseline_relative[maj_pos],BalAcc,-0.3405263157894737,0.21956044618786988,-0.3325759673452663,0.24815352837742088,20
credit,variance_global_mag2.0,xgb,global_mean,DI_star,0.3982706766917293,0.10198690361631257,0.46235182059722746,0.08484248963559589,20
credit,variance_global_mag2.0,xgb,global_mean,AOD_star,0.4205263157894737,0.1673889394228274,0.5450589060857649,0.16390694334929068,20
credit,variance_global_mag2.0,xgb,global_mean,BalAcc,-0.5470676691729323,0.09749951983658442,-0.6829233983720399,0.06945240202448115,20
credit,variance_global_mag2.0,xgb,global_ewma,DI_star,0.3968421052631579,0.10221460919432782,0.40502278980166,0.07242614439376531,20
credit,variance_global_mag2.0,xgb,global_ewma,AOD_star,0.4172932330827067,0.1725117474642583,0.4528523863215385,0.1797371637245325,20
credit,variance_global_mag2.0,xgb,global_ewma,BalAcc,-0.5466165413533834,0.09911531328510606,-0.5789936280071022,0.08550638029668325,20
credit,variance_global_mag2.0,xgb,global_std,DI_star,0.14842105263157895,0.1676500208219454,0.1557146143034509,0.18317962118195275,20
credit,variance_global_mag2.0,xgb,global_std,AOD_star,0.1094736842105263,0.19575031658608494,0.1249286004866251,0.20909707176093184,20
credit,variance_global_mag2.0,xgb,global_std,BalAcc,-0.12654135338345868,0.22217213067890446,-0.15078884723984115,0.25659086279775445,20
credit,variance_global_mag2.0,xgb,subgroup_violation_diff,DI_star,-0.126390977443609,0.2621857338542459,-0.14912855840979125,0.2507647070655023,20
credit,variance_global_mag2.0,xgb,subgroup_violation_diff,AOD_star,-0.03398496240601503,0.29513261750302006,-0.12834129893257673,0.2743447285196649,20
credit,variance_global_mag2.0,xgb,subgroup_violation_diff,BalAcc,0.0807518796992481,0.370306392842802,0.08284606476582426,0.33148612915035197,20
credit,variance_global_mag2.0,xgb,max_subgroup_deviation,DI_star,0.30744360902255635,0.19487380151999273,0.38009733414238595,0.17549947058320556,20
credit,variance_global_mag2.0,xgb,max_subgroup_deviation,AOD_star,0.362781954887218,0.16857798475442576,0.5141952353477881,0.1723543280476955,20
credit,variance_global_mag2.0,xgb,max_subgroup_deviation,BalAcc,-0.4827067669172932,0.14635836146267103,-0.6572535681821586,0.09892460760497332,20
credit,variance_global_mag2.0,xgb,assignment_proportion_drift,DI_star,0.23832392310930844,0.16979179654471926,0.38399541614989846,0.1648645669025101,20
credit,variance_global_mag2.0,xgb,assignment_proportion_drift,AOD_star,0.3168212910512676,0.17687284054406835,0.5355709062942106,0.15037857149850184,20
credit,variance_global_mag2.0,xgb,assignment_proportion_drift,BalAcc,-0.362301714702627,0.12531594090316017,-0.6532663772344531,0.10042649199175709,20
credit,variance_global_mag2.0,xgb,ks_statistic,DI_star,0.40428571428571425,0.09849827811701907,0.44010678073205334,0.12963729319991418,20
credit,variance_global_mag2.0,xgb,ks_statistic,AOD_star,0.4159398496240601,0.16217499581247397,0.5743871033607388,0.14571019876965588,20
credit,variance_global_mag2.0,xgb,ks_statistic,BalAcc,-0.5490977443609022,0.10506778324077956,-0.7003396728509763,0.08339379469333033,20
credit,variance_global_mag2.0,xgb,kl_divergence,DI_star,0.3796240601503759,0.11169448145760374,0.30746338272741286,0.10257463910408539,20
credit,variance_global_mag2.0,xgb,kl_divergence,AOD_star,0.41601503759398495,0.16786985192143863,0.3494068289521017,0.17583936270189018,20
credit,variance_global_mag2.0,xgb,kl_divergence,BalAcc,-0.5444360902255638,0.11112718365420839,-0.4690755723187115,0.11123525738756451,20
credit,variance_global_mag2.0,xgb,per_subgroup_ewma[min_neg],DI_star,0.3519237100780301,0.12478956292968192,0.3946350232896211,0.07534587681948735,20
credit,variance_global_mag2.0,xgb,per_subgroup_ewma[min_neg],AOD_star,0.3310833350457136,0.19111141025974338,0.42189315032838826,0.18086776326209478,20
credit,variance_global_mag2.0,xgb,per_subgroup_ewma[min_neg],BalAcc,-0.4685158165492981,0.14857903032729713,-0.5502472011396988,0.10459494837943115,20
credit,variance_global_mag2.0,xgb,per_subgroup_baseline_relative[min_neg],DI_star,0.3192668101761143,0.14032429377092404,0.4058036652617726,0.11247602240275067,20
credit,variance_global_mag2.0,xgb,per_subgroup_baseline_relative[min_neg],AOD_star,0.30407308355431445,0.15581924530281582,0.45728379649815054,0.14557319075266742,20
credit,variance_global_mag2.0,xgb,per_subgroup_baseline_relative[min_neg],BalAcc,-0.4325252195673997,0.12523457746977612,-0.618391264301848,0.12190526597281084,20
credit,variance_global_mag2.0,xgb,per_subgroup_ewma[min_pos],DI_star,0.3964661654135338,0.10112407405647372,0.40167084130562697,0.06586975808568214,20
credit,variance_global_mag2.0,xgb,per_subgroup_ewma[min_pos],AOD_star,0.4148120300751879,0.17245850418646583,0.45632858819551314,0.17935131674303556,20
credit,variance_global_mag2.0,xgb,per_subgroup_ewma[min_pos],BalAcc,-0.5468421052631578,0.09890379436830957,-0.5850771885132243,0.08820655575632877,20
credit,variance_global_mag2.0,xgb,per_subgroup_baseline_relative[min_pos],DI_star,0.37105263157894736,0.1184289292045751,0.43459338556779237,0.09295081177013952,20
credit,variance_global_mag2.0,xgb,per_subgroup_baseline_relative[min_pos],AOD_star,0.4003007518796992,0.18987997970672232,0.5266513346497903,0.16443893475494836,20
credit,variance_global_mag2.0,xgb,per_subgroup_baseline_relative[min_pos],BalAcc,-0.5289473684210526,0.1071283462011008,-0.6746726006082865,0.0686924797032075,20
credit,variance_global_mag2.0,xgb,per_subgroup_ewma[maj_neg],DI_star,0.3330075187969924,0.15699455173929167,0.39822415426939267,0.10276829933977133,20
credit,variance_global_mag2.0,xgb,per_subgroup_ewma[maj_neg],AOD_star,0.32360902255639096,0.19947332995102435,0.4637006958996504,0.1913861362193028,20
credit,variance_global_mag2.0,xgb,per_subgroup_ewma[maj_neg],BalAcc,-0.4670676691729323,0.17270557215438734,-0.6027342245179653,0.13911662794075444,20
credit,variance_global_mag2.0,xgb,per_subgroup_baseline_relative[maj_neg],DI_star,0.24270249380248748,0.2081176287998957,0.33550838023641294,0.18272135393575492,20
credit,variance_global_mag2.0,xgb,per_subgroup_baseline_relative[maj_neg],AOD_star,0.26846344042878456,0.18210209253295304,0.42351425650376395,0.1742045225185325,20
credit,variance_global_mag2.0,xgb,per_subgroup_baseline_relative[maj_neg],BalAcc,-0.37788588406364443,0.15973599121938906,-0.5670009636893957,0.13009489623836537,20
credit,variance_global_mag2.0,xgb,per_subgroup_ewma[maj_pos],DI_star,0.39924812030075185,0.10004634575309143,0.40245393424094733,0.07706047683376364,20
credit,variance_global_mag2.0,xgb,per_subgroup_ewma[maj_pos],AOD_star,0.4184962406015037,0.17193770852248275,0.44629111369141183,0.1806244857180906,20
credit,variance_global_mag2.0,xgb,per_subgroup_ewma[maj_pos],BalAcc,-0.5458646616541354,0.09877536069703766,-0.5720265280985244,0.08792614356577297,20
credit,variance_global_mag2.0,xgb,per_subgroup_baseline_relative[maj_pos],DI_star,0.3958646616541353,0.09947101309787841,0.4651163571949496,0.08689016572016509,20
credit,variance_global_mag2.0,xgb,per_subgroup_baseline_relative[maj_pos],AOD_star,0.41541353383458646,0.1651473422066203,0.5399993840958968,0.163740727571379,20
credit,variance_global_mag2.0,xgb,per_subgroup_baseline_relative[maj_pos],BalAcc,-0.543984962406015,0.10013487992289323,-0.6748627500592981,0.07439044363998655,20
credit,variance_global_mag2.5,lr,global_mean,DI_star,0.9773684210526314,0.007718769307790386,0.9173649365212325,0.024017011109248736,20
credit,variance_global_mag2.5,lr,global_mean,AOD_star,0.8455639097744362,0.051577193683333154,0.7946390130886649,0.07386965742497696,20
credit,variance_global_mag2.5,lr,global_mean,BalAcc,-0.4150375939849623,0.2049574963969376,-0.4216172943590625,0.22650553104285565,20
credit,variance_global_mag2.5,lr,global_ewma,DI_star,0.9763157894736842,0.007826413990457266,0.98203928282842,0.00722349331099475,20
credit,variance_global_mag2.5,lr,global_ewma,AOD_star,0.8450375939849624,0.05285126011392775,0.8471874309761838,0.0570746677318813,20
credit,variance_global_mag2.5,lr,global_ewma,BalAcc,-0.4129323308270677,0.20331383184101248,-0.4413582042932366,0.2110742862746826,20
credit,variance_global_mag2.5,lr,global_std,DI_star,0.8126315789473685,0.07762865693858215,0.8147967074660931,0.08645885004643539,20
credit,variance_global_mag2.5,lr,global_std,AOD_star,0.6995488721804511,0.12499361733944918,0.6912855268953801,0.12419317994081286,20
credit,variance_global_mag2.5,lr,global_std,BalAcc,-0.32812030075187965,0.22919217253909704,-0.3649756855277665,0.21510086390149377,20
credit,variance_global_mag2.5,lr,subgroup_violation_diff,DI_star,-0.29375939849624055,0.5321741146074652,-0.21213470720676778,0.5026068318244062,20
credit,variance_global_mag2.5,lr,subgroup_violation_diff,AOD_star,-0.23834586466165408,0.4799168667526959,-0.15953276504842953,0.45920963573578966,20
credit,variance_global_mag2.5,lr,subgroup_violation_diff,BalAcc,0.09165413533834588,0.2808249942047841,0.09373526539254029,0.30310707408117177,20
credit,variance_global_mag2.5,lr,max_subgroup_deviation,DI_star,0.6978195488721803,0.17572602841520452,0.7340278612858032,0.11485944940068164,20
credit,variance_global_mag2.5,lr,max_subgroup_deviation,AOD_star,0.5859398496240601,0.18061350776781906,0.6378244877915008,0.12447907771794316,20
credit,variance_global_mag2.5,lr,max_subgroup_deviation,BalAcc,-0.2872932330827067,0.22443248822691098,-0.34289977796732024,0.2678046633101623,20
credit,variance_global_mag2.5,lr,assignment_proportion_drift,DI_star,0.2464962138191391,0.13604693175290297,0.6520725298327,0.056913821308676255,20
credit,variance_global_mag2.5,lr,assignment_proportion_drift,AOD_star,0.1946786484185776,0.17619742786172526,0.5737070435641594,0.11464929375749745,20
credit,variance_global_mag2.5,lr,assignment_proportion_drift,BalAcc,-0.1247639460173692,0.1604617632184558,-0.2989780352512087,0.24572258598457308,20
credit,variance_global_mag2.5,lr,ks_statistic,DI_star,0.9731578947368419,0.009537616953274005,0.7777551544824108,0.026440116963016055,20
credit,variance_global_mag2.5,lr,ks_statistic,AOD_star,0.8425563909774436,0.06004332579359424,0.6792524085446972,0.09432381158141881,20
credit,variance_global_mag2.5,lr,ks_statistic,BalAcc,-0.4141353383458647,0.21103397438769111,-0.36113653007968216,0.2412651942076076,20
credit,variance_global_mag2.5,lr,kl_divergence,DI_star,0.9354135338345863,0.030223225884960143,0.8814954414192362,0.02934527770192527,20
credit,variance_global_mag2.5,lr,kl_divergence,AOD_star,0.8234586466165412,0.07328941342196311,0.7611265840476878,0.0725516230970669,20
credit,variance_global_mag2.5,lr,kl_divergence,BalAcc,-0.4175187969924812,0.20838940998176714,-0.4100374679446207,0.19256940216319382,20
credit,variance_global_mag2.5,lr,per_subgroup_ewma[min_neg],DI_star,0.941216518252299,0.03887608525105455,0.9686353721072031,0.016594926120081496,20
credit,variance_global_mag2.5,lr,per_subgroup_ewma[min_neg],AOD_star,0.81876966670761,0.07154088434191803,0.8389379044671464,0.06383173427819927,20
credit,variance_global_mag2.5,lr,per_subgroup_ewma[min_neg],BalAcc,-0.4073357661438283,0.210917917495256,-0.4384275905188007,0.21658231121892857,20
credit,variance_global_mag2.5,lr,per_subgroup_baseline_relative[min_neg],DI_star,0.829361019961514,0.08721088540672262,0.8467639462306348,0.03994908658189014,20
credit,variance_global_mag2.5,lr,per_subgroup_baseline_relative[min_neg],AOD_star,0.7227669812706792,0.09150567946789323,0.739108850413517,0.0722044780697549,20
credit,variance_global_mag2.5,lr,per_subgroup_baseline_relative[min_neg],BalAcc,-0.40562217387496935,0.24157582604397496,-0.4149393365380919,0.24756269405625392,20
credit,variance_global_mag2.5,lr,per_subgroup_ewma[min_pos],DI_star,0.9772932330827068,0.009592287779739575,0.9817930687573257,0.007705013184597869,20
credit,variance_global_mag2.5,lr,per_subgroup_ewma[min_pos],AOD_star,0.8444360902255639,0.05184694400205034,0.8466757330447787,0.058254329124764075,20
credit,variance_global_mag2.5,lr,per_subgroup_ewma[min_pos],BalAcc,-0.41721804511278193,0.20156629879014934,-0.44132435665320113,0.20985615456147538,20
credit,variance_global_mag2.5,lr,per_subgroup_baseline_relative[min_pos],DI_star,0.957593984962406,0.05555693995172107,0.906081552019978,0.028241754765501385,20
credit,variance_global_mag2.5,lr,per_subgroup_baseline_relative[min_pos],AOD_star,0.825563909774436,0.08865423704705862,0.7897027425743128,0.07064357992284581,20
credit,variance_global_mag2.5,lr,per_subgroup_baseline_relative[min_pos],BalAcc,-0.4141353383458647,0.20582692690625873,-0.4105084268597654,0.22218824351057095,20
credit,variance_global_mag2.5,lr,per_subgroup_ewma[maj_neg],DI_star,0.9624060150375936,0.022775874520487436,0.9524348890621951,0.02252068262956953,20
credit,variance_global_mag2.5,lr,per_subgroup_ewma[maj_neg],AOD_star,0.8403007518796992,0.05110260324648314,0.8327530350822847,0.06077436150412559,20
credit,variance_global_mag2.5,lr,per_subgroup_ewma[maj_neg],BalAcc,-0.41323308270676684,0.21217485591808474,-0.4237957527526589,0.23320396065701443,20
credit,variance_global_mag2.5,lr,per_subgroup_baseline_relative[maj_neg],DI_star,0.6037655279593631,0.1830894816591756,0.6878194413863844,0.12098077629945117,20
credit,variance_global_mag2.5,lr,per_subgroup_baseline_relative[maj_neg],AOD_star,0.5169044761848796,0.18861009262075693,0.6011654918010227,0.13794940257790025,20
credit,variance_global_mag2.5,lr,per_subgroup_baseline_relative[maj_neg],BalAcc,-0.21943414062145505,0.2563047402634679,-0.3253661806193479,0.2695075506972498,20
credit,variance_global_mag2.5,lr,per_subgroup_ewma[maj_pos],DI_star,0.9748872180451127,0.0066591247595442216,0.9814690793804859,0.007239047015409733,20
credit,variance_global_mag2.5,lr,per_subgroup_ewma[maj_pos],AOD_star,0.843233082706767,0.0532909820634941,0.8466243345203159,0.056644638016877635,20
credit,variance_global_mag2.5,lr,per_subgroup_ewma[maj_pos],BalAcc,-0.4152631578947369,0.2078836690958661,-0.44103980481302496,0.2103269281724113,20
credit,variance_global_mag2.5,lr,per_subgroup_baseline_relative[maj_pos],DI_star,0.9742857142857142,0.007131371850453779,0.9223737880810029,0.026778217041377894,20
credit,variance_global_mag2.5,lr,per_subgroup_baseline_relative[maj_pos],AOD_star,0.8425563909774436,0.05426279898741659,0.7971734856255118,0.07589806239534043,20
credit,variance_global_mag2.5,lr,per_subgroup_baseline_relative[maj_pos],BalAcc,-0.4181954887218045,0.2019963119328784,-0.425332826758252,0.22716569498983621,20
credit,variance_global_mag2.5,xgb,global_mean,DI_star,0.3644360902255639,0.0929382617276745,0.4448352797315124,0.09454638666030897,20
credit,variance_global_mag2.5,xgb,global_mean,AOD_star,0.391578947368421,0.16689927424247517,0.5470171485593689,0.16505442416857857,20
credit,variance_global_mag2.5,xgb,global_mean,BalAcc,-0.5062406015037595,0.10758478967448398,-0.6816276968322043,0.0685159239406152,20
credit,variance_global_mag2.5,xgb,global_ewma,DI_star,0.3635338345864661,0.09275145426698995,0.3769435119343712,0.07242829181052071,20
credit,variance_global_mag2.5,xgb,global_ewma,AOD_star,0.3889473684210526,0.17069376550021775,0.43581316659150743,0.17808060203522744,20
credit,variance_global_mag2.5,xgb,global_ewma,BalAcc,-0.5060902255639097,0.10916555309678616,-0.5590839839935604,0.08587268535170588,20
credit,variance_global_mag2.5,xgb,global_std,DI_star,0.21218045112781958,0.10708192436993298,0.21590456471393754,0.12868366584645402,20
credit,variance_global_mag2.5,xgb,global_std,AOD_star,0.16857142857142854,0.18226091210516454,0.19794917157411476,0.17395280000233382,20
credit,variance_global_mag2.5,xgb,global_std,BalAcc,-0.24729323308270676,0.210830861892429,-0.2650353738878322,0.20415513264436172,20
credit,variance_global_mag2.5,xgb,subgroup_violation_diff,DI_star,-0.09210526315789472,0.2101537385234093,-0.0708035372568385,0.2572878554104349,20
credit,variance_global_mag2.5,xgb,subgroup_violation_diff,AOD_star,-0.0799248120300752,0.29472390450352803,-0.08585272807501336,0.3062114947341195,20
credit,variance_global_mag2.5,xgb,subgroup_violation_diff,BalAcc,0.0712781954887218,0.34582065754721336,0.08414123918280093,0.3652185526758509,20
credit,variance_global_mag2.5,xgb,max_subgroup_deviation,DI_star,0.28962406015037595,0.1808350552375877,0.40790795580017863,0.17553327662817728,20
credit,variance_global_mag2.5,xgb,max_subgroup_deviation,AOD_star,0.3697744360902255,0.17815703401575714,0.5507979359162689,0.1630345193838027,20
credit,variance_global_mag2.5,xgb,max_subgroup_deviation,BalAcc,-0.4697744360902255,0.15379967117863236,-0.6775650223784704,0.11241403336831417,20
credit,variance_global_mag2.5,xgb,assignment_proportion_drift,DI_star,0.28650328535304,0.19917626689337675,0.4253547533663323,0.16059765885374291,20
credit,variance_global_mag2.5,xgb,assignment_proportion_drift,AOD_star,0.36576514139512023,0.17104851030295337,0.5854594640251615,0.14588365422531402,20
credit,variance_global_mag2.5,xgb,assignment_proportion_drift,BalAcc,-0.42247351259976823,0.13748195277934655,-0.6807183845094522,0.10614554090502189,20
credit,variance_global_mag2.5,xgb,ks_statistic,DI_star,0.3667669172932331,0.09397822532244403,0.45606109371964687,0.13184339364822484,20
credit,variance_global_mag2.5,xgb,ks_statistic,AOD_star,0.3875187969924812,0.1623225210048553,0.594771206416387,0.1512521629056815,20
credit,variance_global_mag2.5,xgb,ks_statistic,BalAcc,-0.50593984962406,0.11414957760345551,-0.7134008872727203,0.08476892261394352,20
credit,variance_global_mag2.5,xgb,kl_divergence,DI_star,0.36443609022556384,0.11992353924890854,0.2739876180232249,0.13575527270272614,20
credit,variance_global_mag2.5,xgb,kl_divergence,AOD_star,0.38248120300751876,0.13418832612666215,0.3345032689594604,0.17380580295021822,20
credit,variance_global_mag2.5,xgb,kl_divergence,BalAcc,-0.4943609022556391,0.11345251780932471,-0.42047100111232716,0.11774461780791604,20
credit,variance_global_mag2.5,xgb,per_subgroup_ewma[min_neg],DI_star,0.3262864533566659,0.09901654827361533,0.3733749821025535,0.07224791111483804,20
credit,variance_global_mag2.5,xgb,per_subgroup_ewma[min_neg],AOD_star,0.32326627845241657,0.18699153336179172,0.4151396033762955,0.17979436021685657,20
credit,variance_global_mag2.5,xgb,per_subgroup_ewma[min_neg],BalAcc,-0.43039727216597967,0.15158064477657474,-0.5356177420537475,0.09934786879853397,20
credit,variance_global_mag2.5,xgb,per_subgroup_baseline_relative[min_neg],DI_star,0.31245507604134687,0.12158635563478885,0.4325153815121173,0.10350655158975414,20
credit,variance_global_mag2.5,xgb,per_subgroup_baseline_relative[min_neg],AOD_star,0.3404879880070764,0.1273546337756945,0.4947763134846248,0.17018029688252362,20
credit,variance_global_mag2.5,xgb,per_subgroup_baseline_relative[min_neg],BalAcc,-0.4136110459090042,0.18824310088886193,-0.6240390241687852,0.1351836358043424,20
credit,variance_global_mag2.5,xgb,per_subgroup_ewma[min_pos],DI_star,0.36353383458646615,0.09281482095414541,0.37509191148430326,0.07189681850135483,20
credit,variance_global_mag2.5,xgb,per_subgroup_ewma[min_pos],AOD_star,0.3870676691729323,0.17134769230454375,0.4406503437868702,0.1756449054315028,20
credit,variance_global_mag2.5,xgb,per_subgroup_ewma[min_pos],BalAcc,-0.5054887218045112,0.10733226892886116,-0.5630208189983054,0.08500857221252113,20
credit,variance_global_mag2.5,xgb,per_subgroup_baseline_relative[min_pos],DI_star,0.36135338345864654,0.10373553174347783,0.439156374937068,0.09390179597470229,20
credit,variance_global_mag2.5,xgb,per_subgroup_baseline_relative[min_pos],AOD_star,0.3798496240601503,0.17447717950077074,0.5449653151051413,0.16099813980042266,20
credit,variance_global_mag2.5,xgb,per_subgroup_baseline_relative[min_pos],BalAcc,-0.5021804511278194,0.09898515515888356,-0.673007031006625,0.06423192989066069,20
credit,variance_global_mag2.5,xgb,per_subgroup_ewma[maj_neg],DI_star,0.3444360902255639,0.100901555301627,0.39515248427236704,0.08978302306686108,20
credit,variance_global_mag2.5,xgb,per_subgroup_ewma[maj_neg],AOD_star,0.3564661654135338,0.18493457520308584,0.47238019760735384,0.18482401228981202,20
credit,variance_global_mag2.5,xgb,per_subgroup_ewma[maj_neg],BalAcc,-0.48187969924812035,0.1096790965118557,-0.6037766414918087,0.09750122181778072,20
credit,variance_global_mag2.5,xgb,per_subgroup_baseline_relative[maj_neg],DI_star,0.2824024525797987,0.16102431738376427,0.3844352665240632,0.17660271229380187,20
credit,variance_global_mag2.5,xgb,per_subgroup_baseline_relative[maj_neg],AOD_star,0.3031908798706734,0.15522711527417296,0.4989776571832979,0.16541413657782508,20
credit,variance_global_mag2.5,xgb,per_subgroup_baseline_relative[maj_neg],BalAcc,-0.42149474514971735,0.14162087683741978,-0.6300096504153553,0.12328339671601311,20
credit,variance_global_mag2.5,xgb,per_subgroup_ewma[maj_pos],DI_star,0.3660150375939849,0.09295179492983047,0.3758579255013903,0.07416247847118779,20
credit,variance_global_mag2.5,xgb,per_subgroup_ewma[maj_pos],AOD_star,0.39,0.16987641535833303,0.43079770610761303,0.1777688983315374,20
credit,variance_global_mag2.5,xgb,per_subgroup_ewma[maj_pos],BalAcc,-0.5054135338345865,0.1084990282000594,-0.5531341661385676,0.0891424882664267,20
credit,variance_global_mag2.5,xgb,per_subgroup_baseline_relative[maj_pos],DI_star,0.36496240601503754,0.0926931979410669,0.44541630733302445,0.09479831182013844,20
credit,variance_global_mag2.5,xgb,per_subgroup_baseline_relative[maj_pos],AOD_star,0.39646616541353374,0.16665377491739194,0.5424357327736367,0.16274676206900707,20
credit,variance_global_mag2.5,xgb,per_subgroup_baseline_relative[maj_pos],BalAcc,-0.5051879699248121,0.11277441077525185,-0.6734806711241307,0.07576822303546239,20
