dataset,scenario,model,signal,metric,spearman_mean,spearman_std,pearson_mean,pearson_std,n_seeds_valid
lsac,no_drift,lr,global_mean,DI_star,-0.00575218542382071,0.21309308764142662,-0.02434096642796429,0.20408028683246615,20
lsac,no_drift,lr,global_mean,AOD_star,0.05390977443609022,0.23365744081774853,0.05614745854319077,0.23714308124575642,20
lsac,no_drift,lr,global_mean,BalAcc,0.04864661654135336,0.24650523574776248,0.06492164294426597,0.2292915271599182,20
lsac,no_drift,lr,global_ewma,DI_star,0.06769720233171364,0.28310706306371686,0.04836948746465448,0.2827810260112825,20
lsac,no_drift,lr,global_ewma,AOD_star,0.056616541353383475,0.23730699093883123,0.05278680137990076,0.25109462012721706,20
lsac,no_drift,lr,global_ewma,BalAcc,-0.02383458646616541,0.20530158829425119,-0.034525070004132616,0.20504068995230013,20
lsac,no_drift,lr,global_std,DI_star,-0.040209714177263045,0.21669760449424683,-0.023259119805358098,0.19400672177820702,20
lsac,no_drift,lr,global_std,AOD_star,0.01827067669172932,0.2156315866814075,0.03403055623382865,0.211014671944744,20
lsac,no_drift,lr,global_std,BalAcc,0.01142857142857141,0.23070600043195685,0.027620113083221876,0.21288431304688255,20
lsac,no_drift,lr,subgroup_violation_diff,DI_star,-0.10392422853239691,0.22105091477228953,-0.11512078392509217,0.20787579753820565,20
lsac,no_drift,lr,subgroup_violation_diff,AOD_star,-0.14533834586466166,0.2619544016466067,-0.15180654344580582,0.22849810194126738,20
lsac,no_drift,lr,subgroup_violation_diff,BalAcc,-0.09706766917293234,0.27066811807641245,-0.05866695436978538,0.29120703436588935,20
lsac,no_drift,lr,max_subgroup_deviation,DI_star,-0.03238435049819135,0.24489563366609027,-0.022904812329643844,0.24007464921022972,20
lsac,no_drift,lr,max_subgroup_deviation,AOD_star,0.049548872180451134,0.24880674014129228,0.05223350854307608,0.2662980525146964,20
lsac,no_drift,lr,max_subgroup_deviation,BalAcc,0.045112781954887216,0.1997612912046138,0.03111578933962686,0.20141065435711825,20
lsac,no_drift,lr,assignment_proportion_drift,DI_star,0.07267330838766282,0.22436897870542344,0.06919859590388036,0.21425768152875524,20
lsac,no_drift,lr,assignment_proportion_drift,AOD_star,0.05497173910924587,0.22080741127215445,0.06194267708174679,0.2194410578828682,20
lsac,no_drift,lr,assignment_proportion_drift,BalAcc,0.04789493481683089,0.230240856576962,0.03268865749936794,0.23895157075280557,20
lsac,no_drift,lr,ks_statistic,DI_star,-0.025336041878549587,0.2563793809497842,-0.04489532770102654,0.2582461961247243,20
lsac,no_drift,lr,ks_statistic,AOD_star,-0.030977443609022548,0.29343867864771905,-0.032329974922682345,0.272188220458098,20
lsac,no_drift,lr,ks_statistic,BalAcc,0.02947368421052631,0.19790319245139115,0.0386299497429589,0.20088802894757954,20
lsac,no_drift,lr,kl_divergence,DI_star,-0.013858390648292213,0.20355622511264082,-0.022448611136376327,0.19816290901258898,20
lsac,no_drift,lr,kl_divergence,AOD_star,-0.013984962406015045,0.18527518025633508,-0.024657999895815554,0.18710488999634092,20
lsac,no_drift,lr,kl_divergence,BalAcc,0.04105263157894736,0.22274534754389522,0.05100604197294221,0.20374855751831966,20
lsac,no_drift,lr,per_subgroup_ewma[min_neg],DI_star,0.014667856753212999,0.2739688575570782,0.024507050011976,0.26250512696976147,20
lsac,no_drift,lr,per_subgroup_ewma[min_neg],AOD_star,0.006917293233082709,0.2244576380381672,0.03156083029560781,0.2245563871426383,20
lsac,no_drift,lr,per_subgroup_ewma[min_neg],BalAcc,-0.021428571428571422,0.2160556766244804,-0.0009405415259239596,0.22470516882939032,20
lsac,no_drift,lr,per_subgroup_baseline_relative[min_neg],DI_star,-0.06864081353688704,0.21203614374365243,-0.07584451600954381,0.18329720182777826,20
lsac,no_drift,lr,per_subgroup_baseline_relative[min_neg],AOD_star,-0.01669172932330826,0.21921898173688467,-0.007955847902331972,0.20723474933456776,20
lsac,no_drift,lr,per_subgroup_baseline_relative[min_neg],BalAcc,0.03721804511278195,0.23849115611491337,0.0708839968309382,0.24004334843573594,20
lsac,no_drift,lr,per_subgroup_ewma[min_pos],DI_star,-0.00716743022167988,0.2154757109472783,-0.021596501922382196,0.22444461394070195,20
lsac,no_drift,lr,per_subgroup_ewma[min_pos],AOD_star,0.010451127819548878,0.2378106345449071,0.027269608296309138,0.24780427713410863,20
lsac,no_drift,lr,per_subgroup_ewma[min_pos],BalAcc,-0.022255639097744355,0.2588902507019736,-0.012132724208770455,0.2636960870206286,20
lsac,no_drift,lr,per_subgroup_baseline_relative[min_pos],DI_star,-0.033494379963872986,0.1868678606550867,-0.03484865403599917,0.1736003246855265,20
lsac,no_drift,lr,per_subgroup_baseline_relative[min_pos],AOD_star,0.01586466165413533,0.24484346798936957,0.010471567783780694,0.22748043708905846,20
lsac,no_drift,lr,per_subgroup_baseline_relative[min_pos],BalAcc,-0.0032330827067669154,0.2745031435232975,-0.03175877396569589,0.26289529855701055,20
lsac,no_drift,lr,per_subgroup_ewma[maj_neg],DI_star,0.05938437892167503,0.33126753797769054,0.08164563581423931,0.3012164212250472,20
lsac,no_drift,lr,per_subgroup_ewma[maj_neg],AOD_star,0.0412781954887218,0.28446282114489885,0.07887407787274567,0.2840300898967412,20
lsac,no_drift,lr,per_subgroup_ewma[maj_neg],BalAcc,-0.001428571428571418,0.22316695105551987,-0.029565558259058496,0.24322277193423297,20
lsac,no_drift,lr,per_subgroup_baseline_relative[maj_neg],DI_star,-0.01468531020304904,0.26939501002584804,-0.005662270284888774,0.2364418710885157,20
lsac,no_drift,lr,per_subgroup_baseline_relative[maj_neg],AOD_star,0.047293233082706776,0.25419782788244405,0.06881484564359124,0.2656265115919842,20
lsac,no_drift,lr,per_subgroup_baseline_relative[maj_neg],BalAcc,0.11015037593984962,0.28613300343138587,0.10380568177448543,0.3107673059764768,20
lsac,no_drift,lr,per_subgroup_ewma[maj_pos],DI_star,0.09697944707845295,0.2521832002755653,0.09411211128209077,0.22817351846624429,20
lsac,no_drift,lr,per_subgroup_ewma[maj_pos],AOD_star,0.0824812030075188,0.23983490420808126,0.07573271835657877,0.24479248815860472,20
lsac,no_drift,lr,per_subgroup_ewma[maj_pos],BalAcc,-0.003834586466165414,0.18089261469694293,0.006854105094795988,0.18927308984201902,20
lsac,no_drift,lr,per_subgroup_baseline_relative[maj_pos],DI_star,0.11477693283789432,0.2217624384328829,0.12096265949441878,0.21931888407584293,20
lsac,no_drift,lr,per_subgroup_baseline_relative[maj_pos],AOD_star,0.16240601503759394,0.23548891385544166,0.1591215860212984,0.24467172913098212,20
lsac,no_drift,lr,per_subgroup_baseline_relative[maj_pos],BalAcc,0.03969924812030075,0.23657648310661233,0.02527188548466744,0.2462364457597871,20
lsac,no_drift,xgb,global_mean,DI_star,-0.0732330827067669,0.20718295806047915,-0.05748906198382627,0.21777203359759054,20
lsac,no_drift,xgb,global_mean,AOD_star,-0.10150375939849625,0.1970731052369491,-0.08116604477938913,0.21705158285690426,20
lsac,no_drift,xgb,global_mean,BalAcc,-0.015413533834586466,0.1784512456670064,-0.013073373086382118,0.20066886439148723,20
lsac,no_drift,xgb,global_ewma,DI_star,0.04714285714285714,0.21024485750527022,0.05107195551292916,0.21799091063300186,20
lsac,no_drift,xgb,global_ewma,AOD_star,-0.0206766917293233,0.20127125796588624,-0.019071301467544457,0.19221346044119594,20
lsac,no_drift,xgb,global_ewma,BalAcc,-0.03879699248120301,0.16823606919682943,-0.01805701087420738,0.15964255216015866,20
lsac,no_drift,xgb,global_std,DI_star,-0.078796992481203,0.21006307789057066,-0.05766220348810262,0.2138769763821967,20
lsac,no_drift,xgb,global_std,AOD_star,-0.11030075187969923,0.2113813330259663,-0.08920142228950212,0.2176891782939275,20
lsac,no_drift,xgb,global_std,BalAcc,-0.03842105263157893,0.1473388607762728,-0.037221921760689544,0.1580053984147264,20
lsac,no_drift,xgb,subgroup_violation_diff,DI_star,0.06406015037593984,0.21527375433175147,0.03042102908784084,0.21408949077668976,20
lsac,no_drift,xgb,subgroup_violation_diff,AOD_star,-0.019097744360902263,0.2052403523644398,-0.030896338066891193,0.2075126132979134,20
lsac,no_drift,xgb,subgroup_violation_diff,BalAcc,-0.05676691729323309,0.24420556080362402,-0.0566540743044171,0.2507106512481604,20
lsac,no_drift,xgb,max_subgroup_deviation,DI_star,-0.057593984962405996,0.1658682062893659,-0.026510630922376238,0.1881927623482903,20
lsac,no_drift,xgb,max_subgroup_deviation,AOD_star,0.0023308270676691708,0.18540473730421608,0.0068731215539484195,0.22303755595660418,20
lsac,no_drift,xgb,max_subgroup_deviation,BalAcc,0.03759398496240602,0.22081363992342912,0.018290230133633432,0.2231877803945941,20
lsac,no_drift,xgb,assignment_proportion_drift,DI_star,0.03349532143313476,0.17242635959483785,0.015767346051323388,0.1715317770401675,20
lsac,no_drift,xgb,assignment_proportion_drift,AOD_star,0.04424609813034008,0.18067963695960518,0.03859435434269387,0.20024229326509335,20
lsac,no_drift,xgb,assignment_proportion_drift,BalAcc,0.012220180411608387,0.1622837009960484,0.019771095706464497,0.15006271831595588,20
lsac,no_drift,xgb,ks_statistic,DI_star,0.02203007518796992,0.32152165033180535,-0.001311384786125145,0.26458901609017105,20
lsac,no_drift,xgb,ks_statistic,AOD_star,0.07090225563909773,0.2599361432648138,0.031573868895267455,0.24240339372040187,20
lsac,no_drift,xgb,ks_statistic,BalAcc,-0.04834586466165414,0.2713464041586049,-0.038524246942450414,0.2417041261523054,20
lsac,no_drift,xgb,kl_divergence,DI_star,-0.09947368421052631,0.26052095601469527,-0.09693476139717125,0.27217843052775026,20
lsac,no_drift,xgb,kl_divergence,AOD_star,-0.07037593984962405,0.2599314999106978,-0.07956741030901585,0.24501819728903074,20
lsac,no_drift,xgb,kl_divergence,BalAcc,-0.025639097744360895,0.2139345361409848,-0.028661406390496823,0.20455314761113905,20
lsac,no_drift,xgb,per_subgroup_ewma[min_neg],DI_star,0.04586466165413533,0.228098789138439,0.02384770482339501,0.21541139427305606,20
lsac,no_drift,xgb,per_subgroup_ewma[min_neg],AOD_star,-0.018721804511278188,0.16484761360559363,-0.03858837835169604,0.15239953534073034,20
lsac,no_drift,xgb,per_subgroup_ewma[min_neg],BalAcc,-0.053909774436090206,0.22257329492804845,-0.034098451537550506,0.2147396477772929,20
lsac,no_drift,xgb,per_subgroup_baseline_relative[min_neg],DI_star,-0.029624060150375924,0.17020809443024904,-0.05651101817579597,0.19704169897497623,20
lsac,no_drift,xgb,per_subgroup_baseline_relative[min_neg],AOD_star,-0.06902255639097743,0.1252135041357547,-0.08070931929389664,0.14933008427051564,20
lsac,no_drift,xgb,per_subgroup_baseline_relative[min_neg],BalAcc,0.0040601503759398385,0.2772416486848684,-0.021112622894547718,0.2692987463626337,20
lsac,no_drift,xgb,per_subgroup_ewma[min_pos],DI_star,0.05082706766917292,0.2518694196084374,0.05355539878821427,0.27815062839552246,20
lsac,no_drift,xgb,per_subgroup_ewma[min_pos],AOD_star,0.010075187969924815,0.25767131206178456,0.04837495744005117,0.2606537194122511,20
lsac,no_drift,xgb,per_subgroup_ewma[min_pos],BalAcc,-0.058345864661654145,0.22036289508186205,-0.018187877464739054,0.2086548661703183,20
lsac,no_drift,xgb,per_subgroup_baseline_relative[min_pos],DI_star,-0.03616541353383458,0.216700273242361,-0.011093191547731012,0.2394970911198659,20
lsac,no_drift,xgb,per_subgroup_baseline_relative[min_pos],AOD_star,-0.05,0.2085253322220178,-0.01711375228638808,0.23289331806645444,20
lsac,no_drift,xgb,per_subgroup_baseline_relative[min_pos],BalAcc,-0.04022556390977443,0.17179677842454882,-0.058800177985501356,0.1515205487155632,20
lsac,no_drift,xgb,per_subgroup_ewma[maj_neg],DI_star,-0.10421052631578946,0.2429072319676589,-0.084219090002253,0.24953591013094056,20
lsac,no_drift,xgb,per_subgroup_ewma[maj_neg],AOD_star,-0.08684210526315786,0.21351364672122863,-0.06271855358664151,0.22807084001600714,20
lsac,no_drift,xgb,per_subgroup_ewma[maj_neg],BalAcc,-0.013308270676691724,0.22500144156924137,0.013741491951679508,0.22430656580778652,20
lsac,no_drift,xgb,per_subgroup_baseline_relative[maj_neg],DI_star,-0.07924812030075187,0.3007455262486804,-0.05780932161336,0.26857342453116173,20
lsac,no_drift,xgb,per_subgroup_baseline_relative[maj_neg],AOD_star,-0.01548872180451127,0.21373658699976392,0.0027140390301484186,0.18718665187333167,20
lsac,no_drift,xgb,per_subgroup_baseline_relative[maj_neg],BalAcc,0.03721804511278196,0.270526221752252,0.06606800386049343,0.27646527347367916,20
lsac,no_drift,xgb,per_subgroup_ewma[maj_pos],DI_star,0.0016541353383458606,0.2450739855822744,0.018930549366418564,0.23815735128842622,20
lsac,no_drift,xgb,per_subgroup_ewma[maj_pos],AOD_star,0.008721804511278197,0.22025152777070547,-0.01284684672625171,0.22824455652518452,20
lsac,no_drift,xgb,per_subgroup_ewma[maj_pos],BalAcc,0.022781954887218042,0.1529998704929254,0.030083694312432584,0.13808604851636652,20
lsac,no_drift,xgb,per_subgroup_baseline_relative[maj_pos],DI_star,-0.06112781954887218,0.20821517405991835,-0.013142525763221979,0.1854710805453857,20
lsac,no_drift,xgb,per_subgroup_baseline_relative[maj_pos],AOD_star,-0.011052631578947371,0.20689471102074533,0.0072875975953060595,0.19625816107461885,20
lsac,no_drift,xgb,per_subgroup_baseline_relative[maj_pos],BalAcc,0.035413533834586466,0.2210114405896266,0.007071370785473106,0.20889692277946828,20
lsac,gradual_group_mag0.5,lr,global_mean,DI_star,0.13827368849847488,0.24367087717734717,0.12559081800039568,0.3038087548418213,20
lsac,gradual_group_mag0.5,lr,global_mean,AOD_star,0.16548872180451127,0.23427272011220743,0.16449915115823688,0.28643194021901136,20
lsac,gradual_group_mag0.5,lr,global_mean,BalAcc,0.07533834586466165,0.22406615524072296,0.06014558490608425,0.21039790987477106,20
lsac,gradual_group_mag0.5,lr,global_ewma,DI_star,0.3217965035709917,0.4274506405896421,0.2913992435047703,0.43048941036163607,20
lsac,gradual_group_mag0.5,lr,global_ewma,AOD_star,0.34285714285714286,0.4240156218289341,0.2895465299001917,0.42685560162282515,20
lsac,gradual_group_mag0.5,lr,global_ewma,BalAcc,-0.019699248120300744,0.2279740412666217,-0.0094101849688703,0.2260846330234288,20
lsac,gradual_group_mag0.5,lr,global_std,DI_star,0.11091008628325368,0.280936961774697,0.08366941303104825,0.31198815893995363,20
lsac,gradual_group_mag0.5,lr,global_std,AOD_star,0.10533834586466165,0.28021961255837613,0.10638051917163086,0.3037622083980132,20
lsac,gradual_group_mag0.5,lr,global_std,BalAcc,0.03556390977443609,0.24308598589845268,0.030721155714910964,0.21571179512072447,20
lsac,gradual_group_mag0.5,lr,subgroup_violation_diff,DI_star,-0.19144292167628257,0.25507007260388,-0.18144742727271154,0.28513691049016376,20
lsac,gradual_group_mag0.5,lr,subgroup_violation_diff,AOD_star,-0.23165413533834583,0.2171958961945656,-0.22094865290709462,0.24540481732346967,20
lsac,gradual_group_mag0.5,lr,subgroup_violation_diff,BalAcc,-0.035789473684210524,0.2716867536797653,-0.01816024845467974,0.2934243387715469,20
lsac,gradual_group_mag0.5,lr,max_subgroup_deviation,DI_star,0.24246582531368738,0.3356528956956015,0.2207383805858217,0.3355957066092686,20
lsac,gradual_group_mag0.5,lr,max_subgroup_deviation,AOD_star,0.25263157894736843,0.31566091188988726,0.24177447551156814,0.3198478525743556,20
lsac,gradual_group_mag0.5,lr,max_subgroup_deviation,BalAcc,-0.0243609022556391,0.2668279422617991,-0.04078076140483145,0.26320269039056265,20
lsac,gradual_group_mag0.5,lr,assignment_proportion_drift,DI_star,0.19463682315764813,0.224279472011591,0.18744204574213127,0.21864851232170063,20
lsac,gradual_group_mag0.5,lr,assignment_proportion_drift,AOD_star,0.1853421922307596,0.2149830551937843,0.16083470938916467,0.2187775318689833,20
lsac,gradual_group_mag0.5,lr,assignment_proportion_drift,BalAcc,-0.01845727493451376,0.18663254409800492,-0.023397963683625275,0.17985205751819777,20
lsac,gradual_group_mag0.5,lr,ks_statistic,DI_star,0.11616470488127421,0.22941408298552507,0.15465947741974664,0.18634621960452405,20
lsac,gradual_group_mag0.5,lr,ks_statistic,AOD_star,0.08609022556390976,0.24565228462846628,0.10556091579409106,0.216688722796342,20
lsac,gradual_group_mag0.5,lr,ks_statistic,BalAcc,-0.02060150375939849,0.2475560227445152,-0.023454929559907172,0.24168975660822628,20
lsac,gradual_group_mag0.5,lr,kl_divergence,DI_star,0.32413693284748946,0.2134415655653595,0.3368261530478002,0.17869476385394603,20
lsac,gradual_group_mag0.5,lr,kl_divergence,AOD_star,0.29872180451127817,0.20198980489656587,0.30075428409333693,0.19405009100491566,20
lsac,gradual_group_mag0.5,lr,kl_divergence,BalAcc,-0.015939849624060146,0.21329458162748124,-0.011180214775013957,0.22761801256921177,20
lsac,gradual_group_mag0.5,lr,per_subgroup_ewma[min_neg],DI_star,0.33340702137761224,0.3745758869909592,0.3242465158861014,0.3713151225562165,20
lsac,gradual_group_mag0.5,lr,per_subgroup_ewma[min_neg],AOD_star,0.34142857142857136,0.37288638905717764,0.3309107767066843,0.35171525602471937,20
lsac,gradual_group_mag0.5,lr,per_subgroup_ewma[min_neg],BalAcc,-0.027969924812030072,0.24394824613387053,0.00042563724916001925,0.2561464102813853,20
lsac,gradual_group_mag0.5,lr,per_subgroup_baseline_relative[min_neg],DI_star,0.07349461070061494,0.22661672982876685,0.06879655007153271,0.24926499536374744,20
lsac,gradual_group_mag0.5,lr,per_subgroup_baseline_relative[min_neg],AOD_star,0.0912781954887218,0.23690635242691835,0.10359045981676288,0.24687991704417037,20
lsac,gradual_group_mag0.5,lr,per_subgroup_baseline_relative[min_neg],BalAcc,0.062180451127819544,0.2568411698139363,0.09212819430093308,0.24646834517277694,20
lsac,gradual_group_mag0.5,lr,per_subgroup_ewma[min_pos],DI_star,0.31205420484101387,0.34175322882000503,0.2880734544194526,0.3540509006312048,20
lsac,gradual_group_mag0.5,lr,per_subgroup_ewma[min_pos],AOD_star,0.31609022556390975,0.3434642428734391,0.2845420311303787,0.3486625766733289,20
lsac,gradual_group_mag0.5,lr,per_subgroup_ewma[min_pos],BalAcc,-0.009774436090225562,0.27396725840971564,0.008830981796040634,0.24826881190274355,20
lsac,gradual_group_mag0.5,lr,per_subgroup_baseline_relative[min_pos],DI_star,0.04201423683661022,0.21895425897799645,0.04578999150049819,0.22678382643976214,20
lsac,gradual_group_mag0.5,lr,per_subgroup_baseline_relative[min_pos],AOD_star,0.06353383458646615,0.2575500776786832,0.06688799097205557,0.26552717857846375,20
lsac,gradual_group_mag0.5,lr,per_subgroup_baseline_relative[min_pos],BalAcc,0.03022556390977444,0.26527905600833557,0.00010378013748215398,0.25711132966285266,20
lsac,gradual_group_mag0.5,lr,per_subgroup_ewma[maj_neg],DI_star,0.05647555509332251,0.3731579035633916,0.08679474278951486,0.4009502950315934,20
lsac,gradual_group_mag0.5,lr,per_subgroup_ewma[maj_neg],AOD_star,0.096390977443609,0.3313027680400956,0.10161956132289687,0.3647569969253306,20
lsac,gradual_group_mag0.5,lr,per_subgroup_ewma[maj_neg],BalAcc,-0.022857142857142854,0.2536831854363322,-0.04258209502300209,0.24499408184121169,20
lsac,gradual_group_mag0.5,lr,per_subgroup_baseline_relative[maj_neg],DI_star,-0.05478680204403954,0.18895290854645583,-0.05413086720263849,0.16904090221088983,20
lsac,gradual_group_mag0.5,lr,per_subgroup_baseline_relative[maj_neg],AOD_star,0.003684210526315796,0.15694269008480596,0.009168691298802979,0.15775969488576655,20
lsac,gradual_group_mag0.5,lr,per_subgroup_baseline_relative[maj_neg],BalAcc,0.07842105263157893,0.25537636875163905,0.07047174738970516,0.2753298177460732,20
lsac,gradual_group_mag0.5,lr,per_subgroup_ewma[maj_pos],DI_star,0.3778199032651887,0.41147490388218694,0.37068260326797564,0.42734194223406813,20
lsac,gradual_group_mag0.5,lr,per_subgroup_ewma[maj_pos],AOD_star,0.3817293233082707,0.43034332957583865,0.35864362575434616,0.4267986877261378,20
lsac,gradual_group_mag0.5,lr,per_subgroup_ewma[maj_pos],BalAcc,0.004360902255639109,0.22694210540141088,-0.004847661204873546,0.2261511831326173,20
lsac,gradual_group_mag0.5,lr,per_subgroup_baseline_relative[maj_pos],DI_star,0.2931864180357602,0.2773609707249156,0.25484665712323423,0.30829729141173473,20
lsac,gradual_group_mag0.5,lr,per_subgroup_baseline_relative[maj_pos],AOD_star,0.3175187969924812,0.2514253673753469,0.2907198830790468,0.27588584146514444,20
lsac,gradual_group_mag0.5,lr,per_subgroup_baseline_relative[maj_pos],BalAcc,0.008796992481203008,0.27292395231448885,0.01313562590967016,0.26553671548891106,20
lsac,gradual_group_mag0.5,xgb,global_mean,DI_star,0.23503759398496243,0.3409530626029019,0.33598500637180645,0.4096146838732145,20
lsac,gradual_group_mag0.5,xgb,global_mean,AOD_star,0.23751879699248116,0.2941122255937532,0.3799009157222495,0.3734661938693468,20
lsac,gradual_group_mag0.5,xgb,global_mean,BalAcc,-0.2670676691729323,0.32046887465280227,-0.2681391084865766,0.3374665026537801,20
lsac,gradual_group_mag0.5,xgb,global_ewma,DI_star,0.40736842105263155,0.5134716108451125,0.4673666892581628,0.573847075428228,20
lsac,gradual_group_mag0.5,xgb,global_ewma,AOD_star,0.2949624060150376,0.4100372406902783,0.4230894480369045,0.5184593842034908,20
lsac,gradual_group_mag0.5,xgb,global_ewma,BalAcc,-0.1975187969924812,0.32434255789398525,-0.2330589815484561,0.3619165346238668,20
lsac,gradual_group_mag0.5,xgb,global_std,DI_star,0.21804511278195488,0.3218561549453857,0.2731572938084673,0.34529235345628556,20
lsac,gradual_group_mag0.5,xgb,global_std,AOD_star,0.2161654135338346,0.23947757931700822,0.287440569679113,0.2978894749306389,20
lsac,gradual_group_mag0.5,xgb,global_std,BalAcc,-0.23721804511278194,0.26148031344997075,-0.2558327984691743,0.2635014660303984,20
lsac,gradual_group_mag0.5,xgb,subgroup_violation_diff,DI_star,-0.16984962406015036,0.27475024762451555,-0.23427066660879908,0.33470052084857005,20
lsac,gradual_group_mag0.5,xgb,subgroup_violation_diff,AOD_star,-0.218796992481203,0.30818649134742443,-0.2726967589169367,0.3413196048927761,20
lsac,gradual_group_mag0.5,xgb,subgroup_violation_diff,BalAcc,0.14293233082706766,0.28803429854307955,0.12995348911320734,0.303360944925794,20
lsac,gradual_group_mag0.5,xgb,max_subgroup_deviation,DI_star,0.2969172932330827,0.28643418407313387,0.3493500865015623,0.3397869599803942,20
lsac,gradual_group_mag0.5,xgb,max_subgroup_deviation,AOD_star,0.29082706766917293,0.3290675698751825,0.35277115982726914,0.3342222032842371,20
lsac,gradual_group_mag0.5,xgb,max_subgroup_deviation,BalAcc,-0.2357894736842105,0.2975006977456329,-0.22372745528275512,0.2935522472806349,20
lsac,gradual_group_mag0.5,xgb,assignment_proportion_drift,DI_star,0.21704748282277353,0.18989588496127807,0.2704127247082547,0.2109467284391205,20
lsac,gradual_group_mag0.5,xgb,assignment_proportion_drift,AOD_star,0.22344926402998116,0.2511192117991298,0.29220440266622766,0.26937928363553204,20
lsac,gradual_group_mag0.5,xgb,assignment_proportion_drift,BalAcc,-0.22134510387412928,0.1740529083845481,-0.22782064893659468,0.1734723799371686,20
lsac,gradual_group_mag0.5,xgb,ks_statistic,DI_star,0.12894736842105264,0.22986814360891658,0.15756794743631367,0.21955298073303717,20
lsac,gradual_group_mag0.5,xgb,ks_statistic,AOD_star,0.05969924812030074,0.203537653666212,0.10151596672527168,0.19509058952677888,20
lsac,gradual_group_mag0.5,xgb,ks_statistic,BalAcc,-0.1377443609022556,0.18549126665753982,-0.1238904773110548,0.1979862436832419,20
lsac,gradual_group_mag0.5,xgb,kl_divergence,DI_star,0.30556390977443604,0.21387804513810382,0.3540654043027043,0.16485170963776477,20
lsac,gradual_group_mag0.5,xgb,kl_divergence,AOD_star,0.18127819548872176,0.21546068845772462,0.20147754408146326,0.18641069278512545,20
lsac,gradual_group_mag0.5,xgb,kl_divergence,BalAcc,-0.19045112781954884,0.20478822192780705,-0.19129069605562435,0.17974856200659858,20
lsac,gradual_group_mag0.5,xgb,per_subgroup_ewma[min_neg],DI_star,0.4866165413533835,0.4064515614944261,0.5297057771042575,0.4463733693460371,20
lsac,gradual_group_mag0.5,xgb,per_subgroup_ewma[min_neg],AOD_star,0.3491729323308271,0.2937911019762675,0.46411134937112763,0.3725922924099126,20
lsac,gradual_group_mag0.5,xgb,per_subgroup_ewma[min_neg],BalAcc,-0.2497744360902255,0.2985486592484685,-0.27349477940546346,0.31114852842379986,20
lsac,gradual_group_mag0.5,xgb,per_subgroup_baseline_relative[min_neg],DI_star,0.23609022556390977,0.2641198315757909,0.26648000561582486,0.3013146823753478,20
lsac,gradual_group_mag0.5,xgb,per_subgroup_baseline_relative[min_neg],AOD_star,0.1892481203007519,0.26368208801733906,0.26306501591214193,0.2809841400797379,20
lsac,gradual_group_mag0.5,xgb,per_subgroup_baseline_relative[min_neg],BalAcc,-0.19864661654135335,0.2992718848008946,-0.21350153854718124,0.30813998692088035,20
lsac,gradual_group_mag0.5,xgb,per_subgroup_ewma[min_pos],DI_star,0.41774436090225553,0.40312746503665275,0.5031275379193793,0.4771926404565201,20
lsac,gradual_group_mag0.5,xgb,per_subgroup_ewma[min_pos],AOD_star,0.3151127819548872,0.380001361236036,0.4526592242096704,0.4777953498989942,20
lsac,gradual_group_mag0.5,xgb,per_subgroup_ewma[min_pos],BalAcc,-0.27909774436090223,0.28844378845212404,-0.3051318230645402,0.3001551321435474,20
lsac,gradual_group_mag0.5,xgb,per_subgroup_baseline_relative[min_pos],DI_star,0.17556390977443606,0.23757013061940063,0.23497465245445529,0.3027881444835687,20
lsac,gradual_group_mag0.5,xgb,per_subgroup_baseline_relative[min_pos],AOD_star,0.14308270676691728,0.2795857458279443,0.24327936590732274,0.32419466888941273,20
lsac,gradual_group_mag0.5,xgb,per_subgroup_baseline_relative[min_pos],BalAcc,-0.2669172932330827,0.24209942551221128,-0.251114284200496,0.2399980211258246,20
lsac,gradual_group_mag0.5,xgb,per_subgroup_ewma[maj_neg],DI_star,0.028045112781954908,0.41369956351008746,0.13085297631670492,0.5329109942206665,20
lsac,gradual_group_mag0.5,xgb,per_subgroup_ewma[maj_neg],AOD_star,0.18714285714285714,0.3919243810325352,0.24787427240063495,0.5095332981240605,20
lsac,gradual_group_mag0.5,xgb,per_subgroup_ewma[maj_neg],BalAcc,-0.13789473684210524,0.3337977016810894,-0.12949912962534632,0.34736602075333467,20
lsac,gradual_group_mag0.5,xgb,per_subgroup_baseline_relative[maj_neg],DI_star,-0.03105263157894737,0.2504020284902078,0.0667516366218008,0.2782033135541564,20
lsac,gradual_group_mag0.5,xgb,per_subgroup_baseline_relative[maj_neg],AOD_star,0.14624060150375937,0.27029918328050406,0.20886759282439465,0.2807523015875644,20
lsac,gradual_group_mag0.5,xgb,per_subgroup_baseline_relative[maj_neg],BalAcc,-0.09436090225563906,0.3078500247538872,-0.08368001248502768,0.3017761837407157,20
lsac,gradual_group_mag0.5,xgb,per_subgroup_ewma[maj_pos],DI_star,0.3848872180451127,0.53928080175551,0.4202105443091604,0.5810373752050692,20
lsac,gradual_group_mag0.5,xgb,per_subgroup_ewma[maj_pos],AOD_star,0.28180451127819545,0.3761543448241437,0.3429653605980612,0.49279714387552725,20
lsac,gradual_group_mag0.5,xgb,per_subgroup_ewma[maj_pos],BalAcc,-0.16248120300751878,0.3090463284126179,-0.17885911002441707,0.3283058591595287,20
lsac,gradual_group_mag0.5,xgb,per_subgroup_baseline_relative[maj_pos],DI_star,0.28022556390977443,0.2957188929249636,0.3427683304798605,0.361585979975775,20
lsac,gradual_group_mag0.5,xgb,per_subgroup_baseline_relative[maj_pos],AOD_star,0.27842105263157896,0.3171493366468576,0.3325392546186336,0.3675194210602452,20
lsac,gradual_group_mag0.5,xgb,per_subgroup_baseline_relative[maj_pos],BalAcc,-0.20511278195488716,0.25003833727193797,-0.2088782424104453,0.2630061019888437,20
lsac,gradual_group_mag1.0,lr,global_mean,DI_star,0.266315003918235,0.2556189761401296,0.2915668663608856,0.278840712436249,20
lsac,gradual_group_mag1.0,lr,global_mean,AOD_star,0.2706015037593985,0.24645670365852038,0.316601655021055,0.26663013952528564,20
lsac,gradual_group_mag1.0,lr,global_mean,BalAcc,0.03887218045112782,0.23709487645206792,0.02701328192438457,0.22460651061004602,20
lsac,gradual_group_mag1.0,lr,global_ewma,DI_star,0.5112423491269019,0.47565086255212885,0.490226236509194,0.4646366450369793,20
lsac,gradual_group_mag1.0,lr,global_ewma,AOD_star,0.5233834586466165,0.472966510831994,0.4960919607065861,0.46423307347769405,20
lsac,gradual_group_mag1.0,lr,global_ewma,BalAcc,-0.06315789473684211,0.2510715348207833,-0.04952325219026802,0.2424741107711366,20
lsac,gradual_group_mag1.0,lr,global_std,DI_star,0.2289534965545632,0.3051881745452154,0.22325418865613314,0.3083821854310361,20
lsac,gradual_group_mag1.0,lr,global_std,AOD_star,0.21601503759398497,0.3047858318581866,0.2337870690445798,0.30155294039477376,20
lsac,gradual_group_mag1.0,lr,global_std,BalAcc,0.029248120300751884,0.2549971927674783,0.01447481679572175,0.22520065561337452,20
lsac,gradual_group_mag1.0,lr,subgroup_violation_diff,DI_star,-0.1041125092117624,0.223023920783349,-0.07337475786245094,0.24348884374515195,20
lsac,gradual_group_mag1.0,lr,subgroup_violation_diff,AOD_star,-0.14082706766917297,0.20688979260771184,-0.1101211192161233,0.22662988061643077,20
lsac,gradual_group_mag1.0,lr,subgroup_violation_diff,BalAcc,-0.05218045112781955,0.26209931017012583,-0.02484042728632329,0.28511476935393504,20
lsac,gradual_group_mag1.0,lr,max_subgroup_deviation,DI_star,0.2902100049383639,0.23698933740271022,0.2878446269428489,0.256663726581965,20
lsac,gradual_group_mag1.0,lr,max_subgroup_deviation,AOD_star,0.29203007518797,0.23372726788081807,0.30347226941311684,0.2446439716388945,20
lsac,gradual_group_mag1.0,lr,max_subgroup_deviation,BalAcc,-0.04781954887218044,0.22791238585867,-0.06781955995191943,0.23545194007385037,20
lsac,gradual_group_mag1.0,lr,assignment_proportion_drift,DI_star,0.20342447042228456,0.2222879766449438,0.18425710356548214,0.23036469974184695,20
lsac,gradual_group_mag1.0,lr,assignment_proportion_drift,AOD_star,0.19678062904835508,0.22222770612510295,0.17504037097189507,0.221441218738869,20
lsac,gradual_group_mag1.0,lr,assignment_proportion_drift,BalAcc,-0.02031185726814519,0.1860655356315212,-0.027618430275217397,0.18030059814674956,20
lsac,gradual_group_mag1.0,lr,ks_statistic,DI_star,0.421234748213369,0.16316803279316047,0.44881815759671334,0.1405348586493066,20
lsac,gradual_group_mag1.0,lr,ks_statistic,AOD_star,0.39278195488721795,0.1632639549946919,0.4053052361580578,0.15355418870800736,20
lsac,gradual_group_mag1.0,lr,ks_statistic,BalAcc,-0.06187969924812029,0.2405626260882928,-0.09726683423791474,0.23039329392761937,20
lsac,gradual_group_mag1.0,lr,kl_divergence,DI_star,0.7306689901939645,0.08065470822535285,0.6957718473492478,0.07977902850646311,20
lsac,gradual_group_mag1.0,lr,kl_divergence,AOD_star,0.7022556390977444,0.1142956070114879,0.6819050238378368,0.08463354886450496,20
lsac,gradual_group_mag1.0,lr,kl_divergence,BalAcc,-0.10714285714285714,0.17780635472199524,-0.1252085704879991,0.20521958732371248,20
lsac,gradual_group_mag1.0,lr,per_subgroup_ewma[min_neg],DI_star,0.5290091959405033,0.32230234539159763,0.534105606465188,0.2994700339988429,20
lsac,gradual_group_mag1.0,lr,per_subgroup_ewma[min_neg],AOD_star,0.5314285714285714,0.3296137696653963,0.5406385717547305,0.29068424381191643,20
lsac,gradual_group_mag1.0,lr,per_subgroup_ewma[min_neg],BalAcc,-0.07330827067669173,0.2531751558949652,-0.05313595426722841,0.26877672496078986,20
lsac,gradual_group_mag1.0,lr,per_subgroup_baseline_relative[min_neg],DI_star,0.19882964183717117,0.20357626237492157,0.19228493893234355,0.20465501649741819,20
lsac,gradual_group_mag1.0,lr,per_subgroup_baseline_relative[min_neg],AOD_star,0.20466165413533832,0.22793684168859385,0.20837802796069402,0.2018685348708951,20
lsac,gradual_group_mag1.0,lr,per_subgroup_baseline_relative[min_neg],BalAcc,0.043233082706766915,0.2556841512709541,0.05733410194643768,0.26317747714178724,20
lsac,gradual_group_mag1.0,lr,per_subgroup_ewma[min_pos],DI_star,0.5267264374633032,0.4045185063934913,0.5061068501392887,0.41543830280687294,20
lsac,gradual_group_mag1.0,lr,per_subgroup_ewma[min_pos],AOD_star,0.5296992481203006,0.4064180330835077,0.5070463416160834,0.42104869577476245,20
lsac,gradual_group_mag1.0,lr,per_subgroup_ewma[min_pos],BalAcc,-0.07390977443609023,0.25051669145419514,-0.04631944671852405,0.2337087895857761,20
lsac,gradual_group_mag1.0,lr,per_subgroup_baseline_relative[min_pos],DI_star,0.24279347101109566,0.28032296077533975,0.2498643962446388,0.28408799065300533,20
lsac,gradual_group_mag1.0,lr,per_subgroup_baseline_relative[min_pos],AOD_star,0.24187969924812033,0.2989798453637705,0.2592797624030186,0.3042535871658498,20
lsac,gradual_group_mag1.0,lr,per_subgroup_baseline_relative[min_pos],BalAcc,-0.022406015037593995,0.22198967675677897,-0.041966751865524565,0.22566888057828977,20
lsac,gradual_group_mag1.0,lr,per_subgroup_ewma[maj_neg],DI_star,0.14749059285072413,0.5016433014861602,0.1358921665586538,0.517532051938049,20
lsac,gradual_group_mag1.0,lr,per_subgroup_ewma[maj_neg],AOD_star,0.15909774436090224,0.4775236686177058,0.15907332891504775,0.4993029368357496,20
lsac,gradual_group_mag1.0,lr,per_subgroup_ewma[maj_neg],BalAcc,-0.013759398496240593,0.25422709337062127,-0.023674222962415708,0.2615183663514123,20
lsac,gradual_group_mag1.0,lr,per_subgroup_baseline_relative[maj_neg],DI_star,0.03756807864339765,0.26026604100042633,0.029937567985267477,0.2567867252484371,20
lsac,gradual_group_mag1.0,lr,per_subgroup_baseline_relative[maj_neg],AOD_star,0.0818796992481203,0.24488456325131172,0.07607415919265131,0.24618804156737825,20
lsac,gradual_group_mag1.0,lr,per_subgroup_baseline_relative[maj_neg],BalAcc,0.11601503759398499,0.26165382205495025,0.10190566916111587,0.2963183456326446,20
lsac,gradual_group_mag1.0,lr,per_subgroup_ewma[maj_pos],DI_star,0.4419287138997463,0.5158356978322348,0.44775182596304247,0.5075743409530277,20
lsac,gradual_group_mag1.0,lr,per_subgroup_ewma[maj_pos],AOD_star,0.44263157894736826,0.5130084113985263,0.45166485631025804,0.4945447975254916,20
lsac,gradual_group_mag1.0,lr,per_subgroup_ewma[maj_pos],BalAcc,-0.06962406015037595,0.2628002295537686,-0.06932772020452849,0.24738253565129398,20
lsac,gradual_group_mag1.0,lr,per_subgroup_baseline_relative[maj_pos],DI_star,0.22484179121437933,0.24027060598559793,0.21708358349944484,0.26602075367865885,20
lsac,gradual_group_mag1.0,lr,per_subgroup_baseline_relative[maj_pos],AOD_star,0.2456390977443609,0.22340433618840072,0.24731992117811705,0.24277692790023175,20
lsac,gradual_group_mag1.0,lr,per_subgroup_baseline_relative[maj_pos],BalAcc,-0.008120300751879691,0.2516456773920068,-0.014451817788805988,0.2584657209798591,20
lsac,gradual_group_mag1.0,xgb,global_mean,DI_star,0.2733082706766917,0.2431946141036393,0.4206336678250979,0.3616938336138651,20
lsac,gradual_group_mag1.0,xgb,global_mean,AOD_star,0.2106015037593985,0.20807948391524453,0.3291781689807491,0.28779281293060754,20
lsac,gradual_group_mag1.0,xgb,global_mean,BalAcc,-0.29889793169776674,0.31915701552993,-0.305074495918155,0.3386940872444287,20
lsac,gradual_group_mag1.0,xgb,global_ewma,DI_star,0.4999999999999999,0.4708987201225294,0.5506836747121585,0.5688694742643075,20
lsac,gradual_group_mag1.0,xgb,global_ewma,AOD_star,0.08481203007518798,0.3074474244803579,0.24616671522901737,0.3766252550878124,20
lsac,gradual_group_mag1.0,xgb,global_ewma,BalAcc,-0.25311236314766195,0.33806587332254795,-0.2840066461656356,0.388911821249385,20
lsac,gradual_group_mag1.0,xgb,global_std,DI_star,0.2547368421052631,0.27685774685956643,0.34038463711171996,0.311982703187919,20
lsac,gradual_group_mag1.0,xgb,global_std,AOD_star,0.1988721804511278,0.1739518005061056,0.26376633462121474,0.22552520553957442,20
lsac,gradual_group_mag1.0,xgb,global_std,BalAcc,-0.2717901500113546,0.26129519648821153,-0.27610960186901,0.27535783910391387,20
lsac,gradual_group_mag1.0,xgb,subgroup_violation_diff,DI_star,-0.17112781954887218,0.22122115206988538,-0.20804734501411987,0.2813215309815118,20
lsac,gradual_group_mag1.0,xgb,subgroup_violation_diff,AOD_star,-0.2509774436090225,0.2663101853424273,-0.25505634413188905,0.278589527775278,20
lsac,gradual_group_mag1.0,xgb,subgroup_violation_diff,BalAcc,0.1412090067103217,0.2730981366222735,0.13127883014769232,0.28480843680736334,20
lsac,gradual_group_mag1.0,xgb,max_subgroup_deviation,DI_star,0.29383458646616545,0.24848248798862535,0.38638672868138657,0.31315801482473987,20
lsac,gradual_group_mag1.0,xgb,max_subgroup_deviation,AOD_star,0.26037593984962404,0.26899489008229105,0.29968256053272657,0.29479502906752136,20
lsac,gradual_group_mag1.0,xgb,max_subgroup_deviation,BalAcc,-0.28178471678129446,0.32342639565352677,-0.27593460847283696,0.32742377749118173,20
lsac,gradual_group_mag1.0,xgb,assignment_proportion_drift,DI_star,0.22778436296471907,0.2190853277138327,0.2934090971245608,0.22133710738269918,20
lsac,gradual_group_mag1.0,xgb,assignment_proportion_drift,AOD_star,0.20889665763382498,0.29325315141589986,0.2513941289361977,0.291213841937186,20
lsac,gradual_group_mag1.0,xgb,assignment_proportion_drift,BalAcc,-0.22183833015298943,0.1796882985310068,-0.22746465227357815,0.19452805502967938,20
lsac,gradual_group_mag1.0,xgb,ks_statistic,DI_star,0.3157142857142857,0.181451160688774,0.3242524216300936,0.14741707722137637,20
lsac,gradual_group_mag1.0,xgb,ks_statistic,AOD_star,-0.05300751879699248,0.1716545634778071,-0.025481942035905612,0.1987786062996685,20
lsac,gradual_group_mag1.0,xgb,ks_statistic,BalAcc,-0.22982201929503804,0.18072877919938174,-0.23625039012181553,0.17410913569320677,20
lsac,gradual_group_mag1.0,xgb,kl_divergence,DI_star,0.5911278195488722,0.17863680639376667,0.4203017314336953,0.12687298009881906,20
lsac,gradual_group_mag1.0,xgb,kl_divergence,AOD_star,-0.07030075187969924,0.17741995190840304,-0.15364551150832945,0.1843938113335137,20
lsac,gradual_group_mag1.0,xgb,kl_divergence,BalAcc,-0.32495347797825674,0.1713542672307286,-0.25461410813858787,0.15398321999655895,20
lsac,gradual_group_mag1.0,xgb,per_subgroup_ewma[min_neg],DI_star,0.5594736842105263,0.3520764423315502,0.6153692851175804,0.40608497713852226,20
lsac,gradual_group_mag1.0,xgb,per_subgroup_ewma[min_neg],AOD_star,0.1564661654135338,0.2749773116209216,0.2726088595302295,0.3065074090244906,20
lsac,gradual_group_mag1.0,xgb,per_subgroup_ewma[min_neg],BalAcc,-0.29766092404930755,0.2800960312274282,-0.3299312785221798,0.3091188277510884,20
lsac,gradual_group_mag1.0,xgb,per_subgroup_baseline_relative[min_neg],DI_star,0.27924812030075186,0.2472896096772518,0.31768118134661083,0.28189014056836,20
lsac,gradual_group_mag1.0,xgb,per_subgroup_baseline_relative[min_neg],AOD_star,0.16819548872180448,0.2020670361941476,0.21378785558711363,0.20598000807508668,20
lsac,gradual_group_mag1.0,xgb,per_subgroup_baseline_relative[min_neg],BalAcc,-0.2352478344934062,0.3078431224449424,-0.2421557957238436,0.3136202699048197,20
lsac,gradual_group_mag1.0,xgb,per_subgroup_ewma[min_pos],DI_star,0.49969924812030087,0.4349882628897345,0.5384015308493768,0.5027282899757631,20
lsac,gradual_group_mag1.0,xgb,per_subgroup_ewma[min_pos],AOD_star,0.05992481203007518,0.24990122985292756,0.16510427348029644,0.3683348711622699,20
lsac,gradual_group_mag1.0,xgb,per_subgroup_ewma[min_pos],BalAcc,-0.32401178897943667,0.2922326424770352,-0.3394316355031985,0.3112398203030461,20
lsac,gradual_group_mag1.0,xgb,per_subgroup_baseline_relative[min_pos],DI_star,0.21744360902255638,0.2695294820051498,0.29817992809787824,0.31609779530064364,20
lsac,gradual_group_mag1.0,xgb,per_subgroup_baseline_relative[min_pos],AOD_star,0.1325563909774436,0.2566720726646635,0.16014466269300015,0.2941442361242974,20
lsac,gradual_group_mag1.0,xgb,per_subgroup_baseline_relative[min_pos],BalAcc,-0.2779773389072162,0.23822319350092486,-0.27073495847392387,0.23544326150405132,20
lsac,gradual_group_mag1.0,xgb,per_subgroup_ewma[maj_neg],DI_star,0.16789473684210526,0.48499452595153164,0.22650070325243704,0.5915359769094602,20
lsac,gradual_group_mag1.0,xgb,per_subgroup_ewma[maj_neg],AOD_star,0.12112781954887215,0.3044477702270145,0.2025703066772615,0.3755369650973967,20
lsac,gradual_group_mag1.0,xgb,per_subgroup_ewma[maj_neg],BalAcc,-0.14986716886555276,0.40204530659466536,-0.14372055782431162,0.4146577862064337,20
lsac,gradual_group_mag1.0,xgb,per_subgroup_baseline_relative[maj_neg],DI_star,0.13165413533834586,0.2751922736834256,0.17777179719268743,0.3052047364201209,20
lsac,gradual_group_mag1.0,xgb,per_subgroup_baseline_relative[maj_neg],AOD_star,0.1726315789473684,0.17721190428334596,0.2114216700735389,0.21729176851715226,20
lsac,gradual_group_mag1.0,xgb,per_subgroup_baseline_relative[maj_neg],BalAcc,-0.12354164485467753,0.32088339877078614,-0.11572796429149486,0.3213106984701883,20
lsac,gradual_group_mag1.0,xgb,per_subgroup_ewma[maj_pos],DI_star,0.44082706766917285,0.5055484503815563,0.4831763992658683,0.5888601157554725,20
lsac,gradual_group_mag1.0,xgb,per_subgroup_ewma[maj_pos],AOD_star,0.09180451127819546,0.22292616862497308,0.18897938681002863,0.3477642271931766,20
lsac,gradual_group_mag1.0,xgb,per_subgroup_ewma[maj_pos],BalAcc,-0.23646018037636898,0.3309708840889194,-0.2665568983693124,0.34415153021628303,20
lsac,gradual_group_mag1.0,xgb,per_subgroup_baseline_relative[maj_pos],DI_star,0.27932330827067664,0.23661637410966704,0.3366483893894904,0.3143681827822253,20
lsac,gradual_group_mag1.0,xgb,per_subgroup_baseline_relative[maj_pos],AOD_star,0.2633834586466165,0.2693015507388867,0.2855198392213335,0.30555046622551674,20
lsac,gradual_group_mag1.0,xgb,per_subgroup_baseline_relative[maj_pos],BalAcc,-0.2354284752172517,0.24194028202272932,-0.23071845345969239,0.25575342687004315,20
lsac,gradual_group_mag2.0,lr,global_mean,DI_star,0.6664806458506085,0.09772916920380222,0.6937274705291923,0.08137801713406229,20
lsac,gradual_group_mag2.0,lr,global_mean,AOD_star,0.614812030075188,0.13975441419084889,0.634657802910319,0.12884899757648843,20
lsac,gradual_group_mag2.0,lr,global_mean,BalAcc,-0.18226714991393456,0.20315136388426075,-0.22747996355433875,0.18897299160069675,20
lsac,gradual_group_mag2.0,lr,global_ewma,DI_star,0.8356555296465882,0.12962776878104973,0.8391168682373653,0.12256992212280463,20
lsac,gradual_group_mag2.0,lr,global_ewma,AOD_star,0.7766917293233082,0.1723917670991259,0.764221248448413,0.1958333251984353,20
lsac,gradual_group_mag2.0,lr,global_ewma,BalAcc,-0.29655391063748426,0.1844450443234722,-0.3061653671112509,0.1893125546923741,20
lsac,gradual_group_mag2.0,lr,global_std,DI_star,0.6849380339135369,0.09582676302034696,0.7028871750730344,0.09393370827752906,20
lsac,gradual_group_mag2.0,lr,global_std,AOD_star,0.6211278195488721,0.1616387298132306,0.6256813876298911,0.1566238986285321,20
lsac,gradual_group_mag2.0,lr,global_std,BalAcc,-0.2241103440380834,0.19048353282690705,-0.26287828596251483,0.1891013322748497,20
lsac,gradual_group_mag2.0,lr,subgroup_violation_diff,DI_star,-0.2941436250022374,0.3290492698775157,-0.30741925720375357,0.3360761204548915,20
lsac,gradual_group_mag2.0,lr,subgroup_violation_diff,AOD_star,-0.2766165413533835,0.2995070006517805,-0.29633184622950615,0.292529654617893,20
lsac,gradual_group_mag2.0,lr,subgroup_violation_diff,BalAcc,0.05809222369479936,0.24322392746604246,0.0903662790132083,0.28299501542261873,20
lsac,gradual_group_mag2.0,lr,max_subgroup_deviation,DI_star,0.5299764197974018,0.16795552071190034,0.557583633571717,0.1587259792270261,20
lsac,gradual_group_mag2.0,lr,max_subgroup_deviation,AOD_star,0.4830827067669173,0.1642273773336308,0.4973436571905417,0.16606333648820082,20
lsac,gradual_group_mag2.0,lr,max_subgroup_deviation,BalAcc,-0.20173961799400342,0.20736332566135487,-0.24643741177440415,0.21131200582099324,20
lsac,gradual_group_mag2.0,lr,assignment_proportion_drift,DI_star,0.3100387110375619,0.20969896330912416,0.32455913228493144,0.22919487324028584,20
lsac,gradual_group_mag2.0,lr,assignment_proportion_drift,AOD_star,0.28251318229756567,0.23863407779188925,0.3130168243006505,0.2257659039579607,20
lsac,gradual_group_mag2.0,lr,assignment_proportion_drift,BalAcc,-0.08942854017964076,0.23075826791527784,-0.10942945903707654,0.21974138885532749,20
lsac,gradual_group_mag2.0,lr,ks_statistic,DI_star,0.7596762052776722,0.08608105307496532,0.7515638750639282,0.0747081459461714,20
lsac,gradual_group_mag2.0,lr,ks_statistic,AOD_star,0.6926315789473683,0.08276607579568726,0.6875661122163186,0.09313692755119862,20
lsac,gradual_group_mag2.0,lr,ks_statistic,BalAcc,-0.2965154257662566,0.20015440960800404,-0.3245666827742957,0.19408926368098445,20
lsac,gradual_group_mag2.0,lr,kl_divergence,DI_star,0.8823847256853922,0.030193050767083323,0.857142938314676,0.045544708473669704,20
lsac,gradual_group_mag2.0,lr,kl_divergence,AOD_star,0.8271428571428571,0.052110145264884736,0.785299984604108,0.09351095568910148,20
lsac,gradual_group_mag2.0,lr,kl_divergence,BalAcc,-0.3205017457132473,0.17341699510774655,-0.32325276982944,0.17807890291362644,20
lsac,gradual_group_mag2.0,lr,per_subgroup_ewma[min_neg],DI_star,0.8056546529013747,0.12539121294085803,0.8258826130922415,0.09705732874756548,20
lsac,gradual_group_mag2.0,lr,per_subgroup_ewma[min_neg],AOD_star,0.7820300751879699,0.12402457908813307,0.7745339584890403,0.14899451993216659,20
lsac,gradual_group_mag2.0,lr,per_subgroup_ewma[min_neg],BalAcc,-0.2558391017042808,0.1866306298522726,-0.26321561111539843,0.19823072626738567,20
lsac,gradual_group_mag2.0,lr,per_subgroup_baseline_relative[min_neg],DI_star,0.47192944039660534,0.2162775226961673,0.5069890768822484,0.18908143571414315,20
lsac,gradual_group_mag2.0,lr,per_subgroup_baseline_relative[min_neg],AOD_star,0.47932330827067665,0.18725812597503613,0.49153191256762724,0.1570851585632855,20
lsac,gradual_group_mag2.0,lr,per_subgroup_baseline_relative[min_neg],BalAcc,-0.04560836216953638,0.23598648486450716,-0.08551123145584287,0.2652463537436495,20
lsac,gradual_group_mag2.0,lr,per_subgroup_ewma[min_pos],DI_star,0.6957650450185024,0.30338772689593485,0.7099119434650233,0.2959329831200881,20
lsac,gradual_group_mag2.0,lr,per_subgroup_ewma[min_pos],AOD_star,0.6311278195488722,0.3328302646627416,0.6322062622724249,0.34187049333684927,20
lsac,gradual_group_mag2.0,lr,per_subgroup_ewma[min_pos],BalAcc,-0.24516071304873782,0.21099998524251876,-0.25708831469791293,0.21961762826685555,20
lsac,gradual_group_mag2.0,lr,per_subgroup_baseline_relative[min_pos],DI_star,0.4744823243931949,0.2363066978485865,0.49579085917415633,0.23775643388637777,20
lsac,gradual_group_mag2.0,lr,per_subgroup_baseline_relative[min_pos],AOD_star,0.42300751879699244,0.22999118816489691,0.43193211039296414,0.23979672148173473,20
lsac,gradual_group_mag2.0,lr,per_subgroup_baseline_relative[min_pos],BalAcc,-0.19109210632380322,0.22071610300820987,-0.206501277532854,0.2089367292875818,20
lsac,gradual_group_mag2.0,lr,per_subgroup_ewma[maj_neg],DI_star,0.6320350245561107,0.3166832874490441,0.640127810824848,0.2660931884923715,20
lsac,gradual_group_mag2.0,lr,per_subgroup_ewma[maj_neg],AOD_star,0.5737593984962406,0.3491580611807343,0.5676834859833331,0.29675105985675987,20
lsac,gradual_group_mag2.0,lr,per_subgroup_ewma[maj_neg],BalAcc,-0.1972300932889417,0.24609082705759444,-0.22319205985903107,0.2228315222368475,20
lsac,gradual_group_mag2.0,lr,per_subgroup_baseline_relative[maj_neg],DI_star,0.48568241885531477,0.24268875879179366,0.5039026075622697,0.22048291890231042,20
lsac,gradual_group_mag2.0,lr,per_subgroup_baseline_relative[maj_neg],AOD_star,0.4504511278195489,0.22582464879902053,0.4624429811956949,0.2149135624413118,20
lsac,gradual_group_mag2.0,lr,per_subgroup_baseline_relative[maj_neg],BalAcc,-0.07816690258685828,0.23755189331012092,-0.12160922464985931,0.22061575810984901,20
lsac,gradual_group_mag2.0,lr,per_subgroup_ewma[maj_pos],DI_star,0.581219298010506,0.47898704526079994,0.589485260899668,0.4812384063884934,20
lsac,gradual_group_mag2.0,lr,per_subgroup_ewma[maj_pos],AOD_star,0.5632330827067669,0.47243072601916136,0.5625846345882154,0.467680551300154,20
lsac,gradual_group_mag2.0,lr,per_subgroup_ewma[maj_pos],BalAcc,-0.21929870991234668,0.2249457942394324,-0.2235390491468075,0.2456715685024083,20
lsac,gradual_group_mag2.0,lr,per_subgroup_baseline_relative[maj_pos],DI_star,0.359224426969739,0.2532574551013741,0.3990503370879927,0.24527087246752682,20
lsac,gradual_group_mag2.0,lr,per_subgroup_baseline_relative[maj_pos],AOD_star,0.343984962406015,0.2118416882930829,0.38731886698850754,0.20830563667668975,20
lsac,gradual_group_mag2.0,lr,per_subgroup_baseline_relative[maj_pos],BalAcc,-0.11576230165444737,0.24132622841209078,-0.14790199312440017,0.2554742248263492,20
lsac,gradual_group_mag2.0,xgb,global_mean,DI_star,0.213984962406015,0.19914004729698895,0.47147346635014775,0.24916509554588664,20
lsac,gradual_group_mag2.0,xgb,global_mean,AOD_star,-0.2506766917293233,0.2727286880870257,-0.17867870002765637,0.299881091211404,20
lsac,gradual_group_mag2.0,xgb,global_mean,BalAcc,-0.4742105263157894,0.19300754808720058,-0.5062314824146884,0.18694720333470666,20
lsac,gradual_group_mag2.0,xgb,global_ewma,DI_star,0.25255639097744365,0.28970754150982286,0.4922812975803682,0.2745302193617386,20
lsac,gradual_group_mag2.0,xgb,global_ewma,AOD_star,-0.4161654135338345,0.2361193770614092,-0.35549144512468844,0.20962029353084283,20
lsac,gradual_group_mag2.0,xgb,global_ewma,BalAcc,-0.470375939849624,0.1725452352775092,-0.49991379839293704,0.18662022212297885,20
lsac,gradual_group_mag2.0,xgb,global_std,DI_star,0.17338345864661653,0.17894237688116352,0.3690198663833867,0.17564360533127285,20
lsac,gradual_group_mag2.0,xgb,global_std,AOD_star,-0.300375939849624,0.2084298813349951,-0.29881882251390424,0.188995701080907,20
lsac,gradual_group_mag2.0,xgb,global_std,BalAcc,-0.46789473684210525,0.20363493965504176,-0.46820599460647633,0.17983541171927103,20
lsac,gradual_group_mag2.0,xgb,subgroup_violation_diff,DI_star,-0.12383458646616541,0.20015103969430623,-0.19879779381038482,0.22648875307149177,20
lsac,gradual_group_mag2.0,xgb,subgroup_violation_diff,AOD_star,0.04112781954887219,0.3340415517085413,0.08317588422275893,0.30583435945921417,20
lsac,gradual_group_mag2.0,xgb,subgroup_violation_diff,BalAcc,0.23699248120300753,0.26774958663686843,0.24271199420178097,0.2853845129492299,20
lsac,gradual_group_mag2.0,xgb,max_subgroup_deviation,DI_star,0.2333834586466165,0.2185767953798984,0.3805839612009064,0.20176630781594806,20
lsac,gradual_group_mag2.0,xgb,max_subgroup_deviation,AOD_star,-0.10210526315789473,0.2997128291819628,-0.13973580429863003,0.3107132855991383,20
lsac,gradual_group_mag2.0,xgb,max_subgroup_deviation,BalAcc,-0.3676691729323308,0.19923506837659677,-0.37226315258234605,0.1931753900288671,20
lsac,gradual_group_mag2.0,xgb,assignment_proportion_drift,DI_star,0.2553746697633213,0.18115355606099506,0.3570640618975696,0.19253499578527494,20
lsac,gradual_group_mag2.0,xgb,assignment_proportion_drift,AOD_star,0.06189388762576394,0.24343457762475834,0.05775241997167455,0.2638836573898506,20
lsac,gradual_group_mag2.0,xgb,assignment_proportion_drift,BalAcc,-0.2501443275673804,0.2016647684675766,-0.26785254600573494,0.18975972880934497,20
lsac,gradual_group_mag2.0,xgb,ks_statistic,DI_star,0.24233082706766923,0.1830207240958899,0.3635956089343588,0.11357493274849212,20
lsac,gradual_group_mag2.0,xgb,ks_statistic,AOD_star,-0.3657142857142857,0.15805620100891365,-0.4068399394347811,0.10004338508057127,20
lsac,gradual_group_mag2.0,xgb,ks_statistic,BalAcc,-0.4356390977443609,0.1684519976941911,-0.4299371981943433,0.14967626230953626,20
lsac,gradual_group_mag2.0,xgb,kl_divergence,DI_star,0.279624060150376,0.17589516494441382,0.32269110870934337,0.0952808781487073,20
lsac,gradual_group_mag2.0,xgb,kl_divergence,AOD_star,-0.4685714285714285,0.17170232725670737,-0.5518248984472041,0.10542829863929336,20
lsac,gradual_group_mag2.0,xgb,kl_divergence,BalAcc,-0.4971428571428572,0.14452715990124804,-0.4495122955268037,0.12435256191874665,20
lsac,gradual_group_mag2.0,xgb,per_subgroup_ewma[min_neg],DI_star,0.31766917293233077,0.2488464539323159,0.5118955970875511,0.2379402094996937,20
lsac,gradual_group_mag2.0,xgb,per_subgroup_ewma[min_neg],AOD_star,-0.3572932330827067,0.2437660312744146,-0.33583518659996087,0.23778397588651293,20
lsac,gradual_group_mag2.0,xgb,per_subgroup_ewma[min_neg],BalAcc,-0.4744360902255639,0.16354273590846738,-0.497238056923333,0.16388053340032815,20
lsac,gradual_group_mag2.0,xgb,per_subgroup_baseline_relative[min_neg],DI_star,0.22210526315789472,0.2144606066403665,0.36306221130924965,0.21586227317957704,20
lsac,gradual_group_mag2.0,xgb,per_subgroup_baseline_relative[min_neg],AOD_star,-0.14842105263157895,0.2907055518970733,-0.13133476729156107,0.2920718862789888,20
lsac,gradual_group_mag2.0,xgb,per_subgroup_baseline_relative[min_neg],BalAcc,-0.3903007518796992,0.18275934451877449,-0.4070772369063361,0.14074989138718857,20
lsac,gradual_group_mag2.0,xgb,per_subgroup_ewma[min_pos],DI_star,0.26473684210526316,0.32028856448979925,0.4046290122667739,0.3887947884143169,20
lsac,gradual_group_mag2.0,xgb,per_subgroup_ewma[min_pos],AOD_star,-0.2934586466165413,0.28230024963819195,-0.29730238897447275,0.2715456606416086,20
lsac,gradual_group_mag2.0,xgb,per_subgroup_ewma[min_pos],BalAcc,-0.4427819548872181,0.2305932910373707,-0.4349804523469608,0.2559300714432228,20
lsac,gradual_group_mag2.0,xgb,per_subgroup_baseline_relative[min_pos],DI_star,0.19593984962406014,0.19613836532572745,0.33909008289211245,0.2440719802504717,20
lsac,gradual_group_mag2.0,xgb,per_subgroup_baseline_relative[min_pos],AOD_star,-0.12398496240601505,0.3309024093976917,-0.11914468270239449,0.3186489836524024,20
lsac,gradual_group_mag2.0,xgb,per_subgroup_baseline_relative[min_pos],BalAcc,-0.34436090225563903,0.21530242906247307,-0.35319606247291013,0.23488442266552384,20
lsac,gradual_group_mag2.0,xgb,per_subgroup_ewma[maj_neg],DI_star,0.14654135338345867,0.3474265078537221,0.28149578422712457,0.30558265803915247,20
lsac,gradual_group_mag2.0,xgb,per_subgroup_ewma[maj_neg],AOD_star,-0.35060150375939847,0.21937745651435075,-0.34188161375673515,0.1828175390316636,20
lsac,gradual_group_mag2.0,xgb,per_subgroup_ewma[maj_neg],BalAcc,-0.3225563909774435,0.3303237798530936,-0.3601610625125224,0.2774023756471635,20
lsac,gradual_group_mag2.0,xgb,per_subgroup_baseline_relative[maj_neg],DI_star,0.13684210526315793,0.19545575199131077,0.2720645446555686,0.18030909974293644,20
lsac,gradual_group_mag2.0,xgb,per_subgroup_baseline_relative[maj_neg],AOD_star,-0.22428571428571425,0.26109190091322804,-0.2134530887010638,0.22775013125483176,20
lsac,gradual_group_mag2.0,xgb,per_subgroup_baseline_relative[maj_neg],BalAcc,-0.33421052631578946,0.24827330666281652,-0.3596652173798808,0.23288222102157774,20
lsac,gradual_group_mag2.0,xgb,per_subgroup_ewma[maj_pos],DI_star,0.20879699248120293,0.3681712441407591,0.3840852854279635,0.48685607327091157,20
lsac,gradual_group_mag2.0,xgb,per_subgroup_ewma[maj_pos],AOD_star,-0.2622556390977444,0.3422466534227496,-0.2123570075746457,0.3114850642048116,20
lsac,gradual_group_mag2.0,xgb,per_subgroup_ewma[maj_pos],BalAcc,-0.32375939849624064,0.34680359638814057,-0.3526200961933415,0.36065304930591197,20
lsac,gradual_group_mag2.0,xgb,per_subgroup_baseline_relative[maj_pos],DI_star,0.16616541353383457,0.21940179438584248,0.3046306986386352,0.2485451719437615,20
lsac,gradual_group_mag2.0,xgb,per_subgroup_baseline_relative[maj_pos],AOD_star,-0.019624060150375926,0.29728242247621145,-0.05929627799787229,0.300922468514691,20
lsac,gradual_group_mag2.0,xgb,per_subgroup_baseline_relative[maj_pos],BalAcc,-0.2839097744360902,0.21188210055363751,-0.29895850822911957,0.2268102649284973,20
lsac,gradual_global_mag0.5,lr,global_mean,DI_star,0.43799474195559807,0.221759944208774,0.40734314325699417,0.16056699276661274,20
lsac,gradual_global_mag0.5,lr,global_mean,AOD_star,0.13894736842105262,0.29106948088816464,0.08709759572268909,0.25871697871521265,20
lsac,gradual_global_mag0.5,lr,global_mean,BalAcc,-0.05541353383458645,0.24190916964119552,-0.06873053697624058,0.2225091606160111,20
lsac,gradual_global_mag0.5,lr,global_ewma,DI_star,0.5276450924133154,0.21788771572622342,0.5263369544698787,0.1911602091223963,20
lsac,gradual_global_mag0.5,lr,global_ewma,AOD_star,0.1469924812030075,0.2905739756826118,0.13531614155361313,0.29805431470730237,20
lsac,gradual_global_mag0.5,lr,global_ewma,BalAcc,-0.12082706766917292,0.22482448980987643,-0.12652785050991236,0.23258733849802402,20
lsac,gradual_global_mag0.5,lr,global_std,DI_star,0.10533585281827582,0.31745658328456905,0.07128961627360753,0.27049791810757473,20
lsac,gradual_global_mag0.5,lr,global_std,AOD_star,0.0010526315789473745,0.24797266056297615,-0.027238585334208955,0.2398524487208712,20
lsac,gradual_global_mag0.5,lr,global_std,BalAcc,0.0021052631578947377,0.246708858569372,0.037485654498234856,0.2092500027615804,20
lsac,gradual_global_mag0.5,lr,subgroup_violation_diff,DI_star,0.09458453972047902,0.22606658149272696,0.12371766141725338,0.2820254981656679,20
lsac,gradual_global_mag0.5,lr,subgroup_violation_diff,AOD_star,0.06488721804511276,0.21387945924701293,0.11842104420091315,0.2107732769130208,20
lsac,gradual_global_mag0.5,lr,subgroup_violation_diff,BalAcc,-0.06563909774436091,0.2520115354675376,-0.051212535894829235,0.237770843593292,20
lsac,gradual_global_mag0.5,lr,max_subgroup_deviation,DI_star,0.2081906848051279,0.2588827829595804,0.2839846744659369,0.20745586880501074,20
lsac,gradual_global_mag0.5,lr,max_subgroup_deviation,AOD_star,-0.00139984388310688,0.26990865779410317,0.010920351916083253,0.28782779191314295,20
lsac,gradual_global_mag0.5,lr,max_subgroup_deviation,BalAcc,0.025670257550740323,0.2881577359759616,-0.02187422360822188,0.2640840721527319,20
lsac,gradual_global_mag0.5,lr,assignment_proportion_drift,DI_star,0.0608437350681002,0.2580581143163977,0.25113787505044377,0.21620558333308035,20
lsac,gradual_global_mag0.5,lr,assignment_proportion_drift,AOD_star,-0.09741623226655939,0.22558475929001737,0.01730264323992748,0.2603946385758759,20
lsac,gradual_global_mag0.5,lr,assignment_proportion_drift,BalAcc,-0.03677526373971944,0.26648744024310905,-0.035209480002142135,0.25301471301582745,20
lsac,gradual_global_mag0.5,lr,ks_statistic,DI_star,0.5407267792976203,0.2129206546379045,0.5416374320217197,0.19178605288239411,20
lsac,gradual_global_mag0.5,lr,ks_statistic,AOD_star,0.15654135338345862,0.3040298431308369,0.1378861632859619,0.3169734309264762,20
lsac,gradual_global_mag0.5,lr,ks_statistic,BalAcc,-0.13774436090225564,0.22540866838308937,-0.1381606548166628,0.21377795828924975,20
lsac,gradual_global_mag0.5,lr,kl_divergence,DI_star,0.5150857551083249,0.1817842608191548,0.4240199385609246,0.17587426623069227,20
lsac,gradual_global_mag0.5,lr,kl_divergence,AOD_star,0.13210526315789473,0.2670048675567533,0.11958374688831805,0.24217555852438666,20
lsac,gradual_global_mag0.5,lr,kl_divergence,BalAcc,-0.12248120300751879,0.21783317415683656,-0.11096089350180412,0.17198834347598405,20
lsac,gradual_global_mag0.5,lr,per_subgroup_ewma[min_neg],DI_star,0.5317037696254818,0.21666215849223514,0.5160471637068947,0.19107356415168608,20
lsac,gradual_global_mag0.5,lr,per_subgroup_ewma[min_neg],AOD_star,0.15172932330827066,0.2959289609220005,0.1299142393156923,0.29798796292613033,20
lsac,gradual_global_mag0.5,lr,per_subgroup_ewma[min_neg],BalAcc,-0.12240601503759399,0.21818787133757944,-0.11688551456553217,0.23538058255223887,20
lsac,gradual_global_mag0.5,lr,per_subgroup_baseline_relative[min_neg],DI_star,0.3320593118228582,0.190654594755362,0.37478107960582435,0.15876518173422435,20
lsac,gradual_global_mag0.5,lr,per_subgroup_baseline_relative[min_neg],AOD_star,0.088796992481203,0.2063393939674508,0.07393227413778258,0.25450595871675047,20
lsac,gradual_global_mag0.5,lr,per_subgroup_baseline_relative[min_neg],BalAcc,-0.021052631578947368,0.20836375868433968,-0.05554505783158413,0.22331615807981092,20
lsac,gradual_global_mag0.5,lr,per_subgroup_ewma[min_pos],DI_star,0.5285483679350255,0.2128332042348948,0.4964707804383832,0.19369504685604538,20
lsac,gradual_global_mag0.5,lr,per_subgroup_ewma[min_pos],AOD_star,0.14112781954887216,0.2945093778551676,0.10031864224873303,0.30156662259708844,20
lsac,gradual_global_mag0.5,lr,per_subgroup_ewma[min_pos],BalAcc,-0.14300751879699244,0.22739353205011353,-0.12448950227824362,0.24148803542426384,20
lsac,gradual_global_mag0.5,lr,per_subgroup_baseline_relative[min_pos],DI_star,0.19463218800427984,0.27080172739263214,0.29338074452302104,0.20823933195144423,20
lsac,gradual_global_mag0.5,lr,per_subgroup_baseline_relative[min_pos],AOD_star,-0.029154637997176592,0.2605819619721832,0.014215002866882698,0.2799887776670302,20
lsac,gradual_global_mag0.5,lr,per_subgroup_baseline_relative[min_pos],BalAcc,-0.04384904746013048,0.30561143292801746,-0.04218316242698966,0.26774205012366925,20
lsac,gradual_global_mag0.5,lr,per_subgroup_ewma[maj_neg],DI_star,0.47869738403139184,0.23917239624450187,0.4812780523274979,0.20697348456266593,20
lsac,gradual_global_mag0.5,lr,per_subgroup_ewma[maj_neg],AOD_star,0.12842105263157894,0.28921026975981834,0.11054068112556995,0.30184261193519885,20
lsac,gradual_global_mag0.5,lr,per_subgroup_ewma[maj_neg],BalAcc,-0.11353383458646613,0.22423442785718858,-0.10313886748758101,0.230133099284138,20
lsac,gradual_global_mag0.5,lr,per_subgroup_baseline_relative[maj_neg],DI_star,0.26414498351414784,0.2081736731983307,0.28606536723962,0.19807570047082884,20
lsac,gradual_global_mag0.5,lr,per_subgroup_baseline_relative[maj_neg],AOD_star,0.08819669844178699,0.2227433282733736,0.06276284171104009,0.24614317180618717,20
lsac,gradual_global_mag0.5,lr,per_subgroup_baseline_relative[maj_neg],BalAcc,-0.01594079518660329,0.23509841744719723,-0.02329511177379618,0.2257933178350601,20
lsac,gradual_global_mag0.5,lr,per_subgroup_ewma[maj_pos],DI_star,0.5333603980102134,0.21421607721443237,0.4988068414881255,0.19221924962378523,20
lsac,gradual_global_mag0.5,lr,per_subgroup_ewma[maj_pos],AOD_star,0.15338345864661654,0.28841971978648806,0.11499737196964506,0.2990982881681165,20
lsac,gradual_global_mag0.5,lr,per_subgroup_ewma[maj_pos],BalAcc,-0.12150375939849622,0.22488197669626075,-0.10849235113696423,0.2388451190374792,20
lsac,gradual_global_mag0.5,lr,per_subgroup_baseline_relative[maj_pos],DI_star,0.4583137384020299,0.19041425931354625,0.33738068330844906,0.16840181853232805,20
lsac,gradual_global_mag0.5,lr,per_subgroup_baseline_relative[maj_pos],AOD_star,0.16481203007518797,0.2967410756611058,0.056463324713348695,0.26983783861823807,20
lsac,gradual_global_mag0.5,lr,per_subgroup_baseline_relative[maj_pos],BalAcc,-0.054210526315789466,0.19600595253092148,-0.040447725584794494,0.23828009974757608,20
lsac,gradual_global_mag0.5,xgb,global_mean,DI_star,0.5706766917293233,0.14744397326775374,0.7039285555103053,0.1334763929567476,20
lsac,gradual_global_mag0.5,xgb,global_mean,AOD_star,0.11466165413533835,0.19835485680221576,0.10362129606033213,0.22082357699088848,20
lsac,gradual_global_mag0.5,xgb,global_mean,BalAcc,-0.49406015037593987,0.1300473480572712,-0.9087832815125905,0.08146923241562883,20
lsac,gradual_global_mag0.5,xgb,global_ewma,DI_star,0.6438345864661653,0.13531100392147546,0.7070022210769089,0.12927357058881345,20
lsac,gradual_global_mag0.5,xgb,global_ewma,AOD_star,0.1837593984962406,0.18976621408973116,0.19010317645617766,0.2102711403047929,20
lsac,gradual_global_mag0.5,xgb,global_ewma,BalAcc,-0.538045112781955,0.12507680946132044,-0.7689204626648742,0.07350304860402286,20
lsac,gradual_global_mag0.5,xgb,global_std,DI_star,0.08067669172932332,0.3962197066868143,0.06494268600666214,0.521529908397063,20
lsac,gradual_global_mag0.5,xgb,global_std,AOD_star,0.03300751879699248,0.17954186646450027,-0.003895028826247046,0.2276729654413389,20
lsac,gradual_global_mag0.5,xgb,global_std,BalAcc,-0.026541353383458623,0.4242308287140763,-0.0624881019675686,0.6870107098572737,20
lsac,gradual_global_mag0.5,xgb,subgroup_violation_diff,DI_star,0.08240601503759397,0.42598735541940375,0.12901638045528827,0.6533457832480207,20
lsac,gradual_global_mag0.5,xgb,subgroup_violation_diff,AOD_star,0.029097744360902254,0.27374504611806527,0.03511266856725881,0.226940891432566,20
lsac,gradual_global_mag0.5,xgb,subgroup_violation_diff,BalAcc,-0.03263157894736844,0.4517156821423819,-0.15880983537665194,0.913422124157318,20
lsac,gradual_global_mag0.5,xgb,max_subgroup_deviation,DI_star,0.4232404360537189,0.18262437063050133,0.660491238688797,0.17695224084338967,20
lsac,gradual_global_mag0.5,xgb,max_subgroup_deviation,AOD_star,0.026274532956297635,0.23308805682748723,0.05290082603063111,0.22464137262246073,20
lsac,gradual_global_mag0.5,xgb,max_subgroup_deviation,BalAcc,-0.4356067783717313,0.10570940118508015,-0.9127658827128146,0.08985010994248337,20
lsac,gradual_global_mag0.5,xgb,assignment_proportion_drift,DI_star,0.30437076351683867,0.14626889385841746,0.6479160347944016,0.14529536634839416,20
lsac,gradual_global_mag0.5,xgb,assignment_proportion_drift,AOD_star,-0.09510550311920982,0.186545325602679,0.02203939949699279,0.20479391124761098,20
lsac,gradual_global_mag0.5,xgb,assignment_proportion_drift,BalAcc,-0.4573743251327433,0.11663102698685056,-0.9459121754769402,0.03217259927235387,20
lsac,gradual_global_mag0.5,xgb,ks_statistic,DI_star,0.6310526315789473,0.15453663147461894,0.6998191409957936,0.1304358486619104,20
lsac,gradual_global_mag0.5,xgb,ks_statistic,AOD_star,0.17135338345864656,0.20263986479913454,0.18643886963770168,0.23340081545073743,20
lsac,gradual_global_mag0.5,xgb,ks_statistic,BalAcc,-0.546015037593985,0.12844332535633776,-0.7632165302294289,0.03346942080770491,20
lsac,gradual_global_mag0.5,xgb,kl_divergence,DI_star,0.6458646616541353,0.1309639764145932,0.44135140184017124,0.1087426728673228,20
lsac,gradual_global_mag0.5,xgb,kl_divergence,AOD_star,0.1769924812030075,0.2165821285753421,0.21531019782955513,0.22177662534640638,20
lsac,gradual_global_mag0.5,xgb,kl_divergence,BalAcc,-0.5307518796992481,0.11651319087324202,-0.3398327543547242,0.03823653877892816,20
lsac,gradual_global_mag0.5,xgb,per_subgroup_ewma[min_neg],DI_star,0.6378195488721804,0.13706936017005325,0.7129230755410724,0.12630906822463722,20
lsac,gradual_global_mag0.5,xgb,per_subgroup_ewma[min_neg],AOD_star,0.17593984962406012,0.18922408670403512,0.1835629889280535,0.21024966647343987,20
lsac,gradual_global_mag0.5,xgb,per_subgroup_ewma[min_neg],BalAcc,-0.5375187969924811,0.12344342034264849,-0.7880348716181256,0.054120351166799176,20
lsac,gradual_global_mag0.5,xgb,per_subgroup_baseline_relative[min_neg],DI_star,0.47593984962406016,0.1277447813169342,0.6922908611822541,0.13200295982876922,20
lsac,gradual_global_mag0.5,xgb,per_subgroup_baseline_relative[min_neg],AOD_star,0.05368421052631578,0.19161641965415863,0.08548908051563733,0.20963814118489887,20
lsac,gradual_global_mag0.5,xgb,per_subgroup_baseline_relative[min_neg],BalAcc,-0.4408270676691729,0.12559071795220786,-0.9194961511984729,0.05840946315582734,20
lsac,gradual_global_mag0.5,xgb,per_subgroup_ewma[min_pos],DI_star,0.6212030075187969,0.15458463765338518,0.6989161075270619,0.1316564188350451,20
lsac,gradual_global_mag0.5,xgb,per_subgroup_ewma[min_pos],AOD_star,0.17398496240601502,0.19878374030198223,0.16452919494264442,0.21779603342761117,20
lsac,gradual_global_mag0.5,xgb,per_subgroup_ewma[min_pos],BalAcc,-0.5264661654135339,0.1378881772121548,-0.7869227430909433,0.09124970509256054,20
lsac,gradual_global_mag0.5,xgb,per_subgroup_baseline_relative[min_pos],DI_star,0.37707399581621404,0.2278849441649949,0.6380557415310453,0.21922010036601075,20
lsac,gradual_global_mag0.5,xgb,per_subgroup_baseline_relative[min_pos],AOD_star,0.024725084162201483,0.2469705055370191,0.06314639665694285,0.22775984372425107,20
lsac,gradual_global_mag0.5,xgb,per_subgroup_baseline_relative[min_pos],BalAcc,-0.3900946099342339,0.18520546306008046,-0.8618659584298282,0.1904928987868913,20
lsac,gradual_global_mag0.5,xgb,per_subgroup_ewma[maj_neg],DI_star,0.6182706766917292,0.14000579444167924,0.694812004870381,0.13384324598469052,20
lsac,gradual_global_mag0.5,xgb,per_subgroup_ewma[maj_neg],AOD_star,0.17533834586466165,0.1942222713519972,0.17878896660180213,0.21859016141906146,20
lsac,gradual_global_mag0.5,xgb,per_subgroup_ewma[maj_neg],BalAcc,-0.5435338345864661,0.12946265879195543,-0.7757986640930178,0.06420434152507723,20
lsac,gradual_global_mag0.5,xgb,per_subgroup_baseline_relative[maj_neg],DI_star,0.42955673529447547,0.18767091550947207,0.6126698759038798,0.20808908146055247,20
lsac,gradual_global_mag0.5,xgb,per_subgroup_baseline_relative[maj_neg],AOD_star,0.05416554664435419,0.22333692715385936,0.08906120744711651,0.24847891771823474,20
lsac,gradual_global_mag0.5,xgb,per_subgroup_baseline_relative[maj_neg],BalAcc,-0.5134985636552447,0.1201988158417922,-0.8256280113120091,0.17703875514514592,20
lsac,gradual_global_mag0.5,xgb,per_subgroup_ewma[maj_pos],DI_star,0.6476691729323308,0.13232151368456765,0.7216827441662554,0.12136118982037208,20
lsac,gradual_global_mag0.5,xgb,per_subgroup_ewma[maj_pos],AOD_star,0.18714285714285714,0.18696663071722852,0.1743677874617162,0.22058613701499868,20
lsac,gradual_global_mag0.5,xgb,per_subgroup_ewma[maj_pos],BalAcc,-0.5384210526315789,0.12453949318904987,-0.8147644875206164,0.026923106573861755,20
lsac,gradual_global_mag0.5,xgb,per_subgroup_baseline_relative[maj_pos],DI_star,0.55796992481203,0.1428836342671056,0.7105808345993737,0.13207586059955834,20
lsac,gradual_global_mag0.5,xgb,per_subgroup_baseline_relative[maj_pos],AOD_star,0.08586466165413534,0.20861262339087636,0.07319117902622077,0.21194465652391797,20
lsac,gradual_global_mag0.5,xgb,per_subgroup_baseline_relative[maj_pos],BalAcc,-0.49556390977443615,0.12419584740950727,-0.9650292542568609,0.012485970290364511,20
lsac,gradual_global_mag1.0,lr,global_mean,DI_star,0.7681829668723961,0.09138614709692003,0.6934139379261848,0.12028421526045996,20
lsac,gradual_global_mag1.0,lr,global_mean,AOD_star,0.4258646616541353,0.24383986092751453,0.38195750341347023,0.22283741046952357,20
lsac,gradual_global_mag1.0,lr,global_mean,BalAcc,-0.4018127696524646,0.22423383774800748,-0.3620284145254584,0.21985711976153913,20
lsac,gradual_global_mag1.0,lr,global_ewma,DI_star,0.7810427160962151,0.08672379038944165,0.7849766576658523,0.09740967966347126,20
lsac,gradual_global_mag1.0,lr,global_ewma,AOD_star,0.4275939849624059,0.24412054112724732,0.45563777197373573,0.2384578717473949,20
lsac,gradual_global_mag1.0,lr,global_ewma,BalAcc,-0.4279039285257952,0.21898187526910232,-0.4340723366018512,0.20586287294014718,20
lsac,gradual_global_mag1.0,lr,global_std,DI_star,0.5927587809305247,0.14321550987773177,0.5984179042959177,0.12993214815214504,20
lsac,gradual_global_mag1.0,lr,global_std,AOD_star,0.3253383458646616,0.21546425677930925,0.34627100630430996,0.20787940865077362,20
lsac,gradual_global_mag1.0,lr,global_std,BalAcc,-0.35106038087535063,0.22163427102993793,-0.33059407261887763,0.17569073039233488,20
lsac,gradual_global_mag1.0,lr,subgroup_violation_diff,DI_star,0.062021576166200076,0.1506726558516421,0.11165612002136982,0.21968985301653393,20
lsac,gradual_global_mag1.0,lr,subgroup_violation_diff,AOD_star,0.10857142857142857,0.1994693622016179,0.12985705334120992,0.1717220811354339,20
lsac,gradual_global_mag1.0,lr,subgroup_violation_diff,BalAcc,-0.08090248189592704,0.2566576181387591,-0.08556947105122703,0.2186860914373007,20
lsac,gradual_global_mag1.0,lr,max_subgroup_deviation,DI_star,0.5715605328639188,0.17692614340452853,0.545109299482615,0.1275845035692821,20
lsac,gradual_global_mag1.0,lr,max_subgroup_deviation,AOD_star,0.32075187969924807,0.24321656868322042,0.25187930620626303,0.23086993898172598,20
lsac,gradual_global_mag1.0,lr,max_subgroup_deviation,BalAcc,-0.2786138729371688,0.2491693394818583,-0.24291091929723904,0.23005818277553164,20
lsac,gradual_global_mag1.0,lr,assignment_proportion_drift,DI_star,0.10282937875663592,0.24952308866693804,0.32917869502190583,0.22791053920532928,20
lsac,gradual_global_mag1.0,lr,assignment_proportion_drift,AOD_star,0.01849418847218364,0.23502207351290394,0.13576975220848958,0.218973840557151,20
lsac,gradual_global_mag1.0,lr,assignment_proportion_drift,BalAcc,-0.05298904071410839,0.24453436800675565,-0.1360856210526107,0.2549696603689602,20
lsac,gradual_global_mag1.0,lr,ks_statistic,DI_star,0.7848774158826706,0.09273963025331783,0.7775877484983238,0.09198920729503815,20
lsac,gradual_global_mag1.0,lr,ks_statistic,AOD_star,0.4342105263157895,0.24751070022112728,0.4350202733852161,0.24648533764768457,20
lsac,gradual_global_mag1.0,lr,ks_statistic,BalAcc,-0.42790339116582565,0.2258869617665961,-0.41607199552100804,0.20685950211566279,20
lsac,gradual_global_mag1.0,lr,kl_divergence,DI_star,0.7646499255279616,0.09367265048712028,0.7531762111322033,0.0901410683688169,20
lsac,gradual_global_mag1.0,lr,kl_divergence,AOD_star,0.41037593984962395,0.2485159297422045,0.4826583323098985,0.23552863783601646,20
lsac,gradual_global_mag1.0,lr,kl_divergence,BalAcc,-0.4279410558560472,0.21545944292764813,-0.460030819500752,0.15695982879549414,20
lsac,gradual_global_mag1.0,lr,per_subgroup_ewma[min_neg],DI_star,0.7796131247850312,0.08484359045621763,0.7709942608152249,0.09889963194920787,20
lsac,gradual_global_mag1.0,lr,per_subgroup_ewma[min_neg],AOD_star,0.42639097744360893,0.24705740669427162,0.44171432799237415,0.23795083794359734,20
lsac,gradual_global_mag1.0,lr,per_subgroup_ewma[min_neg],BalAcc,-0.4293325282364703,0.21505361603761627,-0.4217707083078155,0.20662228238705482,20
lsac,gradual_global_mag1.0,lr,per_subgroup_baseline_relative[min_neg],DI_star,0.5981674419926297,0.1375972751824296,0.6315559280949816,0.14187442333025907,20
lsac,gradual_global_mag1.0,lr,per_subgroup_baseline_relative[min_neg],AOD_star,0.303984962406015,0.19245257952116598,0.33369954285150677,0.22461393934087073,20
lsac,gradual_global_mag1.0,lr,per_subgroup_baseline_relative[min_neg],BalAcc,-0.32571810379828003,0.2613684628122831,-0.3280589955599245,0.2232411235708102,20
lsac,gradual_global_mag1.0,lr,per_subgroup_ewma[min_pos],DI_star,0.776382081843489,0.09750330059146753,0.735330968825491,0.10570541890434895,20
lsac,gradual_global_mag1.0,lr,per_subgroup_ewma[min_pos],AOD_star,0.4233834586466164,0.2529833189557195,0.3863630216041245,0.24428102705230917,20
lsac,gradual_global_mag1.0,lr,per_subgroup_ewma[min_pos],BalAcc,-0.43873105275917545,0.21408127326915238,-0.38966362913464253,0.21404384969407375,20
lsac,gradual_global_mag1.0,lr,per_subgroup_baseline_relative[min_pos],DI_star,0.5877832061240433,0.21193918762755545,0.550138587111569,0.14759029432060627,20
lsac,gradual_global_mag1.0,lr,per_subgroup_baseline_relative[min_pos],AOD_star,0.3394745658002415,0.272092993125333,0.2602708451990342,0.23850077491934846,20
lsac,gradual_global_mag1.0,lr,per_subgroup_baseline_relative[min_pos],BalAcc,-0.29532244696049076,0.22929656250586197,-0.2529717406911911,0.22794220710032898,20
lsac,gradual_global_mag1.0,lr,per_subgroup_ewma[maj_neg],DI_star,0.7651036597141867,0.10667101834376287,0.7349705822756246,0.10596350075775465,20
lsac,gradual_global_mag1.0,lr,per_subgroup_ewma[maj_neg],AOD_star,0.4174436090225563,0.25716809443933314,0.39423957042098,0.23626511127542943,20
lsac,gradual_global_mag1.0,lr,per_subgroup_ewma[maj_neg],BalAcc,-0.420685657156184,0.20813536140596478,-0.38574577309768315,0.20607094521540767,20
lsac,gradual_global_mag1.0,lr,per_subgroup_baseline_relative[maj_neg],DI_star,0.5215713220468741,0.1654788663589641,0.53669060071908,0.10957633156353998,20
lsac,gradual_global_mag1.0,lr,per_subgroup_baseline_relative[maj_neg],AOD_star,0.3126832044062743,0.19212030238191552,0.2757473658972524,0.1678840427915781,20
lsac,gradual_global_mag1.0,lr,per_subgroup_baseline_relative[maj_neg],BalAcc,-0.2261976500960375,0.21730124921080854,-0.21910204545520012,0.20787417558630492,20
lsac,gradual_global_mag1.0,lr,per_subgroup_ewma[maj_pos],DI_star,0.7858555394134348,0.08076176076505091,0.7615087506234036,0.09601598572900283,20
lsac,gradual_global_mag1.0,lr,per_subgroup_ewma[maj_pos],AOD_star,0.4333834586466164,0.23863415595386092,0.4184205966193234,0.24116905184815116,20
lsac,gradual_global_mag1.0,lr,per_subgroup_ewma[maj_pos],BalAcc,-0.42933249995436656,0.21649714249484076,-0.3968993558998085,0.2140473665160067,20
lsac,gradual_global_mag1.0,lr,per_subgroup_baseline_relative[maj_pos],DI_star,0.7623203449834856,0.08573989262607754,0.6294292331470175,0.10061516858179541,20
lsac,gradual_global_mag1.0,lr,per_subgroup_baseline_relative[maj_pos],AOD_star,0.4245864661654135,0.2370929689444416,0.32047725522180714,0.23118586675579633,20
lsac,gradual_global_mag1.0,lr,per_subgroup_baseline_relative[maj_pos],BalAcc,-0.40485580369980034,0.21300418953955536,-0.29805062466264437,0.21311690969141128,20
lsac,gradual_global_mag1.0,xgb,global_mean,DI_star,0.8315037593984961,0.06842101131949511,0.8347715846916802,0.07434263010135929,20
lsac,gradual_global_mag1.0,xgb,global_mean,AOD_star,0.631954887218045,0.13726603342556143,0.5409257375103648,0.167551338023202,20
lsac,gradual_global_mag1.0,xgb,global_mean,BalAcc,-0.6881321226712102,0.10103336883891642,-0.8599582862550179,0.13226606099949653,20
lsac,gradual_global_mag1.0,xgb,global_ewma,DI_star,0.8509774436090225,0.06684189382308803,0.8491684456762553,0.07194517319381301,20
lsac,gradual_global_mag1.0,xgb,global_ewma,AOD_star,0.6501503759398496,0.1349730031234524,0.6439399723352276,0.1172365023764159,20
lsac,gradual_global_mag1.0,xgb,global_ewma,BalAcc,-0.6971925982913421,0.09122469106808603,-0.7449020424429064,0.1003804130041376,20
lsac,gradual_global_mag1.0,xgb,global_std,DI_star,0.6050375939849623,0.18160986053580666,0.5811963318745497,0.23550521645004197,20
lsac,gradual_global_mag1.0,xgb,global_std,AOD_star,0.5221804511278195,0.16438977451422243,0.5304381827539102,0.16929604524631403,20
lsac,gradual_global_mag1.0,xgb,global_std,BalAcc,-0.4337605580624907,0.25465074704289187,-0.4012926713748409,0.37483834895359347,20
lsac,gradual_global_mag1.0,xgb,subgroup_violation_diff,DI_star,0.027518796992481193,0.20728389232829625,0.0953661810641147,0.5049890584191091,20
lsac,gradual_global_mag1.0,xgb,subgroup_violation_diff,AOD_star,-0.012330827067669168,0.240954909624045,0.036228749161797615,0.2546227659921371,20
lsac,gradual_global_mag1.0,xgb,subgroup_violation_diff,BalAcc,-0.06876515390433571,0.32732319073215316,-0.15180714387785327,0.7959451222903821,20
lsac,gradual_global_mag1.0,xgb,max_subgroup_deviation,DI_star,0.654812030075188,0.14162705470435277,0.7943154692518183,0.09391334798777755,20
lsac,gradual_global_mag1.0,xgb,max_subgroup_deviation,AOD_star,0.4594736842105263,0.19166855885103415,0.4119753589070162,0.1875794052378877,20
lsac,gradual_global_mag1.0,xgb,max_subgroup_deviation,BalAcc,-0.6017356867815946,0.12575911594371222,-0.9437429792908766,0.046544558722960344,20
lsac,gradual_global_mag1.0,xgb,assignment_proportion_drift,DI_star,0.2535766669461511,0.2068753401193761,0.6137321648184926,0.18493492857268556,20
lsac,gradual_global_mag1.0,xgb,assignment_proportion_drift,AOD_star,-0.0014816169440260707,0.27246192115043955,0.19869290651006474,0.25231799840100577,20
lsac,gradual_global_mag1.0,xgb,assignment_proportion_drift,BalAcc,-0.3658432388930295,0.16010038515685476,-0.8756884706419527,0.09425886277530307,20
lsac,gradual_global_mag1.0,xgb,ks_statistic,DI_star,0.8545864661654134,0.06937222028000091,0.867632369727368,0.05625390099264729,20
lsac,gradual_global_mag1.0,xgb,ks_statistic,AOD_star,0.6552631578947368,0.13985922434507336,0.6476184968579902,0.1318610069930003,20
lsac,gradual_global_mag1.0,xgb,ks_statistic,BalAcc,-0.7005761983484768,0.09072711919648123,-0.7761839028592676,0.031053997481443354,20
lsac,gradual_global_mag1.0,xgb,kl_divergence,DI_star,0.836315789473684,0.0646166568386425,0.704077635722693,0.06322861228982919,20
lsac,gradual_global_mag1.0,xgb,kl_divergence,AOD_star,0.6298496240601503,0.13280866819734352,0.6542021597529024,0.11348795616564337,20
lsac,gradual_global_mag1.0,xgb,kl_divergence,BalAcc,-0.6894855061298567,0.09430758924809261,-0.48597737477844216,0.03439236004698983,20
lsac,gradual_global_mag1.0,xgb,per_subgroup_ewma[min_neg],DI_star,0.8480451127819549,0.06423266509225553,0.8521748427395822,0.07147334022299259,20
lsac,gradual_global_mag1.0,xgb,per_subgroup_ewma[min_neg],AOD_star,0.6466917293233083,0.13036256229553014,0.6279252388554172,0.11643157563058747,20
lsac,gradual_global_mag1.0,xgb,per_subgroup_ewma[min_neg],BalAcc,-0.6963654457758581,0.09251752241314198,-0.7677805586759923,0.10064900304940204,20
lsac,gradual_global_mag1.0,xgb,per_subgroup_baseline_relative[min_neg],DI_star,0.6924812030075188,0.13063376956733241,0.7974318988923095,0.08239046635232475,20
lsac,gradual_global_mag1.0,xgb,per_subgroup_baseline_relative[min_neg],AOD_star,0.47721804511278193,0.17549154052539084,0.4815351419889756,0.18700138250202122,20
lsac,gradual_global_mag1.0,xgb,per_subgroup_baseline_relative[min_neg],BalAcc,-0.630231192048403,0.14982864861360157,-0.8660008437963317,0.12980570064633187,20
lsac,gradual_global_mag1.0,xgb,per_subgroup_ewma[min_pos],DI_star,0.8478195488721806,0.062102896421251094,0.8621726055054824,0.06645823687812666,20
lsac,gradual_global_mag1.0,xgb,per_subgroup_ewma[min_pos],AOD_star,0.6490225563909773,0.1318175280620622,0.6018947269499132,0.1548676472871189,20
lsac,gradual_global_mag1.0,xgb,per_subgroup_ewma[min_pos],BalAcc,-0.6916286885169061,0.09360424031963578,-0.8143992239599032,0.06576233224251818,20
lsac,gradual_global_mag1.0,xgb,per_subgroup_baseline_relative[min_pos],DI_star,0.6290462874522692,0.14918418148611962,0.7771996061456706,0.10801767043157622,20
lsac,gradual_global_mag1.0,xgb,per_subgroup_baseline_relative[min_pos],AOD_star,0.42778857978933316,0.19226254718350577,0.41008991549032603,0.19331611366925652,20
lsac,gradual_global_mag1.0,xgb,per_subgroup_baseline_relative[min_pos],BalAcc,-0.5737519535341862,0.11722000530752803,-0.9106610269112606,0.11137780490014948,20
lsac,gradual_global_mag1.0,xgb,per_subgroup_ewma[maj_neg],DI_star,0.8366165413533834,0.07251687731568937,0.8522194960781402,0.0716057153094566,20
lsac,gradual_global_mag1.0,xgb,per_subgroup_ewma[maj_neg],AOD_star,0.639097744360902,0.1350573524068311,0.5933929819022051,0.14471268389021621,20
lsac,gradual_global_mag1.0,xgb,per_subgroup_ewma[maj_neg],BalAcc,-0.6897489892687856,0.09253298594806562,-0.803736019536359,0.0721007021636933,20
lsac,gradual_global_mag1.0,xgb,per_subgroup_baseline_relative[maj_neg],DI_star,0.5567791898504589,0.16641662301355545,0.7396944196538547,0.12861667366430202,20
lsac,gradual_global_mag1.0,xgb,per_subgroup_baseline_relative[maj_neg],AOD_star,0.35124632435825787,0.18763204506343806,0.38377739428601654,0.20304820953626748,20
lsac,gradual_global_mag1.0,xgb,per_subgroup_baseline_relative[maj_neg],BalAcc,-0.5564785283480578,0.12911101324652902,-0.8751580086200799,0.12765251105554587,20
lsac,gradual_global_mag1.0,xgb,per_subgroup_ewma[maj_pos],DI_star,0.8542105263157893,0.0640846347363696,0.8732897413222831,0.057776999636510784,20
lsac,gradual_global_mag1.0,xgb,per_subgroup_ewma[maj_pos],AOD_star,0.6538345864661653,0.13403263204383348,0.6295506346468156,0.13284485410894273,20
lsac,gradual_global_mag1.0,xgb,per_subgroup_ewma[maj_pos],BalAcc,-0.6968918181295392,0.09136152300070359,-0.8052792066785475,0.029989050083481163,20
lsac,gradual_global_mag1.0,xgb,per_subgroup_baseline_relative[maj_pos],DI_star,0.8357142857142856,0.07172455493994391,0.8518707847765994,0.07563154765253564,20
lsac,gradual_global_mag1.0,xgb,per_subgroup_baseline_relative[maj_pos],AOD_star,0.6362406015037594,0.14372345163563027,0.4923530147396068,0.15529111369371762,20
lsac,gradual_global_mag1.0,xgb,per_subgroup_baseline_relative[maj_pos],BalAcc,-0.6804252850486576,0.08733994785035078,-0.9482859402904216,0.017706624760332208,20
lsac,gradual_global_mag2.0,lr,global_mean,DI_star,0.9274436090225564,0.026739341206140275,0.9119654014662506,0.03977355977748722,20
lsac,gradual_global_mag2.0,lr,global_mean,AOD_star,0.8309022556390977,0.07101100742036001,0.8184785120410709,0.06891837387311354,20
lsac,gradual_global_mag2.0,lr,global_mean,BalAcc,-0.8012781954887217,0.06167114197867438,-0.771528241020986,0.08444903837381497,20
lsac,gradual_global_mag2.0,lr,global_ewma,DI_star,0.9252631578947368,0.026706445165033316,0.9375768830751294,0.02595137023633291,20
lsac,gradual_global_mag2.0,lr,global_ewma,AOD_star,0.8284962406015038,0.07198669954600599,0.8622028021238636,0.05904605433342905,20
lsac,gradual_global_mag2.0,lr,global_ewma,BalAcc,-0.8006015037593984,0.06342300249709047,-0.8128338817055211,0.07390744841137648,20
lsac,gradual_global_mag2.0,lr,global_std,DI_star,0.6968421052631579,0.1984862152856762,0.7346468050482474,0.18667071379226566,20
lsac,gradual_global_mag2.0,lr,global_std,AOD_star,0.6104511278195488,0.28053093061217277,0.6262356968817133,0.2637481449189946,20
lsac,gradual_global_mag2.0,lr,global_std,BalAcc,-0.5909774436090225,0.24915709561663343,-0.6134407447982861,0.24613734049495536,20
lsac,gradual_global_mag2.0,lr,subgroup_violation_diff,DI_star,0.47000000000000003,0.2450700986868737,0.5207871076190214,0.23878237531799493,20
lsac,gradual_global_mag2.0,lr,subgroup_violation_diff,AOD_star,0.46451127819548865,0.2716406810825143,0.5009047760000149,0.2618648311243023,20
lsac,gradual_global_mag2.0,lr,subgroup_violation_diff,BalAcc,-0.4367669172932331,0.2964490984162955,-0.4510333458985965,0.29023866874252946,20
lsac,gradual_global_mag2.0,lr,max_subgroup_deviation,DI_star,0.8865413533834584,0.03417034738811,0.8482400223058384,0.052248268355681166,20
lsac,gradual_global_mag2.0,lr,max_subgroup_deviation,AOD_star,0.7925563909774436,0.07610638331818156,0.7368600081232781,0.09852855061042383,20
lsac,gradual_global_mag2.0,lr,max_subgroup_deviation,BalAcc,-0.7888721804511278,0.06850841320328045,-0.7035494176785483,0.10801751331992875,20
lsac,gradual_global_mag2.0,lr,assignment_proportion_drift,DI_star,0.4943134252375755,0.25530016774342795,0.6341350602654697,0.17302477432993696,20
lsac,gradual_global_mag2.0,lr,assignment_proportion_drift,AOD_star,0.4033886629180632,0.24760263584009584,0.525942480872347,0.18330874600894667,20
lsac,gradual_global_mag2.0,lr,assignment_proportion_drift,BalAcc,-0.411078352697985,0.3057843306545318,-0.5000452871703688,0.22440644172827695,20
lsac,gradual_global_mag2.0,lr,ks_statistic,DI_star,0.928796992481203,0.02451761991857729,0.9292815825242423,0.026595030507108208,20
lsac,gradual_global_mag2.0,lr,ks_statistic,AOD_star,0.8312781954887217,0.07063924780002229,0.8216045764228742,0.07741595592361498,20
lsac,gradual_global_mag2.0,lr,ks_statistic,BalAcc,-0.8028571428571428,0.06535370178705832,-0.7799107812770767,0.08595460731350921,20
lsac,gradual_global_mag2.0,lr,kl_divergence,DI_star,0.9276691729323308,0.030284609218924938,0.9235178345144511,0.03327530553294633,20
lsac,gradual_global_mag2.0,lr,kl_divergence,AOD_star,0.8283458646616542,0.07909727979508505,0.8679207488191854,0.05515374299748136,20
lsac,gradual_global_mag2.0,lr,kl_divergence,BalAcc,-0.8039849624060149,0.06610946882979857,-0.8219027797648378,0.06746753580557698,20
lsac,gradual_global_mag2.0,lr,per_subgroup_ewma[min_neg],DI_star,0.9242105263157894,0.02801758410245826,0.921207679532106,0.02989800507267981,20
lsac,gradual_global_mag2.0,lr,per_subgroup_ewma[min_neg],AOD_star,0.8301503759398494,0.074181953957485,0.8464626596517156,0.06665372725142707,20
lsac,gradual_global_mag2.0,lr,per_subgroup_ewma[min_neg],BalAcc,-0.8001503759398496,0.0647401167598065,-0.7925431945199363,0.07946641351500808,20
lsac,gradual_global_mag2.0,lr,per_subgroup_baseline_relative[min_neg],DI_star,0.8649624060150375,0.07380471962272435,0.853136326755455,0.07788313363414717,20
lsac,gradual_global_mag2.0,lr,per_subgroup_baseline_relative[min_neg],AOD_star,0.7727067669172931,0.07715366557238601,0.7694149799842928,0.10602877889650333,20
lsac,gradual_global_mag2.0,lr,per_subgroup_baseline_relative[min_neg],BalAcc,-0.7457142857142857,0.08022510587491065,-0.7243251254060741,0.111003009848755,20
lsac,gradual_global_mag2.0,lr,per_subgroup_ewma[min_pos],DI_star,0.9244360902255637,0.02346479098248393,0.9277812443949103,0.024904383038839427,20
lsac,gradual_global_mag2.0,lr,per_subgroup_ewma[min_pos],AOD_star,0.8281203007518796,0.06983517579229748,0.8302937709363676,0.06914918892876333,20
lsac,gradual_global_mag2.0,lr,per_subgroup_ewma[min_pos],BalAcc,-0.8073684210526315,0.06385030404193821,-0.7878300532116205,0.08551048464975315,20
lsac,gradual_global_mag2.0,lr,per_subgroup_baseline_relative[min_pos],DI_star,0.8848466061673597,0.04044429337257802,0.8411192213574129,0.06144077782250469,20
lsac,gradual_global_mag2.0,lr,per_subgroup_baseline_relative[min_pos],AOD_star,0.792096896981438,0.08152837439807363,0.7240935215999815,0.11174090559315895,20
lsac,gradual_global_mag2.0,lr,per_subgroup_baseline_relative[min_pos],BalAcc,-0.788772347180271,0.068740064135519,-0.6988044989469031,0.11671440038937686,20
lsac,gradual_global_mag2.0,lr,per_subgroup_ewma[maj_neg],DI_star,0.9254887218045112,0.02670379902902199,0.9279547774345135,0.029171061423473713,20
lsac,gradual_global_mag2.0,lr,per_subgroup_ewma[maj_neg],AOD_star,0.8324812030075186,0.07087063455811995,0.8320192273929378,0.06981448781872791,20
lsac,gradual_global_mag2.0,lr,per_subgroup_ewma[maj_neg],BalAcc,-0.8045864661654134,0.0638424678751735,-0.7833655581075831,0.08100783799508819,20
lsac,gradual_global_mag2.0,lr,per_subgroup_baseline_relative[maj_neg],DI_star,0.8573625851003488,0.08227770033537464,0.8289413305952091,0.07056458606789856,20
lsac,gradual_global_mag2.0,lr,per_subgroup_baseline_relative[maj_neg],AOD_star,0.7856155838267967,0.09609715574932955,0.7239814877521531,0.10415704187664272,20
lsac,gradual_global_mag2.0,lr,per_subgroup_baseline_relative[maj_neg],BalAcc,-0.7286959108676183,0.10248447798321612,-0.6623192351745395,0.13053729358079563,20
lsac,gradual_global_mag2.0,lr,per_subgroup_ewma[maj_pos],DI_star,0.9286466165413533,0.02562343798884627,0.9295146914561739,0.029694140360273784,20
lsac,gradual_global_mag2.0,lr,per_subgroup_ewma[maj_pos],AOD_star,0.832781954887218,0.0665464082018712,0.834999266183979,0.0690498201484411,20
lsac,gradual_global_mag2.0,lr,per_subgroup_ewma[maj_pos],BalAcc,-0.8032330827067667,0.061450746496775954,-0.7913743249861035,0.08062998567214925,20
lsac,gradual_global_mag2.0,lr,per_subgroup_baseline_relative[maj_pos],DI_star,0.9221052631578945,0.027020008164335276,0.8669038159387392,0.04613732947192021,20
lsac,gradual_global_mag2.0,lr,per_subgroup_baseline_relative[maj_pos],AOD_star,0.8269924812030075,0.06866349675928533,0.7581560417094015,0.08901935866817604,20
lsac,gradual_global_mag2.0,lr,per_subgroup_baseline_relative[maj_pos],BalAcc,-0.7976691729323306,0.06795341305863098,-0.7180986133885264,0.10404236142627309,20
lsac,gradual_global_mag2.0,xgb,global_mean,DI_star,0.930431430614402,0.03051761612381692,0.908253212460191,0.040832982378998864,20
lsac,gradual_global_mag2.0,xgb,global_mean,AOD_star,0.8795294978433624,0.050770566113100636,0.8392943502426148,0.0742060436460328,20
lsac,gradual_global_mag2.0,xgb,global_mean,BalAcc,-0.8882760211981156,0.04007352133771043,-0.8199080364405132,0.09507055626063468,20
lsac,gradual_global_mag2.0,xgb,global_ewma,DI_star,0.9321242543848811,0.027887744726707686,0.8786458606989347,0.05035815779466618,20
lsac,gradual_global_mag2.0,xgb,global_ewma,AOD_star,0.880544935256982,0.05007112591966137,0.8692688573566612,0.052552083016383824,20
lsac,gradual_global_mag2.0,xgb,global_ewma,BalAcc,-0.888541464751647,0.0413033774169496,-0.7184820397592538,0.08113031239636455,20
lsac,gradual_global_mag2.0,xgb,global_std,DI_star,0.7225378903680936,0.1548962358248435,0.77480239112594,0.06562078132254864,20
lsac,gradual_global_mag2.0,xgb,global_std,AOD_star,0.690868504585436,0.2039900323408089,0.7509136260042948,0.16893125452633245,20
lsac,gradual_global_mag2.0,xgb,global_std,BalAcc,-0.6673115722135954,0.14940218477191242,-0.6523459773453119,0.17230757566128593,20
lsac,gradual_global_mag2.0,xgb,subgroup_violation_diff,DI_star,0.4495309062954749,0.2613742456606922,0.4696431834683096,0.26363853891455874,20
lsac,gradual_global_mag2.0,xgb,subgroup_violation_diff,AOD_star,0.43474627462432575,0.2631061036006148,0.4428849909944207,0.21653752145688576,20
lsac,gradual_global_mag2.0,xgb,subgroup_violation_diff,BalAcc,-0.446027331700748,0.2570852436537237,-0.42443378624655975,0.46901933673124546,20
lsac,gradual_global_mag2.0,xgb,max_subgroup_deviation,DI_star,0.9063214328137494,0.04336749477529469,0.9053701837242262,0.0456901837371079,20
lsac,gradual_global_mag2.0,xgb,max_subgroup_deviation,AOD_star,0.8463172069864531,0.07743004161405304,0.7803940341462601,0.09680797346390455,20
lsac,gradual_global_mag2.0,xgb,max_subgroup_deviation,BalAcc,-0.8697399874372937,0.05040391944911412,-0.896276483678127,0.03935360316436422,20
lsac,gradual_global_mag2.0,xgb,assignment_proportion_drift,DI_star,0.5150942646013036,0.2562995044334104,0.7481405668508808,0.1101750513462188,20
lsac,gradual_global_mag2.0,xgb,assignment_proportion_drift,AOD_star,0.40680719876324634,0.2715183079922907,0.5476115952887174,0.18771536797886068,20
lsac,gradual_global_mag2.0,xgb,assignment_proportion_drift,BalAcc,-0.5290537706163465,0.23205270721993831,-0.8545352873395109,0.10697543683174109,20
lsac,gradual_global_mag2.0,xgb,ks_statistic,DI_star,0.9332861261255039,0.02921181958922156,0.9349438078892767,0.02274047967417186,20
lsac,gradual_global_mag2.0,xgb,ks_statistic,AOD_star,0.8835859194106114,0.04923445401192169,0.880943571608559,0.06154107742928197,20
lsac,gradual_global_mag2.0,xgb,ks_statistic,BalAcc,-0.8879021827898612,0.04036114093792133,-0.8149296807092039,0.020156492343697024,20
lsac,gradual_global_mag2.0,xgb,kl_divergence,DI_star,0.9306193602381871,0.024604716320548274,0.821940302222251,0.03535712689864648,20
lsac,gradual_global_mag2.0,xgb,kl_divergence,AOD_star,0.8792275432340997,0.04503875229019282,0.8613489102706229,0.05031743327913845,20
lsac,gradual_global_mag2.0,xgb,kl_divergence,BalAcc,-0.8869238839694017,0.042342132650847936,-0.6176315561342319,0.026752020085469813,20
lsac,gradual_global_mag2.0,xgb,per_subgroup_ewma[min_neg],DI_star,0.9315211613428822,0.027938813196835884,0.8694551313957589,0.08573475649416118,20
lsac,gradual_global_mag2.0,xgb,per_subgroup_ewma[min_neg],AOD_star,0.8813705832403592,0.04768605659999703,0.8457987557318859,0.0600704592867411,20
lsac,gradual_global_mag2.0,xgb,per_subgroup_ewma[min_neg],BalAcc,-0.8878651187721435,0.04189973680896429,-0.7274441055545052,0.1316959997949008,20
lsac,gradual_global_mag2.0,xgb,per_subgroup_baseline_relative[min_neg],DI_star,0.8658227767387358,0.06975984867079418,0.849394208281204,0.05542099656553585,20
lsac,gradual_global_mag2.0,xgb,per_subgroup_baseline_relative[min_neg],AOD_star,0.8125839891923576,0.07189532432342191,0.7620642522297103,0.0920530449907156,20
lsac,gradual_global_mag2.0,xgb,per_subgroup_baseline_relative[min_neg],BalAcc,-0.8415124353922796,0.06996217730322171,-0.7983853611299108,0.1494547822754735,20
lsac,gradual_global_mag2.0,xgb,per_subgroup_ewma[min_pos],DI_star,0.9267764410681071,0.035828686013763746,0.915905931780071,0.023070276889726127,20
lsac,gradual_global_mag2.0,xgb,per_subgroup_ewma[min_pos],AOD_star,0.8793411880699484,0.05108329813510852,0.8750961986965218,0.06331967904696754,20
lsac,gradual_global_mag2.0,xgb,per_subgroup_ewma[min_pos],BalAcc,-0.8852269886803317,0.0448419104163671,-0.7868105630001063,0.04051344621113374,20
lsac,gradual_global_mag2.0,xgb,per_subgroup_baseline_relative[min_pos],DI_star,0.8980995197417178,0.056603123635885176,0.9062042997388227,0.05207834476259575,20
lsac,gradual_global_mag2.0,xgb,per_subgroup_baseline_relative[min_pos],AOD_star,0.8463101054702277,0.08423147946533435,0.7814605385934712,0.10720773299442675,20
lsac,gradual_global_mag2.0,xgb,per_subgroup_baseline_relative[min_pos],BalAcc,-0.8625671466717428,0.052406027923444135,-0.8955866249295104,0.05326143717796609,20
lsac,gradual_global_mag2.0,xgb,per_subgroup_ewma[maj_neg],DI_star,0.9315950952999149,0.029458033336981243,0.9181078247808134,0.027724854263420733,20
lsac,gradual_global_mag2.0,xgb,per_subgroup_ewma[maj_neg],AOD_star,0.8812175905125157,0.05173993146123772,0.8775840198761472,0.05662729587132197,20
lsac,gradual_global_mag2.0,xgb,per_subgroup_ewma[maj_neg],BalAcc,-0.8874883492960342,0.040367746382243684,-0.7863294717609799,0.034388058574248044,20
lsac,gradual_global_mag2.0,xgb,per_subgroup_baseline_relative[maj_neg],DI_star,0.8734842426549754,0.059920970958873616,0.899956812576046,0.04907751169111983,20
lsac,gradual_global_mag2.0,xgb,per_subgroup_baseline_relative[maj_neg],AOD_star,0.8164319265713823,0.0853633955503383,0.777075212840263,0.096609021586734,20
lsac,gradual_global_mag2.0,xgb,per_subgroup_baseline_relative[maj_neg],BalAcc,-0.8363198785568887,0.0774157746263539,-0.8836655300043296,0.047336790694014516,20
lsac,gradual_global_mag2.0,xgb,per_subgroup_ewma[maj_pos],DI_star,0.9340811280876162,0.026918260190714905,0.9099315043594836,0.028521420677884296,20
lsac,gradual_global_mag2.0,xgb,per_subgroup_ewma[maj_pos],AOD_star,0.8827279676889275,0.04926884584507002,0.8747334043375423,0.05633615923370115,20
lsac,gradual_global_mag2.0,xgb,per_subgroup_ewma[maj_pos],BalAcc,-0.888242418849002,0.04173233161408126,-0.7744232738573522,0.030532618142871535,20
lsac,gradual_global_mag2.0,xgb,per_subgroup_baseline_relative[maj_pos],DI_star,0.9234367362160153,0.03010314488191414,0.9132862784721993,0.03776916403051625,20
lsac,gradual_global_mag2.0,xgb,per_subgroup_baseline_relative[maj_pos],AOD_star,0.8708031506387213,0.05215431105624703,0.7996671057476578,0.08540997670524236,20
lsac,gradual_global_mag2.0,xgb,per_subgroup_baseline_relative[maj_pos],BalAcc,-0.8805703792221131,0.04506711015513282,-0.8826633158764915,0.03924375757510781,20
lsac,abrupt_global_mag0.5,lr,global_mean,DI_star,0.4298496240601503,0.20530434189833033,0.6039158721090458,0.16359901500195848,20
lsac,abrupt_global_mag0.5,lr,global_mean,AOD_star,0.07616541353383458,0.29368512486912474,0.1514029436455297,0.2771985592584883,20
lsac,abrupt_global_mag0.5,lr,global_mean,BalAcc,-0.09413533834586463,0.2253815804445059,-0.171809907574947,0.2584211878977854,20
lsac,abrupt_global_mag0.5,lr,global_ewma,DI_star,0.4457894736842105,0.21329992218391283,0.5230752913495988,0.19915713246197883,20
lsac,abrupt_global_mag0.5,lr,global_ewma,AOD_star,0.1124812030075188,0.28807124388117344,0.12858942081686447,0.2871622622082418,20
lsac,abrupt_global_mag0.5,lr,global_ewma,BalAcc,-0.1421052631578947,0.23520763143014325,-0.163923227610582,0.24960300905886823,20
lsac,abrupt_global_mag0.5,lr,global_std,DI_star,0.007669172932330812,0.35135778401096807,0.04979363997680841,0.4246019724265992,20
lsac,abrupt_global_mag0.5,lr,global_std,AOD_star,-0.13270676691729322,0.22461750076936135,-0.1046104136826278,0.20513201546576615,20
lsac,abrupt_global_mag0.5,lr,global_std,BalAcc,0.02947368421052631,0.24874535077787574,0.014664683781810564,0.25748787563511694,20
lsac,abrupt_global_mag0.5,lr,subgroup_violation_diff,DI_star,0.13458646616541353,0.4765846278014131,0.1599175629969353,0.5851742587817302,20
lsac,abrupt_global_mag0.5,lr,subgroup_violation_diff,AOD_star,0.12601503759398494,0.22895822041765004,0.16543399693004474,0.2550328287001751,20
lsac,abrupt_global_mag0.5,lr,subgroup_violation_diff,BalAcc,-0.12766917293233085,0.27980590576971814,-0.1045948164429678,0.2951641857391122,20
lsac,abrupt_global_mag0.5,lr,max_subgroup_deviation,DI_star,0.3961622742203282,0.22823486805929707,0.5721476780202923,0.20173486743966104,20
lsac,abrupt_global_mag0.5,lr,max_subgroup_deviation,AOD_star,0.047135701770630804,0.32400845317350196,0.12648288682420028,0.3029128931098802,20
lsac,abrupt_global_mag0.5,lr,max_subgroup_deviation,BalAcc,-0.13650484825948722,0.27664998941905766,-0.16909506960548737,0.2678899132325528,20
lsac,abrupt_global_mag0.5,lr,assignment_proportion_drift,DI_star,0.45027352092072104,0.12466456384506151,0.6057820977083979,0.15655720359483483,20
lsac,abrupt_global_mag0.5,lr,assignment_proportion_drift,AOD_star,0.09261283803858152,0.2256640651923947,0.1517488000027831,0.26931519309005236,20
lsac,abrupt_global_mag0.5,lr,assignment_proportion_drift,BalAcc,-0.134705872344051,0.2599051194345737,-0.1743172510092904,0.2646320281069511,20
lsac,abrupt_global_mag0.5,lr,ks_statistic,DI_star,0.49187969924812025,0.18258816039479334,0.61483210782434,0.15837143512658108,20
lsac,abrupt_global_mag0.5,lr,ks_statistic,AOD_star,0.11992481203007518,0.27918251038084313,0.15587231494340714,0.28042565175597944,20
lsac,abrupt_global_mag0.5,lr,ks_statistic,BalAcc,-0.21766917293233085,0.25665339469116943,-0.18766865455635012,0.2648866349558331,20
lsac,abrupt_global_mag0.5,lr,kl_divergence,DI_star,0.46691729323308273,0.16037613372378468,0.5899849905906824,0.16951300973009856,20
lsac,abrupt_global_mag0.5,lr,kl_divergence,AOD_star,0.09699248120300752,0.2576293599436611,0.13954735830698356,0.27728985684457,20
lsac,abrupt_global_mag0.5,lr,kl_divergence,BalAcc,-0.15458646616541355,0.2243836792244248,-0.17677222416646782,0.2579175457163975,20
lsac,abrupt_global_mag0.5,lr,per_subgroup_ewma[min_neg],DI_star,0.4487969924812029,0.2053529094038954,0.5239200473507101,0.20037163833474073,20
lsac,abrupt_global_mag0.5,lr,per_subgroup_ewma[min_neg],AOD_star,0.11323308270676691,0.28933679020688424,0.13191132291407603,0.2867923344147481,20
lsac,abrupt_global_mag0.5,lr,per_subgroup_ewma[min_neg],BalAcc,-0.15962406015037595,0.22808331092196577,-0.16383996616572818,0.2514674899226755,20
lsac,abrupt_global_mag0.5,lr,per_subgroup_baseline_relative[min_neg],DI_star,0.4680451127819548,0.17820460939191518,0.6034026257452071,0.16668343379685413,20
lsac,abrupt_global_mag0.5,lr,per_subgroup_baseline_relative[min_neg],AOD_star,0.12601503759398494,0.24186818822656694,0.1621461749904021,0.27273217746097006,20
lsac,abrupt_global_mag0.5,lr,per_subgroup_baseline_relative[min_neg],BalAcc,-0.13624060150375938,0.24942305522598204,-0.17242245780843296,0.255741148187075,20
lsac,abrupt_global_mag0.5,lr,per_subgroup_ewma[min_pos],DI_star,0.4394736842105263,0.21833005752761672,0.5112657933874262,0.2110434224769276,20
lsac,abrupt_global_mag0.5,lr,per_subgroup_ewma[min_pos],AOD_star,0.10909774436090225,0.2912027163181482,0.11797468873603927,0.2942568440885855,20
lsac,abrupt_global_mag0.5,lr,per_subgroup_ewma[min_pos],BalAcc,-0.15165413533834587,0.2467903637379239,-0.1748918588187494,0.247132711292485,20
lsac,abrupt_global_mag0.5,lr,per_subgroup_baseline_relative[min_pos],DI_star,0.38726880172284794,0.2787685296098649,0.5610028057123447,0.23589205943740052,20
lsac,abrupt_global_mag0.5,lr,per_subgroup_baseline_relative[min_pos],AOD_star,0.0413175385637553,0.33248710652112,0.12071019105844612,0.30621790461519816,20
lsac,abrupt_global_mag0.5,lr,per_subgroup_baseline_relative[min_pos],BalAcc,-0.1425533379537638,0.24624494976592726,-0.1741958216040252,0.2580109991140222,20
lsac,abrupt_global_mag0.5,lr,per_subgroup_ewma[maj_neg],DI_star,0.4545864661654135,0.21134753899099168,0.5164466975501502,0.20960046142306238,20
lsac,abrupt_global_mag0.5,lr,per_subgroup_ewma[maj_neg],AOD_star,0.10766917293233083,0.28898343409180055,0.12694183586810454,0.2928899286713081,20
lsac,abrupt_global_mag0.5,lr,per_subgroup_ewma[maj_neg],BalAcc,-0.15473684210526312,0.24594346992919747,-0.16465462329769268,0.24353055429864684,20
lsac,abrupt_global_mag0.5,lr,per_subgroup_baseline_relative[maj_neg],DI_star,0.4532639778546813,0.21419851015687702,0.5515242864272418,0.2269044883296585,20
lsac,abrupt_global_mag0.5,lr,per_subgroup_baseline_relative[maj_neg],AOD_star,0.12404946789212593,0.24210337878825297,0.14961526420106813,0.27529415007195285,20
lsac,abrupt_global_mag0.5,lr,per_subgroup_baseline_relative[maj_neg],BalAcc,-0.09838152005352613,0.25179332462881526,-0.16619573305104604,0.23778076840073836,20
lsac,abrupt_global_mag0.5,lr,per_subgroup_ewma[maj_pos],DI_star,0.4566917293233083,0.20824168523279937,0.5255889874470493,0.1981021335959119,20
lsac,abrupt_global_mag0.5,lr,per_subgroup_ewma[maj_pos],AOD_star,0.1257894736842105,0.28213679345094295,0.13144762521498574,0.28528251267969085,20
lsac,abrupt_global_mag0.5,lr,per_subgroup_ewma[maj_pos],BalAcc,-0.1406766917293233,0.23926105691313926,-0.16588002399243762,0.24976212997983538,20
lsac,abrupt_global_mag0.5,lr,per_subgroup_baseline_relative[maj_pos],DI_star,0.4534586466165412,0.13336614394572774,0.6085253670429821,0.15458093470878467,20
lsac,abrupt_global_mag0.5,lr,per_subgroup_baseline_relative[maj_pos],AOD_star,0.10774436090225561,0.24850199622513314,0.156432401314341,0.27450107645351385,20
lsac,abrupt_global_mag0.5,lr,per_subgroup_baseline_relative[maj_pos],BalAcc,-0.12210526315789474,0.24469617254451345,-0.17416579007880353,0.2587497099649585,20
lsac,abrupt_global_mag0.5,xgb,global_mean,DI_star,0.5404259355370419,0.13043739630833695,0.8696978683082877,0.05974083642647157,20
lsac,abrupt_global_mag0.5,xgb,global_mean,AOD_star,0.27992481203007513,0.2531954301120216,0.3607917548657342,0.25714377023479806,20
lsac,abrupt_global_mag0.5,xgb,global_mean,BalAcc,-0.5789563904121208,0.11102499881255638,-0.9775583281153329,0.010062073500187643,20
lsac,abrupt_global_mag0.5,xgb,global_ewma,DI_star,0.512866051719796,0.11358948500127944,0.7282547089840478,0.09342255620528203,20
lsac,abrupt_global_mag0.5,xgb,global_ewma,AOD_star,0.2230075187969925,0.2590031202808648,0.27329794261130747,0.27328865002180847,20
lsac,abrupt_global_mag0.5,xgb,global_ewma,BalAcc,-0.541136191051556,0.09886480062403921,-0.8370324877239332,0.024471766916209278,20
lsac,abrupt_global_mag0.5,xgb,global_std,DI_star,0.08974607621210859,0.42361314510551945,0.15831388311475536,0.5967838531137691,20
lsac,abrupt_global_mag0.5,xgb,global_std,AOD_star,-0.004661654135338344,0.31177647090584576,-0.008936543901365035,0.35825105024580156,20
lsac,abrupt_global_mag0.5,xgb,global_std,BalAcc,-0.12495657990168327,0.44079759152026976,-0.2157069807714191,0.6543985114079107,20
lsac,abrupt_global_mag0.5,xgb,subgroup_violation_diff,DI_star,0.13728783120090743,0.5693063846296846,0.16115071005585918,0.8290410602781239,20
lsac,abrupt_global_mag0.5,xgb,subgroup_violation_diff,AOD_star,0.14406015037593983,0.3684246125345887,0.13537164445763444,0.4165398310739145,20
lsac,abrupt_global_mag0.5,xgb,subgroup_violation_diff,BalAcc,-0.1205752933211598,0.5344577809055716,-0.1672879677555439,0.9274480259190364,20
lsac,abrupt_global_mag0.5,xgb,max_subgroup_deviation,DI_star,0.5585516664528246,0.1566318919324562,0.8506222042247067,0.09003883594633016,20
lsac,abrupt_global_mag0.5,xgb,max_subgroup_deviation,AOD_star,0.29244438678040696,0.21013289855980902,0.34379225973499333,0.25167551914565534,20
lsac,abrupt_global_mag0.5,xgb,max_subgroup_deviation,BalAcc,-0.5827279784950392,0.08743955008968844,-0.963769191153566,0.03298624722088139,20
lsac,abrupt_global_mag0.5,xgb,assignment_proportion_drift,DI_star,0.5231501323407877,0.1281266118321095,0.864208347114411,0.061934454079598474,20
lsac,abrupt_global_mag0.5,xgb,assignment_proportion_drift,AOD_star,0.23300886324514875,0.24805010476525602,0.35787186066307847,0.2583663401727507,20
lsac,abrupt_global_mag0.5,xgb,assignment_proportion_drift,BalAcc,-0.5135943081580033,0.11379172249074741,-0.9696944429054778,0.012798058821024319,20
lsac,abrupt_global_mag0.5,xgb,ks_statistic,DI_star,0.5785475372656902,0.11769553917725074,0.8724278232726655,0.06201502094161435,20
lsac,abrupt_global_mag0.5,xgb,ks_statistic,AOD_star,0.2924812030075188,0.2332332766150549,0.36195483243646787,0.2556920891178555,20
lsac,abrupt_global_mag0.5,xgb,ks_statistic,BalAcc,-0.6410257989344281,0.10039925599558516,-0.9794460192883188,0.005832276730460312,20
lsac,abrupt_global_mag0.5,xgb,kl_divergence,DI_star,0.5514047649691439,0.11874629249967975,0.8484520063396765,0.04472579515599931,20
lsac,abrupt_global_mag0.5,xgb,kl_divergence,AOD_star,0.25729323308270674,0.2329623264202198,0.34834067745041875,0.24749074420402056,20
lsac,abrupt_global_mag0.5,xgb,kl_divergence,BalAcc,-0.5964767146381995,0.10434504673024607,-0.9525221873877113,0.021801877547888777,20
lsac,abrupt_global_mag0.5,xgb,per_subgroup_ewma[min_neg],DI_star,0.5120396628211111,0.1093526932514981,0.7282728110868564,0.09657203419143491,20
lsac,abrupt_global_mag0.5,xgb,per_subgroup_ewma[min_neg],AOD_star,0.21721804511278195,0.25380700193986877,0.27286471841128757,0.27315172617071887,20
lsac,abrupt_global_mag0.5,xgb,per_subgroup_ewma[min_neg],BalAcc,-0.5391813038335107,0.10555975026596442,-0.8371398197058528,0.02794887833269249,20
lsac,abrupt_global_mag0.5,xgb,per_subgroup_baseline_relative[min_neg],DI_star,0.5625320754401502,0.11600793368697629,0.8609117993529545,0.06617642878906904,20
lsac,abrupt_global_mag0.5,xgb,per_subgroup_baseline_relative[min_neg],AOD_star,0.3048872180451128,0.24771663449992823,0.3591084223552913,0.25995214595235666,20
lsac,abrupt_global_mag0.5,xgb,per_subgroup_baseline_relative[min_neg],BalAcc,-0.5735465332510101,0.08732665089849702,-0.9676719782051417,0.012775253449598796,20
lsac,abrupt_global_mag0.5,xgb,per_subgroup_ewma[min_pos],DI_star,0.5095207102770598,0.11489170386610775,0.7160164615390556,0.10046565095434938,20
lsac,abrupt_global_mag0.5,xgb,per_subgroup_ewma[min_pos],AOD_star,0.21804511278195485,0.25667547552171427,0.26116696022133273,0.2753741882054569,20
lsac,abrupt_global_mag0.5,xgb,per_subgroup_ewma[min_pos],BalAcc,-0.5435420929607354,0.10530702908974598,-0.8283476157393939,0.033723992087578314,20
lsac,abrupt_global_mag0.5,xgb,per_subgroup_baseline_relative[min_pos],DI_star,0.5164564360373757,0.22362604250307208,0.8311560200822067,0.14375688050193336,20
lsac,abrupt_global_mag0.5,xgb,per_subgroup_baseline_relative[min_pos],AOD_star,0.26881876651201525,0.26223375513306224,0.33444260645743856,0.2662248121878948,20
lsac,abrupt_global_mag0.5,xgb,per_subgroup_baseline_relative[min_pos],BalAcc,-0.5363434831374645,0.10873540187667338,-0.9475526314462774,0.08768436972104787,20
lsac,abrupt_global_mag0.5,xgb,per_subgroup_ewma[maj_neg],DI_star,0.499407801052706,0.11162061078666344,0.7131606562908125,0.09675568229409426,20
lsac,abrupt_global_mag0.5,xgb,per_subgroup_ewma[maj_neg],AOD_star,0.21421052631578946,0.241749832500325,0.2617599062532683,0.27194104723806245,20
lsac,abrupt_global_mag0.5,xgb,per_subgroup_ewma[maj_neg],BalAcc,-0.5548202601673534,0.09994395881966307,-0.8222286314626611,0.046893091583215404,20
lsac,abrupt_global_mag0.5,xgb,per_subgroup_baseline_relative[maj_neg],DI_star,0.4897146228207566,0.19463085658088797,0.7728439163280921,0.20058846019836765,20
lsac,abrupt_global_mag0.5,xgb,per_subgroup_baseline_relative[maj_neg],AOD_star,0.24158966561746134,0.2213999012816342,0.2973344201682048,0.2848331713097986,20
lsac,abrupt_global_mag0.5,xgb,per_subgroup_baseline_relative[maj_neg],BalAcc,-0.5842881693855968,0.1525614280421985,-0.8855169572010055,0.17499484620332723,20
lsac,abrupt_global_mag0.5,xgb,per_subgroup_ewma[maj_pos],DI_star,0.5155356347426301,0.11159797024737371,0.7269156166645201,0.09018252655910852,20
lsac,abrupt_global_mag0.5,xgb,per_subgroup_ewma[maj_pos],AOD_star,0.22691729323308268,0.24592921826126207,0.2706249242744561,0.2706780479161085,20
lsac,abrupt_global_mag0.5,xgb,per_subgroup_ewma[maj_pos],BalAcc,-0.5410610313637346,0.09686193942045705,-0.8362972322521098,0.025118928351340542,20
lsac,abrupt_global_mag0.5,xgb,per_subgroup_baseline_relative[maj_pos],DI_star,0.49605920716804847,0.09182413000271891,0.8685231635840653,0.056377929891782294,20
lsac,abrupt_global_mag0.5,xgb,per_subgroup_baseline_relative[maj_pos],AOD_star,0.22090225563909768,0.2210428620418001,0.356809723658316,0.2483294695653279,20
lsac,abrupt_global_mag0.5,xgb,per_subgroup_baseline_relative[maj_pos],BalAcc,-0.5526401201426742,0.12076233390203019,-0.9764963510512304,0.008271798162515243,20
lsac,abrupt_global_mag1.0,lr,global_mean,DI_star,0.5741353383458645,0.12090786655143194,0.8747574336493287,0.05004695992808036,20
lsac,abrupt_global_mag1.0,lr,global_mean,AOD_star,0.45616541353383455,0.17441811872681154,0.6265558267679431,0.16880257435874466,20
lsac,abrupt_global_mag1.0,lr,global_mean,BalAcc,-0.43699248120300743,0.13393626280513218,-0.5952100034460408,0.17060519399478308,20
lsac,abrupt_global_mag1.0,lr,global_ewma,DI_star,0.5169172932330827,0.09957325985260998,0.7215772252357734,0.08360542383085105,20
lsac,abrupt_global_mag1.0,lr,global_ewma,AOD_star,0.40503759398496236,0.17781487539360782,0.4901010328977998,0.19441430186842584,20
lsac,abrupt_global_mag1.0,lr,global_ewma,BalAcc,-0.3993984962406015,0.20104335237077053,-0.49699435180942053,0.1862274127774189,20
lsac,abrupt_global_mag1.0,lr,global_std,DI_star,0.5569924812030074,0.11502963263030495,0.8321855047770101,0.06576274085323013,20
lsac,abrupt_global_mag1.0,lr,global_std,AOD_star,0.46428571428571425,0.14372028520670668,0.5889682819378039,0.158781521370758,20
lsac,abrupt_global_mag1.0,lr,global_std,BalAcc,-0.3890225563909774,0.1611410637356105,-0.5787371517731172,0.1525875077335957,20
lsac,abrupt_global_mag1.0,lr,subgroup_violation_diff,DI_star,0.14263157894736841,0.5519137632641434,0.18206407525169885,0.7487319554827342,20
lsac,abrupt_global_mag1.0,lr,subgroup_violation_diff,AOD_star,0.14834586466165411,0.46377345945741644,0.19413556747003907,0.5386792915956196,20
lsac,abrupt_global_mag1.0,lr,subgroup_violation_diff,BalAcc,-0.1385714285714285,0.4369766140799252,-0.161007311060492,0.5114926025705726,20
lsac,abrupt_global_mag1.0,lr,max_subgroup_deviation,DI_star,0.5969924812030075,0.09018545474401832,0.8752584225007729,0.0484688087771122,20
lsac,abrupt_global_mag1.0,lr,max_subgroup_deviation,AOD_star,0.4933082706766916,0.16925042502514173,0.6283084660884138,0.16853557022557275,20
lsac,abrupt_global_mag1.0,lr,max_subgroup_deviation,BalAcc,-0.44413533834586466,0.15226206242832385,-0.5961977697320797,0.17076658472910214,20
lsac,abrupt_global_mag1.0,lr,assignment_proportion_drift,DI_star,0.6251248342665543,0.12412045241838486,0.8509986282565019,0.10524225340787784,20
lsac,abrupt_global_mag1.0,lr,assignment_proportion_drift,AOD_star,0.4826595671150664,0.19504008902693606,0.6091663334954283,0.18675665169659686,20
lsac,abrupt_global_mag1.0,lr,assignment_proportion_drift,BalAcc,-0.49329701597639747,0.20087255658956424,-0.583257274254174,0.20359149127461412,20
lsac,abrupt_global_mag1.0,lr,ks_statistic,DI_star,0.6060902255639096,0.10444632048498703,0.8778151517095397,0.04910375792628852,20
lsac,abrupt_global_mag1.0,lr,ks_statistic,AOD_star,0.4764661654135338,0.20399274987975677,0.6299650595634245,0.17134401957440823,20
lsac,abrupt_global_mag1.0,lr,ks_statistic,BalAcc,-0.48338345864661647,0.14445835917772984,-0.5991575823310934,0.17113236989037933,20
lsac,abrupt_global_mag1.0,lr,kl_divergence,DI_star,0.5873684210526315,0.11842370208278563,0.8737249533063904,0.05068971308657074,20
lsac,abrupt_global_mag1.0,lr,kl_divergence,AOD_star,0.46609022556390967,0.1512444655142504,0.6280083759638447,0.16326991347387287,20
lsac,abrupt_global_mag1.0,lr,kl_divergence,BalAcc,-0.41887218045112773,0.13244994211839442,-0.5945356058651396,0.16506299077489164,20
lsac,abrupt_global_mag1.0,lr,per_subgroup_ewma[min_neg],DI_star,0.516390977443609,0.10269190438374211,0.7166823510355187,0.08554880513522072,20
lsac,abrupt_global_mag1.0,lr,per_subgroup_ewma[min_neg],AOD_star,0.3976691729323308,0.18992932146879868,0.486616362599649,0.19591555680851908,20
lsac,abrupt_global_mag1.0,lr,per_subgroup_ewma[min_neg],BalAcc,-0.4072180451127819,0.19253089114300934,-0.4948612293783513,0.18563598625200656,20
lsac,abrupt_global_mag1.0,lr,per_subgroup_baseline_relative[min_neg],DI_star,0.5778947368421052,0.12539595268124987,0.8653289997663348,0.0525080335808197,20
lsac,abrupt_global_mag1.0,lr,per_subgroup_baseline_relative[min_neg],AOD_star,0.4374436090225564,0.2003348996609444,0.6156670894783659,0.17326027793725474,20
lsac,abrupt_global_mag1.0,lr,per_subgroup_baseline_relative[min_neg],BalAcc,-0.47338345864661646,0.1635828981796559,-0.6012170314591958,0.17014071623895274,20
lsac,abrupt_global_mag1.0,lr,per_subgroup_ewma[min_pos],DI_star,0.5168421052631578,0.10160351544750684,0.7217665999219771,0.08353922451232519,20
lsac,abrupt_global_mag1.0,lr,per_subgroup_ewma[min_pos],AOD_star,0.40285714285714286,0.18728893183471634,0.49048599365521445,0.19463562863893125,20
lsac,abrupt_global_mag1.0,lr,per_subgroup_ewma[min_pos],BalAcc,-0.40293233082706764,0.20093426144138807,-0.4973453651311333,0.18552818042169483,20
lsac,abrupt_global_mag1.0,lr,per_subgroup_baseline_relative[min_pos],DI_star,0.5908270676691729,0.08632535117719026,0.8747259970466608,0.04876447169370583,20
lsac,abrupt_global_mag1.0,lr,per_subgroup_baseline_relative[min_pos],AOD_star,0.4881203007518796,0.1611251354949259,0.6278775131989495,0.1685008949275797,20
lsac,abrupt_global_mag1.0,lr,per_subgroup_baseline_relative[min_pos],BalAcc,-0.4321052631578947,0.14298947175485405,-0.5958028948800752,0.1707287748145463,20
lsac,abrupt_global_mag1.0,lr,per_subgroup_ewma[maj_neg],DI_star,0.5230827067669173,0.10406327410670718,0.720039346373045,0.08648028376853065,20
lsac,abrupt_global_mag1.0,lr,per_subgroup_ewma[maj_neg],AOD_star,0.41,0.18029396351358853,0.4888786560515207,0.19727868313184133,20
lsac,abrupt_global_mag1.0,lr,per_subgroup_ewma[maj_neg],BalAcc,-0.40812030075187955,0.2015741095913046,-0.49910149960382044,0.18779106257905848,20
lsac,abrupt_global_mag1.0,lr,per_subgroup_baseline_relative[maj_neg],DI_star,0.524360902255639,0.10955699961078508,0.8614607923507343,0.05730343557866893,20
lsac,abrupt_global_mag1.0,lr,per_subgroup_baseline_relative[maj_neg],AOD_star,0.4225563909774436,0.1536463911796438,0.6191608562487428,0.1672637454527006,20
lsac,abrupt_global_mag1.0,lr,per_subgroup_baseline_relative[maj_neg],BalAcc,-0.4120300751879699,0.16147533388413657,-0.5868932571911797,0.16956344605828105,20
lsac,abrupt_global_mag1.0,lr,per_subgroup_ewma[maj_pos],DI_star,0.5191729323308271,0.10144958175409183,0.7228510894038157,0.08130662883218191,20
lsac,abrupt_global_mag1.0,lr,per_subgroup_ewma[maj_pos],AOD_star,0.40804511278195477,0.16943390063496772,0.49186355433957896,0.19127922507969128,20
lsac,abrupt_global_mag1.0,lr,per_subgroup_ewma[maj_pos],BalAcc,-0.4033082706766916,0.19615479355800852,-0.4959904145856412,0.18726401538883414,20
lsac,abrupt_global_mag1.0,lr,per_subgroup_baseline_relative[maj_pos],DI_star,0.559172932330827,0.06146730356951356,0.8726853915696416,0.0485214077139788,20
lsac,abrupt_global_mag1.0,lr,per_subgroup_baseline_relative[maj_pos],AOD_star,0.46842105263157885,0.11720210456510252,0.6281051419962602,0.16288201420183693,20
lsac,abrupt_global_mag1.0,lr,per_subgroup_baseline_relative[maj_pos],BalAcc,-0.41992481203007526,0.1486691674186223,-0.5904323947022149,0.1719531483894113,20
lsac,abrupt_global_mag1.0,xgb,global_mean,DI_star,0.5698198217947466,0.11575759343542914,0.9541227291036737,0.01882700052335448,20
lsac,abrupt_global_mag1.0,xgb,global_mean,AOD_star,0.5607518796992481,0.11902889709004583,0.8319643515414905,0.07631770731480857,20
lsac,abrupt_global_mag1.0,xgb,global_mean,BalAcc,-0.586147122084621,0.14555645751148444,-0.989432161397564,0.0048987165088188196,20
lsac,abrupt_global_mag1.0,xgb,global_ewma,DI_star,0.5231688681930626,0.07444408340337269,0.8006857998676837,0.028838484133405336,20
lsac,abrupt_global_mag1.0,xgb,global_ewma,AOD_star,0.49593984962406007,0.10432406014766649,0.6808085052084698,0.08227684265971985,20
lsac,abrupt_global_mag1.0,xgb,global_ewma,BalAcc,-0.5324285558742121,0.11131424341863597,-0.8397317876431254,0.01631890398086757,20
lsac,abrupt_global_mag1.0,xgb,global_std,DI_star,0.5775282997793115,0.11901703205019253,0.9072187471534454,0.0502672984045947,20
lsac,abrupt_global_mag1.0,xgb,global_std,AOD_star,0.560375939849624,0.1291835886262433,0.787591582600955,0.09102150538805572,20
lsac,abrupt_global_mag1.0,xgb,global_std,BalAcc,-0.5746037182486469,0.08003596603596459,-0.9458785275990405,0.04049450916387725,20
lsac,abrupt_global_mag1.0,xgb,subgroup_violation_diff,DI_star,0.14324368849563993,0.5422824828206156,0.18450482139306038,0.8214999340117699,20
lsac,abrupt_global_mag1.0,xgb,subgroup_violation_diff,AOD_star,0.13007518796992482,0.5452623077267362,0.1797103666546871,0.7304653571960509,20
lsac,abrupt_global_mag1.0,xgb,subgroup_violation_diff,BalAcc,-0.07975772843881714,0.5042779094871249,-0.18673246700509888,0.8515029573108686,20
lsac,abrupt_global_mag1.0,xgb,max_subgroup_deviation,DI_star,0.5887691982451593,0.08230250951331214,0.9532004089078889,0.01949572539111901,20
lsac,abrupt_global_mag1.0,xgb,max_subgroup_deviation,AOD_star,0.5859398496240601,0.11133332814274202,0.831483649192567,0.08088774139622165,20
lsac,abrupt_global_mag1.0,xgb,max_subgroup_deviation,BalAcc,-0.5694551382223798,0.11858296971510286,-0.9881429986175334,0.004968982298715393,20
lsac,abrupt_global_mag1.0,xgb,assignment_proportion_drift,DI_star,0.5572348732210362,0.13043315435513966,0.9115821480046226,0.12783566428807583,20
lsac,abrupt_global_mag1.0,xgb,assignment_proportion_drift,AOD_star,0.5243474594751774,0.12150639419935536,0.7912554836158526,0.14395550415740885,20
lsac,abrupt_global_mag1.0,xgb,assignment_proportion_drift,BalAcc,-0.5568026077065837,0.14097353584182204,-0.9479251547980445,0.11206807057315234,20
lsac,abrupt_global_mag1.0,xgb,ks_statistic,DI_star,0.5798187470748075,0.09954398154704867,0.9546128954741192,0.01864983441405868,20
lsac,abrupt_global_mag1.0,xgb,ks_statistic,AOD_star,0.5675187969924813,0.12390502947335069,0.8325633213858759,0.07780460015383235,20
lsac,abrupt_global_mag1.0,xgb,ks_statistic,BalAcc,-0.6093082975454878,0.11357291174780455,-0.9896232944454841,0.004095237865270908,20
lsac,abrupt_global_mag1.0,xgb,kl_divergence,DI_star,0.6149330279811889,0.09859850498701632,0.9505212632397457,0.018573670725722143,20
lsac,abrupt_global_mag1.0,xgb,kl_divergence,AOD_star,0.5993984962406016,0.10174952147094268,0.832633832553334,0.078239657712098,20
lsac,abrupt_global_mag1.0,xgb,kl_divergence,BalAcc,-0.5822762850334172,0.10699365956367163,-0.9830920295385172,0.00667523800485975,20
lsac,abrupt_global_mag1.0,xgb,per_subgroup_ewma[min_neg],DI_star,0.5224538047209263,0.0682491445141003,0.794163444898721,0.02988281943501579,20
lsac,abrupt_global_mag1.0,xgb,per_subgroup_ewma[min_neg],AOD_star,0.49533834586466163,0.10063105761879082,0.6739923251042309,0.0827122360974388,20
lsac,abrupt_global_mag1.0,xgb,per_subgroup_ewma[min_neg],BalAcc,-0.5315640780537506,0.11287271366503705,-0.8331597596824194,0.017824760758735833,20
lsac,abrupt_global_mag1.0,xgb,per_subgroup_baseline_relative[min_neg],DI_star,0.5277892092468072,0.11486202922506136,0.9396282759727652,0.021802964495091753,20
lsac,abrupt_global_mag1.0,xgb,per_subgroup_baseline_relative[min_neg],AOD_star,0.49481203007518787,0.10350571035663529,0.8136397809551429,0.07372773134951377,20
lsac,abrupt_global_mag1.0,xgb,per_subgroup_baseline_relative[min_neg],BalAcc,-0.535353844457468,0.12009580920453923,-0.9768108503197082,0.008937731444161153,20
lsac,abrupt_global_mag1.0,xgb,per_subgroup_ewma[min_pos],DI_star,0.523394432102837,0.0764855191706017,0.8005189095744724,0.029067253921770883,20
lsac,abrupt_global_mag1.0,xgb,per_subgroup_ewma[min_pos],AOD_star,0.49691729323308265,0.10675047527744304,0.6805395843524702,0.08286954493605933,20
lsac,abrupt_global_mag1.0,xgb,per_subgroup_ewma[min_pos],BalAcc,-0.5319773714904559,0.11253489667810677,-0.8397973505139757,0.016318602291738756,20
lsac,abrupt_global_mag1.0,xgb,per_subgroup_baseline_relative[min_pos],DI_star,0.6034306544057719,0.0878946887407122,0.9533866293849874,0.019971865829844095,20
lsac,abrupt_global_mag1.0,xgb,per_subgroup_baseline_relative[min_pos],AOD_star,0.6027819548872179,0.12041937290859774,0.8318807405376971,0.08123908977660081,20
lsac,abrupt_global_mag1.0,xgb,per_subgroup_baseline_relative[min_pos],BalAcc,-0.5753205352112103,0.11049070176540954,-0.9886569668499602,0.004283670487257259,20
lsac,abrupt_global_mag1.0,xgb,per_subgroup_ewma[maj_neg],DI_star,0.5278681304544153,0.07290070673899071,0.7991717366140537,0.029763075869349863,20
lsac,abrupt_global_mag1.0,xgb,per_subgroup_ewma[maj_neg],AOD_star,0.49947368421052624,0.10177493711993846,0.6796719331796177,0.08306938919290982,20
lsac,abrupt_global_mag1.0,xgb,per_subgroup_ewma[maj_neg],BalAcc,-0.5394585320748192,0.11103170329374847,-0.8382468092454207,0.019568562534337856,20
lsac,abrupt_global_mag1.0,xgb,per_subgroup_baseline_relative[maj_neg],DI_star,0.5439936732939428,0.07363609627463097,0.9413547115161218,0.02190444344755837,20
lsac,abrupt_global_mag1.0,xgb,per_subgroup_baseline_relative[maj_neg],AOD_star,0.5390225563909774,0.0864478241416739,0.8206730160392788,0.07637427024166726,20
lsac,abrupt_global_mag1.0,xgb,per_subgroup_baseline_relative[maj_neg],BalAcc,-0.5735515674654618,0.10486154753356339,-0.9789131678903006,0.009808840491297419,20
lsac,abrupt_global_mag1.0,xgb,per_subgroup_ewma[maj_pos],DI_star,0.5244471202459918,0.07611004016615878,0.8013853603403378,0.027932735726392485,20
lsac,abrupt_global_mag1.0,xgb,per_subgroup_ewma[maj_pos],AOD_star,0.4964661654135337,0.10495257618189172,0.6813810357379121,0.08249143212108706,20
lsac,abrupt_global_mag1.0,xgb,per_subgroup_ewma[maj_pos],BalAcc,-0.5328047502627691,0.10855313673949604,-0.8404274567026151,0.015745058399665515,20
lsac,abrupt_global_mag1.0,xgb,per_subgroup_baseline_relative[maj_pos],DI_star,0.5796728679894401,0.13602792046236079,0.9532219039117577,0.018872266075929567,20
lsac,abrupt_global_mag1.0,xgb,per_subgroup_baseline_relative[maj_pos],AOD_star,0.5753383458646616,0.13502084729622466,0.832225908790102,0.07253579529403206,20
lsac,abrupt_global_mag1.0,xgb,per_subgroup_baseline_relative[maj_pos],BalAcc,-0.602991885865523,0.0948209197735164,-0.9867507034741761,0.005930346620919193,20
lsac,abrupt_global_mag2.0,lr,global_mean,DI_star,0.5897094367494743,0.0767649497759447,0.9715185440787047,0.013207151190627,20
lsac,abrupt_global_mag2.0,lr,global_mean,AOD_star,0.5695211910728221,0.08246191477984069,0.9268626268667655,0.03173924792164734,20
lsac,abrupt_global_mag2.0,lr,global_mean,BalAcc,-0.5884698039064358,0.08008990701536822,-0.9202764592624544,0.028989237426204784,20
lsac,abrupt_global_mag2.0,lr,global_ewma,DI_star,0.5521487044691187,0.09323143034706347,0.8215526621428058,0.02603608984552756,20
lsac,abrupt_global_mag2.0,lr,global_ewma,AOD_star,0.5536955799319877,0.08755150393124063,0.7821959783281546,0.052628271655069093,20
lsac,abrupt_global_mag2.0,lr,global_ewma,BalAcc,-0.5583932301134316,0.09252914038778765,-0.7787128341048564,0.04354994843805613,20
lsac,abrupt_global_mag2.0,lr,global_std,DI_star,0.5343248001529745,0.12375331203959525,0.9192208734558285,0.05915456350204587,20
lsac,abrupt_global_mag2.0,lr,global_std,AOD_star,0.534900058120175,0.1177510833006985,0.8750062459077625,0.0654141639163159,20
lsac,abrupt_global_mag2.0,lr,global_std,BalAcc,-0.521478171166538,0.11013745898551433,-0.8709415983550353,0.050986886229305445,20
lsac,abrupt_global_mag2.0,lr,subgroup_violation_diff,DI_star,0.518198833081892,0.2756231015473497,0.7602964635950799,0.371363324440245,20
lsac,abrupt_global_mag2.0,lr,subgroup_violation_diff,AOD_star,0.4661783384552078,0.3039935387162473,0.710362382584518,0.37845560275757345,20
lsac,abrupt_global_mag2.0,lr,subgroup_violation_diff,BalAcc,-0.5149346117789938,0.281918938235998,-0.7310513924962704,0.35289517293905914,20
lsac,abrupt_global_mag2.0,lr,max_subgroup_deviation,DI_star,0.5954553065016943,0.08571943181559061,0.9707541239026375,0.012771727560093536,20
lsac,abrupt_global_mag2.0,lr,max_subgroup_deviation,AOD_star,0.5585082039313527,0.08660873792575756,0.9252243494650386,0.03181726917391296,20
lsac,abrupt_global_mag2.0,lr,max_subgroup_deviation,BalAcc,-0.5992219098625131,0.09529610438201688,-0.9207030068216742,0.028098065101750676,20
lsac,abrupt_global_mag2.0,lr,assignment_proportion_drift,DI_star,0.6052621833934069,0.12029053090636567,0.9688880354392616,0.014158697952687574,20
lsac,abrupt_global_mag2.0,lr,assignment_proportion_drift,AOD_star,0.5939256334815399,0.13030259269387953,0.9247889765373172,0.03250826288198532,20
lsac,abrupt_global_mag2.0,lr,assignment_proportion_drift,BalAcc,-0.6066878389642002,0.12085173477692097,-0.9169352117663434,0.029351498101735173,20
lsac,abrupt_global_mag2.0,lr,ks_statistic,DI_star,0.6150462553805383,0.06738750143895418,0.9720009718795015,0.01298139484699925,20
lsac,abrupt_global_mag2.0,lr,ks_statistic,AOD_star,0.5910637747277899,0.09592243722863053,0.9274401852436851,0.03191074610656867,20
lsac,abrupt_global_mag2.0,lr,ks_statistic,BalAcc,-0.6312503729705744,0.07994850221598325,-0.9210627837725506,0.02870685200701354,20
lsac,abrupt_global_mag2.0,lr,kl_divergence,DI_star,0.6048219076012211,0.06938696464740211,0.969939536014501,0.01442044584263133,20
lsac,abrupt_global_mag2.0,lr,kl_divergence,AOD_star,0.5992979462955477,0.10466198747825316,0.9253667856210293,0.03440919564508206,20
lsac,abrupt_global_mag2.0,lr,kl_divergence,BalAcc,-0.61095004532243,0.08613098850002851,-0.9200016861975421,0.029873534541119295,20
lsac,abrupt_global_mag2.0,lr,per_subgroup_ewma[min_neg],DI_star,0.5557953068694201,0.09016923484450248,0.8235567323157191,0.024832800351952233,20
lsac,abrupt_global_mag2.0,lr,per_subgroup_ewma[min_neg],AOD_star,0.5600865290934931,0.08707635912045117,0.7849846214682537,0.05229763244380519,20
lsac,abrupt_global_mag2.0,lr,per_subgroup_ewma[min_neg],BalAcc,-0.563656331443961,0.09119129682391929,-0.7804611364898835,0.044807410624616656,20
lsac,abrupt_global_mag2.0,lr,per_subgroup_baseline_relative[min_neg],DI_star,0.6729808911990544,0.08908126452471248,0.9689390338139043,0.01361639142718193,20
lsac,abrupt_global_mag2.0,lr,per_subgroup_baseline_relative[min_neg],AOD_star,0.6303504081818732,0.1099041422574972,0.92742937988693,0.031741774975391705,20
lsac,abrupt_global_mag2.0,lr,per_subgroup_baseline_relative[min_neg],BalAcc,-0.6603493900261413,0.09602576656074766,-0.9183259290011442,0.029300817354840476,20
lsac,abrupt_global_mag2.0,lr,per_subgroup_ewma[min_pos],DI_star,0.5517732171331533,0.09297022578905235,0.8218549627428844,0.0255360445947462,20
lsac,abrupt_global_mag2.0,lr,per_subgroup_ewma[min_pos],AOD_star,0.5536956930604023,0.08673235757371724,0.7822503970493877,0.05289362368789563,20
lsac,abrupt_global_mag2.0,lr,per_subgroup_ewma[min_pos],BalAcc,-0.5610999970307249,0.09031247269638024,-0.7791806415593453,0.04326128202083292,20
lsac,abrupt_global_mag2.0,lr,per_subgroup_baseline_relative[min_pos],DI_star,0.5664703016725238,0.05516748885576197,0.9705564298623856,0.013395338089417223,20
lsac,abrupt_global_mag2.0,lr,per_subgroup_baseline_relative[min_pos],AOD_star,0.5413642437864525,0.0634160077091811,0.9254143780414816,0.03181852659495347,20
lsac,abrupt_global_mag2.0,lr,per_subgroup_baseline_relative[min_pos],BalAcc,-0.5666637371125388,0.08866961630581212,-0.9195644526667041,0.028113257296543584,20
lsac,abrupt_global_mag2.0,lr,per_subgroup_ewma[maj_neg],DI_star,0.552337650126507,0.09680683288890664,0.8208194963825066,0.02939750714297063,20
lsac,abrupt_global_mag2.0,lr,per_subgroup_ewma[maj_neg],AOD_star,0.5530186902279387,0.09272714323019313,0.781527126360854,0.05544876957356213,20
lsac,abrupt_global_mag2.0,lr,per_subgroup_ewma[maj_neg],BalAcc,-0.559708920599753,0.09855387490485311,-0.7778120177315454,0.046322859684456194,20
lsac,abrupt_global_mag2.0,lr,per_subgroup_baseline_relative[maj_neg],DI_star,0.5673363632907904,0.1196624357660358,0.9673864906861299,0.01648948332732918,20
lsac,abrupt_global_mag2.0,lr,per_subgroup_baseline_relative[maj_neg],AOD_star,0.5701602746761311,0.1066942944181889,0.9235165907968451,0.035231774637658836,20
lsac,abrupt_global_mag2.0,lr,per_subgroup_baseline_relative[maj_neg],BalAcc,-0.550762824873365,0.09800994071386411,-0.9148891958801453,0.031231185509697224,20
lsac,abrupt_global_mag2.0,lr,per_subgroup_ewma[maj_pos],DI_star,0.5553820134327148,0.09317323350226378,0.8207626638965401,0.025257872000940124,20
lsac,abrupt_global_mag2.0,lr,per_subgroup_ewma[maj_pos],AOD_star,0.555575109487486,0.08473712941481781,0.7818197958571672,0.05113064625202719,20
lsac,abrupt_global_mag2.0,lr,per_subgroup_ewma[maj_pos],BalAcc,-0.561325815479432,0.0888248078355096,-0.7774799858803556,0.04381139484983232,20
lsac,abrupt_global_mag2.0,lr,per_subgroup_baseline_relative[maj_pos],DI_star,0.5684315523638926,0.10255104396539573,0.9690121168251057,0.0131406555152144,20
lsac,abrupt_global_mag2.0,lr,per_subgroup_baseline_relative[maj_pos],AOD_star,0.5906104126220518,0.08750622501821398,0.9263834949646957,0.029104909362906193,20
lsac,abrupt_global_mag2.0,lr,per_subgroup_baseline_relative[maj_pos],BalAcc,-0.5712144617707798,0.10144427932989022,-0.9169968069555866,0.030909805536536186,20
lsac,abrupt_global_mag2.0,xgb,global_mean,DI_star,0.6166225697561196,0.10581834562166671,0.9831378600195112,0.012973520685327334,20
lsac,abrupt_global_mag2.0,xgb,global_mean,AOD_star,0.6122642833515062,0.10852810579521836,0.9673441726006242,0.022445716921852876,20
lsac,abrupt_global_mag2.0,xgb,global_mean,BalAcc,-0.5583845732091055,0.1218664191578373,-0.9948436840207598,0.0025518917756349054,20
lsac,abrupt_global_mag2.0,xgb,global_ewma,DI_star,0.5299215457311536,0.11275996799332466,0.8321386021370213,0.01289935754102089,20
lsac,abrupt_global_mag2.0,xgb,global_ewma,AOD_star,0.5312490203283364,0.11205393285826676,0.8150172052036645,0.02228226710110394,20
lsac,abrupt_global_mag2.0,xgb,global_ewma,BalAcc,-0.6211741111607366,0.08394579466546354,-0.8474247983848218,0.004461817823594381,20
lsac,abrupt_global_mag2.0,xgb,global_std,DI_star,0.5285264854823905,0.08581361586895934,0.9321637425872071,0.046214264156809126,20
lsac,abrupt_global_mag2.0,xgb,global_std,AOD_star,0.5422770145201052,0.08240148013387244,0.9163643471537284,0.046695371907418244,20
lsac,abrupt_global_mag2.0,xgb,global_std,BalAcc,-0.6159767104979308,0.10883008494931545,-0.9483858305459879,0.04145700016561186,20
lsac,abrupt_global_mag2.0,xgb,subgroup_violation_diff,DI_star,0.4932761699919186,0.21832760609384422,0.7689321595766191,0.37128684982125676,20
lsac,abrupt_global_mag2.0,xgb,subgroup_violation_diff,AOD_star,0.47941235825080025,0.22846140623016675,0.7557171031130241,0.36048000405323155,20
lsac,abrupt_global_mag2.0,xgb,subgroup_violation_diff,BalAcc,-0.4607070811492081,0.2892751727260688,-0.7759571134802459,0.37808297020775866,20
lsac,abrupt_global_mag2.0,xgb,max_subgroup_deviation,DI_star,0.6121711846291451,0.0899833780131522,0.9823734133477309,0.013430499742291725,20
lsac,abrupt_global_mag2.0,xgb,max_subgroup_deviation,AOD_star,0.6049535673702786,0.09536700944359097,0.9669689296207732,0.02313478705790246,20
lsac,abrupt_global_mag2.0,xgb,max_subgroup_deviation,BalAcc,-0.5795282667034405,0.1140872206413588,-0.9935102707690513,0.0029092271780345024,20
lsac,abrupt_global_mag2.0,xgb,assignment_proportion_drift,DI_star,0.6090242681329856,0.10630823552542949,0.9787823807658469,0.013771701257476135,20
lsac,abrupt_global_mag2.0,xgb,assignment_proportion_drift,AOD_star,0.6102883695585085,0.10441065101232241,0.9628719153368607,0.02165530739946364,20
lsac,abrupt_global_mag2.0,xgb,assignment_proportion_drift,BalAcc,-0.6013220796094331,0.09965082215972822,-0.9909500026161726,0.005930714401468016,20
lsac,abrupt_global_mag2.0,xgb,ks_statistic,DI_star,0.6276129443971082,0.1014084929778404,0.983362482151972,0.013128001548686728,20
lsac,abrupt_global_mag2.0,xgb,ks_statistic,AOD_star,0.624657432707484,0.09826751956314195,0.9675382823893667,0.022695485799947266,20
lsac,abrupt_global_mag2.0,xgb,ks_statistic,BalAcc,-0.5556817148400542,0.12716502667534899,-0.9947565316403173,0.002304830093659034,20
lsac,abrupt_global_mag2.0,xgb,kl_divergence,DI_star,0.6016649546110568,0.10506788681856376,0.9816401956268228,0.012950493635214869,20
lsac,abrupt_global_mag2.0,xgb,kl_divergence,AOD_star,0.607165001585303,0.10246978888617897,0.9660036042276943,0.022765328678231722,20
lsac,abrupt_global_mag2.0,xgb,kl_divergence,BalAcc,-0.5759121648270165,0.09230776631709377,-0.9933470724552104,0.0025810301724812227,20
lsac,abrupt_global_mag2.0,xgb,per_subgroup_ewma[min_neg],DI_star,0.5290918127157604,0.11236455229203735,0.8329747536607147,0.015087708821166052,20
lsac,abrupt_global_mag2.0,xgb,per_subgroup_ewma[min_neg],AOD_star,0.5311601762402101,0.11085231712671782,0.8159158859663089,0.022674293107805468,20
lsac,abrupt_global_mag2.0,xgb,per_subgroup_ewma[min_neg],BalAcc,-0.6173279533544819,0.08929500027962892,-0.848004137958356,0.009634663727755654,20
lsac,abrupt_global_mag2.0,xgb,per_subgroup_baseline_relative[min_neg],DI_star,0.6158803888068249,0.10220236489226792,0.9750343773671778,0.015180306346803384,20
lsac,abrupt_global_mag2.0,xgb,per_subgroup_baseline_relative[min_neg],AOD_star,0.6005128274866152,0.1101154219030753,0.9597444824644276,0.022216953408459944,20
lsac,abrupt_global_mag2.0,xgb,per_subgroup_baseline_relative[min_neg],BalAcc,-0.5701448735890174,0.10102467160726775,-0.9861489594702336,0.01126011811508446,20
lsac,abrupt_global_mag2.0,xgb,per_subgroup_ewma[min_pos],DI_star,0.5292805228167289,0.1145474522227384,0.8324724768599913,0.013507704461791916,20
lsac,abrupt_global_mag2.0,xgb,per_subgroup_ewma[min_pos],AOD_star,0.5316820601569019,0.11175762186506477,0.8153742819563494,0.022166827777359524,20
lsac,abrupt_global_mag2.0,xgb,per_subgroup_ewma[min_pos],BalAcc,-0.6200514616376033,0.08285549608381308,-0.8477383855309091,0.004784230255695086,20
lsac,abrupt_global_mag2.0,xgb,per_subgroup_baseline_relative[min_pos],DI_star,0.6156287072466464,0.08407649921247462,0.9826182103550577,0.013061607219398927,20
lsac,abrupt_global_mag2.0,xgb,per_subgroup_baseline_relative[min_pos],AOD_star,0.6104006203708879,0.08187941717038079,0.9668398140332478,0.022595565032639597,20
lsac,abrupt_global_mag2.0,xgb,per_subgroup_baseline_relative[min_pos],BalAcc,-0.5275209425500557,0.11816507372067452,-0.9941694733107014,0.0028124806998661533,20
lsac,abrupt_global_mag2.0,xgb,per_subgroup_ewma[maj_neg],DI_star,0.5313797443002614,0.11357337955056385,0.8315844988304291,0.013749406408324819,20
lsac,abrupt_global_mag2.0,xgb,per_subgroup_ewma[maj_neg],AOD_star,0.5328775468499171,0.11246669658799219,0.8146253311168966,0.02409396047793768,20
lsac,abrupt_global_mag2.0,xgb,per_subgroup_ewma[maj_neg],BalAcc,-0.6218068867504024,0.08400429212320812,-0.8470370218578873,0.007004244365296036,20
lsac,abrupt_global_mag2.0,xgb,per_subgroup_baseline_relative[maj_neg],DI_star,0.6065809444531917,0.056023194550255326,0.9795514579715302,0.013460264966790831,20
lsac,abrupt_global_mag2.0,xgb,per_subgroup_baseline_relative[maj_neg],AOD_star,0.6074810453206635,0.0601411552034891,0.9645927997016729,0.02265311903935356,20
lsac,abrupt_global_mag2.0,xgb,per_subgroup_baseline_relative[maj_neg],BalAcc,-0.5822154532933143,0.13651085077923986,-0.9918743018999209,0.005234351930224142,20
lsac,abrupt_global_mag2.0,xgb,per_subgroup_ewma[maj_pos],DI_star,0.5323204374891837,0.11231723083399597,0.8310928853078821,0.011931937596329026,20
lsac,abrupt_global_mag2.0,xgb,per_subgroup_ewma[maj_pos],AOD_star,0.5323566592895299,0.11250076266199846,0.8138751511818679,0.021529717006770435,20
lsac,abrupt_global_mag2.0,xgb,per_subgroup_ewma[maj_pos],BalAcc,-0.6210645126063912,0.08400443791521772,-0.8465424955155312,0.007218029759329575,20
lsac,abrupt_global_mag2.0,xgb,per_subgroup_baseline_relative[maj_pos],DI_star,0.6179867232891125,0.10935715319786375,0.9805586298068452,0.012188691092601742,20
lsac,abrupt_global_mag2.0,xgb,per_subgroup_baseline_relative[maj_pos],AOD_star,0.627091995470157,0.10336349134295972,0.9650255349312158,0.021857978716016337,20
lsac,abrupt_global_mag2.0,xgb,per_subgroup_baseline_relative[maj_pos],BalAcc,-0.5851868979899811,0.10446101571208619,-0.991670456339094,0.004995494528903358,20
lsac,variance_group_mag1.5,lr,global_mean,DI_star,-0.030037153351026198,0.26688041314174016,-0.03514359290801241,0.2489219870285096,20
lsac,variance_group_mag1.5,lr,global_mean,AOD_star,0.037744360902255636,0.24341675323517542,0.031215975281688364,0.23618047767459835,20
lsac,variance_group_mag1.5,lr,global_mean,BalAcc,0.09458646616541352,0.2430230118637426,0.07908679144248534,0.21959589591666026,20
lsac,variance_group_mag1.5,lr,global_ewma,DI_star,0.04418498490960203,0.2729322959273185,0.04911299055292964,0.2768849645692403,20
lsac,variance_group_mag1.5,lr,global_ewma,AOD_star,0.044436090225563905,0.22256171249480197,0.05659977311995602,0.23491992581098825,20
lsac,variance_group_mag1.5,lr,global_ewma,BalAcc,0.012932330827067674,0.24125634570475424,0.018999126626322978,0.2366201409583329,20
lsac,variance_group_mag1.5,lr,global_std,DI_star,-0.031091587944745126,0.2863369845827433,-0.023918238158151795,0.2530316506264621,20
lsac,variance_group_mag1.5,lr,global_std,AOD_star,0.016691729323308268,0.2628418725455554,0.010938908956019464,0.2539583895079294,20
lsac,variance_group_mag1.5,lr,global_std,BalAcc,0.041203007518796984,0.25556053635840487,0.029493884878144066,0.22704803495133136,20
lsac,variance_group_mag1.5,lr,subgroup_violation_diff,DI_star,-0.10486312782604053,0.2160369095557068,-0.14267245901184433,0.21975456435675741,20
lsac,variance_group_mag1.5,lr,subgroup_violation_diff,AOD_star,-0.15526315789473683,0.22453392661070143,-0.19115298368387762,0.20151770366625377,20
lsac,variance_group_mag1.5,lr,subgroup_violation_diff,BalAcc,-0.06248120300751878,0.2684572646747331,-0.033091358185382155,0.28237902713478874,20
lsac,variance_group_mag1.5,lr,max_subgroup_deviation,DI_star,0.018336673159334183,0.28274034228126343,0.030253113466430122,0.2775390168218667,20
lsac,variance_group_mag1.5,lr,max_subgroup_deviation,AOD_star,0.06541353383458647,0.25022054831584056,0.0768283492280753,0.2595743825053412,20
lsac,variance_group_mag1.5,lr,max_subgroup_deviation,BalAcc,0.014210526315789456,0.20153825033059336,-0.01903720141167209,0.2162000477562046,20
lsac,variance_group_mag1.5,lr,assignment_proportion_drift,DI_star,0.09110364429384513,0.17984927327674827,0.08620695461022018,0.14014863930227758,20
lsac,variance_group_mag1.5,lr,assignment_proportion_drift,AOD_star,0.0480432744452169,0.1742454949047562,0.048257786667337266,0.15647365292965765,20
lsac,variance_group_mag1.5,lr,assignment_proportion_drift,BalAcc,-0.021648309224991603,0.1886082240861093,-0.029468492251813548,0.1985596623711692,20
lsac,variance_group_mag1.5,lr,ks_statistic,DI_star,-0.06138605240300495,0.21802110200043853,-0.0714321598357339,0.23463193684310063,20
lsac,variance_group_mag1.5,lr,ks_statistic,AOD_star,-0.06285714285714285,0.25783953463431875,-0.048597371130532356,0.2445754223558059,20
lsac,variance_group_mag1.5,lr,ks_statistic,BalAcc,0.027969924812030082,0.2096951368697398,0.05337617027702002,0.19297144156743018,20
lsac,variance_group_mag1.5,lr,kl_divergence,DI_star,-0.010221351294927707,0.26806389013797466,-0.016433109653850534,0.22039615390499004,20
lsac,variance_group_mag1.5,lr,kl_divergence,AOD_star,-0.030150375939849615,0.223132497085437,-0.03355190253064148,0.21760824468280948,20
lsac,variance_group_mag1.5,lr,kl_divergence,BalAcc,0.010601503759398499,0.23703440099085857,0.028813206679780684,0.251255528304439,20
lsac,variance_group_mag1.5,lr,per_subgroup_ewma[min_neg],DI_star,-0.015612036779024138,0.26020591364280626,-0.0018006744528862324,0.254397539743826,20
lsac,variance_group_mag1.5,lr,per_subgroup_ewma[min_neg],AOD_star,0.005488721804511275,0.21427134894468333,0.013936485060014126,0.24062661506404714,20
lsac,variance_group_mag1.5,lr,per_subgroup_ewma[min_neg],BalAcc,0.003308270676691731,0.2181957478118296,0.033924990393725485,0.2503008226568448,20
lsac,variance_group_mag1.5,lr,per_subgroup_baseline_relative[min_neg],DI_star,-0.07358178820253272,0.24734295365614106,-0.0803350052690768,0.25165791291667383,20
lsac,variance_group_mag1.5,lr,per_subgroup_baseline_relative[min_neg],AOD_star,-0.030827067669172935,0.23609429621508665,-0.03424956646154269,0.2676847293990868,20
lsac,variance_group_mag1.5,lr,per_subgroup_baseline_relative[min_neg],BalAcc,0.07586466165413533,0.2485589537872851,0.08642530627323204,0.2507624253985124,20
lsac,variance_group_mag1.5,lr,per_subgroup_ewma[min_pos],DI_star,-0.0020254803834037173,0.2682202943653554,0.008434589970210163,0.250640871319044,20
lsac,variance_group_mag1.5,lr,per_subgroup_ewma[min_pos],AOD_star,-0.005112781954887223,0.22347423012076423,0.02237127136188207,0.24423693870487315,20
lsac,variance_group_mag1.5,lr,per_subgroup_ewma[min_pos],BalAcc,0.016315789473684207,0.2530091499126275,0.016917475732063977,0.24323703016077192,20
lsac,variance_group_mag1.5,lr,per_subgroup_baseline_relative[min_pos],DI_star,-0.023350429837413443,0.26165519957868894,-0.03321525215021946,0.24237736009851424,20
lsac,variance_group_mag1.5,lr,per_subgroup_baseline_relative[min_pos],AOD_star,0.011278195488721795,0.24625890995473315,0.005541828053891126,0.25280449662711585,20
lsac,variance_group_mag1.5,lr,per_subgroup_baseline_relative[min_pos],BalAcc,0.021353383458646624,0.24007065498500327,-0.007454099670671092,0.23820022783651093,20
lsac,variance_group_mag1.5,lr,per_subgroup_ewma[maj_neg],DI_star,0.03239109413999264,0.30457195761274247,0.054933916384064904,0.28574773422886035,20
lsac,variance_group_mag1.5,lr,per_subgroup_ewma[maj_neg],AOD_star,0.03466165413533834,0.25202014937297534,0.06194473988514086,0.26030430706910046,20
lsac,variance_group_mag1.5,lr,per_subgroup_ewma[maj_neg],BalAcc,0.004586466165413532,0.24689397332938062,-0.012933091912182445,0.27293628355023797,20
lsac,variance_group_mag1.5,lr,per_subgroup_baseline_relative[maj_neg],DI_star,-0.024234981962252992,0.2493550302863455,-0.020135679666694956,0.22430984460672276,20
lsac,variance_group_mag1.5,lr,per_subgroup_baseline_relative[maj_neg],AOD_star,0.04142857142857141,0.19482563946392278,0.059085578525141,0.2174596168819769,20
lsac,variance_group_mag1.5,lr,per_subgroup_baseline_relative[maj_neg],BalAcc,0.11150375939849622,0.3050342765780605,0.10206085803084892,0.32842226394670054,20
lsac,variance_group_mag1.5,lr,per_subgroup_ewma[maj_pos],DI_star,0.11156535030576906,0.2262663964003627,0.12094878708325225,0.23979577781174463,20
lsac,variance_group_mag1.5,lr,per_subgroup_ewma[maj_pos],AOD_star,0.09924812030075185,0.20939113929922518,0.1003396146326621,0.22361890515238964,20
lsac,variance_group_mag1.5,lr,per_subgroup_ewma[maj_pos],BalAcc,0.013834586466165397,0.2090153079286277,0.018606915054746966,0.2005531081602418,20
lsac,variance_group_mag1.5,lr,per_subgroup_baseline_relative[maj_pos],DI_star,0.14125922884766928,0.2313445785083094,0.15061081914917993,0.2107710604704221,20
lsac,variance_group_mag1.5,lr,per_subgroup_baseline_relative[maj_pos],AOD_star,0.17932330827067666,0.21386920344144278,0.18661450372518112,0.1899211499132003,20
lsac,variance_group_mag1.5,lr,per_subgroup_baseline_relative[maj_pos],BalAcc,0.018872180451127818,0.25050098482811,0.0125630031132121,0.24907802894595,20
lsac,variance_group_mag1.5,xgb,global_mean,DI_star,-0.05962592676921759,0.19478527539990145,-0.06759561734125998,0.21475374578443684,20
lsac,variance_group_mag1.5,xgb,global_mean,AOD_star,-0.0569172932330827,0.201817887234174,-0.04635545359363559,0.20981250267919443,20
lsac,variance_group_mag1.5,xgb,global_mean,BalAcc,-0.09176531935437623,0.21533110873019873,-0.07982570631967045,0.2520791424858849,20
lsac,variance_group_mag1.5,xgb,global_ewma,DI_star,-0.12560296028773704,0.1818229488374659,-0.0983280975406012,0.20100780989611253,20
lsac,variance_group_mag1.5,xgb,global_ewma,AOD_star,-0.10714285714285712,0.20331020319853876,-0.08949845674189613,0.18390441894858478,20
lsac,variance_group_mag1.5,xgb,global_ewma,BalAcc,-0.03447118124435228,0.18149184763434753,-0.043772682814680684,0.22615464963919796,20
lsac,variance_group_mag1.5,xgb,global_std,DI_star,-0.09458838934846252,0.19658744491231092,-0.1004831658515567,0.21124349673978451,20
lsac,variance_group_mag1.5,xgb,global_std,AOD_star,-0.07834586466165414,0.20208640934257457,-0.08451824060302329,0.22010009109224243,20
lsac,variance_group_mag1.5,xgb,global_std,BalAcc,-0.09890992998766036,0.1934576349823789,-0.08309087990979128,0.2092344024872395,20
lsac,variance_group_mag1.5,xgb,subgroup_violation_diff,DI_star,-0.13992274743650787,0.2338082498239625,-0.1344938123989152,0.25507930091991726,20
lsac,variance_group_mag1.5,xgb,subgroup_violation_diff,AOD_star,-0.14022556390977442,0.17462258309305143,-0.14679318272665995,0.1841057926995339,20
lsac,variance_group_mag1.5,xgb,subgroup_violation_diff,BalAcc,-0.009471619616959031,0.26649538947009355,-0.004248378481870543,0.276326444783679,20
lsac,variance_group_mag1.5,xgb,max_subgroup_deviation,DI_star,0.017742663976035945,0.20157737444715762,-0.0065198454929404955,0.2139587429559805,20
lsac,variance_group_mag1.5,xgb,max_subgroup_deviation,AOD_star,0.03428571428571429,0.17758602670091073,0.018240684875740605,0.16751392750003904,20
lsac,variance_group_mag1.5,xgb,max_subgroup_deviation,BalAcc,-0.04454240971976448,0.26193287732026155,-0.05434205859886652,0.2654192614387302,20
lsac,variance_group_mag1.5,xgb,assignment_proportion_drift,DI_star,5.6887693524943636e-05,0.2122708519145302,-0.03354136532505919,0.19435885949075035,20
lsac,variance_group_mag1.5,xgb,assignment_proportion_drift,AOD_star,-0.022305069143089072,0.18784003177772246,-0.04289496734298466,0.17220198990028923,20
lsac,variance_group_mag1.5,xgb,assignment_proportion_drift,BalAcc,-0.08218211977193556,0.16033520161510725,-0.07016995183272863,0.16943604129667897,20
lsac,variance_group_mag1.5,xgb,ks_statistic,DI_star,-0.006357159119485425,0.24356892441669642,-0.05817248651749467,0.22465868053925764,20
lsac,variance_group_mag1.5,xgb,ks_statistic,AOD_star,0.015037593984962405,0.23441916146973876,-0.035629784029145274,0.23617375414262584,20
lsac,variance_group_mag1.5,xgb,ks_statistic,BalAcc,-0.04620022173158633,0.20369150011166542,-0.04451801797574432,0.2100716505642593,20
lsac,variance_group_mag1.5,xgb,kl_divergence,DI_star,-0.27098677670323085,0.21032600675552224,-0.28550266406065256,0.1944688396940967,20
lsac,variance_group_mag1.5,xgb,kl_divergence,AOD_star,-0.21969924812030076,0.21939942384896177,-0.2524310120698249,0.20053533322110786,20
lsac,variance_group_mag1.5,xgb,kl_divergence,BalAcc,-0.03503558595560243,0.11988048657745404,0.006577842354618564,0.12822357461715522,20
lsac,variance_group_mag1.5,xgb,per_subgroup_ewma[min_neg],DI_star,-0.18688593545197763,0.18428622232659278,-0.21007250692732896,0.20696899512288713,20
lsac,variance_group_mag1.5,xgb,per_subgroup_ewma[min_neg],AOD_star,-0.15421052631578946,0.18211605054257837,-0.17384646973600468,0.17725169254159961,20
lsac,variance_group_mag1.5,xgb,per_subgroup_ewma[min_neg],BalAcc,-0.04405568180356135,0.2017982548326724,-0.036091494172606445,0.21759999550999742,20
lsac,variance_group_mag1.5,xgb,per_subgroup_baseline_relative[min_neg],DI_star,-0.10056505519963437,0.21165570696642472,-0.13853597172427054,0.22652225641308002,20
lsac,variance_group_mag1.5,xgb,per_subgroup_baseline_relative[min_neg],AOD_star,-0.09721804511278195,0.20129732159066316,-0.1261077856493743,0.21532607968475964,20
lsac,variance_group_mag1.5,xgb,per_subgroup_baseline_relative[min_neg],BalAcc,-0.050708558588294275,0.2773076117761095,-0.04623331598147962,0.26697928265588383,20
lsac,variance_group_mag1.5,xgb,per_subgroup_ewma[min_pos],DI_star,-0.12714217837236927,0.22253630014470777,-0.06913743585505931,0.2254093091059039,20
lsac,variance_group_mag1.5,xgb,per_subgroup_ewma[min_pos],AOD_star,-0.09067669172932327,0.2255629573914731,-0.055671220365958604,0.22250935537792538,20
lsac,variance_group_mag1.5,xgb,per_subgroup_ewma[min_pos],BalAcc,-0.10274474271065506,0.20528837893914206,-0.10551534053404348,0.19769210302210496,20
lsac,variance_group_mag1.5,xgb,per_subgroup_baseline_relative[min_pos],DI_star,-0.002068842880234283,0.22954671490817188,0.014984685852597626,0.2125667113902335,20
lsac,variance_group_mag1.5,xgb,per_subgroup_baseline_relative[min_pos],AOD_star,0.026842105263157896,0.21026475427191088,0.022428394795763924,0.18702888252494398,20
lsac,variance_group_mag1.5,xgb,per_subgroup_baseline_relative[min_pos],BalAcc,-0.16410239676695454,0.2056947716459884,-0.15717900724818834,0.2044240187662864,20
lsac,variance_group_mag1.5,xgb,per_subgroup_ewma[maj_neg],DI_star,-0.06932678696942704,0.23958877980381857,-0.05803083110351988,0.22913326833038938,20
lsac,variance_group_mag1.5,xgb,per_subgroup_ewma[maj_neg],AOD_star,-0.05330827067669173,0.20293258154633823,-0.04259809522375087,0.1994612138347559,20
lsac,variance_group_mag1.5,xgb,per_subgroup_ewma[maj_neg],BalAcc,-0.0629743226791494,0.2098003684010953,-0.03762733657855422,0.20614079914648117,20
lsac,variance_group_mag1.5,xgb,per_subgroup_baseline_relative[maj_neg],DI_star,0.0838325501547018,0.2879777125291438,0.05525073740090991,0.2598420977871938,20
lsac,variance_group_mag1.5,xgb,per_subgroup_baseline_relative[maj_neg],AOD_star,0.09812030075187968,0.22690023952220573,0.09443785472260188,0.19191052989926377,20
lsac,variance_group_mag1.5,xgb,per_subgroup_baseline_relative[maj_neg],BalAcc,-0.05033391971543862,0.31429670585645647,-0.03830027127410488,0.2975108286632597,20
lsac,variance_group_mag1.5,xgb,per_subgroup_ewma[maj_pos],DI_star,0.05966277127843296,0.24788873507491008,0.07040749842028762,0.2735360683046547,20
lsac,variance_group_mag1.5,xgb,per_subgroup_ewma[maj_pos],AOD_star,0.07609022556390976,0.22709475514396105,0.05092121719892469,0.2233631822307154,20
lsac,variance_group_mag1.5,xgb,per_subgroup_ewma[maj_pos],BalAcc,-0.022710980950738785,0.16907994512969843,-0.05406047783821821,0.18591663569583483,20
lsac,variance_group_mag1.5,xgb,per_subgroup_baseline_relative[maj_pos],DI_star,0.0935299882203682,0.24309736506966598,0.0657741416703756,0.22610313721293238,20
lsac,variance_group_mag1.5,xgb,per_subgroup_baseline_relative[maj_pos],AOD_star,0.08736842105263157,0.19613133246885284,0.06045222236434914,0.16857374944052647,20
lsac,variance_group_mag1.5,xgb,per_subgroup_baseline_relative[maj_pos],BalAcc,-0.0334231030840944,0.2069956302542741,-0.044834007907225706,0.20896030665279816,20
lsac,variance_group_mag2.0,lr,global_mean,DI_star,-0.014407238027589747,0.26109931818021237,-0.020963861493398593,0.24504883007408995,20
lsac,variance_group_mag2.0,lr,global_mean,AOD_star,0.03187969924812029,0.2236387013792408,0.03227173036216099,0.23018001431710836,20
lsac,variance_group_mag2.0,lr,global_mean,BalAcc,0.08451127819548872,0.24152342170354146,0.07874467886921589,0.22235602880550848,20
lsac,variance_group_mag2.0,lr,global_ewma,DI_star,0.02649520388182086,0.2548263739202559,0.05697640428446693,0.2658029309831125,20
lsac,variance_group_mag2.0,lr,global_ewma,AOD_star,0.040601503759398486,0.18953155817408704,0.05567923232236458,0.22490442464798954,20
lsac,variance_group_mag2.0,lr,global_ewma,BalAcc,0.013909774436090228,0.20479131369288286,0.02489354347040632,0.21855018999774564,20
lsac,variance_group_mag2.0,lr,global_std,DI_star,-0.023397361150020512,0.259021271414628,-0.010495531144237059,0.2411678061005895,20
lsac,variance_group_mag2.0,lr,global_std,AOD_star,0.003458646616541358,0.24389155620195857,0.007463930853301562,0.24593407714777787,20
lsac,variance_group_mag2.0,lr,global_std,BalAcc,0.022255639097744355,0.2544290690298421,0.03028643036966227,0.23325533482702682,20
lsac,variance_group_mag2.0,lr,subgroup_violation_diff,DI_star,-0.06152953640670814,0.21181303492431902,-0.09489145855129028,0.20769493318092366,20
lsac,variance_group_mag2.0,lr,subgroup_violation_diff,AOD_star,-0.11368421052631579,0.2020324116818981,-0.14466392999394379,0.18394987814209152,20
lsac,variance_group_mag2.0,lr,subgroup_violation_diff,BalAcc,-0.05992481203007516,0.2705531359606549,-0.0515854384297799,0.29711799530273914,20
lsac,variance_group_mag2.0,lr,max_subgroup_deviation,DI_star,-0.012719278225100472,0.26107749540420805,0.01859041988705488,0.23488868148844125,20
lsac,variance_group_mag2.0,lr,max_subgroup_deviation,AOD_star,0.027142857142857146,0.23782489730816042,0.05599284591129953,0.2365165874498927,20
lsac,variance_group_mag2.0,lr,max_subgroup_deviation,BalAcc,0.017894736842105262,0.20421800068264134,-0.003718200881625627,0.21011876097454826,20
lsac,variance_group_mag2.0,lr,assignment_proportion_drift,DI_star,0.06628837956040948,0.19128900142009606,0.06041358612326085,0.16153227058866798,20
lsac,variance_group_mag2.0,lr,assignment_proportion_drift,AOD_star,0.026422193814195784,0.17856862867267284,0.023587963521831654,0.17564949886037856,20
lsac,variance_group_mag2.0,lr,assignment_proportion_drift,BalAcc,-0.017102477370684082,0.1772929410965426,-0.03885129253840867,0.18638447923510115,20
lsac,variance_group_mag2.0,lr,ks_statistic,DI_star,-0.07460767555614009,0.20128986306831292,-0.0652642947831596,0.21129088141965607,20
lsac,variance_group_mag2.0,lr,ks_statistic,AOD_star,-0.06,0.23209925924655728,-0.036013301728900375,0.21808252252731591,20
lsac,variance_group_mag2.0,lr,ks_statistic,BalAcc,0.052105263157894724,0.18900184417061275,0.06883070336193874,0.18213951948410892,20
lsac,variance_group_mag2.0,lr,kl_divergence,DI_star,-0.017422522622288696,0.2702361139366357,0.012980077478351101,0.2566710482958346,20
lsac,variance_group_mag2.0,lr,kl_divergence,AOD_star,-0.018345864661654127,0.1986013620026695,0.005126307290249642,0.22524575660823398,20
lsac,variance_group_mag2.0,lr,kl_divergence,BalAcc,0.020300751879699253,0.20355287372308728,0.0446803642044865,0.2007219014574464,20
lsac,variance_group_mag2.0,lr,per_subgroup_ewma[min_neg],DI_star,0.0017872532583756528,0.26225171993670726,0.03420016654119079,0.25179221466390267,20
lsac,variance_group_mag2.0,lr,per_subgroup_ewma[min_neg],AOD_star,0.009924812030075178,0.19140523988252214,0.030716679503482964,0.22154759781193842,20
lsac,variance_group_mag2.0,lr,per_subgroup_ewma[min_neg],BalAcc,0.0024060150375939853,0.18487032367690442,0.02971249256045495,0.1999848839278981,20
lsac,variance_group_mag2.0,lr,per_subgroup_baseline_relative[min_neg],DI_star,-0.04767300816964288,0.24114820875916013,-0.03849148085948066,0.23408027237126214,20
lsac,variance_group_mag2.0,lr,per_subgroup_baseline_relative[min_neg],AOD_star,-0.0036842105263157877,0.2135944396681045,-0.00553787500174856,0.24136064871391957,20
lsac,variance_group_mag2.0,lr,per_subgroup_baseline_relative[min_neg],BalAcc,0.08992481203007519,0.22937216292127496,0.08785028963714525,0.21638917268438446,20
lsac,variance_group_mag2.0,lr,per_subgroup_ewma[min_pos],DI_star,-0.0008327477554361917,0.2445906009561094,-0.0012471828901566076,0.24609487161349813,20
lsac,variance_group_mag2.0,lr,per_subgroup_ewma[min_pos],AOD_star,-0.006315789473684207,0.1930288262488703,0.018923145781461006,0.23517038716441277,20
lsac,variance_group_mag2.0,lr,per_subgroup_ewma[min_pos],BalAcc,0.02218045112781955,0.24544231504164565,0.023417326166223683,0.25038315741101974,20
lsac,variance_group_mag2.0,lr,per_subgroup_baseline_relative[min_pos],DI_star,-0.0366600237028742,0.2271420018251767,-0.03523641264038214,0.232121519828184,20
lsac,variance_group_mag2.0,lr,per_subgroup_baseline_relative[min_pos],AOD_star,-0.011578947368421052,0.20428011039438423,-0.00958165746715037,0.22949748961754024,20
lsac,variance_group_mag2.0,lr,per_subgroup_baseline_relative[min_pos],BalAcc,0.005939849624060148,0.2378600751342445,-0.02972743547062595,0.24440998036406522,20
lsac,variance_group_mag2.0,lr,per_subgroup_ewma[maj_neg],DI_star,0.03176248405616999,0.2926116242070731,0.058959528187756585,0.2944943729837673,20
lsac,variance_group_mag2.0,lr,per_subgroup_ewma[maj_neg],AOD_star,0.02962406015037594,0.21909062280394806,0.05839201197850352,0.25193503090138425,20
lsac,variance_group_mag2.0,lr,per_subgroup_ewma[maj_neg],BalAcc,0.010451127819548864,0.23444254067625647,-0.0016187013878746284,0.255158325167148,20
lsac,variance_group_mag2.0,lr,per_subgroup_baseline_relative[maj_neg],DI_star,-0.024986331435535934,0.23412186417390354,-0.011898876428809038,0.23756268956036586,20
lsac,variance_group_mag2.0,lr,per_subgroup_baseline_relative[maj_neg],AOD_star,0.01977443609022556,0.18727889520523336,0.04450382824226538,0.20860298425528667,20
lsac,variance_group_mag2.0,lr,per_subgroup_baseline_relative[maj_neg],BalAcc,0.08789473684210525,0.29036245748867884,0.07448443197226429,0.3241684290061744,20
lsac,variance_group_mag2.0,lr,per_subgroup_ewma[maj_pos],DI_star,0.07846532669965442,0.251615292973424,0.09083600538044477,0.25944041979331894,20
lsac,variance_group_mag2.0,lr,per_subgroup_ewma[maj_pos],AOD_star,0.07421052631578946,0.2344930771309498,0.07478947303738577,0.2418440261591311,20
lsac,variance_group_mag2.0,lr,per_subgroup_ewma[maj_pos],BalAcc,0.0175187969924812,0.20457002418090098,0.01897166999387251,0.19815968328024897,20
lsac,variance_group_mag2.0,lr,per_subgroup_baseline_relative[maj_pos],DI_star,0.10545427852301859,0.2374860830549457,0.1127791762525981,0.2283638826956163,20
lsac,variance_group_mag2.0,lr,per_subgroup_baseline_relative[maj_pos],AOD_star,0.1392481203007519,0.24164922257102048,0.15019240427750585,0.22992333779297566,20
lsac,variance_group_mag2.0,lr,per_subgroup_baseline_relative[maj_pos],BalAcc,0.04315789473684212,0.2514261880665538,0.02817256238713071,0.2616534466367004,20
lsac,variance_group_mag2.0,xgb,global_mean,DI_star,-0.2736138587961171,0.15498921573286412,-0.2678926792372758,0.18828282654242645,20
lsac,variance_group_mag2.0,xgb,global_mean,AOD_star,-0.25902255639097743,0.16981557137999387,-0.24418706090448744,0.1912878544463199,20
lsac,variance_group_mag2.0,xgb,global_mean,BalAcc,-0.07421052631578948,0.2267429211890523,-0.05961125557524283,0.2426765494663144,20
lsac,variance_group_mag2.0,xgb,global_ewma,DI_star,-0.3776744616857155,0.1825992226650202,-0.3560243041841364,0.19356390172438073,20
lsac,variance_group_mag2.0,xgb,global_ewma,AOD_star,-0.346766917293233,0.20635962619848416,-0.33475763000196923,0.18852856554763925,20
lsac,variance_group_mag2.0,xgb,global_ewma,BalAcc,-0.060902255639097735,0.17479836635095972,-0.04052810671003606,0.20329685239448714,20
lsac,variance_group_mag2.0,xgb,global_std,DI_star,-0.3097799793825432,0.19063509978058715,-0.3016160991676346,0.1933242890067813,20
lsac,variance_group_mag2.0,xgb,global_std,AOD_star,-0.2953383458646616,0.20911579031714417,-0.2807916711074605,0.20813918521515387,20
lsac,variance_group_mag2.0,xgb,global_std,BalAcc,-0.08669172932330826,0.20944959622714737,-0.050030936419184234,0.21598851822109147,20
lsac,variance_group_mag2.0,xgb,subgroup_violation_diff,DI_star,-0.17541653173757454,0.19370081836818306,-0.1665941446294704,0.18810352276678932,20
lsac,variance_group_mag2.0,xgb,subgroup_violation_diff,AOD_star,-0.15744360902255639,0.1402267532050596,-0.17011381946055718,0.14272750248868096,20
lsac,variance_group_mag2.0,xgb,subgroup_violation_diff,BalAcc,0.020300751879699246,0.2856662009398949,-0.007974167232675846,0.2847216770696421,20
lsac,variance_group_mag2.0,xgb,max_subgroup_deviation,DI_star,-0.11826784848136315,0.24361876692066925,-0.1265045005643714,0.2454476729593212,20
lsac,variance_group_mag2.0,xgb,max_subgroup_deviation,AOD_star,-0.10270676691729322,0.22826062168905306,-0.12076970534850166,0.22632751396702072,20
lsac,variance_group_mag2.0,xgb,max_subgroup_deviation,BalAcc,-0.02654135338345865,0.24724076281840668,-0.05191717678428329,0.25169960423176774,20
lsac,variance_group_mag2.0,xgb,assignment_proportion_drift,DI_star,-0.03994407214266862,0.2142915785434749,-0.03671144107839196,0.1855877032873269,20
lsac,variance_group_mag2.0,xgb,assignment_proportion_drift,AOD_star,-0.037232723524582234,0.19623969183511641,-0.04156412567818533,0.1827350533476216,20
lsac,variance_group_mag2.0,xgb,assignment_proportion_drift,BalAcc,-0.04849841832348568,0.16382445135226903,-0.04740779593168144,0.1720914595656722,20
lsac,variance_group_mag2.0,xgb,ks_statistic,DI_star,-0.16977030690309097,0.22507321049462523,-0.1558899604567983,0.2191877456058512,20
lsac,variance_group_mag2.0,xgb,ks_statistic,AOD_star,-0.12894736842105264,0.24209773256863365,-0.12777282565385123,0.22986368256019435,20
lsac,variance_group_mag2.0,xgb,ks_statistic,BalAcc,-0.010526315789473679,0.22174613734222534,-0.01927674990142373,0.21023754104924455,20
lsac,variance_group_mag2.0,xgb,kl_divergence,DI_star,-0.4498188602032223,0.160393220501068,-0.42053136216511555,0.17150454674149612,20
lsac,variance_group_mag2.0,xgb,kl_divergence,AOD_star,-0.40060150375939846,0.18645609965555413,-0.38534515444922574,0.1928590478016746,20
lsac,variance_group_mag2.0,xgb,kl_divergence,BalAcc,-0.05909774436090226,0.169296262480292,0.020401218927720975,0.15112876503042996,20
lsac,variance_group_mag2.0,xgb,per_subgroup_ewma[min_neg],DI_star,-0.41921611203126263,0.18856932008899913,-0.40702091681756414,0.20870304069417778,20
lsac,variance_group_mag2.0,xgb,per_subgroup_ewma[min_neg],AOD_star,-0.38150375939849623,0.19441527140548234,-0.3824035258277935,0.20085748352084057,20
lsac,variance_group_mag2.0,xgb,per_subgroup_ewma[min_neg],BalAcc,-0.043458646616541356,0.16842031417668396,-0.024276050572066075,0.19723710285575916,20
lsac,variance_group_mag2.0,xgb,per_subgroup_baseline_relative[min_neg],DI_star,-0.3345177547972272,0.18065717730628744,-0.34423666977272394,0.20709140421739783,20
lsac,variance_group_mag2.0,xgb,per_subgroup_baseline_relative[min_neg],AOD_star,-0.32984962406015034,0.1960854253529351,-0.32385080310021974,0.21236907712115882,20
lsac,variance_group_mag2.0,xgb,per_subgroup_baseline_relative[min_neg],BalAcc,-0.05045112781954887,0.24966820653205168,-0.028279024057242606,0.2310339145713308,20
lsac,variance_group_mag2.0,xgb,per_subgroup_ewma[min_pos],DI_star,-0.21846222430265447,0.2796153469643537,-0.18623706018591762,0.2760305874501647,20
lsac,variance_group_mag2.0,xgb,per_subgroup_ewma[min_pos],AOD_star,-0.188796992481203,0.27447645186770203,-0.17094801345663146,0.2728539242959511,20
lsac,variance_group_mag2.0,xgb,per_subgroup_ewma[min_pos],BalAcc,-0.10360902255639097,0.21567228485932505,-0.08647287802337121,0.20750764364506558,20
lsac,variance_group_mag2.0,xgb,per_subgroup_baseline_relative[min_pos],DI_star,-0.04119950053794298,0.25506014173637176,-0.01619497864578341,0.22756154815780202,20
lsac,variance_group_mag2.0,xgb,per_subgroup_baseline_relative[min_pos],AOD_star,-0.0156390977443609,0.21301769666412962,-0.013903828933991728,0.2035973370734571,20
lsac,variance_group_mag2.0,xgb,per_subgroup_baseline_relative[min_pos],BalAcc,-0.13338345864661655,0.23206915209956294,-0.13619380917252627,0.21363801680852668,20
lsac,variance_group_mag2.0,xgb,per_subgroup_ewma[maj_neg],DI_star,-0.1890678289670839,0.24296013133871233,-0.18548564927735742,0.22584548847915834,20
lsac,variance_group_mag2.0,xgb,per_subgroup_ewma[maj_neg],AOD_star,-0.17533834586466165,0.242766295072863,-0.16092676672779224,0.223303157354358,20
lsac,variance_group_mag2.0,xgb,per_subgroup_ewma[maj_neg],BalAcc,-0.05669172932330826,0.23897481116396335,-0.011360738905346722,0.2551986805691122,20
lsac,variance_group_mag2.0,xgb,per_subgroup_baseline_relative[maj_neg],DI_star,-0.04383546321137892,0.20210677174344255,-0.06552598011924912,0.18627718235944413,20
lsac,variance_group_mag2.0,xgb,per_subgroup_baseline_relative[maj_neg],AOD_star,-0.03293233082706767,0.15079932877856445,-0.03802474355338907,0.14036589002159666,20
lsac,variance_group_mag2.0,xgb,per_subgroup_baseline_relative[maj_neg],BalAcc,-0.07421052631578948,0.30775209452981694,-0.055769176910483664,0.31067552589590003,20
lsac,variance_group_mag2.0,xgb,per_subgroup_ewma[maj_pos],DI_star,0.002663756909479656,0.3530492879795277,0.006492062386378864,0.35334444874566034,20
lsac,variance_group_mag2.0,xgb,per_subgroup_ewma[maj_pos],AOD_star,0.022556390977443604,0.32341037030983877,-0.0007080565411575479,0.3097073667045862,20
lsac,variance_group_mag2.0,xgb,per_subgroup_ewma[maj_pos],BalAcc,-0.020827067669172923,0.17358704113895299,-0.044102503810704914,0.18030116956673917,20
lsac,variance_group_mag2.0,xgb,per_subgroup_baseline_relative[maj_pos],DI_star,0.08063783919074795,0.25331489283327824,0.05572494259593017,0.21324490463563295,20
lsac,variance_group_mag2.0,xgb,per_subgroup_baseline_relative[maj_pos],AOD_star,0.07496240601503759,0.2135228605673157,0.04815114301214849,0.17834077071385024,20
lsac,variance_group_mag2.0,xgb,per_subgroup_baseline_relative[maj_pos],BalAcc,-0.038947368421052626,0.20984847913093538,-0.03237737302504089,0.20929708637738687,20
lsac,variance_group_mag2.5,lr,global_mean,DI_star,-0.004405631703949612,0.26143245510525465,-0.00467924760551493,0.25714390484067634,20
lsac,variance_group_mag2.5,lr,global_mean,AOD_star,0.04345864661654134,0.2194107609675952,0.03740299769228868,0.23976634145936349,20
lsac,variance_group_mag2.5,lr,global_mean,BalAcc,0.06781954887218046,0.23327661107366096,0.07246148482547757,0.22309190914697066,20
lsac,variance_group_mag2.5,lr,global_ewma,DI_star,0.016833619684239205,0.2664539741276587,0.05855341209507168,0.26107284370056905,20
lsac,variance_group_mag2.5,lr,global_ewma,AOD_star,0.02458646616541354,0.18729096928028832,0.05139163514701811,0.2223888317445273,20
lsac,variance_group_mag2.5,lr,global_ewma,BalAcc,0.002932330827067674,0.19800889992680454,0.01848259311093047,0.2118831387106509,20
lsac,variance_group_mag2.5,lr,global_std,DI_star,-0.011550749496343483,0.2606795489610163,0.013323831135389425,0.2525898854235082,20
lsac,variance_group_mag2.5,lr,global_std,AOD_star,0.013082706766917297,0.2406100092481577,0.01884284081770316,0.2492022006716912,20
lsac,variance_group_mag2.5,lr,global_std,BalAcc,0.018496240601503754,0.23770726337379586,0.026811476557993985,0.22846864887726437,20
lsac,variance_group_mag2.5,lr,subgroup_violation_diff,DI_star,-0.08702019117992495,0.16835123751261094,-0.10269066339265909,0.1700877321478085,20
lsac,variance_group_mag2.5,lr,subgroup_violation_diff,AOD_star,-0.12090225563909773,0.2151481917596208,-0.1250010990892501,0.17070168638504457,20
lsac,variance_group_mag2.5,lr,subgroup_violation_diff,BalAcc,-0.0008270676691729221,0.29009482231831085,0.012058110044780829,0.29730118976648395,20
lsac,variance_group_mag2.5,lr,max_subgroup_deviation,DI_star,-0.000987047808296862,0.24550344768957155,0.024065272872013627,0.23753114693003471,20
lsac,variance_group_mag2.5,lr,max_subgroup_deviation,AOD_star,0.024060150375939848,0.24711027049097833,0.05595780875155774,0.2531229663161088,20
lsac,variance_group_mag2.5,lr,max_subgroup_deviation,BalAcc,-0.006917293233082699,0.19577214850063446,0.010871787369510087,0.20158671556399296,20
lsac,variance_group_mag2.5,lr,assignment_proportion_drift,DI_star,0.06659353699711168,0.20563462779037953,0.050232716674164034,0.16836825828014992,20
lsac,variance_group_mag2.5,lr,assignment_proportion_drift,AOD_star,0.03165453128779711,0.2174680827419322,0.022971698032213977,0.18745036857190256,20
lsac,variance_group_mag2.5,lr,assignment_proportion_drift,BalAcc,0.004367435421584883,0.1762088896382328,-0.019368817391441723,0.1902515466423514,20
lsac,variance_group_mag2.5,lr,ks_statistic,DI_star,-0.0533649941665079,0.21090633415976895,-0.05427927452798479,0.20459444815168715,20
lsac,variance_group_mag2.5,lr,ks_statistic,AOD_star,-0.03736842105263158,0.21286789890040128,-0.02154990634579161,0.2021105944020168,20
lsac,variance_group_mag2.5,lr,ks_statistic,BalAcc,0.06443609022556392,0.16926966323915635,0.08065606358102761,0.16581479620644102,20
lsac,variance_group_mag2.5,lr,kl_divergence,DI_star,-0.008887261132716937,0.27442670247601936,0.006677597269449563,0.26147915234667607,20
lsac,variance_group_mag2.5,lr,kl_divergence,AOD_star,-0.006691729323308268,0.19254902176948543,0.006817029318771714,0.2350397014998763,20
lsac,variance_group_mag2.5,lr,kl_divergence,BalAcc,0.021879699248120294,0.1995344658266953,0.04100496604637243,0.18757622322290776,20
lsac,variance_group_mag2.5,lr,per_subgroup_ewma[min_neg],DI_star,-0.00757457123564233,0.2649477182469398,0.044602596397055806,0.2554287677367912,20
lsac,variance_group_mag2.5,lr,per_subgroup_ewma[min_neg],AOD_star,0.004060150375939844,0.18486952860977576,0.03597727581394381,0.2209386698213944,20
lsac,variance_group_mag2.5,lr,per_subgroup_ewma[min_neg],BalAcc,0.006691729323308276,0.1850348137506407,0.024178547159587678,0.20700082613233386,20
lsac,variance_group_mag2.5,lr,per_subgroup_baseline_relative[min_neg],DI_star,-0.045370022308443794,0.25097212271079705,-0.029339329498468774,0.24359444061894883,20
lsac,variance_group_mag2.5,lr,per_subgroup_baseline_relative[min_neg],AOD_star,-0.0015037593984962457,0.19328134911074812,0.0011016289094387289,0.22936960196228753,20
lsac,variance_group_mag2.5,lr,per_subgroup_baseline_relative[min_neg],BalAcc,0.06360902255639096,0.21461765610486305,0.08059602550303216,0.2150787812526569,20
lsac,variance_group_mag2.5,lr,per_subgroup_ewma[min_pos],DI_star,-0.0015126974910735142,0.26103802241967505,0.004752671847795489,0.23753643029271224,20
lsac,variance_group_mag2.5,lr,per_subgroup_ewma[min_pos],AOD_star,0.010902255639097741,0.21600281560466641,0.02508129939447104,0.22717537807998903,20
lsac,variance_group_mag2.5,lr,per_subgroup_ewma[min_pos],BalAcc,0.04,0.2638446034820317,0.04462601231169812,0.2523821039019483,20
lsac,variance_group_mag2.5,lr,per_subgroup_baseline_relative[min_pos],DI_star,-0.01414523591933461,0.22955016456580807,-0.01578909681982306,0.23429939297219754,20
lsac,variance_group_mag2.5,lr,per_subgroup_baseline_relative[min_pos],AOD_star,0.01857142857142856,0.22406533525817057,0.022986575494758573,0.22643636977387047,20
lsac,variance_group_mag2.5,lr,per_subgroup_baseline_relative[min_pos],BalAcc,0.03962406015037595,0.25157417223535417,0.025344243644720717,0.26071802797317833,20
lsac,variance_group_mag2.5,lr,per_subgroup_ewma[maj_neg],DI_star,0.005261010960799442,0.2893697201673124,0.049576385772834616,0.3014729790584141,20
lsac,variance_group_mag2.5,lr,per_subgroup_ewma[maj_neg],AOD_star,-0.0006015037593984973,0.23973782955696663,0.030756309037234114,0.2791362856651765,20
lsac,variance_group_mag2.5,lr,per_subgroup_ewma[maj_neg],BalAcc,-0.005488721804511274,0.26340451387082486,-0.017774661980788628,0.24991058714656947,20
lsac,variance_group_mag2.5,lr,per_subgroup_baseline_relative[maj_neg],DI_star,-0.01993527639687208,0.2020606000811045,0.001514466683483142,0.23078282684076792,20
lsac,variance_group_mag2.5,lr,per_subgroup_baseline_relative[maj_neg],AOD_star,0.010375939849624058,0.18393436411515884,0.026284550649584505,0.2391879186467114,20
lsac,variance_group_mag2.5,lr,per_subgroup_baseline_relative[maj_neg],BalAcc,0.040225563909774435,0.3123818562358835,0.026361906774495264,0.3084026447342575,20
lsac,variance_group_mag2.5,lr,per_subgroup_ewma[maj_pos],DI_star,0.08326393762641353,0.23045978146210006,0.09681449084237496,0.20099299284098018,20
lsac,variance_group_mag2.5,lr,per_subgroup_ewma[maj_pos],AOD_star,0.07285714285714284,0.20095620533110567,0.075971892277905,0.2067334460878337,20
lsac,variance_group_mag2.5,lr,per_subgroup_ewma[maj_pos],BalAcc,0.0003007518796992438,0.180897068032295,0.010601947835690037,0.19281077982872655,20
lsac,variance_group_mag2.5,lr,per_subgroup_baseline_relative[maj_pos],DI_star,0.10341521987187985,0.1912922302065967,0.1180507236922447,0.1896700131916332,20
lsac,variance_group_mag2.5,lr,per_subgroup_baseline_relative[maj_pos],AOD_star,0.1427067669172932,0.23749683937663243,0.15440029760544535,0.21739072883281355,20
lsac,variance_group_mag2.5,lr,per_subgroup_baseline_relative[maj_pos],BalAcc,0.031954887218045104,0.2184812206026105,0.013275599776653407,0.2338251393147166,20
lsac,variance_group_mag2.5,xgb,global_mean,DI_star,-0.3945548255632718,0.15802795258630067,-0.4013454559976163,0.16417342035124646,20
lsac,variance_group_mag2.5,xgb,global_mean,AOD_star,-0.386390977443609,0.16438606043998824,-0.3736612665428033,0.1667778082725129,20
lsac,variance_group_mag2.5,xgb,global_mean,BalAcc,-0.05969924812030073,0.1972300123354536,-0.03948592290486973,0.20586593726546948,20
lsac,variance_group_mag2.5,xgb,global_ewma,DI_star,-0.4502309375094701,0.1710585531363202,-0.4399848973031406,0.18380654410952438,20
lsac,variance_group_mag2.5,xgb,global_ewma,AOD_star,-0.4342857142857143,0.18383395605470268,-0.4180315180229733,0.18783359667677066,20
lsac,variance_group_mag2.5,xgb,global_ewma,BalAcc,-0.04458646616541352,0.17620587496924883,-0.033174136534373865,0.19646812292452118,20
lsac,variance_group_mag2.5,xgb,global_std,DI_star,-0.43775148799237834,0.16546970882591291,-0.4245207808307563,0.16623556350298227,20
lsac,variance_group_mag2.5,xgb,global_std,AOD_star,-0.420375939849624,0.17995889946023885,-0.39833971653398426,0.18677962933344483,20
lsac,variance_group_mag2.5,xgb,global_std,BalAcc,-0.05413533834586465,0.19660123001380722,-0.02624445056174657,0.19004088389089427,20
lsac,variance_group_mag2.5,xgb,subgroup_violation_diff,DI_star,-0.23628553469462185,0.1760130727693248,-0.21699416205081784,0.16586494502522925,20
lsac,variance_group_mag2.5,xgb,subgroup_violation_diff,AOD_star,-0.23413533834586464,0.12223455135389825,-0.22037667486730173,0.1381728044679668,20
lsac,variance_group_mag2.5,xgb,subgroup_violation_diff,BalAcc,-0.003308270676691727,0.25971261355909964,-0.01484540838924891,0.25793597153559705,20
lsac,variance_group_mag2.5,xgb,max_subgroup_deviation,DI_star,-0.26259597885071406,0.24952324163125775,-0.27333649594852977,0.2226172503440665,20
lsac,variance_group_mag2.5,xgb,max_subgroup_deviation,AOD_star,-0.26007518796992474,0.26544674865120343,-0.2627330380563287,0.2171846098859832,20
lsac,variance_group_mag2.5,xgb,max_subgroup_deviation,BalAcc,-0.014135338345864648,0.2510356861291407,-0.027018943782044925,0.25206050293712534,20
lsac,variance_group_mag2.5,xgb,assignment_proportion_drift,DI_star,-0.027183548018170467,0.20100659669143478,-0.03945662113188053,0.1909346165322443,20
lsac,variance_group_mag2.5,xgb,assignment_proportion_drift,AOD_star,-0.03375614605431953,0.20480682372964748,-0.051733487396262434,0.17774280518449506,20
lsac,variance_group_mag2.5,xgb,assignment_proportion_drift,BalAcc,-0.036205255946038066,0.16040628323711095,-0.040538016573275396,0.1722832245091662,20
lsac,variance_group_mag2.5,xgb,ks_statistic,DI_star,-0.27879495616973937,0.21237553657052635,-0.2510136789865901,0.21714122350544487,20
lsac,variance_group_mag2.5,xgb,ks_statistic,AOD_star,-0.2420300751879699,0.22208773812076293,-0.2277259925411939,0.21280456432837522,20
lsac,variance_group_mag2.5,xgb,ks_statistic,BalAcc,0.004436090225563913,0.20589452322732674,-0.0022281351267248286,0.20642688125549535,20
lsac,variance_group_mag2.5,xgb,kl_divergence,DI_star,-0.5027130738264096,0.17266980222334688,-0.4835974364570485,0.17419706478347136,20
lsac,variance_group_mag2.5,xgb,kl_divergence,AOD_star,-0.47285714285714275,0.18358154086698658,-0.4445891309857582,0.19666344795803112,20
lsac,variance_group_mag2.5,xgb,kl_divergence,BalAcc,-0.03984962406015038,0.15612289052215902,0.02551259124547301,0.16419215113939464,20
lsac,variance_group_mag2.5,xgb,per_subgroup_ewma[min_neg],DI_star,-0.481471920821629,0.18508516643841305,-0.46083959875294705,0.1947935588007673,20
lsac,variance_group_mag2.5,xgb,per_subgroup_ewma[min_neg],AOD_star,-0.4581954887218046,0.18861669181318513,-0.4404766617052894,0.19976169129751312,20
lsac,variance_group_mag2.5,xgb,per_subgroup_ewma[min_neg],BalAcc,-0.035338345864661655,0.17078132660937434,-0.02212256917357085,0.19276047556634213,20
lsac,variance_group_mag2.5,xgb,per_subgroup_baseline_relative[min_neg],DI_star,-0.46106108792794204,0.17397238810605697,-0.4494325606502586,0.18345254337972006,20
lsac,variance_group_mag2.5,xgb,per_subgroup_baseline_relative[min_neg],AOD_star,-0.44751879699248115,0.17819605976876235,-0.4222481490774661,0.18251260071367767,20
lsac,variance_group_mag2.5,xgb,per_subgroup_baseline_relative[min_neg],BalAcc,-0.043007518796992474,0.2285097859102969,-0.018287205243917574,0.1952043440215893,20
lsac,variance_group_mag2.5,xgb,per_subgroup_ewma[min_pos],DI_star,-0.32094625552053946,0.2767824043019668,-0.294972276078584,0.2782544129788878,20
lsac,variance_group_mag2.5,xgb,per_subgroup_ewma[min_pos],AOD_star,-0.3103759398496241,0.2741190464475313,-0.27720670896635075,0.27420480414542026,20
lsac,variance_group_mag2.5,xgb,per_subgroup_ewma[min_pos],BalAcc,-0.0748872180451128,0.22236559592457278,-0.06079782103318594,0.21533152393521968,20
lsac,variance_group_mag2.5,xgb,per_subgroup_baseline_relative[min_pos],DI_star,-0.13432530215898483,0.24925830159599657,-0.1386976147754649,0.23711401396563844,20
lsac,variance_group_mag2.5,xgb,per_subgroup_baseline_relative[min_pos],AOD_star,-0.12473684210526317,0.21792865700060718,-0.13162544880456234,0.21073072304627918,20
lsac,variance_group_mag2.5,xgb,per_subgroup_baseline_relative[min_pos],BalAcc,-0.10631578947368418,0.21178255696136547,-0.09667236556078702,0.21020887947125294,20
lsac,variance_group_mag2.5,xgb,per_subgroup_ewma[maj_neg],DI_star,-0.25970821354716145,0.21279779590399392,-0.25376768181024,0.23611951779028265,20
lsac,variance_group_mag2.5,xgb,per_subgroup_ewma[maj_neg],AOD_star,-0.25135338345864666,0.22769930323761453,-0.22521468370587625,0.24906890332659548,20
lsac,variance_group_mag2.5,xgb,per_subgroup_ewma[maj_neg],BalAcc,-0.026691729323308273,0.2447517406504316,-0.004089437692954752,0.23564822070939162,20
lsac,variance_group_mag2.5,xgb,per_subgroup_baseline_relative[maj_neg],DI_star,-0.10387581470144831,0.15560091224463626,-0.1306602519972683,0.17905867582800955,20
lsac,variance_group_mag2.5,xgb,per_subgroup_baseline_relative[maj_neg],AOD_star,-0.09285714285714283,0.16397589547213975,-0.10422388283061261,0.18526684637073026,20
lsac,variance_group_mag2.5,xgb,per_subgroup_baseline_relative[maj_neg],BalAcc,-0.014812030075187967,0.2965458810220325,-0.020498277925711197,0.2749099493034826,20
lsac,variance_group_mag2.5,xgb,per_subgroup_ewma[maj_pos],DI_star,-0.07643562781343496,0.37707631788409746,-0.06381547810032295,0.3759130978869445,20
lsac,variance_group_mag2.5,xgb,per_subgroup_ewma[maj_pos],AOD_star,-0.07270676691729325,0.37223961707888764,-0.06667442043063485,0.3359120774734446,20
lsac,variance_group_mag2.5,xgb,per_subgroup_ewma[maj_pos],BalAcc,-0.026691729323308266,0.18575834307399314,-0.03210442565151157,0.1971171162473515,20
lsac,variance_group_mag2.5,xgb,per_subgroup_baseline_relative[maj_pos],DI_star,0.02567857248921679,0.24049918189356817,0.020337626742665888,0.19840616100478503,20
lsac,variance_group_mag2.5,xgb,per_subgroup_baseline_relative[maj_pos],AOD_star,0.03699248120300751,0.22237108725417795,0.02522362548924028,0.18846387951630367,20
lsac,variance_group_mag2.5,xgb,per_subgroup_baseline_relative[maj_pos],BalAcc,-0.027744360902255648,0.19969759205310245,-0.024097409427216037,0.1879175390575556,20
meps,no_drift,lr,global_mean,DI_star,0.09796992481203007,0.2888088351755914,0.1208988524470265,0.2666996514686078,20
meps,no_drift,lr,global_mean,AOD_star,0.012781954887218037,0.32239721259445864,0.016296109723757585,0.301681164611997,20
meps,no_drift,lr,global_mean,BalAcc,0.16082800097859376,0.2849773625568233,0.1460343773816301,0.26041686621371396,20
meps,no_drift,lr,global_ewma,DI_star,0.10345864661654133,0.22769449904327338,0.11955489518229656,0.23872431618742962,20
meps,no_drift,lr,global_ewma,AOD_star,0.05857142857142857,0.25392012732127034,0.06114595351766237,0.26643696336908873,20
meps,no_drift,lr,global_ewma,BalAcc,0.10575678664423338,0.24828101668791283,0.09159660737358959,0.22216503989130623,20
meps,no_drift,lr,global_std,DI_star,0.14421052631578948,0.2794958027985598,0.1444390889243169,0.2748798221142956,20
meps,no_drift,lr,global_std,AOD_star,0.06578947368421054,0.25033546377428784,0.040604093618275605,0.2650789508016546,20
meps,no_drift,lr,global_std,BalAcc,0.150681895636397,0.20982844800573308,0.11091024639046831,0.20153564022798312,20
meps,no_drift,lr,subgroup_violation_diff,DI_star,0.014210526315789469,0.24769956353345118,0.019526316084886464,0.25032917898024226,20
meps,no_drift,lr,subgroup_violation_diff,AOD_star,0.017218045112781945,0.2624288397337849,0.0186029962113402,0.2918926684095761,20
meps,no_drift,lr,subgroup_violation_diff,BalAcc,0.045906427249387795,0.2769938646099555,0.03130020359052532,0.26285966452379517,20
meps,no_drift,lr,max_subgroup_deviation,DI_star,0.027819548872180445,0.24435951416609797,0.05413014709953836,0.24326812820681518,20
meps,no_drift,lr,max_subgroup_deviation,AOD_star,-0.028270676691729318,0.23536097323299512,-0.008098757916951789,0.2750354941631891,20
meps,no_drift,lr,max_subgroup_deviation,BalAcc,0.050149838579880035,0.20026282578725677,0.05798697772614888,0.1917548237586733,20
meps,no_drift,lr,assignment_proportion_drift,DI_star,0.06226421896335704,0.19262531371180988,0.06627937169707314,0.23496700733204165,20
meps,no_drift,lr,assignment_proportion_drift,AOD_star,-0.0004967874580427356,0.2239158655931571,0.015978486394864152,0.2561773719306134,20
meps,no_drift,lr,assignment_proportion_drift,BalAcc,0.02743019837611944,0.19168830711367113,0.059045663852848575,0.20475184236883845,20
meps,no_drift,lr,ks_statistic,DI_star,-0.012481203007518794,0.20723315854397686,0.006439976258885288,0.19895601620153594,20
meps,no_drift,lr,ks_statistic,AOD_star,-0.060075187969924816,0.20296489388208716,-0.025124180488694442,0.2212038745893395,20
meps,no_drift,lr,ks_statistic,BalAcc,-0.010488764227666768,0.1824234908901525,-0.018320540881637447,0.19630218496765878,20
meps,no_drift,lr,kl_divergence,DI_star,0.010000000000000004,0.1880500731383777,-0.005077935412720952,0.21301885937712828,20
meps,no_drift,lr,kl_divergence,AOD_star,-0.07345864661654135,0.22257431090221025,-0.046891066706781,0.24544424787853011,20
meps,no_drift,lr,kl_divergence,BalAcc,-0.000518396800448484,0.2391290483395612,-0.008670900755850738,0.2451504149343364,20
meps,no_drift,lr,per_subgroup_ewma[min_neg],DI_star,nan,nan,nan,nan,0
meps,no_drift,lr,per_subgroup_ewma[min_neg],AOD_star,nan,nan,nan,nan,0
meps,no_drift,lr,per_subgroup_ewma[min_neg],BalAcc,nan,nan,nan,nan,0
meps,no_drift,lr,per_subgroup_baseline_relative[min_neg],DI_star,nan,nan,nan,nan,0
meps,no_drift,lr,per_subgroup_baseline_relative[min_neg],AOD_star,nan,nan,nan,nan,0
meps,no_drift,lr,per_subgroup_baseline_relative[min_neg],BalAcc,nan,nan,nan,nan,0
meps,no_drift,lr,per_subgroup_ewma[min_pos],DI_star,0.10142857142857142,0.19694568404717233,0.09780176115921493,0.2006471725628987,20
meps,no_drift,lr,per_subgroup_ewma[min_pos],AOD_star,0.0461654135338346,0.1997341780304029,0.051234212225989464,0.20034420662508803,20
meps,no_drift,lr,per_subgroup_ewma[min_pos],BalAcc,0.11541692768702583,0.2491731722098438,0.14002956388000048,0.24814552430008674,20
meps,no_drift,lr,per_subgroup_baseline_relative[min_pos],DI_star,0.05150375939849624,0.26733436651448594,0.07345337686315603,0.25113730963444647,20
meps,no_drift,lr,per_subgroup_baseline_relative[min_pos],AOD_star,0.017368421052631578,0.23193239066641747,0.006778343465173395,0.24338753065093272,20
meps,no_drift,lr,per_subgroup_baseline_relative[min_pos],BalAcc,0.1761270135089178,0.2756957152967432,0.1535306333143818,0.29407165611655006,20
meps,no_drift,lr,per_subgroup_ewma[maj_neg],DI_star,-0.006527727638377964,0.1550003121337483,0.024656990620320084,0.21291381736957282,20
meps,no_drift,lr,per_subgroup_ewma[maj_neg],AOD_star,-0.011977622913147369,0.211162467416075,-0.005708771706462117,0.24981208880188618,20
meps,no_drift,lr,per_subgroup_ewma[maj_neg],BalAcc,-0.017880660976636136,0.2126343001724504,0.009683088952902014,0.21024591421710392,20
meps,no_drift,lr,per_subgroup_baseline_relative[maj_neg],DI_star,-0.015431109517610422,0.22035261756444663,-0.007059972292007485,0.23724225912524158,20
meps,no_drift,lr,per_subgroup_baseline_relative[maj_neg],AOD_star,-0.030201133709122675,0.2614379446890399,-0.010304354984741854,0.2883534768208597,20
meps,no_drift,lr,per_subgroup_baseline_relative[maj_neg],BalAcc,-0.03266202469709,0.2540879173648073,-0.02907868185247777,0.22912786499957807,20
meps,no_drift,lr,per_subgroup_ewma[maj_pos],DI_star,-0.003533834586466168,0.17882113131223518,0.03282597267227643,0.2040583274321096,20
meps,no_drift,lr,per_subgroup_ewma[maj_pos],AOD_star,0.04992481203007519,0.24928847811712335,0.06954059774530934,0.24546252680075706,20
meps,no_drift,lr,per_subgroup_ewma[maj_pos],BalAcc,0.047442279763684286,0.24724665441338792,0.07339510989445812,0.23421797804017047,20
meps,no_drift,lr,per_subgroup_baseline_relative[maj_pos],DI_star,0.023007518796992473,0.24352040530585503,0.05735452441156099,0.25088573148680915,20
meps,no_drift,lr,per_subgroup_baseline_relative[maj_pos],AOD_star,-0.023984962406015043,0.2370205676842039,-0.003254112269834844,0.25216392718433694,20
meps,no_drift,lr,per_subgroup_baseline_relative[maj_pos],BalAcc,0.053871374411173456,0.20741913949183288,0.05560801235084456,0.2054251444221724,20
meps,no_drift,xgb,global_mean,DI_star,0.09368667106933434,0.2508023747299838,0.1251356260825407,0.21466858349595605,20
meps,no_drift,xgb,global_mean,AOD_star,0.020300751879699246,0.2980436332975426,0.004702570359200251,0.30157630389789886,20
meps,no_drift,xgb,global_mean,BalAcc,0.12669172932330827,0.28386456048473463,0.131041495926414,0.24559342086571964,20
meps,no_drift,xgb,global_ewma,DI_star,0.0901857497796746,0.23337373843036732,0.12171614382632276,0.2202386897455361,20
meps,no_drift,xgb,global_ewma,AOD_star,0.07624060150375937,0.24480450192559602,0.10196682265838855,0.26962204746420476,20
meps,no_drift,xgb,global_ewma,BalAcc,0.05045112781954887,0.26803787861036993,0.06508455461152476,0.2448502861801511,20
meps,no_drift,xgb,global_std,DI_star,0.11372939825611128,0.18417407130815303,0.12788918300229807,0.18952723363479176,20
meps,no_drift,xgb,global_std,AOD_star,0.03451127819548872,0.2505925929354714,0.014521437855235325,0.2656923648540667,20
meps,no_drift,xgb,global_std,BalAcc,0.14406015037593986,0.2228374571480615,0.14513852346802328,0.19878918313305483,20
meps,no_drift,xgb,subgroup_violation_diff,DI_star,0.04072354810323483,0.22708629850240666,0.04804604360949975,0.22577282742318017,20
meps,no_drift,xgb,subgroup_violation_diff,AOD_star,0.045789473684210526,0.2499795796962954,0.05930076175039317,0.25176517826081296,20
meps,no_drift,xgb,subgroup_violation_diff,BalAcc,0.1006766917293233,0.27615282391893714,0.10723516835394671,0.2579739843802718,20
meps,no_drift,xgb,max_subgroup_deviation,DI_star,0.0009365264768799369,0.19721476209038105,0.014141717369389078,0.20432454406072534,20
meps,no_drift,xgb,max_subgroup_deviation,AOD_star,-0.057894736842105256,0.22458610117497166,-0.06098169729353718,0.26545117139978436,20
meps,no_drift,xgb,max_subgroup_deviation,BalAcc,0.002105263157894735,0.22383619023471962,0.028706158426146926,0.22186960436914868,20
meps,no_drift,xgb,assignment_proportion_drift,DI_star,0.028353110692138785,0.21747548101184142,0.03384843270823605,0.22050723897651078,20
meps,no_drift,xgb,assignment_proportion_drift,AOD_star,-0.009901005434907238,0.2111193644259374,-0.008891922537867327,0.22074061309292178,20
meps,no_drift,xgb,assignment_proportion_drift,BalAcc,0.025324733964442424,0.19549547625798808,0.03561873845029471,0.19406657622711923,20
meps,no_drift,xgb,ks_statistic,DI_star,-0.012145954033208065,0.1757567685489109,-0.013385589917326673,0.16703530981820594,20
meps,no_drift,xgb,ks_statistic,AOD_star,-0.03601503759398495,0.20809850107481428,-0.038160281724971885,0.19434126437630098,20
meps,no_drift,xgb,ks_statistic,BalAcc,-0.0005263157894736914,0.19828781207942053,0.016447703446898686,0.20059118665044853,20
meps,no_drift,xgb,kl_divergence,DI_star,-0.02789787615561168,0.19564733896713,-0.05752136269877981,0.18399584203922031,20
meps,no_drift,xgb,kl_divergence,AOD_star,-0.11699248120300751,0.2519856583323761,-0.11357257626938486,0.25691058763753255,20
meps,no_drift,xgb,kl_divergence,BalAcc,-0.0047368421052631695,0.24733449272546526,0.007336212114241554,0.21583729481010755,20
meps,no_drift,xgb,per_subgroup_ewma[min_neg],DI_star,nan,nan,nan,nan,0
meps,no_drift,xgb,per_subgroup_ewma[min_neg],AOD_star,nan,nan,nan,nan,0
meps,no_drift,xgb,per_subgroup_ewma[min_neg],BalAcc,nan,nan,nan,nan,0
meps,no_drift,xgb,per_subgroup_baseline_relative[min_neg],DI_star,nan,nan,nan,nan,0
meps,no_drift,xgb,per_subgroup_baseline_relative[min_neg],AOD_star,nan,nan,nan,nan,0
meps,no_drift,xgb,per_subgroup_baseline_relative[min_neg],BalAcc,nan,nan,nan,nan,0
meps,no_drift,xgb,per_subgroup_ewma[min_pos],DI_star,0.059507898484101186,0.2652958653559977,0.049594178619948505,0.23801725864773365,20
meps,no_drift,xgb,per_subgroup_ewma[min_pos],AOD_star,0.06255639097744362,0.28244764960896884,0.0744319613605374,0.2530478047910791,20
meps,no_drift,xgb,per_subgroup_ewma[min_pos],BalAcc,0.11375939849624059,0.2618620187927231,0.12858438421875315,0.2586010143941322,20
meps,no_drift,xgb,per_subgroup_baseline_relative[min_pos],DI_star,0.03883759851020535,0.23635983175540543,0.07073158971504383,0.22078010851656163,20
meps,no_drift,xgb,per_subgroup_baseline_relative[min_pos],AOD_star,0.020451127819548866,0.2385923632253842,0.01433999404049575,0.24256522369091807,20
meps,no_drift,xgb,per_subgroup_baseline_relative[min_pos],BalAcc,0.22639097744360903,0.2548384077291565,0.21367393985279165,0.2462234417268444,20
meps,no_drift,xgb,per_subgroup_ewma[maj_neg],DI_star,-0.035521641240014085,0.20632490325716016,-0.04114020290084254,0.22576593672687742,20
meps,no_drift,xgb,per_subgroup_ewma[maj_neg],AOD_star,-0.048664813253643746,0.19775437883742122,-0.059861318844593045,0.20483458667902713,20
meps,no_drift,xgb,per_subgroup_ewma[maj_neg],BalAcc,-0.06783771411774386,0.23199883801416987,-0.0387983526057155,0.24362673885954209,20
meps,no_drift,xgb,per_subgroup_baseline_relative[maj_neg],DI_star,-0.0050453039404142865,0.24793761966314723,-0.060599195541952235,0.23129072065094333,20
meps,no_drift,xgb,per_subgroup_baseline_relative[maj_neg],AOD_star,-0.005079272784839925,0.20470364399913152,-0.05217742373327895,0.252732914946138,20
meps,no_drift,xgb,per_subgroup_baseline_relative[maj_neg],BalAcc,-0.09381907952525782,0.27096022462740443,-0.0892895182567611,0.25813153022775137,20
meps,no_drift,xgb,per_subgroup_ewma[maj_pos],DI_star,0.0068437456251702585,0.21578254653866702,0.0401366579705603,0.23961887498764986,20
meps,no_drift,xgb,per_subgroup_ewma[maj_pos],AOD_star,0.038421052631578946,0.24629378981322217,0.06541577842598242,0.26128775076035843,20
meps,no_drift,xgb,per_subgroup_ewma[maj_pos],BalAcc,0.006466165413533837,0.2077072806444162,0.0427319348651667,0.20816542764945473,20
meps,no_drift,xgb,per_subgroup_baseline_relative[maj_pos],DI_star,0.007256501701906037,0.17752555706514533,0.03286026830634577,0.19927573821375508,20
meps,no_drift,xgb,per_subgroup_baseline_relative[maj_pos],AOD_star,-0.04240601503759397,0.2270042235716382,-0.03730723773953689,0.2661936595807776,20
meps,no_drift,xgb,per_subgroup_baseline_relative[maj_pos],BalAcc,0.016992481203007514,0.2334215824221976,0.03427923054232908,0.2249187771240514,20
meps,gradual_group_mag0.5,lr,global_mean,DI_star,0.08812030075187968,0.21841161834348044,0.07562977798096,0.19884739003457788,20
meps,gradual_group_mag0.5,lr,global_mean,AOD_star,0.056541353383458635,0.2447663033905646,0.05171347052860788,0.22037343428240228,20
meps,gradual_group_mag0.5,lr,global_mean,BalAcc,0.06405836860340916,0.23274042426957398,0.059181832019022274,0.22633421242096702,20
meps,gradual_group_mag0.5,lr,global_ewma,DI_star,0.07045112781954886,0.16973792037892627,0.07804665740847538,0.1875589075919468,20
meps,gradual_group_mag0.5,lr,global_ewma,AOD_star,0.07804511278195488,0.21229860881468962,0.08195305097559608,0.21017505583576018,20
meps,gradual_group_mag0.5,lr,global_ewma,BalAcc,0.03699217009986725,0.20638326529231474,0.04246477062252699,0.220161200751827,20
meps,gradual_group_mag0.5,lr,global_std,DI_star,0.11135338345864661,0.1708064658497316,0.0970426652562631,0.1772256803972572,20
meps,gradual_group_mag0.5,lr,global_std,AOD_star,0.03225563909774436,0.214279897032238,0.011484256635058813,0.20211529521807128,20
meps,gradual_group_mag0.5,lr,global_std,BalAcc,-0.00218042284571589,0.20737680438088127,0.0005852633531020501,0.2137284756070094,20
meps,gradual_group_mag0.5,lr,subgroup_violation_diff,DI_star,0.08872180451127817,0.1886921463680105,0.09100914579849687,0.20190618228035445,20
meps,gradual_group_mag0.5,lr,subgroup_violation_diff,AOD_star,0.052255639097744354,0.184656434375543,0.06059931046462973,0.20640432430873326,20
meps,gradual_group_mag0.5,lr,subgroup_violation_diff,BalAcc,0.04545425299200345,0.2512200794843566,0.07658933339024036,0.21670658920522026,20
meps,gradual_group_mag0.5,lr,max_subgroup_deviation,DI_star,0.0581203007518797,0.19698115963563412,0.032504694077160015,0.2103201652164708,20
meps,gradual_group_mag0.5,lr,max_subgroup_deviation,AOD_star,0.02375939849624059,0.17645807619429565,-0.020967492735828326,0.21562408145657136,20
meps,gradual_group_mag0.5,lr,max_subgroup_deviation,BalAcc,0.061992071112504446,0.2213991058427777,0.06353950644103121,0.19674990936073658,20
meps,gradual_group_mag0.5,lr,assignment_proportion_drift,DI_star,-0.04572176900818897,0.21029923086373167,0.07403918050381804,0.21683202723724307,20
meps,gradual_group_mag0.5,lr,assignment_proportion_drift,AOD_star,-0.04002934118439862,0.2547612146262506,0.04225633191959259,0.22367743185536812,20
meps,gradual_group_mag0.5,lr,assignment_proportion_drift,BalAcc,0.026868798085750212,0.24748192566494207,0.04079159472914844,0.2284124098454006,20
meps,gradual_group_mag0.5,lr,ks_statistic,DI_star,0.03285714285714285,0.19432230096163963,0.08876585509424403,0.2223019052971513,20
meps,gradual_group_mag0.5,lr,ks_statistic,AOD_star,0.05413533834586465,0.21348723413991036,0.061736962482100546,0.23045629729608377,20
meps,gradual_group_mag0.5,lr,ks_statistic,BalAcc,0.014245079974608285,0.20837113809925978,0.044866219512705856,0.22174635785641325,20
meps,gradual_group_mag0.5,lr,kl_divergence,DI_star,0.01601503759398496,0.17150722044943117,0.05556255845876764,0.1979288213568783,20
meps,gradual_group_mag0.5,lr,kl_divergence,AOD_star,0.004210526315789479,0.1762625406550428,0.03198358859511906,0.2017158272481139,20
meps,gradual_group_mag0.5,lr,kl_divergence,BalAcc,-0.0002624932653008061,0.23600713449173813,0.018174270894375864,0.24310472856862858,20
meps,gradual_group_mag0.5,lr,per_subgroup_ewma[min_neg],DI_star,nan,nan,nan,nan,0
meps,gradual_group_mag0.5,lr,per_subgroup_ewma[min_neg],AOD_star,nan,nan,nan,nan,0
meps,gradual_group_mag0.5,lr,per_subgroup_ewma[min_neg],BalAcc,nan,nan,nan,nan,0
meps,gradual_group_mag0.5,lr,per_subgroup_baseline_relative[min_neg],DI_star,nan,nan,nan,nan,0
meps,gradual_group_mag0.5,lr,per_subgroup_baseline_relative[min_neg],AOD_star,nan,nan,nan,nan,0
meps,gradual_group_mag0.5,lr,per_subgroup_baseline_relative[min_neg],BalAcc,nan,nan,nan,nan,0
meps,gradual_group_mag0.5,lr,per_subgroup_ewma[min_pos],DI_star,0.07586466165413533,0.18053912328172164,0.08869174877618909,0.19415255872831172,20
meps,gradual_group_mag0.5,lr,per_subgroup_ewma[min_pos],AOD_star,0.08969924812030075,0.2097651519221822,0.0794678999558969,0.21132872419391907,20
meps,gradual_group_mag0.5,lr,per_subgroup_ewma[min_pos],BalAcc,0.03710524901684291,0.20097932736956717,0.05845107985191278,0.2214797237462953,20
meps,gradual_group_mag0.5,lr,per_subgroup_baseline_relative[min_pos],DI_star,0.07293233082706765,0.21017935964333004,0.09872724323540277,0.2178692626134735,20
meps,gradual_group_mag0.5,lr,per_subgroup_baseline_relative[min_pos],AOD_star,0.07428571428571427,0.22267036301393536,0.05935008513566854,0.22439248254982216,20
meps,gradual_group_mag0.5,lr,per_subgroup_baseline_relative[min_pos],BalAcc,0.115000919168369,0.21658773063789008,0.10039904326052478,0.1989973849350902,20
meps,gradual_group_mag0.5,lr,per_subgroup_ewma[maj_neg],DI_star,-0.016631060216251842,0.18381236562963993,0.009543494993558829,0.22495223883977447,20
meps,gradual_group_mag0.5,lr,per_subgroup_ewma[maj_neg],AOD_star,-0.03058453002800064,0.22131192572155683,-0.028812177531075983,0.2697430318890072,20
meps,gradual_group_mag0.5,lr,per_subgroup_ewma[maj_neg],BalAcc,-0.012162119683484992,0.22265302278989232,0.0011973499140921092,0.18077102868413658,20
meps,gradual_group_mag0.5,lr,per_subgroup_baseline_relative[maj_neg],DI_star,-0.0221038334982398,0.20135463802292275,-0.009745262308226973,0.2242856807142425,20
meps,gradual_group_mag0.5,lr,per_subgroup_baseline_relative[maj_neg],AOD_star,-0.047834671367706375,0.2439797416884697,-0.07219359640238339,0.269278958516417,20
meps,gradual_group_mag0.5,lr,per_subgroup_baseline_relative[maj_neg],BalAcc,-0.03871198404495093,0.2311248286990734,-0.031953051477354236,0.18338929932528047,20
meps,gradual_group_mag0.5,lr,per_subgroup_ewma[maj_pos],DI_star,0.021654135338345856,0.17156398819819255,0.04149474959844591,0.19467254538445944,20
meps,gradual_group_mag0.5,lr,per_subgroup_ewma[maj_pos],AOD_star,0.08255639097744359,0.20670150708375842,0.07710842718171396,0.2131872797468593,20
meps,gradual_group_mag0.5,lr,per_subgroup_ewma[maj_pos],BalAcc,0.00924574460404432,0.200763494875434,0.030037859627187524,0.19461590284065763,20
meps,gradual_group_mag0.5,lr,per_subgroup_baseline_relative[maj_pos],DI_star,0.03789473684210526,0.18283859225254348,-6.95902326729822e-05,0.18155989679561718,20
meps,gradual_group_mag0.5,lr,per_subgroup_baseline_relative[maj_pos],AOD_star,0.044812030075187956,0.18351755494511712,0.004528198461200344,0.20565605535344814,20
meps,gradual_group_mag0.5,lr,per_subgroup_baseline_relative[maj_pos],BalAcc,0.03450678134100655,0.23951227072874984,0.02644318389544702,0.2368611645025323,20
meps,gradual_group_mag0.5,xgb,global_mean,DI_star,0.01823422813196519,0.2536790855383437,-0.029961215056503086,0.24976054141223494,20
meps,gradual_group_mag0.5,xgb,global_mean,AOD_star,0.013533834586466165,0.2463440636686589,-0.0069824092720801294,0.24245772547639516,20
meps,gradual_group_mag0.5,xgb,global_mean,BalAcc,0.05647272686158329,0.19434448978693775,0.035238569238677755,0.21060023041315976,20
meps,gradual_group_mag0.5,xgb,global_ewma,DI_star,-0.010713338263813054,0.2506225977982941,-0.03086459939815537,0.22986665664993133,20
meps,gradual_group_mag0.5,xgb,global_ewma,AOD_star,0.03097744360902256,0.21924760460762188,0.021420707427810905,0.2061366327981992,20
meps,gradual_group_mag0.5,xgb,global_ewma,BalAcc,0.031278308617136444,0.2138951375286784,0.010942865611092697,0.2150676409733454,20
meps,gradual_group_mag0.5,xgb,global_std,DI_star,0.15214660452159226,0.23287809654776037,0.15115504150088527,0.22149297703984427,20
meps,gradual_group_mag0.5,xgb,global_std,AOD_star,0.05609022556390977,0.22839877729497593,0.04328787278086676,0.22049828994140197,20
meps,gradual_group_mag0.5,xgb,global_std,BalAcc,0.04440691016644076,0.24150873038097148,0.05239335168076546,0.24208999088113278,20
meps,gradual_group_mag0.5,xgb,subgroup_violation_diff,DI_star,0.06849346895534493,0.22545148442056784,0.04946756273476494,0.2204419292171528,20
meps,gradual_group_mag0.5,xgb,subgroup_violation_diff,AOD_star,0.06300751879699248,0.1969453539449452,0.021930267409517798,0.22867579358081466,20
meps,gradual_group_mag0.5,xgb,subgroup_violation_diff,BalAcc,0.08549423681472526,0.26853003263401554,0.08430267623259423,0.24424543895853318,20
meps,gradual_group_mag0.5,xgb,max_subgroup_deviation,DI_star,-0.022776496441211398,0.21338202198356995,-0.03809746514309143,0.21817335939844698,20
meps,gradual_group_mag0.5,xgb,max_subgroup_deviation,AOD_star,-0.03278195488721804,0.23112375926499487,-0.04995976695917555,0.2335448917202628,20
meps,gradual_group_mag0.5,xgb,max_subgroup_deviation,BalAcc,0.07703588716027235,0.21892443438326079,0.0897256187565333,0.20248021118720533,20
meps,gradual_group_mag0.5,xgb,assignment_proportion_drift,DI_star,-0.11376315877545747,0.24380764441300326,-0.013794699248571273,0.24108097325788794,20
meps,gradual_group_mag0.5,xgb,assignment_proportion_drift,AOD_star,-0.09719868487125605,0.2279510883902441,-0.0245154346247771,0.23916230676646213,20
meps,gradual_group_mag0.5,xgb,assignment_proportion_drift,BalAcc,0.0059127475236203765,0.29527269917508525,0.00846698955855461,0.2856331585234345,20
meps,gradual_group_mag0.5,xgb,ks_statistic,DI_star,-0.05714466719749147,0.22612792952062083,-0.018959843744430084,0.24304021263146036,20
meps,gradual_group_mag0.5,xgb,ks_statistic,AOD_star,-0.007368421052631573,0.22705417477205264,-0.0023281010644019594,0.24731027179220688,20
meps,gradual_group_mag0.5,xgb,ks_statistic,BalAcc,0.03653620604059226,0.23138867986740988,0.023030030823859116,0.2700390941039171,20
meps,gradual_group_mag0.5,xgb,kl_divergence,DI_star,-0.02819704423750588,0.2580503816506061,-0.024514802854720942,0.2630744810653321,20
meps,gradual_group_mag0.5,xgb,kl_divergence,AOD_star,-0.025864661654135333,0.21577275877733143,-0.013014798899768143,0.24998381283607662,20
meps,gradual_group_mag0.5,xgb,kl_divergence,BalAcc,0.031123209565975373,0.25414292244489783,0.01383039863645775,0.26165290665418556,20
meps,gradual_group_mag0.5,xgb,per_subgroup_ewma[min_neg],DI_star,nan,nan,nan,nan,0
meps,gradual_group_mag0.5,xgb,per_subgroup_ewma[min_neg],AOD_star,nan,nan,nan,nan,0
meps,gradual_group_mag0.5,xgb,per_subgroup_ewma[min_neg],BalAcc,nan,nan,nan,nan,0
meps,gradual_group_mag0.5,xgb,per_subgroup_baseline_relative[min_neg],DI_star,nan,nan,nan,nan,0
meps,gradual_group_mag0.5,xgb,per_subgroup_baseline_relative[min_neg],AOD_star,nan,nan,nan,nan,0
meps,gradual_group_mag0.5,xgb,per_subgroup_baseline_relative[min_neg],BalAcc,nan,nan,nan,nan,0
meps,gradual_group_mag0.5,xgb,per_subgroup_ewma[min_pos],DI_star,-0.004585561138096356,0.2561423162845558,-0.024978799079076054,0.2503153853069099,20
meps,gradual_group_mag0.5,xgb,per_subgroup_ewma[min_pos],AOD_star,0.035037593984962395,0.22752535658862194,0.019233193351563475,0.23423865828121937,20
meps,gradual_group_mag0.5,xgb,per_subgroup_ewma[min_pos],BalAcc,0.03804644204082697,0.21326807379221838,0.031805240929688824,0.2199765093715409,20
meps,gradual_group_mag0.5,xgb,per_subgroup_baseline_relative[min_pos],DI_star,0.008268979765509643,0.2816890891602687,0.012989661901499106,0.2642837499630664,20
meps,gradual_group_mag0.5,xgb,per_subgroup_baseline_relative[min_pos],AOD_star,0.03278195488721803,0.2626183943531594,0.005503436569144716,0.27153312474731695,20
meps,gradual_group_mag0.5,xgb,per_subgroup_baseline_relative[min_pos],BalAcc,0.1659142048278947,0.21222650871113952,0.11071983090714481,0.2103636627670847,20
meps,gradual_group_mag0.5,xgb,per_subgroup_ewma[maj_neg],DI_star,-0.05870939588465106,0.17442165259288359,-0.035078564183899784,0.2152701371962371,20
meps,gradual_group_mag0.5,xgb,per_subgroup_ewma[maj_neg],AOD_star,-0.05041823838253847,0.20848580595509064,-0.053014142941495965,0.22827619267572272,20
meps,gradual_group_mag0.5,xgb,per_subgroup_ewma[maj_neg],BalAcc,-0.06292946834952734,0.2238235817377888,-0.02223693124278848,0.22647083292400733,20
meps,gradual_group_mag0.5,xgb,per_subgroup_baseline_relative[maj_neg],DI_star,-0.043073650429283204,0.16225839916595555,-0.05607412796028677,0.20449572699986263,20
meps,gradual_group_mag0.5,xgb,per_subgroup_baseline_relative[maj_neg],AOD_star,-0.05792406073754332,0.1751108550443036,-0.09429551855763862,0.220075065795926,20
meps,gradual_group_mag0.5,xgb,per_subgroup_baseline_relative[maj_neg],BalAcc,-0.09069507520873474,0.25095035717034814,-0.053461359290384536,0.24537354982527207,20
meps,gradual_group_mag0.5,xgb,per_subgroup_ewma[maj_pos],DI_star,-0.03093887389148383,0.21055667533602043,-0.02656083694843564,0.18804215013451925,20
meps,gradual_group_mag0.5,xgb,per_subgroup_ewma[maj_pos],AOD_star,0.04172932330827068,0.17844237521072812,0.03267355080270283,0.17211366065922942,20
meps,gradual_group_mag0.5,xgb,per_subgroup_ewma[maj_pos],BalAcc,-0.0028225891983240463,0.21818473119502832,-0.004478881603403595,0.223656067684402,20
meps,gradual_group_mag0.5,xgb,per_subgroup_baseline_relative[maj_pos],DI_star,-0.03556136438510657,0.20149260602894206,-0.07510747227458234,0.19697229884034262,20
meps,gradual_group_mag0.5,xgb,per_subgroup_baseline_relative[maj_pos],AOD_star,-0.030676691729323302,0.1738129913479769,-0.031703668082016065,0.1830855281099834,20
meps,gradual_group_mag0.5,xgb,per_subgroup_baseline_relative[maj_pos],BalAcc,0.009100176621817136,0.22224491336558855,0.012185274306936517,0.22730132260439923,20
meps,gradual_group_mag1.0,lr,global_mean,DI_star,0.09932330827067667,0.2714543861258487,0.09989349574847113,0.2805711517492097,20
meps,gradual_group_mag1.0,lr,global_mean,AOD_star,0.08052631578947368,0.2784187175916654,0.06839428323435054,0.27234858518600386,20
meps,gradual_group_mag1.0,lr,global_mean,BalAcc,0.039548872180451125,0.2223541552189909,0.04578441453808211,0.2409126195626782,20
meps,gradual_group_mag1.0,lr,global_ewma,DI_star,0.09210526315789473,0.2540738792081524,0.09382605061300901,0.2666547752350871,20
meps,gradual_group_mag1.0,lr,global_ewma,AOD_star,0.08954887218045111,0.2606152025346703,0.08547645568578761,0.25516095533682553,20
meps,gradual_group_mag1.0,lr,global_ewma,BalAcc,0.02466165413533835,0.2127494860851573,0.03960449075764151,0.21919970983852607,20
meps,gradual_group_mag1.0,lr,global_std,DI_star,0.1375187969924812,0.17612064163963065,0.15315373415921602,0.18777876804711563,20
meps,gradual_group_mag1.0,lr,global_std,AOD_star,0.09834586466165414,0.21881037604727657,0.09014965811168632,0.21757234824035057,20
meps,gradual_group_mag1.0,lr,global_std,BalAcc,0.0249624060150376,0.2173061889625642,0.031124872106139772,0.1891828889867221,20
meps,gradual_group_mag1.0,lr,subgroup_violation_diff,DI_star,0.10624060150375939,0.21131339176507882,0.10311293601664029,0.2016981300304239,20
meps,gradual_group_mag1.0,lr,subgroup_violation_diff,AOD_star,0.05646616541353382,0.2135658532597318,0.06636889618206364,0.21203568784848217,20
meps,gradual_group_mag1.0,lr,subgroup_violation_diff,BalAcc,0.06721804511278195,0.2682430698226634,0.06504398819448519,0.22735475378297507,20
meps,gradual_group_mag1.0,lr,max_subgroup_deviation,DI_star,0.057669172932330814,0.24541071196593775,0.07986593958188873,0.25606261175127154,20
meps,gradual_group_mag1.0,lr,max_subgroup_deviation,AOD_star,0.04804511278195488,0.2399622499378128,0.04947123362421033,0.2605488484776247,20
meps,gradual_group_mag1.0,lr,max_subgroup_deviation,BalAcc,0.06255639097744362,0.2258241105734187,0.07632276445579375,0.20746875086727176,20
meps,gradual_group_mag1.0,lr,assignment_proportion_drift,DI_star,-0.03516537053014977,0.2140557822843126,0.05823557321222602,0.2294621643298887,20
meps,gradual_group_mag1.0,lr,assignment_proportion_drift,AOD_star,-0.05834635700344128,0.22432423736280385,0.02467087722309135,0.23121574775548706,20
meps,gradual_group_mag1.0,lr,assignment_proportion_drift,BalAcc,0.020690802209826366,0.24087769300068734,0.028331561418227263,0.21347294216588872,20
meps,gradual_group_mag1.0,lr,ks_statistic,DI_star,0.0719548872180451,0.2717935500446854,0.10484829573663038,0.2766374239350623,20
meps,gradual_group_mag1.0,lr,ks_statistic,AOD_star,0.06225563909774434,0.2611413175297671,0.07576397113597386,0.2526577174572208,20
meps,gradual_group_mag1.0,lr,ks_statistic,BalAcc,0.025112781954887226,0.2075422782835891,0.040536590656013075,0.22014674262964848,20
meps,gradual_group_mag1.0,lr,kl_divergence,DI_star,0.03766917293233083,0.22679387715928914,0.0903600679672539,0.24805634875324498,20
meps,gradual_group_mag1.0,lr,kl_divergence,AOD_star,0.014060150375939847,0.29421361990114997,0.06736104241602497,0.25664182443890116,20
meps,gradual_group_mag1.0,lr,kl_divergence,BalAcc,0.05172932330827068,0.23753277978201376,0.05449775131205788,0.23406824701219228,20
meps,gradual_group_mag1.0,lr,per_subgroup_ewma[min_neg],DI_star,nan,nan,nan,nan,0
meps,gradual_group_mag1.0,lr,per_subgroup_ewma[min_neg],AOD_star,nan,nan,nan,nan,0
meps,gradual_group_mag1.0,lr,per_subgroup_ewma[min_neg],BalAcc,nan,nan,nan,nan,0
meps,gradual_group_mag1.0,lr,per_subgroup_baseline_relative[min_neg],DI_star,nan,nan,nan,nan,0
meps,gradual_group_mag1.0,lr,per_subgroup_baseline_relative[min_neg],AOD_star,nan,nan,nan,nan,0
meps,gradual_group_mag1.0,lr,per_subgroup_baseline_relative[min_neg],BalAcc,nan,nan,nan,nan,0
meps,gradual_group_mag1.0,lr,per_subgroup_ewma[min_pos],DI_star,0.09428571428571429,0.256233762131182,0.10346158619607801,0.2654092775189148,20
meps,gradual_group_mag1.0,lr,per_subgroup_ewma[min_pos],AOD_star,0.09135338345864662,0.2553071152646443,0.09006885690103625,0.2464034506162581,20
meps,gradual_group_mag1.0,lr,per_subgroup_ewma[min_pos],BalAcc,0.028270676691729328,0.20657987438817224,0.048102544411086155,0.2230807664694853,20
meps,gradual_group_mag1.0,lr,per_subgroup_baseline_relative[min_pos],DI_star,0.08789473684210528,0.25949348810985073,0.1112815949499576,0.2688034960772588,20
meps,gradual_group_mag1.0,lr,per_subgroup_baseline_relative[min_pos],AOD_star,0.07270676691729323,0.252871920673339,0.06536189478979179,0.25598428433182235,20
meps,gradual_group_mag1.0,lr,per_subgroup_baseline_relative[min_pos],BalAcc,0.09218045112781954,0.22871340070476145,0.0722452169257932,0.2309949948034473,20
meps,gradual_group_mag1.0,lr,per_subgroup_ewma[maj_neg],DI_star,-0.0188596024409134,0.20919325415866089,0.006945171102975378,0.24509272051041323,20
meps,gradual_group_mag1.0,lr,per_subgroup_ewma[maj_neg],AOD_star,-0.04639553324411604,0.23707017545703601,-0.0427040154222733,0.2858094575042158,20
meps,gradual_group_mag1.0,lr,per_subgroup_ewma[maj_neg],BalAcc,0.006243560039076772,0.175303031485893,0.01231974035242837,0.14065876869900965,20
meps,gradual_group_mag1.0,lr,per_subgroup_baseline_relative[maj_neg],DI_star,-0.009762252886649211,0.2363066562933596,-0.002870091145452818,0.22055600663257113,20
meps,gradual_group_mag1.0,lr,per_subgroup_baseline_relative[maj_neg],AOD_star,-0.04346179394104262,0.26631401087449125,-0.047736322524927904,0.26505651811281883,20
meps,gradual_group_mag1.0,lr,per_subgroup_baseline_relative[maj_neg],BalAcc,-0.027677710253395882,0.19869393616325845,-0.02015964057750961,0.19300238653693583,20
meps,gradual_group_mag1.0,lr,per_subgroup_ewma[maj_pos],DI_star,0.0599248120300752,0.23537570867742605,0.07362523043737258,0.26210075727988014,20
meps,gradual_group_mag1.0,lr,per_subgroup_ewma[maj_pos],AOD_star,0.07466165413533835,0.24176376933915128,0.0830657749046203,0.26790438618855134,20
meps,gradual_group_mag1.0,lr,per_subgroup_ewma[maj_pos],BalAcc,0.0244360902255639,0.20574202589642981,0.03621862886704143,0.2010568118622499,20
meps,gradual_group_mag1.0,lr,per_subgroup_baseline_relative[maj_pos],DI_star,0.048571428571428564,0.2644762251990091,0.04348288251638946,0.26862088321707756,20
meps,gradual_group_mag1.0,lr,per_subgroup_baseline_relative[maj_pos],AOD_star,0.05218045112781956,0.26399527351410323,0.032950110117359224,0.26763236598273205,20
meps,gradual_group_mag1.0,lr,per_subgroup_baseline_relative[maj_pos],BalAcc,0.027142857142857135,0.23519560157223576,0.02186727103463614,0.23906486599086357,20
meps,gradual_group_mag1.0,xgb,global_mean,DI_star,0.5321804511278193,0.16689080599977407,0.5663180749140351,0.1319957802049889,20
meps,gradual_group_mag1.0,xgb,global_mean,AOD_star,0.3898496240601503,0.22733583477750233,0.37141207647072205,0.21348687747709688,20
meps,gradual_group_mag1.0,xgb,global_mean,BalAcc,-0.30210526315789477,0.23409573696511063,-0.3239712357183642,0.21160948084549402,20
meps,gradual_group_mag1.0,xgb,global_ewma,DI_star,0.5490977443609022,0.1778129678160333,0.6337945728335848,0.14173263730295427,20
meps,gradual_group_mag1.0,xgb,global_ewma,AOD_star,0.4128571428571429,0.21588951337004156,0.4283634015686818,0.21158072277039858,20
meps,gradual_group_mag1.0,xgb,global_ewma,BalAcc,-0.3210526315789473,0.22277854183982684,-0.3650092773606801,0.23137243699844506,20
meps,gradual_group_mag1.0,xgb,global_std,DI_star,0.23157894736842105,0.1908933566585588,0.2973136481220394,0.16608635937184357,20
meps,gradual_group_mag1.0,xgb,global_std,AOD_star,0.1844360902255639,0.22511347255809405,0.17390782398894453,0.2235810071971086,20
meps,gradual_group_mag1.0,xgb,global_std,BalAcc,-0.12977443609022554,0.22922448258845157,-0.11346784810144576,0.23146548347762153,20
meps,gradual_group_mag1.0,xgb,subgroup_violation_diff,DI_star,0.12451127819548871,0.2210048539232318,0.12576778746440395,0.1765912782332924,20
meps,gradual_group_mag1.0,xgb,subgroup_violation_diff,AOD_star,0.08511278195488718,0.2290346513129911,0.08036386575023818,0.2352715401838288,20
meps,gradual_group_mag1.0,xgb,subgroup_violation_diff,BalAcc,0.06639097744360903,0.23807568710126356,0.027871620708398305,0.21632815655391513,20
meps,gradual_group_mag1.0,xgb,max_subgroup_deviation,DI_star,0.47180451127819545,0.1804629538731352,0.583743315529786,0.1541120971593778,20
meps,gradual_group_mag1.0,xgb,max_subgroup_deviation,AOD_star,0.3530075187969925,0.23600873791255708,0.3728766246993048,0.23031029732771485,20
meps,gradual_group_mag1.0,xgb,max_subgroup_deviation,BalAcc,-0.2650375939849624,0.2388805345239249,-0.31143199739475486,0.23562853335919037,20
meps,gradual_group_mag1.0,xgb,assignment_proportion_drift,DI_star,-0.19045681020995056,0.184745690724984,0.023689983564737165,0.14630898743574328,20
meps,gradual_group_mag1.0,xgb,assignment_proportion_drift,AOD_star,-0.18243410628215675,0.1997511663403266,0.005593678227967187,0.20264267103097475,20
meps,gradual_group_mag1.0,xgb,assignment_proportion_drift,BalAcc,0.12495781859560065,0.2750056518407638,-0.018026016392200257,0.23247831572237537,20
meps,gradual_group_mag1.0,xgb,ks_statistic,DI_star,0.5206766917293233,0.18795661607020722,0.5159128268391291,0.1483218423599235,20
meps,gradual_group_mag1.0,xgb,ks_statistic,AOD_star,0.38240601503759397,0.22390573475049258,0.33991774102891825,0.21283215728240906,20
meps,gradual_group_mag1.0,xgb,ks_statistic,BalAcc,-0.3129323308270676,0.22524684482727234,-0.29246742901782,0.2289653148557216,20
meps,gradual_group_mag1.0,xgb,kl_divergence,DI_star,0.20413533834586461,0.18378983725847228,0.28278806670538004,0.1302277051264489,20
meps,gradual_group_mag1.0,xgb,kl_divergence,AOD_star,0.15360902255639095,0.2247611152644765,0.19507201087730636,0.20697768808839176,20
meps,gradual_group_mag1.0,xgb,kl_divergence,BalAcc,-0.10285714285714284,0.18810545489944225,-0.16020276506083214,0.18994098021186195,20
meps,gradual_group_mag1.0,xgb,per_subgroup_ewma[min_neg],DI_star,nan,nan,nan,nan,0
meps,gradual_group_mag1.0,xgb,per_subgroup_ewma[min_neg],AOD_star,nan,nan,nan,nan,0
meps,gradual_group_mag1.0,xgb,per_subgroup_ewma[min_neg],BalAcc,nan,nan,nan,nan,0
meps,gradual_group_mag1.0,xgb,per_subgroup_baseline_relative[min_neg],DI_star,nan,nan,nan,nan,0
meps,gradual_group_mag1.0,xgb,per_subgroup_baseline_relative[min_neg],AOD_star,nan,nan,nan,nan,0
meps,gradual_group_mag1.0,xgb,per_subgroup_baseline_relative[min_neg],BalAcc,nan,nan,nan,nan,0
meps,gradual_group_mag1.0,xgb,per_subgroup_ewma[min_pos],DI_star,0.5442857142857143,0.18668582441553253,0.5701586913646622,0.14315296285536305,20
meps,gradual_group_mag1.0,xgb,per_subgroup_ewma[min_pos],AOD_star,0.41075187969924815,0.21932745813308183,0.38620476942175713,0.21663576773329263,20
meps,gradual_group_mag1.0,xgb,per_subgroup_ewma[min_pos],BalAcc,-0.31225563909774434,0.22038427680902972,-0.31053657665316453,0.22143525927348304,20
meps,gradual_group_mag1.0,xgb,per_subgroup_baseline_relative[min_pos],DI_star,0.42225563909774433,0.17566368660923715,0.43559070719587467,0.13211239408001987,20
meps,gradual_group_mag1.0,xgb,per_subgroup_baseline_relative[min_pos],AOD_star,0.31571428571428567,0.21007226815910515,0.27954610301280003,0.21723471152560303,20
meps,gradual_group_mag1.0,xgb,per_subgroup_baseline_relative[min_pos],BalAcc,-0.1606766917293233,0.21022603450634128,-0.18453623979602435,0.21000971424607812,20
meps,gradual_group_mag1.0,xgb,per_subgroup_ewma[maj_neg],DI_star,-0.023425180911358034,0.41011426512320237,0.060159474414895955,0.4880232711713107,20
meps,gradual_group_mag1.0,xgb,per_subgroup_ewma[maj_neg],AOD_star,-0.05856664134008416,0.30914340816755614,-0.02446349337841249,0.3370388931106339,20
meps,gradual_group_mag1.0,xgb,per_subgroup_ewma[maj_neg],BalAcc,-0.058705622408401735,0.33448883116008543,-0.06680089498524022,0.35630270701881495,20
meps,gradual_group_mag1.0,xgb,per_subgroup_baseline_relative[maj_neg],DI_star,-0.03231307682353102,0.2515807545354701,0.033016138642695494,0.29479428777095357,20
meps,gradual_group_mag1.0,xgb,per_subgroup_baseline_relative[maj_neg],AOD_star,-0.11245722092808992,0.19034219374292438,-0.0800594422803808,0.22173216318248817,20
meps,gradual_group_mag1.0,xgb,per_subgroup_baseline_relative[maj_neg],BalAcc,-0.03665653828140519,0.2906667403828337,-0.05415600212061424,0.30433634184888136,20
meps,gradual_group_mag1.0,xgb,per_subgroup_ewma[maj_pos],DI_star,0.5439849624060149,0.18509126570654338,0.7028709780171998,0.1503680931678623,20
meps,gradual_group_mag1.0,xgb,per_subgroup_ewma[maj_pos],AOD_star,0.41368421052631577,0.21647132326249094,0.4750193527238114,0.2224811813388734,20
meps,gradual_group_mag1.0,xgb,per_subgroup_ewma[maj_pos],BalAcc,-0.32999999999999996,0.23107085898806168,-0.4220089161745039,0.2459998092352575,20
meps,gradual_group_mag1.0,xgb,per_subgroup_baseline_relative[maj_pos],DI_star,0.5015037593984962,0.18121049496276825,0.5899378496006331,0.1546883997848988,20
meps,gradual_group_mag1.0,xgb,per_subgroup_baseline_relative[maj_pos],AOD_star,0.36939849624060145,0.2537423107585603,0.3772855544794132,0.24028175701306162,20
meps,gradual_group_mag1.0,xgb,per_subgroup_baseline_relative[maj_pos],BalAcc,-0.3249624060150376,0.22984503698252015,-0.38028589247860806,0.2070777240839565,20
meps,gradual_group_mag2.0,lr,global_mean,DI_star,0.12390977443609019,0.3678228686857971,0.1422331070638293,0.3816742018273901,20
meps,gradual_group_mag2.0,lr,global_mean,AOD_star,0.10383458646616542,0.28759628482052546,0.10652286629380607,0.2960799214153118,20
meps,gradual_group_mag2.0,lr,global_mean,BalAcc,0.039061352365345456,0.2301498149389673,0.03825239931760388,0.2369597566400646,20
meps,gradual_group_mag2.0,lr,global_ewma,DI_star,0.13127819548872177,0.3656415328802501,0.14065372040984053,0.3830968940967984,20
meps,gradual_group_mag2.0,lr,global_ewma,AOD_star,0.11819548872180449,0.2916814161113464,0.12208255779613579,0.29524663953160385,20
meps,gradual_group_mag2.0,lr,global_ewma,BalAcc,0.031015730505524676,0.23227765627611782,0.03657848744016475,0.23037658399122427,20
meps,gradual_group_mag2.0,lr,global_std,DI_star,0.14120300751879697,0.26082224510417773,0.1738729845932433,0.3005037413483243,20
meps,gradual_group_mag2.0,lr,global_std,AOD_star,0.12819548872180447,0.2170471718656032,0.14608624212808594,0.2653950991920294,20
meps,gradual_group_mag2.0,lr,global_std,BalAcc,0.024248134441803713,0.2183627273524002,0.03938727261188556,0.19943361349520858,20
meps,gradual_group_mag2.0,lr,subgroup_violation_diff,DI_star,0.12293233082706764,0.30080032504556137,0.15520094966742423,0.31888758114537735,20
meps,gradual_group_mag2.0,lr,subgroup_violation_diff,AOD_star,0.10834586466165412,0.26121104778964654,0.10897331188857473,0.27464982065924715,20
meps,gradual_group_mag2.0,lr,subgroup_violation_diff,BalAcc,0.04394834415362894,0.2357783425737631,0.042974652095696085,0.22730818920537704,20
meps,gradual_group_mag2.0,lr,max_subgroup_deviation,DI_star,0.12939849624060146,0.35439033489806343,0.14279487636053118,0.37581492793992927,20
meps,gradual_group_mag2.0,lr,max_subgroup_deviation,AOD_star,0.10360902255639096,0.2769465564044841,0.10663424237794335,0.2900381165755155,20
meps,gradual_group_mag2.0,lr,max_subgroup_deviation,BalAcc,0.044777617826887474,0.22821233183186113,0.053362175739262906,0.23415064518866505,20
meps,gradual_group_mag2.0,lr,assignment_proportion_drift,DI_star,0.04640047890435699,0.21111257833270727,0.0883325077019006,0.23122596053280123,20
meps,gradual_group_mag2.0,lr,assignment_proportion_drift,AOD_star,0.009378382980187385,0.22925840249196758,0.03660019523141663,0.2493567800555296,20
meps,gradual_group_mag2.0,lr,assignment_proportion_drift,BalAcc,-0.00911978011378464,0.23809415557965083,0.011514926758084812,0.22445229132038394,20
meps,gradual_group_mag2.0,lr,ks_statistic,DI_star,0.11165413533834585,0.37293684056210935,0.13977777921922968,0.3577989894737265,20
meps,gradual_group_mag2.0,lr,ks_statistic,AOD_star,0.0851127819548872,0.2929678383939121,0.10474998991191398,0.277243767941737,20
meps,gradual_group_mag2.0,lr,ks_statistic,BalAcc,0.01917375251183324,0.22732398634814285,0.03761074214595744,0.2461009466964221,20
meps,gradual_group_mag2.0,lr,kl_divergence,DI_star,0.09984962406015038,0.3364452549473287,0.1370406270618417,0.3383103063504531,20
meps,gradual_group_mag2.0,lr,kl_divergence,AOD_star,0.05736842105263158,0.2629250419866043,0.08461697857744396,0.2638980456245397,20
meps,gradual_group_mag2.0,lr,kl_divergence,BalAcc,0.011919824481360402,0.23669016038298915,0.011184462855165328,0.2352717379642899,20
meps,gradual_group_mag2.0,lr,per_subgroup_ewma[min_neg],DI_star,nan,nan,nan,nan,0
meps,gradual_group_mag2.0,lr,per_subgroup_ewma[min_neg],AOD_star,nan,nan,nan,nan,0
meps,gradual_group_mag2.0,lr,per_subgroup_ewma[min_neg],BalAcc,nan,nan,nan,nan,0
meps,gradual_group_mag2.0,lr,per_subgroup_baseline_relative[min_neg],DI_star,nan,nan,nan,nan,0
meps,gradual_group_mag2.0,lr,per_subgroup_baseline_relative[min_neg],AOD_star,nan,nan,nan,nan,0
meps,gradual_group_mag2.0,lr,per_subgroup_baseline_relative[min_neg],BalAcc,nan,nan,nan,nan,0
meps,gradual_group_mag2.0,lr,per_subgroup_ewma[min_pos],DI_star,0.13360902255639096,0.3655154024287202,0.14307494382454655,0.3827791754679723,20
meps,gradual_group_mag2.0,lr,per_subgroup_ewma[min_pos],AOD_star,0.12045112781954885,0.29108676619758533,0.12100698789483284,0.29947340898102764,20
meps,gradual_group_mag2.0,lr,per_subgroup_ewma[min_pos],BalAcc,0.027933476252265953,0.22649614519087963,0.03898648423647495,0.22793868341607396,20
meps,gradual_group_mag2.0,lr,per_subgroup_baseline_relative[min_pos],DI_star,0.13233082706766916,0.3590173207507074,0.15162918237809492,0.3643802224137063,20
meps,gradual_group_mag2.0,lr,per_subgroup_baseline_relative[min_pos],AOD_star,0.11390977443609022,0.2878703276990579,0.10656679913034531,0.28949143167901875,20
meps,gradual_group_mag2.0,lr,per_subgroup_baseline_relative[min_pos],BalAcc,0.04079302308822004,0.2430014766074834,0.04872045094404466,0.2284009687723478,20
meps,gradual_group_mag2.0,lr,per_subgroup_ewma[maj_neg],DI_star,-0.037426704006217636,0.27608237976435074,-0.011973050879472175,0.3014027057470733,20
meps,gradual_group_mag2.0,lr,per_subgroup_ewma[maj_neg],AOD_star,-0.026587126234084168,0.2549757371013971,-0.03832032565092152,0.31549617970844046,20
meps,gradual_group_mag2.0,lr,per_subgroup_ewma[maj_neg],BalAcc,0.030700328353959794,0.16395112562054295,0.03525669200218732,0.16176628070064938,20
meps,gradual_group_mag2.0,lr,per_subgroup_baseline_relative[maj_neg],DI_star,-0.029891136888715624,0.24805490939949054,0.0015960055063489118,0.2641923253016247,20
meps,gradual_group_mag2.0,lr,per_subgroup_baseline_relative[maj_neg],AOD_star,-0.037877104980214606,0.2613176468316338,-0.01583497341649811,0.2984281215157667,20
meps,gradual_group_mag2.0,lr,per_subgroup_baseline_relative[maj_neg],BalAcc,-0.031397446145167124,0.16548678128958694,-0.008476376214445386,0.17600731890250013,20
meps,gradual_group_mag2.0,lr,per_subgroup_ewma[maj_pos],DI_star,0.10541353383458647,0.3445423890541833,0.1270180662780525,0.363937285752874,20
meps,gradual_group_mag2.0,lr,per_subgroup_ewma[maj_pos],AOD_star,0.09601503759398496,0.24195730546416025,0.1145354250236359,0.27067861085551315,20
meps,gradual_group_mag2.0,lr,per_subgroup_ewma[maj_pos],BalAcc,0.020113842533774517,0.23607516792387165,0.035308546787952935,0.25218147680445724,20
meps,gradual_group_mag2.0,lr,per_subgroup_baseline_relative[maj_pos],DI_star,0.09157894736842104,0.35355455784319895,0.077306607979656,0.36376743344704604,20
meps,gradual_group_mag2.0,lr,per_subgroup_baseline_relative[maj_pos],AOD_star,0.06766917293233082,0.2621790603515296,0.0511473030829924,0.2847302345005836,20
meps,gradual_group_mag2.0,lr,per_subgroup_baseline_relative[maj_pos],BalAcc,0.053835576339793544,0.21317484891006616,0.02551689155367721,0.2289494505912214,20
meps,gradual_group_mag2.0,xgb,global_mean,DI_star,0.572781954887218,0.14094477817048437,0.5420866712651338,0.11018943227097384,20
meps,gradual_group_mag2.0,xgb,global_mean,AOD_star,-0.1369172932330827,0.1560765165579384,-0.08714354431549387,0.18566619191955136,20
meps,gradual_group_mag2.0,xgb,global_mean,BalAcc,-0.7440601503759398,0.1264245861574222,-0.7369615166614565,0.11490800777372694,20
meps,gradual_group_mag2.0,xgb,global_ewma,DI_star,0.5642105263157894,0.1421586405699604,0.5106289546394649,0.11802502160709907,20
meps,gradual_group_mag2.0,xgb,global_ewma,AOD_star,-0.15526315789473683,0.14129728129993557,-0.16932364336368935,0.17746870147122443,20
meps,gradual_group_mag2.0,xgb,global_ewma,BalAcc,-0.7560902255639097,0.12587696780507585,-0.8098896801715163,0.1048887997395932,20
meps,gradual_group_mag2.0,xgb,global_std,DI_star,0.44120300751879704,0.15525352698197054,0.2656763535378913,0.1409495597637526,20
meps,gradual_group_mag2.0,xgb,global_std,AOD_star,-0.23661654135338347,0.13032248646222955,-0.38926634822554046,0.12434489271457601,20
meps,gradual_group_mag2.0,xgb,global_std,BalAcc,-0.679172932330827,0.14889820916226398,-0.7715737119342567,0.09958708061081507,20
meps,gradual_group_mag2.0,xgb,subgroup_violation_diff,DI_star,0.40436090225563903,0.14025077884123074,0.324674499752327,0.12093023503878635,20
meps,gradual_group_mag2.0,xgb,subgroup_violation_diff,AOD_star,-0.21015037593984962,0.14009185505755947,-0.24096481888099763,0.1644204643940871,20
meps,gradual_group_mag2.0,xgb,subgroup_violation_diff,BalAcc,-0.611578947368421,0.12124544491112453,-0.6720346475488841,0.09899945359780975,20
meps,gradual_group_mag2.0,xgb,max_subgroup_deviation,DI_star,0.5613533834586466,0.15012241786991165,0.5112642751343044,0.11473554109639096,20
meps,gradual_group_mag2.0,xgb,max_subgroup_deviation,AOD_star,-0.14676691729323307,0.15499477979169932,-0.1547857328263071,0.19495469606228727,20
meps,gradual_group_mag2.0,xgb,max_subgroup_deviation,BalAcc,-0.7311278195488722,0.1281204772493401,-0.7737662971671203,0.10372575734513997,20
meps,gradual_group_mag2.0,xgb,assignment_proportion_drift,DI_star,-0.07095183764041421,0.13427748353239802,0.10513781194960689,0.13841005566969408,20
meps,gradual_group_mag2.0,xgb,assignment_proportion_drift,AOD_star,-0.15893761410557636,0.16860644656598517,-0.08090527803859383,0.16261318775890599,20
meps,gradual_group_mag2.0,xgb,assignment_proportion_drift,BalAcc,-0.07517758578661114,0.2685942336650559,-0.2157514114848787,0.21967831500489163,20
meps,gradual_group_mag2.0,xgb,ks_statistic,DI_star,0.582781954887218,0.12769961201822358,0.5511651655394163,0.10982129748658495,20
meps,gradual_group_mag2.0,xgb,ks_statistic,AOD_star,-0.10451127819548871,0.16088152491004146,-0.0071481920929913735,0.20001743229697266,20
meps,gradual_group_mag2.0,xgb,ks_statistic,BalAcc,-0.7372932330827068,0.1362410164477739,-0.6476047293478736,0.11875446318121823,20
meps,gradual_group_mag2.0,xgb,kl_divergence,DI_star,0.4308270676691729,0.1081677664641764,0.4407750230872799,0.0997512631207746,20
meps,gradual_group_mag2.0,xgb,kl_divergence,AOD_star,0.03413533834586467,0.162934325880968,0.05741071448521605,0.17999543353824948,20
meps,gradual_group_mag2.0,xgb,kl_divergence,BalAcc,-0.4264661654135338,0.18044448609331037,-0.43632210125936277,0.13200899188570145,20
meps,gradual_group_mag2.0,xgb,per_subgroup_ewma[min_neg],DI_star,nan,nan,nan,nan,0
meps,gradual_group_mag2.0,xgb,per_subgroup_ewma[min_neg],AOD_star,nan,nan,nan,nan,0
meps,gradual_group_mag2.0,xgb,per_subgroup_ewma[min_neg],BalAcc,nan,nan,nan,nan,0
meps,gradual_group_mag2.0,xgb,per_subgroup_baseline_relative[min_neg],DI_star,nan,nan,nan,nan,0
meps,gradual_group_mag2.0,xgb,per_subgroup_baseline_relative[min_neg],AOD_star,nan,nan,nan,nan,0
meps,gradual_group_mag2.0,xgb,per_subgroup_baseline_relative[min_neg],BalAcc,nan,nan,nan,nan,0
meps,gradual_group_mag2.0,xgb,per_subgroup_ewma[min_pos],DI_star,0.5640601503759399,0.14025964632471183,0.5015952073917173,0.11381514927546801,20
meps,gradual_group_mag2.0,xgb,per_subgroup_ewma[min_pos],AOD_star,-0.15661654135338346,0.14191081496940294,-0.17179792113549355,0.17655091558750347,20
meps,gradual_group_mag2.0,xgb,per_subgroup_ewma[min_pos],BalAcc,-0.7534586466165413,0.12996298781246124,-0.7997942953384156,0.10084880218241554,20
meps,gradual_group_mag2.0,xgb,per_subgroup_baseline_relative[min_pos],DI_star,0.5320300751879699,0.14066590137967322,0.48629925304995486,0.11143421646649646,20
meps,gradual_group_mag2.0,xgb,per_subgroup_baseline_relative[min_pos],AOD_star,-0.16157894736842104,0.1390156026514347,-0.12145484379709368,0.1852600403895528,20
meps,gradual_group_mag2.0,xgb,per_subgroup_baseline_relative[min_pos],BalAcc,-0.7055639097744361,0.13328738349315364,-0.7047237161821379,0.10994575821255685,20
meps,gradual_group_mag2.0,xgb,per_subgroup_ewma[maj_neg],DI_star,0.1683582131008573,0.4441890138137863,0.18691700622810262,0.42249404790696465,20
meps,gradual_group_mag2.0,xgb,per_subgroup_ewma[maj_neg],AOD_star,-0.06157255448303349,0.28436515284416075,-0.06800798824201162,0.33890169791649033,20
meps,gradual_group_mag2.0,xgb,per_subgroup_ewma[maj_neg],BalAcc,-0.27020080270545105,0.528760696517384,-0.29261885866416193,0.5799013987959574,20
meps,gradual_group_mag2.0,xgb,per_subgroup_baseline_relative[maj_neg],DI_star,0.09171658617841669,0.29360166394837334,0.1641080895195583,0.27695181515791145,20
meps,gradual_group_mag2.0,xgb,per_subgroup_baseline_relative[maj_neg],AOD_star,0.007940286625287245,0.20133154525308117,0.024980405147831813,0.22965953207791237,20
meps,gradual_group_mag2.0,xgb,per_subgroup_baseline_relative[maj_neg],BalAcc,-0.13091972385560383,0.3023127427959254,-0.17869747781752832,0.29667509920924345,20
meps,gradual_group_mag2.0,xgb,per_subgroup_ewma[maj_pos],DI_star,0.6220300751879698,0.1626065838918982,0.6167120673307032,0.14585029920988277,20
meps,gradual_group_mag2.0,xgb,per_subgroup_ewma[maj_pos],AOD_star,-0.03105263157894736,0.22911010673590193,-0.029313889622169142,0.23706940667154658,20
meps,gradual_group_mag2.0,xgb,per_subgroup_ewma[maj_pos],BalAcc,-0.7130075187969924,0.17032176338040536,-0.7498238892903768,0.16772608910806386,20
meps,gradual_group_mag2.0,xgb,per_subgroup_baseline_relative[maj_pos],DI_star,0.6297744360902254,0.16909277967551153,0.6352575249688377,0.1484068379688169,20
meps,gradual_group_mag2.0,xgb,per_subgroup_baseline_relative[maj_pos],AOD_star,0.19135338345864658,0.25828304355809334,0.16920777332322237,0.26711568145888115,20
meps,gradual_group_mag2.0,xgb,per_subgroup_baseline_relative[maj_pos],BalAcc,-0.5202255639097745,0.23716696898984324,-0.5063206970203815,0.2402253146399343,20
meps,gradual_global_mag0.5,lr,global_mean,DI_star,0.07443609022556388,0.1707402749969107,0.0594990937655982,0.1620556321772112,20
meps,gradual_global_mag0.5,lr,global_mean,AOD_star,0.051578947368421044,0.21782363654706746,0.040886834421477045,0.20777641141743786,20
meps,gradual_global_mag0.5,lr,global_mean,BalAcc,0.05315789473684211,0.21083826244237053,0.043149097883851614,0.22852392349864034,20
meps,gradual_global_mag0.5,lr,global_ewma,DI_star,0.05240601503759398,0.15358108674684823,0.05564759203685595,0.15830153977381306,20
meps,gradual_global_mag0.5,lr,global_ewma,AOD_star,0.06150375939849624,0.20153456166774691,0.05893943284936922,0.19911833537221918,20
meps,gradual_global_mag0.5,lr,global_ewma,BalAcc,0.02962406015037595,0.20582676211052953,0.030939215578098967,0.21861388273297408,20
meps,gradual_global_mag0.5,lr,global_std,DI_star,0.02744360902255638,0.14667388506520887,0.0029124566792251352,0.13760733117498083,20
meps,gradual_global_mag0.5,lr,global_std,AOD_star,-0.013383458646616544,0.14065569298716168,-0.03172909772017688,0.18081407246413406,20
meps,gradual_global_mag0.5,lr,global_std,BalAcc,0.004360902255639091,0.2109886973884816,-0.012084131693820574,0.23393160677615218,20
meps,gradual_global_mag0.5,lr,subgroup_violation_diff,DI_star,0.10518796992481202,0.1904257468490895,0.10971873427858277,0.21426172255681478,20
meps,gradual_global_mag0.5,lr,subgroup_violation_diff,AOD_star,0.0406766917293233,0.21310901032062185,0.0637510963324053,0.20007886850209658,20
meps,gradual_global_mag0.5,lr,subgroup_violation_diff,BalAcc,0.01090225563909774,0.25105616689735505,0.02711397309335329,0.2100694312161185,20
meps,gradual_global_mag0.5,lr,max_subgroup_deviation,DI_star,0.06139288648560617,0.17460679768758727,0.0971757502960237,0.19750055793983637,20
meps,gradual_global_mag0.5,lr,max_subgroup_deviation,AOD_star,0.026764767853354805,0.15432358348984535,0.052908749848251294,0.18712266137833947,20
meps,gradual_global_mag0.5,lr,max_subgroup_deviation,BalAcc,0.05616558322645655,0.23038320540979845,0.03339997730535304,0.2188764608376509,20
meps,gradual_global_mag0.5,lr,assignment_proportion_drift,DI_star,0.002103239390062997,0.18123376336200514,0.08885849302904379,0.20550841449807766,20
meps,gradual_global_mag0.5,lr,assignment_proportion_drift,AOD_star,-0.003834523825466471,0.22113726222731436,0.05094376805816488,0.20361484435666227,20
meps,gradual_global_mag0.5,lr,assignment_proportion_drift,BalAcc,-0.006166607444116734,0.2585913169105288,0.023153198263507806,0.22849349648586983,20
meps,gradual_global_mag0.5,lr,ks_statistic,DI_star,0.0545112781954887,0.1796535475281944,0.10065677048018404,0.2018472300584337,20
meps,gradual_global_mag0.5,lr,ks_statistic,AOD_star,0.06293233082706767,0.20711100556119402,0.06779529218322757,0.20658993509229642,20
meps,gradual_global_mag0.5,lr,ks_statistic,BalAcc,0.015187969924812028,0.21303759982294967,0.032528754738914006,0.2277526953767088,20
meps,gradual_global_mag0.5,lr,kl_divergence,DI_star,0.029097744360902254,0.15271879799935056,0.055920471823237484,0.17284454461743928,20
meps,gradual_global_mag0.5,lr,kl_divergence,AOD_star,0.007218045112781952,0.17918200324739492,0.02337477622556221,0.194156845840525,20
meps,gradual_global_mag0.5,lr,kl_divergence,BalAcc,-0.006390977443609033,0.22504193992321742,0.0065891332002873905,0.239441271833627,20
meps,gradual_global_mag0.5,lr,per_subgroup_ewma[min_neg],DI_star,nan,nan,nan,nan,0
meps,gradual_global_mag0.5,lr,per_subgroup_ewma[min_neg],AOD_star,nan,nan,nan,nan,0
meps,gradual_global_mag0.5,lr,per_subgroup_ewma[min_neg],BalAcc,nan,nan,nan,nan,0
meps,gradual_global_mag0.5,lr,per_subgroup_baseline_relative[min_neg],DI_star,nan,nan,nan,nan,0
meps,gradual_global_mag0.5,lr,per_subgroup_baseline_relative[min_neg],AOD_star,nan,nan,nan,nan,0
meps,gradual_global_mag0.5,lr,per_subgroup_baseline_relative[min_neg],BalAcc,nan,nan,nan,nan,0
meps,gradual_global_mag0.5,lr,per_subgroup_ewma[min_pos],DI_star,0.05774436090225564,0.16771495379578655,0.06332790747714664,0.16576996934764307,20
meps,gradual_global_mag0.5,lr,per_subgroup_ewma[min_pos],AOD_star,0.06165413533834585,0.2035848099240618,0.048643721695881006,0.1997018895152141,20
meps,gradual_global_mag0.5,lr,per_subgroup_ewma[min_pos],BalAcc,0.022556390977443608,0.20747084550055517,0.03378127618713463,0.23881451102220283,20
meps,gradual_global_mag0.5,lr,per_subgroup_baseline_relative[min_pos],DI_star,0.08751879699248119,0.21336888683706615,0.10615236608682033,0.20804317575647724,20
meps,gradual_global_mag0.5,lr,per_subgroup_baseline_relative[min_pos],AOD_star,0.034360902255639085,0.1933101715689578,0.06224693938124437,0.2086198992487049,20
meps,gradual_global_mag0.5,lr,per_subgroup_baseline_relative[min_pos],BalAcc,0.06345864661654135,0.27376913496902466,0.03691500350369949,0.22393848698877672,20
meps,gradual_global_mag0.5,lr,per_subgroup_ewma[maj_neg],DI_star,0.021418258667511837,0.2147604683317928,0.040910167771631124,0.2216174689041035,19
meps,gradual_global_mag0.5,lr,per_subgroup_ewma[maj_neg],AOD_star,0.049325830125872175,0.21518173411675723,0.04531612740849624,0.2265154864829986,19
meps,gradual_global_mag0.5,lr,per_subgroup_ewma[maj_neg],BalAcc,0.04483033062230438,0.2355798534885844,0.03652899581942846,0.2342108276799206,19
meps,gradual_global_mag0.5,lr,per_subgroup_baseline_relative[maj_neg],DI_star,-0.014009297396778916,0.15342214266063403,0.041595032722192615,0.17152595246758143,19
meps,gradual_global_mag0.5,lr,per_subgroup_baseline_relative[maj_neg],AOD_star,0.016268299548926432,0.2118091423937722,0.062087778109161704,0.22213584024045457,19
meps,gradual_global_mag0.5,lr,per_subgroup_baseline_relative[maj_neg],BalAcc,0.03234019188415769,0.21694350835287968,0.11359489545489944,0.1824158493246588,19
meps,gradual_global_mag0.5,lr,per_subgroup_ewma[maj_pos],DI_star,0.02052631578947369,0.16142580482376293,0.0349046614352313,0.16798695059208252,20
meps,gradual_global_mag0.5,lr,per_subgroup_ewma[maj_pos],AOD_star,0.06345864661654135,0.193357146913811,0.060438284753435934,0.20158057451347547,20
meps,gradual_global_mag0.5,lr,per_subgroup_ewma[maj_pos],BalAcc,0.014812030075187976,0.18352043517602523,0.022505990114086046,0.19859772306066636,20
meps,gradual_global_mag0.5,lr,per_subgroup_baseline_relative[maj_pos],DI_star,0.02142857142857143,0.1464972524172312,-0.01104409959170293,0.14557384149736943,20
meps,gradual_global_mag0.5,lr,per_subgroup_baseline_relative[maj_pos],AOD_star,0.0375187969924812,0.19359608687350405,-0.005295485458342087,0.19989670084148087,20
meps,gradual_global_mag0.5,lr,per_subgroup_baseline_relative[maj_pos],BalAcc,0.04270676691729323,0.21181314557443476,0.02498983854857768,0.2327023578535884,20
meps,gradual_global_mag0.5,xgb,global_mean,DI_star,-0.1310138073224757,0.24368772804668068,-0.15150229532065787,0.22923176438166903,20
meps,gradual_global_mag0.5,xgb,global_mean,AOD_star,-0.1106766917293233,0.23787382397172,-0.11033775395580406,0.22850890386238598,20
meps,gradual_global_mag0.5,xgb,global_mean,BalAcc,0.013909774436090223,0.18930107605045615,0.0009987890400428357,0.21242405750127674,20
meps,gradual_global_mag0.5,xgb,global_ewma,DI_star,-0.15045189143634768,0.23940148727947846,-0.18288747577244446,0.2235379184241479,20
meps,gradual_global_mag0.5,xgb,global_ewma,AOD_star,-0.09774436090225563,0.2258519464198227,-0.1258959273531318,0.21893331900106328,20
meps,gradual_global_mag0.5,xgb,global_ewma,BalAcc,-0.0039849624060150305,0.20461478749405135,-0.020651110219246576,0.2129370647404747,20
meps,gradual_global_mag0.5,xgb,global_std,DI_star,0.18169262020957358,0.21574559320360043,0.19135880238825792,0.20502347060547255,20
meps,gradual_global_mag0.5,xgb,global_std,AOD_star,0.10443609022556388,0.20110805889856523,0.10897709565065954,0.19765292040116392,20
meps,gradual_global_mag0.5,xgb,global_std,BalAcc,0.04654135338345863,0.22459313657590646,0.03827515607315323,0.2209906874368042,20
meps,gradual_global_mag0.5,xgb,subgroup_violation_diff,DI_star,0.08319349483349636,0.22506230231517707,0.021718557803925266,0.21505904748917773,20
meps,gradual_global_mag0.5,xgb,subgroup_violation_diff,AOD_star,0.06015037593984962,0.22259042617216518,-0.0018119836645572463,0.20961533297064056,20
meps,gradual_global_mag0.5,xgb,subgroup_violation_diff,BalAcc,0.05616541353383457,0.27267983722455325,0.008617252279963938,0.2714293005844449,20
meps,gradual_global_mag0.5,xgb,max_subgroup_deviation,DI_star,-0.003606222628128504,0.19424245061275186,-0.0386675341938324,0.2096646472541618,20
meps,gradual_global_mag0.5,xgb,max_subgroup_deviation,AOD_star,0.0027835669671267458,0.22952288008752048,-0.0420310977782735,0.2254677939263402,20
meps,gradual_global_mag0.5,xgb,max_subgroup_deviation,BalAcc,0.08812298755172752,0.273961976429923,0.013278948990141065,0.2883249434207619,20
meps,gradual_global_mag0.5,xgb,assignment_proportion_drift,DI_star,-0.010631380664063196,0.2335089896927851,-0.030806491002967052,0.22693965816666364,20
meps,gradual_global_mag0.5,xgb,assignment_proportion_drift,AOD_star,-0.008897109175801807,0.1994644472978178,-0.03247990505254976,0.22605859261959954,20
meps,gradual_global_mag0.5,xgb,assignment_proportion_drift,BalAcc,-0.0040861191059130275,0.29418962927378123,-0.006004166852915127,0.29065109781960335,20
meps,gradual_global_mag0.5,xgb,ks_statistic,DI_star,-0.14605312651576147,0.22808339500847793,-0.0892964850874371,0.22440449223299605,20
meps,gradual_global_mag0.5,xgb,ks_statistic,AOD_star,-0.10781954887218044,0.21602177640368517,-0.0686424553949371,0.23738236354590145,20
meps,gradual_global_mag0.5,xgb,ks_statistic,BalAcc,-0.01421052631578947,0.23589402076511434,-0.004226475579210354,0.2846002847942984,20
meps,gradual_global_mag0.5,xgb,kl_divergence,DI_star,-0.14184463651143558,0.21340799365738577,-0.1282838164666658,0.23535543598216843,20
meps,gradual_global_mag0.5,xgb,kl_divergence,AOD_star,-0.13669172932330825,0.1781329162688443,-0.11543176562641358,0.22110917457088441,20
meps,gradual_global_mag0.5,xgb,kl_divergence,BalAcc,-0.0034586466165413554,0.22913913472093578,-0.01954232299973488,0.24929669007262428,20
meps,gradual_global_mag0.5,xgb,per_subgroup_ewma[min_neg],DI_star,nan,nan,nan,nan,0
meps,gradual_global_mag0.5,xgb,per_subgroup_ewma[min_neg],AOD_star,nan,nan,nan,nan,0
meps,gradual_global_mag0.5,xgb,per_subgroup_ewma[min_neg],BalAcc,nan,nan,nan,nan,0
meps,gradual_global_mag0.5,xgb,per_subgroup_baseline_relative[min_neg],DI_star,nan,nan,nan,nan,0
meps,gradual_global_mag0.5,xgb,per_subgroup_baseline_relative[min_neg],AOD_star,nan,nan,nan,nan,0
meps,gradual_global_mag0.5,xgb,per_subgroup_baseline_relative[min_neg],BalAcc,nan,nan,nan,nan,0
meps,gradual_global_mag0.5,xgb,per_subgroup_ewma[min_pos],DI_star,-0.1534212364652527,0.24590622315263588,-0.1481964198168349,0.23790260215692485,20
meps,gradual_global_mag0.5,xgb,per_subgroup_ewma[min_pos],AOD_star,-0.10360902255639097,0.23308605382025638,-0.10346724991050915,0.23420692935092535,20
meps,gradual_global_mag0.5,xgb,per_subgroup_ewma[min_pos],BalAcc,-0.0037593984962406013,0.21802411099271735,-0.01197003574796283,0.24743511221562947,20
meps,gradual_global_mag0.5,xgb,per_subgroup_baseline_relative[min_pos],DI_star,-0.007783298287141966,0.25059286370812645,-0.04672146321502416,0.23220654733841078,20
meps,gradual_global_mag0.5,xgb,per_subgroup_baseline_relative[min_pos],AOD_star,-0.02150375939849623,0.2606180766914584,-0.05155531993125375,0.23528261198752412,20
meps,gradual_global_mag0.5,xgb,per_subgroup_baseline_relative[min_pos],BalAcc,0.0994736842105263,0.2651095300445818,0.007827058946373155,0.27591878189289165,20
meps,gradual_global_mag0.5,xgb,per_subgroup_ewma[maj_neg],DI_star,-0.03919081756629066,0.2726139055947434,-0.03422419514743319,0.28272258510358306,19
meps,gradual_global_mag0.5,xgb,per_subgroup_ewma[maj_neg],AOD_star,-0.002647232615583214,0.2388729918725539,-0.02296467687979634,0.2245172811816111,19
meps,gradual_global_mag0.5,xgb,per_subgroup_ewma[maj_neg],BalAcc,0.03695596176635976,0.22803385094082726,0.0011864004120456107,0.22732424598206658,19
meps,gradual_global_mag0.5,xgb,per_subgroup_baseline_relative[maj_neg],DI_star,0.027694225138122995,0.19549946732864704,0.024258953748367756,0.21848622763845255,19
meps,gradual_global_mag0.5,xgb,per_subgroup_baseline_relative[maj_neg],AOD_star,0.035214102073140144,0.18667406508926632,0.03160010059697997,0.20813880518599218,19
meps,gradual_global_mag0.5,xgb,per_subgroup_baseline_relative[maj_neg],BalAcc,0.04520663832827746,0.2431829289552419,0.09955027211647564,0.20421974249915206,19
meps,gradual_global_mag0.5,xgb,per_subgroup_ewma[maj_pos],DI_star,-0.1760888397408303,0.23614862628321684,-0.1854424762003431,0.2103409088219265,20
meps,gradual_global_mag0.5,xgb,per_subgroup_ewma[maj_pos],AOD_star,-0.11691729323308268,0.1891511008596397,-0.1278114656400367,0.1999299134724242,20
meps,gradual_global_mag0.5,xgb,per_subgroup_ewma[maj_pos],BalAcc,-0.023007518796992477,0.18854294612874992,-0.030000635870258335,0.19830168062925768,20
meps,gradual_global_mag0.5,xgb,per_subgroup_baseline_relative[maj_pos],DI_star,-0.17210534800420574,0.2247913331857421,-0.191615600175557,0.20306687477272958,20
meps,gradual_global_mag0.5,xgb,per_subgroup_baseline_relative[maj_pos],AOD_star,-0.1362406015037594,0.1998045288203567,-0.1361707536027546,0.1972922369291588,20
meps,gradual_global_mag0.5,xgb,per_subgroup_baseline_relative[maj_pos],BalAcc,-0.003984962406015049,0.1826769213532886,-0.009487116286352923,0.19708198778520622,20
meps,gradual_global_mag1.0,lr,global_mean,DI_star,0.08233082706766917,0.1978920372556229,0.07546985390242389,0.20621256751950137,20
meps,gradual_global_mag1.0,lr,global_mean,AOD_star,0.06834586466165413,0.21062751327177517,0.04870780332627149,0.2370730258157674,20
meps,gradual_global_mag1.0,lr,global_mean,BalAcc,0.0004511278195488827,0.22401780898815188,0.017803904390257384,0.24062027434448705,20
meps,gradual_global_mag1.0,lr,global_ewma,DI_star,0.063984962406015,0.189713105087844,0.06003972857125448,0.1900563152123326,20
meps,gradual_global_mag1.0,lr,global_ewma,AOD_star,0.05947368421052631,0.2128201963563631,0.05238277789553136,0.22887905765886207,20
meps,gradual_global_mag1.0,lr,global_ewma,BalAcc,-0.007669172932330821,0.21707687540214948,0.013617113748691822,0.21423583763798565,20
meps,gradual_global_mag1.0,lr,global_std,DI_star,-0.013684210526315794,0.2064831408778626,-0.03175539243110786,0.20693317897679822,20
meps,gradual_global_mag1.0,lr,global_std,AOD_star,-0.03593984962406015,0.20661123325529931,-0.03796111005512921,0.2239487926543971,20
meps,gradual_global_mag1.0,lr,global_std,BalAcc,0.026842105263157882,0.24142166368380483,0.0037750154856323243,0.25170102804968897,20
meps,gradual_global_mag1.0,lr,subgroup_violation_diff,DI_star,0.09300751879699248,0.18052521975159944,0.09569938560596876,0.21011170419748365,20
meps,gradual_global_mag1.0,lr,subgroup_violation_diff,AOD_star,0.0406766917293233,0.18772343236728503,0.055241298383126566,0.19876061220822877,20
meps,gradual_global_mag1.0,lr,subgroup_violation_diff,BalAcc,0.028796992481202988,0.23475811871032848,0.016526194440579685,0.2076179521610841,20
meps,gradual_global_mag1.0,lr,max_subgroup_deviation,DI_star,0.07593984962406014,0.16152329028794596,0.09876305683953972,0.19835790111568216,20
meps,gradual_global_mag1.0,lr,max_subgroup_deviation,AOD_star,0.05090225563909775,0.17482603226321808,0.05633880116799295,0.19807237924609,20
meps,gradual_global_mag1.0,lr,max_subgroup_deviation,BalAcc,0.06977443609022557,0.24489560931278817,0.03253119720965773,0.22779058038163383,20
meps,gradual_global_mag1.0,lr,assignment_proportion_drift,DI_star,0.034865716703952596,0.1874475724758793,0.07581325876303315,0.21041513112810042,20
meps,gradual_global_mag1.0,lr,assignment_proportion_drift,AOD_star,-0.004038798320671486,0.2214461767064417,0.0359185725807891,0.20379497423783477,20
meps,gradual_global_mag1.0,lr,assignment_proportion_drift,BalAcc,0.02311694347917535,0.2219649781574384,0.010740268953961189,0.2186054338176933,20
meps,gradual_global_mag1.0,lr,ks_statistic,DI_star,0.06090225563909772,0.19564741967933214,0.09063938543763142,0.2117475465940367,20
meps,gradual_global_mag1.0,lr,ks_statistic,AOD_star,0.0588721804511278,0.19912424862769165,0.061308329566915384,0.225545422773892,20
meps,gradual_global_mag1.0,lr,ks_statistic,BalAcc,-0.016842105263157887,0.21834182560111817,0.016646997669538716,0.2236672048006968,20
meps,gradual_global_mag1.0,lr,kl_divergence,DI_star,0.02804511278195489,0.22929903729566864,0.06606351103435497,0.22401627398973595,20
meps,gradual_global_mag1.0,lr,kl_divergence,AOD_star,0.015939849624060153,0.24256594660684758,0.05349845509496646,0.2358884574183073,20
meps,gradual_global_mag1.0,lr,kl_divergence,BalAcc,0.030225563909774433,0.2607043083453873,0.034885939297797985,0.24971459125356996,20
meps,gradual_global_mag1.0,lr,per_subgroup_ewma[min_neg],DI_star,nan,nan,nan,nan,0
meps,gradual_global_mag1.0,lr,per_subgroup_ewma[min_neg],AOD_star,nan,nan,nan,nan,0
meps,gradual_global_mag1.0,lr,per_subgroup_ewma[min_neg],BalAcc,nan,nan,nan,nan,0
meps,gradual_global_mag1.0,lr,per_subgroup_baseline_relative[min_neg],DI_star,nan,nan,nan,nan,0
meps,gradual_global_mag1.0,lr,per_subgroup_baseline_relative[min_neg],AOD_star,nan,nan,nan,nan,0
meps,gradual_global_mag1.0,lr,per_subgroup_baseline_relative[min_neg],BalAcc,nan,nan,nan,nan,0
meps,gradual_global_mag1.0,lr,per_subgroup_ewma[min_pos],DI_star,0.06909774436090224,0.2018913761482064,0.06367248311836962,0.18854154771069692,20
meps,gradual_global_mag1.0,lr,per_subgroup_ewma[min_pos],AOD_star,0.06285714285714286,0.2086075828826892,0.04720662081608627,0.2144864872496085,20
meps,gradual_global_mag1.0,lr,per_subgroup_ewma[min_pos],BalAcc,-0.010300751879699232,0.21250268609902084,0.017177112738063237,0.23427494347747402,20
meps,gradual_global_mag1.0,lr,per_subgroup_baseline_relative[min_pos],DI_star,0.08473684210526315,0.19623125319824616,0.09922128606012229,0.22128809457048487,20
meps,gradual_global_mag1.0,lr,per_subgroup_baseline_relative[min_pos],AOD_star,0.04413533834586466,0.16423591406379476,0.05899585702657525,0.2113266371741901,20
meps,gradual_global_mag1.0,lr,per_subgroup_baseline_relative[min_pos],BalAcc,0.06714285714285714,0.2505464771784368,0.02305202793652292,0.227961860224609,20
meps,gradual_global_mag1.0,lr,per_subgroup_ewma[maj_neg],DI_star,0.02047200332235487,0.2202955821412104,0.025481808089640536,0.2372114610303521,19
meps,gradual_global_mag1.0,lr,per_subgroup_ewma[maj_neg],AOD_star,0.020397742855026445,0.20482788997215418,0.004908505507676662,0.24263720323893395,19
meps,gradual_global_mag1.0,lr,per_subgroup_ewma[maj_neg],BalAcc,0.06351749764893704,0.21076519586069345,0.05229159610098844,0.20773379190594474,19
meps,gradual_global_mag1.0,lr,per_subgroup_baseline_relative[maj_neg],DI_star,-0.01697923343970764,0.21289214246537036,0.031156850351063404,0.23926467248362362,19
meps,gradual_global_mag1.0,lr,per_subgroup_baseline_relative[maj_neg],AOD_star,-0.03651554572508562,0.26317002140724305,0.012030842276777387,0.2661173901695017,19
meps,gradual_global_mag1.0,lr,per_subgroup_baseline_relative[maj_neg],BalAcc,0.005505784053320507,0.24334357993735298,0.035651133915963445,0.23804875574399362,19
meps,gradual_global_mag1.0,lr,per_subgroup_ewma[maj_pos],DI_star,0.025864661654135333,0.1703631315321733,0.05082954084642562,0.1907079927221238,20
meps,gradual_global_mag1.0,lr,per_subgroup_ewma[maj_pos],AOD_star,0.03706766917293235,0.2054771943097907,0.053086593899512556,0.2326620714535756,20
meps,gradual_global_mag1.0,lr,per_subgroup_ewma[maj_pos],BalAcc,-0.010000000000000005,0.20921572455694668,0.012151273639385972,0.20047641090718094,20
meps,gradual_global_mag1.0,lr,per_subgroup_baseline_relative[maj_pos],DI_star,0.03827067669172932,0.17193400953571525,0.0369467111173802,0.18366175899665693,20
meps,gradual_global_mag1.0,lr,per_subgroup_baseline_relative[maj_pos],AOD_star,0.03721804511278196,0.20329629975434796,0.024077144902576057,0.2312608164352182,20
meps,gradual_global_mag1.0,lr,per_subgroup_baseline_relative[maj_pos],BalAcc,-0.00684210526315789,0.2148668942334969,0.008118573542231586,0.23799986832666575,20
meps,gradual_global_mag1.0,xgb,global_mean,DI_star,0.08511278195488721,0.31932797318364153,0.148499689460214,0.35407261063458906,20
meps,gradual_global_mag1.0,xgb,global_mean,AOD_star,-0.4173684210526315,0.24224414594020113,-0.38267219686358483,0.23687545823716877,20
meps,gradual_global_mag1.0,xgb,global_mean,BalAcc,-0.4506862793624645,0.18721962682157306,-0.4756924619275952,0.16261817144643326,20
meps,gradual_global_mag1.0,xgb,global_ewma,DI_star,0.06789473684210526,0.3414707078691174,0.1495666875161582,0.39385460193011484,20
meps,gradual_global_mag1.0,xgb,global_ewma,AOD_star,-0.4318045112781954,0.2449269441738942,-0.4404803603614777,0.21931287628514767,20
meps,gradual_global_mag1.0,xgb,global_ewma,BalAcc,-0.46200256377296284,0.16886939183112715,-0.5226924238086957,0.1691441038329384,20
meps,gradual_global_mag1.0,xgb,global_std,DI_star,-0.09037593984962404,0.299805616637746,-0.13531428925204955,0.3545444907936731,20
meps,gradual_global_mag1.0,xgb,global_std,AOD_star,0.30488721804511276,0.28140151210058134,0.32687720609693477,0.24219243553946632,20
meps,gradual_global_mag1.0,xgb,global_std,BalAcc,0.44079901889419626,0.11189587750783778,0.47168604721893664,0.1344798569019664,20
meps,gradual_global_mag1.0,xgb,subgroup_violation_diff,DI_star,-0.11834586466165412,0.2246307011318927,-0.09372121705244643,0.22053458610860777,20
meps,gradual_global_mag1.0,xgb,subgroup_violation_diff,AOD_star,0.08609022556390977,0.22836005016333263,-0.0416748772337566,0.22086489822967964,20
meps,gradual_global_mag1.0,xgb,subgroup_violation_diff,BalAcc,0.20583310589830464,0.2228623305882414,0.06093490248379796,0.22783297069934458,20
meps,gradual_global_mag1.0,xgb,max_subgroup_deviation,DI_star,0.0719548872180451,0.213840865256845,0.05072072549028952,0.22944535406961408,20
meps,gradual_global_mag1.0,xgb,max_subgroup_deviation,AOD_star,-0.2087218045112782,0.24563742919635556,-0.2280615854720252,0.2080045363338706,20
meps,gradual_global_mag1.0,xgb,max_subgroup_deviation,BalAcc,-0.1809016334328172,0.25521250457549755,-0.23193926335859932,0.19616307064129332,20
meps,gradual_global_mag1.0,xgb,assignment_proportion_drift,DI_star,-0.12226890777524421,0.20906757853066252,-0.05290845564415716,0.21235329561702487,20
meps,gradual_global_mag1.0,xgb,assignment_proportion_drift,AOD_star,0.06929142620845025,0.21465373815915595,-0.09611417401870395,0.21787989505730476,20
meps,gradual_global_mag1.0,xgb,assignment_proportion_drift,BalAcc,0.17344052857643333,0.2230626044274634,-0.043878303477743165,0.20504481637503283,20
meps,gradual_global_mag1.0,xgb,ks_statistic,DI_star,0.07473684210526314,0.3487444995808566,0.1273467750270928,0.35554403072670854,20
meps,gradual_global_mag1.0,xgb,ks_statistic,AOD_star,-0.43,0.23316490183029503,-0.3738022944704382,0.2129595863807053,20
meps,gradual_global_mag1.0,xgb,ks_statistic,BalAcc,-0.46749012601122397,0.17570386095892232,-0.440160587498592,0.1835839821023992,20
meps,gradual_global_mag1.0,xgb,kl_divergence,DI_star,-0.038496240601503764,0.24660617986669053,0.03350760843630585,0.2584592572380042,20
meps,gradual_global_mag1.0,xgb,kl_divergence,AOD_star,-0.23894736842105263,0.22125707900132183,-0.24617212970206856,0.20753352296294952,20
meps,gradual_global_mag1.0,xgb,kl_divergence,BalAcc,-0.1573720411619002,0.18041816763154808,-0.24458252168288164,0.18114110548678328,20
meps,gradual_global_mag1.0,xgb,per_subgroup_ewma[min_neg],DI_star,nan,nan,nan,nan,0
meps,gradual_global_mag1.0,xgb,per_subgroup_ewma[min_neg],AOD_star,nan,nan,nan,nan,0
meps,gradual_global_mag1.0,xgb,per_subgroup_ewma[min_neg],BalAcc,nan,nan,nan,nan,0
meps,gradual_global_mag1.0,xgb,per_subgroup_baseline_relative[min_neg],DI_star,nan,nan,nan,nan,0
meps,gradual_global_mag1.0,xgb,per_subgroup_baseline_relative[min_neg],AOD_star,nan,nan,nan,nan,0
meps,gradual_global_mag1.0,xgb,per_subgroup_baseline_relative[min_neg],BalAcc,nan,nan,nan,nan,0
meps,gradual_global_mag1.0,xgb,per_subgroup_ewma[min_pos],DI_star,0.05857142857142857,0.34381132065005415,0.052673558872483574,0.3449593673449616,20
meps,gradual_global_mag1.0,xgb,per_subgroup_ewma[min_pos],AOD_star,-0.4361654135338345,0.23410181041662503,-0.40502250794245775,0.2065027201631596,20
meps,gradual_global_mag1.0,xgb,per_subgroup_ewma[min_pos],BalAcc,-0.45764118072156146,0.17083531992564685,-0.40210577003192827,0.1803019670165144,20
meps,gradual_global_mag1.0,xgb,per_subgroup_baseline_relative[min_pos],DI_star,-0.005187969924812022,0.3065735329569877,0.021121471176145316,0.2630062105540815,20
meps,gradual_global_mag1.0,xgb,per_subgroup_baseline_relative[min_pos],AOD_star,-0.2424812030075188,0.29388317180917556,-0.23250037570033602,0.21651441353231085,20
meps,gradual_global_mag1.0,xgb,per_subgroup_baseline_relative[min_pos],BalAcc,-0.14202557833348778,0.2531478054930542,-0.21825985131424094,0.19296849325618715,20
meps,gradual_global_mag1.0,xgb,per_subgroup_ewma[maj_neg],DI_star,-0.08692339289136038,0.32732544325580026,-0.0059503341834206205,0.3399810932717113,19
meps,gradual_global_mag1.0,xgb,per_subgroup_ewma[maj_neg],AOD_star,-0.09309675056451212,0.34480298265138903,-0.15038683304423076,0.2869180230542237,19
meps,gradual_global_mag1.0,xgb,per_subgroup_ewma[maj_neg],BalAcc,-0.06472377596137091,0.3512039982879491,-0.15202457502159944,0.33639328144508646,19
meps,gradual_global_mag1.0,xgb,per_subgroup_baseline_relative[maj_neg],DI_star,-0.006897005423038721,0.25716481982425743,0.03456452679769454,0.2382553409552104,19
meps,gradual_global_mag1.0,xgb,per_subgroup_baseline_relative[maj_neg],AOD_star,0.019974246803412764,0.21921548280661657,-0.031322007562161434,0.2101266396328629,19
meps,gradual_global_mag1.0,xgb,per_subgroup_baseline_relative[maj_neg],BalAcc,0.053159333014790144,0.176759282560965,-0.018087436159204398,0.20561858624693108,19
meps,gradual_global_mag1.0,xgb,per_subgroup_ewma[maj_pos],DI_star,0.05518796992481202,0.34235720707078565,0.21844682136078514,0.4178170123679908,20
meps,gradual_global_mag1.0,xgb,per_subgroup_ewma[maj_pos],AOD_star,-0.4394736842105263,0.22593847346734144,-0.4232301799612438,0.2508760798139149,20
meps,gradual_global_mag1.0,xgb,per_subgroup_ewma[maj_pos],BalAcc,-0.4710252050102512,0.16340329076896112,-0.5752126794576194,0.17018689019366243,20
meps,gradual_global_mag1.0,xgb,per_subgroup_baseline_relative[maj_pos],DI_star,0.062030075187969935,0.31790941665197253,0.20003538871409843,0.3814934036197061,20
meps,gradual_global_mag1.0,xgb,per_subgroup_baseline_relative[maj_pos],AOD_star,-0.4297744360902255,0.24404796619251354,-0.38978492345342197,0.270667381005031,20
meps,gradual_global_mag1.0,xgb,per_subgroup_baseline_relative[maj_pos],BalAcc,-0.4586191616905535,0.16454615048734064,-0.5440360518630172,0.15109030173180288,20
meps,gradual_global_mag2.0,lr,global_mean,DI_star,0.07774436090225562,0.23186833788224118,0.0935662656849954,0.2400212036153928,20
meps,gradual_global_mag2.0,lr,global_mean,AOD_star,0.05157894736842106,0.21436621624657343,0.0422227212501722,0.23517354964454712,20
meps,gradual_global_mag2.0,lr,global_mean,BalAcc,-0.0074826029716500405,0.25921272543689117,0.005007151563630623,0.24607572260284336,20
meps,gradual_global_mag2.0,lr,global_ewma,DI_star,0.06842105263157895,0.2277143110367862,0.07976143092939603,0.2330180333332349,20
meps,gradual_global_mag2.0,lr,global_ewma,AOD_star,0.04999999999999999,0.21351417626338182,0.042804721544128205,0.2303803634239808,20
meps,gradual_global_mag2.0,lr,global_ewma,BalAcc,-0.0056029037235297355,0.2602671393505738,0.004162765106943618,0.2376185388351914,20
meps,gradual_global_mag2.0,lr,global_std,DI_star,-0.06263157894736843,0.24510552828420132,-0.06472222453923039,0.24880506400716967,20
meps,gradual_global_mag2.0,lr,global_std,AOD_star,-0.03360902255639097,0.17561648518048945,-0.02816110397578544,0.20017245129781686,20
meps,gradual_global_mag2.0,lr,global_std,BalAcc,0.015075994009879176,0.2554547397434068,0.016478805128898228,0.2584148352469635,20
meps,gradual_global_mag2.0,lr,subgroup_violation_diff,DI_star,0.07406015037593985,0.18062202120938323,0.06282267676237285,0.2114323635036593,20
meps,gradual_global_mag2.0,lr,subgroup_violation_diff,AOD_star,0.030751879699248124,0.2504729993181219,0.016758962028753682,0.2466253420186049,20
meps,gradual_global_mag2.0,lr,subgroup_violation_diff,BalAcc,0.03568224916269278,0.20117869741585037,0.03372915447946024,0.18538606339351252,20
meps,gradual_global_mag2.0,lr,max_subgroup_deviation,DI_star,0.08157894736842104,0.20556994617424768,0.12362561948527195,0.23503957375641674,20
meps,gradual_global_mag2.0,lr,max_subgroup_deviation,AOD_star,0.05842105263157895,0.19687609200150843,0.07263979515154118,0.23794162962997084,20
meps,gradual_global_mag2.0,lr,max_subgroup_deviation,BalAcc,-0.012405279702898783,0.2527985529515901,0.01640344990472236,0.24359164355068788,20
meps,gradual_global_mag2.0,lr,assignment_proportion_drift,DI_star,0.08280893017430865,0.215373768297209,0.1110626876089917,0.20800854266520077,20
meps,gradual_global_mag2.0,lr,assignment_proportion_drift,AOD_star,0.09962847398652562,0.21111402893777562,0.07178970355768106,0.23094679768471835,20
meps,gradual_global_mag2.0,lr,assignment_proportion_drift,BalAcc,0.003680440196486566,0.25911211549261237,0.010873014043626072,0.2348502694645231,20
meps,gradual_global_mag2.0,lr,ks_statistic,DI_star,0.06270676691729322,0.23853582240827872,0.09565756078804181,0.2318713651344756,20
meps,gradual_global_mag2.0,lr,ks_statistic,AOD_star,0.04135338345864661,0.2027397286959901,0.04497696725836388,0.2266182787186671,20
meps,gradual_global_mag2.0,lr,ks_statistic,BalAcc,-0.01755895050782495,0.2549261409905403,0.01230735484791472,0.25635312652858794,20
meps,gradual_global_mag2.0,lr,kl_divergence,DI_star,0.0693984962406015,0.28905028111412456,0.0981114209038034,0.27814134174130034,20
meps,gradual_global_mag2.0,lr,kl_divergence,AOD_star,0.02360902255639096,0.2232128603041152,0.03642804388055705,0.23506871952537806,20
meps,gradual_global_mag2.0,lr,kl_divergence,BalAcc,0.007329285693019635,0.2515204198507169,0.008031963791806988,0.23941046549456962,20
meps,gradual_global_mag2.0,lr,per_subgroup_ewma[min_neg],DI_star,nan,nan,nan,nan,0
meps,gradual_global_mag2.0,lr,per_subgroup_ewma[min_neg],AOD_star,nan,nan,nan,nan,0
meps,gradual_global_mag2.0,lr,per_subgroup_ewma[min_neg],BalAcc,nan,nan,nan,nan,0
meps,gradual_global_mag2.0,lr,per_subgroup_baseline_relative[min_neg],DI_star,nan,nan,nan,nan,0
meps,gradual_global_mag2.0,lr,per_subgroup_baseline_relative[min_neg],AOD_star,nan,nan,nan,nan,0
meps,gradual_global_mag2.0,lr,per_subgroup_baseline_relative[min_neg],BalAcc,nan,nan,nan,nan,0
meps,gradual_global_mag2.0,lr,per_subgroup_ewma[min_pos],DI_star,0.06947368421052631,0.2287502268628047,0.0751876016119822,0.2295639594826666,20
meps,gradual_global_mag2.0,lr,per_subgroup_ewma[min_pos],AOD_star,0.05127819548872179,0.2142943673229831,0.02838041220061869,0.2268918843003248,20
meps,gradual_global_mag2.0,lr,per_subgroup_ewma[min_pos],BalAcc,-0.009174940360187036,0.25665549101317975,0.006374451451980324,0.2566214438687871,20
meps,gradual_global_mag2.0,lr,per_subgroup_baseline_relative[min_pos],DI_star,0.07030075187969922,0.1986988456777565,0.11667307663648194,0.23211758164290483,20
meps,gradual_global_mag2.0,lr,per_subgroup_baseline_relative[min_pos],AOD_star,0.037518796992481195,0.2093616954473908,0.05148939830134789,0.23861919967861933,20
meps,gradual_global_mag2.0,lr,per_subgroup_baseline_relative[min_pos],BalAcc,-0.014851221999007246,0.27134273104398304,0.01665319289395334,0.25292413128375546,20
meps,gradual_global_mag2.0,lr,per_subgroup_ewma[maj_neg],DI_star,0.05926287438154194,0.16890858275242673,0.04578439110455602,0.19285943645157153,19
meps,gradual_global_mag2.0,lr,per_subgroup_ewma[maj_neg],AOD_star,0.11244444680456321,0.19039216998283556,0.10730825130967676,0.21855867406826401,19
meps,gradual_global_mag2.0,lr,per_subgroup_ewma[maj_neg],BalAcc,0.04223680908418284,0.23067202572224707,0.05358971592871372,0.23987632100861,19
meps,gradual_global_mag2.0,lr,per_subgroup_baseline_relative[maj_neg],DI_star,0.03526956419487977,0.20961276479020743,0.09587294129428592,0.1535600373856327,19
meps,gradual_global_mag2.0,lr,per_subgroup_baseline_relative[maj_neg],AOD_star,0.030627240502763525,0.23626981457138332,0.10423025743802206,0.18754385826175718,19
meps,gradual_global_mag2.0,lr,per_subgroup_baseline_relative[maj_neg],BalAcc,0.029112363878639632,0.2076868356055551,0.05598041455331995,0.21158453928709092,19
meps,gradual_global_mag2.0,lr,per_subgroup_ewma[maj_pos],DI_star,0.05218045112781955,0.22720112594561911,0.08353350669293766,0.23601617421248636,20
meps,gradual_global_mag2.0,lr,per_subgroup_ewma[maj_pos],AOD_star,0.0387218045112782,0.20821767192837695,0.051012771801464185,0.23432734229440655,20
meps,gradual_global_mag2.0,lr,per_subgroup_ewma[maj_pos],BalAcc,-0.01661894533219468,0.26011814302591724,0.00548813248170988,0.22124605858351304,20
meps,gradual_global_mag2.0,lr,per_subgroup_baseline_relative[maj_pos],DI_star,0.057293233082706764,0.22660107415621664,0.07970533766354673,0.2438822897606154,20
meps,gradual_global_mag2.0,lr,per_subgroup_baseline_relative[maj_pos],AOD_star,0.03729323308270676,0.20895904265736379,0.03915483497650881,0.23552747597051346,20
meps,gradual_global_mag2.0,lr,per_subgroup_baseline_relative[maj_pos],BalAcc,-0.02846264853420944,0.2680417252786303,0.0012474263840827602,0.2307127021725146,20
meps,gradual_global_mag2.0,xgb,global_mean,DI_star,0.7045710542795484,0.19887678373361006,0.7352046190654346,0.12865354481224076,20
meps,gradual_global_mag2.0,xgb,global_mean,AOD_star,0.3248702376033759,0.19288442557415747,0.3276130645814855,0.19880609977758426,20
meps,gradual_global_mag2.0,xgb,global_mean,BalAcc,-0.8177794074924798,0.09086383086715079,-0.8136060111678729,0.08046056580078018,20
meps,gradual_global_mag2.0,xgb,global_ewma,DI_star,0.6998540395623427,0.19718067245404178,0.8102102859224569,0.11541183869595349,20
meps,gradual_global_mag2.0,xgb,global_ewma,AOD_star,0.32249286218590434,0.19135584572907952,0.41739970517811137,0.19091938841718067,20
meps,gradual_global_mag2.0,xgb,global_ewma,BalAcc,-0.8211379219711302,0.0918159372053848,-0.8715408224907355,0.062417171529652385,20
meps,gradual_global_mag2.0,xgb,global_std,DI_star,-0.40622930744573604,0.3068879537639324,-0.41241804077159355,0.20214188179836673,20
meps,gradual_global_mag2.0,xgb,global_std,AOD_star,0.09377425257804496,0.3031512058737242,-0.006302689448401388,0.24325198135772222,20
meps,gradual_global_mag2.0,xgb,global_std,BalAcc,0.5357396635213298,0.18459778667619703,0.5485213254383046,0.14795366031416823,20
meps,gradual_global_mag2.0,xgb,subgroup_violation_diff,DI_star,-0.366078078172883,0.17402569894652187,-0.38560871483843967,0.16167764705655233,20
meps,gradual_global_mag2.0,xgb,subgroup_violation_diff,AOD_star,-0.34864399177809147,0.16572600948170038,-0.3173736168842059,0.15377300253965726,20
meps,gradual_global_mag2.0,xgb,subgroup_violation_diff,BalAcc,0.3254740154871782,0.19470811049153164,0.3475316366931508,0.19006784345292846,20
meps,gradual_global_mag2.0,xgb,max_subgroup_deviation,DI_star,0.6800048416323421,0.16290503267127326,0.6961724354908876,0.09986839035031206,20
meps,gradual_global_mag2.0,xgb,max_subgroup_deviation,AOD_star,0.36407806393278785,0.15763951424124742,0.36719074689830106,0.15564218147204367,20
meps,gradual_global_mag2.0,xgb,max_subgroup_deviation,BalAcc,-0.7701941630253109,0.103582309435439,-0.744034202813769,0.08379850280015713,20
meps,gradual_global_mag2.0,xgb,assignment_proportion_drift,DI_star,0.2171252758729878,0.3249546123043879,0.3136116059384223,0.2471993615844711,20
meps,gradual_global_mag2.0,xgb,assignment_proportion_drift,AOD_star,0.2603210388291717,0.2454346715705143,0.16178616329406603,0.20241944327469266,20
meps,gradual_global_mag2.0,xgb,assignment_proportion_drift,BalAcc,-0.24224789835426525,0.2926998107749049,-0.341279989596472,0.23279098841986537,20
meps,gradual_global_mag2.0,xgb,ks_statistic,DI_star,0.698684219912476,0.19674438923016854,0.6427010721317241,0.13298970040718633,20
meps,gradual_global_mag2.0,xgb,ks_statistic,AOD_star,0.3200400145329575,0.18810528866584306,0.22922892910824194,0.19449556960248318,20
meps,gradual_global_mag2.0,xgb,ks_statistic,BalAcc,-0.8261568256302368,0.0890726747524728,-0.739796072853707,0.08798791939780617,20
meps,gradual_global_mag2.0,xgb,kl_divergence,DI_star,0.3891725822283211,0.1907857317300254,0.41640958188402805,0.12720298728773094,20
meps,gradual_global_mag2.0,xgb,kl_divergence,AOD_star,0.10117053165462316,0.2138526101811576,0.08958469659490831,0.17641479850242017,20
meps,gradual_global_mag2.0,xgb,kl_divergence,BalAcc,-0.49490918412919915,0.13892486528051878,-0.5079850168909513,0.11627712451574833,20
meps,gradual_global_mag2.0,xgb,per_subgroup_ewma[min_neg],DI_star,nan,nan,nan,nan,0
meps,gradual_global_mag2.0,xgb,per_subgroup_ewma[min_neg],AOD_star,nan,nan,nan,nan,0
meps,gradual_global_mag2.0,xgb,per_subgroup_ewma[min_neg],BalAcc,nan,nan,nan,nan,0
meps,gradual_global_mag2.0,xgb,per_subgroup_baseline_relative[min_neg],DI_star,nan,nan,nan,nan,0
meps,gradual_global_mag2.0,xgb,per_subgroup_baseline_relative[min_neg],AOD_star,nan,nan,nan,nan,0
meps,gradual_global_mag2.0,xgb,per_subgroup_baseline_relative[min_neg],BalAcc,nan,nan,nan,nan,0
meps,gradual_global_mag2.0,xgb,per_subgroup_ewma[min_pos],DI_star,0.6997030950913922,0.19715652101795744,0.6650931106415913,0.13368803708316393,20
meps,gradual_global_mag2.0,xgb,per_subgroup_ewma[min_pos],AOD_star,0.3205305840635469,0.18730394930048563,0.24183564818635522,0.19341863008418544,20
meps,gradual_global_mag2.0,xgb,per_subgroup_ewma[min_pos],BalAcc,-0.8201567829099515,0.0923235849505316,-0.7693897936751375,0.08775992388681654,20
meps,gradual_global_mag2.0,xgb,per_subgroup_baseline_relative[min_pos],DI_star,0.6341177224633673,0.16775299872295057,0.482486507150752,0.11561114500304734,20
meps,gradual_global_mag2.0,xgb,per_subgroup_baseline_relative[min_pos],AOD_star,0.36551203640681834,0.17543424949046055,0.1704712326925148,0.167416402569179,20
meps,gradual_global_mag2.0,xgb,per_subgroup_baseline_relative[min_pos],BalAcc,-0.7203070153761458,0.12868080332975565,-0.5584950719493766,0.10392440549417585,20
meps,gradual_global_mag2.0,xgb,per_subgroup_ewma[maj_neg],DI_star,0.29917015021554727,0.45437394677114634,0.3657550788725912,0.4068101702520266,19
meps,gradual_global_mag2.0,xgb,per_subgroup_ewma[maj_neg],AOD_star,0.11891174104313444,0.35284537784607684,0.15155294762444418,0.356866188918414,19
meps,gradual_global_mag2.0,xgb,per_subgroup_ewma[maj_neg],BalAcc,-0.39742552888807386,0.44830700036646104,-0.4105176105919013,0.3925161351783366,19
meps,gradual_global_mag2.0,xgb,per_subgroup_baseline_relative[maj_neg],DI_star,0.006052562507094119,0.2809968700518567,0.17452341698969592,0.2664166183819568,19
meps,gradual_global_mag2.0,xgb,per_subgroup_baseline_relative[maj_neg],AOD_star,0.07010691424430099,0.27641986503986676,0.12037629310200922,0.24087800321353772,19
meps,gradual_global_mag2.0,xgb,per_subgroup_baseline_relative[maj_neg],BalAcc,0.005449774553619284,0.2238580882940566,-0.15461730424953107,0.2524945509566754,19
meps,gradual_global_mag2.0,xgb,per_subgroup_ewma[maj_pos],DI_star,0.6966842056723808,0.1951902139965247,0.8674375971867068,0.09169003729980522,20
meps,gradual_global_mag2.0,xgb,per_subgroup_ewma[maj_pos],AOD_star,0.32007775065069516,0.19022805023424283,0.5257478532792761,0.17504417340572687,20
meps,gradual_global_mag2.0,xgb,per_subgroup_ewma[maj_pos],BalAcc,-0.8244587003320427,0.0904717894146099,-0.8940629508900528,0.046174165262426806,20
meps,gradual_global_mag2.0,xgb,per_subgroup_baseline_relative[maj_pos],DI_star,0.6963068444950042,0.19761571505369038,0.8226120317751443,0.11747723933908097,20
meps,gradual_global_mag2.0,xgb,per_subgroup_baseline_relative[maj_pos],AOD_star,0.32083247300544804,0.19118741036712913,0.43934255207093453,0.19628795113294353,20
meps,gradual_global_mag2.0,xgb,per_subgroup_baseline_relative[maj_pos],BalAcc,-0.8294398678734117,0.08148834810691025,-0.8755489004220657,0.06325803760292759,20
meps,abrupt_global_mag0.5,lr,global_mean,DI_star,0.10714673179105876,0.2458227020572364,0.08210828998920337,0.20927107394722938,20
meps,abrupt_global_mag0.5,lr,global_mean,AOD_star,0.03075187969924813,0.2762019508735344,0.026344056862463012,0.22933149213059825,20
meps,abrupt_global_mag0.5,lr,global_mean,BalAcc,0.0693175104394261,0.28351023931025077,-0.012138202883161201,0.25380366181390557,20
meps,abrupt_global_mag0.5,lr,global_ewma,DI_star,0.021393395563472077,0.16842334283899818,0.03840989284324368,0.16953890064571325,20
meps,abrupt_global_mag0.5,lr,global_ewma,AOD_star,0.04451127819548871,0.2007445015681151,0.04004282634356123,0.20046302748367018,20
meps,abrupt_global_mag0.5,lr,global_ewma,BalAcc,0.019056176740375415,0.20750851329698655,0.026938956380761242,0.2376347161752667,20
meps,abrupt_global_mag0.5,lr,global_std,DI_star,0.025369392542626445,0.21317220285559615,-0.03373766831316494,0.2104110378251665,20
meps,abrupt_global_mag0.5,lr,global_std,AOD_star,-0.02571428571428571,0.2216124566766619,-0.02495108377982929,0.20971650731355887,20
meps,abrupt_global_mag0.5,lr,global_std,BalAcc,0.0633895675810074,0.23245469018331116,0.03032882401203882,0.24724324355831898,20
meps,abrupt_global_mag0.5,lr,subgroup_violation_diff,DI_star,0.0552237962782956,0.168047182872339,0.07013938318433315,0.20416095310560708,20
meps,abrupt_global_mag0.5,lr,subgroup_violation_diff,AOD_star,-0.013609022556390984,0.16595296526723524,0.02652527751902905,0.20954898766797306,20
meps,abrupt_global_mag0.5,lr,subgroup_violation_diff,BalAcc,-0.012376552157434249,0.26797973215628906,-0.018849213312757074,0.2403601049073145,20
meps,abrupt_global_mag0.5,lr,max_subgroup_deviation,DI_star,0.03725429569782045,0.15821086166685094,0.056389638014984665,0.1892754597153227,20
meps,abrupt_global_mag0.5,lr,max_subgroup_deviation,AOD_star,-0.027142857142857153,0.19390303976270173,0.0004123318103906731,0.20363018192068558,20
meps,abrupt_global_mag0.5,lr,max_subgroup_deviation,BalAcc,0.01984354340786317,0.2447123613677995,-0.02202060722965704,0.24213902336700674,20
meps,abrupt_global_mag0.5,lr,assignment_proportion_drift,DI_star,-0.03150510545001338,0.226693539347485,0.0503775524387436,0.20072148349352523,20
meps,abrupt_global_mag0.5,lr,assignment_proportion_drift,AOD_star,-0.01812103163755395,0.21907268460798807,0.01696084340653368,0.20737871980624065,20
meps,abrupt_global_mag0.5,lr,assignment_proportion_drift,BalAcc,-0.042103315520901206,0.2686479542383341,-0.0282448907534668,0.24732217061872586,20
meps,abrupt_global_mag0.5,lr,ks_statistic,DI_star,0.031167775089490306,0.20215769823018592,0.06507429050151119,0.20487703766985974,20
meps,abrupt_global_mag0.5,lr,ks_statistic,AOD_star,0.009097744360902256,0.20007883290031622,0.023849597282607875,0.21522958662575323,20
meps,abrupt_global_mag0.5,lr,ks_statistic,BalAcc,-0.07270885979296418,0.22834999580284343,-0.024688305282646313,0.2487578184821686,20
meps,abrupt_global_mag0.5,lr,kl_divergence,DI_star,-0.03244396254885215,0.2065619085330533,0.026413880173163623,0.22128797317209517,20
meps,abrupt_global_mag0.5,lr,kl_divergence,AOD_star,-0.037669172932330824,0.20851535531086993,-0.001698375274547323,0.22304427725507037,20
meps,abrupt_global_mag0.5,lr,kl_divergence,BalAcc,-0.012187040857972672,0.23839516404935984,0.009794385604212643,0.23304688187077438,20
meps,abrupt_global_mag0.5,lr,per_subgroup_ewma[min_neg],DI_star,nan,nan,nan,nan,0
meps,abrupt_global_mag0.5,lr,per_subgroup_ewma[min_neg],AOD_star,nan,nan,nan,nan,0
meps,abrupt_global_mag0.5,lr,per_subgroup_ewma[min_neg],BalAcc,nan,nan,nan,nan,0
meps,abrupt_global_mag0.5,lr,per_subgroup_baseline_relative[min_neg],DI_star,nan,nan,nan,nan,0
meps,abrupt_global_mag0.5,lr,per_subgroup_baseline_relative[min_neg],AOD_star,nan,nan,nan,nan,0
meps,abrupt_global_mag0.5,lr,per_subgroup_baseline_relative[min_neg],BalAcc,nan,nan,nan,nan,0
meps,abrupt_global_mag0.5,lr,per_subgroup_ewma[min_pos],DI_star,0.030190529455193387,0.17682123981233575,0.03335566063273329,0.16995444044938451,20
meps,abrupt_global_mag0.5,lr,per_subgroup_ewma[min_pos],AOD_star,0.0475187969924812,0.2058148415361524,0.036036415691733506,0.1990088863404264,20
meps,abrupt_global_mag0.5,lr,per_subgroup_ewma[min_pos],BalAcc,0.012478063694012373,0.19752394546481775,0.026050105313207526,0.2354524136719272,20
meps,abrupt_global_mag0.5,lr,per_subgroup_baseline_relative[min_pos],DI_star,0.08544907736703342,0.19140225437804828,0.0724743086030917,0.20577892452881585,20
meps,abrupt_global_mag0.5,lr,per_subgroup_baseline_relative[min_pos],AOD_star,0.0014285714285714245,0.20759150682184024,0.02231100552677051,0.21998426135380045,20
meps,abrupt_global_mag0.5,lr,per_subgroup_baseline_relative[min_pos],BalAcc,0.02630761594572605,0.2766812069342849,-0.016892403940600452,0.24814463915346463,20
meps,abrupt_global_mag0.5,lr,per_subgroup_ewma[maj_neg],DI_star,-0.042658952385161875,0.17642541888698196,-0.029953840092938864,0.1855020507208526,19
meps,abrupt_global_mag0.5,lr,per_subgroup_ewma[maj_neg],AOD_star,-0.00040815581475383417,0.2079196169067736,-0.023353781187401137,0.22791594470097817,19
meps,abrupt_global_mag0.5,lr,per_subgroup_ewma[maj_neg],BalAcc,0.024482697161697813,0.23266845400760527,0.03215959751173456,0.2362235704275754,19
meps,abrupt_global_mag0.5,lr,per_subgroup_baseline_relative[maj_neg],DI_star,-0.05051031298703513,0.21391701300089594,-0.0379017002145671,0.19266895193416772,19
meps,abrupt_global_mag0.5,lr,per_subgroup_baseline_relative[maj_neg],AOD_star,-0.027072605816564333,0.26282545850146927,-0.021404582460694772,0.2709877611673405,19
meps,abrupt_global_mag0.5,lr,per_subgroup_baseline_relative[maj_neg],BalAcc,-0.0017325855367666778,0.23646883245072436,0.03806379747355776,0.20358458407613095,19
meps,abrupt_global_mag0.5,lr,per_subgroup_ewma[maj_pos],DI_star,0.008085068322573025,0.16836846186325438,0.041047818881992916,0.16517807710303356,20
meps,abrupt_global_mag0.5,lr,per_subgroup_ewma[maj_pos],AOD_star,0.03669172932330828,0.20148153844485586,0.0418316928925715,0.20505289009970806,20
meps,abrupt_global_mag0.5,lr,per_subgroup_ewma[maj_pos],BalAcc,0.020109147704566722,0.21478435747960953,0.027135811694367757,0.24488907749744965,20
meps,abrupt_global_mag0.5,lr,per_subgroup_baseline_relative[maj_pos],DI_star,0.05737028767147323,0.22431532459395823,0.0692314338713524,0.20501657807775642,20
meps,abrupt_global_mag0.5,lr,per_subgroup_baseline_relative[maj_pos],AOD_star,0.007819548872180459,0.2493977595470134,0.0068539677172963056,0.2309670931748064,20
meps,abrupt_global_mag0.5,lr,per_subgroup_baseline_relative[maj_pos],BalAcc,0.03690858234515498,0.2852710063068899,-0.01796065973719853,0.27239104061481567,20
meps,abrupt_global_mag0.5,xgb,global_mean,DI_star,-0.03973807237677244,0.25774501814637873,-0.1413864688510221,0.2814220721235564,20
meps,abrupt_global_mag0.5,xgb,global_mean,AOD_star,-0.10729323308270675,0.2648714458157486,-0.1248953012307225,0.26863284947100724,20
meps,abrupt_global_mag0.5,xgb,global_mean,BalAcc,0.057030994356338904,0.2708384541536388,-0.041990208243459635,0.266734767003272,20
meps,abrupt_global_mag0.5,xgb,global_ewma,DI_star,-0.15105370629888645,0.23724900359252252,-0.17169426304126612,0.2446565042865241,20
meps,abrupt_global_mag0.5,xgb,global_ewma,AOD_star,-0.09774436090225563,0.2353750962201155,-0.11646742602352156,0.23256286661614087,20
meps,abrupt_global_mag0.5,xgb,global_ewma,BalAcc,0.007063087472139173,0.2265341984696287,-0.025613632829277016,0.24537532015172173,20
meps,abrupt_global_mag0.5,xgb,global_std,DI_star,0.17786040944011577,0.22471984887351182,0.17002910922051,0.27375343306798994,20
meps,abrupt_global_mag0.5,xgb,global_std,AOD_star,0.09864661654135337,0.28308980609975787,0.10686554759414935,0.2612909611017824,20
meps,abrupt_global_mag0.5,xgb,global_std,BalAcc,0.09907006325327318,0.2410152218657432,0.07385836230497012,0.26877025187134146,20
meps,abrupt_global_mag0.5,xgb,subgroup_violation_diff,DI_star,-0.13947815278290482,0.26860685408937646,-0.15142136585427818,0.2881182271455054,20
meps,abrupt_global_mag0.5,xgb,subgroup_violation_diff,AOD_star,-0.11135338345864661,0.24715440841681202,-0.11966468723394078,0.26248034176774454,20
meps,abrupt_global_mag0.5,xgb,subgroup_violation_diff,BalAcc,0.029888872548176976,0.24322375081500588,-0.0429522965843724,0.2543159508006996,20
meps,abrupt_global_mag0.5,xgb,max_subgroup_deviation,DI_star,-0.14620833869533717,0.23818931457014494,-0.16412402900366735,0.26538078200197235,20
meps,abrupt_global_mag0.5,xgb,max_subgroup_deviation,AOD_star,-0.12218045112781954,0.2435142649645465,-0.1379884905177035,0.25017918661090455,20
meps,abrupt_global_mag0.5,xgb,max_subgroup_deviation,BalAcc,0.05548860867609663,0.2845025435828324,-0.0411488818221755,0.2766085549477343,20
meps,abrupt_global_mag0.5,xgb,assignment_proportion_drift,DI_star,-0.20167298916894422,0.1905936600854593,-0.16598170111305305,0.26775529325667097,20
meps,abrupt_global_mag0.5,xgb,assignment_proportion_drift,AOD_star,-0.13306901268768476,0.2449038344721637,-0.12664532008210155,0.2602191214825383,20
meps,abrupt_global_mag0.5,xgb,assignment_proportion_drift,BalAcc,-0.08831385230721013,0.2853644941409099,-0.06276443450411735,0.27393069325663666,20
meps,abrupt_global_mag0.5,xgb,ks_statistic,DI_star,-0.13804664001555259,0.26354636521411623,-0.15600942446196214,0.2811126825334917,20
meps,abrupt_global_mag0.5,xgb,ks_statistic,AOD_star,-0.13586466165413533,0.25433380825120394,-0.1230738702981711,0.26588549105782805,20
meps,abrupt_global_mag0.5,xgb,ks_statistic,BalAcc,-0.09545962659169913,0.27427950634941156,-0.05734404686798315,0.2715332489680713,20
meps,abrupt_global_mag0.5,xgb,kl_divergence,DI_star,-0.15124624378343987,0.2032253050600211,-0.14388444190962946,0.27323113520792247,20
meps,abrupt_global_mag0.5,xgb,kl_divergence,AOD_star,-0.121203007518797,0.25002703228829876,-0.11535923563360626,0.2750490323742221,20
meps,abrupt_global_mag0.5,xgb,kl_divergence,BalAcc,-0.01894937645041259,0.20747487524330083,-0.021861230253912727,0.23163051514941782,20
meps,abrupt_global_mag0.5,xgb,per_subgroup_ewma[min_neg],DI_star,nan,nan,nan,nan,0
meps,abrupt_global_mag0.5,xgb,per_subgroup_ewma[min_neg],AOD_star,nan,nan,nan,nan,0
meps,abrupt_global_mag0.5,xgb,per_subgroup_ewma[min_neg],BalAcc,nan,nan,nan,nan,0
meps,abrupt_global_mag0.5,xgb,per_subgroup_baseline_relative[min_neg],DI_star,nan,nan,nan,nan,0
meps,abrupt_global_mag0.5,xgb,per_subgroup_baseline_relative[min_neg],AOD_star,nan,nan,nan,nan,0
meps,abrupt_global_mag0.5,xgb,per_subgroup_baseline_relative[min_neg],BalAcc,nan,nan,nan,nan,0
meps,abrupt_global_mag0.5,xgb,per_subgroup_ewma[min_pos],DI_star,-0.1465420321539465,0.2485727530942808,-0.17545925823326597,0.2444203852922445,20
meps,abrupt_global_mag0.5,xgb,per_subgroup_ewma[min_pos],AOD_star,-0.0901503759398496,0.23910080624133012,-0.11922987967027492,0.23137083069314815,20
meps,abrupt_global_mag0.5,xgb,per_subgroup_ewma[min_pos],BalAcc,0.0048822686769720266,0.2116752261245904,-0.025211846882897244,0.24486361702052203,20
meps,abrupt_global_mag0.5,xgb,per_subgroup_baseline_relative[min_pos],DI_star,-0.10395230364814154,0.2647839718436176,-0.1526556636576827,0.2843129783475611,20
meps,abrupt_global_mag0.5,xgb,per_subgroup_baseline_relative[min_pos],AOD_star,-0.11090225563909775,0.2787962929158802,-0.12735020182983,0.2666029194562321,20
meps,abrupt_global_mag0.5,xgb,per_subgroup_baseline_relative[min_pos],BalAcc,0.05857281439450797,0.24701047928525213,-0.04091082614548204,0.26079088652031696,20
meps,abrupt_global_mag0.5,xgb,per_subgroup_ewma[maj_neg],DI_star,-0.15956385572520704,0.26240125343104354,-0.15504424904422234,0.23577771062050695,19
meps,abrupt_global_mag0.5,xgb,per_subgroup_ewma[maj_neg],AOD_star,-0.10554796797329687,0.23945299323694458,-0.1054183591637426,0.23770844036133518,19
meps,abrupt_global_mag0.5,xgb,per_subgroup_ewma[maj_neg],BalAcc,-0.005381367006670252,0.27372782744975865,-0.02203877214902027,0.27677128542703844,19
meps,abrupt_global_mag0.5,xgb,per_subgroup_baseline_relative[maj_neg],DI_star,-0.02203135273468797,0.25300390256283395,-0.05196996643651167,0.2456882593554754,19
meps,abrupt_global_mag0.5,xgb,per_subgroup_baseline_relative[maj_neg],AOD_star,-0.006389864303399599,0.18727810974984518,-0.046997135369791,0.217420719091074,19
meps,abrupt_global_mag0.5,xgb,per_subgroup_baseline_relative[maj_neg],BalAcc,0.028748698898733747,0.25723228629081574,0.027431541909636037,0.2646116744249959,19
meps,abrupt_global_mag0.5,xgb,per_subgroup_ewma[maj_pos],DI_star,-0.16282103368262266,0.22746604872425968,-0.1686867168199227,0.23951542539269782,20
meps,abrupt_global_mag0.5,xgb,per_subgroup_ewma[maj_pos],AOD_star,-0.10466165413533837,0.2236790420834621,-0.11441850804135094,0.2321661729536529,20
meps,abrupt_global_mag0.5,xgb,per_subgroup_ewma[maj_pos],BalAcc,0.002925769379018235,0.23416491766540942,-0.02671837638384287,0.24744155836516546,20
meps,abrupt_global_mag0.5,xgb,per_subgroup_baseline_relative[maj_pos],DI_star,-0.0920323660383665,0.25320031029050943,-0.14858080316738098,0.25488326244089937,20
meps,abrupt_global_mag0.5,xgb,per_subgroup_baseline_relative[maj_pos],AOD_star,-0.14120300751879697,0.26412364146701556,-0.14474248914501767,0.25874946583447395,20
meps,abrupt_global_mag0.5,xgb,per_subgroup_baseline_relative[maj_pos],BalAcc,-0.010041567620526836,0.27323762748492547,-0.048241572933462054,0.28381575867979997,20
meps,abrupt_global_mag1.0,lr,global_mean,DI_star,0.09233082706766915,0.2227216415557237,0.08123404902227518,0.22191387806864757,20
meps,abrupt_global_mag1.0,lr,global_mean,AOD_star,0.011503759398496231,0.2630467112065004,0.013287899840159285,0.2319099785449,20
meps,abrupt_global_mag1.0,lr,global_mean,BalAcc,0.07590068598234452,0.20379102663991294,-0.036459872251379824,0.25664837359725085,20
meps,abrupt_global_mag1.0,lr,global_ewma,DI_star,0.0506766917293233,0.18531606265410147,0.05342164294760737,0.1926213489643073,20
meps,abrupt_global_mag1.0,lr,global_ewma,AOD_star,0.04240601503759399,0.22340551286449126,0.033062403858478875,0.21743630929660032,20
meps,abrupt_global_mag1.0,lr,global_ewma,BalAcc,-0.010194149564462051,0.22382690270808042,0.007156178260781303,0.23389678123982044,20
meps,abrupt_global_mag1.0,lr,global_std,DI_star,0.00030075187969923753,0.24413180700975706,-0.059505674580630205,0.226965342483178,20
meps,abrupt_global_mag1.0,lr,global_std,AOD_star,-0.01849624060150376,0.21330979457264787,-0.01433194344292107,0.21433980433108085,20
meps,abrupt_global_mag1.0,lr,global_std,BalAcc,0.07402935823690801,0.24049794047899667,0.04315189678365615,0.256287910664148,20
meps,abrupt_global_mag1.0,lr,subgroup_violation_diff,DI_star,0.06578947368421052,0.20724612957212066,0.09068009205517802,0.21432676980650692,20
meps,abrupt_global_mag1.0,lr,subgroup_violation_diff,AOD_star,0.012406015037593986,0.2485322963616285,0.025270214281762026,0.21705856592225645,20
meps,abrupt_global_mag1.0,lr,subgroup_violation_diff,BalAcc,-0.07026896986703926,0.23811003662792835,-0.04235994504079221,0.23754046624101036,20
meps,abrupt_global_mag1.0,lr,max_subgroup_deviation,DI_star,0.06474558127529453,0.24831231806061907,0.077081871224893,0.21986493157631934,20
meps,abrupt_global_mag1.0,lr,max_subgroup_deviation,AOD_star,0.002781247834626491,0.29120534078513227,0.0075307864544765565,0.23524035186679632,20
meps,abrupt_global_mag1.0,lr,max_subgroup_deviation,BalAcc,0.007651382116778166,0.2470468482609062,-0.03798355429949043,0.2625579342428308,20
meps,abrupt_global_mag1.0,lr,assignment_proportion_drift,DI_star,-0.001961581412795577,0.2384029600544792,0.06216901666072686,0.20904107435159525,20
meps,abrupt_global_mag1.0,lr,assignment_proportion_drift,AOD_star,0.014620784389070818,0.2317182094807118,0.02000161241323197,0.20901224126553944,20
meps,abrupt_global_mag1.0,lr,assignment_proportion_drift,BalAcc,-0.07054329408120721,0.2551958090059527,-0.048549477997581594,0.25285603584770594,20
meps,abrupt_global_mag1.0,lr,ks_statistic,DI_star,0.05924812030075188,0.21946563464852178,0.07520576629582425,0.22153118993388862,20
meps,abrupt_global_mag1.0,lr,ks_statistic,AOD_star,0.002406015037593982,0.23597497306577342,0.012743104701668548,0.22705836845335425,20
meps,abrupt_global_mag1.0,lr,ks_statistic,BalAcc,-0.035417323636477094,0.22150524540972052,-0.04183598433459956,0.2579140774690047,20
meps,abrupt_global_mag1.0,lr,kl_divergence,DI_star,0.06999999999999999,0.19761165105678352,0.09727275832424677,0.20364048429469983,20
meps,abrupt_global_mag1.0,lr,kl_divergence,AOD_star,0.03669172932330826,0.1933511824232631,0.04023949992447297,0.22565483151994556,20
meps,abrupt_global_mag1.0,lr,kl_divergence,BalAcc,-0.03977901779101871,0.2751510762018971,-0.03812641576338577,0.2598381043619817,20
meps,abrupt_global_mag1.0,lr,per_subgroup_ewma[min_neg],DI_star,nan,nan,nan,nan,0
meps,abrupt_global_mag1.0,lr,per_subgroup_ewma[min_neg],AOD_star,nan,nan,nan,nan,0
meps,abrupt_global_mag1.0,lr,per_subgroup_ewma[min_neg],BalAcc,nan,nan,nan,nan,0
meps,abrupt_global_mag1.0,lr,per_subgroup_baseline_relative[min_neg],DI_star,nan,nan,nan,nan,0
meps,abrupt_global_mag1.0,lr,per_subgroup_baseline_relative[min_neg],AOD_star,nan,nan,nan,nan,0
meps,abrupt_global_mag1.0,lr,per_subgroup_baseline_relative[min_neg],BalAcc,nan,nan,nan,nan,0
meps,abrupt_global_mag1.0,lr,per_subgroup_ewma[min_pos],DI_star,0.05511278195488721,0.19010235541547865,0.053258021225654796,0.19214146490805648,20
meps,abrupt_global_mag1.0,lr,per_subgroup_ewma[min_pos],AOD_star,0.045563909774436084,0.22458086538472707,0.03259572566795245,0.21712617598104003,20
meps,abrupt_global_mag1.0,lr,per_subgroup_ewma[min_pos],BalAcc,-0.014554627588546226,0.21589208297884377,0.007686451957548186,0.2324755188670798,20
meps,abrupt_global_mag1.0,lr,per_subgroup_baseline_relative[min_pos],DI_star,0.08684210526315789,0.2155411712295284,0.08366912379131212,0.22159987145837817,20
meps,abrupt_global_mag1.0,lr,per_subgroup_baseline_relative[min_pos],AOD_star,0.006842105263157894,0.24702994646100568,0.015923835381869,0.23173454736343144,20
meps,abrupt_global_mag1.0,lr,per_subgroup_baseline_relative[min_pos],BalAcc,0.010110986041304722,0.23072152376904378,-0.03764918831899634,0.2538868223614212,20
meps,abrupt_global_mag1.0,lr,per_subgroup_ewma[maj_neg],DI_star,-0.0037756089877746084,0.185393067137291,-0.018093909034998454,0.19744172607830454,19
meps,abrupt_global_mag1.0,lr,per_subgroup_ewma[maj_neg],AOD_star,-0.013073496373883834,0.29116278944168456,-0.001320502308280268,0.31970490827497583,19
meps,abrupt_global_mag1.0,lr,per_subgroup_ewma[maj_neg],BalAcc,0.03155133133575469,0.2373639078753393,0.0468366431276916,0.24131287863329412,19
meps,abrupt_global_mag1.0,lr,per_subgroup_baseline_relative[maj_neg],DI_star,0.0022094287693316264,0.27374304586866843,0.03466174633952179,0.2276338672575678,19
meps,abrupt_global_mag1.0,lr,per_subgroup_baseline_relative[maj_neg],AOD_star,0.013156944318299599,0.3130176387819128,0.021861198892064795,0.3000441985870947,19
meps,abrupt_global_mag1.0,lr,per_subgroup_baseline_relative[maj_neg],BalAcc,0.051250404503642585,0.2640769443394489,0.05039601075363915,0.23017440147599066,19
meps,abrupt_global_mag1.0,lr,per_subgroup_ewma[maj_pos],DI_star,0.04195488721804511,0.187530855621587,0.05360619068748214,0.1928986151746816,20
meps,abrupt_global_mag1.0,lr,per_subgroup_ewma[maj_pos],AOD_star,0.03789473684210526,0.22064286095407531,0.03323761162447638,0.21890162800531757,20
meps,abrupt_global_mag1.0,lr,per_subgroup_ewma[maj_pos],BalAcc,-0.01244981694431007,0.22732477055031744,0.007424708494287465,0.23559930874593465,20
meps,abrupt_global_mag1.0,lr,per_subgroup_baseline_relative[maj_pos],DI_star,0.04548872180451128,0.23606286657242564,0.07393144267953161,0.22230583363782708,20
meps,abrupt_global_mag1.0,lr,per_subgroup_baseline_relative[maj_pos],AOD_star,0.003984962406015044,0.2601948221409017,0.006590171602273201,0.230555624637318,20
meps,abrupt_global_mag1.0,lr,per_subgroup_baseline_relative[maj_pos],BalAcc,0.03548795818771243,0.2203650515427994,-0.03481747282212492,0.2618422357283655,20
meps,abrupt_global_mag1.0,xgb,global_mean,DI_star,0.41496240601503764,0.3008039334652239,0.6001333450751505,0.4581115685826472,20
meps,abrupt_global_mag1.0,xgb,global_mean,AOD_star,-0.19428571428571423,0.3218802524877879,-0.3469457594850856,0.42507645730106774,20
meps,abrupt_global_mag1.0,xgb,global_mean,BalAcc,-0.4730075187969923,0.12736005422981245,-0.7736277838515166,0.1633160087750527,20
meps,abrupt_global_mag1.0,xgb,global_ewma,DI_star,0.3970676691729323,0.2871831947521815,0.514358887724623,0.40800757943990656,20
meps,abrupt_global_mag1.0,xgb,global_ewma,AOD_star,-0.2472180451127819,0.30773597493208005,-0.2974932122530374,0.3727349495431199,20
meps,abrupt_global_mag1.0,xgb,global_ewma,BalAcc,-0.5049624060150375,0.11189788840742826,-0.6576416499787779,0.12626763912662295,20
meps,abrupt_global_mag1.0,xgb,global_std,DI_star,-0.3683458646616541,0.3301310090329383,-0.5875327897427661,0.46251472334663846,20
meps,abrupt_global_mag1.0,xgb,global_std,AOD_star,0.22466165413533834,0.3417467840068032,0.34086984943789117,0.42849157097530377,20
meps,abrupt_global_mag1.0,xgb,global_std,BalAcc,0.5316541353383457,0.14396285583843024,0.772708847770823,0.1685794583127845,20
meps,abrupt_global_mag1.0,xgb,subgroup_violation_diff,DI_star,0.3963157894736842,0.342923247485673,0.5846320786815152,0.45167108752081947,20
meps,abrupt_global_mag1.0,xgb,subgroup_violation_diff,AOD_star,-0.24721804511278198,0.32165248323752216,-0.3416606919852979,0.40551926936149263,20
meps,abrupt_global_mag1.0,xgb,subgroup_violation_diff,BalAcc,-0.5384962406015037,0.14297652313070203,-0.7510577737579901,0.15751266570164402,20
meps,abrupt_global_mag1.0,xgb,max_subgroup_deviation,DI_star,0.393227603050512,0.29339480448680927,0.5874976367790828,0.45127352842072005,20
meps,abrupt_global_mag1.0,xgb,max_subgroup_deviation,AOD_star,-0.2221374481918615,0.316600067740474,-0.34298675890239566,0.41902750004786743,20
meps,abrupt_global_mag1.0,xgb,max_subgroup_deviation,BalAcc,-0.47737411282732295,0.14164135727158636,-0.7578980273169229,0.17219749022069322,20
meps,abrupt_global_mag1.0,xgb,assignment_proportion_drift,DI_star,0.33995467080829656,0.32865126349217705,0.5819249221512314,0.45758507519918495,20
meps,abrupt_global_mag1.0,xgb,assignment_proportion_drift,AOD_star,-0.2749171593958226,0.3466516855712022,-0.347116592860498,0.4276796998449239,20
meps,abrupt_global_mag1.0,xgb,assignment_proportion_drift,BalAcc,-0.5213848264759582,0.1241937600662094,-0.7619510769117438,0.15965628283895084,20
meps,abrupt_global_mag1.0,xgb,ks_statistic,DI_star,0.3325563909774436,0.3048563068983968,0.5963902677270564,0.46099797432544753,20
meps,abrupt_global_mag1.0,xgb,ks_statistic,AOD_star,-0.273984962406015,0.29145037434833476,-0.349849006048774,0.4256022215275651,20
meps,abrupt_global_mag1.0,xgb,ks_statistic,BalAcc,-0.4819548872180451,0.119573459428387,-0.775866046691277,0.16377688785668393,20
meps,abrupt_global_mag1.0,xgb,kl_divergence,DI_star,0.3447368421052631,0.32175527520189035,0.5719933985735238,0.45656746345099897,20
meps,abrupt_global_mag1.0,xgb,kl_divergence,AOD_star,-0.23458646616541348,0.31178013361302476,-0.3289569337470041,0.4174994133815372,20
meps,abrupt_global_mag1.0,xgb,kl_divergence,BalAcc,-0.46233082706766915,0.15234238687220925,-0.7480959767355839,0.16934792600352466,20
meps,abrupt_global_mag1.0,xgb,per_subgroup_ewma[min_neg],DI_star,nan,nan,nan,nan,0
meps,abrupt_global_mag1.0,xgb,per_subgroup_ewma[min_neg],AOD_star,nan,nan,nan,nan,0
meps,abrupt_global_mag1.0,xgb,per_subgroup_ewma[min_neg],BalAcc,nan,nan,nan,nan,0
meps,abrupt_global_mag1.0,xgb,per_subgroup_baseline_relative[min_neg],DI_star,nan,nan,nan,nan,0
meps,abrupt_global_mag1.0,xgb,per_subgroup_baseline_relative[min_neg],AOD_star,nan,nan,nan,nan,0
meps,abrupt_global_mag1.0,xgb,per_subgroup_baseline_relative[min_neg],BalAcc,nan,nan,nan,nan,0
meps,abrupt_global_mag1.0,xgb,per_subgroup_ewma[min_pos],DI_star,0.3984210526315789,0.28667960197488535,0.5142485485386004,0.4085141177822165,20
meps,abrupt_global_mag1.0,xgb,per_subgroup_ewma[min_pos],AOD_star,-0.25,0.29640233553041756,-0.29748761681720853,0.3725977151507196,20
meps,abrupt_global_mag1.0,xgb,per_subgroup_ewma[min_pos],BalAcc,-0.5075939849624059,0.10529159121892012,-0.6566938462239015,0.12662589998254958,20
meps,abrupt_global_mag1.0,xgb,per_subgroup_baseline_relative[min_pos],DI_star,0.40390977443609016,0.3304247040510204,0.598434199353009,0.46168882736253103,20
meps,abrupt_global_mag1.0,xgb,per_subgroup_baseline_relative[min_pos],AOD_star,-0.23240601503759395,0.334146868435296,-0.3477849059598813,0.42457540998575344,20
meps,abrupt_global_mag1.0,xgb,per_subgroup_baseline_relative[min_pos],BalAcc,-0.4965413533834586,0.13790187008550436,-0.7707847273331311,0.16383954355712976,20
meps,abrupt_global_mag1.0,xgb,per_subgroup_ewma[maj_neg],DI_star,0.25852636009134894,0.2889267701489581,0.33664921628625327,0.3803584363220514,19
meps,abrupt_global_mag1.0,xgb,per_subgroup_ewma[maj_neg],AOD_star,-0.172262075295362,0.3033774860688302,-0.19889170491671196,0.34929193917923773,19
meps,abrupt_global_mag1.0,xgb,per_subgroup_ewma[maj_neg],BalAcc,-0.3773002706212574,0.20810863621560782,-0.447871584174335,0.2311442632698401,19
meps,abrupt_global_mag1.0,xgb,per_subgroup_baseline_relative[maj_neg],DI_star,-0.013156951200901821,0.410185462357287,0.20619442760442294,0.3860494912794515,19
meps,abrupt_global_mag1.0,xgb,per_subgroup_baseline_relative[maj_neg],AOD_star,0.06198410394869812,0.25575241083128525,-0.10839455069472907,0.2777746609223209,19
meps,abrupt_global_mag1.0,xgb,per_subgroup_baseline_relative[maj_neg],BalAcc,0.03102686434173678,0.3570259184743933,-0.2650400342724398,0.298075093678525,19
meps,abrupt_global_mag1.0,xgb,per_subgroup_ewma[maj_pos],DI_star,0.3903007518796992,0.28847086330056504,0.5130799868458766,0.40844458005259454,20
meps,abrupt_global_mag1.0,xgb,per_subgroup_ewma[maj_pos],AOD_star,-0.24842105263157893,0.31053509062953866,-0.2971654796480483,0.3734677889962934,20
meps,abrupt_global_mag1.0,xgb,per_subgroup_ewma[maj_pos],BalAcc,-0.5058646616541354,0.11327251707265688,-0.6572162600166381,0.12702940870737273,20
meps,abrupt_global_mag1.0,xgb,per_subgroup_baseline_relative[maj_pos],DI_star,0.3904511278195488,0.2741482783726401,0.592410286919627,0.45557049339278155,20
meps,abrupt_global_mag1.0,xgb,per_subgroup_baseline_relative[maj_pos],AOD_star,-0.2069924812030075,0.35171202064890456,-0.34873545455031907,0.42948748420753213,20
meps,abrupt_global_mag1.0,xgb,per_subgroup_baseline_relative[maj_pos],BalAcc,-0.47781954887218053,0.12503908598027463,-0.7706253438736608,0.16247576436734662,20
meps,abrupt_global_mag2.0,lr,global_mean,DI_star,0.10827067669172932,0.25269691242561215,0.11566734655621938,0.28408254579049796,20
meps,abrupt_global_mag2.0,lr,global_mean,AOD_star,0.011879699248120296,0.26719985044322897,-0.0016785037236471609,0.24641186034812568,20
meps,abrupt_global_mag2.0,lr,global_mean,BalAcc,0.015678572489216794,0.2238565566984253,-0.05287319862390342,0.27934585669186524,20
meps,abrupt_global_mag2.0,lr,global_ewma,DI_star,0.06593984962406016,0.24300224953343239,0.08112276672515939,0.2434952719023565,20
meps,abrupt_global_mag2.0,lr,global_ewma,AOD_star,0.02984962406015037,0.21668347205547528,0.012314029415453957,0.217545002421522,20
meps,abrupt_global_mag2.0,lr,global_ewma,BalAcc,0.003499196081336376,0.2611152023722228,0.0031989396279269305,0.2590516918637122,20
meps,abrupt_global_mag2.0,lr,global_std,DI_star,-0.11624060150375937,0.2616762154714417,-0.10240217420723616,0.29595507223479095,20
meps,abrupt_global_mag2.0,lr,global_std,AOD_star,-0.056315789473684194,0.22294797647617878,-0.008611180473801643,0.2295845947799096,20
meps,abrupt_global_mag2.0,lr,global_std,BalAcc,0.051129488192988196,0.20551091113114991,0.05590537335382425,0.2660725030764132,20
meps,abrupt_global_mag2.0,lr,subgroup_violation_diff,DI_star,0.0737593984962406,0.22210911924407012,0.09519753332721698,0.22466741148707745,20
meps,abrupt_global_mag2.0,lr,subgroup_violation_diff,AOD_star,0.07406015037593985,0.20964146754618673,0.05786271651269681,0.198041385129512,20
meps,abrupt_global_mag2.0,lr,subgroup_violation_diff,BalAcc,0.062293049249032964,0.22414109449186168,0.021155546851992828,0.20032487701144455,20
meps,abrupt_global_mag2.0,lr,max_subgroup_deviation,DI_star,0.10548872180451127,0.20204913011650294,0.11823970193174171,0.281625645653662,20
meps,abrupt_global_mag2.0,lr,max_subgroup_deviation,AOD_star,-0.005488721804511275,0.23681860487300696,-0.002449891958888449,0.24554308695861113,20
meps,abrupt_global_mag2.0,lr,max_subgroup_deviation,BalAcc,-0.060149810297776385,0.24928705007188462,-0.055042737099072966,0.27799026442839253,20
meps,abrupt_global_mag2.0,lr,assignment_proportion_drift,DI_star,0.11181032381266487,0.2490566278766087,0.11366792961459675,0.28444394411713564,20
meps,abrupt_global_mag2.0,lr,assignment_proportion_drift,AOD_star,0.03070547448372134,0.1646147390825621,0.0026516235487957923,0.22944802496625213,20
meps,abrupt_global_mag2.0,lr,assignment_proportion_drift,BalAcc,-0.07354864131307152,0.26945964693340047,-0.05620941924702473,0.2797656245416119,20
meps,abrupt_global_mag2.0,lr,ks_statistic,DI_star,0.1401700146009613,0.2673262342337964,0.11190162047313648,0.2875850760112229,20
meps,abrupt_global_mag2.0,lr,ks_statistic,AOD_star,0.017227626368849308,0.2318017018278166,-0.0019804661153077483,0.2426566963848603,20
meps,abrupt_global_mag2.0,lr,ks_statistic,BalAcc,-0.05166092282698219,0.25455516216209484,-0.054200640976790004,0.27980225537154085,20
meps,abrupt_global_mag2.0,lr,kl_divergence,DI_star,0.1094736842105263,0.20616349406541892,0.1203136653627852,0.2784317715562138,20
meps,abrupt_global_mag2.0,lr,kl_divergence,AOD_star,0.006315789473684203,0.24263641357653623,0.001337248665491196,0.2511737428813391,20
meps,abrupt_global_mag2.0,lr,kl_divergence,BalAcc,-0.06733284923808094,0.25802637551321633,-0.06887185482550237,0.2655690301708909,20
meps,abrupt_global_mag2.0,lr,per_subgroup_ewma[min_neg],DI_star,nan,nan,nan,nan,0
meps,abrupt_global_mag2.0,lr,per_subgroup_ewma[min_neg],AOD_star,nan,nan,nan,nan,0
meps,abrupt_global_mag2.0,lr,per_subgroup_ewma[min_neg],BalAcc,nan,nan,nan,nan,0
meps,abrupt_global_mag2.0,lr,per_subgroup_baseline_relative[min_neg],DI_star,nan,nan,nan,nan,0
meps,abrupt_global_mag2.0,lr,per_subgroup_baseline_relative[min_neg],AOD_star,nan,nan,nan,nan,0
meps,abrupt_global_mag2.0,lr,per_subgroup_baseline_relative[min_neg],BalAcc,nan,nan,nan,nan,0
meps,abrupt_global_mag2.0,lr,per_subgroup_ewma[min_pos],DI_star,0.06977443609022557,0.24587289310448718,0.08083231766415892,0.24381196874130678,20
meps,abrupt_global_mag2.0,lr,per_subgroup_ewma[min_pos],AOD_star,0.034210526315789476,0.22120749268363238,0.012273889063080624,0.217989678026,20
meps,abrupt_global_mag2.0,lr,per_subgroup_ewma[min_pos],BalAcc,-0.001162542900312942,0.2528241855485243,0.0033963626397529186,0.2579091206360143,20
meps,abrupt_global_mag2.0,lr,per_subgroup_baseline_relative[min_pos],DI_star,0.08992481203007517,0.26419413594258306,0.11625815691166734,0.2874355196473619,20
meps,abrupt_global_mag2.0,lr,per_subgroup_baseline_relative[min_pos],AOD_star,0.017067669172932322,0.2793956129410863,0.0006954694269675724,0.2489126248928547,20
meps,abrupt_global_mag2.0,lr,per_subgroup_baseline_relative[min_pos],BalAcc,0.008084757219432737,0.24733964668917496,-0.05219386934649615,0.2781326054056792,20
meps,abrupt_global_mag2.0,lr,per_subgroup_ewma[maj_neg],DI_star,0.05863572125823466,0.2522982470908158,0.07204804934945724,0.24673587315702694,18
meps,abrupt_global_mag2.0,lr,per_subgroup_ewma[maj_neg],AOD_star,0.045690769957693736,0.16721011475811717,0.052642259012670306,0.223590419892872,18
meps,abrupt_global_mag2.0,lr,per_subgroup_ewma[maj_neg],BalAcc,0.0007115974339151875,0.24758217265320068,0.0022483827179698634,0.24525435690770528,18
meps,abrupt_global_mag2.0,lr,per_subgroup_baseline_relative[maj_neg],DI_star,0.060445082440084605,0.20743815684215414,0.09445497358016111,0.22022567356122288,18
meps,abrupt_global_mag2.0,lr,per_subgroup_baseline_relative[maj_neg],AOD_star,0.013157730734508806,0.22256914690469515,0.02875449613670929,0.22544383277632682,18
meps,abrupt_global_mag2.0,lr,per_subgroup_baseline_relative[maj_neg],BalAcc,-0.018964895786474537,0.25449137978301783,0.017637172203872745,0.2712401189304499,18
meps,abrupt_global_mag2.0,lr,per_subgroup_ewma[maj_pos],DI_star,0.05977443609022555,0.25040320247156644,0.08155948267351043,0.24429369757134486,20
meps,abrupt_global_mag2.0,lr,per_subgroup_ewma[maj_pos],AOD_star,0.025563909774436077,0.2097245743419995,0.012014020082816806,0.2178696397107409,20
meps,abrupt_global_mag2.0,lr,per_subgroup_ewma[maj_pos],BalAcc,0.0028976923219378803,0.26472918716733523,0.0035964696652450168,0.2591544211375512,20
meps,abrupt_global_mag2.0,lr,per_subgroup_baseline_relative[maj_pos],DI_star,0.10639097744360901,0.2020942280150618,0.11767747830425504,0.28278199005473487,20
meps,abrupt_global_mag2.0,lr,per_subgroup_baseline_relative[maj_pos],AOD_star,-0.0031578947368421026,0.23622949773611207,-0.0014965587254825636,0.245905512957869,20
meps,abrupt_global_mag2.0,lr,per_subgroup_baseline_relative[maj_pos],BalAcc,-0.060375374207550826,0.25325501643518833,-0.05441680836629596,0.27832534915294044,20
meps,abrupt_global_mag2.0,xgb,global_mean,DI_star,0.741517905264432,0.010242637830347163,0.9907329992885643,0.00827155339435862,20
meps,abrupt_global_mag2.0,xgb,global_mean,AOD_star,0.7392451291688721,0.011832819760068577,0.9371646862970733,0.04472139222897292,20
meps,abrupt_global_mag2.0,xgb,global_mean,BalAcc,-0.7392451291688721,0.011222945096149588,-0.9862693811201394,0.008382162292075324,20
meps,abrupt_global_mag2.0,xgb,global_ewma,DI_star,0.741517905264432,0.010799501628604337,0.8441374914302952,0.007484110168163892,20
meps,abrupt_global_mag2.0,xgb,global_ewma,AOD_star,0.7387510474089677,0.009176629354822446,0.7995600226062483,0.03796171765248544,20
meps,abrupt_global_mag2.0,xgb,global_ewma,BalAcc,-0.7397392109287764,0.009663814849709584,-0.8405623154985695,0.008045148920084866,20
meps,abrupt_global_mag2.0,xgb,global_std,DI_star,-0.7409250071525467,0.009958413675350141,-0.9764600889669761,0.01836166411000073,20
meps,abrupt_global_mag2.0,xgb,global_std,AOD_star,-0.7432965996000876,0.010055990116003607,-0.9298891875074874,0.04769340471272872,20
meps,abrupt_global_mag2.0,xgb,global_std,BalAcc,0.7409250071525466,0.00959892908130172,0.9727843759723246,0.017694583809161286,20
meps,abrupt_global_mag2.0,xgb,subgroup_violation_diff,DI_star,0.24042018436945134,0.5779100208408423,0.29356537587665826,0.6744922461286923,20
meps,abrupt_global_mag2.0,xgb,subgroup_violation_diff,AOD_star,0.24210006235312614,0.576233896407363,0.2786259081199745,0.6462252422029995,20
meps,abrupt_global_mag2.0,xgb,subgroup_violation_diff,BalAcc,-0.23439238689861847,0.5754562091485268,-0.2781628611420094,0.6724281671342868,20
meps,abrupt_global_mag2.0,xgb,max_subgroup_deviation,DI_star,0.7381581492970826,0.010959263590740141,0.9866856521491572,0.010444976700029094,20
meps,abrupt_global_mag2.0,xgb,max_subgroup_deviation,AOD_star,0.7381581492970825,0.010923565568889057,0.9323800132084141,0.04513940150203545,20
meps,abrupt_global_mag2.0,xgb,max_subgroup_deviation,BalAcc,-0.7421108033763173,0.010429690292885352,-0.9832113830506938,0.010772546528315975,20
meps,abrupt_global_mag2.0,xgb,assignment_proportion_drift,DI_star,0.7424040451080176,0.0074806262040092615,0.9835514212618998,0.012681912232407618,20
meps,abrupt_global_mag2.0,xgb,assignment_proportion_drift,AOD_star,0.7431975969236235,0.007982723572199781,0.9328842190314068,0.04292924153641909,20
meps,abrupt_global_mag2.0,xgb,assignment_proportion_drift,BalAcc,-0.7407234102826381,0.009173691093552745,-0.9780718499690204,0.012543472934929637,20
meps,abrupt_global_mag2.0,xgb,ks_statistic,DI_star,0.7419408432326077,0.009935924311123985,0.9909329082016652,0.009142085946989427,20
meps,abrupt_global_mag2.0,xgb,ks_statistic,AOD_star,0.7408481426507743,0.008817321117692763,0.9380233214398709,0.04377996263344947,20
meps,abrupt_global_mag2.0,xgb,ks_statistic,BalAcc,-0.7450091043885808,0.009901666519722897,-0.9869858425937281,0.008644557250124946,20
meps,abrupt_global_mag2.0,xgb,kl_divergence,DI_star,0.739245129168872,0.009731780314567636,0.9687531140277278,0.011206720969097488,20
meps,abrupt_global_mag2.0,xgb,kl_divergence,AOD_star,0.7358853732015226,0.009906801321840762,0.9177047012016114,0.04242192267830091,20
meps,abrupt_global_mag2.0,xgb,kl_divergence,BalAcc,-0.7433954159520685,0.01055578824910785,-0.9646548102186179,0.01141108915764672,20
meps,abrupt_global_mag2.0,xgb,per_subgroup_ewma[min_neg],DI_star,nan,nan,nan,nan,0
meps,abrupt_global_mag2.0,xgb,per_subgroup_ewma[min_neg],AOD_star,nan,nan,nan,nan,0
meps,abrupt_global_mag2.0,xgb,per_subgroup_ewma[min_neg],BalAcc,nan,nan,nan,nan,0
meps,abrupt_global_mag2.0,xgb,per_subgroup_baseline_relative[min_neg],DI_star,nan,nan,nan,nan,0
meps,abrupt_global_mag2.0,xgb,per_subgroup_baseline_relative[min_neg],AOD_star,nan,nan,nan,nan,0
meps,abrupt_global_mag2.0,xgb,per_subgroup_baseline_relative[min_neg],BalAcc,nan,nan,nan,nan,0
meps,abrupt_global_mag2.0,xgb,per_subgroup_ewma[min_pos],DI_star,0.741419088912451,0.008437666698472977,0.843901119404995,0.007219191845954294,20
meps,abrupt_global_mag2.0,xgb,per_subgroup_ewma[min_pos],AOD_star,0.7398380272807572,0.011236857484038375,0.7992292613800206,0.037851790262080666,20
meps,abrupt_global_mag2.0,xgb,per_subgroup_ewma[min_pos],BalAcc,-0.7401344763366998,0.009384952647596916,-0.8401555541826016,0.007743545035574114,20
meps,abrupt_global_mag2.0,xgb,per_subgroup_baseline_relative[min_pos],DI_star,0.7415179052644321,0.010506181309980846,0.989699639058618,0.009020008021698714,20
meps,abrupt_global_mag2.0,xgb,per_subgroup_baseline_relative[min_pos],AOD_star,0.7395415782248147,0.012493138435085354,0.9357783782443401,0.048164851572960805,20
meps,abrupt_global_mag2.0,xgb,per_subgroup_baseline_relative[min_pos],BalAcc,-0.7371699857772738,0.008027878384985946,-0.9843156464418119,0.010118748600065187,20
meps,abrupt_global_mag2.0,xgb,per_subgroup_ewma[maj_neg],DI_star,0.514351611760422,0.2967116276236027,0.5914535002534862,0.25088525374836285,18
meps,abrupt_global_mag2.0,xgb,per_subgroup_ewma[maj_neg],AOD_star,0.5129782351395493,0.2948855091757693,0.5645071078643514,0.2356986924674353,18
meps,abrupt_global_mag2.0,xgb,per_subgroup_ewma[maj_neg],BalAcc,-0.5125949221169575,0.29775717726427336,-0.5906094666320622,0.24899799236614992,18
meps,abrupt_global_mag2.0,xgb,per_subgroup_baseline_relative[maj_neg],DI_star,0.1449692009783244,0.47419781648013976,0.4824664035644602,0.33130838372547833,18
meps,abrupt_global_mag2.0,xgb,per_subgroup_baseline_relative[maj_neg],AOD_star,0.13769202570734476,0.48518728119060783,0.4608325794361673,0.31400639688935217,18
meps,abrupt_global_mag2.0,xgb,per_subgroup_baseline_relative[maj_neg],BalAcc,-0.14051858979500126,0.4765044783871458,-0.47987041121872004,0.32944284607750196,18
meps,abrupt_global_mag2.0,xgb,per_subgroup_ewma[maj_pos],DI_star,0.7405297417446233,0.011076250796451272,0.8462200628148848,0.011436046547239566,20
meps,abrupt_global_mag2.0,xgb,per_subgroup_ewma[maj_pos],AOD_star,0.7394427618728339,0.010387944158938898,0.801559704949313,0.03913631189186884,20
meps,abrupt_global_mag2.0,xgb,per_subgroup_ewma[maj_pos],BalAcc,-0.740727374448585,0.009176629354822458,-0.8426821241169724,0.010647448724902142,20
meps,abrupt_global_mag2.0,xgb,per_subgroup_baseline_relative[maj_pos],DI_star,0.7384545983530252,0.010500138331933846,0.9868268124200767,0.01064079729459842,20
meps,abrupt_global_mag2.0,xgb,per_subgroup_baseline_relative[maj_pos],AOD_star,0.7386522310569867,0.01069547220422367,0.9329103823643656,0.04523810382025242,20
meps,abrupt_global_mag2.0,xgb,per_subgroup_baseline_relative[maj_pos],BalAcc,-0.7421108033763173,0.011012593655519097,-0.9831757907087425,0.011149783002761666,20
meps,variance_group_mag1.5,lr,global_mean,DI_star,0.3890225563909774,0.212686606868537,0.39601875486600824,0.20760354164996803,20
meps,variance_group_mag1.5,lr,global_mean,AOD_star,0.24308270676691732,0.21895184815296528,0.24851289769749846,0.19122553378479018,20
meps,variance_group_mag1.5,lr,global_mean,BalAcc,0.0681560988232596,0.25381221099084145,0.05809554343407869,0.24026485866054031,20
meps,variance_group_mag1.5,lr,global_ewma,DI_star,0.3900751879699248,0.18081567187764128,0.40170102189817136,0.18672647269664921,20
meps,variance_group_mag1.5,lr,global_ewma,AOD_star,0.257593984962406,0.18390743824557157,0.269912966067696,0.19445669599170487,20
meps,variance_group_mag1.5,lr,global_ewma,BalAcc,0.04879642683912978,0.22814704846152345,0.03685215028242382,0.21918946771389486,20
meps,variance_group_mag1.5,lr,global_std,DI_star,-0.08842105263157893,0.2210396395343226,-0.08822114018601514,0.19931371793175562,20
meps,variance_group_mag1.5,lr,global_std,AOD_star,-0.10496240601503759,0.21532637426293025,-0.0837908430773984,0.2002434607451282,20
meps,variance_group_mag1.5,lr,global_std,BalAcc,0.04605015689487699,0.19145822328388729,0.04377104355434047,0.2224611068457474,20
meps,variance_group_mag1.5,lr,subgroup_violation_diff,DI_star,0.027518796992481203,0.13530083022224038,0.05031564087161561,0.15863480523145296,20
meps,variance_group_mag1.5,lr,subgroup_violation_diff,AOD_star,-0.0010526315789473669,0.18599935504426873,0.02562675192893606,0.20694206643283078,20
meps,variance_group_mag1.5,lr,subgroup_violation_diff,BalAcc,0.06067867147657959,0.19720189525243614,0.07541660381949913,0.19267454075446358,20
meps,variance_group_mag1.5,lr,max_subgroup_deviation,DI_star,0.3206766917293232,0.20156203567584358,0.27146378426402046,0.21300955322813814,20
meps,variance_group_mag1.5,lr,max_subgroup_deviation,AOD_star,0.14323308270676688,0.18468153685421923,0.1055046418344074,0.18302195175002947,20
meps,variance_group_mag1.5,lr,max_subgroup_deviation,BalAcc,0.03766691036403791,0.23716895294665666,0.04866302130859602,0.19131359132972323,20
meps,variance_group_mag1.5,lr,assignment_proportion_drift,DI_star,0.07563451719957379,0.22930418505520989,0.28041032320067244,0.1794038343107476,20
meps,variance_group_mag1.5,lr,assignment_proportion_drift,AOD_star,0.02707376311783575,0.2820198700425897,0.1717847178296414,0.21166577451082766,20
meps,variance_group_mag1.5,lr,assignment_proportion_drift,BalAcc,0.05265528039838967,0.25937846831946854,0.04861508712269669,0.23614621250680473,20
meps,variance_group_mag1.5,lr,ks_statistic,DI_star,0.2325563909774436,0.2260482394234498,0.3112181781956903,0.1684730178123512,20
meps,variance_group_mag1.5,lr,ks_statistic,AOD_star,0.11586466165413531,0.22264907387337193,0.18255029820963714,0.20246611100554013,20
meps,variance_group_mag1.5,lr,ks_statistic,BalAcc,0.012966743075368162,0.22017361172987068,0.03406464304921406,0.21947202473678756,20
meps,variance_group_mag1.5,lr,kl_divergence,DI_star,0.3356390977443609,0.18805748336650727,0.36120462890515176,0.16329379645907857,20
meps,variance_group_mag1.5,lr,kl_divergence,AOD_star,0.19864661654135335,0.21388296143910657,0.2263581378710744,0.2105575185464525,20
meps,variance_group_mag1.5,lr,kl_divergence,BalAcc,0.036578904945265556,0.2326695748438591,0.04888041527294017,0.21996733265099278,20
meps,variance_group_mag1.5,lr,per_subgroup_ewma[min_neg],DI_star,nan,nan,nan,nan,0
meps,variance_group_mag1.5,lr,per_subgroup_ewma[min_neg],AOD_star,nan,nan,nan,nan,0
meps,variance_group_mag1.5,lr,per_subgroup_ewma[min_neg],BalAcc,nan,nan,nan,nan,0
meps,variance_group_mag1.5,lr,per_subgroup_baseline_relative[min_neg],DI_star,nan,nan,nan,nan,0
meps,variance_group_mag1.5,lr,per_subgroup_baseline_relative[min_neg],AOD_star,nan,nan,nan,nan,0
meps,variance_group_mag1.5,lr,per_subgroup_baseline_relative[min_neg],BalAcc,nan,nan,nan,nan,0
meps,variance_group_mag1.5,lr,per_subgroup_ewma[min_pos],DI_star,0.36067669172932326,0.1850059701737851,0.38653561547630444,0.175630921187449,20
meps,variance_group_mag1.5,lr,per_subgroup_ewma[min_pos],AOD_star,0.25045112781954887,0.18563632651862857,0.24909928021851502,0.18956320283417666,20
meps,variance_group_mag1.5,lr,per_subgroup_ewma[min_pos],BalAcc,0.06101505173503678,0.22174068724292242,0.06387921994754515,0.22926987779807156,20
meps,variance_group_mag1.5,lr,per_subgroup_baseline_relative[min_pos],DI_star,0.16218045112781954,0.19858580515240154,0.23864833161420798,0.19571167232982786,20
meps,variance_group_mag1.5,lr,per_subgroup_baseline_relative[min_pos],AOD_star,0.0913533834586466,0.19054232297410081,0.13152350364552795,0.21063031719379394,20
meps,variance_group_mag1.5,lr,per_subgroup_baseline_relative[min_pos],BalAcc,0.11078951610736601,0.2136630065868698,0.10465741526093093,0.1966280062151348,20
meps,variance_group_mag1.5,lr,per_subgroup_ewma[maj_neg],DI_star,0.177144923561668,0.26453996093780585,0.18104841156822646,0.29778542020978066,20
meps,variance_group_mag1.5,lr,per_subgroup_ewma[maj_neg],AOD_star,0.09341042124752938,0.28457856393400743,0.11599265299075448,0.3132647833935914,20
meps,variance_group_mag1.5,lr,per_subgroup_ewma[maj_neg],BalAcc,0.047936918039600006,0.26990360939605523,0.07589610293502269,0.22723663892693918,20
meps,variance_group_mag1.5,lr,per_subgroup_baseline_relative[maj_neg],DI_star,0.0792072732236608,0.24456448124235952,0.07552966430485265,0.2488301951380857,20
meps,variance_group_mag1.5,lr,per_subgroup_baseline_relative[maj_neg],AOD_star,0.04059105999198745,0.2639896482261317,0.0361585089159915,0.27316157220753184,20
meps,variance_group_mag1.5,lr,per_subgroup_baseline_relative[maj_neg],BalAcc,0.03554459067904727,0.26157304432809403,0.03519677456685946,0.2243000711920346,20
meps,variance_group_mag1.5,lr,per_subgroup_ewma[maj_pos],DI_star,0.1494736842105263,0.1596801313905467,0.19658335507615451,0.15701755759093908,20
meps,variance_group_mag1.5,lr,per_subgroup_ewma[maj_pos],AOD_star,0.13323308270676687,0.19868662548948107,0.14844217959287864,0.21435547854499049,20
meps,variance_group_mag1.5,lr,per_subgroup_ewma[maj_pos],BalAcc,-0.03229596230571009,0.2176083739589154,-0.0008150645995362866,0.18792078191873107,20
meps,variance_group_mag1.5,lr,per_subgroup_baseline_relative[maj_pos],DI_star,0.28593984962406005,0.19480346931158926,0.24790246437066452,0.203466338644374,20
meps,variance_group_mag1.5,lr,per_subgroup_baseline_relative[maj_pos],AOD_star,0.18120300751879698,0.1988544841963924,0.14901622062658965,0.2079150364935718,20
meps,variance_group_mag1.5,lr,per_subgroup_baseline_relative[maj_pos],BalAcc,0.00014650129164802268,0.24000912339264682,0.0006266880682160803,0.22476499974294545,20
meps,variance_group_mag1.5,xgb,global_mean,DI_star,-0.014657977461862348,0.24047210330292196,-0.04294241554106857,0.2371561323838763,20
meps,variance_group_mag1.5,xgb,global_mean,AOD_star,0.012481203007518801,0.2571771950867299,-0.003087526324329931,0.24511518543567867,20
meps,variance_group_mag1.5,xgb,global_mean,BalAcc,0.06556832178260727,0.2133668267979404,0.03965356484088227,0.2050591392254399,20
meps,variance_group_mag1.5,xgb,global_ewma,DI_star,-0.02394531796853717,0.23618502025984286,-0.04853898743776543,0.22666549932653005,20
meps,variance_group_mag1.5,xgb,global_ewma,AOD_star,0.021578947368421055,0.2256126639039929,0.021350968319360047,0.2363607959488163,20
meps,variance_group_mag1.5,xgb,global_ewma,BalAcc,0.047558243455233434,0.22058492431540322,0.01575368053930273,0.21504015752549763,20
meps,variance_group_mag1.5,xgb,global_std,DI_star,0.18458482580340116,0.2280910160154108,0.1953223905445362,0.22179882055997377,20
meps,variance_group_mag1.5,xgb,global_std,AOD_star,0.0838345864661654,0.23181994832011965,0.08510774353396164,0.226664166569346,20
meps,variance_group_mag1.5,xgb,global_std,BalAcc,0.0780949670588545,0.24207559239536117,0.10481773055628947,0.24420478902149964,20
meps,variance_group_mag1.5,xgb,subgroup_violation_diff,DI_star,-0.01582931609641402,0.2407663588460887,0.006754877612766006,0.23712101641699024,20
meps,variance_group_mag1.5,xgb,subgroup_violation_diff,AOD_star,-0.012932330827067675,0.2044932544025877,-0.01692816566093346,0.2326878797608846,20
meps,variance_group_mag1.5,xgb,subgroup_violation_diff,BalAcc,0.07361071948261065,0.19871071506512822,0.07965933498714847,0.2021512154457034,20
meps,variance_group_mag1.5,xgb,max_subgroup_deviation,DI_star,0.008574963834386249,0.21124619692747648,-0.006247157027268318,0.22702679682655966,20
meps,variance_group_mag1.5,xgb,max_subgroup_deviation,AOD_star,0.007744360902255635,0.20130293830916487,-0.03455784082090449,0.21640264828230857,20
meps,variance_group_mag1.5,xgb,max_subgroup_deviation,BalAcc,0.0867354181016097,0.21299139043637416,0.09425811632896483,0.18450077929456898,20
meps,variance_group_mag1.5,xgb,assignment_proportion_drift,DI_star,-0.09524426819862732,0.2663710897332596,-0.025848403829360017,0.25650592217171814,20
meps,variance_group_mag1.5,xgb,assignment_proportion_drift,AOD_star,-0.09157668807257849,0.26175084609020155,-0.02270625981536293,0.2488596150188625,20
meps,variance_group_mag1.5,xgb,assignment_proportion_drift,BalAcc,0.007699282747665503,0.2698335617964901,0.01955190495734218,0.28607170436154505,20
meps,variance_group_mag1.5,xgb,ks_statistic,DI_star,-0.1033826101835067,0.25839338425726205,-0.03946473508569233,0.23436469541738705,20
meps,variance_group_mag1.5,xgb,ks_statistic,AOD_star,-0.04774436090225563,0.27982973550914875,-0.019981656960972972,0.24653152603006084,20
meps,variance_group_mag1.5,xgb,ks_statistic,BalAcc,0.0368369579202915,0.27031812453592213,0.012432051055594043,0.27047991817101963,20
meps,variance_group_mag1.5,xgb,kl_divergence,DI_star,-0.03638945021001132,0.19748500022001902,-0.042225520227750266,0.20156530532782882,20
meps,variance_group_mag1.5,xgb,kl_divergence,AOD_star,0.00022556390977444135,0.20191814366308716,0.014828878702742443,0.2234703195849227,20
meps,variance_group_mag1.5,xgb,kl_divergence,BalAcc,0.016914295330094593,0.2274812843136488,0.027221314936626585,0.23333238288857822,20
meps,variance_group_mag1.5,xgb,per_subgroup_ewma[min_neg],DI_star,nan,nan,nan,nan,0
meps,variance_group_mag1.5,xgb,per_subgroup_ewma[min_neg],AOD_star,nan,nan,nan,nan,0
meps,variance_group_mag1.5,xgb,per_subgroup_ewma[min_neg],BalAcc,nan,nan,nan,nan,0
meps,variance_group_mag1.5,xgb,per_subgroup_baseline_relative[min_neg],DI_star,nan,nan,nan,nan,0
meps,variance_group_mag1.5,xgb,per_subgroup_baseline_relative[min_neg],AOD_star,nan,nan,nan,nan,0
meps,variance_group_mag1.5,xgb,per_subgroup_baseline_relative[min_neg],BalAcc,nan,nan,nan,nan,0
meps,variance_group_mag1.5,xgb,per_subgroup_ewma[min_pos],DI_star,-0.04108973062709569,0.23351735551244232,-0.04656978898195374,0.2603122679302695,20
meps,variance_group_mag1.5,xgb,per_subgroup_ewma[min_pos],AOD_star,0.013609022556390965,0.23296891474069464,0.0025760303518449004,0.2582534094729507,20
meps,variance_group_mag1.5,xgb,per_subgroup_ewma[min_pos],BalAcc,0.05718100262884094,0.22056377497127283,0.04015651523085086,0.2194771430540806,20
meps,variance_group_mag1.5,xgb,per_subgroup_baseline_relative[min_pos],DI_star,-0.03639044008363946,0.2684658705111887,-0.020953913424826026,0.2670858329352023,20
meps,variance_group_mag1.5,xgb,per_subgroup_baseline_relative[min_pos],AOD_star,-0.006466165413533839,0.2755005004541124,-0.023102880928235935,0.2904234440636898,20
meps,variance_group_mag1.5,xgb,per_subgroup_baseline_relative[min_pos],BalAcc,0.1645927165103227,0.1976818238033627,0.12423913575343579,0.19947989401413793,20
meps,variance_group_mag1.5,xgb,per_subgroup_ewma[maj_neg],DI_star,0.010426591016336943,0.25187975085882114,-0.0037400772003285563,0.25359000158439726,20
meps,variance_group_mag1.5,xgb,per_subgroup_ewma[maj_neg],AOD_star,-0.012958680431937755,0.2699684472465189,-0.023449457920598958,0.2610328879348767,20
meps,variance_group_mag1.5,xgb,per_subgroup_ewma[maj_neg],BalAcc,0.011313540328327501,0.2460229358657798,0.03849001937366843,0.2441990134482588,20
meps,variance_group_mag1.5,xgb,per_subgroup_baseline_relative[maj_neg],DI_star,0.0216949681949155,0.1887240713399421,-0.0028556347877358736,0.1849996652235357,20
meps,variance_group_mag1.5,xgb,per_subgroup_baseline_relative[maj_neg],AOD_star,0.003791973845274195,0.19504520737745587,-0.033705768252532096,0.213139759549573,20
meps,variance_group_mag1.5,xgb,per_subgroup_baseline_relative[maj_neg],BalAcc,0.020478650002996108,0.33213057497108583,0.013220947376235286,0.2732210206244852,20
meps,variance_group_mag1.5,xgb,per_subgroup_ewma[maj_pos],DI_star,-0.045037876805999015,0.1993399702973099,-0.03479935298420094,0.2108129035366219,20
meps,variance_group_mag1.5,xgb,per_subgroup_ewma[maj_pos],AOD_star,0.004285714285714279,0.2584048857279197,0.02885479439183681,0.2515085818520158,20
meps,variance_group_mag1.5,xgb,per_subgroup_ewma[maj_pos],BalAcc,-0.03571934821084109,0.23799027868591432,-0.00980300159690869,0.2503842240209094,20
meps,variance_group_mag1.5,xgb,per_subgroup_baseline_relative[maj_pos],DI_star,-0.04845515377673917,0.2139933919284158,-0.06616158575929375,0.2023223978726731,20
meps,variance_group_mag1.5,xgb,per_subgroup_baseline_relative[maj_pos],AOD_star,-0.016917293233082713,0.194940164417424,-0.01868437551264878,0.1967430152220317,20
meps,variance_group_mag1.5,xgb,per_subgroup_baseline_relative[maj_pos],BalAcc,0.0007921180609028716,0.17980242314587036,0.0012006838397706832,0.19845001187442424,20
meps,variance_group_mag2.0,lr,global_mean,DI_star,0.49263157894736836,0.1741580620700022,0.504575824142093,0.15799756832060244,20
meps,variance_group_mag2.0,lr,global_mean,AOD_star,0.3393233082706767,0.19696279119658047,0.3346049987158786,0.17924787606106463,20
meps,variance_group_mag2.0,lr,global_mean,BalAcc,0.07149830095248957,0.2527174740269257,0.05975677588559049,0.2620565089994988,20
meps,variance_group_mag2.0,lr,global_ewma,DI_star,0.5157142857142857,0.16721944811982414,0.5256921004553549,0.16089553795131137,20
meps,variance_group_mag2.0,lr,global_ewma,AOD_star,0.36203007518796987,0.17830609492045446,0.362980883506155,0.17792858826972063,20
meps,variance_group_mag2.0,lr,global_ewma,BalAcc,0.04684069115797482,0.24111040316135984,0.03801380133645933,0.24125589584159715,20
meps,variance_group_mag2.0,lr,global_std,DI_star,0.17917293233082704,0.16938584763673276,0.22803511925228426,0.1679341486000905,20
meps,variance_group_mag2.0,lr,global_std,AOD_star,0.1242857142857143,0.2271330259972589,0.1356527725482633,0.2149157505103404,20
meps,variance_group_mag2.0,lr,global_std,BalAcc,0.05781864384486328,0.23761776484925473,0.03664871241450725,0.23019026433183026,20
meps,variance_group_mag2.0,lr,subgroup_violation_diff,DI_star,0.08060150375939848,0.1559054058145958,0.0835663220490637,0.16726625661599764,20
meps,variance_group_mag2.0,lr,subgroup_violation_diff,AOD_star,0.06977443609022557,0.19613680889552532,0.06943044768042676,0.20626086616679912,20
meps,variance_group_mag2.0,lr,subgroup_violation_diff,BalAcc,0.07632450036161191,0.232900929122734,0.09267593466678384,0.20943778208275307,20
meps,variance_group_mag2.0,lr,max_subgroup_deviation,DI_star,0.4825563909774435,0.1558571716932809,0.4551236006916219,0.17109282956462465,20
meps,variance_group_mag2.0,lr,max_subgroup_deviation,AOD_star,0.30496240601503755,0.15423807322615704,0.2694868965859303,0.1888385236685474,20
meps,variance_group_mag2.0,lr,max_subgroup_deviation,BalAcc,0.05680099015628963,0.2410558585196506,0.05626068448306021,0.23663232837121362,20
meps,variance_group_mag2.0,lr,assignment_proportion_drift,DI_star,0.16346461570398044,0.1544105840634676,0.37764245858560386,0.13696300160078384,20
meps,variance_group_mag2.0,lr,assignment_proportion_drift,AOD_star,0.07733956265080606,0.23308124039456446,0.2428810966923663,0.1959673560006867,20
meps,variance_group_mag2.0,lr,assignment_proportion_drift,BalAcc,0.024115645406675167,0.26418417215365664,0.036797101193151015,0.24311411967106406,20
meps,variance_group_mag2.0,lr,ks_statistic,DI_star,0.44601503759398486,0.19853747578074238,0.4699463458074026,0.14231560693314985,20
meps,variance_group_mag2.0,lr,ks_statistic,AOD_star,0.30218045112781955,0.21506465732217098,0.30512531611715227,0.19579033724335906,20
meps,variance_group_mag2.0,lr,ks_statistic,BalAcc,0.031843505227289105,0.2373480782263696,0.04287535149116105,0.24129144594515317,20
meps,variance_group_mag2.0,lr,kl_divergence,DI_star,0.42932330827067666,0.18464395839877826,0.4772553131204603,0.1716560333338312,20
meps,variance_group_mag2.0,lr,kl_divergence,AOD_star,0.29984962406015037,0.17503229715779633,0.3216677149162395,0.18429356184882206,20
meps,variance_group_mag2.0,lr,kl_divergence,BalAcc,0.047854526762554174,0.2321706398870293,0.02351719437641906,0.25137543380575034,20
meps,variance_group_mag2.0,lr,per_subgroup_ewma[min_neg],DI_star,nan,nan,nan,nan,0
meps,variance_group_mag2.0,lr,per_subgroup_ewma[min_neg],AOD_star,nan,nan,nan,nan,0
meps,variance_group_mag2.0,lr,per_subgroup_ewma[min_neg],BalAcc,nan,nan,nan,nan,0
meps,variance_group_mag2.0,lr,per_subgroup_baseline_relative[min_neg],DI_star,nan,nan,nan,nan,0
meps,variance_group_mag2.0,lr,per_subgroup_baseline_relative[min_neg],AOD_star,nan,nan,nan,nan,0
meps,variance_group_mag2.0,lr,per_subgroup_baseline_relative[min_neg],BalAcc,nan,nan,nan,nan,0
meps,variance_group_mag2.0,lr,per_subgroup_ewma[min_pos],DI_star,0.48766917293233086,0.17566079019405675,0.5202042893519925,0.15409767452157414,20
meps,variance_group_mag2.0,lr,per_subgroup_ewma[min_pos],AOD_star,0.3578195488721804,0.181446175714564,0.3563347156254853,0.17676084784633578,20
meps,variance_group_mag2.0,lr,per_subgroup_ewma[min_pos],BalAcc,0.0706737503905425,0.22584876077155122,0.06368098141383922,0.24068084106804466,20
meps,variance_group_mag2.0,lr,per_subgroup_baseline_relative[min_pos],DI_star,0.27706766917293235,0.17496153361269584,0.3610739690932288,0.1574290593191377,20
meps,variance_group_mag2.0,lr,per_subgroup_baseline_relative[min_pos],AOD_star,0.2061654135338346,0.18060576081326823,0.2451014026868905,0.1972317357372848,20
meps,variance_group_mag2.0,lr,per_subgroup_baseline_relative[min_pos],BalAcc,0.12170085030173908,0.22214535287366252,0.11664574781074813,0.21877173243971387,20
meps,variance_group_mag2.0,lr,per_subgroup_ewma[maj_neg],DI_star,0.23806125762913752,0.27526636037173197,0.2560283923660851,0.29321326120416286,20
meps,variance_group_mag2.0,lr,per_subgroup_ewma[maj_neg],AOD_star,0.11251650507241955,0.30275850735057663,0.1330075383947792,0.31227890939017927,20
meps,variance_group_mag2.0,lr,per_subgroup_ewma[maj_neg],BalAcc,-0.0010019148625946786,0.2342628801669134,0.01951173571570945,0.21178095120824672,20
meps,variance_group_mag2.0,lr,per_subgroup_baseline_relative[maj_neg],DI_star,0.09791259435334693,0.22601053194439358,0.08605692250659991,0.23028234098079928,20
meps,variance_group_mag2.0,lr,per_subgroup_baseline_relative[maj_neg],AOD_star,0.02364200949545761,0.24019474559603163,0.029460931886087376,0.25207835483515617,20
meps,variance_group_mag2.0,lr,per_subgroup_baseline_relative[maj_neg],BalAcc,0.024236296662439063,0.1986245705497976,0.041969115231271,0.18770998518686496,20
meps,variance_group_mag2.0,lr,per_subgroup_ewma[maj_pos],DI_star,0.397593984962406,0.18951151311113884,0.44240645958295877,0.16403536442406433,20
meps,variance_group_mag2.0,lr,per_subgroup_ewma[maj_pos],AOD_star,0.3224812030075188,0.18929366970760847,0.3194018417691885,0.19547158348704902,20
meps,variance_group_mag2.0,lr,per_subgroup_ewma[maj_pos],BalAcc,0.03458604193385861,0.2088347906896503,0.026377274193939766,0.20978285240128272,20
meps,variance_group_mag2.0,lr,per_subgroup_baseline_relative[maj_pos],DI_star,0.46887218045112783,0.1778926394476552,0.41664704790278295,0.1765653625497722,20
meps,variance_group_mag2.0,lr,per_subgroup_baseline_relative[maj_pos],AOD_star,0.32917293233082706,0.18019022492231795,0.271543505674764,0.17642268444454057,20
meps,variance_group_mag2.0,lr,per_subgroup_baseline_relative[maj_pos],BalAcc,0.0393917368178264,0.2539407137874399,0.02350530168601722,0.26512546968812256,20
meps,variance_group_mag2.0,xgb,global_mean,DI_star,0.023048011697580188,0.24546905725041782,-0.008265107508222532,0.22637270499491394,20
meps,variance_group_mag2.0,xgb,global_mean,AOD_star,0.022330827067669166,0.2605595786466792,0.006369224906857018,0.2521187453848195,20
meps,variance_group_mag2.0,xgb,global_mean,BalAcc,0.04037237630456271,0.21534628477803125,0.021557525347253192,0.21354328637086487,20
meps,variance_group_mag2.0,xgb,global_ewma,DI_star,0.02970481969472205,0.23574756617815576,0.0025449785036006796,0.21499804621510177,20
meps,variance_group_mag2.0,xgb,global_ewma,AOD_star,0.038045112781954875,0.23420351429902125,0.029608698754938267,0.2240517589419013,20
meps,variance_group_mag2.0,xgb,global_ewma,BalAcc,0.014393504449305261,0.21709967418711015,-0.0026145402519185804,0.21051644621078322,20
meps,variance_group_mag2.0,xgb,global_std,DI_star,0.20684960002062813,0.19137675616635244,0.2447909028323425,0.1827352637114373,20
meps,variance_group_mag2.0,xgb,global_std,AOD_star,0.1294736842105263,0.24518837341711222,0.13788763399868384,0.24304554045809806,20
meps,variance_group_mag2.0,xgb,global_std,BalAcc,0.03800538349816604,0.24278205086427412,0.06640902004989561,0.2688589323337795,20
meps,variance_group_mag2.0,xgb,subgroup_violation_diff,DI_star,0.007366950383241183,0.2164332505538902,-0.0040035044581442445,0.19851338567298266,20
meps,variance_group_mag2.0,xgb,subgroup_violation_diff,AOD_star,0.02090225563909775,0.204167612619204,-0.005946023292716006,0.20646542974591892,20
meps,variance_group_mag2.0,xgb,subgroup_violation_diff,BalAcc,0.07514775984526094,0.23727306613011126,0.08869130282558868,0.23231872160912836,20
meps,variance_group_mag2.0,xgb,max_subgroup_deviation,DI_star,0.040191095097266614,0.22275664210867097,-0.001501000644859979,0.21605039128187206,20
meps,variance_group_mag2.0,xgb,max_subgroup_deviation,AOD_star,0.02127819548872181,0.2345562323875573,-0.016127691147519642,0.255367917500998,20
meps,variance_group_mag2.0,xgb,max_subgroup_deviation,BalAcc,0.04849411944372915,0.18862256687519133,0.05236379236730698,0.18726397585473883,20
meps,variance_group_mag2.0,xgb,assignment_proportion_drift,DI_star,-0.08016230210984596,0.21779383725278106,-0.016121532495855743,0.23188952018677736,20
meps,variance_group_mag2.0,xgb,assignment_proportion_drift,AOD_star,-0.1063908987046592,0.22741525138951033,-0.02051663476158928,0.24292257996268163,20
meps,variance_group_mag2.0,xgb,assignment_proportion_drift,BalAcc,-0.013819145278504358,0.29151640036746646,0.0034298742568295514,0.2818652634292966,20
meps,variance_group_mag2.0,xgb,ks_statistic,DI_star,-0.012133990703359281,0.2513989336830868,-0.0134434842295621,0.22582767282089258,20
meps,variance_group_mag2.0,xgb,ks_statistic,AOD_star,-0.0024060150375939922,0.26145373018433893,0.004595865348336695,0.2524239238517489,20
meps,variance_group_mag2.0,xgb,ks_statistic,BalAcc,0.020146784112684633,0.23072006933258152,0.0015666788503115065,0.2570510199414176,20
meps,variance_group_mag2.0,xgb,kl_divergence,DI_star,-0.02649808883671212,0.2596734609389214,-0.026938153624680043,0.25475714237489716,20
meps,variance_group_mag2.0,xgb,kl_divergence,AOD_star,0.0033834586466165405,0.2716643946710982,0.008683569811666705,0.27194422562580184,20
meps,variance_group_mag2.0,xgb,kl_divergence,BalAcc,0.013753346126057059,0.26070315511020575,-0.013722765192072623,0.24647281867881035,20
meps,variance_group_mag2.0,xgb,per_subgroup_ewma[min_neg],DI_star,nan,nan,nan,nan,0
meps,variance_group_mag2.0,xgb,per_subgroup_ewma[min_neg],AOD_star,nan,nan,nan,nan,0
meps,variance_group_mag2.0,xgb,per_subgroup_ewma[min_neg],BalAcc,nan,nan,nan,nan,0
meps,variance_group_mag2.0,xgb,per_subgroup_baseline_relative[min_neg],DI_star,nan,nan,nan,nan,0
meps,variance_group_mag2.0,xgb,per_subgroup_baseline_relative[min_neg],AOD_star,nan,nan,nan,nan,0
meps,variance_group_mag2.0,xgb,per_subgroup_baseline_relative[min_neg],BalAcc,nan,nan,nan,nan,0
meps,variance_group_mag2.0,xgb,per_subgroup_ewma[min_pos],DI_star,0.01767550812355098,0.24157873073987074,-0.0021366787345216977,0.24710206677261903,20
meps,variance_group_mag2.0,xgb,per_subgroup_ewma[min_pos],AOD_star,0.029323308270676685,0.2420812111529132,0.02571993853261567,0.25633863951298763,20
meps,variance_group_mag2.0,xgb,per_subgroup_ewma[min_pos],BalAcc,0.032739651931996,0.20979540798256652,0.02222476375393261,0.20970574426303148,20
meps,variance_group_mag2.0,xgb,per_subgroup_baseline_relative[min_pos],DI_star,-0.021837735678142206,0.2845515292560274,-0.006106413141017947,0.26377183301855217,20
meps,variance_group_mag2.0,xgb,per_subgroup_baseline_relative[min_pos],AOD_star,0.0023308270676691764,0.2751014593465329,-0.0009614866097936326,0.29034207691116926,20
meps,variance_group_mag2.0,xgb,per_subgroup_baseline_relative[min_pos],BalAcc,0.14480965437848042,0.1975626240383209,0.10929570806273932,0.2017512817345455,20
meps,variance_group_mag2.0,xgb,per_subgroup_ewma[maj_neg],DI_star,-0.020314147879844972,0.18400878505862678,-0.02111382106980492,0.19398602287694278,20
meps,variance_group_mag2.0,xgb,per_subgroup_ewma[maj_neg],AOD_star,-0.057191470467832364,0.17864423046545758,-0.05392863043106444,0.19033470042198822,20
meps,variance_group_mag2.0,xgb,per_subgroup_ewma[maj_neg],BalAcc,-0.04736967450780523,0.24234899136939914,-0.02340908554832363,0.22570743904732932,20
meps,variance_group_mag2.0,xgb,per_subgroup_baseline_relative[maj_neg],DI_star,-0.03816016661554796,0.22998872795953054,-0.0541463544165421,0.23038725265926915,20
meps,variance_group_mag2.0,xgb,per_subgroup_baseline_relative[maj_neg],AOD_star,-0.062360897311625654,0.18204773781138464,-0.08053205275571408,0.21306500305957582,20
meps,variance_group_mag2.0,xgb,per_subgroup_baseline_relative[maj_neg],BalAcc,-0.037344052625064114,0.2575945253069274,-0.0346314104847676,0.2362785077126969,20
meps,variance_group_mag2.0,xgb,per_subgroup_ewma[maj_pos],DI_star,0.014481079980633776,0.21886545125086987,0.02009410503098989,0.18924130206656717,20
meps,variance_group_mag2.0,xgb,per_subgroup_ewma[maj_pos],AOD_star,0.033684210526315796,0.19111379893322078,0.04597776084950327,0.20149714118743065,20
meps,variance_group_mag2.0,xgb,per_subgroup_ewma[maj_pos],BalAcc,-0.011958620455728423,0.1978890436763753,-0.016939930100730805,0.21222846078453234,20
meps,variance_group_mag2.0,xgb,per_subgroup_baseline_relative[maj_pos],DI_star,0.030455766084549352,0.2118565623906617,-0.02311884671887026,0.18327013952083307,20
meps,variance_group_mag2.0,xgb,per_subgroup_baseline_relative[maj_pos],AOD_star,0.021052631578947368,0.19566215557081695,-0.001359453086287829,0.19246173583283543,20
meps,variance_group_mag2.0,xgb,per_subgroup_baseline_relative[maj_pos],BalAcc,0.013682457035888777,0.21412317191692856,-0.0009813940707349444,0.21482187622607055,20
meps,variance_group_mag2.5,lr,global_mean,DI_star,0.6009774436090225,0.13520651473997275,0.5941528226122095,0.1285018459517784,20
meps,variance_group_mag2.5,lr,global_mean,AOD_star,0.4109774436090225,0.19292893180861836,0.4010992221831951,0.17226613431837295,20
meps,variance_group_mag2.5,lr,global_mean,BalAcc,0.01721804511278196,0.2620062771687372,0.0221837476739905,0.2712397627490502,20
meps,variance_group_mag2.5,lr,global_ewma,DI_star,0.613984962406015,0.12283339699288914,0.6091074797238727,0.1224116700770303,20
meps,variance_group_mag2.5,lr,global_ewma,AOD_star,0.42218045112781954,0.1788322590538014,0.4203690356548222,0.1724936775586292,20
meps,variance_group_mag2.5,lr,global_ewma,BalAcc,-0.008646616541353385,0.24536537333355615,-0.000702937124517164,0.24352523024474473,20
meps,variance_group_mag2.5,lr,global_std,DI_star,0.4270676691729324,0.17473658328245553,0.47899212881874415,0.1672148014755336,20
meps,variance_group_mag2.5,lr,global_std,AOD_star,0.2980451127819549,0.22421582118072825,0.31672331615750127,0.20587309820578759,20
meps,variance_group_mag2.5,lr,global_std,BalAcc,-0.023684210526315787,0.20559689468105558,-0.012149302114158636,0.1971783668121286,20
meps,variance_group_mag2.5,lr,subgroup_violation_diff,DI_star,0.1550375939849624,0.17509333014378378,0.12935301067088978,0.16180759894034827,20
meps,variance_group_mag2.5,lr,subgroup_violation_diff,AOD_star,0.11857142857142855,0.2194274435030699,0.10800017842266871,0.2311019726061877,20
meps,variance_group_mag2.5,lr,subgroup_violation_diff,BalAcc,0.04654135338345864,0.23691321286063716,0.07277591445605912,0.22208944919979698,20
meps,variance_group_mag2.5,lr,max_subgroup_deviation,DI_star,0.5790977443609022,0.14162180561101356,0.5559670034423124,0.14523499397151218,20
meps,variance_group_mag2.5,lr,max_subgroup_deviation,AOD_star,0.3766917293233082,0.17678129229039238,0.3527362166525325,0.1763117762577406,20
meps,variance_group_mag2.5,lr,max_subgroup_deviation,BalAcc,0.007142857142857145,0.22751431200823244,0.019067458031693102,0.2409410747799548,20
meps,variance_group_mag2.5,lr,assignment_proportion_drift,DI_star,0.177413218357354,0.15699853978348427,0.42794602601520176,0.131439670709004,20
meps,variance_group_mag2.5,lr,assignment_proportion_drift,AOD_star,0.07982351159641042,0.20774344045124948,0.2942008836303792,0.1847129845412921,20
meps,variance_group_mag2.5,lr,assignment_proportion_drift,BalAcc,0.026015676823574384,0.2383868056008244,0.03073870977373059,0.23396937432423107,20
meps,variance_group_mag2.5,lr,ks_statistic,DI_star,0.5377443609022555,0.13083691951497833,0.5565192276005038,0.12003328083669056,20
meps,variance_group_mag2.5,lr,ks_statistic,AOD_star,0.34812030075187966,0.18391014330556457,0.37458123142191757,0.16947625702083796,20
meps,variance_group_mag2.5,lr,ks_statistic,BalAcc,-0.03503759398496241,0.2271876892388097,0.007159882290430011,0.2414412126778472,20
meps,variance_group_mag2.5,lr,kl_divergence,DI_star,0.5321804511278194,0.11127910993324737,0.5650664317610321,0.11729843342089705,20
meps,variance_group_mag2.5,lr,kl_divergence,AOD_star,0.3538345864661654,0.16665365619031877,0.38504059883074676,0.16284502751045146,20
meps,variance_group_mag2.5,lr,kl_divergence,BalAcc,-0.031879699248120286,0.2566629651197948,-0.017543161516194505,0.2625318470924026,20
meps,variance_group_mag2.5,lr,per_subgroup_ewma[min_neg],DI_star,nan,nan,nan,nan,0
meps,variance_group_mag2.5,lr,per_subgroup_ewma[min_neg],AOD_star,nan,nan,nan,nan,0
meps,variance_group_mag2.5,lr,per_subgroup_ewma[min_neg],BalAcc,nan,nan,nan,nan,0
meps,variance_group_mag2.5,lr,per_subgroup_baseline_relative[min_neg],DI_star,nan,nan,nan,nan,0
meps,variance_group_mag2.5,lr,per_subgroup_baseline_relative[min_neg],AOD_star,nan,nan,nan,nan,0
meps,variance_group_mag2.5,lr,per_subgroup_baseline_relative[min_neg],BalAcc,nan,nan,nan,nan,0
meps,variance_group_mag2.5,lr,per_subgroup_ewma[min_pos],DI_star,0.6,0.12252640437615142,0.6089222881037835,0.118914476941389,20
meps,variance_group_mag2.5,lr,per_subgroup_ewma[min_pos],AOD_star,0.4144360902255639,0.18012150345407887,0.42380736295857535,0.1704297829488901,20
meps,variance_group_mag2.5,lr,per_subgroup_ewma[min_pos],BalAcc,-0.005563909774436102,0.24456098228728915,0.019052882117350154,0.24372275891814893,20
meps,variance_group_mag2.5,lr,per_subgroup_baseline_relative[min_pos],DI_star,0.46075187969924797,0.1371857207781286,0.48017944075952573,0.13255821439755364,20
meps,variance_group_mag2.5,lr,per_subgroup_baseline_relative[min_pos],AOD_star,0.31721804511278195,0.18274697103994628,0.333136670349705,0.1965206543809955,20
meps,variance_group_mag2.5,lr,per_subgroup_baseline_relative[min_pos],BalAcc,0.04669172932330825,0.23731327997884194,0.06380082020107752,0.2377721476622551,20
meps,variance_group_mag2.5,lr,per_subgroup_ewma[maj_neg],DI_star,0.3499951663132995,0.2528777864080983,0.3541290049588776,0.24639215023624098,20
meps,variance_group_mag2.5,lr,per_subgroup_ewma[maj_neg],AOD_star,0.17737627729395533,0.27323586973090563,0.19180813681160785,0.25920684422682166,20
meps,variance_group_mag2.5,lr,per_subgroup_ewma[maj_neg],BalAcc,-0.03496337165203554,0.26540018136064203,-0.023490530108853568,0.2640910330522906,20
meps,variance_group_mag2.5,lr,per_subgroup_baseline_relative[maj_neg],DI_star,0.19558405990702626,0.16605802295799352,0.17739350095770232,0.17242862095717013,20
meps,variance_group_mag2.5,lr,per_subgroup_baseline_relative[maj_neg],AOD_star,0.040350572471726444,0.23299719459831814,0.0686000862436982,0.263749871830445,20
meps,variance_group_mag2.5,lr,per_subgroup_baseline_relative[maj_neg],BalAcc,-0.002826129684369278,0.27379486364037775,0.002766577478259446,0.25851072128148544,20
meps,variance_group_mag2.5,lr,per_subgroup_ewma[maj_pos],DI_star,0.53796992481203,0.12575409935440587,0.5619007585391402,0.12446317178864023,20
meps,variance_group_mag2.5,lr,per_subgroup_ewma[maj_pos],AOD_star,0.3806015037593985,0.17445287707662507,0.3923136941852577,0.1841258438652343,20
meps,variance_group_mag2.5,lr,per_subgroup_ewma[maj_pos],BalAcc,-0.012631578947368419,0.21929968348973652,-0.008178047067908992,0.2218403587495867,20
meps,variance_group_mag2.5,lr,per_subgroup_baseline_relative[maj_pos],DI_star,0.5743609022556391,0.1387379822259841,0.5442864794435253,0.13815930303167515,20
meps,variance_group_mag2.5,lr,per_subgroup_baseline_relative[maj_pos],AOD_star,0.39481203007518795,0.17527183445556038,0.3594755816384355,0.16969501392307887,20
meps,variance_group_mag2.5,lr,per_subgroup_baseline_relative[maj_pos],BalAcc,-0.003458646616541365,0.2577081681189045,-0.002277515300227624,0.279304517012575,20
meps,variance_group_mag2.5,xgb,global_mean,DI_star,0.22000336557033567,0.33738841270080977,0.19462143909829382,0.31341525386535973,20
meps,variance_group_mag2.5,xgb,global_mean,AOD_star,0.14804511278195487,0.29585581475437545,0.11746383191176923,0.2856515564571925,20
meps,variance_group_mag2.5,xgb,global_mean,BalAcc,-0.038462026327928875,0.2509988150276166,-0.040389858588730496,0.22630986515753304,20
meps,variance_group_mag2.5,xgb,global_ewma,DI_star,0.21680698596226583,0.3391702417887022,0.23052938882487123,0.3310822345137633,20
meps,variance_group_mag2.5,xgb,global_ewma,AOD_star,0.15533834586466164,0.28019968974196624,0.15177649618429861,0.27129584601548284,20
meps,variance_group_mag2.5,xgb,global_ewma,BalAcc,-0.06650801585509727,0.2438510060537702,-0.06880247072524934,0.22392375335184525,20
meps,variance_group_mag2.5,xgb,global_std,DI_star,0.3158288353006518,0.2763976251475991,0.3571076660362686,0.28082267492934376,20
meps,variance_group_mag2.5,xgb,global_std,AOD_star,0.21375939849624057,0.2578341299705047,0.2144720496866098,0.26001237155739965,20
meps,variance_group_mag2.5,xgb,global_std,BalAcc,-0.05586992212541636,0.2172303634659762,-0.047260539359011464,0.2236724313862387,20
meps,variance_group_mag2.5,xgb,subgroup_violation_diff,DI_star,-0.04346028697855371,0.22935191986946324,-0.06224727274120667,0.21596396893106384,20
meps,variance_group_mag2.5,xgb,subgroup_violation_diff,AOD_star,-0.008571428571428568,0.2267577928401022,-0.03893646009565048,0.2319520828279228,20
meps,variance_group_mag2.5,xgb,subgroup_violation_diff,BalAcc,0.06725076043486275,0.23610146310030392,0.07150966325975561,0.23334924562220147,20
meps,variance_group_mag2.5,xgb,max_subgroup_deviation,DI_star,0.21335037565718812,0.3312560540225538,0.21870484215650482,0.33179373472008356,20
meps,variance_group_mag2.5,xgb,max_subgroup_deviation,AOD_star,0.13616541353383455,0.2912306702526943,0.10795858201439104,0.30221627246973154,20
meps,variance_group_mag2.5,xgb,max_subgroup_deviation,BalAcc,-0.029626237872357863,0.21388447332094732,-0.03991328652641866,0.19636184813369192,20
meps,variance_group_mag2.5,xgb,assignment_proportion_drift,DI_star,-0.05831676630378133,0.22156945271500988,0.056597506768282756,0.2509340042197782,20
meps,variance_group_mag2.5,xgb,assignment_proportion_drift,AOD_star,-0.08482333380574206,0.20440123227467408,0.022806390521610202,0.255639298809501,20
meps,variance_group_mag2.5,xgb,assignment_proportion_drift,BalAcc,0.007769699040853856,0.2854577994068662,-0.006138240643703496,0.27847344377253075,20
meps,variance_group_mag2.5,xgb,ks_statistic,DI_star,0.15346136169849284,0.33951585751253904,0.1336228323091722,0.30620462254317965,20
meps,variance_group_mag2.5,xgb,ks_statistic,AOD_star,0.10624060150375939,0.2969048219353878,0.07755452895158248,0.28589235395194496,20
meps,variance_group_mag2.5,xgb,ks_statistic,BalAcc,-0.07019253748455334,0.24299725744850378,-0.046407475145934726,0.2565251839829764,20
meps,variance_group_mag2.5,xgb,kl_divergence,DI_star,0.10943712252234754,0.35165570944335,0.13420763073694525,0.3233810986936352,20
meps,variance_group_mag2.5,xgb,kl_divergence,AOD_star,0.08097744360902256,0.2689158578340199,0.09042170248174988,0.27159886532936933,20
meps,variance_group_mag2.5,xgb,kl_divergence,BalAcc,-0.0751576868636461,0.27835675034631574,-0.06236586449514794,0.25176248705678933,20
meps,variance_group_mag2.5,xgb,per_subgroup_ewma[min_neg],DI_star,nan,nan,nan,nan,0
meps,variance_group_mag2.5,xgb,per_subgroup_ewma[min_neg],AOD_star,nan,nan,nan,nan,0
meps,variance_group_mag2.5,xgb,per_subgroup_ewma[min_neg],BalAcc,nan,nan,nan,nan,0
meps,variance_group_mag2.5,xgb,per_subgroup_baseline_relative[min_neg],DI_star,nan,nan,nan,nan,0
meps,variance_group_mag2.5,xgb,per_subgroup_baseline_relative[min_neg],AOD_star,nan,nan,nan,nan,0
meps,variance_group_mag2.5,xgb,per_subgroup_baseline_relative[min_neg],BalAcc,nan,nan,nan,nan,0
meps,variance_group_mag2.5,xgb,per_subgroup_ewma[min_pos],DI_star,0.2079337307911989,0.3430637538547214,0.2055585560638215,0.32853676324535513,20
meps,variance_group_mag2.5,xgb,per_subgroup_ewma[min_pos],AOD_star,0.1484962406015037,0.28068017617562835,0.13760662772582025,0.2862660763726803,20
meps,variance_group_mag2.5,xgb,per_subgroup_ewma[min_pos],BalAcc,-0.04504163832578599,0.23920012812583108,-0.04934267597937095,0.2167453476159471,20
meps,variance_group_mag2.5,xgb,per_subgroup_baseline_relative[min_pos],DI_star,0.11383518039034228,0.3242973742061992,0.12689996369025697,0.3127010327030718,20
meps,variance_group_mag2.5,xgb,per_subgroup_baseline_relative[min_pos],AOD_star,0.0856390977443609,0.28911411121381925,0.07361233784479612,0.30758358654228096,20
meps,variance_group_mag2.5,xgb,per_subgroup_baseline_relative[min_pos],BalAcc,0.04965926429757895,0.20611097856215987,0.029868344855017957,0.20438923472016807,20
meps,variance_group_mag2.5,xgb,per_subgroup_ewma[maj_neg],DI_star,0.12692349439773254,0.25180790906627276,0.16282558868131325,0.26771151304959995,20
meps,variance_group_mag2.5,xgb,per_subgroup_ewma[maj_neg],AOD_star,0.023426463722050154,0.22787188655102772,0.03721343259422859,0.2503847261105973,20
meps,variance_group_mag2.5,xgb,per_subgroup_ewma[maj_neg],BalAcc,-0.09097443829530795,0.24882209889240314,-0.07705844625923901,0.2424318755582513,20
meps,variance_group_mag2.5,xgb,per_subgroup_baseline_relative[maj_neg],DI_star,0.04577061523508493,0.1921454521891771,0.05222938446659745,0.2019108719799295,20
meps,variance_group_mag2.5,xgb,per_subgroup_baseline_relative[maj_neg],AOD_star,-0.030827337684469137,0.260906943414092,-0.035491315644677696,0.28373566452596904,20
meps,variance_group_mag2.5,xgb,per_subgroup_baseline_relative[maj_neg],BalAcc,-0.07903113163254522,0.23493077535871093,-0.06326023784975529,0.2076949245452893,20
meps,variance_group_mag2.5,xgb,per_subgroup_ewma[maj_pos],DI_star,0.208648483160195,0.31634182599397953,0.26161912254740827,0.32823583416373553,20
meps,variance_group_mag2.5,xgb,per_subgroup_ewma[maj_pos],AOD_star,0.15278195488721807,0.24496439071093049,0.17525749607358346,0.262035909668738,20
meps,variance_group_mag2.5,xgb,per_subgroup_ewma[maj_pos],BalAcc,-0.073912800621182,0.21013691383914213,-0.08426556674720288,0.21996133480376678,20
meps,variance_group_mag2.5,xgb,per_subgroup_baseline_relative[maj_pos],DI_star,0.2174099038268474,0.3061786538990095,0.21836688221328507,0.2856553117372545,20
meps,variance_group_mag2.5,xgb,per_subgroup_baseline_relative[maj_pos],AOD_star,0.1439097744360902,0.2544461773005386,0.13160567102399806,0.24120981057801763,20
meps,variance_group_mag2.5,xgb,per_subgroup_baseline_relative[maj_pos],BalAcc,-0.048347222202629894,0.2335612653674239,-0.06170344644611177,0.22882455994928141,20
credit,no_drift,lr,global_mean,DI_star,0.061654135338345864,0.211965008946778,0.0791879152133609,0.2356849641354758,20
credit,no_drift,lr,global_mean,AOD_star,0.008045112781954886,0.24612700128833112,0.0305000888788567,0.23525269006742544,20
credit,no_drift,lr,global_mean,BalAcc,0.08488721804511276,0.2668503463644994,0.09724123735042907,0.2156702605133882,20
credit,no_drift,lr,global_ewma,DI_star,0.05436090225563909,0.1528261103382882,0.00821683540024111,0.17725244712736685,20
credit,no_drift,lr,global_ewma,AOD_star,-0.018496240601503757,0.28543440981514157,0.0027651376772697884,0.25157981210074515,20
credit,no_drift,lr,global_ewma,BalAcc,0.0743609022556391,0.2489480269677889,0.1001908103325732,0.22805878337089797,20
credit,no_drift,lr,global_std,DI_star,0.044210526315789464,0.2516964432672714,0.04990906276552913,0.26190263539126246,20
credit,no_drift,lr,global_std,AOD_star,0.03142857142857142,0.20792751512524413,0.04686329195347119,0.21386901976437608,20
credit,no_drift,lr,global_std,BalAcc,0.09578947368421054,0.1923749119116053,0.1002615446089096,0.17973100713193144,20
credit,no_drift,lr,subgroup_violation_diff,DI_star,0.026616541353383448,0.2681638160007968,-0.010905274741710477,0.2467558401096552,20
credit,no_drift,lr,subgroup_violation_diff,AOD_star,0.06661654135338346,0.2698697663101112,0.023819013475038037,0.2682515469836369,20
credit,no_drift,lr,subgroup_violation_diff,BalAcc,-0.025563909774436087,0.18649708693409406,-0.031071839879302267,0.18968522396705953,20
credit,no_drift,lr,max_subgroup_deviation,DI_star,-7.518796992480591e-05,0.2376194309206278,0.0038071659544080053,0.2634439079984131,20
credit,no_drift,lr,max_subgroup_deviation,AOD_star,-0.00135338345864662,0.2723830509206733,-0.005062438429613805,0.25458098685957453,20
credit,no_drift,lr,max_subgroup_deviation,BalAcc,0.03421052631578946,0.191425603459382,0.043802273866619446,0.19769611794792155,20
credit,no_drift,lr,assignment_proportion_drift,DI_star,-0.009591712495642725,0.24333839034136712,0.020441050383764054,0.23661734410848892,20
credit,no_drift,lr,assignment_proportion_drift,AOD_star,0.00785415909520658,0.22028638794953337,0.017572709987589995,0.22599016305161598,20
credit,no_drift,lr,assignment_proportion_drift,BalAcc,0.04627696521721253,0.15565096334131887,0.03432072266842377,0.15494813209376587,20
credit,no_drift,lr,ks_statistic,DI_star,0.027218045112781957,0.24006326073760773,0.01988591634064202,0.25603143536221246,20
credit,no_drift,lr,ks_statistic,AOD_star,0.01180451127819548,0.2767290245378173,-0.015201545518381016,0.2670431856550422,20
credit,no_drift,lr,ks_statistic,BalAcc,-0.03406015037593983,0.2268206967401132,-0.04831097003792728,0.23177787926873827,20
credit,no_drift,lr,kl_divergence,DI_star,0.01233082706766917,0.22368470335448332,0.02655636345685434,0.18875732921435057,20
credit,no_drift,lr,kl_divergence,AOD_star,-0.04022556390977443,0.23935007019565016,-0.015079933192050582,0.20017957941304104,20
credit,no_drift,lr,kl_divergence,BalAcc,-0.04714285714285714,0.2095300136386449,-0.05826416734884969,0.21518329128579872,20
credit,no_drift,lr,per_subgroup_ewma[min_neg],DI_star,0.08094334246386234,0.24481256420067327,0.09338314459423605,0.23974433520504573,20
credit,no_drift,lr,per_subgroup_ewma[min_neg],AOD_star,0.11075080497930896,0.15963089243878667,0.12292185156635012,0.1849913053825222,20
credit,no_drift,lr,per_subgroup_ewma[min_neg],BalAcc,0.022364871648622064,0.22350114275353034,0.03715246512617834,0.19871910905069326,20
credit,no_drift,lr,per_subgroup_baseline_relative[min_neg],DI_star,0.018481748701152323,0.1935240555615199,0.05273660906844585,0.22602612234670902,20
credit,no_drift,lr,per_subgroup_baseline_relative[min_neg],AOD_star,0.002616468840080001,0.21216504553689228,0.006357836541716996,0.19357650548514926,20
credit,no_drift,lr,per_subgroup_baseline_relative[min_neg],BalAcc,-0.044687722392675065,0.22095841052685733,-0.043709505679984585,0.20465451689357006,20
credit,no_drift,lr,per_subgroup_ewma[min_pos],DI_star,0.011278195488721802,0.30979907194540635,0.02822569550746784,0.24960888572511433,20
credit,no_drift,lr,per_subgroup_ewma[min_pos],AOD_star,-0.06969924812030075,0.25455465473703265,-0.0644019394408363,0.2260054028085181,20
credit,no_drift,lr,per_subgroup_ewma[min_pos],BalAcc,0.017969924812030077,0.21478057883188664,0.006089650472555798,0.2120363244883197,20
credit,no_drift,lr,per_subgroup_baseline_relative[min_pos],DI_star,0.006766917293233074,0.26955175594350905,0.007653522458661499,0.2518960810990839,20
credit,no_drift,lr,per_subgroup_baseline_relative[min_pos],AOD_star,0.006090225563909771,0.25875215323701933,0.0005053448602231045,0.26940194173964094,20
credit,no_drift,lr,per_subgroup_baseline_relative[min_pos],BalAcc,-0.019323308270676694,0.2566434384235035,0.007419118400487232,0.24712291554405952,20
credit,no_drift,lr,per_subgroup_ewma[maj_neg],DI_star,-0.006992481203007511,0.24872847542217327,-0.01999724134193046,0.2560981911874219,20
credit,no_drift,lr,per_subgroup_ewma[maj_neg],AOD_star,0.07240601503759399,0.2541888429684689,0.06224253133869909,0.24529362032295612,20
credit,no_drift,lr,per_subgroup_ewma[maj_neg],BalAcc,0.05473684210526315,0.2069750968395516,0.05473320777338311,0.19644210670324985,20
credit,no_drift,lr,per_subgroup_baseline_relative[maj_neg],DI_star,-0.020075187969924822,0.23044899359975327,-0.0019828819331306063,0.24680098224114963,20
credit,no_drift,lr,per_subgroup_baseline_relative[maj_neg],AOD_star,-0.019473684210526317,0.24419287456113914,-0.0194064235381931,0.22637839179067945,20
credit,no_drift,lr,per_subgroup_baseline_relative[maj_neg],BalAcc,0.04827067669172933,0.22161755852502735,0.05426627427638473,0.2048503877953718,20
credit,no_drift,lr,per_subgroup_ewma[maj_pos],DI_star,-0.04045112781954888,0.2655342331360586,-0.03926117842422568,0.26535498528539264,20
credit,no_drift,lr,per_subgroup_ewma[maj_pos],AOD_star,0.019248120300751886,0.3014231606218829,0.020289619188667393,0.2904465629806151,20
credit,no_drift,lr,per_subgroup_ewma[maj_pos],BalAcc,0.03315789473684211,0.19913742136962864,0.07707624330175618,0.17870004487588576,20
credit,no_drift,lr,per_subgroup_baseline_relative[maj_pos],DI_star,-0.010225563909774431,0.2399891643963208,0.0016002433293738113,0.2647055239465566,20
credit,no_drift,lr,per_subgroup_baseline_relative[maj_pos],AOD_star,0.0007518796992481234,0.2715122858427575,0.007688805962783853,0.24489291688950934,20
credit,no_drift,lr,per_subgroup_baseline_relative[maj_pos],BalAcc,0.04180451127819549,0.1907218703148201,0.046176479056142306,0.19698533916162594,20
credit,no_drift,xgb,global_mean,DI_star,-0.022932330827067665,0.19091519617839053,-0.006323026642352236,0.19242181731987387,20
credit,no_drift,xgb,global_mean,AOD_star,-0.11894736842105262,0.2443444297513252,-0.10930381759326939,0.23353509178944012,20
credit,no_drift,xgb,global_mean,BalAcc,0.05233082706766917,0.2544757252408215,0.04718452346758173,0.21596265062701211,20
credit,no_drift,xgb,global_ewma,DI_star,0.012781954887218044,0.17835594438289817,-0.0012387505862138872,0.18416914042499768,20
credit,no_drift,xgb,global_ewma,AOD_star,-0.04969924812030076,0.22663778208202312,-0.059786861758084585,0.1855890723188742,20
credit,no_drift,xgb,global_ewma,BalAcc,0.018496240601503754,0.1845500017579235,0.008270209601193351,0.20098302248441027,20
credit,no_drift,xgb,global_std,DI_star,0.008947368421052626,0.20935143435186143,0.020356066081126688,0.19587900683841244,20
credit,no_drift,xgb,global_std,AOD_star,-0.10736842105263156,0.23169824092723723,-0.11987092225818104,0.23396713728717985,20
credit,no_drift,xgb,global_std,BalAcc,0.02481203007518797,0.24432156999822421,0.037007477294669466,0.19791207064342325,20
credit,no_drift,xgb,subgroup_violation_diff,DI_star,-0.05984962406015036,0.19267060699998118,-0.049995116785251835,0.19292778630170646,20
credit,no_drift,xgb,subgroup_violation_diff,AOD_star,-0.022105263157894732,0.2313826430948978,-0.024376337888916584,0.2353975639425911,20
credit,no_drift,xgb,subgroup_violation_diff,BalAcc,0.08473684210526314,0.23556873346649568,0.07605180401601792,0.2363908746992468,20
credit,no_drift,xgb,max_subgroup_deviation,DI_star,0.06293233082706767,0.16487216604992902,0.07170629752255928,0.16181032156214228,20
credit,no_drift,xgb,max_subgroup_deviation,AOD_star,-0.03894736842105262,0.25304160245905544,-0.04433915909507953,0.25060511573650646,20
credit,no_drift,xgb,max_subgroup_deviation,BalAcc,0.06834586466165414,0.27488107913383375,0.02914345139523456,0.2640988611957671,20
credit,no_drift,xgb,assignment_proportion_drift,DI_star,0.05522979208427181,0.1749840448039467,0.040967795928205084,0.17333540306512935,20
credit,no_drift,xgb,assignment_proportion_drift,AOD_star,0.019582153144605163,0.22648813928124503,0.009774753826581963,0.2411360965054484,20
credit,no_drift,xgb,assignment_proportion_drift,BalAcc,0.11695586295062141,0.25222199040048693,0.12352823628882433,0.2780842400183294,20
credit,no_drift,xgb,ks_statistic,DI_star,0.04248120300751881,0.25544569198684575,0.04937766146487784,0.23481718591674566,20
credit,no_drift,xgb,ks_statistic,AOD_star,0.06571428571428571,0.24767154679735748,0.049407691937419625,0.2113377078376176,20
credit,no_drift,xgb,ks_statistic,BalAcc,0.10067669172932332,0.19648414870117337,0.0748023475616572,0.1943922890614712,20
credit,no_drift,xgb,kl_divergence,DI_star,0.04263157894736842,0.22867047468200616,0.0782358460097161,0.20877766792119815,20
credit,no_drift,xgb,kl_divergence,AOD_star,0.043157894736842096,0.2013994231057751,0.061596312849824586,0.17975191482091152,20
credit,no_drift,xgb,kl_divergence,BalAcc,0.022781954887218042,0.23882344648077075,0.021535159046376196,0.21089729064915858,20
credit,no_drift,xgb,per_subgroup_ewma[min_neg],DI_star,-0.06767412230047157,0.15686348481059756,-0.05011477794815818,0.16833154131524433,20
credit,no_drift,xgb,per_subgroup_ewma[min_neg],AOD_star,-0.05214417226067739,0.20438312865084354,-0.046360271842426234,0.2123241852273912,20
credit,no_drift,xgb,per_subgroup_ewma[min_neg],BalAcc,-0.02876263679710984,0.24138667813134057,-0.033490420480500514,0.23719045307925415,20
credit,no_drift,xgb,per_subgroup_baseline_relative[min_neg],DI_star,-0.05786532242564294,0.2133950590294582,-0.06143459986090991,0.18607611518608347,20
credit,no_drift,xgb,per_subgroup_baseline_relative[min_neg],AOD_star,-0.09328817829834593,0.22479940841416374,-0.06596631398609513,0.21690513666559555,20
credit,no_drift,xgb,per_subgroup_baseline_relative[min_neg],BalAcc,-0.06906546930921935,0.1965440154665848,-0.06012258395594709,0.22004458417707168,20
credit,no_drift,xgb,per_subgroup_ewma[min_pos],DI_star,0.038496240601503764,0.22622779494834602,0.04961872435762075,0.24162232315483131,20
credit,no_drift,xgb,per_subgroup_ewma[min_pos],AOD_star,-0.005639097744360893,0.23461580450819347,-0.006529070488121025,0.22237748285522127,20
credit,no_drift,xgb,per_subgroup_ewma[min_pos],BalAcc,0.04593984962406015,0.18214150313361888,0.03621575119030683,0.18206192541964877,20
credit,no_drift,xgb,per_subgroup_baseline_relative[min_pos],DI_star,-0.016466165413533844,0.21445869551520846,-0.005789683480769123,0.2390544850498484,20
credit,no_drift,xgb,per_subgroup_baseline_relative[min_pos],AOD_star,-0.09345864661654135,0.22582104391469895,-0.08973579117493113,0.2185181281816578,20
credit,no_drift,xgb,per_subgroup_baseline_relative[min_pos],BalAcc,0.1007518796992481,0.22160638532405688,0.10782792654779967,0.23378324713512538,20
credit,no_drift,xgb,per_subgroup_ewma[maj_neg],DI_star,-0.0651127819548872,0.1802311315603877,-0.10159874835523552,0.18141478883239287,20
credit,no_drift,xgb,per_subgroup_ewma[maj_neg],AOD_star,-0.03759398496240602,0.16326146188023216,-0.06444449901056912,0.17408308325489333,20
credit,no_drift,xgb,per_subgroup_ewma[maj_neg],BalAcc,-0.010902255639097752,0.23085223100088711,-0.019819754540873626,0.21550569339166392,20
credit,no_drift,xgb,per_subgroup_baseline_relative[maj_neg],DI_star,-0.06383458646616544,0.23312707557331966,-0.10032396427754679,0.21494530389408695,20
credit,no_drift,xgb,per_subgroup_baseline_relative[maj_neg],AOD_star,-0.08924812030075187,0.25450668024855727,-0.06672641956730081,0.2187132954080621,20
credit,no_drift,xgb,per_subgroup_baseline_relative[maj_neg],BalAcc,-0.06323308270676692,0.17876750612133466,-0.07452098721892407,0.18596330961844362,20
credit,no_drift,xgb,per_subgroup_ewma[maj_pos],DI_star,0.04150375939849624,0.14391252423108059,0.025779149210389367,0.15136306879606581,20
credit,no_drift,xgb,per_subgroup_ewma[maj_pos],AOD_star,-0.01699248120300751,0.2241217556727159,-0.02885798138915329,0.17316818760603553,20
credit,no_drift,xgb,per_subgroup_ewma[maj_pos],BalAcc,0.04842105263157895,0.1975676616974856,0.04108144886785294,0.2004692318603719,20
credit,no_drift,xgb,per_subgroup_baseline_relative[maj_pos],DI_star,0.06218045112781956,0.16562889261700306,0.06514678795504121,0.1658810999553274,20
credit,no_drift,xgb,per_subgroup_baseline_relative[maj_pos],AOD_star,-0.006766917293233077,0.21593613208101237,-0.02261340530575299,0.23602762252962764,20
credit,no_drift,xgb,per_subgroup_baseline_relative[maj_pos],BalAcc,0.040751879699248116,0.2679671822513934,0.008924650040404589,0.26035191608729513,20
credit,gradual_group_mag0.5,lr,global_mean,DI_star,0.3829323308270677,0.2492828880592419,0.31642005185906397,0.2231943408821317,20
credit,gradual_group_mag0.5,lr,global_mean,AOD_star,0.38481203007518794,0.20503631189785845,0.31912702068050947,0.22790939506571323,20
credit,gradual_group_mag0.5,lr,global_mean,BalAcc,-0.06187969924812028,0.1355914717247267,-0.04641250336845782,0.18650466212500452,20
credit,gradual_group_mag0.5,lr,global_ewma,DI_star,0.4333834586466165,0.2855906341056724,0.4121440220706377,0.27660497472189477,20
credit,gradual_group_mag0.5,lr,global_ewma,AOD_star,0.4496992481203007,0.2548929735194228,0.4185440512254329,0.2609722210973722,20
credit,gradual_group_mag0.5,lr,global_ewma,BalAcc,-0.03112781954887217,0.1197865892101639,-0.055741286227899756,0.12919222106465475,20
credit,gradual_group_mag0.5,lr,global_std,DI_star,0.4217293233082707,0.2738074889665905,0.3446714064784047,0.23177706818042523,20
credit,gradual_group_mag0.5,lr,global_std,AOD_star,0.4554135338345865,0.2111817268325528,0.35140037184930184,0.2278712244249268,20
credit,gradual_group_mag0.5,lr,global_std,BalAcc,-0.0257142857142857,0.11647381016280599,-0.03779455721857136,0.17398861905677765,20
credit,gradual_group_mag0.5,lr,subgroup_violation_diff,DI_star,-0.3251127819548872,0.2201288045637761,-0.3636902377200941,0.23353714833828693,20
credit,gradual_group_mag0.5,lr,subgroup_violation_diff,AOD_star,-0.3669924812030075,0.20197928124581255,-0.39671465547687657,0.21624247935304383,20
credit,gradual_group_mag0.5,lr,subgroup_violation_diff,BalAcc,0.04390977443609023,0.15590047428866394,0.04580192135991527,0.17152197486966278,20
credit,gradual_group_mag0.5,lr,max_subgroup_deviation,DI_star,0.31706766917293233,0.28104143764140416,0.3392212529813284,0.25532061162837005,20
credit,gradual_group_mag0.5,lr,max_subgroup_deviation,AOD_star,0.39150375939849624,0.2443140614446784,0.35787219031153417,0.25990143005600275,20
credit,gradual_group_mag0.5,lr,max_subgroup_deviation,BalAcc,-0.07518796992481201,0.13431358061950413,-0.07666943512688758,0.1488585307716571,20
credit,gradual_group_mag0.5,lr,assignment_proportion_drift,DI_star,0.3171604486113345,0.2782187390071671,0.3334198456972065,0.24136471040886223,20
credit,gradual_group_mag0.5,lr,assignment_proportion_drift,AOD_star,0.3604029492586207,0.2795704519367181,0.32785347526711783,0.2590525973512948,20
credit,gradual_group_mag0.5,lr,assignment_proportion_drift,BalAcc,-0.02244942099485882,0.15629314201075611,-0.04062294310974604,0.18592384600310152,20
credit,gradual_group_mag0.5,lr,ks_statistic,DI_star,0.40849624060150375,0.29865785098768655,0.3328325004199614,0.24047722816216632,20
credit,gradual_group_mag0.5,lr,ks_statistic,AOD_star,0.41601503759398495,0.24515349770234668,0.33299170679128626,0.23676525393532244,20
credit,gradual_group_mag0.5,lr,ks_statistic,BalAcc,-0.06729323308270677,0.15429397668008143,-0.060031447565601956,0.18543611821789396,20
credit,gradual_group_mag0.5,lr,kl_divergence,DI_star,0.22481203007518796,0.2505185982979412,0.23233066797570806,0.22973754463790164,20
credit,gradual_group_mag0.5,lr,kl_divergence,AOD_star,0.19691729323308266,0.26242927057257437,0.21589679578564253,0.24595223373254993,20
credit,gradual_group_mag0.5,lr,kl_divergence,BalAcc,-0.08909774436090225,0.20857520961927783,-0.0954250105535275,0.18532227467522777,20
credit,gradual_group_mag0.5,lr,per_subgroup_ewma[min_neg],DI_star,0.14620944169737998,0.2895928942921275,0.10639239381479011,0.2954896837739763,20
credit,gradual_group_mag0.5,lr,per_subgroup_ewma[min_neg],AOD_star,0.15046088514531203,0.29360387998415244,0.1311212339342949,0.27319066890772326,20
credit,gradual_group_mag0.5,lr,per_subgroup_ewma[min_neg],BalAcc,0.03338625857487903,0.20626813968779517,-0.007596391202630603,0.21398340744446814,20
credit,gradual_group_mag0.5,lr,per_subgroup_baseline_relative[min_neg],DI_star,-0.0108481613961462,0.17471417368526987,-0.0737123066263527,0.20584983080095304,20
credit,gradual_group_mag0.5,lr,per_subgroup_baseline_relative[min_neg],AOD_star,-0.07769311872404888,0.2860959931661456,-0.1083261061262013,0.22940142063817634,20
credit,gradual_group_mag0.5,lr,per_subgroup_baseline_relative[min_neg],BalAcc,0.02457909563418522,0.18687946680716835,-0.009630003060670505,0.22887992790297548,20
credit,gradual_group_mag0.5,lr,per_subgroup_ewma[min_pos],DI_star,0.1250375939849624,0.3035357156767389,0.09684397336456568,0.2653903428825171,20
credit,gradual_group_mag0.5,lr,per_subgroup_ewma[min_pos],AOD_star,0.06842105263157894,0.24235754846736757,0.05781996735555358,0.2401115784374512,20
credit,gradual_group_mag0.5,lr,per_subgroup_ewma[min_pos],BalAcc,0.0014285714285714262,0.20755719106523912,-0.02474168343897763,0.21167058704930836,20
credit,gradual_group_mag0.5,lr,per_subgroup_baseline_relative[min_pos],DI_star,-0.002180451127819542,0.2477045845280697,-0.09518494085225845,0.1989338839025064,20
credit,gradual_group_mag0.5,lr,per_subgroup_baseline_relative[min_pos],AOD_star,-0.07586466165413534,0.21489004612544166,-0.14695207525913542,0.1880129882662706,20
credit,gradual_group_mag0.5,lr,per_subgroup_baseline_relative[min_pos],BalAcc,0.017293233082706767,0.2264970672583287,0.013716447722168384,0.21400200441091813,20
credit,gradual_group_mag0.5,lr,per_subgroup_ewma[maj_neg],DI_star,0.41233082706766905,0.26813071638163727,0.44113890217106794,0.28227877451382766,20
credit,gradual_group_mag0.5,lr,per_subgroup_ewma[maj_neg],AOD_star,0.41150375939849626,0.24717673172535418,0.4490011109856444,0.2696898213661641,20
credit,gradual_group_mag0.5,lr,per_subgroup_ewma[maj_neg],BalAcc,-0.03924812030075188,0.13730064462120403,-0.05044028185587525,0.14751014719606634,20
credit,gradual_group_mag0.5,lr,per_subgroup_baseline_relative[maj_neg],DI_star,0.3528571428571428,0.2478587251865114,0.3578223362545813,0.23260413474926944,20
credit,gradual_group_mag0.5,lr,per_subgroup_baseline_relative[maj_neg],AOD_star,0.3281954887218045,0.21745831073751443,0.3438209691302782,0.21798242950157307,20
credit,gradual_group_mag0.5,lr,per_subgroup_baseline_relative[maj_neg],BalAcc,-0.0325563909774436,0.19304503591011052,-0.06366954946675467,0.18930751993653086,20
credit,gradual_group_mag0.5,lr,per_subgroup_ewma[maj_pos],DI_star,0.4301503759398496,0.2891457863618593,0.44634128384690913,0.2817215790213175,20
credit,gradual_group_mag0.5,lr,per_subgroup_ewma[maj_pos],AOD_star,0.4487969924812029,0.2569966057294068,0.46290776525110655,0.2563765894040755,20
credit,gradual_group_mag0.5,lr,per_subgroup_ewma[maj_pos],BalAcc,-0.03706766917293233,0.12255802849591023,-0.05752706132875942,0.12886358068888937,20
credit,gradual_group_mag0.5,lr,per_subgroup_baseline_relative[maj_pos],DI_star,0.39172932330827065,0.29474163721740015,0.4085442574324457,0.28597841154099485,20
credit,gradual_group_mag0.5,lr,per_subgroup_baseline_relative[maj_pos],AOD_star,0.44218045112781956,0.24376977662711632,0.4279075904193248,0.25577509173818713,20
credit,gradual_group_mag0.5,lr,per_subgroup_baseline_relative[maj_pos],BalAcc,-0.056842105263157895,0.13381819617470594,-0.06388597270263573,0.14967022077126302,20
credit,gradual_group_mag0.5,xgb,global_mean,DI_star,-0.4288895739448796,0.09422403024489912,-0.9622840118354178,0.013842414557611442,20
credit,gradual_group_mag0.5,xgb,global_mean,AOD_star,-0.4590977443609021,0.11729429342107958,-0.9629013435570244,0.014286753258253432,20
credit,gradual_group_mag0.5,xgb,global_mean,BalAcc,-0.3263157894736841,0.20184966383028624,-0.4369149090608448,0.16210806559204174,20
credit,gradual_group_mag0.5,xgb,global_ewma,DI_star,-0.5161108997816862,0.09633559980663316,-0.7953073805902703,0.01832462791631574,20
credit,gradual_group_mag0.5,xgb,global_ewma,AOD_star,-0.47067669172932314,0.10982901105021575,-0.7915501391005865,0.020996647458772222,20
credit,gradual_group_mag0.5,xgb,global_ewma,BalAcc,-0.2549624060150376,0.20203189401790886,-0.328110581331549,0.18584364324027594,20
credit,gradual_group_mag0.5,xgb,global_std,DI_star,-0.48990827407128873,0.09510691388718798,-0.9459557778410506,0.02438831240788127,20
credit,gradual_group_mag0.5,xgb,global_std,AOD_star,-0.48052631578947363,0.12864085976493939,-0.9457323519645884,0.02543730615082333,20
credit,gradual_group_mag0.5,xgb,global_std,BalAcc,-0.2871428571428571,0.22343530727445648,-0.41823570088678447,0.16304394510973044,20
credit,gradual_group_mag0.5,xgb,subgroup_violation_diff,DI_star,0.1545475287805272,0.24569347071853812,0.19169032972284755,0.24922737892150978,20
credit,gradual_group_mag0.5,xgb,subgroup_violation_diff,AOD_star,0.10045112781954886,0.26812143932219806,0.1858609006636281,0.251420135530029,20
credit,gradual_group_mag0.5,xgb,subgroup_violation_diff,BalAcc,0.012706766917293227,0.26588042812094315,0.03808445193179889,0.23904120730584857,20
credit,gradual_group_mag0.5,xgb,max_subgroup_deviation,DI_star,-0.5320132261260431,0.09828601979196164,-0.870298552022029,0.0638373601510623,20
credit,gradual_group_mag0.5,xgb,max_subgroup_deviation,AOD_star,-0.4872180451127819,0.14038139661015583,-0.8678156411073015,0.06487736169186026,20
credit,gradual_group_mag0.5,xgb,max_subgroup_deviation,BalAcc,-0.2986466165413533,0.21955783275565408,-0.3786140330337549,0.1768533244875305,20
credit,gradual_group_mag0.5,xgb,assignment_proportion_drift,DI_star,-0.4300533966117127,0.16101239268612985,-0.9053742051904571,0.040549733865001075,20
credit,gradual_group_mag0.5,xgb,assignment_proportion_drift,AOD_star,-0.4134889650316664,0.1108777529631742,-0.9046079696375336,0.0356804548467132,20
credit,gradual_group_mag0.5,xgb,assignment_proportion_drift,BalAcc,-0.2628303384947272,0.18581166955849118,-0.3933626942340523,0.16195612306151008,20
credit,gradual_group_mag0.5,xgb,ks_statistic,DI_star,-0.473028193014769,0.10640580200431933,-0.9566504450597506,0.010771780473185364,20
credit,gradual_group_mag0.5,xgb,ks_statistic,AOD_star,-0.4721804511278195,0.10684207880714831,-0.956450677720641,0.009616737318356959,20
credit,gradual_group_mag0.5,xgb,ks_statistic,BalAcc,-0.30721804511278195,0.21915615303521513,-0.42997543727900467,0.1749664723220761,20
credit,gradual_group_mag0.5,xgb,kl_divergence,DI_star,-0.1926403181173998,0.18354188245309905,-0.27721485249313227,0.18798474267361664,20
credit,gradual_group_mag0.5,xgb,kl_divergence,AOD_star,-0.17030075187969923,0.17591213392648603,-0.2715053840890747,0.1850342543594484,20
credit,gradual_group_mag0.5,xgb,kl_divergence,BalAcc,-0.09601503759398497,0.24220764425650998,-0.12142805381602331,0.22760996036339576,20
credit,gradual_group_mag0.5,xgb,per_subgroup_ewma[min_neg],DI_star,-0.402321699020042,0.14157729774474262,-0.6416749767219542,0.17185806211774673,20
credit,gradual_group_mag0.5,xgb,per_subgroup_ewma[min_neg],AOD_star,-0.4320044586739081,0.190657230509805,-0.6401067415400934,0.1783051670949043,20
credit,gradual_group_mag0.5,xgb,per_subgroup_ewma[min_neg],BalAcc,-0.2599736764333467,0.217377146341245,-0.2722828403403494,0.20377514700125837,20
credit,gradual_group_mag0.5,xgb,per_subgroup_baseline_relative[min_neg],DI_star,-0.2475581707329133,0.22339476307657744,-0.3902206890052419,0.09973814676145529,20
credit,gradual_group_mag0.5,xgb,per_subgroup_baseline_relative[min_neg],AOD_star,-0.2928024823489931,0.2048062956913897,-0.3920400509618399,0.10794662113602821,20
credit,gradual_group_mag0.5,xgb,per_subgroup_baseline_relative[min_neg],BalAcc,-0.19927822696090233,0.23410007948388326,-0.19087320463744487,0.22108784022759898,20
credit,gradual_group_mag0.5,xgb,per_subgroup_ewma[min_pos],DI_star,-0.42313530440787206,0.08577256810054555,-0.7056638742553132,0.1361420277371419,20
credit,gradual_group_mag0.5,xgb,per_subgroup_ewma[min_pos],AOD_star,-0.47774436090225547,0.11197011061078091,-0.709385864643411,0.1274333974814042,20
credit,gradual_group_mag0.5,xgb,per_subgroup_ewma[min_pos],BalAcc,-0.3104511278195488,0.1704632330840167,-0.3302408803434794,0.17352749020398497,20
credit,gradual_group_mag0.5,xgb,per_subgroup_baseline_relative[min_pos],DI_star,-0.2436611959657909,0.28185902969624127,-0.4748049941070729,0.22722093436911872,20
credit,gradual_group_mag0.5,xgb,per_subgroup_baseline_relative[min_pos],AOD_star,-0.29503759398496243,0.26476185731272095,-0.4798438702045016,0.226357920904015,20
credit,gradual_group_mag0.5,xgb,per_subgroup_baseline_relative[min_pos],BalAcc,-0.2196240601503759,0.2621740901527119,-0.24600378606747855,0.24699136872605115,20
credit,gradual_group_mag0.5,xgb,per_subgroup_ewma[maj_neg],DI_star,-0.4612988697064983,0.14653197605415216,-0.504612063209321,0.09369920946105269,20
credit,gradual_group_mag0.5,xgb,per_subgroup_ewma[maj_neg],AOD_star,-0.41984962406015036,0.11634239626480052,-0.4980990635359519,0.08593048936346627,20
credit,gradual_group_mag0.5,xgb,per_subgroup_ewma[maj_neg],BalAcc,-0.23060150375939853,0.19733957540730276,-0.19485200882164022,0.20592690143845518,20
credit,gradual_group_mag0.5,xgb,per_subgroup_baseline_relative[maj_neg],DI_star,-0.4060701523421656,0.17176462620960792,-0.4929226399313503,0.08550368970868603,20
credit,gradual_group_mag0.5,xgb,per_subgroup_baseline_relative[maj_neg],AOD_star,-0.39909774436090223,0.13293896489416954,-0.48909993972002513,0.07988804467572867,20
credit,gradual_group_mag0.5,xgb,per_subgroup_baseline_relative[maj_neg],BalAcc,-0.22706766917293236,0.2074893735270131,-0.21699281563405,0.22554850845440855,20
credit,gradual_group_mag0.5,xgb,per_subgroup_ewma[maj_pos],DI_star,-0.5158100064914688,0.0983528459011738,-0.6395163458043149,0.05381738296690005,20
credit,gradual_group_mag0.5,xgb,per_subgroup_ewma[maj_pos],AOD_star,-0.47030075187969916,0.10849066518951576,-0.6350668617624866,0.054786786773789724,20
credit,gradual_group_mag0.5,xgb,per_subgroup_ewma[maj_pos],BalAcc,-0.24781954887218038,0.20230879475910502,-0.2523085338286777,0.1989408812734398,20
credit,gradual_group_mag0.5,xgb,per_subgroup_baseline_relative[maj_pos],DI_star,-0.5077265502488044,0.09966517818713502,-0.7708637450072713,0.06829935129519833,20
credit,gradual_group_mag0.5,xgb,per_subgroup_baseline_relative[maj_pos],AOD_star,-0.4903007518796992,0.13668045893469521,-0.7682336247369211,0.07114400390641247,20
credit,gradual_group_mag0.5,xgb,per_subgroup_baseline_relative[maj_pos],BalAcc,-0.3000751879699247,0.21160917804026827,-0.32804134655884004,0.1886347799449428,20
credit,gradual_group_mag1.0,lr,global_mean,DI_star,0.7851127819548871,0.13935306784244478,0.5737604726087377,0.10031447905565971,20
credit,gradual_group_mag1.0,lr,global_mean,AOD_star,0.8106766917293232,0.13132986090279106,0.6680867613897222,0.1139510084748954,20
credit,gradual_group_mag1.0,lr,global_mean,BalAcc,-0.07766917293233082,0.1287847458723459,-0.08458922007179707,0.1466630094464728,20
credit,gradual_group_mag1.0,lr,global_ewma,DI_star,0.8121804511278194,0.1485352761104055,0.704794471793241,0.10215872729497211,20
credit,gradual_group_mag1.0,lr,global_ewma,AOD_star,0.8359398496240601,0.13127216653253293,0.7956439403388536,0.11158089254163472,20
credit,gradual_group_mag1.0,lr,global_ewma,BalAcc,-0.05842105263157895,0.13363275733687385,-0.08357969861704437,0.13364426758468717,20
credit,gradual_group_mag1.0,lr,global_std,DI_star,0.8087218045112783,0.13772794333654195,0.6554798895822695,0.10034352701178934,20
credit,gradual_group_mag1.0,lr,global_std,AOD_star,0.8369172932330826,0.12529706912648178,0.7480337316409771,0.10878373271598463,20
credit,gradual_group_mag1.0,lr,global_std,BalAcc,-0.05556390977443609,0.12461482291490246,-0.07993539817441081,0.13600959709261734,20
credit,gradual_group_mag1.0,lr,subgroup_violation_diff,DI_star,-0.3906015037593985,0.4867457738468167,-0.18126570324179034,0.49640090712539114,20
credit,gradual_group_mag1.0,lr,subgroup_violation_diff,AOD_star,-0.4116541353383457,0.5034421344118046,-0.3080823269949859,0.5227120099523446,20
credit,gradual_group_mag1.0,lr,subgroup_violation_diff,BalAcc,-0.009548872180451123,0.2024711795580849,0.030177192269920022,0.21551587934387992,20
credit,gradual_group_mag1.0,lr,max_subgroup_deviation,DI_star,0.7065413533834586,0.12265577869585735,0.5387916026917235,0.1150253958940023,20
credit,gradual_group_mag1.0,lr,max_subgroup_deviation,AOD_star,0.7353383458646616,0.13754097339453272,0.6452964348747209,0.09705351141784625,20
credit,gradual_group_mag1.0,lr,max_subgroup_deviation,BalAcc,-0.04962406015037593,0.13417376973975892,-0.09136672225253004,0.14372884495166735,20
credit,gradual_group_mag1.0,lr,assignment_proportion_drift,DI_star,0.34908513761452464,0.201775949662551,0.25508031580141866,0.14492514919385682,20
credit,gradual_group_mag1.0,lr,assignment_proportion_drift,AOD_star,0.38175296714693163,0.19917359103151536,0.36889858177819823,0.13219471221100065,20
credit,gradual_group_mag1.0,lr,assignment_proportion_drift,BalAcc,-0.03448376678048161,0.19440327346961483,-0.04952862840238284,0.21580175261071863,20
credit,gradual_group_mag1.0,lr,ks_statistic,DI_star,0.7168421052631578,0.16659462139679804,0.45320848946571174,0.10130838220825286,20
credit,gradual_group_mag1.0,lr,ks_statistic,AOD_star,0.7440601503759398,0.14216897962891314,0.5530816828794174,0.10678235671921939,20
credit,gradual_group_mag1.0,lr,ks_statistic,BalAcc,-0.07676691729323308,0.14080639247048324,-0.08255113931671451,0.1738460945316699,20
credit,gradual_group_mag1.0,lr,kl_divergence,DI_star,0.7350375939849623,0.14211489007451708,0.7785775171056382,0.09699978197536889,20
credit,gradual_group_mag1.0,lr,kl_divergence,AOD_star,0.7365413533834586,0.11486851794430454,0.7772501233830632,0.06603681789712891,20
credit,gradual_group_mag1.0,lr,kl_divergence,BalAcc,-0.07593984962406015,0.17414903786022484,-0.09430220016070637,0.17531942117400426,20
credit,gradual_group_mag1.0,lr,per_subgroup_ewma[min_neg],DI_star,0.49643514701767255,0.28597235458492215,0.6477601060589173,0.33737460866344327,20
credit,gradual_group_mag1.0,lr,per_subgroup_ewma[min_neg],AOD_star,0.4988806650822261,0.2865556658486536,0.6122743341942262,0.2961367488705638,20
credit,gradual_group_mag1.0,lr,per_subgroup_ewma[min_neg],BalAcc,0.048911174400221455,0.19019625021906864,0.004374792490743089,0.18748299224779671,20
credit,gradual_group_mag1.0,lr,per_subgroup_baseline_relative[min_neg],DI_star,0.3874514406874999,0.27428910737288376,0.4670998034837261,0.38685029816466454,20
credit,gradual_group_mag1.0,lr,per_subgroup_baseline_relative[min_neg],AOD_star,0.3707985501009704,0.2607010423423664,0.451346170909635,0.3698140224769168,20
credit,gradual_group_mag1.0,lr,per_subgroup_baseline_relative[min_neg],BalAcc,-0.029617924501929727,0.20364320826027554,-0.035785517827556866,0.21116482831420536,20
credit,gradual_group_mag1.0,lr,per_subgroup_ewma[min_pos],DI_star,0.20631578947368415,0.3956978205920825,0.227059851928716,0.48784500011978865,20
credit,gradual_group_mag1.0,lr,per_subgroup_ewma[min_pos],AOD_star,0.2312781954887218,0.36772762731661895,0.22629423349833117,0.47046636764074823,20
credit,gradual_group_mag1.0,lr,per_subgroup_ewma[min_pos],BalAcc,-0.04097744360902255,0.22519010379698676,-0.06328063326452435,0.2365033541372311,20
credit,gradual_group_mag1.0,lr,per_subgroup_baseline_relative[min_pos],DI_star,0.2445864661654135,0.34693794731090016,0.19494465526364443,0.43806149529039307,20
credit,gradual_group_mag1.0,lr,per_subgroup_baseline_relative[min_pos],AOD_star,0.21654135338345865,0.34309943951325955,0.14344861139174578,0.45923575837453634,20
credit,gradual_group_mag1.0,lr,per_subgroup_baseline_relative[min_pos],BalAcc,-0.03729323308270676,0.22700820811861666,-0.025734838682812945,0.24846535755755914,20
credit,gradual_group_mag1.0,lr,per_subgroup_ewma[maj_neg],DI_star,0.6870676691729323,0.20734977316143316,0.641080578004422,0.342438655511669,20
credit,gradual_group_mag1.0,lr,per_subgroup_ewma[maj_neg],AOD_star,0.6969172932330826,0.2543361199113705,0.7001676614100155,0.3117896048479751,20
credit,gradual_group_mag1.0,lr,per_subgroup_ewma[maj_neg],BalAcc,-0.03887218045112781,0.18291752749995502,-0.04331681727740536,0.18440719459842603,20
credit,gradual_group_mag1.0,lr,per_subgroup_baseline_relative[maj_neg],DI_star,0.4966917293233082,0.371945729888446,0.42711933883439324,0.430494933511625,20
credit,gradual_group_mag1.0,lr,per_subgroup_baseline_relative[maj_neg],AOD_star,0.49947368421052624,0.39795033539913915,0.4816525174473026,0.42751106187903914,20
credit,gradual_group_mag1.0,lr,per_subgroup_baseline_relative[maj_neg],BalAcc,-0.005864661654135345,0.2352938534415053,-0.012429658331688765,0.22367073330422116,20
credit,gradual_group_mag1.0,lr,per_subgroup_ewma[maj_pos],DI_star,0.7631578947368421,0.1944131777694842,0.6607904291865532,0.1428834703804626,20
credit,gradual_group_mag1.0,lr,per_subgroup_ewma[maj_pos],AOD_star,0.7860902255639097,0.19380645455777484,0.7668715936805666,0.16162974734959148,20
credit,gradual_group_mag1.0,lr,per_subgroup_ewma[maj_pos],BalAcc,-0.06030075187969926,0.13122392491121843,-0.07757585445426152,0.15362426397397805,20
credit,gradual_group_mag1.0,lr,per_subgroup_baseline_relative[maj_pos],DI_star,0.6098496240601505,0.27086604696676314,0.4342676654868677,0.25162611433853777,20
credit,gradual_group_mag1.0,lr,per_subgroup_baseline_relative[maj_pos],AOD_star,0.6343609022556389,0.2885268275703755,0.5585250096859756,0.2692409502555043,20
credit,gradual_group_mag1.0,lr,per_subgroup_baseline_relative[maj_pos],BalAcc,-0.03624060150375939,0.15226475420594185,-0.07780443622054305,0.1612323082153324,20
credit,gradual_group_mag1.0,xgb,global_mean,DI_star,-0.48810254666263575,0.08884972645332755,-0.9041662703599233,0.023097752350962692,20
credit,gradual_group_mag1.0,xgb,global_mean,AOD_star,-0.4669924812030075,0.11312976444494757,-0.9021284517936652,0.025482733286245597,20
credit,gradual_group_mag1.0,xgb,global_mean,BalAcc,-0.28315789473684216,0.21158920731171502,-0.39566132574809837,0.1807574806458071,20
credit,gradual_group_mag1.0,xgb,global_ewma,DI_star,-0.5164865568102737,0.09627335620264328,-0.7342191726285632,0.01897387045605297,20
credit,gradual_group_mag1.0,xgb,global_ewma,AOD_star,-0.4704511278195488,0.10691007557884685,-0.7294677731305395,0.024395206606966997,20
credit,gradual_group_mag1.0,xgb,global_ewma,BalAcc,-0.2543609022556391,0.20152635660523502,-0.29598132684937745,0.1974244990635902,20
credit,gradual_group_mag1.0,xgb,global_std,DI_star,-0.5083662843404976,0.08581467330557326,-0.8392512038456846,0.030814000564324585,20
credit,gradual_group_mag1.0,xgb,global_std,AOD_star,-0.4714285714285714,0.11378849098005622,-0.8356791604206505,0.03519372743475244,20
credit,gradual_group_mag1.0,xgb,global_std,BalAcc,-0.25864661654135335,0.20030391291054908,-0.35141519957169987,0.18844763471166695,20
credit,gradual_group_mag1.0,xgb,subgroup_violation_diff,DI_star,0.19658880368154705,0.2428467118692426,0.326998395373996,0.3060541526353824,20
credit,gradual_group_mag1.0,xgb,subgroup_violation_diff,AOD_star,0.15082706766917292,0.22661065396406682,0.32105017684802717,0.30923536064926577,20
credit,gradual_group_mag1.0,xgb,subgroup_violation_diff,BalAcc,0.08210526315789474,0.21141723410495647,0.11082793570257025,0.2334708445940191,20
credit,gradual_group_mag1.0,xgb,max_subgroup_deviation,DI_star,-0.5000588197037603,0.1155005550673063,-0.8546512417390464,0.04701482401159398,20
credit,gradual_group_mag1.0,xgb,max_subgroup_deviation,AOD_star,-0.46992481203007513,0.10620896250521392,-0.852716686819828,0.05111891143527251,20
credit,gradual_group_mag1.0,xgb,max_subgroup_deviation,BalAcc,-0.2793233082706767,0.1865248967657142,-0.36985604412320944,0.17356622506848582,20
credit,gradual_group_mag1.0,xgb,assignment_proportion_drift,DI_star,-0.38840455002675156,0.12019020556459534,-0.8968492710684954,0.01930464233813612,20
credit,gradual_group_mag1.0,xgb,assignment_proportion_drift,AOD_star,-0.4294766043390588,0.13460459415831058,-0.8980397827581283,0.020750834830741683,20
credit,gradual_group_mag1.0,xgb,assignment_proportion_drift,BalAcc,-0.30081768508261275,0.19067455519456622,-0.3991800065326225,0.16884753097544059,20
credit,gradual_group_mag1.0,xgb,ks_statistic,DI_star,-0.478855416235512,0.11383996292043896,-0.9521560555115522,0.009923361405377668,20
credit,gradual_group_mag1.0,xgb,ks_statistic,AOD_star,-0.47511278195488726,0.10575232740484014,-0.9518729541295496,0.009686686038870691,20
credit,gradual_group_mag1.0,xgb,ks_statistic,BalAcc,-0.30067669172932326,0.2280615975141957,-0.4271532565643426,0.17376138614692832,20
credit,gradual_group_mag1.0,xgb,kl_divergence,DI_star,-0.3634736926956892,0.11155969528446118,-0.42152622503156056,0.07838074499368994,20
credit,gradual_group_mag1.0,xgb,kl_divergence,AOD_star,-0.3439097744360902,0.14124944186742514,-0.4192677754986997,0.0823695574743293,20
credit,gradual_group_mag1.0,xgb,kl_divergence,BalAcc,-0.19210526315789472,0.20206233600236082,-0.1893525266417325,0.19048910831098323,20
credit,gradual_group_mag1.0,xgb,per_subgroup_ewma[min_neg],DI_star,-0.4167236881004456,0.15074945692885597,-0.5264394095867779,0.22651561423812727,20
credit,gradual_group_mag1.0,xgb,per_subgroup_ewma[min_neg],AOD_star,-0.4268891313296913,0.1305815702984595,-0.5241730509889775,0.2261271065513512,20
credit,gradual_group_mag1.0,xgb,per_subgroup_ewma[min_neg],BalAcc,-0.24741315626876847,0.20885736359612508,-0.22339296509285292,0.19568017180670533,20
credit,gradual_group_mag1.0,xgb,per_subgroup_baseline_relative[min_neg],DI_star,-0.35464276058463345,0.2103324705427528,-0.3747371998966977,0.07278781427905874,20
credit,gradual_group_mag1.0,xgb,per_subgroup_baseline_relative[min_neg],AOD_star,-0.31399203775648427,0.12883363899499917,-0.37063277067518496,0.07407829257873488,20
credit,gradual_group_mag1.0,xgb,per_subgroup_baseline_relative[min_neg],BalAcc,-0.17895310699786884,0.2095474134635367,-0.15097133243254757,0.20837060506215133,20
credit,gradual_group_mag1.0,xgb,per_subgroup_ewma[min_pos],DI_star,-0.4273459438520761,0.10398794114380777,-0.623791335186946,0.15690879448420328,20
credit,gradual_group_mag1.0,xgb,per_subgroup_ewma[min_pos],AOD_star,-0.4991729323308271,0.10298114474938302,-0.6278634857546926,0.15620277205057584,20
credit,gradual_group_mag1.0,xgb,per_subgroup_ewma[min_pos],BalAcc,-0.3195488721804511,0.1842761890029632,-0.30775085916754635,0.19672723517051344,20
credit,gradual_group_mag1.0,xgb,per_subgroup_baseline_relative[min_pos],DI_star,-0.3204982952966006,0.22986721466878327,-0.4013768930169014,0.1801121195932872,20
credit,gradual_group_mag1.0,xgb,per_subgroup_baseline_relative[min_pos],AOD_star,-0.3488721804511278,0.26183426519414643,-0.40533088376175924,0.18465335679596204,20
credit,gradual_group_mag1.0,xgb,per_subgroup_baseline_relative[min_pos],BalAcc,-0.22578947368421048,0.26026868316899193,-0.2111232603464593,0.1950979187999299,20
credit,gradual_group_mag1.0,xgb,per_subgroup_ewma[maj_neg],DI_star,-0.4775386793113551,0.12867772259107332,-0.5072498124697213,0.10173539492857249,20
credit,gradual_group_mag1.0,xgb,per_subgroup_ewma[maj_neg],AOD_star,-0.43157894736842106,0.12273109002629425,-0.5005644118422717,0.10213508679235596,20
credit,gradual_group_mag1.0,xgb,per_subgroup_ewma[maj_neg],BalAcc,-0.23443609022556391,0.19888257004855003,-0.20026152118486157,0.21210396173521084,20
credit,gradual_group_mag1.0,xgb,per_subgroup_baseline_relative[maj_neg],DI_star,-0.41821316503659284,0.14561477251933747,-0.4618922372604546,0.10271411194423469,20
credit,gradual_group_mag1.0,xgb,per_subgroup_baseline_relative[maj_neg],AOD_star,-0.4035338345864662,0.15299395849833117,-0.45830351996443286,0.10386329216777579,20
credit,gradual_group_mag1.0,xgb,per_subgroup_baseline_relative[maj_neg],BalAcc,-0.23263157894736844,0.22830321620139013,-0.1974391477406357,0.23018905120229058,20
credit,gradual_group_mag1.0,xgb,per_subgroup_ewma[maj_pos],DI_star,-0.5273140487110015,0.09776097073005403,-0.6657560022141353,0.04266827075328816,20
credit,gradual_group_mag1.0,xgb,per_subgroup_ewma[maj_pos],AOD_star,-0.4681954887218046,0.10671530575053015,-0.6596592875385646,0.045497936085419154,20
credit,gradual_group_mag1.0,xgb,per_subgroup_ewma[maj_pos],BalAcc,-0.24842105263157888,0.20131379217363224,-0.2569269612618982,0.1957317330131213,20
credit,gradual_group_mag1.0,xgb,per_subgroup_baseline_relative[maj_pos],DI_star,-0.49863075735305473,0.10378256595866728,-0.7928531532496093,0.05939277247246886,20
credit,gradual_group_mag1.0,xgb,per_subgroup_baseline_relative[maj_pos],AOD_star,-0.452406015037594,0.09487312670172858,-0.7893522973390216,0.06272617252577066,20
credit,gradual_group_mag1.0,xgb,per_subgroup_baseline_relative[maj_pos],BalAcc,-0.2784962406015038,0.18111881487119125,-0.3404353787178687,0.1749033986241663,20
credit,gradual_group_mag2.0,lr,global_mean,DI_star,0.6529323308270676,0.2609040324092823,0.5164244171390464,0.11229665185248774,20
credit,gradual_group_mag2.0,lr,global_mean,AOD_star,0.8280451127819546,0.0710648038266833,0.8019732175286182,0.05311875613949656,20
credit,gradual_group_mag2.0,lr,global_mean,BalAcc,-0.14037593984962402,0.16415810325737007,-0.1538320497272042,0.15639904900124518,20
credit,gradual_group_mag2.0,lr,global_ewma,DI_star,0.6331578947368421,0.2869665769214218,0.5840996899597757,0.17472942671355146,20
credit,gradual_group_mag2.0,lr,global_ewma,AOD_star,0.8313533834586465,0.0736078705355795,0.9007949135952191,0.02856757655945226,20
credit,gradual_group_mag2.0,lr,global_ewma,BalAcc,-0.14563909774436087,0.16427033186188247,-0.16745577626536146,0.1557485004486112,20
credit,gradual_group_mag2.0,lr,global_std,DI_star,0.6524812030075188,0.27135999800270283,0.5559859057224203,0.12749489124006114,20
credit,gradual_group_mag2.0,lr,global_std,AOD_star,0.8365413533834586,0.07064645009694973,0.8557672320423183,0.03980011591486145,20
credit,gradual_group_mag2.0,lr,global_std,BalAcc,-0.14548872180451128,0.16687859403719812,-0.1540032620014337,0.15845330979026373,20
credit,gradual_group_mag2.0,lr,subgroup_violation_diff,DI_star,0.08112781954887216,0.47587474759346016,0.18588044579003798,0.42476531149628105,20
credit,gradual_group_mag2.0,lr,subgroup_violation_diff,AOD_star,0.17969924812030078,0.4995851068506156,0.22698821981924583,0.4936636549933643,20
credit,gradual_group_mag2.0,lr,subgroup_violation_diff,BalAcc,-0.05601503759398495,0.19555630699839807,-0.05003780401151273,0.2023432016984892,20
credit,gradual_group_mag2.0,lr,max_subgroup_deviation,DI_star,0.6399999999999999,0.20915687792100196,0.5015496174717632,0.13840993233053148,20
credit,gradual_group_mag2.0,lr,max_subgroup_deviation,AOD_star,0.7699999999999998,0.0919625716853805,0.7797390067250973,0.06228220529758705,20
credit,gradual_group_mag2.0,lr,max_subgroup_deviation,BalAcc,-0.13796992481203005,0.15962239559408203,-0.14533577026174097,0.15038767941068815,20
credit,gradual_group_mag2.0,lr,assignment_proportion_drift,DI_star,0.3042263925759435,0.19469992666098826,0.285837272784203,0.11926362472731843,20
credit,gradual_group_mag2.0,lr,assignment_proportion_drift,AOD_star,0.37081273571447204,0.16934282886512245,0.49918812036754473,0.11393349290277412,20
credit,gradual_group_mag2.0,lr,assignment_proportion_drift,BalAcc,-0.0420745558651739,0.18161547639078754,-0.0828140387604244,0.19681380000223564,20
credit,gradual_group_mag2.0,lr,ks_statistic,DI_star,0.6117293233082707,0.2149332519342756,0.4389281644219495,0.07610056719356424,20
credit,gradual_group_mag2.0,lr,ks_statistic,AOD_star,0.7592481203007517,0.10141059495023684,0.6943453779767432,0.07308164315143885,20
credit,gradual_group_mag2.0,lr,ks_statistic,BalAcc,-0.1467669172932331,0.15563611925521662,-0.14819274598788773,0.17907791858591557,20
credit,gradual_group_mag2.0,lr,kl_divergence,DI_star,0.6415789473684211,0.2824115700047001,0.2893285232855497,0.4672344691562641,20
credit,gradual_group_mag2.0,lr,kl_divergence,AOD_star,0.8127067669172933,0.09245671782964149,0.5878364441563355,0.18992406994635416,20
credit,gradual_group_mag2.0,lr,kl_divergence,BalAcc,-0.14278195488721807,0.18115369185095484,-0.17441136727766596,0.22074487001844428,20
credit,gradual_group_mag2.0,lr,per_subgroup_ewma[min_neg],DI_star,0.5025248069395092,0.30885900068622113,0.46766357312484425,0.3702316231404466,20
credit,gradual_group_mag2.0,lr,per_subgroup_ewma[min_neg],AOD_star,0.5417729555223647,0.3491878868852124,0.48816207041015663,0.3751438211950687,20
credit,gradual_group_mag2.0,lr,per_subgroup_ewma[min_neg],BalAcc,-0.07820026839732327,0.21150280495153861,-0.09762413315532921,0.22754784304764103,20
credit,gradual_group_mag2.0,lr,per_subgroup_baseline_relative[min_neg],DI_star,-0.0065412226000800145,0.19632548952090143,0.033478900266667465,0.30749862928153404,20
credit,gradual_group_mag2.0,lr,per_subgroup_baseline_relative[min_neg],AOD_star,-0.027667051329764526,0.19204535207313644,0.030286456234405085,0.2621138106902671,20
credit,gradual_group_mag2.0,lr,per_subgroup_baseline_relative[min_neg],BalAcc,0.02887437317147597,0.20168553578220696,-0.004982544405002859,0.24749806252255455,20
credit,gradual_group_mag2.0,lr,per_subgroup_ewma[min_pos],DI_star,0.4781954887218044,0.30949838053692247,0.3724569773776665,0.3151760348111504,20
credit,gradual_group_mag2.0,lr,per_subgroup_ewma[min_pos],AOD_star,0.6651879699248119,0.20430677247349063,0.6541354575389562,0.22351375557010206,20
credit,gradual_group_mag2.0,lr,per_subgroup_ewma[min_pos],BalAcc,-0.14631578947368423,0.17678167603403036,-0.1962156328159413,0.14897040892549354,20
credit,gradual_group_mag2.0,lr,per_subgroup_baseline_relative[min_pos],DI_star,0.5008270676691728,0.2735616824788149,0.4644440432761151,0.28957752804964515,20
credit,gradual_group_mag2.0,lr,per_subgroup_baseline_relative[min_pos],AOD_star,0.6360902255639097,0.22931665218985783,0.6583134203834804,0.28920447275346817,20
credit,gradual_group_mag2.0,lr,per_subgroup_baseline_relative[min_pos],BalAcc,-0.10323308270676693,0.17668774591574452,-0.13930438120910196,0.15927181850386393,20
credit,gradual_group_mag2.0,lr,per_subgroup_ewma[maj_neg],DI_star,0.5615037593984962,0.36151964735581793,0.4181816458401776,0.4237416331801008,20
credit,gradual_group_mag2.0,lr,per_subgroup_ewma[maj_neg],AOD_star,0.56203007518797,0.3930810600491305,0.4843285803445026,0.4196782402769907,20
credit,gradual_group_mag2.0,lr,per_subgroup_ewma[maj_neg],BalAcc,-0.03601503759398496,0.2091877288648314,-0.0578839090435432,0.2081070639998113,20
credit,gradual_group_mag2.0,lr,per_subgroup_baseline_relative[maj_neg],DI_star,0.12563909774436086,0.3028227481944098,-0.010215578194882542,0.3345910597817349,20
credit,gradual_group_mag2.0,lr,per_subgroup_baseline_relative[maj_neg],AOD_star,0.008646616541353383,0.24407403636044786,-0.019507566265103075,0.298316061255728,20
credit,gradual_group_mag2.0,lr,per_subgroup_baseline_relative[maj_neg],BalAcc,0.02015037593984962,0.2464497877459797,-0.05304728888672744,0.2768424380578204,20
credit,gradual_group_mag2.0,lr,per_subgroup_ewma[maj_pos],DI_star,0.6512030075187968,0.23591606765424775,0.5488867226416039,0.1903767048291459,20
credit,gradual_group_mag2.0,lr,per_subgroup_ewma[maj_pos],AOD_star,0.772706766917293,0.18118352311554506,0.8250814767774305,0.20056415567611371,20
credit,gradual_group_mag2.0,lr,per_subgroup_ewma[maj_pos],BalAcc,-0.05075187969924812,0.21330490481574058,-0.10846977269049699,0.1827148448078469,20
credit,gradual_group_mag2.0,lr,per_subgroup_baseline_relative[maj_pos],DI_star,0.41067669172932336,0.28966984858110906,0.27424193920732604,0.27678166745341,20
credit,gradual_group_mag2.0,lr,per_subgroup_baseline_relative[maj_pos],AOD_star,0.4703007518796992,0.2690472571738983,0.4995703378988986,0.31059089595500716,20
credit,gradual_group_mag2.0,lr,per_subgroup_baseline_relative[maj_pos],BalAcc,-0.06210526315789473,0.21293896807972582,-0.08031291385875175,0.21932391426901138,20
credit,gradual_group_mag2.0,xgb,global_mean,DI_star,-0.4865993529062127,0.09335188314625073,-0.8975586258242816,0.016444186718958316,20
credit,gradual_group_mag2.0,xgb,global_mean,AOD_star,-0.4628571428571428,0.1053464761557878,-0.8956464683425145,0.018840730207258106,20
credit,gradual_group_mag2.0,xgb,global_mean,BalAcc,-0.27812030075187966,0.2139683575315779,-0.3925737680225287,0.17938332334054,20
credit,gradual_group_mag2.0,xgb,global_ewma,DI_star,-0.5158850530508752,0.09562419379121927,-0.7167112323440771,0.013441220154472737,20
credit,gradual_group_mag2.0,xgb,global_ewma,AOD_star,-0.46954887218045105,0.10724648727983054,-0.7119086599456075,0.019598814582272684,20
credit,gradual_group_mag2.0,xgb,global_ewma,BalAcc,-0.2545864661654135,0.2001701464055345,-0.2867519630192471,0.19650328657893962,20
credit,gradual_group_mag2.0,xgb,global_std,DI_star,-0.5054718727425846,0.09333213726407069,-0.8441142656942793,0.019192214484925425,20
credit,gradual_group_mag2.0,xgb,global_std,AOD_star,-0.46744360902255633,0.1072880166916949,-0.8408714185396381,0.022221874935950445,20
credit,gradual_group_mag2.0,xgb,global_std,BalAcc,-0.26030075187969925,0.2033196708998431,-0.3541809562836697,0.1817442184214071,20
credit,gradual_group_mag2.0,xgb,subgroup_violation_diff,DI_star,-0.05725531385355226,0.2750000874653813,0.06328266074629407,0.32266077375603164,20
credit,gradual_group_mag2.0,xgb,subgroup_violation_diff,AOD_star,0.06428571428571427,0.2976938040923402,0.0733230116303506,0.3196481774507315,20
credit,gradual_group_mag2.0,xgb,subgroup_violation_diff,BalAcc,0.11819548872180452,0.22835585402032357,0.10896396953876926,0.223596233662998,20
credit,gradual_group_mag2.0,xgb,max_subgroup_deviation,DI_star,-0.4948669751307467,0.09944009747772933,-0.8606171415012167,0.028894749453835123,20
credit,gradual_group_mag2.0,xgb,max_subgroup_deviation,AOD_star,-0.4935338345864661,0.13142168905432708,-0.8581057885968109,0.034180765335741235,20
credit,gradual_group_mag2.0,xgb,max_subgroup_deviation,BalAcc,-0.2946616541353383,0.22833212393762442,-0.3681256362867281,0.19272408157498946,20
credit,gradual_group_mag2.0,xgb,assignment_proportion_drift,DI_star,-0.3903178979063735,0.12493608476884474,-0.907309228281337,0.023974768723691572,20
credit,gradual_group_mag2.0,xgb,assignment_proportion_drift,AOD_star,-0.45153823528285947,0.13029710296414146,-0.9115261746674733,0.0217789147922364,20
credit,gradual_group_mag2.0,xgb,assignment_proportion_drift,BalAcc,-0.335250070352597,0.18750257186302594,-0.43300538626221624,0.14262888451465877,20
credit,gradual_group_mag2.0,xgb,ks_statistic,DI_star,-0.48340611261164934,0.11549525545621786,-0.9557427928829407,0.00920229489126338,20
credit,gradual_group_mag2.0,xgb,ks_statistic,AOD_star,-0.47390977443609017,0.09858318495184167,-0.9556247836581893,0.008836454896366428,20
credit,gradual_group_mag2.0,xgb,ks_statistic,BalAcc,-0.30879699248120296,0.21239092367707033,-0.43085611784379385,0.16776386550255357,20
credit,gradual_group_mag2.0,xgb,kl_divergence,DI_star,-0.4446425425051186,0.11880841278002738,-0.3018466510216309,0.021126129638655768,20
credit,gradual_group_mag2.0,xgb,kl_divergence,AOD_star,-0.4124812030075187,0.12357672958703242,-0.29842545120734043,0.03371778418647427,20
credit,gradual_group_mag2.0,xgb,kl_divergence,BalAcc,-0.22864661654135335,0.1984184599260218,-0.12087579914581159,0.22630542361001868,20
credit,gradual_group_mag2.0,xgb,per_subgroup_ewma[min_neg],DI_star,-0.41390200392943877,0.24530142538939642,-0.5384011502902576,0.20371739857858118,20
credit,gradual_group_mag2.0,xgb,per_subgroup_ewma[min_neg],AOD_star,-0.38410423510369257,0.20001022319143552,-0.535056123410125,0.20365385087527366,20
credit,gradual_group_mag2.0,xgb,per_subgroup_ewma[min_neg],BalAcc,-0.23282346594353753,0.1654056522762593,-0.23761753835464527,0.14953277081309194,20
credit,gradual_group_mag2.0,xgb,per_subgroup_baseline_relative[min_neg],DI_star,-0.10595510771683732,0.2550951230578907,-0.2520900813460512,0.10002126259703757,20
credit,gradual_group_mag2.0,xgb,per_subgroup_baseline_relative[min_neg],AOD_star,-0.17695559811421982,0.26178618597131953,-0.25259316075264304,0.1027009655613027,20
credit,gradual_group_mag2.0,xgb,per_subgroup_baseline_relative[min_neg],BalAcc,-0.12679383088849186,0.2513361980170576,-0.12235980602228573,0.20046543038284634,20
credit,gradual_group_mag2.0,xgb,per_subgroup_ewma[min_pos],DI_star,-0.5234063954326859,0.11053241950568617,-0.5170256906340345,0.10961568341060304,20
credit,gradual_group_mag2.0,xgb,per_subgroup_ewma[min_pos],AOD_star,-0.45060150375939845,0.13315131403479757,-0.50866341760324,0.11537482291478202,20
credit,gradual_group_mag2.0,xgb,per_subgroup_ewma[min_pos],BalAcc,-0.2405263157894737,0.19063759649964987,-0.1901260040793186,0.2036616052248202,20
credit,gradual_group_mag2.0,xgb,per_subgroup_baseline_relative[min_pos],DI_star,-0.4382192739709837,0.1641650840112626,-0.5109915801265698,0.14434514650998995,20
credit,gradual_group_mag2.0,xgb,per_subgroup_baseline_relative[min_pos],AOD_star,-0.3550375939849623,0.19503121710608695,-0.5021452918225494,0.14615135538084525,20
credit,gradual_group_mag2.0,xgb,per_subgroup_baseline_relative[min_pos],BalAcc,-0.18052631578947367,0.2304284844571211,-0.17312973460297607,0.19136064970678165,20
credit,gradual_group_mag2.0,xgb,per_subgroup_ewma[maj_neg],DI_star,-0.3854285516316306,0.21124803319295765,-0.5250747964870388,0.13501054872484533,20
credit,gradual_group_mag2.0,xgb,per_subgroup_ewma[maj_neg],AOD_star,-0.4130827067669173,0.16821220939941894,-0.5273329736160395,0.13166359109491052,20
credit,gradual_group_mag2.0,xgb,per_subgroup_ewma[maj_neg],BalAcc,-0.3023308270676691,0.15776684759841642,-0.2671447203381247,0.16075301620168897,20
credit,gradual_group_mag2.0,xgb,per_subgroup_baseline_relative[maj_neg],DI_star,-0.22214948929616574,0.1943578819062279,-0.3088300041646257,0.08317166178154575,20
credit,gradual_group_mag2.0,xgb,per_subgroup_baseline_relative[maj_neg],AOD_star,-0.28548872180451135,0.17500766803581053,-0.3195122569644651,0.08123379285161926,20
credit,gradual_group_mag2.0,xgb,per_subgroup_baseline_relative[maj_neg],BalAcc,-0.23210526315789468,0.19319959629101197,-0.24299615323092047,0.177878425528158,20
credit,gradual_group_mag2.0,xgb,per_subgroup_ewma[maj_pos],DI_star,-0.4479873183057818,0.12375805849505342,-0.7338952110398962,0.05656904912128916,20
credit,gradual_group_mag2.0,xgb,per_subgroup_ewma[maj_pos],AOD_star,-0.4502255639097744,0.10147022559410633,-0.7317462971860726,0.060335176700364174,20
credit,gradual_group_mag2.0,xgb,per_subgroup_ewma[maj_pos],BalAcc,-0.27233082706766915,0.17568254432262467,-0.3074992929239827,0.1808062519309483,20
credit,gradual_group_mag2.0,xgb,per_subgroup_baseline_relative[maj_pos],DI_star,-0.40963865371586516,0.11033727755478652,-0.7875437498471162,0.10578031844877774,20
credit,gradual_group_mag2.0,xgb,per_subgroup_baseline_relative[maj_pos],AOD_star,-0.48511278195488716,0.12751436366247274,-0.791949637980944,0.10516148138350048,20
credit,gradual_group_mag2.0,xgb,per_subgroup_baseline_relative[maj_pos],BalAcc,-0.3538345864661654,0.19135602757527362,-0.3830955681037264,0.18295957853245642,20
credit,gradual_global_mag0.5,lr,global_mean,DI_star,-0.9603759398496241,0.025365327772690016,-0.8513315438285005,0.05683631434934829,20
credit,gradual_global_mag0.5,lr,global_mean,AOD_star,-0.3693233082706766,0.33256834978047456,-0.3885825487227618,0.2690709223346761,20
credit,gradual_global_mag0.5,lr,global_mean,BalAcc,-0.21105263157894733,0.19113679634391398,-0.14300155043712037,0.20137590106467057,20
credit,gradual_global_mag0.5,lr,global_ewma,DI_star,-0.9621052631578948,0.02610917818257478,-0.9708673841862823,0.02822655509720089,20
credit,gradual_global_mag0.5,lr,global_ewma,AOD_star,-0.3681203007518797,0.33307493329241067,-0.4096078023822424,0.3110967665680153,20
credit,gradual_global_mag0.5,lr,global_ewma,BalAcc,-0.20939849624060147,0.1935963204826643,-0.2123304350952857,0.19191985247498466,20
credit,gradual_global_mag0.5,lr,global_std,DI_star,-0.4098496240601503,0.25607944162478496,-0.34377347988651497,0.22643993460593065,20
credit,gradual_global_mag0.5,lr,global_std,AOD_star,-0.09323308270676692,0.29233291561492847,-0.09712269416587328,0.274530146668657,20
credit,gradual_global_mag0.5,lr,global_std,BalAcc,-0.13714285714285712,0.2110978279149768,-0.1821749356025729,0.20746892208078596,20
credit,gradual_global_mag0.5,lr,subgroup_violation_diff,DI_star,-0.5827067669172932,0.33214961207712546,-0.6609997538068397,0.23479381754040604,20
credit,gradual_global_mag0.5,lr,subgroup_violation_diff,AOD_star,-0.18338345864661657,0.31643309812825404,-0.19089605191901007,0.33862084779398754,20
credit,gradual_global_mag0.5,lr,subgroup_violation_diff,BalAcc,-0.15578947368421053,0.19297129805323393,-0.1994917818943925,0.23176359782327693,20
credit,gradual_global_mag0.5,lr,max_subgroup_deviation,DI_star,-0.9026315789473681,0.08804363597767513,-0.8356887621831935,0.05668724932888544,20
credit,gradual_global_mag0.5,lr,max_subgroup_deviation,AOD_star,-0.34308270676691727,0.30854609922569276,-0.37713084797915325,0.27020801629746555,20
credit,gradual_global_mag0.5,lr,max_subgroup_deviation,BalAcc,-0.20285714285714285,0.16988082470121388,-0.14087283895757347,0.2084089273423728,20
credit,gradual_global_mag0.5,lr,assignment_proportion_drift,DI_star,-0.6471322132817154,0.2351541194210619,-0.8162666126809872,0.08945326122844229,20
credit,gradual_global_mag0.5,lr,assignment_proportion_drift,AOD_star,-0.2504026272704117,0.27413379679225713,-0.36950960093419505,0.261544008056544,20
credit,gradual_global_mag0.5,lr,assignment_proportion_drift,BalAcc,-0.10645815964170627,0.2373663836335051,-0.13496615825892488,0.216885339869137,20
credit,gradual_global_mag0.5,lr,ks_statistic,DI_star,-0.9597744360902254,0.028043701712168263,-0.8480523520335762,0.05279179438075311,20
credit,gradual_global_mag0.5,lr,ks_statistic,AOD_star,-0.3657142857142857,0.32845031404525576,-0.3887645825757954,0.2681781521568919,20
credit,gradual_global_mag0.5,lr,ks_statistic,BalAcc,-0.21714285714285708,0.19500947617910647,-0.13585611419399904,0.2049765241173826,20
credit,gradual_global_mag0.5,lr,kl_divergence,DI_star,-0.9323308270676691,0.03576924935615108,-0.8388299195161395,0.03645255763043827,20
credit,gradual_global_mag0.5,lr,kl_divergence,AOD_star,-0.3636842105263158,0.33391459956930425,-0.2877956165079753,0.32430297859691687,20
credit,gradual_global_mag0.5,lr,kl_divergence,BalAcc,-0.20894736842105263,0.2027926877764931,-0.2510399871965606,0.21311956332460982,20
credit,gradual_global_mag0.5,lr,per_subgroup_ewma[min_neg],DI_star,-0.935168801730385,0.06419354473961568,-0.9605868853753607,0.033242421419489784,20
credit,gradual_global_mag0.5,lr,per_subgroup_ewma[min_neg],AOD_star,-0.375382713413451,0.3259730400702265,-0.4125742981872883,0.31492221012307886,20
credit,gradual_global_mag0.5,lr,per_subgroup_ewma[min_neg],BalAcc,-0.2198905694743966,0.22693885898774246,-0.20906687021080544,0.21629861367998934,20
credit,gradual_global_mag0.5,lr,per_subgroup_baseline_relative[min_neg],DI_star,-0.7297912996875382,0.2055723361971101,-0.7704832556433147,0.11713973006840457,20
credit,gradual_global_mag0.5,lr,per_subgroup_baseline_relative[min_neg],AOD_star,-0.25267750741556905,0.2573480036942572,-0.3437171860758408,0.262826457441559,20
credit,gradual_global_mag0.5,lr,per_subgroup_baseline_relative[min_neg],BalAcc,-0.19103238878671458,0.20485436188690034,-0.15035075164341666,0.24441824290790792,20
credit,gradual_global_mag0.5,lr,per_subgroup_ewma[min_pos],DI_star,-0.9601503759398495,0.02770143591402429,-0.9644018086953945,0.026261413929489576,20
credit,gradual_global_mag0.5,lr,per_subgroup_ewma[min_pos],AOD_star,-0.3736842105263158,0.3261502993270814,-0.3918688332849896,0.3181779331975081,20
credit,gradual_global_mag0.5,lr,per_subgroup_ewma[min_pos],BalAcc,-0.21428571428571425,0.20215331285245922,-0.2210223517631667,0.1967692163083236,20
credit,gradual_global_mag0.5,lr,per_subgroup_baseline_relative[min_pos],DI_star,-0.9121804511278195,0.05558501740768427,-0.8910465730832667,0.05465754900915781,20
credit,gradual_global_mag0.5,lr,per_subgroup_baseline_relative[min_pos],AOD_star,-0.3661654135338345,0.3188762491917572,-0.3819774623127973,0.2889467393533552,20
credit,gradual_global_mag0.5,lr,per_subgroup_baseline_relative[min_pos],BalAcc,-0.18278195488721802,0.2115536026416493,-0.15811845539829633,0.21318802332220868,20
credit,gradual_global_mag0.5,lr,per_subgroup_ewma[maj_neg],DI_star,-0.9632330827067669,0.02690626480505072,-0.9639717211447258,0.03218682243895157,20
credit,gradual_global_mag0.5,lr,per_subgroup_ewma[maj_neg],AOD_star,-0.37112781954887214,0.3298806010089741,-0.4154791142359214,0.3044642889410031,20
credit,gradual_global_mag0.5,lr,per_subgroup_ewma[maj_neg],BalAcc,-0.21142857142857138,0.1906808424395838,-0.19949893424529053,0.1899172722187182,20
credit,gradual_global_mag0.5,lr,per_subgroup_baseline_relative[maj_neg],DI_star,-0.6623627376167138,0.1646743548788788,-0.7756856778466871,0.07152030924846796,20
credit,gradual_global_mag0.5,lr,per_subgroup_baseline_relative[maj_neg],AOD_star,-0.27874380354040285,0.2310347038819947,-0.37058413751026575,0.24920693560849638,20
credit,gradual_global_mag0.5,lr,per_subgroup_baseline_relative[maj_neg],BalAcc,-0.1025302578718349,0.17546680560515923,-0.10633249599908648,0.20859972816738243,20
credit,gradual_global_mag0.5,lr,per_subgroup_ewma[maj_pos],DI_star,-0.9619548872180449,0.025902664859213827,-0.9697440505246165,0.029355787601417813,20
credit,gradual_global_mag0.5,lr,per_subgroup_ewma[maj_pos],AOD_star,-0.3666165413533834,0.33294319792630606,-0.41160572382545546,0.3089390268765633,20
credit,gradual_global_mag0.5,lr,per_subgroup_ewma[maj_pos],BalAcc,-0.2113533834586466,0.19169805140813287,-0.20974256339382763,0.19017427224041536,20
credit,gradual_global_mag0.5,lr,per_subgroup_baseline_relative[maj_pos],DI_star,-0.9472932330827067,0.022276331571265,-0.8334240478639476,0.06086045978884127,20
credit,gradual_global_mag0.5,lr,per_subgroup_baseline_relative[maj_pos],AOD_star,-0.3590225563909774,0.3270138664588268,-0.3836532139508543,0.25983379156462205,20
credit,gradual_global_mag0.5,lr,per_subgroup_baseline_relative[maj_pos],BalAcc,-0.2055639097744361,0.1916146494748772,-0.1360726980888583,0.20115561356921038,20
credit,gradual_global_mag0.5,xgb,global_mean,DI_star,0.6879010245295991,0.004933332291226933,0.9719357955572429,0.01085903273458333,20
credit,gradual_global_mag0.5,xgb,global_mean,AOD_star,0.6882236797943879,0.00463721461639381,0.9079714328531935,0.05568597078484823,20
credit,gradual_global_mag0.5,xgb,global_mean,BalAcc,-0.6897294043634019,0.004627225989573993,-0.977075760287026,0.009781815144541605,20
credit,gradual_global_mag0.5,xgb,global_ewma,DI_star,0.6872557140000217,0.005290846772682719,0.790327121120925,0.010356147755321713,20
credit,gradual_global_mag0.5,xgb,global_ewma,AOD_star,0.6879010245295991,0.005633905456098757,0.7383834548685692,0.04638217245104838,20
credit,gradual_global_mag0.5,xgb,global_ewma,BalAcc,-0.6892991973436837,0.006102081299258878,-0.7944988225022748,0.009695663907000265,20
credit,gradual_global_mag0.5,xgb,global_std,DI_star,-0.15654157930000492,0.2531313379701919,-0.15886740986845782,0.23755028461953306,20
credit,gradual_global_mag0.5,xgb,global_std,AOD_star,-0.15740199333944158,0.24646095964057269,-0.15572077151196123,0.2178875136627564,20
credit,gradual_global_mag0.5,xgb,global_std,BalAcc,0.15449809595634287,0.24217285028641694,0.15772881331213198,0.23364762629737276,20
credit,gradual_global_mag0.5,xgb,subgroup_violation_diff,DI_star,0.30786689848592524,0.32045457789690546,0.37854350728129693,0.23484332552739537,20
credit,gradual_global_mag0.5,xgb,subgroup_violation_diff,AOD_star,0.30883486428029144,0.32087616370639543,0.35360426699941927,0.22286129201439328,20
credit,gradual_global_mag0.5,xgb,subgroup_violation_diff,BalAcc,-0.312276520438038,0.3169362945549884,-0.3817602111494164,0.2366305042332097,20
credit,gradual_global_mag0.5,xgb,max_subgroup_deviation,DI_star,0.6898369561183315,0.005445985887820624,0.9709570443154055,0.012233552606798391,20
credit,gradual_global_mag0.5,xgb,max_subgroup_deviation,AOD_star,0.6896218526084724,0.005108425320380473,0.9071080932722266,0.056634162057269156,20
credit,gradual_global_mag0.5,xgb,max_subgroup_deviation,BalAcc,-0.6888689903239654,0.005766820394874809,-0.9759633368550169,0.01105432909423346,20
credit,gradual_global_mag0.5,xgb,assignment_proportion_drift,DI_star,0.6894238217960875,0.00579934366781435,0.962875844035422,0.018143724500107872,20
credit,gradual_global_mag0.5,xgb,assignment_proportion_drift,AOD_star,0.6884563831633248,0.005057223406900665,0.8990785682193019,0.04981626053189056,20
credit,gradual_global_mag0.5,xgb,assignment_proportion_drift,BalAcc,-0.689639128638359,0.006051981143307473,-0.9677790490059733,0.01879409303622062,20
credit,gradual_global_mag0.5,xgb,ks_statistic,DI_star,0.6892991973436837,0.00571038038902766,0.9783620277371636,0.006741204590460022,20
credit,gradual_global_mag0.5,xgb,ks_statistic,AOD_star,0.6892991973436837,0.006681206431129187,0.9140136778963102,0.054464055305109525,20
credit,gradual_global_mag0.5,xgb,ks_statistic,BalAcc,-0.6870406104901625,0.006211986770865795,-0.9834256654937092,0.002009589551107877,20
credit,gradual_global_mag0.5,xgb,kl_divergence,DI_star,0.6320278878436819,0.05966096132761831,0.48680693838985983,0.022916492275541,20
credit,gradual_global_mag0.5,xgb,kl_divergence,AOD_star,0.6343940264521327,0.060190823409154846,0.45636685054966053,0.03740812254967282,20
credit,gradual_global_mag0.5,xgb,kl_divergence,BalAcc,-0.6341789229422734,0.06406445117216526,-0.48942416821025014,0.02352859521460564,20
credit,gradual_global_mag0.5,xgb,per_subgroup_ewma[min_neg],DI_star,0.688935894110292,0.007016185075412241,0.8026595861709035,0.01582236798233078,20
credit,gradual_global_mag0.5,xgb,per_subgroup_ewma[min_neg],AOD_star,0.688505525267352,0.006616903191743925,0.7497351934660199,0.045324697021744804,20
credit,gradual_global_mag0.5,xgb,per_subgroup_ewma[min_neg],BalAcc,-0.6908718256990244,0.005899943864129984,-0.8068580792020693,0.014421483298768726,20
credit,gradual_global_mag0.5,xgb,per_subgroup_baseline_relative[min_neg],DI_star,0.6621625366251582,0.0648893872481836,0.9271142332853236,0.08350907007265085,20
credit,gradual_global_mag0.5,xgb,per_subgroup_baseline_relative[min_neg],AOD_star,0.6618526903026434,0.06387130948027465,0.8670278508139967,0.10076932319186824,20
credit,gradual_global_mag0.5,xgb,per_subgroup_baseline_relative[min_neg],BalAcc,-0.6644102619556737,0.0625587661643679,-0.9317582789688188,0.08194591604459936,20
credit,gradual_global_mag0.5,xgb,per_subgroup_ewma[min_pos],DI_star,0.6874708175098809,0.008145581109635454,0.7494904556262382,0.029394956158747595,20
credit,gradual_global_mag0.5,xgb,per_subgroup_ewma[min_pos],AOD_star,0.6884387833042471,0.006576506198335859,0.6995061028742653,0.04048710972757537,20
credit,gradual_global_mag0.5,xgb,per_subgroup_ewma[min_pos],BalAcc,-0.6885463350591767,0.005847493073600611,-0.753382203464347,0.027590076103394937,20
credit,gradual_global_mag0.5,xgb,per_subgroup_baseline_relative[min_pos],DI_star,0.6875783692648104,0.007793607144272814,0.9201107135888288,0.02741820408903427,20
credit,gradual_global_mag0.5,xgb,per_subgroup_baseline_relative[min_pos],AOD_star,0.6886538868141062,0.006354661559801485,0.8586278023564251,0.045610978031014986,20
credit,gradual_global_mag0.5,xgb,per_subgroup_baseline_relative[min_pos],BalAcc,-0.6898369561183316,0.005229272061449362,-0.9250000002201512,0.02591742666539401,20
credit,gradual_global_mag0.5,xgb,per_subgroup_ewma[maj_neg],DI_star,0.6885463350591767,0.00552192119189586,0.8185709168342719,0.010281952678970412,20
credit,gradual_global_mag0.5,xgb,per_subgroup_ewma[maj_neg],AOD_star,0.6882236797943879,0.006064049882976515,0.7646460585462352,0.04765645311417156,20
credit,gradual_global_mag0.5,xgb,per_subgroup_ewma[maj_neg],BalAcc,-0.6883312315493174,0.006559775419705302,-0.8229091084192526,0.008268720342280954,20
credit,gradual_global_mag0.5,xgb,per_subgroup_baseline_relative[maj_neg],DI_star,0.6874024418228706,0.007219811638322854,0.9882943905777021,0.006539527610968138,20
credit,gradual_global_mag0.5,xgb,per_subgroup_baseline_relative[maj_neg],AOD_star,0.6880475095262415,0.006957412617928442,0.9229299143896281,0.054936442875720984,20
credit,gradual_global_mag0.5,xgb,per_subgroup_baseline_relative[maj_neg],BalAcc,-0.6892304167788104,0.006666544866591485,-0.9936211541257636,0.003085568603973375,20
credit,gradual_global_mag0.5,xgb,per_subgroup_ewma[maj_pos],DI_star,0.6898369561183315,0.005735645446425602,0.799221586877922,0.009409871047299623,20
credit,gradual_global_mag0.5,xgb,per_subgroup_ewma[maj_pos],AOD_star,0.6896218526084723,0.005867241502237298,0.7467808180908488,0.04703236909978836,20
credit,gradual_global_mag0.5,xgb,per_subgroup_ewma[maj_pos],BalAcc,-0.6867179552253737,0.004556692559218447,-0.8034025081432701,0.007289364336960576,20
credit,gradual_global_mag0.5,xgb,per_subgroup_baseline_relative[maj_pos],DI_star,0.690482266647909,0.004952054682197813,0.976739268916603,0.010031056539197418,20
credit,gradual_global_mag0.5,xgb,per_subgroup_baseline_relative[maj_pos],AOD_star,0.6902671631380499,0.0042966892442366225,0.9127143584909515,0.05511028735541668,20
credit,gradual_global_mag0.5,xgb,per_subgroup_baseline_relative[maj_pos],BalAcc,-0.6890840938338245,0.005579231089395066,-0.9817474073326962,0.007118569294252369,20
credit,gradual_global_mag1.0,lr,global_mean,DI_star,-0.8246616541353383,0.27692593879599436,-0.8642069575477682,0.2656682141181262,20
credit,gradual_global_mag1.0,lr,global_mean,AOD_star,0.33751879699248116,0.3657789178518489,0.20288916283415254,0.36486001241514937,20
credit,gradual_global_mag1.0,lr,global_mean,BalAcc,-0.5939097744360902,0.13693830791728862,-0.4895915539038834,0.15310343465147694,20
credit,gradual_global_mag1.0,lr,global_ewma,DI_star,-0.82593984962406,0.277576989761521,-0.8518638177465915,0.30091995731260757,20
credit,gradual_global_mag1.0,lr,global_ewma,AOD_star,0.337593984962406,0.3687908225706942,0.33632035781170594,0.4030865167451254,20
credit,gradual_global_mag1.0,lr,global_ewma,BalAcc,-0.5921804511278195,0.13690125136727463,-0.5879894295806427,0.14140335996875453,20
credit,gradual_global_mag1.0,lr,global_std,DI_star,0.1381203007518797,0.3673306789386432,0.12498109754327595,0.35467296725282915,20
credit,gradual_global_mag1.0,lr,global_std,AOD_star,-0.38789473684210524,0.1778900176698173,-0.3993195801065618,0.22278130052280137,20
credit,gradual_global_mag1.0,lr,global_std,BalAcc,0.16669172932330825,0.2537307251970866,0.14086720729277008,0.2577259033786802,20
credit,gradual_global_mag1.0,lr,subgroup_violation_diff,DI_star,-0.26375939849624064,0.323045320592232,-0.3246194081671932,0.23099170719109355,20
credit,gradual_global_mag1.0,lr,subgroup_violation_diff,AOD_star,-0.2853383458646616,0.36092069971667334,-0.3193378411418577,0.33055842558098936,20
credit,gradual_global_mag1.0,lr,subgroup_violation_diff,BalAcc,-0.1014285714285714,0.2735910256133646,-0.053280142209977475,0.2355454390031884,20
credit,gradual_global_mag1.0,lr,max_subgroup_deviation,DI_star,-0.8201503759398495,0.27181481693042914,-0.8574775396262069,0.26794751860282484,20
credit,gradual_global_mag1.0,lr,max_subgroup_deviation,AOD_star,0.3337593984962406,0.36522798438941134,0.21760973561564323,0.36577740856202506,20
credit,gradual_global_mag1.0,lr,max_subgroup_deviation,BalAcc,-0.5912781954887218,0.13940149723838174,-0.49378113877869223,0.1509305518169435,20
credit,gradual_global_mag1.0,lr,assignment_proportion_drift,DI_star,-0.5039727304734127,0.20290726619928176,-0.7684909892964624,0.18663943589079,20
credit,gradual_global_mag1.0,lr,assignment_proportion_drift,AOD_star,-0.14391423210683868,0.35055581203210484,-0.05243924006610703,0.2773416708939257,20
credit,gradual_global_mag1.0,lr,assignment_proportion_drift,BalAcc,-0.2505576143253482,0.22923142291801998,-0.30339012536330723,0.17911024381042953,20
credit,gradual_global_mag1.0,lr,ks_statistic,DI_star,-0.8247368421052631,0.2804849805205014,-0.8445604365902757,0.23738365513316212,20
credit,gradual_global_mag1.0,lr,ks_statistic,AOD_star,0.33669172932330826,0.36878879912414964,0.0856478593965417,0.33516957000983855,20
credit,gradual_global_mag1.0,lr,ks_statistic,BalAcc,-0.595563909774436,0.14138575457204683,-0.41366502479499995,0.16306521769243157,20
credit,gradual_global_mag1.0,lr,kl_divergence,DI_star,-0.819548872180451,0.27564652209748636,-0.6067940264024613,0.3462465111770645,20
credit,gradual_global_mag1.0,lr,kl_divergence,AOD_star,0.3399248120300752,0.36716356674094175,0.5897806216619031,0.36296831667578616,20
credit,gradual_global_mag1.0,lr,kl_divergence,BalAcc,-0.5886466165413534,0.14367669546727768,-0.6029487860979369,0.1233935027443361,20
credit,gradual_global_mag1.0,lr,per_subgroup_ewma[min_neg],DI_star,-0.8296801082079774,0.272988511584042,-0.8772110635973925,0.2934654382270964,20
credit,gradual_global_mag1.0,lr,per_subgroup_ewma[min_neg],AOD_star,0.33169301615902486,0.36337524357042256,0.2648060630388199,0.3883483335942086,20
credit,gradual_global_mag1.0,lr,per_subgroup_ewma[min_neg],BalAcc,-0.5921864469337956,0.14109887944506255,-0.566534531910525,0.14684811078814308,20
credit,gradual_global_mag1.0,lr,per_subgroup_baseline_relative[min_neg],DI_star,-0.7774030167570095,0.2534910106435297,-0.833431048501178,0.23408959633106963,20
credit,gradual_global_mag1.0,lr,per_subgroup_baseline_relative[min_neg],AOD_star,0.13945483330906724,0.34833802567024386,0.05437679366567709,0.3123596674214043,20
credit,gradual_global_mag1.0,lr,per_subgroup_baseline_relative[min_neg],BalAcc,-0.49574281363378486,0.16126403612057233,-0.39710357688495984,0.15987796140214255,20
credit,gradual_global_mag1.0,lr,per_subgroup_ewma[min_pos],DI_star,-0.8245112781954888,0.2801896016997646,-0.8537971774196185,0.30847127661138296,20
credit,gradual_global_mag1.0,lr,per_subgroup_ewma[min_pos],AOD_star,0.33428571428571424,0.364588970355028,0.30414237286508905,0.4039182254543178,20
credit,gradual_global_mag1.0,lr,per_subgroup_ewma[min_pos],BalAcc,-0.5962406015037593,0.14043575127949326,-0.5798188035584904,0.14475452035704928,20
credit,gradual_global_mag1.0,lr,per_subgroup_baseline_relative[min_pos],DI_star,-0.7785714285714285,0.2633232026442458,-0.8594116907537817,0.2637407041213585,20
credit,gradual_global_mag1.0,lr,per_subgroup_baseline_relative[min_pos],AOD_star,0.24007518796992472,0.37802258413202783,0.13481161725055435,0.3714706919009763,20
credit,gradual_global_mag1.0,lr,per_subgroup_baseline_relative[min_pos],BalAcc,-0.5532330827067669,0.17629929223684732,-0.4651077485070503,0.16329473976570227,20
credit,gradual_global_mag1.0,lr,per_subgroup_ewma[maj_neg],DI_star,-0.8390977443609021,0.26455525886036013,-0.8832301405530802,0.2878475222040199,20
credit,gradual_global_mag1.0,lr,per_subgroup_ewma[maj_neg],AOD_star,0.30939849624060145,0.38653779945218375,0.24337681822927548,0.40103054029956847,20
credit,gradual_global_mag1.0,lr,per_subgroup_ewma[maj_neg],BalAcc,-0.5826315789473684,0.1451205537674949,-0.5598147570690153,0.14731573341527235,20
credit,gradual_global_mag1.0,lr,per_subgroup_baseline_relative[maj_neg],DI_star,-0.7778606760903284,0.25942123915096676,-0.7959204816704506,0.2518686104323718,20
credit,gradual_global_mag1.0,lr,per_subgroup_baseline_relative[maj_neg],AOD_star,0.25912651171256545,0.31516310086475197,0.05459886530048559,0.2909109807746907,20
credit,gradual_global_mag1.0,lr,per_subgroup_baseline_relative[maj_neg],BalAcc,-0.49982063078213707,0.15495397141481365,-0.36841426779879816,0.17340259618907447,20
credit,gradual_global_mag1.0,lr,per_subgroup_ewma[maj_pos],DI_star,-0.8262406015037594,0.2780338790900712,-0.846681379178387,0.3017312885458319,20
credit,gradual_global_mag1.0,lr,per_subgroup_ewma[maj_pos],AOD_star,0.33887218045112777,0.36749808433813436,0.3502867759721662,0.40213209197093763,20
credit,gradual_global_mag1.0,lr,per_subgroup_ewma[maj_pos],BalAcc,-0.5930827067669172,0.1366539233225853,-0.5903736535085369,0.14153880808446936,20
credit,gradual_global_mag1.0,lr,per_subgroup_baseline_relative[maj_pos],DI_star,-0.8242857142857142,0.27516671720389757,-0.8583102692792997,0.26948344502807187,20
credit,gradual_global_mag1.0,lr,per_subgroup_baseline_relative[maj_pos],AOD_star,0.33796992481203003,0.3622580657665205,0.2312493474079608,0.36287584994765637,20
credit,gradual_global_mag1.0,lr,per_subgroup_baseline_relative[maj_pos],BalAcc,-0.5988721804511278,0.13501873287909888,-0.4993551452733108,0.15233878794299924,20
credit,gradual_global_mag1.0,xgb,global_mean,DI_star,0.6879010245295991,0.004933332291226933,0.9153744693826795,0.015376160316756525,20
credit,gradual_global_mag1.0,xgb,global_mean,AOD_star,0.6882236797943879,0.00463721461639381,0.8547279926854351,0.04677094953162135,20
credit,gradual_global_mag1.0,xgb,global_mean,BalAcc,-0.6897294043634019,0.004627225989573993,-0.9201930863953176,0.013865534005790945,20
credit,gradual_global_mag1.0,xgb,global_ewma,DI_star,0.6872557140000217,0.005290846772682719,0.7329876314145263,0.011159686021046443,20
credit,gradual_global_mag1.0,xgb,global_ewma,AOD_star,0.6879010245295991,0.005633905456098757,0.6844974484918319,0.038203441638741995,20
credit,gradual_global_mag1.0,xgb,global_ewma,BalAcc,-0.6892991973436837,0.006102081299258878,-0.7368420438527654,0.009886973411195737,20
credit,gradual_global_mag1.0,xgb,global_std,DI_star,-0.2240840813957817,0.30899570057335213,-0.243253745921627,0.2906506564785966,20
credit,gradual_global_mag1.0,xgb,global_std,AOD_star,-0.22806349632817619,0.3026448813934593,-0.23708798962227987,0.26599193936441595,20
credit,gradual_global_mag1.0,xgb,global_std,BalAcc,0.2251595989450775,0.3020342204613085,0.24202897728208,0.29042160385506754,20
credit,gradual_global_mag1.0,xgb,subgroup_violation_diff,DI_star,0.3388418039056445,0.2901180380425983,0.35406295684859074,0.1760463658891953,20
credit,gradual_global_mag1.0,xgb,subgroup_violation_diff,AOD_star,0.33991732145494036,0.29047566243745604,0.3290486660785588,0.1689504571440768,20
credit,gradual_global_mag1.0,xgb,subgroup_violation_diff,BalAcc,-0.3414230460239544,0.28884094077679834,-0.35659840714041663,0.1778390094427294,20
credit,gradual_global_mag1.0,xgb,max_subgroup_deviation,DI_star,0.6898369561183315,0.005445985887820624,0.9096668177904543,0.01735111747041178,20
credit,gradual_global_mag1.0,xgb,max_subgroup_deviation,AOD_star,0.6896218526084724,0.005108425320380473,0.8493513434507609,0.04627964295903275,20
credit,gradual_global_mag1.0,xgb,max_subgroup_deviation,BalAcc,-0.6888689903239654,0.005766820394874809,-0.9143547216965109,0.015850712347296146,20
credit,gradual_global_mag1.0,xgb,assignment_proportion_drift,DI_star,0.6893478494333227,0.006021181017285668,0.9533263853689793,0.029093066831018397,20
credit,gradual_global_mag1.0,xgb,assignment_proportion_drift,AOD_star,0.6883789929255022,0.005108659744953093,0.8906273418048253,0.06042915567456109,20
credit,gradual_global_mag1.0,xgb,assignment_proportion_drift,BalAcc,-0.689562386287612,0.00618241482495352,-0.9581377162006041,0.027382630490208844,20
credit,gradual_global_mag1.0,xgb,ks_statistic,DI_star,0.6892991973436837,0.00571038038902766,0.9704597705087824,0.006405347257244494,20
credit,gradual_global_mag1.0,xgb,ks_statistic,AOD_star,0.6892991973436837,0.006681206431129187,0.9066302965429145,0.05407070533942647,20
credit,gradual_global_mag1.0,xgb,ks_statistic,BalAcc,-0.6870406104901625,0.006211986770865795,-0.9754883548720719,0.0014823508277779494,20
credit,gradual_global_mag1.0,xgb,kl_divergence,DI_star,0.6701549849662183,0.026508616842779494,0.44348447649641864,0.013909591831550541,20
credit,gradual_global_mag1.0,xgb,kl_divergence,AOD_star,0.6720909165549507,0.02789905790598748,0.4146847506599311,0.029176230582605156,20
credit,gradual_global_mag1.0,xgb,kl_divergence,BalAcc,-0.6715531577803029,0.030468483939829868,-0.445798406797289,0.01330764121658266,20
credit,gradual_global_mag1.0,xgb,per_subgroup_ewma[min_neg],DI_star,0.688935894110292,0.007016185075412241,0.7727460610362181,0.008494957276840267,20
credit,gradual_global_mag1.0,xgb,per_subgroup_ewma[min_neg],AOD_star,0.688505525267352,0.006616903191743925,0.7219862950575031,0.04512941303193794,20
credit,gradual_global_mag1.0,xgb,per_subgroup_ewma[min_neg],BalAcc,-0.6908718256990244,0.005899943864129984,-0.7768087166838481,0.008047928184120569,20
credit,gradual_global_mag1.0,xgb,per_subgroup_baseline_relative[min_neg],DI_star,0.6705786030123234,0.03571982770299124,0.9356366365581475,0.0541204394315472,20
credit,gradual_global_mag1.0,xgb,per_subgroup_baseline_relative[min_neg],AOD_star,0.6702569237349038,0.03606381244129987,0.8747919342352614,0.08007980814174705,20
credit,gradual_global_mag1.0,xgb,per_subgroup_baseline_relative[min_neg],BalAcc,-0.6728353998970762,0.03473728514242152,-0.9405015869115294,0.05314702445710478,20
credit,gradual_global_mag1.0,xgb,per_subgroup_ewma[min_pos],DI_star,0.6874708175098809,0.008145581109635454,0.7301599843043007,0.021053629062716614,20
credit,gradual_global_mag1.0,xgb,per_subgroup_ewma[min_pos],AOD_star,0.6884387833042471,0.006576506198335859,0.6820493637581897,0.04445025206167212,20
credit,gradual_global_mag1.0,xgb,per_subgroup_ewma[min_pos],BalAcc,-0.6885463350591767,0.005847493073600611,-0.7340629309279205,0.022526730371925197,20
credit,gradual_global_mag1.0,xgb,per_subgroup_baseline_relative[min_pos],DI_star,0.6875783692648104,0.007793607144272814,0.9135822604013331,0.02435092545765855,20
credit,gradual_global_mag1.0,xgb,per_subgroup_baseline_relative[min_pos],AOD_star,0.6886538868141062,0.006354661559801485,0.8535239349129924,0.05842397586736852,20
credit,gradual_global_mag1.0,xgb,per_subgroup_baseline_relative[min_pos],BalAcc,-0.6898369561183316,0.005229272061449362,-0.9185170684254699,0.02601005948287085,20
credit,gradual_global_mag1.0,xgb,per_subgroup_ewma[maj_neg],DI_star,0.6885463350591767,0.00552192119189586,0.7917233234007032,0.014309144384677673,20
credit,gradual_global_mag1.0,xgb,per_subgroup_ewma[maj_neg],AOD_star,0.6882236797943879,0.006064049882976515,0.7391227078785352,0.03926998682575023,20
credit,gradual_global_mag1.0,xgb,per_subgroup_ewma[maj_neg],BalAcc,-0.6883312315493174,0.006559775419705302,-0.7959168398346982,0.013110152745787706,20
credit,gradual_global_mag1.0,xgb,per_subgroup_baseline_relative[maj_neg],DI_star,0.6616220127022558,0.05474260950634761,0.9340616185619675,0.07750908558806885,20
credit,gradual_global_mag1.0,xgb,per_subgroup_baseline_relative[maj_neg],AOD_star,0.6622670394922628,0.0543340234950372,0.8748396535401707,0.10748298378129545,20
credit,gradual_global_mag1.0,xgb,per_subgroup_baseline_relative[maj_neg],BalAcc,-0.6634509600151997,0.05520651497091329,-0.9391903903640012,0.07870867671877538,20
credit,gradual_global_mag1.0,xgb,per_subgroup_ewma[maj_pos],DI_star,0.6898369561183315,0.005735645446425602,0.7285176778796014,0.013934559410488424,20
credit,gradual_global_mag1.0,xgb,per_subgroup_ewma[maj_pos],AOD_star,0.6896218526084723,0.005867241502237298,0.6802998419649413,0.0373317202612513,20
credit,gradual_global_mag1.0,xgb,per_subgroup_ewma[maj_pos],BalAcc,-0.6867179552253737,0.004556692559218447,-0.7323072432591817,0.011671792185451843,20
credit,gradual_global_mag1.0,xgb,per_subgroup_baseline_relative[maj_pos],DI_star,0.690482266647909,0.004952054682197813,0.9038435378295357,0.019505687832752815,20
credit,gradual_global_mag1.0,xgb,per_subgroup_baseline_relative[maj_pos],AOD_star,0.6902671631380499,0.0042966892442366225,0.844051392708724,0.04476336737602479,20
credit,gradual_global_mag1.0,xgb,per_subgroup_baseline_relative[maj_pos],BalAcc,-0.6890840938338245,0.005579231089395066,-0.9084634774992304,0.016909271505926964,20
credit,gradual_global_mag2.0,lr,global_mean,DI_star,-0.11616541353383458,0.33276257974576223,-0.37892836056301393,0.3814792845255369,20
credit,gradual_global_mag2.0,lr,global_mean,AOD_star,0.824360902255639,0.09993790824865291,0.6619649712201212,0.10968914783216503,20
credit,gradual_global_mag2.0,lr,global_mean,BalAcc,-0.8344360902255639,0.0710307879061796,-0.7040372053258638,0.10347617566604182,20
credit,gradual_global_mag2.0,lr,global_ewma,DI_star,-0.11736842105263157,0.33415701932190606,-0.16684419405393208,0.3990420546883822,20
credit,gradual_global_mag2.0,lr,global_ewma,AOD_star,0.8232330827067669,0.10123492664924769,0.8529593966687019,0.08315009749158336,20
credit,gradual_global_mag2.0,lr,global_ewma,BalAcc,-0.8332330827067669,0.07128818812605241,-0.8182446950153862,0.07179194402491132,20
credit,gradual_global_mag2.0,lr,global_std,DI_star,-0.10142857142857145,0.2657932383734402,-0.1211695891270845,0.27692954435725653,20
credit,gradual_global_mag2.0,lr,global_std,AOD_star,-0.8569924812030074,0.05496831993527091,-0.9000346123830006,0.06479309858927408,20
credit,gradual_global_mag2.0,lr,global_std,BalAcc,0.7124812030075187,0.1388358436652235,0.7143771927347198,0.112093171614562,20
credit,gradual_global_mag2.0,lr,subgroup_violation_diff,DI_star,-0.2849624060150376,0.3495444973744415,-0.3132887136631656,0.24398896456009858,20
credit,gradual_global_mag2.0,lr,subgroup_violation_diff,AOD_star,-0.42819548872180446,0.34396926707279923,-0.4113948152364915,0.3289717404567883,20
credit,gradual_global_mag2.0,lr,subgroup_violation_diff,BalAcc,0.29007518796992476,0.2985990239887399,0.2373274146326428,0.24773610692349227,20
credit,gradual_global_mag2.0,lr,max_subgroup_deviation,DI_star,-0.12180451127819547,0.3261813242929236,-0.36637634620361836,0.3728561406418832,20
credit,gradual_global_mag2.0,lr,max_subgroup_deviation,AOD_star,0.8166917293233082,0.09844732757830264,0.678997326201564,0.10303651085768133,20
credit,gradual_global_mag2.0,lr,max_subgroup_deviation,BalAcc,-0.8296992481203007,0.07085384133901824,-0.7147941545556418,0.09797892456941215,20
credit,gradual_global_mag2.0,lr,assignment_proportion_drift,DI_star,-0.3841617031166614,0.29014644670891604,-0.49288868546255926,0.33229267134546503,20
credit,gradual_global_mag2.0,lr,assignment_proportion_drift,AOD_star,0.17575137923164025,0.37140611297011095,0.362067011513258,0.1796881887625428,20
credit,gradual_global_mag2.0,lr,assignment_proportion_drift,BalAcc,-0.31942472518756726,0.29469528081785407,-0.47159767057834917,0.18327846272522053,20
credit,gradual_global_mag2.0,lr,ks_statistic,DI_star,-0.11789473684210525,0.33737116078589807,-0.4439791445011383,0.3590363734167402,20
credit,gradual_global_mag2.0,lr,ks_statistic,AOD_star,0.8222556390977444,0.09918156802568552,0.5468404904157905,0.11198505568882974,20
credit,gradual_global_mag2.0,lr,ks_statistic,BalAcc,-0.8368421052631578,0.06909524895884298,-0.6246559908095957,0.12054639140884237,20
credit,gradual_global_mag2.0,lr,kl_divergence,DI_star,-0.11684210526315789,0.331923712123596,0.2798864123051657,0.29491661882681075,20
credit,gradual_global_mag2.0,lr,kl_divergence,AOD_star,0.8234586466165414,0.10003832156225852,0.7903029068619896,0.09471738722756183,20
credit,gradual_global_mag2.0,lr,kl_divergence,BalAcc,-0.8266917293233081,0.07637687839815806,-0.662117153706338,0.08669352192006945,20
credit,gradual_global_mag2.0,lr,per_subgroup_ewma[min_neg],DI_star,-0.1843307040407841,0.3161067108757607,-0.28836191023155305,0.3699733005251306,20
credit,gradual_global_mag2.0,lr,per_subgroup_ewma[min_neg],AOD_star,0.75523997364159,0.13578416999454374,0.760040749846952,0.11664010974577635,20
credit,gradual_global_mag2.0,lr,per_subgroup_ewma[min_neg],BalAcc,-0.7801649129411315,0.08818711023525339,-0.7696154713562989,0.08454257866544374,20
credit,gradual_global_mag2.0,lr,per_subgroup_baseline_relative[min_neg],DI_star,-0.20404805435368445,0.2630978702268635,-0.4437469038016763,0.30506066320945674,20
credit,gradual_global_mag2.0,lr,per_subgroup_baseline_relative[min_neg],AOD_star,0.5225681003197715,0.26050845043092424,0.3750982128881498,0.2088732882116677,20
credit,gradual_global_mag2.0,lr,per_subgroup_baseline_relative[min_neg],BalAcc,-0.5611096930681754,0.23539018740822945,-0.46577016911543456,0.2095875249830447,20
credit,gradual_global_mag2.0,lr,per_subgroup_ewma[min_pos],DI_star,-0.11842105263157894,0.332128634099817,-0.20575741410865445,0.3958385976644552,20
credit,gradual_global_mag2.0,lr,per_subgroup_ewma[min_pos],AOD_star,0.8194736842105262,0.09494127006882543,0.8300661018689122,0.08895583030697661,20
credit,gradual_global_mag2.0,lr,per_subgroup_ewma[min_pos],BalAcc,-0.8333834586466164,0.06718052475897528,-0.8112469526536442,0.07578488543772499,20
credit,gradual_global_mag2.0,lr,per_subgroup_baseline_relative[min_pos],DI_star,-0.14263157894736841,0.3153115879232145,-0.4387829187583348,0.35896242699864633,20
credit,gradual_global_mag2.0,lr,per_subgroup_baseline_relative[min_pos],AOD_star,0.7685714285714286,0.12483911292360275,0.5906007877963299,0.12437224884538636,20
credit,gradual_global_mag2.0,lr,per_subgroup_baseline_relative[min_pos],BalAcc,-0.8027819548872179,0.08280551179852814,-0.6575002529138763,0.11564330851881527,20
credit,gradual_global_mag2.0,lr,per_subgroup_ewma[maj_neg],DI_star,-0.27751879699248116,0.3035775063988052,-0.3404999415856956,0.34298796133390264,20
credit,gradual_global_mag2.0,lr,per_subgroup_ewma[maj_neg],AOD_star,0.673984962406015,0.27376211400544354,0.6995208585511603,0.24856394206820343,20
credit,gradual_global_mag2.0,lr,per_subgroup_ewma[maj_neg],BalAcc,-0.690751879699248,0.2024348787919379,-0.7023443127744783,0.17136233853064345,20
credit,gradual_global_mag2.0,lr,per_subgroup_baseline_relative[maj_neg],DI_star,-0.32750612396807816,0.27196779381808855,-0.4923980606832455,0.2868314593365714,20
credit,gradual_global_mag2.0,lr,per_subgroup_baseline_relative[maj_neg],AOD_star,0.4168808256939961,0.43206016997490404,0.30908019016207794,0.3379514328218964,20
credit,gradual_global_mag2.0,lr,per_subgroup_baseline_relative[maj_neg],BalAcc,-0.4130506329029055,0.45003709788527146,-0.3681565362397999,0.323573806565288,20
credit,gradual_global_mag2.0,lr,per_subgroup_ewma[maj_pos],DI_star,-0.11729323308270675,0.3349520685644838,-0.14660023148906762,0.39650841418989086,20
credit,gradual_global_mag2.0,lr,per_subgroup_ewma[maj_pos],AOD_star,0.8242105263157894,0.10067430522701099,0.8648420778139363,0.078217858969135,20
credit,gradual_global_mag2.0,lr,per_subgroup_ewma[maj_pos],BalAcc,-0.8333082706766917,0.07081297850065087,-0.8221283912909616,0.07085747016289651,20
credit,gradual_global_mag2.0,lr,per_subgroup_baseline_relative[maj_pos],DI_star,-0.11781954887218042,0.33475362049161766,-0.3559931050734704,0.38161553364854256,20
credit,gradual_global_mag2.0,lr,per_subgroup_baseline_relative[maj_pos],AOD_star,0.8224812030075187,0.10075129053805969,0.6916528187643864,0.10424751815582949,20
credit,gradual_global_mag2.0,lr,per_subgroup_baseline_relative[maj_pos],BalAcc,-0.8368421052631578,0.07156773147737679,-0.7219489383657891,0.09833840881390148,20
credit,gradual_global_mag2.0,xgb,global_mean,DI_star,0.6879010245295991,0.004933332291226933,0.9181279979567952,0.012721741792381875,20
credit,gradual_global_mag2.0,xgb,global_mean,AOD_star,0.6882236797943879,0.00463721461639381,0.8574636526754876,0.049012014204852114,20
credit,gradual_global_mag2.0,xgb,global_mean,BalAcc,-0.6897294043634019,0.004627225989573993,-0.9229552050582533,0.010788704983659258,20
credit,gradual_global_mag2.0,xgb,global_ewma,DI_star,0.6872557140000217,0.005290846772682719,0.7241707050753069,0.01039725418271714,20
credit,gradual_global_mag2.0,xgb,global_ewma,AOD_star,0.6879010245295991,0.005633905456098757,0.6763115013476764,0.03836480877685683,20
credit,gradual_global_mag2.0,xgb,global_ewma,BalAcc,-0.6892991973436837,0.006102081299258878,-0.7279745028865862,0.008960975247650209,20
credit,gradual_global_mag2.0,xgb,global_std,DI_star,-0.45042674964508456,0.1522625202480772,-0.46811546919619423,0.14070595263055818,20
credit,gradual_global_mag2.0,xgb,global_std,AOD_star,-0.4546212680873383,0.14807267688623205,-0.44261038475206804,0.130633684372892,20
credit,gradual_global_mag2.0,xgb,global_std,BalAcc,0.4535457505380426,0.1503810852213985,0.4692736894378126,0.1404959702811643,20
credit,gradual_global_mag2.0,xgb,subgroup_violation_diff,DI_star,0.0646386047126781,0.3019280438562464,0.19776147877759104,0.17514555296153994,20
credit,gradual_global_mag2.0,xgb,subgroup_violation_diff,AOD_star,0.06603677752676265,0.3043310653540033,0.18095606781947707,0.15740377320460944,20
credit,gradual_global_mag2.0,xgb,subgroup_violation_diff,BalAcc,-0.0691557784197205,0.3025314633102724,-0.19918224460715137,0.17574512957485347,20
credit,gradual_global_mag2.0,xgb,max_subgroup_deviation,DI_star,0.6898369561183315,0.005445985887820624,0.9090307484144109,0.019692673798264646,20
credit,gradual_global_mag2.0,xgb,max_subgroup_deviation,AOD_star,0.6896218526084724,0.005108425320380473,0.848794231846117,0.047742263479129306,20
credit,gradual_global_mag2.0,xgb,max_subgroup_deviation,BalAcc,-0.6888689903239654,0.005766820394874809,-0.9137073251613328,0.01747681208801783,20
credit,gradual_global_mag2.0,xgb,assignment_proportion_drift,DI_star,0.6893855422232746,0.005880497551948417,0.9562865643842846,0.026206175237213192,20
credit,gradual_global_mag2.0,xgb,assignment_proportion_drift,AOD_star,0.6884174549701181,0.0050567431920105115,0.8934869994058768,0.05980500769123375,20
credit,gradual_global_mag2.0,xgb,assignment_proportion_drift,BalAcc,-0.6896015765821544,0.006213427506250213,-0.9611943782326813,0.025560654998867546,20
credit,gradual_global_mag2.0,xgb,ks_statistic,DI_star,0.6892991973436837,0.00571038038902766,0.9706897039489879,0.006337264348675273,20
credit,gradual_global_mag2.0,xgb,ks_statistic,AOD_star,0.6892991973436837,0.006681206431129187,0.9068409361008474,0.05409786442234232,20
credit,gradual_global_mag2.0,xgb,ks_statistic,BalAcc,-0.6870406104901625,0.006211986770865795,-0.9757246978195766,0.0018275300889214465,20
credit,gradual_global_mag2.0,xgb,kl_divergence,DI_star,0.6870406104901625,0.006137050532815991,0.3111284749515691,0.012415267003713643,20
credit,gradual_global_mag2.0,xgb,kl_divergence,AOD_star,0.6887614385690358,0.006685533357579165,0.2905059449177267,0.018648741931960144,20
credit,gradual_global_mag2.0,xgb,kl_divergence,BalAcc,-0.6888689903239654,0.0053506322496851555,-0.3127719162504097,0.012664667132782612,20
credit,gradual_global_mag2.0,xgb,per_subgroup_ewma[min_neg],DI_star,0.688935894110292,0.007016185075412241,0.7832943726431012,0.021619608510426658,20
credit,gradual_global_mag2.0,xgb,per_subgroup_ewma[min_neg],AOD_star,0.688505525267352,0.006616903191743925,0.7315748382853219,0.04569037535347226,20
credit,gradual_global_mag2.0,xgb,per_subgroup_ewma[min_neg],BalAcc,-0.6908718256990244,0.005899943864129984,-0.7873756087073902,0.020137714140751068,20
credit,gradual_global_mag2.0,xgb,per_subgroup_baseline_relative[min_neg],DI_star,0.588619349077864,0.10022338323688941,0.8340709652002738,0.12121292953665436,20
credit,gradual_global_mag2.0,xgb,per_subgroup_baseline_relative[min_neg],AOD_star,0.5882959212946622,0.09952895661742449,0.7798594410472912,0.12504772501884578,20
credit,gradual_global_mag2.0,xgb,per_subgroup_baseline_relative[min_neg],BalAcc,-0.5907123417813187,0.10553505016391278,-0.8387141809482015,0.12354463427701495,20
credit,gradual_global_mag2.0,xgb,per_subgroup_ewma[min_pos],DI_star,0.6874708175098809,0.008145581109635454,0.7394706496708132,0.02513488135089148,20
credit,gradual_global_mag2.0,xgb,per_subgroup_ewma[min_pos],AOD_star,0.6884387833042471,0.006576506198335859,0.6910600607734587,0.05104170430566446,20
credit,gradual_global_mag2.0,xgb,per_subgroup_ewma[min_pos],BalAcc,-0.6885463350591767,0.005847493073600611,-0.7433846864819762,0.025526966254980514,20
credit,gradual_global_mag2.0,xgb,per_subgroup_baseline_relative[min_pos],DI_star,0.6789742288704439,0.02637343599314359,0.920431368265608,0.04534576857107402,20
credit,gradual_global_mag2.0,xgb,per_subgroup_baseline_relative[min_pos],AOD_star,0.6800497464197398,0.026687359428534414,0.8608575675523135,0.07773092160710998,20
credit,gradual_global_mag2.0,xgb,per_subgroup_baseline_relative[min_pos],BalAcc,-0.6812328157239652,0.028496953253074685,-0.9253200284989838,0.04507473064736426,20
credit,gradual_global_mag2.0,xgb,per_subgroup_ewma[maj_neg],DI_star,0.6885463350591767,0.00552192119189586,0.7623284468139457,0.03125528451449508,20
credit,gradual_global_mag2.0,xgb,per_subgroup_ewma[maj_neg],AOD_star,0.6882236797943879,0.006064049882976515,0.7123586460839301,0.05465138587891492,20
credit,gradual_global_mag2.0,xgb,per_subgroup_ewma[maj_neg],BalAcc,-0.6883312315493174,0.006559775419705302,-0.7664177436553841,0.032169747902554426,20
credit,gradual_global_mag2.0,xgb,per_subgroup_baseline_relative[maj_neg],DI_star,0.5199615546736233,0.20883297094809922,0.7698421037759945,0.18077743670053936,20
credit,gradual_global_mag2.0,xgb,per_subgroup_baseline_relative[maj_neg],AOD_star,0.5206068697533766,0.20908201989188624,0.7239574553187474,0.1884806899257891,20
credit,gradual_global_mag2.0,xgb,per_subgroup_baseline_relative[maj_neg],BalAcc,-0.5217658429263079,0.21190790106395035,-0.7741301479973817,0.18197985705454225,20
credit,gradual_global_mag2.0,xgb,per_subgroup_ewma[maj_pos],DI_star,0.6898369561183315,0.005735645446425602,0.711755027361346,0.012429877964514488,20
credit,gradual_global_mag2.0,xgb,per_subgroup_ewma[maj_pos],AOD_star,0.6896218526084723,0.005867241502237298,0.6647451758554699,0.03797633225686711,20
credit,gradual_global_mag2.0,xgb,per_subgroup_ewma[maj_pos],BalAcc,-0.6867179552253737,0.004556692559218447,-0.7154624497208482,0.01029343492971128,20
credit,gradual_global_mag2.0,xgb,per_subgroup_baseline_relative[maj_pos],DI_star,0.690482266647909,0.004952054682197813,0.9020319952424183,0.015213724496338513,20
credit,gradual_global_mag2.0,xgb,per_subgroup_baseline_relative[maj_pos],AOD_star,0.6902671631380499,0.0042966892442366225,0.8425845494423079,0.04800838829805138,20
credit,gradual_global_mag2.0,xgb,per_subgroup_baseline_relative[maj_pos],BalAcc,-0.6890840938338245,0.005579231089395066,-0.906666043343253,0.012438000288593902,20
credit,abrupt_global_mag0.5,lr,global_mean,DI_star,-0.5090225563909774,0.12874718673225163,-0.9786042584558456,0.04247526766758807,20
credit,abrupt_global_mag0.5,lr,global_mean,AOD_star,-0.24962406015037591,0.3427737004384241,-0.34056685545970006,0.38506433879972746,20
credit,abrupt_global_mag0.5,lr,global_mean,BalAcc,-0.17601503759398493,0.21556141835538462,-0.35604523763282014,0.2071337097202847,20
credit,abrupt_global_mag0.5,lr,global_ewma,DI_star,-0.5539097744360902,0.12671729511574867,-0.8367145971778573,0.025650554896303687,20
credit,abrupt_global_mag0.5,lr,global_ewma,AOD_star,-0.26150375939849624,0.28040169694798334,-0.29291651764030047,0.33115349304169034,20
credit,abrupt_global_mag0.5,lr,global_ewma,BalAcc,-0.21736842105263157,0.17338644201177697,-0.28799057890568613,0.16325754380591276,20
credit,abrupt_global_mag0.5,lr,global_std,DI_star,-0.15954887218045105,0.4491651290254567,-0.27251607036184855,0.7087036189401859,20
credit,abrupt_global_mag0.5,lr,global_std,AOD_star,-0.15751879699248122,0.302881884064563,-0.1806331470260783,0.3675168717794261,20
credit,abrupt_global_mag0.5,lr,global_std,BalAcc,0.013383458646616535,0.20911551997723024,-0.007410745446644611,0.25155810763240877,20
credit,abrupt_global_mag0.5,lr,subgroup_violation_diff,DI_star,-0.6076691729323308,0.1187883312727307,-0.9543584121743564,0.04207905347229165,20
credit,abrupt_global_mag0.5,lr,subgroup_violation_diff,AOD_star,-0.274360902255639,0.3061029505539551,-0.33914794835979634,0.3862181241809654,20
credit,abrupt_global_mag0.5,lr,subgroup_violation_diff,BalAcc,-0.2837593984962406,0.2668489163715911,-0.35786615591368337,0.2163743931783056,20
credit,abrupt_global_mag0.5,lr,max_subgroup_deviation,DI_star,-0.5494736842105264,0.13186298022467852,-0.9783251687198742,0.04083309100111914,20
credit,abrupt_global_mag0.5,lr,max_subgroup_deviation,AOD_star,-0.24593984962406018,0.3109396564497333,-0.3420920003345406,0.3850286914104023,20
credit,abrupt_global_mag0.5,lr,max_subgroup_deviation,BalAcc,-0.23180451127819546,0.197372803388512,-0.3582507537883585,0.2069266636784517,20
credit,abrupt_global_mag0.5,lr,assignment_proportion_drift,DI_star,-0.6379417987059038,0.1308374941628793,-0.9788826342396643,0.04158791608576475,20
credit,abrupt_global_mag0.5,lr,assignment_proportion_drift,AOD_star,-0.22947904391511945,0.3688788770173787,-0.3405348917652907,0.3864426813966203,20
credit,abrupt_global_mag0.5,lr,assignment_proportion_drift,BalAcc,-0.2719704775540604,0.251377372295619,-0.35796908953927253,0.20884403467023824,20
credit,abrupt_global_mag0.5,lr,ks_statistic,DI_star,-0.5815892137720502,0.10594157424347024,-0.9787498899063287,0.04254535539800046,20
credit,abrupt_global_mag0.5,lr,ks_statistic,AOD_star,-0.27162741582224126,0.30435277234235864,-0.34117737641286616,0.3849144282562798,20
credit,abrupt_global_mag0.5,lr,ks_statistic,BalAcc,-0.19744304338048319,0.18092809037007335,-0.35680378488829556,0.2067747182753216,20
credit,abrupt_global_mag0.5,lr,kl_divergence,DI_star,-0.5675939849624059,0.09527769589562948,-0.9634025221432131,0.04109228617501428,20
credit,abrupt_global_mag0.5,lr,kl_divergence,AOD_star,-0.25789473684210523,0.3429924874661993,-0.3380067551121412,0.3900888180506863,20
credit,abrupt_global_mag0.5,lr,kl_divergence,BalAcc,-0.22285714285714286,0.1859516306250222,-0.3474228367939887,0.19872570858658428,20
credit,abrupt_global_mag0.5,lr,per_subgroup_ewma[min_neg],DI_star,-0.5327137808790012,0.10292787385674163,-0.8346790575105935,0.02449579949624133,20
credit,abrupt_global_mag0.5,lr,per_subgroup_ewma[min_neg],AOD_star,-0.25748486553994293,0.26347632179791486,-0.2870390921855477,0.32996506266777603,20
credit,abrupt_global_mag0.5,lr,per_subgroup_ewma[min_neg],BalAcc,-0.24943848006332328,0.15953312709816792,-0.29966973735837366,0.16741530987000697,20
credit,abrupt_global_mag0.5,lr,per_subgroup_baseline_relative[min_neg],DI_star,-0.5359922146738187,0.1780272625441724,-0.9172095272218914,0.11553241835131918,20
credit,abrupt_global_mag0.5,lr,per_subgroup_baseline_relative[min_neg],AOD_star,-0.18798897088252167,0.28189278831040016,-0.3051542801542688,0.34245470099723657,20
credit,abrupt_global_mag0.5,lr,per_subgroup_baseline_relative[min_neg],BalAcc,-0.23943823661979854,0.22040097681334084,-0.3292036370927419,0.22848978371470827,20
credit,abrupt_global_mag0.5,lr,per_subgroup_ewma[min_pos],DI_star,-0.5487218045112783,0.12463516774233228,-0.8360940374262105,0.0253887005166053,20
credit,abrupt_global_mag0.5,lr,per_subgroup_ewma[min_pos],AOD_star,-0.2676691729323308,0.2764398984743035,-0.29237804651004257,0.33088569847772786,20
credit,abrupt_global_mag0.5,lr,per_subgroup_ewma[min_pos],BalAcc,-0.22060150375939847,0.18084487117896716,-0.2885502186856471,0.16287813067490084,20
credit,abrupt_global_mag0.5,lr,per_subgroup_baseline_relative[min_pos],DI_star,-0.5838345864661654,0.11930591948950404,-0.9779546529679992,0.04095585613927789,20
credit,abrupt_global_mag0.5,lr,per_subgroup_baseline_relative[min_pos],AOD_star,-0.24902255639097745,0.32372499808512034,-0.3409525705546287,0.38608302171495995,20
credit,abrupt_global_mag0.5,lr,per_subgroup_baseline_relative[min_pos],BalAcc,-0.2475187969924812,0.23751231107872667,-0.35945182252625446,0.20459046726316174,20
credit,abrupt_global_mag0.5,lr,per_subgroup_ewma[maj_neg],DI_star,-0.5568421052631579,0.12448557723923097,-0.8365616292741713,0.025160221270231865,20
credit,abrupt_global_mag0.5,lr,per_subgroup_ewma[maj_neg],AOD_star,-0.269172932330827,0.2753625314295743,-0.29301522252789736,0.33146291288518615,20
credit,abrupt_global_mag0.5,lr,per_subgroup_ewma[maj_neg],BalAcc,-0.2206766917293233,0.17390369557914684,-0.2876990663220741,0.16312474779154448,20
credit,abrupt_global_mag0.5,lr,per_subgroup_baseline_relative[maj_neg],DI_star,-0.5748872180451128,0.09661124586874645,-0.9782270328456253,0.04349006536388434,20
credit,abrupt_global_mag0.5,lr,per_subgroup_baseline_relative[maj_neg],AOD_star,-0.27180451127819544,0.3175514307757781,-0.34130948232887637,0.38575131411321595,20
credit,abrupt_global_mag0.5,lr,per_subgroup_baseline_relative[maj_neg],BalAcc,-0.2318045112781955,0.17942772137148383,-0.3553077588735771,0.2054712493559808,20
credit,abrupt_global_mag0.5,lr,per_subgroup_ewma[maj_pos],DI_star,-0.5543609022556389,0.12437942511909303,-0.8364030485532938,0.025690414598769685,20
credit,abrupt_global_mag0.5,lr,per_subgroup_ewma[maj_pos],AOD_star,-0.26135338345864656,0.2814809450301391,-0.29271004979551307,0.3310085304094448,20
credit,abrupt_global_mag0.5,lr,per_subgroup_ewma[maj_pos],BalAcc,-0.2218796992481203,0.16735935163802426,-0.2878632820069599,0.1630865687313893,20
credit,abrupt_global_mag0.5,lr,per_subgroup_baseline_relative[maj_pos],DI_star,-0.5139097744360903,0.11734419078156988,-0.9786515809056505,0.042504783191138755,20
credit,abrupt_global_mag0.5,lr,per_subgroup_baseline_relative[maj_pos],AOD_star,-0.24571428571428572,0.34463934633682397,-0.340453735459404,0.3850784161341005,20
credit,abrupt_global_mag0.5,lr,per_subgroup_baseline_relative[maj_pos],BalAcc,-0.21218045112781952,0.21398284888974684,-0.35638003017216746,0.2067628284145072,20
credit,abrupt_global_mag0.5,xgb,global_mean,DI_star,0.7389486801129295,0.008146208133985436,0.9910916149064286,0.006038477981192376,20
credit,abrupt_global_mag0.5,xgb,global_mean,AOD_star,0.741419088912451,0.008710985110511153,0.9138546095471127,0.05110864398618204,20
credit,abrupt_global_mag0.5,xgb,global_mean,BalAcc,-0.7425060687842406,0.009784315949006415,-0.996750395974316,0.0019683511974065396,20
credit,abrupt_global_mag0.5,xgb,global_ewma,DI_star,0.7383557820010443,0.009629398724374651,0.8441064536455336,0.005258590405274813,20
credit,abrupt_global_mag0.5,xgb,global_ewma,AOD_star,0.7405297417446233,0.010607925029445124,0.7783503023417698,0.04371483167934837,20
credit,abrupt_global_mag0.5,xgb,global_ewma,BalAcc,-0.7433954159520686,0.01137504553707844,-0.8489318777509833,0.0018304527357760063,20
credit,abrupt_global_mag0.5,xgb,global_std,DI_star,0.21443148379848315,0.5782225980647949,0.25859681651627087,0.7222452427870962,20
credit,abrupt_global_mag0.5,xgb,global_std,AOD_star,0.21047882971924842,0.5749364305978453,0.225313228791186,0.6819091955954438,20
credit,abrupt_global_mag0.5,xgb,global_std,BalAcc,-0.21225752405490406,0.5682434814698581,-0.2633516108326902,0.7134329151700795,20
credit,abrupt_global_mag0.5,xgb,subgroup_violation_diff,DI_star,0.7373676184812354,0.009011271137791639,0.9603156083630704,0.03287688227022792,20
credit,abrupt_global_mag0.5,xgb,subgroup_violation_diff,AOD_star,0.7387510474089678,0.008650805844182081,0.8838254722623784,0.06628483034381019,20
credit,abrupt_global_mag0.5,xgb,subgroup_violation_diff,BalAcc,-0.739936843632738,0.009869770112521136,-0.9659325924003737,0.03470380963249647,20
credit,abrupt_global_mag0.5,xgb,max_subgroup_deviation,DI_star,0.7445812121758388,0.007676574236760725,0.9894857697593824,0.005181046802445856,20
credit,abrupt_global_mag0.5,xgb,max_subgroup_deviation,AOD_star,0.7441859467679153,0.010028277566077352,0.9124978416119773,0.052080902966425105,20
credit,abrupt_global_mag0.5,xgb,max_subgroup_deviation,BalAcc,-0.7402332926886807,0.010485248471273571,-0.9949722711932882,0.003929906491810568,20
credit,abrupt_global_mag0.5,xgb,assignment_proportion_drift,DI_star,0.7443379055036228,0.009361284155703265,0.9910591346491063,0.005899292784445215,20
credit,abrupt_global_mag0.5,xgb,assignment_proportion_drift,AOD_star,0.7409715116302412,0.00684750940115884,0.9139582427820704,0.05072073629984587,20
credit,abrupt_global_mag0.5,xgb,assignment_proportion_drift,BalAcc,-0.7424547218847224,0.00974037472817046,-0.9965027443034205,0.002023146531641785,20
credit,abrupt_global_mag0.5,xgb,ks_statistic,DI_star,0.7437060267651809,0.008309587577256226,0.9911768973405936,0.006065989569599384,20
credit,abrupt_global_mag0.5,xgb,ks_statistic,AOD_star,0.7439035479592437,0.008606378952608492,0.9140571181365328,0.05098047945947044,20
credit,abrupt_global_mag0.5,xgb,ks_statistic,BalAcc,-0.739061286522417,0.009763787089942562,-0.9967212073407294,0.0019856824023003557,20
credit,abrupt_global_mag0.5,xgb,kl_divergence,DI_star,0.7419131706723554,0.010085078953498106,0.9758231982535973,0.00929104639158452,20
credit,abrupt_global_mag0.5,xgb,kl_divergence,AOD_star,0.7446800285278198,0.010635504394031204,0.9017097251613168,0.05247576622748786,20
credit,abrupt_global_mag0.5,xgb,kl_divergence,BalAcc,-0.7418143543203746,0.008367942324386753,-0.9813389059282095,0.007277305664210391,20
credit,abrupt_global_mag0.5,xgb,per_subgroup_ewma[min_neg],DI_star,0.7410378737517986,0.009899766553534068,0.8427840303294616,0.013933178383857905,20
credit,abrupt_global_mag0.5,xgb,per_subgroup_ewma[min_neg],AOD_star,0.741235469285794,0.011383387788980752,0.7773582398066804,0.048098530628164674,20
credit,abrupt_global_mag0.5,xgb,per_subgroup_ewma[min_neg],BalAcc,-0.7445460958519006,0.01080679023721915,-0.8475982864445204,0.015323267418959856,20
credit,abrupt_global_mag0.5,xgb,per_subgroup_baseline_relative[min_neg],DI_star,0.6832678395621196,0.11283024646897931,0.923986505820789,0.10511421651096604,20
credit,abrupt_global_mag0.5,xgb,per_subgroup_baseline_relative[min_neg],AOD_star,0.6821386561535935,0.11010028887437812,0.8523086449572475,0.11062211587428583,20
credit,abrupt_global_mag0.5,xgb,per_subgroup_baseline_relative[min_neg],BalAcc,-0.6875545546969661,0.1166423337446218,-0.9294000055568539,0.10675741738331089,20
credit,abrupt_global_mag0.5,xgb,per_subgroup_ewma[min_pos],DI_star,0.7418143543203746,0.010082658089075349,0.8432748876188458,0.006234999079406983,20
credit,abrupt_global_mag0.5,xgb,per_subgroup_ewma[min_pos],AOD_star,0.7432965996000876,0.010822984724187933,0.777555113985088,0.04315349298348254,20
credit,abrupt_global_mag0.5,xgb,per_subgroup_ewma[min_pos],BalAcc,-0.7396403945767955,0.010323826254653631,-0.8480607946474701,0.0044445189374750955,20
credit,abrupt_global_mag0.5,xgb,per_subgroup_baseline_relative[min_pos],DI_star,0.7412214562084894,0.011029870407530326,0.9895963335292792,0.006720411658904002,20
credit,abrupt_global_mag0.5,xgb,per_subgroup_baseline_relative[min_pos],AOD_star,0.7426048851362215,0.010983738679491465,0.912392196739372,0.050625613235798464,20
credit,abrupt_global_mag0.5,xgb,per_subgroup_baseline_relative[min_pos],BalAcc,-0.7420119870243362,0.01046660635772612,-0.9951926443274626,0.0033705598545835406,20
credit,abrupt_global_mag0.5,xgb,per_subgroup_ewma[maj_neg],DI_star,0.7393439455208529,0.00821781403613315,0.8439095481969275,0.005389764639940658,20
credit,abrupt_global_mag0.5,xgb,per_subgroup_ewma[maj_neg],AOD_star,0.7404309253926423,0.009965765048438727,0.7780137063610707,0.043149076402364456,20
credit,abrupt_global_mag0.5,xgb,per_subgroup_ewma[maj_neg],BalAcc,-0.7421108033763172,0.010977069067290913,-0.8487939286175408,0.0022552253581611557,20
credit,abrupt_global_mag0.5,xgb,per_subgroup_baseline_relative[maj_neg],DI_star,0.7378617002411398,0.011460566969149877,0.9902016301053786,0.005880262030227996,20
credit,abrupt_global_mag0.5,xgb,per_subgroup_baseline_relative[maj_neg],AOD_star,0.7386522310569869,0.009598420434448637,0.9125989851651714,0.0517322613031956,20
credit,abrupt_global_mag0.5,xgb,per_subgroup_baseline_relative[maj_neg],BalAcc,-0.7422096197282981,0.009467307904215806,-0.9960468549457749,0.0018588858102758558,20
credit,abrupt_global_mag0.5,xgb,per_subgroup_ewma[maj_pos],DI_star,0.7421108033763171,0.007768247509459594,0.8437626994616126,0.00533430508873467,20
credit,abrupt_global_mag0.5,xgb,per_subgroup_ewma[maj_pos],AOD_star,0.7437906813599918,0.011149620255095158,0.7780817099530544,0.04409912328796934,20
credit,abrupt_global_mag0.5,xgb,per_subgroup_ewma[maj_pos],BalAcc,-0.7393439455208528,0.009032917268277653,-0.8485812318359954,0.00198607787249848,20
credit,abrupt_global_mag0.5,xgb,per_subgroup_baseline_relative[maj_pos],DI_star,0.7450752939357432,0.007368281556005122,0.9912049517893996,0.005882610586869509,20
credit,abrupt_global_mag0.5,xgb,per_subgroup_baseline_relative[maj_pos],AOD_star,0.7456681920476284,0.00897217650164344,0.9142980902425656,0.05084799442207041,20
credit,abrupt_global_mag0.5,xgb,per_subgroup_baseline_relative[maj_pos],BalAcc,-0.7412214562084893,0.009950075553244873,-0.9967180475285564,0.0019929979271151904,20
credit,abrupt_global_mag1.0,lr,global_mean,DI_star,-0.49714285714285705,0.2733210016581692,-0.8513279946018166,0.36489934480082514,20
credit,abrupt_global_mag1.0,lr,global_mean,AOD_star,0.3669924812030075,0.28274054949330196,0.7055942425999085,0.4063933050696391,20
credit,abrupt_global_mag1.0,lr,global_mean,BalAcc,-0.4132330827067669,0.08015559519747074,-0.6805631589253801,0.12991920680198457,20
credit,abrupt_global_mag1.0,lr,global_ewma,DI_star,-0.48962406015037585,0.2715297335070617,-0.7197270657946575,0.331329152792947,20
credit,abrupt_global_mag1.0,lr,global_ewma,AOD_star,0.46616541353383456,0.3267403080419004,0.608287733084816,0.38019480212817247,20
credit,abrupt_global_mag1.0,lr,global_ewma,BalAcc,-0.4906766917293234,0.1629794249297167,-0.5847322848886357,0.11763437144827023,20
credit,abrupt_global_mag1.0,lr,global_std,DI_star,0.374360902255639,0.33149606827402217,0.6792838601016393,0.4636020106289457,20
credit,abrupt_global_mag1.0,lr,global_std,AOD_star,-0.36932330827067666,0.3310919650334941,-0.5757728430854205,0.4547146358163081,20
credit,abrupt_global_mag1.0,lr,global_std,BalAcc,0.35593984962406017,0.2972769552212252,0.5334390331153649,0.31766228233413624,20
credit,abrupt_global_mag1.0,lr,subgroup_violation_diff,DI_star,0.1419548872180451,0.45897003264922664,0.19059210387297415,0.6803608202539878,20
credit,abrupt_global_mag1.0,lr,subgroup_violation_diff,AOD_star,-0.06706766917293232,0.4796477215591452,-0.11900355591624867,0.6056020866143685,20
credit,abrupt_global_mag1.0,lr,subgroup_violation_diff,BalAcc,0.07240601503759399,0.44673380779924193,0.08958018963555525,0.5224903884865388,20
credit,abrupt_global_mag1.0,lr,max_subgroup_deviation,DI_star,-0.49172932330827057,0.2815983710939171,-0.8504320217150877,0.3667521017894877,20
credit,abrupt_global_mag1.0,lr,max_subgroup_deviation,AOD_star,0.3961654135338345,0.26967377901041756,0.7060432708635334,0.4061291684275804,20
credit,abrupt_global_mag1.0,lr,max_subgroup_deviation,BalAcc,-0.44533834586466164,0.11390843444458622,-0.6808648285150396,0.12949241305425205,20
credit,abrupt_global_mag1.0,lr,assignment_proportion_drift,DI_star,-0.5053175065828978,0.25391632829771166,-0.8508069015838595,0.3649895111406453,20
credit,abrupt_global_mag1.0,lr,assignment_proportion_drift,AOD_star,0.4684787216093313,0.2734928626363192,0.7059256223360968,0.40623602318674773,20
credit,abrupt_global_mag1.0,lr,assignment_proportion_drift,BalAcc,-0.5057324856923443,0.12660643537288205,-0.6811346144832746,0.12967017935091665,20
credit,abrupt_global_mag1.0,lr,ks_statistic,DI_star,-0.5027885029810074,0.28131840270446945,-0.8511799938364437,0.36527030389145027,20
credit,abrupt_global_mag1.0,lr,ks_statistic,AOD_star,0.4155454006092997,0.3015297619640934,0.7056764491623378,0.4065467041482047,20
credit,abrupt_global_mag1.0,lr,ks_statistic,BalAcc,-0.4317559698582339,0.11775350629964543,-0.6807966348282749,0.13014835725528848,20
credit,abrupt_global_mag1.0,lr,kl_divergence,DI_star,-0.3979699248120301,0.23962644293895638,-0.8447490750328374,0.36135664942442397,20
credit,abrupt_global_mag1.0,lr,kl_divergence,AOD_star,0.40842105263157896,0.21979664667233945,0.7016576592035949,0.3984286002641385,20
credit,abrupt_global_mag1.0,lr,kl_divergence,BalAcc,-0.38353383458646617,0.10551042386852078,-0.6690370956360001,0.12977746126259068,20
credit,abrupt_global_mag1.0,lr,per_subgroup_ewma[min_neg],DI_star,-0.48166400579252366,0.25520390902723455,-0.7149155128063794,0.31896488333403494,20
credit,abrupt_global_mag1.0,lr,per_subgroup_ewma[min_neg],AOD_star,0.4557591623409408,0.32089646281925005,0.602393293531886,0.38511203044161557,20
credit,abrupt_global_mag1.0,lr,per_subgroup_ewma[min_neg],BalAcc,-0.48620978108262386,0.1524410981835439,-0.574399064000966,0.11979198701632457,20
credit,abrupt_global_mag1.0,lr,per_subgroup_baseline_relative[min_neg],DI_star,-0.48974164089461525,0.2670321935364049,-0.8449930419888938,0.3334818134488806,20
credit,abrupt_global_mag1.0,lr,per_subgroup_baseline_relative[min_neg],AOD_star,0.3635689587721941,0.26665851927796863,0.6649685200692714,0.41092488809629607,20
credit,abrupt_global_mag1.0,lr,per_subgroup_baseline_relative[min_neg],BalAcc,-0.44315386189257105,0.1467734852168501,-0.6519902593734412,0.14996526060361692,20
credit,abrupt_global_mag1.0,lr,per_subgroup_ewma[min_pos],DI_star,-0.4860902255639098,0.2764823803473672,-0.7199624255311642,0.3314640839155743,20
credit,abrupt_global_mag1.0,lr,per_subgroup_ewma[min_pos],AOD_star,0.4648120300751879,0.32314592881697307,0.6083759801116893,0.38019959355400634,20
credit,abrupt_global_mag1.0,lr,per_subgroup_ewma[min_pos],BalAcc,-0.4935338345864661,0.16457724344473543,-0.5849988904691135,0.11753333566177654,20
credit,abrupt_global_mag1.0,lr,per_subgroup_baseline_relative[min_pos],DI_star,-0.4821052631578947,0.30086554243157665,-0.8508761928061215,0.36604980601551157,20
credit,abrupt_global_mag1.0,lr,per_subgroup_baseline_relative[min_pos],AOD_star,0.43240601503759385,0.2834849611845732,0.7059552564974093,0.40664642675991874,20
credit,abrupt_global_mag1.0,lr,per_subgroup_baseline_relative[min_pos],BalAcc,-0.4859398496240601,0.12051041410304346,-0.6808915127333868,0.13018977081007943,20
credit,abrupt_global_mag1.0,lr,per_subgroup_ewma[maj_neg],DI_star,-0.48624060150375936,0.288560526305749,-0.7247360969313773,0.3265724873585922,20
credit,abrupt_global_mag1.0,lr,per_subgroup_ewma[maj_neg],AOD_star,0.47368421052631576,0.31346549082932107,0.6097473785514873,0.3707001978490169,20
credit,abrupt_global_mag1.0,lr,per_subgroup_ewma[maj_neg],BalAcc,-0.49684210526315786,0.1305107228827654,-0.5849901450230185,0.10297015080023314,20
credit,abrupt_global_mag1.0,lr,per_subgroup_baseline_relative[maj_neg],DI_star,-0.46882535919091844,0.2538781425267197,-0.8025749860314478,0.381010776369968,20
credit,abrupt_global_mag1.0,lr,per_subgroup_baseline_relative[maj_neg],AOD_star,0.40748241041509947,0.28709178068439145,0.6473394719053006,0.3822941396910493,20
credit,abrupt_global_mag1.0,lr,per_subgroup_baseline_relative[maj_neg],BalAcc,-0.41404226575448017,0.17455594964606724,-0.6174798534933501,0.15572029581503916,20
credit,abrupt_global_mag1.0,lr,per_subgroup_ewma[maj_pos],DI_star,-0.49007518796992483,0.26971001150255647,-0.7196006724309577,0.33130617918829924,20
credit,abrupt_global_mag1.0,lr,per_subgroup_ewma[maj_pos],AOD_star,0.46541353383458633,0.32806967763144057,0.608348562266065,0.3800172836899636,20
credit,abrupt_global_mag1.0,lr,per_subgroup_ewma[maj_pos],BalAcc,-0.4924060150375939,0.15963769469214756,-0.5847375779073308,0.11766468503017857,20
credit,abrupt_global_mag1.0,lr,per_subgroup_baseline_relative[maj_pos],DI_star,-0.5102255639097744,0.2474070861296654,-0.8515150324092836,0.3644912302425257,20
credit,abrupt_global_mag1.0,lr,per_subgroup_baseline_relative[maj_pos],AOD_star,0.3777443609022556,0.25681754033713833,0.7058485798191343,0.4059976449792592,20
credit,abrupt_global_mag1.0,lr,per_subgroup_baseline_relative[maj_pos],BalAcc,-0.4342105263157895,0.10574954759021467,-0.6809914481540968,0.1296531466421655,20
credit,abrupt_global_mag1.0,xgb,global_mean,DI_star,0.7389486801129295,0.008146208133985436,0.9911247861586855,0.006021471270312504,20
credit,abrupt_global_mag1.0,xgb,global_mean,AOD_star,0.741419088912451,0.008710985110511153,0.9138999190428756,0.05105429511235323,20
credit,abrupt_global_mag1.0,xgb,global_mean,BalAcc,-0.7425060687842406,0.009784315949006415,-0.996768388233398,0.0019629238918452254,20
credit,abrupt_global_mag1.0,xgb,global_ewma,DI_star,0.7383557820010443,0.009629398724374651,0.844070808069666,0.005138407434905582,20
credit,abrupt_global_mag1.0,xgb,global_ewma,AOD_star,0.7405297417446233,0.010607925029445124,0.7783260254181477,0.04362508505617558,20
credit,abrupt_global_mag1.0,xgb,global_ewma,BalAcc,-0.7433954159520686,0.01137504553707844,-0.8488855184804406,0.0017301141772331989,20
credit,abrupt_global_mag1.0,xgb,global_std,DI_star,-0.5668105949622577,0.31793297842722185,-0.7709439533171154,0.39767550693436376,20
credit,abrupt_global_mag1.0,xgb,global_std,AOD_star,-0.5729372087850714,0.3130716000769297,-0.7390356236509028,0.3636727416248919,20
credit,abrupt_global_mag1.0,xgb,global_std,BalAcc,0.5645378188666978,0.3366197704189847,0.771875340049182,0.41253887943671125,20
credit,abrupt_global_mag1.0,xgb,subgroup_violation_diff,DI_star,-0.10336190417198772,0.6331521093658107,-0.11992858309170733,0.7554499300286166,20
credit,abrupt_global_mag1.0,xgb,subgroup_violation_diff,AOD_star,-0.10286782241208337,0.6301256107505065,-0.12204073611199237,0.704636371914101,20
credit,abrupt_global_mag1.0,xgb,subgroup_violation_diff,BalAcc,0.10286782241208337,0.6333218477485681,0.1232790251270929,0.7611200590390519,20
credit,abrupt_global_mag1.0,xgb,max_subgroup_deviation,DI_star,0.7445812121758388,0.007676574236760725,0.99113448361317,0.005845036546998058,20
credit,abrupt_global_mag1.0,xgb,max_subgroup_deviation,AOD_star,0.7441859467679153,0.010028277566077352,0.9139439288537583,0.05120073116462471,20
credit,abrupt_global_mag1.0,xgb,max_subgroup_deviation,BalAcc,-0.7402332926886807,0.010485248471273571,-0.9966541646195262,0.0022033257526432883,20
credit,abrupt_global_mag1.0,xgb,assignment_proportion_drift,DI_star,0.7446175949090492,0.00902715549328321,0.9907352688995553,0.005976341058040433,20
credit,abrupt_global_mag1.0,xgb,assignment_proportion_drift,AOD_star,0.7412546200651702,0.006916154625703104,0.913767546529572,0.05070563346650207,20
credit,abrupt_global_mag1.0,xgb,assignment_proportion_drift,BalAcc,-0.7427419882447335,0.010059923184727837,-0.9962590970809982,0.0022110265207025835,20
credit,abrupt_global_mag1.0,xgb,ks_statistic,DI_star,0.744124970125387,0.00821784456917281,0.9911824103620489,0.006057389934204284,20
credit,abrupt_global_mag1.0,xgb,ks_statistic,AOD_star,0.7443233101515947,0.00857944553271538,0.9140556889534492,0.050966976904249575,20
credit,abrupt_global_mag1.0,xgb,ks_statistic,BalAcc,-0.7394790374576099,0.00979751157153196,-0.9967336651608788,0.001978886959644022,20
credit,abrupt_global_mag1.0,xgb,kl_divergence,DI_star,0.7419131706723554,0.010085078953498106,0.9867073363489111,0.007036102403270538,20
credit,abrupt_global_mag1.0,xgb,kl_divergence,AOD_star,0.7446800285278198,0.010635504394031204,0.9102169356143704,0.05102905500217784,20
credit,abrupt_global_mag1.0,xgb,kl_divergence,BalAcc,-0.7418143543203746,0.008367942324386753,-0.9922796621005305,0.0030737937848529756,20
credit,abrupt_global_mag1.0,xgb,per_subgroup_ewma[min_neg],DI_star,0.7321444020735205,0.03954905513609771,0.8341355953533925,0.04501925496426043,20
credit,abrupt_global_mag1.0,xgb,per_subgroup_ewma[min_neg],AOD_star,0.7325396303114776,0.036905943209243806,0.7684649929134169,0.05128242313176926,20
credit,abrupt_global_mag1.0,xgb,per_subgroup_ewma[min_neg],BalAcc,-0.7357514405256034,0.04184331393247369,-0.8388193145345083,0.044384210944347226,20
credit,abrupt_global_mag1.0,xgb,per_subgroup_baseline_relative[min_neg],DI_star,0.7056446709735177,0.08432912026995681,0.9544237194079553,0.08605382709471124,20
credit,abrupt_global_mag1.0,xgb,per_subgroup_baseline_relative[min_neg],AOD_star,0.7046074152224323,0.08276343544103443,0.8806132687077195,0.09740321526005767,20
credit,abrupt_global_mag1.0,xgb,per_subgroup_baseline_relative[min_neg],BalAcc,-0.7098938110264873,0.0859709529311588,-0.9599013774599113,0.08694384947442703,20
credit,abrupt_global_mag1.0,xgb,per_subgroup_ewma[min_pos],DI_star,0.7418143543203746,0.010082658089075349,0.8443610828434602,0.005337710780135288,20
credit,abrupt_global_mag1.0,xgb,per_subgroup_ewma[min_pos],AOD_star,0.7432965996000876,0.010822984724187933,0.7786061284144254,0.04347279379614653,20
credit,abrupt_global_mag1.0,xgb,per_subgroup_ewma[min_pos],BalAcc,-0.7396403945767955,0.010323826254653631,-0.8491505389228987,0.002013160564215447,20
credit,abrupt_global_mag1.0,xgb,per_subgroup_baseline_relative[min_pos],DI_star,0.7412214562084894,0.011029870407530326,0.9909687907786131,0.005933552851403737,20
credit,abrupt_global_mag1.0,xgb,per_subgroup_baseline_relative[min_pos],AOD_star,0.7426048851362215,0.010983738679491465,0.9137469868543692,0.0510007970168216,20
credit,abrupt_global_mag1.0,xgb,per_subgroup_baseline_relative[min_pos],BalAcc,-0.7420119870243362,0.01046660635772612,-0.9965915702823857,0.002148981740557629,20
credit,abrupt_global_mag1.0,xgb,per_subgroup_ewma[maj_neg],DI_star,0.7294623103227662,0.046065381080041115,0.8424815232207516,0.0356817615492474,20
credit,abrupt_global_mag1.0,xgb,per_subgroup_ewma[maj_neg],AOD_star,0.7305492901945556,0.04705681993414159,0.7772914253226546,0.06010225113875849,20
credit,abrupt_global_mag1.0,xgb,per_subgroup_ewma[maj_neg],BalAcc,-0.7322291681782304,0.04333747686117976,-0.8473364765064686,0.035083607650633876,20
credit,abrupt_global_mag1.0,xgb,per_subgroup_baseline_relative[maj_neg],DI_star,0.6294300542726858,0.20780579177104003,0.893106668069134,0.1771201379882209,20
credit,abrupt_global_mag1.0,xgb,per_subgroup_baseline_relative[maj_neg],AOD_star,0.630224864822053,0.20862133475209635,0.8279351395726063,0.1832946234432209,20
credit,abrupt_global_mag1.0,xgb,per_subgroup_baseline_relative[maj_neg],BalAcc,-0.6337939973639983,0.20911875483366024,-0.8986367611640255,0.1790304424018474,20
credit,abrupt_global_mag1.0,xgb,per_subgroup_ewma[maj_pos],DI_star,0.7421108033763171,0.007768247509459594,0.8439465617813624,0.00505698344137221,20
credit,abrupt_global_mag1.0,xgb,per_subgroup_ewma[maj_pos],AOD_star,0.7437906813599918,0.011149620255095158,0.778241949995454,0.04375729423627695,20
credit,abrupt_global_mag1.0,xgb,per_subgroup_ewma[maj_pos],BalAcc,-0.7393439455208528,0.009032917268277653,-0.8487563332003429,0.0017411520287234595,20
credit,abrupt_global_mag1.0,xgb,per_subgroup_baseline_relative[maj_pos],DI_star,0.7450752939357432,0.007368281556005122,0.9912074056449892,0.0059123917052397185,20
credit,abrupt_global_mag1.0,xgb,per_subgroup_baseline_relative[maj_pos],AOD_star,0.7456681920476284,0.00897217650164344,0.9142331762684801,0.050818535350188,20
credit,abrupt_global_mag1.0,xgb,per_subgroup_baseline_relative[maj_pos],BalAcc,-0.7412214562084893,0.009950075553244873,-0.9967481481852655,0.0019649213754429702,20
credit,abrupt_global_mag2.0,lr,global_mean,DI_star,-0.11112781954887216,0.3848201981227866,-0.10630323878099027,0.41874891782193924,20
credit,abrupt_global_mag2.0,lr,global_mean,AOD_star,0.5251127819548873,0.11492854431308726,0.9884843752526618,0.007191736454963199,20
credit,abrupt_global_mag2.0,lr,global_mean,BalAcc,-0.5562406015037593,0.09346067297992558,-0.927490209486155,0.0380006107269195,20
credit,abrupt_global_mag2.0,lr,global_ewma,DI_star,-0.11142857142857143,0.35230547468467205,-0.06362026292830723,0.4057361594803084,20
credit,abrupt_global_mag2.0,lr,global_ewma,AOD_star,0.56796992481203,0.09803554084001137,0.8416671977505871,0.017814424607522472,20
credit,abrupt_global_mag2.0,lr,global_ewma,BalAcc,-0.5721052631578947,0.1289139131066977,-0.7902623317370764,0.045037047414227926,20
credit,abrupt_global_mag2.0,lr,global_std,DI_star,0.09383458646616541,0.33941498589102986,0.10804336829722519,0.4144310420137384,20
credit,abrupt_global_mag2.0,lr,global_std,AOD_star,-0.559248120300752,0.1322683550419054,-0.98018947063361,0.010578937584194094,20
credit,abrupt_global_mag2.0,lr,global_std,BalAcc,0.5613533834586465,0.1120922267927895,0.9253141193656271,0.036291966156640924,20
credit,abrupt_global_mag2.0,lr,subgroup_violation_diff,DI_star,0.020451127819548873,0.30859707642314466,-0.01291198521645942,0.31381482910016734,20
credit,abrupt_global_mag2.0,lr,subgroup_violation_diff,AOD_star,-0.17924812030075188,0.49097032775877153,-0.3377243520754824,0.7024062741996925,20
credit,abrupt_global_mag2.0,lr,subgroup_violation_diff,BalAcc,0.19353383458646614,0.4502771679257415,0.32259697028623524,0.6603809154361321,20
credit,abrupt_global_mag2.0,lr,max_subgroup_deviation,DI_star,-0.05736842105263157,0.41175537602179973,-0.10565745021184883,0.4189503062877731,20
credit,abrupt_global_mag2.0,lr,max_subgroup_deviation,AOD_star,0.5590977443609022,0.11870711361581217,0.9885905117328813,0.007070983203762655,20
credit,abrupt_global_mag2.0,lr,max_subgroup_deviation,BalAcc,-0.5578947368421051,0.0849471008904144,-0.9275449551250864,0.03800943436015335,20
credit,abrupt_global_mag2.0,lr,assignment_proportion_drift,DI_star,-0.13663200505018946,0.31130546776472445,-0.1058559471428836,0.41823099297637223,20
credit,abrupt_global_mag2.0,lr,assignment_proportion_drift,AOD_star,0.5626989386965249,0.11112597678226599,0.9882554407603734,0.007423782925790435,20
credit,abrupt_global_mag2.0,lr,assignment_proportion_drift,BalAcc,-0.5741871141322955,0.11818376009690733,-0.9269206091990411,0.03821478452658747,20
credit,abrupt_global_mag2.0,lr,ks_statistic,DI_star,-0.061891069718482974,0.3611589775178065,-0.1061664100594546,0.4186774055360329,20
credit,abrupt_global_mag2.0,lr,ks_statistic,AOD_star,0.5411962987843829,0.10484331783068507,0.988493946749464,0.007180690244474417,20
credit,abrupt_global_mag2.0,lr,ks_statistic,BalAcc,-0.5299768456917211,0.10497230492722492,-0.9275544497545216,0.037984253498244205,20
credit,abrupt_global_mag2.0,lr,kl_divergence,DI_star,-0.148796992481203,0.3115172795100139,-0.10643760391462867,0.41962623095321705,20
credit,abrupt_global_mag2.0,lr,kl_divergence,AOD_star,0.5309022556390978,0.12843943010905431,0.9868612528343584,0.008116361025893774,20
credit,abrupt_global_mag2.0,lr,kl_divergence,BalAcc,-0.47684210526315784,0.10236603947428324,-0.9253992268808812,0.03800856795201577,20
credit,abrupt_global_mag2.0,lr,per_subgroup_ewma[min_neg],DI_star,-0.1114363490070783,0.3322204717734131,-0.07234960640771636,0.38019322802874717,20
credit,abrupt_global_mag2.0,lr,per_subgroup_ewma[min_neg],AOD_star,0.5159131301079556,0.12572729903671523,0.8022866720621243,0.08112760882520327,20
credit,abrupt_global_mag2.0,lr,per_subgroup_ewma[min_neg],BalAcc,-0.5336570384965525,0.14961073463529082,-0.7523294096397676,0.08517537917105303,20
credit,abrupt_global_mag2.0,lr,per_subgroup_baseline_relative[min_neg],DI_star,-0.08129930583278651,0.3193542934568672,-0.08839839587591423,0.3640438773541449,20
credit,abrupt_global_mag2.0,lr,per_subgroup_baseline_relative[min_neg],AOD_star,0.3328881071125921,0.31070128865024377,0.7947404704973237,0.23673999817314176,20
credit,abrupt_global_mag2.0,lr,per_subgroup_baseline_relative[min_neg],BalAcc,-0.38558508070708253,0.3167917898561388,-0.7374635475461805,0.2202334649035554,20
credit,abrupt_global_mag2.0,lr,per_subgroup_ewma[min_pos],DI_star,-0.11398496240601504,0.34388501773332364,-0.06711938519651102,0.4021609276615679,20
credit,abrupt_global_mag2.0,lr,per_subgroup_ewma[min_pos],AOD_star,0.5600751879699247,0.10120141548759515,0.8419873057437185,0.017751723538768655,20
credit,abrupt_global_mag2.0,lr,per_subgroup_ewma[min_pos],BalAcc,-0.5766165413533835,0.12642268570338017,-0.7910479378059083,0.04453152037002436,20
credit,abrupt_global_mag2.0,lr,per_subgroup_baseline_relative[min_pos],DI_star,-0.043458646616541356,0.38990306403544106,-0.12290836204369512,0.4079005246859287,20
credit,abrupt_global_mag2.0,lr,per_subgroup_baseline_relative[min_pos],AOD_star,0.5672180451127817,0.12185518299946874,0.9807377606323302,0.034203965235311024,20
credit,abrupt_global_mag2.0,lr,per_subgroup_baseline_relative[min_pos],BalAcc,-0.5392481203007519,0.0911610649300038,-0.9218856772380045,0.041317282912646525,20
credit,abrupt_global_mag2.0,lr,per_subgroup_ewma[maj_neg],DI_star,-0.08225563909774435,0.38755357387986544,-0.03364723286902762,0.4229268768863149,20
credit,abrupt_global_mag2.0,lr,per_subgroup_ewma[maj_neg],AOD_star,0.49120300751879703,0.2734487440348255,0.7188590976998767,0.3583194014505987,20
credit,abrupt_global_mag2.0,lr,per_subgroup_ewma[maj_neg],BalAcc,-0.4874436090225564,0.2626126575026492,-0.6798009661316786,0.32614377281498186,20
credit,abrupt_global_mag2.0,lr,per_subgroup_baseline_relative[maj_neg],DI_star,-0.18770842875026286,0.35983982649772894,-0.1269411097597222,0.4240350464595428,20
credit,abrupt_global_mag2.0,lr,per_subgroup_baseline_relative[maj_neg],AOD_star,0.23446751817662492,0.36834605849241,0.6286150005959588,0.4352261757151812,20
credit,abrupt_global_mag2.0,lr,per_subgroup_baseline_relative[maj_neg],BalAcc,-0.2535112385919256,0.3495665073108445,-0.6029875313445021,0.3892798906276369,20
credit,abrupt_global_mag2.0,lr,per_subgroup_ewma[maj_pos],DI_star,-0.11187969924812029,0.35278765964017506,-0.06354930540221912,0.40565487523959903,20
credit,abrupt_global_mag2.0,lr,per_subgroup_ewma[maj_pos],AOD_star,0.5671428571428571,0.09996129614508545,0.8415212632770253,0.01770512243121367,20
credit,abrupt_global_mag2.0,lr,per_subgroup_ewma[maj_pos],BalAcc,-0.574360902255639,0.12628130123523557,-0.7901326370095473,0.04498718785946399,20
credit,abrupt_global_mag2.0,lr,per_subgroup_baseline_relative[maj_pos],DI_star,-0.07330827067669171,0.40361526249336405,-0.10594413930651245,0.41865680900989405,20
credit,abrupt_global_mag2.0,lr,per_subgroup_baseline_relative[maj_pos],AOD_star,0.543984962406015,0.1292077425589554,0.9885501189620737,0.007053485454702363,20
credit,abrupt_global_mag2.0,lr,per_subgroup_baseline_relative[maj_pos],BalAcc,-0.5552631578947368,0.08483638934564013,-0.9276065993922638,0.03805590797364271,20
credit,abrupt_global_mag2.0,xgb,global_mean,DI_star,0.7389486801129295,0.008146208133985436,0.9911351911435021,0.006018254409751813,20
credit,abrupt_global_mag2.0,xgb,global_mean,AOD_star,0.741419088912451,0.008710985110511153,0.913918345969565,0.05103128572864632,20
credit,abrupt_global_mag2.0,xgb,global_mean,BalAcc,-0.7425060687842406,0.009784315949006415,-0.9967753052504008,0.0019584068215602784,20
credit,abrupt_global_mag2.0,xgb,global_ewma,DI_star,0.7383557820010443,0.009629398724374651,0.8441337621806746,0.005124849727184436,20
credit,abrupt_global_mag2.0,xgb,global_ewma,AOD_star,0.7405297417446233,0.010607925029445124,0.778385037776626,0.04355540917421609,20
credit,abrupt_global_mag2.0,xgb,global_ewma,BalAcc,-0.7433954159520686,0.01137504553707844,-0.8489451958838952,0.0016998621858573932,20
credit,abrupt_global_mag2.0,xgb,global_std,DI_star,-0.7411226398565085,0.009142515372969614,-0.9854398298262005,0.00931894039262113,20
credit,abrupt_global_mag2.0,xgb,global_std,AOD_star,-0.7424072524322598,0.009626863270863175,-0.9165539205872338,0.045090139064871096,20
credit,abrupt_global_mag2.0,xgb,global_std,BalAcc,0.7420119870243365,0.009300818463942229,0.9899387214102052,0.0081434172103873,20
credit,abrupt_global_mag2.0,xgb,subgroup_violation_diff,DI_star,-0.26719941575626655,0.5768673503064843,-0.34140002414726894,0.708056229791236,20
credit,abrupt_global_mag2.0,xgb,subgroup_violation_diff,AOD_star,-0.26453137425278306,0.57721820092522,-0.3097786139069084,0.6655639076053936,20
credit,abrupt_global_mag2.0,xgb,subgroup_violation_diff,BalAcc,0.2626538635651466,0.5813136452424826,0.3430108693368548,0.7107051236516015,20
credit,abrupt_global_mag2.0,xgb,max_subgroup_deviation,DI_star,0.7445812121758388,0.007676574236760725,0.9911308013901461,0.005832480603182534,20
credit,abrupt_global_mag2.0,xgb,max_subgroup_deviation,AOD_star,0.7441859467679153,0.010028277566077352,0.9139354980146329,0.05120458221643386,20
credit,abrupt_global_mag2.0,xgb,max_subgroup_deviation,BalAcc,-0.7402332926886807,0.010485248471273571,-0.9966549213220139,0.002207549144943842,20
credit,abrupt_global_mag2.0,xgb,assignment_proportion_drift,DI_star,0.7472640169366556,0.009851314681369667,0.9910687747630534,0.005842533583665837,20
credit,abrupt_global_mag2.0,xgb,assignment_proportion_drift,AOD_star,0.7438816132089907,0.007229415691123533,0.9141286088477797,0.050723223802177364,20
credit,abrupt_global_mag2.0,xgb,assignment_proportion_drift,BalAcc,-0.7453869758426583,0.011207934277047742,-0.9965901939006674,0.0020706588006929234,20
credit,abrupt_global_mag2.0,xgb,ks_statistic,DI_star,0.7442660767252691,0.008308721526217961,0.9911840591081493,0.006054212705291992,20
credit,abrupt_global_mag2.0,xgb,ks_statistic,AOD_star,0.7444654594853171,0.008754891636750733,0.9140535247138752,0.050959902297564544,20
credit,abrupt_global_mag2.0,xgb,ks_statistic,BalAcc,-0.7396204844388399,0.009968577537894242,-0.9967390784006703,0.0019760224874766203,20
credit,abrupt_global_mag2.0,xgb,kl_divergence,DI_star,0.7419131706723554,0.010085078953498106,0.9897032970339856,0.005731004118685874,20
credit,abrupt_global_mag2.0,xgb,kl_divergence,AOD_star,0.7446800285278198,0.010635504394031204,0.9126528226735612,0.05076286408225587,20
credit,abrupt_global_mag2.0,xgb,kl_divergence,BalAcc,-0.7418143543203746,0.008367942324386753,-0.9953097800171037,0.0019132436085288129,20
credit,abrupt_global_mag2.0,xgb,per_subgroup_ewma[min_neg],DI_star,0.7132704788451746,0.06867371322730549,0.8096282115724354,0.06504739990329937,20
credit,abrupt_global_mag2.0,xgb,per_subgroup_ewma[min_neg],AOD_star,0.713566890731151,0.06509214371418472,0.7470142199022446,0.07732641648529139,20
credit,abrupt_global_mag2.0,xgb,per_subgroup_ewma[min_neg],BalAcc,-0.7171739663532002,0.07287290601649322,-0.8143293445845907,0.06647239066688748,20
credit,abrupt_global_mag2.0,xgb,per_subgroup_baseline_relative[min_neg],DI_star,0.5183304385193992,0.31273818736267744,0.8046229631743366,0.21923180136577697,20
credit,abrupt_global_mag2.0,xgb,per_subgroup_baseline_relative[min_neg],AOD_star,0.517090345743011,0.31031113541253325,0.7426026119621159,0.20903638891318999,20
credit,abrupt_global_mag2.0,xgb,per_subgroup_baseline_relative[min_neg],BalAcc,-0.5222794919132567,0.31756089208434546,-0.8095632669397871,0.22159202145504547,20
credit,abrupt_global_mag2.0,xgb,per_subgroup_ewma[min_pos],DI_star,0.7418143543203746,0.010082658089075349,0.8446975474330237,0.0060824940774750445,20
credit,abrupt_global_mag2.0,xgb,per_subgroup_ewma[min_pos],AOD_star,0.7432965996000876,0.010822984724187933,0.778875575315325,0.04288173967312494,20
credit,abrupt_global_mag2.0,xgb,per_subgroup_ewma[min_pos],BalAcc,-0.7396403945767955,0.010323826254653631,-0.8494815455667547,0.00211702315407965,20
credit,abrupt_global_mag2.0,xgb,per_subgroup_baseline_relative[min_pos],DI_star,0.736280638609446,0.025397724883440956,0.9842337242789444,0.02927385088214105,20
credit,abrupt_global_mag2.0,xgb,per_subgroup_baseline_relative[min_pos],AOD_star,0.7376640675371782,0.027836585646221226,0.9080382980022575,0.06376945991093941,20
credit,abrupt_global_mag2.0,xgb,per_subgroup_baseline_relative[min_pos],BalAcc,-0.7370711694252929,0.027173418776788996,-0.9898882357250383,0.03110800460708837,20
credit,abrupt_global_mag2.0,xgb,per_subgroup_ewma[maj_neg],DI_star,0.6158235055447682,0.3274896155545467,0.716578838088021,0.3665044062503403,20
credit,abrupt_global_mag2.0,xgb,per_subgroup_ewma[maj_neg],AOD_star,0.6169104854165577,0.3299367011044245,0.6615023892352643,0.3396069068289658,20
credit,abrupt_global_mag2.0,xgb,per_subgroup_ewma[maj_neg],BalAcc,-0.6185903634002324,0.33268752333796286,-0.7210216666169635,0.36854491917391613,20
credit,abrupt_global_mag2.0,xgb,per_subgroup_baseline_relative[maj_neg],DI_star,0.32695070130382387,0.46591991956179934,0.6294870281217402,0.4388881928868543,20
credit,abrupt_global_mag2.0,xgb,per_subgroup_baseline_relative[maj_neg],AOD_star,0.3276428401777454,0.46855072332246167,0.5844582183892479,0.40893313553656224,20
credit,abrupt_global_mag2.0,xgb,per_subgroup_baseline_relative[maj_neg],BalAcc,-0.33094006541884124,0.47366106020240684,-0.6329871097377231,0.44283519048460657,20
credit,abrupt_global_mag2.0,xgb,per_subgroup_ewma[maj_pos],DI_star,0.7421108033763171,0.007768247509459594,0.843971824388745,0.005162413558058907,20
credit,abrupt_global_mag2.0,xgb,per_subgroup_ewma[maj_pos],AOD_star,0.7437906813599918,0.011149620255095158,0.7782659493376315,0.04373308624530375,20
credit,abrupt_global_mag2.0,xgb,per_subgroup_ewma[maj_pos],BalAcc,-0.7393439455208528,0.009032917268277653,-0.848776614386203,0.0017929713489346108,20
credit,abrupt_global_mag2.0,xgb,per_subgroup_baseline_relative[maj_pos],DI_star,0.7450752939357432,0.007368281556005122,0.991209507483253,0.005904717130648294,20
credit,abrupt_global_mag2.0,xgb,per_subgroup_baseline_relative[maj_pos],AOD_star,0.7456681920476284,0.00897217650164344,0.9142178855577792,0.050830739504609666,20
credit,abrupt_global_mag2.0,xgb,per_subgroup_baseline_relative[maj_pos],BalAcc,-0.7412214562084893,0.009950075553244873,-0.9967543698522505,0.0019523871347687748,20
credit,variance_group_mag1.5,lr,global_mean,DI_star,0.1900751879699248,0.21540974159818568,0.19521335442324633,0.237488230609897,20
credit,variance_group_mag1.5,lr,global_mean,AOD_star,0.1988721804511278,0.21768280762937486,0.1961681909581433,0.23083013738858035,20
credit,variance_group_mag1.5,lr,global_mean,BalAcc,-0.00022556390977444135,0.11382899937620496,-0.013015541951741788,0.14222363399111998,20
credit,variance_group_mag1.5,lr,global_ewma,DI_star,0.18864661654135334,0.22931935162369993,0.190952121287784,0.22987270163373108,20
credit,variance_group_mag1.5,lr,global_ewma,AOD_star,0.18090225563909773,0.23410356118352954,0.191326921631769,0.24149459735843784,20
credit,variance_group_mag1.5,lr,global_ewma,BalAcc,-0.0021804511278195526,0.13143104469378442,-0.020735192333399526,0.1341864488112558,20
credit,variance_group_mag1.5,lr,global_std,DI_star,0.18120300751879698,0.2218967566561219,0.19194417644189493,0.20958328304820442,20
credit,variance_group_mag1.5,lr,global_std,AOD_star,0.1864661654135338,0.2167198512429742,0.20254036766673283,0.23384261446523774,20
credit,variance_group_mag1.5,lr,global_std,BalAcc,0.017067669172932325,0.11687923370572609,-0.00041699585064526243,0.13021938509519926,20
credit,variance_group_mag1.5,lr,subgroup_violation_diff,DI_star,0.1019548872180451,0.2862229741516529,0.10108905652056843,0.30170314580333674,20
credit,variance_group_mag1.5,lr,subgroup_violation_diff,AOD_star,0.05932330827067669,0.3008125784612514,0.042847327164472426,0.2880455863727571,20
credit,variance_group_mag1.5,lr,subgroup_violation_diff,BalAcc,0.019624060150375936,0.1697966613714789,0.02940021903645306,0.1716389840661025,20
credit,variance_group_mag1.5,lr,max_subgroup_deviation,DI_star,0.1496240601503759,0.22343380183482323,0.15650062378476096,0.2391061347729096,20
credit,variance_group_mag1.5,lr,max_subgroup_deviation,AOD_star,0.17330827067669174,0.24626045951036127,0.18380491670713997,0.25062855444909604,20
credit,variance_group_mag1.5,lr,max_subgroup_deviation,BalAcc,-0.015939849624060146,0.143751376124981,-0.01788180915138132,0.16430993539229366,20
credit,variance_group_mag1.5,lr,assignment_proportion_drift,DI_star,0.1475781257741074,0.1906685101868793,0.18347446648491655,0.22731488264031838,20
credit,variance_group_mag1.5,lr,assignment_proportion_drift,AOD_star,0.11299171617290119,0.26460499699028117,0.12941781485339665,0.24977364038784283,20
credit,variance_group_mag1.5,lr,assignment_proportion_drift,BalAcc,0.002820524604756775,0.18646957983411933,-0.018923219534757743,0.2057223682693035,20
credit,variance_group_mag1.5,lr,ks_statistic,DI_star,0.18706766917293233,0.25712984181984644,0.1740837150268219,0.24268341005424351,20
credit,variance_group_mag1.5,lr,ks_statistic,AOD_star,0.1489473684210526,0.2579438235579752,0.1384946378869602,0.2523141078437916,20
credit,variance_group_mag1.5,lr,ks_statistic,BalAcc,-0.06436090225563909,0.1469616912929061,-0.04210837724258537,0.19835330538891546,20
credit,variance_group_mag1.5,lr,kl_divergence,DI_star,0.2127067669172932,0.20694017348144703,0.14828264239481587,0.21185411860745407,20
credit,variance_group_mag1.5,lr,kl_divergence,AOD_star,0.14992481203007518,0.2111982295891274,0.1289785111447913,0.2141588204676954,20
credit,variance_group_mag1.5,lr,kl_divergence,BalAcc,-0.01947368421052631,0.12322156772067341,-0.04252570916950649,0.20567548303433303,20
credit,variance_group_mag1.5,lr,per_subgroup_ewma[min_neg],DI_star,0.1460187425495646,0.28456657953646636,0.14258955016398914,0.2893165173907273,20
credit,variance_group_mag1.5,lr,per_subgroup_ewma[min_neg],AOD_star,0.16237609964377564,0.2644406218760155,0.16079137203165245,0.23883120735116012,20
credit,variance_group_mag1.5,lr,per_subgroup_ewma[min_neg],BalAcc,-0.0018832910752852867,0.22031377893949505,0.017809205374644217,0.208061065864679,20
credit,variance_group_mag1.5,lr,per_subgroup_baseline_relative[min_neg],DI_star,0.14321970078272986,0.21253142121435759,0.13758033964352773,0.23253830937271783,20
credit,variance_group_mag1.5,lr,per_subgroup_baseline_relative[min_neg],AOD_star,0.09596877328097828,0.21661903096669716,0.13462444578744567,0.18850044119719328,20
credit,variance_group_mag1.5,lr,per_subgroup_baseline_relative[min_neg],BalAcc,-0.03437165929644963,0.2350507244191284,0.0035410255699270324,0.1760924544650218,20
credit,variance_group_mag1.5,lr,per_subgroup_ewma[min_pos],DI_star,0.21887218045112783,0.23466813452131727,0.2290782733695833,0.22420772692414434,20
credit,variance_group_mag1.5,lr,per_subgroup_ewma[min_pos],AOD_star,0.19278195488721803,0.2442369147563646,0.2113834415903443,0.2424381703980932,20
credit,variance_group_mag1.5,lr,per_subgroup_ewma[min_pos],BalAcc,0.00879699248120301,0.1517279633611938,-0.002485810058612077,0.18611283086673214,20
credit,variance_group_mag1.5,lr,per_subgroup_baseline_relative[min_pos],DI_star,0.18030075187969924,0.2638795261460584,0.19103929604242903,0.27258076505342976,20
credit,variance_group_mag1.5,lr,per_subgroup_baseline_relative[min_pos],AOD_star,0.1694736842105263,0.2102415367128924,0.17019496419299224,0.2146799324483276,20
credit,variance_group_mag1.5,lr,per_subgroup_baseline_relative[min_pos],BalAcc,0.012180451127819547,0.1519696748300523,0.018375989725450438,0.17270835776453308,20
credit,variance_group_mag1.5,lr,per_subgroup_ewma[maj_neg],DI_star,0.017969924812030063,0.28631218603595837,0.03159899799084088,0.26712985347603796,20
credit,variance_group_mag1.5,lr,per_subgroup_ewma[maj_neg],AOD_star,0.05037593984962405,0.2680125785652734,0.051905149026641416,0.2617152098343053,20
credit,variance_group_mag1.5,lr,per_subgroup_ewma[maj_neg],BalAcc,0.07759398496240602,0.21129687124800794,0.0768559948022342,0.18919881433028365,20
credit,variance_group_mag1.5,lr,per_subgroup_baseline_relative[maj_neg],DI_star,0.012631578947368416,0.2137515569056691,0.016885991101847565,0.2091116032960924,20
credit,variance_group_mag1.5,lr,per_subgroup_baseline_relative[maj_neg],AOD_star,-0.03323308270676693,0.2012145270200008,-0.030371099848254802,0.17394838886681926,20
credit,variance_group_mag1.5,lr,per_subgroup_baseline_relative[maj_neg],BalAcc,0.06894736842105262,0.2269323278376844,0.08233227286069086,0.22730006314777115,20
credit,variance_group_mag1.5,lr,per_subgroup_ewma[maj_pos],DI_star,0.19421052631578944,0.22836668461559811,0.1775184404212023,0.23221275346979528,20
credit,variance_group_mag1.5,lr,per_subgroup_ewma[maj_pos],AOD_star,0.18526315789473685,0.23181298592689742,0.18335013867162023,0.2317513121693816,20
credit,variance_group_mag1.5,lr,per_subgroup_ewma[maj_pos],BalAcc,-0.00969924812030075,0.1290874532268214,-0.012753982640096634,0.11853673596157184,20
credit,variance_group_mag1.5,lr,per_subgroup_baseline_relative[maj_pos],DI_star,0.16436090225563907,0.23982492153651122,0.16160928604462116,0.24700732351234347,20
credit,variance_group_mag1.5,lr,per_subgroup_baseline_relative[maj_pos],AOD_star,0.173609022556391,0.21961759919246815,0.17925712422321113,0.228535024764252,20
credit,variance_group_mag1.5,lr,per_subgroup_baseline_relative[maj_pos],BalAcc,0.00954887218045113,0.1375321566990541,-0.013147047103450432,0.16461720313442796,20
credit,variance_group_mag1.5,xgb,global_mean,DI_star,-0.35413533834586464,0.26109069920979894,-0.33113414510644207,0.22202420963462688,20
credit,variance_group_mag1.5,xgb,global_mean,AOD_star,-0.49714285714285705,0.1578355778897892,-0.5196633292984721,0.1500302194975334,20
credit,variance_group_mag1.5,xgb,global_mean,BalAcc,-0.3012030075187969,0.15575064108004658,-0.33004455617958456,0.1499000627602939,20
credit,variance_group_mag1.5,xgb,global_ewma,DI_star,-0.37240601503759396,0.2583856328858351,-0.4033626222622191,0.21484534657240598,20
credit,variance_group_mag1.5,xgb,global_ewma,AOD_star,-0.5241353383458647,0.14692543131661404,-0.5424751611397884,0.15140510964428797,20
credit,variance_group_mag1.5,xgb,global_ewma,BalAcc,-0.30338345864661653,0.16458018034483426,-0.29789581027343387,0.1511113493166405,20
credit,variance_group_mag1.5,xgb,global_std,DI_star,-0.35631578947368414,0.2592301840349072,-0.39145597692331713,0.2143929732645757,20
credit,variance_group_mag1.5,xgb,global_std,AOD_star,-0.5181203007518796,0.16040501835511747,-0.5364990406672284,0.1541718993350373,20
credit,variance_group_mag1.5,xgb,global_std,BalAcc,-0.28714285714285703,0.16502036322266095,-0.2981769383355203,0.1496904482109678,20
credit,variance_group_mag1.5,xgb,subgroup_violation_diff,DI_star,-0.03368421052631578,0.40690584538409486,-0.023521879946819098,0.4079770828563172,20
credit,variance_group_mag1.5,xgb,subgroup_violation_diff,AOD_star,-0.09992481203007517,0.4416335458475833,-0.08551186347650988,0.47978523308691434,20
credit,variance_group_mag1.5,xgb,subgroup_violation_diff,BalAcc,-0.02338345864661655,0.28884610223863133,-0.032563820868592254,0.2931831214443612,20
credit,variance_group_mag1.5,xgb,max_subgroup_deviation,DI_star,-0.3381954887218045,0.24874194170738886,-0.35346849434416233,0.22534386208635787,20
credit,variance_group_mag1.5,xgb,max_subgroup_deviation,AOD_star,-0.4654887218045113,0.13499746125673215,-0.5053618707336741,0.14095038542429006,20
credit,variance_group_mag1.5,xgb,max_subgroup_deviation,BalAcc,-0.3109774436090225,0.15342075324277635,-0.3182944308688104,0.14490252046251975,20
credit,variance_group_mag1.5,xgb,assignment_proportion_drift,DI_star,-0.06242117424515651,0.2152503615670888,-0.015696198809946688,0.19681491845990454,20
credit,variance_group_mag1.5,xgb,assignment_proportion_drift,AOD_star,-0.17957582502524044,0.18538069793737566,-0.26641701441572563,0.15717705290208175,20
credit,variance_group_mag1.5,xgb,assignment_proportion_drift,BalAcc,-0.17508872095652678,0.16947908916760596,-0.2615337551111381,0.16413331001646367,20
credit,variance_group_mag1.5,xgb,ks_statistic,DI_star,-0.39,0.21862317721939362,-0.1616942394773638,0.19787292802709494,20
credit,variance_group_mag1.5,xgb,ks_statistic,AOD_star,-0.49849624060150377,0.17369267303538372,-0.4086385013439906,0.15304480641716625,20
credit,variance_group_mag1.5,xgb,ks_statistic,BalAcc,-0.31969924812030076,0.1847901881781043,-0.331746003366447,0.1760551891302274,20
credit,variance_group_mag1.5,xgb,kl_divergence,DI_star,-0.23947368421052628,0.25392564868744066,-0.27826310688972294,0.1857525586875754,20
credit,variance_group_mag1.5,xgb,kl_divergence,AOD_star,-0.39037593984962404,0.21419330549357882,-0.33891088787446855,0.18263536062438748,20
credit,variance_group_mag1.5,xgb,kl_divergence,BalAcc,-0.2693984962406015,0.1850469120481205,-0.18176677762556454,0.19509318690745298,20
credit,variance_group_mag1.5,xgb,per_subgroup_ewma[min_neg],DI_star,-0.12031022638442582,0.2904234551971732,-0.177159215082622,0.24561028910250726,20
credit,variance_group_mag1.5,xgb,per_subgroup_ewma[min_neg],AOD_star,-0.15640237513138452,0.34994110811809087,-0.15382307108545434,0.3503421840553459,20
credit,variance_group_mag1.5,xgb,per_subgroup_ewma[min_neg],BalAcc,-0.05365194771789357,0.2651918847614219,-0.04651658626659262,0.2509422058388707,20
credit,variance_group_mag1.5,xgb,per_subgroup_baseline_relative[min_neg],DI_star,-0.10297370504659734,0.253058785722357,-0.14600708218127162,0.21696514809859996,20
credit,variance_group_mag1.5,xgb,per_subgroup_baseline_relative[min_neg],AOD_star,-0.19028837454723094,0.25398190941256804,-0.17299677639360223,0.23006371912948054,20
credit,variance_group_mag1.5,xgb,per_subgroup_baseline_relative[min_neg],BalAcc,-0.0886282880054196,0.2229126588963026,-0.08332500837536506,0.18958927257352254,20
credit,variance_group_mag1.5,xgb,per_subgroup_ewma[min_pos],DI_star,-0.3215037593984962,0.23880702995892786,-0.33346633569183665,0.20872079662216333,20
credit,variance_group_mag1.5,xgb,per_subgroup_ewma[min_pos],AOD_star,-0.46082706766917286,0.18035741614306933,-0.4632501281361968,0.1591571027951168,20
credit,variance_group_mag1.5,xgb,per_subgroup_ewma[min_pos],BalAcc,-0.2817293233082706,0.16796479216180546,-0.2703099031140091,0.16213265986387645,20
credit,variance_group_mag1.5,xgb,per_subgroup_baseline_relative[min_pos],DI_star,-0.23699248120300748,0.25701109054168847,-0.2466582559244984,0.2468407913290964,20
credit,variance_group_mag1.5,xgb,per_subgroup_baseline_relative[min_pos],AOD_star,-0.3768421052631578,0.23990189639458723,-0.3904128945208068,0.24067275300236593,20
credit,variance_group_mag1.5,xgb,per_subgroup_baseline_relative[min_pos],BalAcc,-0.2490977443609022,0.20106296473859545,-0.25113641900435535,0.17930058758946826,20
credit,variance_group_mag1.5,xgb,per_subgroup_ewma[maj_neg],DI_star,-0.07142857142857142,0.3468011186336898,-0.09082572550255164,0.3331911622042327,20
credit,variance_group_mag1.5,xgb,per_subgroup_ewma[maj_neg],AOD_star,-0.12263157894736845,0.4093073077259166,-0.156052620521482,0.4210962643507915,20
credit,variance_group_mag1.5,xgb,per_subgroup_ewma[maj_neg],BalAcc,-0.1274436090225564,0.2606886842274384,-0.1345903643075642,0.25384934374377305,20
credit,variance_group_mag1.5,xgb,per_subgroup_baseline_relative[maj_neg],DI_star,0.0008270676691729312,0.21319812379792374,-0.0036449368543855242,0.20896088843449495,20
credit,variance_group_mag1.5,xgb,per_subgroup_baseline_relative[maj_neg],AOD_star,-0.06338345864661654,0.1977379426615001,-0.047698086291857934,0.2121184173229499,20
credit,variance_group_mag1.5,xgb,per_subgroup_baseline_relative[maj_neg],BalAcc,-0.07105263157894737,0.20649572098693025,-0.07147101214671396,0.1797249660642821,20
credit,variance_group_mag1.5,xgb,per_subgroup_ewma[maj_pos],DI_star,-0.37195488721804515,0.25968286690088604,-0.418799686863536,0.20324762100757998,20
credit,variance_group_mag1.5,xgb,per_subgroup_ewma[maj_pos],AOD_star,-0.5194736842105263,0.15284549253095914,-0.5469316366360554,0.1540668191527554,20
credit,variance_group_mag1.5,xgb,per_subgroup_ewma[maj_pos],BalAcc,-0.30165413533834584,0.16862729048321093,-0.2993787890144929,0.15689123280695405,20
credit,variance_group_mag1.5,xgb,per_subgroup_baseline_relative[maj_pos],DI_star,-0.3193233082706767,0.2549775939317065,-0.33327244880421497,0.2317522729338771,20
credit,variance_group_mag1.5,xgb,per_subgroup_baseline_relative[maj_pos],AOD_star,-0.46774436090225563,0.13896354021698912,-0.4981518233560909,0.13238303434440976,20
credit,variance_group_mag1.5,xgb,per_subgroup_baseline_relative[maj_pos],BalAcc,-0.3145864661654135,0.15057025039918895,-0.3257998595368102,0.1415368264639102,20
credit,variance_group_mag2.0,lr,global_mean,DI_star,0.2875187969924811,0.23450769836260796,0.2962745768555004,0.24040680476059997,20
credit,variance_group_mag2.0,lr,global_mean,AOD_star,0.29135338345864664,0.2190394104436269,0.29363154755249715,0.2327509766982454,20
credit,variance_group_mag2.0,lr,global_mean,BalAcc,-0.010300751879699246,0.12640730215320045,-0.038223450272010184,0.15262102658611237,20
credit,variance_group_mag2.0,lr,global_ewma,DI_star,0.29654135338345855,0.24155431637781855,0.3013265303811289,0.23334339462749687,20
credit,variance_group_mag2.0,lr,global_ewma,AOD_star,0.2926315789473684,0.23267021467639085,0.30620179100831624,0.23877926741494498,20
credit,variance_group_mag2.0,lr,global_ewma,BalAcc,0.005263157894736841,0.1307669899218867,-0.025258887143682646,0.13587904714923793,20
credit,variance_group_mag2.0,lr,global_std,DI_star,0.29406015037593985,0.22898729234479726,0.30219758183321765,0.23210707267205166,20
credit,variance_group_mag2.0,lr,global_std,AOD_star,0.2951127819548872,0.22913063519447416,0.3015673489758709,0.24245849469128877,20
credit,variance_group_mag2.0,lr,global_std,BalAcc,0.01082706766917293,0.11817348510486822,-0.027562363619947582,0.14091425855109876,20
credit,variance_group_mag2.0,lr,subgroup_violation_diff,DI_star,0.11977443609022556,0.24944294317209076,0.1121923012368563,0.24706665663383306,20
credit,variance_group_mag2.0,lr,subgroup_violation_diff,AOD_star,0.11744360902255639,0.1997255734980908,0.11847267207771735,0.20984958598226236,20
credit,variance_group_mag2.0,lr,subgroup_violation_diff,BalAcc,-0.03180451127819549,0.1746616865020895,-0.022457797476987274,0.1797786258364767,20
credit,variance_group_mag2.0,lr,max_subgroup_deviation,DI_star,0.2709022556390977,0.24255703191558403,0.2764939408348457,0.2540115164223359,20
credit,variance_group_mag2.0,lr,max_subgroup_deviation,AOD_star,0.261578947368421,0.23492142800561558,0.2679422409849616,0.24208628078346753,20
credit,variance_group_mag2.0,lr,max_subgroup_deviation,BalAcc,-0.02571428571428571,0.12643469162143256,-0.05514516561711473,0.1562039063330407,20
credit,variance_group_mag2.0,lr,assignment_proportion_drift,DI_star,0.18570900456324937,0.1851031998261856,0.24488705605594702,0.20475579941304217,20
credit,variance_group_mag2.0,lr,assignment_proportion_drift,AOD_star,0.16905011881645582,0.18347759884252043,0.20890502429051638,0.19229672114657148,20
credit,variance_group_mag2.0,lr,assignment_proportion_drift,BalAcc,0.0025011716701936267,0.22580563279165422,-0.03125833125494089,0.214676466928053,20
credit,variance_group_mag2.0,lr,ks_statistic,DI_star,0.26052631578947366,0.27967372953360753,0.2566857270524329,0.2373345040534724,20
credit,variance_group_mag2.0,lr,ks_statistic,AOD_star,0.2587218045112782,0.24086755731826212,0.2491507341599554,0.2297261503130587,20
credit,variance_group_mag2.0,lr,ks_statistic,BalAcc,-0.06421052631578947,0.16069489836015377,-0.050189035343346955,0.20044559029385967,20
credit,variance_group_mag2.0,lr,kl_divergence,DI_star,0.27924812030075186,0.23962164194962146,0.2658061937600992,0.20621868325004689,20
credit,variance_group_mag2.0,lr,kl_divergence,AOD_star,0.2645864661654135,0.2336439882745248,0.24716905227798192,0.24293628653429433,20
credit,variance_group_mag2.0,lr,kl_divergence,BalAcc,-0.00827067669172932,0.14903575732673605,-0.04840011958190356,0.17023331475467493,20
credit,variance_group_mag2.0,lr,per_subgroup_ewma[min_neg],DI_star,0.3326765969845419,0.20708912632023488,0.3055998574547016,0.23316138508412212,20
credit,variance_group_mag2.0,lr,per_subgroup_ewma[min_neg],AOD_star,0.29655331671330737,0.2390270570214156,0.30007686345138485,0.22909848783474265,20
credit,variance_group_mag2.0,lr,per_subgroup_ewma[min_neg],BalAcc,0.03702972166167416,0.18400626595802688,0.030314530324976934,0.14765933777819307,20
credit,variance_group_mag2.0,lr,per_subgroup_baseline_relative[min_neg],DI_star,0.228230028868272,0.24785088058113627,0.23539168159725263,0.24181113362016562,20
credit,variance_group_mag2.0,lr,per_subgroup_baseline_relative[min_neg],AOD_star,0.21565138931280728,0.24094836726785893,0.20602652205440122,0.24203326961561825,20
credit,variance_group_mag2.0,lr,per_subgroup_baseline_relative[min_neg],BalAcc,0.038172889749755516,0.16984015659933627,0.02888788756911742,0.1827971632438826,20
credit,variance_group_mag2.0,lr,per_subgroup_ewma[min_pos],DI_star,0.31496240601503767,0.2503872177911108,0.3162783265665655,0.22189064894353142,20
credit,variance_group_mag2.0,lr,per_subgroup_ewma[min_pos],AOD_star,0.30451127819548873,0.2187665017640522,0.3096049067062193,0.21705699410686188,20
credit,variance_group_mag2.0,lr,per_subgroup_ewma[min_pos],BalAcc,-0.01481203007518797,0.14432038513492357,-0.020271968086024668,0.1269049767635189,20
credit,variance_group_mag2.0,lr,per_subgroup_baseline_relative[min_pos],DI_star,0.23616541353383455,0.23422300501400037,0.2530276204617979,0.24621276010517243,20
credit,variance_group_mag2.0,lr,per_subgroup_baseline_relative[min_pos],AOD_star,0.2626315789473684,0.21870745913767556,0.2719337359196262,0.21779543610997026,20
credit,variance_group_mag2.0,lr,per_subgroup_baseline_relative[min_pos],BalAcc,-0.009022556390977442,0.12317065491564046,-0.028517025838791055,0.14301570168699018,20
credit,variance_group_mag2.0,lr,per_subgroup_ewma[maj_neg],DI_star,0.1977443609022556,0.2414737478894562,0.21664167368842038,0.2409735427955,20
credit,variance_group_mag2.0,lr,per_subgroup_ewma[maj_neg],AOD_star,0.1894736842105263,0.2629601835168451,0.2271582330611955,0.2531860629883627,20
credit,variance_group_mag2.0,lr,per_subgroup_ewma[maj_neg],BalAcc,0.08864661654135339,0.1831208988896494,0.1072771516946632,0.173124394181051,20
credit,variance_group_mag2.0,lr,per_subgroup_baseline_relative[maj_neg],DI_star,0.10616541353383457,0.15966313682034963,0.1305086598976312,0.16184706977306496,20
credit,variance_group_mag2.0,lr,per_subgroup_baseline_relative[maj_neg],AOD_star,0.10624060150375939,0.2017965973370642,0.1121674761583441,0.20966638532459347,20
credit,variance_group_mag2.0,lr,per_subgroup_baseline_relative[maj_neg],BalAcc,0.09812030075187969,0.22251618972415232,0.08886799748162477,0.21933589561454886,20
credit,variance_group_mag2.0,lr,per_subgroup_ewma[maj_pos],DI_star,0.2898496240601503,0.24129686874931297,0.28685195142459463,0.24371595131765034,20
credit,variance_group_mag2.0,lr,per_subgroup_ewma[maj_pos],AOD_star,0.30022556390977445,0.23875431665407962,0.3014171498900418,0.24545484848139562,20
credit,variance_group_mag2.0,lr,per_subgroup_ewma[maj_pos],BalAcc,-0.0017293233082706764,0.1255447961680425,-0.033988694323613726,0.15494006048383388,20
credit,variance_group_mag2.0,lr,per_subgroup_baseline_relative[maj_pos],DI_star,0.2845864661654135,0.24348454770338204,0.28172816921885446,0.2447780729038425,20
credit,variance_group_mag2.0,lr,per_subgroup_baseline_relative[maj_pos],AOD_star,0.2694736842105263,0.2636792258190896,0.2732533344766482,0.2488394165048268,20
credit,variance_group_mag2.0,lr,per_subgroup_baseline_relative[maj_pos],BalAcc,-0.008571428571428574,0.16424749645797643,-0.04353875951165288,0.1783411564422516,20
credit,variance_group_mag2.0,xgb,global_mean,DI_star,-0.31338345864661654,0.22122309421534683,-0.34601553309521466,0.23361340944236045,20
credit,variance_group_mag2.0,xgb,global_mean,AOD_star,-0.42187969924812024,0.1635841941300176,-0.5135849946136656,0.16536200254146374,20
credit,variance_group_mag2.0,xgb,global_mean,BalAcc,-0.27984962406015035,0.164549280156707,-0.31651775600808774,0.15258110091718363,20
credit,variance_group_mag2.0,xgb,global_ewma,DI_star,-0.3241353383458646,0.2323600122798408,-0.3644894371471187,0.21459649171358153,20
credit,variance_group_mag2.0,xgb,global_ewma,AOD_star,-0.4417293233082707,0.15445071348357317,-0.48477873933380417,0.16521636827241817,20
credit,variance_group_mag2.0,xgb,global_ewma,BalAcc,-0.27150375939849625,0.15874847957409507,-0.26503935965020453,0.1521693372381726,20
credit,variance_group_mag2.0,xgb,global_std,DI_star,-0.307593984962406,0.22990286681563843,-0.37372783952743793,0.22301151779297207,20
credit,variance_group_mag2.0,xgb,global_std,AOD_star,-0.4296240601503759,0.16720296626988312,-0.5050290939976232,0.16663582358657775,20
credit,variance_group_mag2.0,xgb,global_std,BalAcc,-0.2572932330827068,0.15739548711270665,-0.28210971965353504,0.15103073996898445,20
credit,variance_group_mag2.0,xgb,subgroup_violation_diff,DI_star,-0.21338345864661656,0.2568101880117472,-0.19712657326285118,0.2806632677333995,20
credit,variance_group_mag2.0,xgb,subgroup_violation_diff,AOD_star,-0.23097744360902253,0.2921133043860815,-0.2560047818323582,0.32508717713512797,20
credit,variance_group_mag2.0,xgb,subgroup_violation_diff,BalAcc,-0.0955639097744361,0.29996418464484687,-0.09407232377896471,0.30994653730226346,20
credit,variance_group_mag2.0,xgb,max_subgroup_deviation,DI_star,-0.2941353383458646,0.2055762848907718,-0.33928725807710985,0.2069402491656398,20
credit,variance_group_mag2.0,xgb,max_subgroup_deviation,AOD_star,-0.4139097744360901,0.16299799863995537,-0.49133143090077586,0.15700006263346047,20
credit,variance_group_mag2.0,xgb,max_subgroup_deviation,BalAcc,-0.3093984962406015,0.16519252152346092,-0.3195682966141281,0.12390929048864838,20
credit,variance_group_mag2.0,xgb,assignment_proportion_drift,DI_star,-0.101452280105603,0.25272012687779116,-0.08790874447323369,0.22772635685803577,20
credit,variance_group_mag2.0,xgb,assignment_proportion_drift,AOD_star,-0.21715589817962472,0.16288439842129032,-0.34102107533267295,0.15525831055771483,20
credit,variance_group_mag2.0,xgb,assignment_proportion_drift,BalAcc,-0.19754143692997167,0.17792711145121445,-0.3042228191348339,0.168432491923875,20
credit,variance_group_mag2.0,xgb,ks_statistic,DI_star,-0.35090225563909766,0.21646420670451771,-0.23275518217320518,0.23812353773945985,20
credit,variance_group_mag2.0,xgb,ks_statistic,AOD_star,-0.4367669172932331,0.166933193715331,-0.4696083258640503,0.15925905954004801,20
credit,variance_group_mag2.0,xgb,ks_statistic,BalAcc,-0.26406015037593983,0.178478186974581,-0.33931297431691165,0.17466005960991846,20
credit,variance_group_mag2.0,xgb,kl_divergence,DI_star,-0.28924812030075187,0.2258590925697292,-0.2951300449004833,0.17546076988679102,20
credit,variance_group_mag2.0,xgb,kl_divergence,AOD_star,-0.37270676691729315,0.19772765017015523,-0.35732452288050076,0.1990325030458095,20
credit,variance_group_mag2.0,xgb,kl_divergence,BalAcc,-0.2595488721804511,0.20600537818307743,-0.2254493925332846,0.18741501887557951,20
credit,variance_group_mag2.0,xgb,per_subgroup_ewma[min_neg],DI_star,-0.2583961431701086,0.24689215686858318,-0.23828428956017725,0.21453936904095328,20
credit,variance_group_mag2.0,xgb,per_subgroup_ewma[min_neg],AOD_star,-0.3214755974951049,0.21697723742920333,-0.3288176889344094,0.22564023572418498,20
credit,variance_group_mag2.0,xgb,per_subgroup_ewma[min_neg],BalAcc,-0.15500798969428436,0.18866826088865898,-0.15356845493768262,0.16645200832632526,20
credit,variance_group_mag2.0,xgb,per_subgroup_baseline_relative[min_neg],DI_star,-0.16837087567145553,0.263309921148218,-0.1766311000797643,0.23214553048694636,20
credit,variance_group_mag2.0,xgb,per_subgroup_baseline_relative[min_neg],AOD_star,-0.26142255496360034,0.21031404885766575,-0.27581545685999936,0.2143827251346341,20
credit,variance_group_mag2.0,xgb,per_subgroup_baseline_relative[min_neg],BalAcc,-0.1348346250886516,0.23194521238620006,-0.12564320318877686,0.2047902387319864,20
credit,variance_group_mag2.0,xgb,per_subgroup_ewma[min_pos],DI_star,-0.3356390977443609,0.23778834726466563,-0.3458168201748115,0.19018416882192943,20
credit,variance_group_mag2.0,xgb,per_subgroup_ewma[min_pos],AOD_star,-0.4532330827067669,0.1560445845741603,-0.4674867947016895,0.1717317182315006,20
credit,variance_group_mag2.0,xgb,per_subgroup_ewma[min_pos],BalAcc,-0.26586466165413536,0.17163923212617146,-0.23713714038712602,0.1667590266004328,20
credit,variance_group_mag2.0,xgb,per_subgroup_baseline_relative[min_pos],DI_star,-0.3191729323308271,0.2036724698737009,-0.36232571547820125,0.21299022558752323,20
credit,variance_group_mag2.0,xgb,per_subgroup_baseline_relative[min_pos],AOD_star,-0.4280451127819548,0.14147193476873424,-0.4926705036974748,0.17334454175794514,20
credit,variance_group_mag2.0,xgb,per_subgroup_baseline_relative[min_pos],BalAcc,-0.24909774436090223,0.22060220848532563,-0.2554855016627348,0.19851216266200364,20
credit,variance_group_mag2.0,xgb,per_subgroup_ewma[maj_neg],DI_star,-0.1597744360902255,0.2730161535773941,-0.15607304188975193,0.2759738120707709,20
credit,variance_group_mag2.0,xgb,per_subgroup_ewma[maj_neg],AOD_star,-0.22699248120300744,0.2843467370618496,-0.2548285820100713,0.298785010147737,20
credit,variance_group_mag2.0,xgb,per_subgroup_ewma[maj_neg],BalAcc,-0.17796992481203006,0.19158347688841645,-0.17425010068866228,0.2041625180974328,20
credit,variance_group_mag2.0,xgb,per_subgroup_baseline_relative[maj_neg],DI_star,-0.05007518796992481,0.16105684373506546,-0.02039031357461526,0.18618053056405323,20
credit,variance_group_mag2.0,xgb,per_subgroup_baseline_relative[maj_neg],AOD_star,-0.11398496240601505,0.18684693114900497,-0.10599934021078068,0.19730514269062094,20
credit,variance_group_mag2.0,xgb,per_subgroup_baseline_relative[maj_neg],BalAcc,-0.10578947368421052,0.18989764895440467,-0.11225777929016541,0.18557297404070075,20
credit,variance_group_mag2.0,xgb,per_subgroup_ewma[maj_pos],DI_star,-0.31842105263157894,0.23429656030952692,-0.3660452951995296,0.21512933048218078,20
credit,variance_group_mag2.0,xgb,per_subgroup_ewma[maj_pos],AOD_star,-0.43774436090225555,0.1576545971943331,-0.47150159745841896,0.1607382973263252,20
credit,variance_group_mag2.0,xgb,per_subgroup_ewma[maj_pos],BalAcc,-0.2560902255639097,0.1654170197855512,-0.2617565013165256,0.1542775847559172,20
credit,variance_group_mag2.0,xgb,per_subgroup_baseline_relative[maj_pos],DI_star,-0.2625563909774436,0.228820797883926,-0.31056657402261406,0.2225229573219278,20
credit,variance_group_mag2.0,xgb,per_subgroup_baseline_relative[maj_pos],AOD_star,-0.3909022556390977,0.18505070024128134,-0.46771562017415347,0.15978151961780188,20
credit,variance_group_mag2.0,xgb,per_subgroup_baseline_relative[maj_pos],BalAcc,-0.2943609022556391,0.15696170801441628,-0.30930697494152887,0.1378688822966543,20
credit,variance_group_mag2.5,lr,global_mean,DI_star,0.38706766917293234,0.21317421799031847,0.3886517934900403,0.21189798020353345,20
credit,variance_group_mag2.5,lr,global_mean,AOD_star,0.4101503759398496,0.19641473851354002,0.39952389629068763,0.20532831254134645,20
credit,variance_group_mag2.5,lr,global_mean,BalAcc,-0.03052631578947368,0.12729223382933202,-0.057541352688807355,0.1488562645897578,20
credit,variance_group_mag2.5,lr,global_ewma,DI_star,0.3923308270676692,0.2156733333421347,0.4069090461000037,0.20817915410506044,20
credit,variance_group_mag2.5,lr,global_ewma,AOD_star,0.4181954887218045,0.21184703879078196,0.4235852936824499,0.21495128225437643,20
credit,variance_group_mag2.5,lr,global_ewma,BalAcc,-0.014962406015037594,0.12809300690602127,-0.04284291598076695,0.1305431691476458,20
credit,variance_group_mag2.5,lr,global_std,DI_star,0.3976691729323308,0.2065540804780546,0.4039986544170332,0.20698543431300773,20
credit,variance_group_mag2.5,lr,global_std,AOD_star,0.41804511278195483,0.2091869316353384,0.4131103724187775,0.21363926783605663,20
credit,variance_group_mag2.5,lr,global_std,BalAcc,-0.009172932330827065,0.11845759073507604,-0.04983026497709954,0.13601088130659394,20
credit,variance_group_mag2.5,lr,subgroup_violation_diff,DI_star,0.00015037593984962294,0.27324756542116324,-0.018288398795449766,0.2650775116904098,20
credit,variance_group_mag2.5,lr,subgroup_violation_diff,AOD_star,0.02120300751879699,0.24811341981800805,0.004637562319681746,0.25304866455037295,20
credit,variance_group_mag2.5,lr,subgroup_violation_diff,BalAcc,-0.11676691729323307,0.19422103429986418,-0.10298152869679175,0.216500591625979,20
credit,variance_group_mag2.5,lr,max_subgroup_deviation,DI_star,0.37518796992481196,0.1988482297216947,0.3827285250241099,0.19547650421479873,20
credit,variance_group_mag2.5,lr,max_subgroup_deviation,AOD_star,0.40714285714285714,0.18931122943665846,0.40146613804653775,0.21008603100991005,20
credit,variance_group_mag2.5,lr,max_subgroup_deviation,BalAcc,-0.050977443609022545,0.163857962425701,-0.06701101877898887,0.1377750572238691,20
credit,variance_group_mag2.5,lr,assignment_proportion_drift,DI_star,0.24028375112019074,0.23647845995145914,0.30927775101942523,0.19721794899657397,20
credit,variance_group_mag2.5,lr,assignment_proportion_drift,AOD_star,0.23846140393533583,0.19995019431750105,0.30749271625431673,0.18616657597081127,20
credit,variance_group_mag2.5,lr,assignment_proportion_drift,BalAcc,-0.0071064072735884274,0.18304423218834492,-0.034801290817601006,0.20356842488085178,20
credit,variance_group_mag2.5,lr,ks_statistic,DI_star,0.3327067669172932,0.24366697305714857,0.33275840615802066,0.20827950563424608,20
credit,variance_group_mag2.5,lr,ks_statistic,AOD_star,0.35360902255639093,0.21452922452067252,0.3468068104799201,0.20444918304043816,20
credit,variance_group_mag2.5,lr,ks_statistic,BalAcc,-0.10345864661654133,0.15729323308270676,-0.06705350676003921,0.19633704296370874,20
credit,variance_group_mag2.5,lr,kl_divergence,DI_star,0.3772932330827067,0.24103527627615015,0.3850560854019149,0.22158107997525003,20
credit,variance_group_mag2.5,lr,kl_divergence,AOD_star,0.41548872180451124,0.20073813700814225,0.4249025860140761,0.20329259708360087,20
credit,variance_group_mag2.5,lr,kl_divergence,BalAcc,-0.02481203007518796,0.13465953407818,-0.04252417249473518,0.13839796680520958,20
credit,variance_group_mag2.5,lr,per_subgroup_ewma[min_neg],DI_star,0.40046037606744606,0.208501852313919,0.411987762931237,0.22031335857836648,20
credit,variance_group_mag2.5,lr,per_subgroup_ewma[min_neg],AOD_star,0.3909905099409141,0.23649843467849402,0.4004462695570107,0.24016664621239595,20
credit,variance_group_mag2.5,lr,per_subgroup_ewma[min_neg],BalAcc,-0.007030994356338927,0.19168739566913295,-0.012270255111390483,0.1687180514110563,20
credit,variance_group_mag2.5,lr,per_subgroup_baseline_relative[min_neg],DI_star,0.27732179712180044,0.21512947794607182,0.26895202065169926,0.20819357432607433,20
credit,variance_group_mag2.5,lr,per_subgroup_baseline_relative[min_neg],AOD_star,0.2666666382312134,0.2089055222037791,0.2277903679395296,0.222152725215817,20
credit,variance_group_mag2.5,lr,per_subgroup_baseline_relative[min_neg],BalAcc,-0.06599430434073374,0.19017723252037833,-0.07728102869840876,0.19772427796156336,20
credit,variance_group_mag2.5,lr,per_subgroup_ewma[min_pos],DI_star,0.3770676691729323,0.23415609017515332,0.38604906700045993,0.21956720530640117,20
credit,variance_group_mag2.5,lr,per_subgroup_ewma[min_pos],AOD_star,0.4085714285714285,0.19326502763944178,0.4052238039655017,0.2071413925262214,20
credit,variance_group_mag2.5,lr,per_subgroup_ewma[min_pos],BalAcc,-0.02857142857142857,0.15157641124504448,-0.04393602870458169,0.13279785077288056,20
credit,variance_group_mag2.5,lr,per_subgroup_baseline_relative[min_pos],DI_star,0.28699248120300747,0.2496943804385479,0.2874244647956826,0.274653717016473,20
credit,variance_group_mag2.5,lr,per_subgroup_baseline_relative[min_pos],AOD_star,0.30699248120300754,0.23986318815206079,0.31637003823740706,0.24720997471283548,20
credit,variance_group_mag2.5,lr,per_subgroup_baseline_relative[min_pos],BalAcc,-0.05413533834586465,0.19360048159860185,-0.06104470783104985,0.20203756244787943,20
credit,variance_group_mag2.5,lr,per_subgroup_ewma[maj_neg],DI_star,0.24669172932330827,0.28573742486436,0.28624388974487763,0.2886824258401701,20
credit,variance_group_mag2.5,lr,per_subgroup_ewma[maj_neg],AOD_star,0.271203007518797,0.30520880845115883,0.3075937798256966,0.29606628509604194,20
credit,variance_group_mag2.5,lr,per_subgroup_ewma[maj_neg],BalAcc,0.06593984962406015,0.21099693638212727,0.07099796550192418,0.1859017688974715,20
credit,variance_group_mag2.5,lr,per_subgroup_baseline_relative[maj_neg],DI_star,0.09060150375939849,0.17021060204179586,0.12670363395265694,0.17113167652383007,20
credit,variance_group_mag2.5,lr,per_subgroup_baseline_relative[maj_neg],AOD_star,0.07729323308270677,0.23262744770354682,0.09869494291621247,0.21152991554244133,20
credit,variance_group_mag2.5,lr,per_subgroup_baseline_relative[maj_neg],BalAcc,0.07721804511278195,0.20558336587225337,0.08163387362980483,0.20276682806070845,20
credit,variance_group_mag2.5,lr,per_subgroup_ewma[maj_pos],DI_star,0.39030075187969915,0.21794525844243479,0.41096534210714203,0.20208009881705577,20
credit,variance_group_mag2.5,lr,per_subgroup_ewma[maj_pos],AOD_star,0.41887218045112773,0.2139329506321075,0.4296165009297731,0.21052945614465912,20
credit,variance_group_mag2.5,lr,per_subgroup_ewma[maj_pos],BalAcc,-0.022706766917293234,0.12819132134429795,-0.04096295932612927,0.14404811104387671,20
credit,variance_group_mag2.5,lr,per_subgroup_baseline_relative[maj_pos],DI_star,0.37375939849624057,0.22260742912035975,0.4005889082416353,0.18297778462337108,20
credit,variance_group_mag2.5,lr,per_subgroup_baseline_relative[maj_pos],AOD_star,0.3962406015037593,0.2059972002595744,0.41397895917106525,0.19181096712744863,20
credit,variance_group_mag2.5,lr,per_subgroup_baseline_relative[maj_pos],BalAcc,-0.010300751879699246,0.1669107056886088,-0.033084864956945875,0.15666088944240925,20
credit,variance_group_mag2.5,xgb,global_mean,DI_star,-0.28067669172932325,0.22409813221999877,-0.3223997107300245,0.24515137533481138,20
credit,variance_group_mag2.5,xgb,global_mean,AOD_star,-0.3813533834586466,0.17084149573720214,-0.4861551152552316,0.1748803336370576,20
credit,variance_group_mag2.5,xgb,global_mean,BalAcc,-0.251578947368421,0.1592772272419063,-0.30768454781952925,0.14769292742420578,20
credit,variance_group_mag2.5,xgb,global_ewma,DI_star,-0.2880451127819549,0.23557314909800553,-0.3120462568978488,0.2274935346645549,20
credit,variance_group_mag2.5,xgb,global_ewma,AOD_star,-0.40097744360902243,0.16223555172612558,-0.4332378421767026,0.17291306721429714,20
credit,variance_group_mag2.5,xgb,global_ewma,BalAcc,-0.24939849624060145,0.15336523185232026,-0.24429189422422365,0.15362511529519415,20
credit,variance_group_mag2.5,xgb,global_std,DI_star,-0.2835338345864662,0.22886530129070695,-0.3240329260687721,0.2331095588755976,20
credit,variance_group_mag2.5,xgb,global_std,AOD_star,-0.40315789473684205,0.16362387979865306,-0.45939834059972134,0.17695248244334968,20
credit,variance_group_mag2.5,xgb,global_std,BalAcc,-0.2399248120300752,0.1559402665288327,-0.272151566666915,0.14729471582101697,20
credit,variance_group_mag2.5,xgb,subgroup_violation_diff,DI_star,-0.14165413533834587,0.2729704813950438,-0.1181652450506977,0.3150491677850243,20
credit,variance_group_mag2.5,xgb,subgroup_violation_diff,AOD_star,-0.10067669172932332,0.32332906909846054,-0.12302525014048844,0.34959187045121115,20
credit,variance_group_mag2.5,xgb,subgroup_violation_diff,BalAcc,-0.06187969924812029,0.27008886672662724,-0.05677485240079224,0.29585998995298884,20
credit,variance_group_mag2.5,xgb,max_subgroup_deviation,DI_star,-0.2621804511278195,0.22547330260392678,-0.30119610914229894,0.22834959131419258,20
credit,variance_group_mag2.5,xgb,max_subgroup_deviation,AOD_star,-0.38503759398496235,0.16322923841246043,-0.4720458771029151,0.1741225280677784,20
credit,variance_group_mag2.5,xgb,max_subgroup_deviation,BalAcc,-0.29022556390977444,0.1542039091925567,-0.3042899622917431,0.1335575728017971,20
credit,variance_group_mag2.5,xgb,assignment_proportion_drift,DI_star,-0.1497620181759967,0.24738121514760997,-0.18474602959890685,0.27455224185223576,20
credit,variance_group_mag2.5,xgb,assignment_proportion_drift,AOD_star,-0.28820831295239346,0.178330806061165,-0.4178751170230699,0.16807514225856762,20
credit,variance_group_mag2.5,xgb,assignment_proportion_drift,BalAcc,-0.19513876710777697,0.21310003958613555,-0.31179941099065134,0.17812673298174203,20
credit,variance_group_mag2.5,xgb,ks_statistic,DI_star,-0.32300751879699247,0.20211924853151245,-0.28260985036786723,0.2681385409812858,20
credit,variance_group_mag2.5,xgb,ks_statistic,AOD_star,-0.3974436090225564,0.1837327546735134,-0.5007406163079172,0.16528439408254153,20
credit,variance_group_mag2.5,xgb,ks_statistic,BalAcc,-0.2535338345864661,0.16579818571214003,-0.34344448001654865,0.17457937102274165,20
credit,variance_group_mag2.5,xgb,kl_divergence,DI_star,-0.24601503759398496,0.23037790297363378,-0.2624865299380658,0.21454338440153342,20
credit,variance_group_mag2.5,xgb,kl_divergence,AOD_star,-0.35842105263157886,0.1821767584084214,-0.37247755016314715,0.1868721042458809,20
credit,variance_group_mag2.5,xgb,kl_divergence,BalAcc,-0.23383458646616542,0.14680304313187684,-0.19580400239805565,0.15688575684571718,20
credit,variance_group_mag2.5,xgb,per_subgroup_ewma[min_neg],DI_star,-0.21215463663903206,0.24085711539551444,-0.21529046737951446,0.21830112405230023,20
credit,variance_group_mag2.5,xgb,per_subgroup_ewma[min_neg],AOD_star,-0.26655017739980097,0.21028272466290612,-0.3173909278212162,0.21036993506779675,20
credit,variance_group_mag2.5,xgb,per_subgroup_ewma[min_neg],BalAcc,-0.1345942154618168,0.20399288603689444,-0.15739640475355804,0.1791473759088134,20
credit,variance_group_mag2.5,xgb,per_subgroup_baseline_relative[min_neg],DI_star,-0.15636339406107305,0.20436750410061563,-0.11586549049490827,0.20033807868916678,20
credit,variance_group_mag2.5,xgb,per_subgroup_baseline_relative[min_neg],AOD_star,-0.2207259099316258,0.22246254833489065,-0.19878328027971232,0.2145017974201035,20
credit,variance_group_mag2.5,xgb,per_subgroup_baseline_relative[min_neg],BalAcc,-0.13642114317821236,0.23618564080101995,-0.1267933691937446,0.2404093444897272,20
credit,variance_group_mag2.5,xgb,per_subgroup_ewma[min_pos],DI_star,-0.2845112781954887,0.24733966969599788,-0.3067066789693086,0.2184452658736861,20
credit,variance_group_mag2.5,xgb,per_subgroup_ewma[min_pos],AOD_star,-0.40714285714285714,0.15465993617023707,-0.4367716665394548,0.18717403872602517,20
credit,variance_group_mag2.5,xgb,per_subgroup_ewma[min_pos],BalAcc,-0.23466165413533835,0.1569311629451899,-0.22842936095530186,0.15593908835984818,20
credit,variance_group_mag2.5,xgb,per_subgroup_baseline_relative[min_pos],DI_star,-0.28894736842105256,0.2449638714606512,-0.3010053088214303,0.28145985649595,20
credit,variance_group_mag2.5,xgb,per_subgroup_baseline_relative[min_pos],AOD_star,-0.35691729323308263,0.1663787797614522,-0.44254193597160685,0.19570911620074663,20
credit,variance_group_mag2.5,xgb,per_subgroup_baseline_relative[min_pos],BalAcc,-0.21721804511278192,0.20639966017043024,-0.2482909664669498,0.2118088958578252,20
credit,variance_group_mag2.5,xgb,per_subgroup_ewma[maj_neg],DI_star,-0.16834586466165413,0.2750369259663757,-0.18255162470801614,0.27749571718041693,20
credit,variance_group_mag2.5,xgb,per_subgroup_ewma[maj_neg],AOD_star,-0.23872180451127814,0.2767974932709446,-0.2910543213329575,0.2793033694075755,20
credit,variance_group_mag2.5,xgb,per_subgroup_ewma[maj_neg],BalAcc,-0.23097744360902253,0.162294865891769,-0.21330028346947644,0.16405335749435365,20
credit,variance_group_mag2.5,xgb,per_subgroup_baseline_relative[maj_neg],DI_star,-0.029699248120300753,0.17294074840579188,-0.012256006957605443,0.1962241936252134,20
credit,variance_group_mag2.5,xgb,per_subgroup_baseline_relative[maj_neg],AOD_star,-0.09067669172932327,0.17895374980723872,-0.0952851659690043,0.1791959469400511,20
credit,variance_group_mag2.5,xgb,per_subgroup_baseline_relative[maj_neg],BalAcc,-0.17180451127819546,0.17615427778897927,-0.13475131506253207,0.1766637633110516,20
credit,variance_group_mag2.5,xgb,per_subgroup_ewma[maj_pos],DI_star,-0.28759398496240596,0.23598142936427272,-0.29408743332025966,0.22836955840086315,20
credit,variance_group_mag2.5,xgb,per_subgroup_ewma[maj_pos],AOD_star,-0.3932330827067669,0.16299357651997032,-0.40839855995021856,0.17201868880530327,20
credit,variance_group_mag2.5,xgb,per_subgroup_ewma[maj_pos],BalAcc,-0.2414285714285714,0.1536518917506183,-0.2345618543807885,0.15531866103239828,20
credit,variance_group_mag2.5,xgb,per_subgroup_baseline_relative[maj_pos],DI_star,-0.25804511278195486,0.2211157395467639,-0.28723454093017786,0.23445191307381313,20
credit,variance_group_mag2.5,xgb,per_subgroup_baseline_relative[maj_pos],AOD_star,-0.4044360902255639,0.16637347909716121,-0.4535959121458559,0.17940834603936792,20
credit,variance_group_mag2.5,xgb,per_subgroup_baseline_relative[maj_pos],BalAcc,-0.28616541353383457,0.14831756643919156,-0.2984609485289481,0.14389066966207475,20
