dataset,scenario,model,signal,metric,spearman_mean,spearman_std,pearson_mean,pearson_std,n_seeds_valid
lsac,no_drift,lr,global_mean,DI_star,-0.011013614590302817,0.21043675021254163,-0.026610387952697857,0.2024624028828278,20
lsac,no_drift,lr,global_mean,AOD_star,0.04781954887218045,0.22312698649014925,0.054819481835449144,0.23398849396701218,20
lsac,no_drift,lr,global_mean,BalAcc,0.04804511278195488,0.23611631243261794,0.06591591385688939,0.22787292087077,20
lsac,no_drift,lr,global_ewma,DI_star,0.07108502666209446,0.2800859733447661,0.053032972861454954,0.28411223025753396,20
lsac,no_drift,lr,global_ewma,AOD_star,0.05661654135338344,0.23597060088948088,0.05553339636195448,0.24906615069353477,20
lsac,no_drift,lr,global_ewma,BalAcc,-0.02887218045112781,0.20904127140752893,-0.03589986063991492,0.20457185923890364,20
lsac,no_drift,lr,global_std,DI_star,-0.046753306646817386,0.21482995023813106,-0.024202616836424006,0.191963959607459,20
lsac,no_drift,lr,global_std,AOD_star,0.01428571428571428,0.21030788883618462,0.03368947275623625,0.2086976390213214,20
lsac,no_drift,lr,global_std,BalAcc,0.01526315789473684,0.23665861133918287,0.029663157013969953,0.21392822504010225,20
lsac,no_drift,lr,subgroup_violation_diff,DI_star,-0.08546695919777396,0.20924610256276696,-0.10981240807925749,0.19913120620570446,20
lsac,no_drift,lr,subgroup_violation_diff,AOD_star,-0.14052631578947367,0.24260513240351791,-0.15509097746533276,0.22502079997139568,20
lsac,no_drift,lr,subgroup_violation_diff,BalAcc,-0.10210526315789473,0.2839179382667203,-0.05682049630872786,0.31276607205757573,20
lsac,no_drift,lr,max_subgroup_deviation,DI_star,0.0013470692270178997,0.24483572193640643,0.0005527138862806133,0.22843136978221767,20
lsac,no_drift,lr,max_subgroup_deviation,AOD_star,0.07360902255639096,0.2535707903925264,0.07355641117151915,0.2564268915660988,20
lsac,no_drift,lr,max_subgroup_deviation,BalAcc,0.045789473684210526,0.24347786081976203,0.0503535627368899,0.2300399364216072,20
lsac,no_drift,lr,assignment_proportion_drift,DI_star,0.08542051251913865,0.2165148856965975,0.07838544876385956,0.20402034688691612,20
lsac,no_drift,lr,assignment_proportion_drift,AOD_star,0.06418356708849518,0.22490245950998947,0.06590562888676924,0.21889069208096565,20
lsac,no_drift,lr,assignment_proportion_drift,BalAcc,0.051753907349883575,0.24391073420615839,0.036428904450793984,0.2541350493099706,20
lsac,no_drift,lr,ks_statistic,DI_star,-0.025336041878549587,0.2563793809497842,-0.04489532770102661,0.25824619612472444,20
lsac,no_drift,lr,ks_statistic,AOD_star,-0.030977443609022548,0.29343867864771905,-0.03232997492268255,0.2721882204580981,20
lsac,no_drift,lr,ks_statistic,BalAcc,0.02947368421052631,0.19790319245139115,0.0386299497429587,0.20088802894757948,20
lsac,no_drift,lr,kl_divergence,DI_star,-0.013858390648292213,0.20355622511264082,-0.022448611136376327,0.198162909012589,20
lsac,no_drift,lr,kl_divergence,AOD_star,-0.013984962406015045,0.18527518025633508,-0.024657999895815554,0.18710488999634092,20
lsac,no_drift,lr,kl_divergence,BalAcc,0.04105263157894736,0.22274534754389522,0.05100604197294221,0.20374855751831966,20
lsac,no_drift,lr,per_subgroup_ewma[min_neg],DI_star,0.016963875623130426,0.2682617928169438,0.023998681323113686,0.2595452691606823,20
lsac,no_drift,lr,per_subgroup_ewma[min_neg],AOD_star,0.013308270676691719,0.2202339065616647,0.031207115470479913,0.22279846383974736,20
lsac,no_drift,lr,per_subgroup_ewma[min_neg],BalAcc,-0.01398496240601504,0.22012752048663745,0.0013238452716277799,0.23515793875726887,20
lsac,no_drift,lr,per_subgroup_baseline_relative[min_neg],DI_star,-0.07961814401749497,0.1911498082576283,-0.0742275403841766,0.17445569174575634,20
lsac,no_drift,lr,per_subgroup_baseline_relative[min_neg],AOD_star,-0.021052631578947358,0.19919108277099354,-0.004138751532476256,0.19957489156140584,20
lsac,no_drift,lr,per_subgroup_baseline_relative[min_neg],BalAcc,0.04398496240601503,0.24199309735344468,0.08184435229398795,0.23878486106623215,20
lsac,no_drift,lr,per_subgroup_ewma[min_pos],DI_star,-0.015369744530279672,0.2049821047551032,-0.026849082254876845,0.21712664339470017,20
lsac,no_drift,lr,per_subgroup_ewma[min_pos],AOD_star,0.01105263157894737,0.21663493957199118,0.020562842614878545,0.22778604703254807,20
lsac,no_drift,lr,per_subgroup_ewma[min_pos],BalAcc,-0.02097744360902257,0.25527150705559104,-0.019543849709484994,0.2585109373824735,20
lsac,no_drift,lr,per_subgroup_baseline_relative[min_pos],DI_star,-0.028991516272884786,0.1759036439046882,-0.02871367719450906,0.16836122824649136,20
lsac,no_drift,lr,per_subgroup_baseline_relative[min_pos],AOD_star,0.005488721804511281,0.23088866705191805,0.010002913029635786,0.2216923769124496,20
lsac,no_drift,lr,per_subgroup_baseline_relative[min_pos],BalAcc,-0.023233082706766918,0.26470799107353665,-0.04223030090260769,0.25511777532191904,20
lsac,no_drift,lr,per_subgroup_ewma[maj_neg],DI_star,0.053023896236345,0.30826102928828564,0.0831284136705393,0.28766049756361156,20
lsac,no_drift,lr,per_subgroup_ewma[maj_neg],AOD_star,0.03789473684210526,0.27686068721765533,0.07594914784179604,0.28728235101080174,20
lsac,no_drift,lr,per_subgroup_ewma[maj_neg],BalAcc,0.012932330827067679,0.21704223607486023,-0.023742215347747998,0.22810804498251452,20
lsac,no_drift,lr,per_subgroup_baseline_relative[maj_neg],DI_star,-0.005820896967975144,0.24987921690519227,-0.007241837376918669,0.22583349709164077,20
lsac,no_drift,lr,per_subgroup_baseline_relative[maj_neg],AOD_star,0.03962406015037592,0.2255249465094852,0.0632681913735742,0.23959189470356604,20
lsac,no_drift,lr,per_subgroup_baseline_relative[maj_neg],BalAcc,0.09105263157894736,0.2510321167423763,0.07321967721767578,0.2697875809339488,20
lsac,no_drift,lr,per_subgroup_ewma[maj_pos],DI_star,0.11427384340733811,0.2739612760298708,0.11613442354841921,0.2534514603593314,20
lsac,no_drift,lr,per_subgroup_ewma[maj_pos],AOD_star,0.10451127819548871,0.24953957262131937,0.11575107898185773,0.25292554694146846,20
lsac,no_drift,lr,per_subgroup_ewma[maj_pos],BalAcc,-0.0001503759398496167,0.2003535232703556,0.006469677345806208,0.20811156802380024,20
lsac,no_drift,lr,per_subgroup_baseline_relative[maj_pos],DI_star,0.10895271487999589,0.22811029011822276,0.11546162258594277,0.19749519711975658,20
lsac,no_drift,lr,per_subgroup_baseline_relative[maj_pos],AOD_star,0.17015037593984958,0.24914133731379318,0.16593671651960812,0.21468616302912513,20
lsac,no_drift,lr,per_subgroup_baseline_relative[maj_pos],BalAcc,0.03924812030075187,0.25072088951895916,0.040426591672528614,0.2611572228070151,20
lsac,no_drift,xgb,global_mean,DI_star,-0.06616541353383457,0.2015497646955245,-0.054420345721431174,0.2225483836189659,20
lsac,no_drift,xgb,global_mean,AOD_star,-0.10210526315789474,0.20212165391823944,-0.08217832848143168,0.21442881501157493,20
lsac,no_drift,xgb,global_mean,BalAcc,-0.035338345864661655,0.17985207582506677,-0.03173056302917774,0.2062682602106271,20
lsac,no_drift,xgb,global_ewma,DI_star,0.06180451127819547,0.2256240020205063,0.055857090816480694,0.23139981291331393,20
lsac,no_drift,xgb,global_ewma,AOD_star,0.008045112781954886,0.20353052928869286,-0.007176005766942212,0.18496452213385686,20
lsac,no_drift,xgb,global_ewma,BalAcc,-0.07150375939849625,0.15191503720510796,-0.04503905934300405,0.1546270491859745,20
lsac,no_drift,xgb,global_std,DI_star,-0.08458646616541352,0.20350530726583957,-0.05453559509313135,0.21356401074673492,20
lsac,no_drift,xgb,global_std,AOD_star,-0.11533834586466166,0.2211723372878931,-0.08657903880949022,0.2166684544010104,20
lsac,no_drift,xgb,global_std,BalAcc,-0.05240601503759399,0.16209401595867284,-0.05123832716886747,0.17194813874382592,20
lsac,no_drift,xgb,subgroup_violation_diff,DI_star,0.029849624060150376,0.22483354185811036,0.021442043128518568,0.2207010765469015,20
lsac,no_drift,xgb,subgroup_violation_diff,AOD_star,-0.02646616541353384,0.22160046687065715,-0.0385393993659328,0.22901425603857234,20
lsac,no_drift,xgb,subgroup_violation_diff,BalAcc,-0.038345864661654135,0.27958017515550937,-0.0334837575505889,0.2816482539562297,20
lsac,no_drift,xgb,max_subgroup_deviation,DI_star,-0.036541353383458645,0.15811878125398346,-0.019727997397869595,0.15804342016405193,20
lsac,no_drift,xgb,max_subgroup_deviation,AOD_star,0.015563909774436077,0.19183000452480958,0.019766912870863688,0.19582536852579055,20
lsac,no_drift,xgb,max_subgroup_deviation,BalAcc,0.03744360902255638,0.22558190404416195,0.020282977527616992,0.2074342307095453,20
lsac,no_drift,xgb,assignment_proportion_drift,DI_star,0.024212391082161205,0.14693148972952425,0.007049010997920835,0.14491762484039147,20
lsac,no_drift,xgb,assignment_proportion_drift,AOD_star,0.04530865739839447,0.16191526601928807,0.03925660152783746,0.1826024438698832,20
lsac,no_drift,xgb,assignment_proportion_drift,BalAcc,0.039172652703704104,0.14071298556196182,0.047970438699393325,0.14606192395654455,20
lsac,no_drift,xgb,ks_statistic,DI_star,0.02496240601503759,0.3240573242728678,-0.01647115962608523,0.25079917250818784,20
lsac,no_drift,xgb,ks_statistic,AOD_star,0.06142857142857142,0.23694031857912196,0.0037417616795327596,0.22149293614416418,20
lsac,no_drift,xgb,ks_statistic,BalAcc,-0.052030075187969926,0.26172041334977597,-0.046070665587026216,0.229259858421513,20
lsac,no_drift,xgb,kl_divergence,DI_star,-0.09225563909774434,0.2806444837297728,-0.09539487810507777,0.28525704792136986,20
lsac,no_drift,xgb,kl_divergence,AOD_star,-0.08451127819548869,0.27990355542435297,-0.08517947027545132,0.27779177115153736,20
lsac,no_drift,xgb,kl_divergence,BalAcc,-0.03661654135338345,0.21278927429691727,-0.04505043255345971,0.19756660225325262,20
lsac,no_drift,xgb,per_subgroup_ewma[min_neg],DI_star,0.026390977443609027,0.2558744935682652,0.02308808792437186,0.2264267787571907,20
lsac,no_drift,xgb,per_subgroup_ewma[min_neg],AOD_star,-0.00759398496240601,0.16764555280540863,-0.02398587643379287,0.13979332518321633,20
lsac,no_drift,xgb,per_subgroup_ewma[min_neg],BalAcc,-0.06248120300751879,0.2130681541875861,-0.05596792698476736,0.21113418449723168,20
lsac,no_drift,xgb,per_subgroup_baseline_relative[min_neg],DI_star,-0.04827067669172933,0.2030954418345702,-0.05767178473633229,0.20388265347563772,20
lsac,no_drift,xgb,per_subgroup_baseline_relative[min_neg],AOD_star,-0.07406015037593984,0.15541255169544638,-0.08116391311365193,0.16180722184237312,20
lsac,no_drift,xgb,per_subgroup_baseline_relative[min_neg],BalAcc,0.013759398496240605,0.2695373997411761,-0.02046145155225362,0.28096209921834825,20
lsac,no_drift,xgb,per_subgroup_ewma[min_pos],DI_star,0.027593984962406014,0.2555485354846596,0.03991653167373835,0.2673233501319955,20
lsac,no_drift,xgb,per_subgroup_ewma[min_pos],AOD_star,0.019398496240601505,0.26299238619160403,0.025509109941025298,0.24882436633359975,20
lsac,no_drift,xgb,per_subgroup_ewma[min_pos],BalAcc,-0.06406015037593984,0.20527852541003005,-0.027806329892527064,0.2081673603797559,20
lsac,no_drift,xgb,per_subgroup_baseline_relative[min_pos],DI_star,-0.012631578947368416,0.1933815877082989,-0.004185035070606621,0.21929951250797303,20
lsac,no_drift,xgb,per_subgroup_baseline_relative[min_pos],AOD_star,-0.014812030075187966,0.24646211697372775,-0.019462674783688245,0.24090616598803918,20
lsac,no_drift,xgb,per_subgroup_baseline_relative[min_pos],BalAcc,-0.044887218045112774,0.18099309277577416,-0.05794410745015344,0.16793019569185702,20
lsac,no_drift,xgb,per_subgroup_ewma[maj_neg],DI_star,-0.053233082706766924,0.23640293451555605,-0.048239130853840295,0.23532485561934666,20
lsac,no_drift,xgb,per_subgroup_ewma[maj_neg],AOD_star,-0.051127819548872175,0.21106215374508264,-0.02928185033066736,0.21695699419926806,20
lsac,no_drift,xgb,per_subgroup_ewma[maj_neg],BalAcc,-0.02210526315789474,0.17823012892582646,-0.006395713676973022,0.1905162326259641,20
lsac,no_drift,xgb,per_subgroup_baseline_relative[maj_neg],DI_star,-0.0743609022556391,0.3109854694940233,-0.07773782728911074,0.2886087449473021,20
lsac,no_drift,xgb,per_subgroup_baseline_relative[maj_neg],AOD_star,-0.026240601503759398,0.2293395655521769,-0.02064240834852262,0.21467222212346826,20
lsac,no_drift,xgb,per_subgroup_baseline_relative[maj_neg],BalAcc,-0.0015037593984962433,0.2511561822711933,0.02530229092467068,0.25899700175011575,20
lsac,no_drift,xgb,per_subgroup_ewma[maj_pos],DI_star,0.003458646616541353,0.2640856257086306,0.033689713506482435,0.24120304516068392,20
lsac,no_drift,xgb,per_subgroup_ewma[maj_pos],AOD_star,-0.007669172932330831,0.2301650519867986,0.02350664328480551,0.22675934741839662,20
lsac,no_drift,xgb,per_subgroup_ewma[maj_pos],BalAcc,-0.006691729323308274,0.16664034126047084,0.022902617405823354,0.14815491936337605,20
lsac,no_drift,xgb,per_subgroup_baseline_relative[maj_pos],DI_star,0.00030075187969924035,0.19151696923599823,0.0005552641674238676,0.1753989532502525,20
lsac,no_drift,xgb,per_subgroup_baseline_relative[maj_pos],AOD_star,0.016616541353383456,0.20089430615491138,0.02362903680061974,0.1997347782102227,20
lsac,no_drift,xgb,per_subgroup_baseline_relative[maj_pos],BalAcc,0.011503759398496237,0.2573385681815923,0.0016995016670577235,0.22507400403891697,20
lsac,gradual_group_mag0.5,lr,global_mean,DI_star,0.12955301783129322,0.25343757563994773,0.12208570368268049,0.3078176220188777,20
lsac,gradual_group_mag0.5,lr,global_mean,AOD_star,0.15789473684210523,0.24175943170110153,0.16213756790747608,0.2892478012445921,20
lsac,gradual_group_mag0.5,lr,global_mean,BalAcc,0.07533834586466162,0.22867473921692227,0.06049871083703797,0.21118922701985732,20
lsac,gradual_group_mag0.5,lr,global_ewma,DI_star,0.3181874810146007,0.4319600509131518,0.2889623420474773,0.4325401549101773,20
lsac,gradual_group_mag0.5,lr,global_ewma,AOD_star,0.3393233082706767,0.42850633327032467,0.2878584573925242,0.4287191256047512,20
lsac,gradual_group_mag0.5,lr,global_ewma,BalAcc,-0.02022556390977443,0.22552003332658535,-0.009625371084065196,0.225639984352676,20
lsac,gradual_group_mag0.5,lr,global_std,DI_star,0.11120956258834432,0.28935989654485506,0.08389891221351375,0.3151823713490342,20
lsac,gradual_group_mag0.5,lr,global_std,AOD_star,0.10774436090225563,0.28573022314077623,0.10716924493745443,0.3058434921970133,20
lsac,gradual_group_mag0.5,lr,global_std,BalAcc,0.03308270676691729,0.2507258951039219,0.0316574424214312,0.21503947231892392,20
lsac,gradual_group_mag0.5,lr,subgroup_violation_diff,DI_star,-0.17968953964695214,0.27490727056785785,-0.1598915035057965,0.30536574890140844,20
lsac,gradual_group_mag0.5,lr,subgroup_violation_diff,AOD_star,-0.21924812030075186,0.24455751488776079,-0.2024104444462529,0.27337047429304123,20
lsac,gradual_group_mag0.5,lr,subgroup_violation_diff,BalAcc,-0.03406015037593983,0.2746316225871,-0.015100315697208206,0.2934149328202336,20
lsac,gradual_group_mag0.5,lr,max_subgroup_deviation,DI_star,0.23724968648296557,0.3152804200396122,0.22069264605505778,0.33923774019460007,20
lsac,gradual_group_mag0.5,lr,max_subgroup_deviation,AOD_star,0.2419548872180451,0.311707923199738,0.24340608566143077,0.32877332371225493,20
lsac,gradual_group_mag0.5,lr,max_subgroup_deviation,BalAcc,-0.017368421052631585,0.28000608725201903,-0.02010041096336514,0.28347329516738734,20
lsac,gradual_group_mag0.5,lr,assignment_proportion_drift,DI_star,0.20096084688341675,0.22618910573003362,0.18767015505256998,0.21352003304692402,20
lsac,gradual_group_mag0.5,lr,assignment_proportion_drift,AOD_star,0.1967020805732483,0.23223678810193552,0.16154208003439777,0.22224472275041082,20
lsac,gradual_group_mag0.5,lr,assignment_proportion_drift,BalAcc,-0.012034430631933784,0.192921646530074,-0.02336034662925223,0.1840681736091136,20
lsac,gradual_group_mag0.5,lr,ks_statistic,DI_star,0.11616470488127421,0.22941408298552507,0.15465947741974667,0.1863462196045241,20
lsac,gradual_group_mag0.5,lr,ks_statistic,AOD_star,0.08609022556390976,0.24565228462846628,0.1055609157940911,0.21668872279634202,20
lsac,gradual_group_mag0.5,lr,ks_statistic,BalAcc,-0.02060150375939849,0.2475560227445152,-0.023454929559907134,0.24168975660822636,20
lsac,gradual_group_mag0.5,lr,kl_divergence,DI_star,0.32413693284748946,0.2134415655653595,0.33682615304780017,0.17869476385394603,20
lsac,gradual_group_mag0.5,lr,kl_divergence,AOD_star,0.29872180451127817,0.20198980489656587,0.30075428409333693,0.19405009100491563,20
lsac,gradual_group_mag0.5,lr,kl_divergence,BalAcc,-0.015939849624060146,0.21329458162748124,-0.011180214775013953,0.22761801256921174,20
lsac,gradual_group_mag0.5,lr,per_subgroup_ewma[min_neg],DI_star,0.33577522983447566,0.3735357020809198,0.32979951245133743,0.3617566446376555,20
lsac,gradual_group_mag0.5,lr,per_subgroup_ewma[min_neg],AOD_star,0.3466917293233082,0.36945488673987176,0.33809999040026295,0.3428601994876717,20
lsac,gradual_group_mag0.5,lr,per_subgroup_ewma[min_neg],BalAcc,-0.026541353383458633,0.23904585193723019,0.005547656911983425,0.25859822455882026,20
lsac,gradual_group_mag0.5,lr,per_subgroup_baseline_relative[min_neg],DI_star,0.06650170430607122,0.2286993726892034,0.07134209877752098,0.2446384193853887,20
lsac,gradual_group_mag0.5,lr,per_subgroup_baseline_relative[min_neg],AOD_star,0.08857142857142856,0.2372572563901115,0.10941135625014389,0.23954173188655095,20
lsac,gradual_group_mag0.5,lr,per_subgroup_baseline_relative[min_neg],BalAcc,0.08240601503759398,0.2464563022426998,0.10182421606508252,0.24009760871954466,20
lsac,gradual_group_mag0.5,lr,per_subgroup_ewma[min_pos],DI_star,0.31719784858154015,0.31798544831282904,0.280858073526428,0.34003005397651087,20
lsac,gradual_group_mag0.5,lr,per_subgroup_ewma[min_pos],AOD_star,0.3239097744360902,0.3209937788321714,0.275579744614518,0.33921693817028165,20
lsac,gradual_group_mag0.5,lr,per_subgroup_ewma[min_pos],BalAcc,-0.0006015037593984938,0.27702799116020205,-0.001608520405247331,0.24589778015470087,20
lsac,gradual_group_mag0.5,lr,per_subgroup_baseline_relative[min_pos],DI_star,0.0429139413264907,0.2162593314144997,0.049870897489068144,0.22107199374320066,20
lsac,gradual_group_mag0.5,lr,per_subgroup_baseline_relative[min_pos],AOD_star,0.06105263157894738,0.2500143700997485,0.06603127114277156,0.2539235201091186,20
lsac,gradual_group_mag0.5,lr,per_subgroup_baseline_relative[min_pos],BalAcc,0.00872180451127819,0.25399586865653906,-0.012820128946939752,0.2506736879399932,20
lsac,gradual_group_mag0.5,lr,per_subgroup_ewma[maj_neg],DI_star,0.07362393972615038,0.38672978571745503,0.08844285903191129,0.4098162208305493,20
lsac,gradual_group_mag0.5,lr,per_subgroup_ewma[maj_neg],AOD_star,0.10676691729323307,0.35391129991636483,0.10222460305897314,0.37644597195336116,20
lsac,gradual_group_mag0.5,lr,per_subgroup_ewma[maj_neg],BalAcc,-0.03488721804511278,0.2458283756075162,-0.03714794373500016,0.2441719040180519,20
lsac,gradual_group_mag0.5,lr,per_subgroup_baseline_relative[maj_neg],DI_star,-0.052601957270345834,0.18756178366114132,-0.05383383984553295,0.16570267958207688,20
lsac,gradual_group_mag0.5,lr,per_subgroup_baseline_relative[maj_neg],AOD_star,0.005112781954887219,0.14892563785415278,0.008329184721883928,0.14497241799109606,20
lsac,gradual_group_mag0.5,lr,per_subgroup_baseline_relative[maj_neg],BalAcc,0.07375939849624061,0.24391815297625608,0.052997996165044844,0.26346694949464095,20
lsac,gradual_group_mag0.5,lr,per_subgroup_ewma[maj_pos],DI_star,0.31409845308019074,0.44339922577559077,0.3071635908106612,0.4599804613997135,20
lsac,gradual_group_mag0.5,lr,per_subgroup_ewma[maj_pos],AOD_star,0.32195488721804516,0.4555546957734063,0.30363219674805536,0.45609314401993056,20
lsac,gradual_group_mag0.5,lr,per_subgroup_ewma[maj_pos],BalAcc,0.016090225563909773,0.23688869335325308,0.007508089154508073,0.2407881312630477,20
lsac,gradual_group_mag0.5,lr,per_subgroup_baseline_relative[maj_pos],DI_star,0.2382347835396399,0.304880507534644,0.21969909003672758,0.32657591717138335,20
lsac,gradual_group_mag0.5,lr,per_subgroup_baseline_relative[maj_pos],AOD_star,0.26052631578947366,0.2939143329959986,0.2595732545105542,0.3014641427294085,20
lsac,gradual_group_mag0.5,lr,per_subgroup_baseline_relative[maj_pos],BalAcc,-0.0005263157894736779,0.2643420297436936,0.014533931500980682,0.2672068316522807,20
lsac,gradual_group_mag0.5,xgb,global_mean,DI_star,0.23969924812030072,0.3660708837236672,0.34162919259863317,0.42737242191769065,20
lsac,gradual_group_mag0.5,xgb,global_mean,AOD_star,0.22714285714285715,0.3260095146301319,0.37854167801658195,0.3927123267108859,20
lsac,gradual_group_mag0.5,xgb,global_mean,BalAcc,-0.27395476419116005,0.3163795511136403,-0.27802456274187104,0.3421690854530599,20
lsac,gradual_group_mag0.5,xgb,global_ewma,DI_star,0.4004511278195489,0.5250128017197158,0.4656790870706013,0.5753585149244913,20
lsac,gradual_group_mag0.5,xgb,global_ewma,AOD_star,0.2880451127819549,0.430557979974253,0.4139745238660784,0.5323283410772056,20
lsac,gradual_group_mag0.5,xgb,global_ewma,BalAcc,-0.22331387053321666,0.3022878781670828,-0.2569438068314457,0.34964132214931226,20
lsac,gradual_group_mag0.5,xgb,global_std,DI_star,0.2335338345864661,0.358968850055377,0.29076806888108914,0.36694900318429585,20
lsac,gradual_group_mag0.5,xgb,global_std,AOD_star,0.19187969924812026,0.25896308668335566,0.28643056495268504,0.31390918722691935,20
lsac,gradual_group_mag0.5,xgb,global_std,BalAcc,-0.242939486199294,0.257250640152907,-0.26480799109298336,0.26642428627595177,20
lsac,gradual_group_mag0.5,xgb,subgroup_violation_diff,DI_star,-0.16849624060150376,0.3434135028862592,-0.24074269274601146,0.39038813161791563,20
lsac,gradual_group_mag0.5,xgb,subgroup_violation_diff,AOD_star,-0.22586466165413532,0.35002195807492337,-0.2818949604960222,0.38656558363001997,20
lsac,gradual_group_mag0.5,xgb,subgroup_violation_diff,BalAcc,0.1426411948626133,0.2899225639528515,0.149144368016485,0.31447256227505616,20
lsac,gradual_group_mag0.5,xgb,max_subgroup_deviation,DI_star,0.28518796992481205,0.3209165864844123,0.35550986956368774,0.3705395146939833,20
lsac,gradual_group_mag0.5,xgb,max_subgroup_deviation,AOD_star,0.2840601503759398,0.33017772911827115,0.3646210663374593,0.3726164304339783,20
lsac,gradual_group_mag0.5,xgb,max_subgroup_deviation,BalAcc,-0.21245159871684066,0.252833959886211,-0.22621495587951715,0.28790388120477123,20
lsac,gradual_group_mag0.5,xgb,assignment_proportion_drift,DI_star,0.21574228499691048,0.18872952930795459,0.26991239126043876,0.2166757289780259,20
lsac,gradual_group_mag0.5,xgb,assignment_proportion_drift,AOD_star,0.24177901496440377,0.259630113741522,0.2926342746193049,0.2549960285380857,20
lsac,gradual_group_mag0.5,xgb,assignment_proportion_drift,BalAcc,-0.20971274575560273,0.15657217361452574,-0.2149604260760561,0.16023812021786088,20
lsac,gradual_group_mag0.5,xgb,ks_statistic,DI_star,0.1401503759398496,0.23501628254490042,0.16749790223065864,0.22424777011677138,20
lsac,gradual_group_mag0.5,xgb,ks_statistic,AOD_star,0.08834586466165413,0.20795414452551259,0.1167366406460552,0.19343073776762656,20
lsac,gradual_group_mag0.5,xgb,ks_statistic,BalAcc,-0.14342208492836256,0.1812344592630339,-0.13425251831023008,0.19906490385983974,20
lsac,gradual_group_mag0.5,xgb,kl_divergence,DI_star,0.317593984962406,0.2233138907168547,0.35085435426366696,0.16864521405083205,20
lsac,gradual_group_mag0.5,xgb,kl_divergence,AOD_star,0.18436090225563911,0.23892432354556564,0.2120346349247809,0.19224868293095526,20
lsac,gradual_group_mag0.5,xgb,kl_divergence,BalAcc,-0.19176500825123594,0.20294280271247575,-0.19597281539139105,0.19326730708019912,20
lsac,gradual_group_mag0.5,xgb,per_subgroup_ewma[min_neg],DI_star,0.4838345864661653,0.435886100787774,0.533450019780874,0.4695311228817527,20
lsac,gradual_group_mag0.5,xgb,per_subgroup_ewma[min_neg],AOD_star,0.34233082706766915,0.34138957610124276,0.45972074718398365,0.4042174768733035,20
lsac,gradual_group_mag0.5,xgb,per_subgroup_ewma[min_neg],BalAcc,-0.26395422683119046,0.28820677040432374,-0.29400582368983574,0.31055339851072983,20
lsac,gradual_group_mag0.5,xgb,per_subgroup_baseline_relative[min_neg],DI_star,0.2482706766917293,0.2952075035957037,0.2794512558584007,0.32256932038959374,20
lsac,gradual_group_mag0.5,xgb,per_subgroup_baseline_relative[min_neg],AOD_star,0.16917293233082706,0.2716117932826408,0.253272208853967,0.2852244693790893,20
lsac,gradual_group_mag0.5,xgb,per_subgroup_baseline_relative[min_neg],BalAcc,-0.19620409637978792,0.3057967989721264,-0.21065180265688555,0.3229047009438716,20
lsac,gradual_group_mag0.5,xgb,per_subgroup_ewma[min_pos],DI_star,0.42142857142857126,0.37225255624153425,0.49946435363338465,0.4471322393483235,20
lsac,gradual_group_mag0.5,xgb,per_subgroup_ewma[min_pos],AOD_star,0.31714285714285706,0.3892840424298717,0.4409590256618873,0.48242795508665487,20
lsac,gradual_group_mag0.5,xgb,per_subgroup_ewma[min_pos],BalAcc,-0.29586963930437976,0.2595875973579772,-0.3247341742119603,0.2625585957148405,20
lsac,gradual_group_mag0.5,xgb,per_subgroup_baseline_relative[min_pos],DI_star,0.17233082706766917,0.20524602644089807,0.22624846266253948,0.2737262366569249,20
lsac,gradual_group_mag0.5,xgb,per_subgroup_baseline_relative[min_pos],AOD_star,0.1480451127819549,0.2569878066597306,0.2388866659010811,0.3131950888133473,20
lsac,gradual_group_mag0.5,xgb,per_subgroup_baseline_relative[min_pos],BalAcc,-0.26335017768246255,0.25742769804985466,-0.2500095884321342,0.24764136183080285,20
lsac,gradual_group_mag0.5,xgb,per_subgroup_ewma[maj_neg],DI_star,0.06375939849624059,0.4344642750404142,0.15087526842061658,0.5549608069318994,20
lsac,gradual_group_mag0.5,xgb,per_subgroup_ewma[maj_neg],AOD_star,0.20097744360902253,0.4227942698635244,0.24900591326496047,0.5278654960464261,20
lsac,gradual_group_mag0.5,xgb,per_subgroup_ewma[maj_neg],BalAcc,-0.1491431866296307,0.33178771593469686,-0.14060648205149057,0.3416371442933766,20
lsac,gradual_group_mag0.5,xgb,per_subgroup_baseline_relative[maj_neg],DI_star,0.01684210526315789,0.26676522195594243,0.08896191082045404,0.3099078797567627,20
lsac,gradual_group_mag0.5,xgb,per_subgroup_baseline_relative[maj_neg],AOD_star,0.1545112781954887,0.29974827851201097,0.1992311760104671,0.31644638681054943,20
lsac,gradual_group_mag0.5,xgb,per_subgroup_baseline_relative[maj_neg],BalAcc,-0.10865753343336668,0.3119202415044584,-0.10395709267708045,0.3056367388165792,20
lsac,gradual_group_mag0.5,xgb,per_subgroup_ewma[maj_pos],DI_star,0.3169172932330827,0.591344636160324,0.34406871447468246,0.6379164916276607,20
lsac,gradual_group_mag0.5,xgb,per_subgroup_ewma[maj_pos],AOD_star,0.2281954887218045,0.43337940833888666,0.27748387378636463,0.5509046037938697,20
lsac,gradual_group_mag0.5,xgb,per_subgroup_ewma[maj_pos],BalAcc,-0.13959083575042924,0.3295731206957507,-0.1653515568279772,0.3519676900747607,20
lsac,gradual_group_mag0.5,xgb,per_subgroup_baseline_relative[maj_pos],DI_star,0.2457894736842105,0.36348837684547514,0.32733204954769174,0.40753223518098713,20
lsac,gradual_group_mag0.5,xgb,per_subgroup_baseline_relative[maj_pos],AOD_star,0.26443609022556386,0.3329121833054549,0.3327068934116908,0.39920036483112303,20
lsac,gradual_group_mag0.5,xgb,per_subgroup_baseline_relative[maj_pos],BalAcc,-0.19448085372380453,0.23513138643856776,-0.21458616638724748,0.2683913419164087,20
lsac,gradual_group_mag1.0,lr,global_mean,DI_star,0.2686840618938257,0.2626713816699494,0.2886916759577739,0.28345718910916146,20
lsac,gradual_group_mag1.0,lr,global_mean,AOD_star,0.27263157894736845,0.2528423306391538,0.314542136891422,0.2709245635076477,20
lsac,gradual_group_mag1.0,lr,global_mean,BalAcc,0.030225563909774433,0.2385575303587349,0.02749440406935517,0.22566787658560333,20
lsac,gradual_group_mag1.0,lr,global_ewma,DI_star,0.5122197644538208,0.47510926457104047,0.4886293697118938,0.46716151706514275,20
lsac,gradual_group_mag1.0,lr,global_ewma,AOD_star,0.5236090225563909,0.4727035080032752,0.4946940995078525,0.46661924904083313,20
lsac,gradual_group_mag1.0,lr,global_ewma,BalAcc,-0.06759398496240601,0.24814238908289318,-0.049588881573073874,0.2424321786199501,20
lsac,gradual_group_mag1.0,lr,global_std,DI_star,0.2360208257666247,0.30584384107461693,0.22214489696983925,0.31261521230429096,20
lsac,gradual_group_mag1.0,lr,global_std,AOD_star,0.22150375939849623,0.30829125183491657,0.23347932021787585,0.30531983025477166,20
lsac,gradual_group_mag1.0,lr,global_std,BalAcc,0.030827067669172935,0.257568789395855,0.015473149581352357,0.2251002221624272,20
lsac,gradual_group_mag1.0,lr,subgroup_violation_diff,DI_star,-0.0762585307460881,0.23521959151079763,-0.05524753886516239,0.248788721329783,20
lsac,gradual_group_mag1.0,lr,subgroup_violation_diff,AOD_star,-0.1173684210526316,0.21743730426908345,-0.09285918192601908,0.2363142023684053,20
lsac,gradual_group_mag1.0,lr,subgroup_violation_diff,BalAcc,-0.04135338345864662,0.270198198621913,-0.01335427546490306,0.2877050499208595,20
lsac,gradual_group_mag1.0,lr,max_subgroup_deviation,DI_star,0.2880294672373528,0.2365277666776795,0.2714275829837375,0.25996248329023713,20
lsac,gradual_group_mag1.0,lr,max_subgroup_deviation,AOD_star,0.29052631578947363,0.23981289934979713,0.28917469446546146,0.2508678651828859,20
lsac,gradual_group_mag1.0,lr,max_subgroup_deviation,BalAcc,-0.04157894736842105,0.26444680060659764,-0.05093921163061467,0.2787791072354144,20
lsac,gradual_group_mag1.0,lr,assignment_proportion_drift,DI_star,0.203885857238701,0.21630415149847076,0.18165893592363475,0.2279150571468017,20
lsac,gradual_group_mag1.0,lr,assignment_proportion_drift,AOD_star,0.2006314545071759,0.22304965571733296,0.17269653555755157,0.22199593317103036,20
lsac,gradual_group_mag1.0,lr,assignment_proportion_drift,BalAcc,-0.026952780201322336,0.1788652692559123,-0.03259665365835987,0.1855408098374267,20
lsac,gradual_group_mag1.0,lr,ks_statistic,DI_star,0.421234748213369,0.16316803279316047,0.44881815759671345,0.14053485864930657,20
lsac,gradual_group_mag1.0,lr,ks_statistic,AOD_star,0.39278195488721795,0.1632639549946919,0.40530523615805797,0.15355418870800733,20
lsac,gradual_group_mag1.0,lr,ks_statistic,BalAcc,-0.06187969924812029,0.2405626260882928,-0.09726683423791473,0.2303932939276195,20
lsac,gradual_group_mag1.0,lr,kl_divergence,DI_star,0.7306689901939645,0.08065470822535285,0.6957718473492478,0.07977902850646312,20
lsac,gradual_group_mag1.0,lr,kl_divergence,AOD_star,0.7022556390977444,0.1142956070114879,0.6819050238378368,0.08463354886450494,20
lsac,gradual_group_mag1.0,lr,kl_divergence,BalAcc,-0.10714285714285714,0.17780635472199524,-0.1252085704879991,0.20521958732371248,20
lsac,gradual_group_mag1.0,lr,per_subgroup_ewma[min_neg],DI_star,0.5336342300965751,0.3207156994006846,0.5391947263662006,0.2955590561530893,20
lsac,gradual_group_mag1.0,lr,per_subgroup_ewma[min_neg],AOD_star,0.5397744360902256,0.32614959733142124,0.5474782436761833,0.28718603021483163,20
lsac,gradual_group_mag1.0,lr,per_subgroup_ewma[min_neg],BalAcc,-0.07172932330827067,0.24786183849696755,-0.04897341039539993,0.26849833504746445,20
lsac,gradual_group_mag1.0,lr,per_subgroup_baseline_relative[min_neg],DI_star,0.19800370545214468,0.20277613731060282,0.196079351146274,0.20049706461053787,20
lsac,gradual_group_mag1.0,lr,per_subgroup_baseline_relative[min_neg],AOD_star,0.207593984962406,0.22368211283530207,0.21480246335865677,0.1985924047292214,20
lsac,gradual_group_mag1.0,lr,per_subgroup_baseline_relative[min_neg],BalAcc,0.0674436090225564,0.2428100119540765,0.06942350592397309,0.2553210200853484,20
lsac,gradual_group_mag1.0,lr,per_subgroup_ewma[min_pos],DI_star,0.5432310608090903,0.3641548148050674,0.5128849267715144,0.37231069117752263,20
lsac,gradual_group_mag1.0,lr,per_subgroup_ewma[min_pos],AOD_star,0.5402255639097745,0.378242235410474,0.5126162437606724,0.3864765381022159,20
lsac,gradual_group_mag1.0,lr,per_subgroup_ewma[min_pos],BalAcc,-0.08714285714285713,0.24847160138559346,-0.0608611409591759,0.22692588356796,20
lsac,gradual_group_mag1.0,lr,per_subgroup_baseline_relative[min_pos],DI_star,0.26527396677414733,0.2699163476071484,0.25672825262493093,0.2725647971360542,20
lsac,gradual_group_mag1.0,lr,per_subgroup_baseline_relative[min_pos],AOD_star,0.26052631578947366,0.28222398186520153,0.2633912599841856,0.2937018549488579,20
lsac,gradual_group_mag1.0,lr,per_subgroup_baseline_relative[min_pos],BalAcc,-0.03766917293233082,0.22448034223255253,-0.05036739880466603,0.2336072958356467,20
lsac,gradual_group_mag1.0,lr,per_subgroup_ewma[maj_neg],DI_star,0.18237543500725376,0.5019942140072352,0.1563030576853919,0.5165208002651176,20
lsac,gradual_group_mag1.0,lr,per_subgroup_ewma[maj_neg],AOD_star,0.19353383458646617,0.4778762115678623,0.17597644828244532,0.499136753206661,20
lsac,gradual_group_mag1.0,lr,per_subgroup_ewma[maj_neg],BalAcc,-0.016766917293233086,0.24392037793441118,-0.01656856652200855,0.2595337568429161,20
lsac,gradual_group_mag1.0,lr,per_subgroup_baseline_relative[maj_neg],DI_star,0.057393269164561854,0.2619265224652494,0.04104010372206027,0.2549292924609838,20
lsac,gradual_group_mag1.0,lr,per_subgroup_baseline_relative[maj_neg],AOD_star,0.10270676691729322,0.2485988094940496,0.08539969277264618,0.24513083474481448,20
lsac,gradual_group_mag1.0,lr,per_subgroup_baseline_relative[maj_neg],BalAcc,0.10240601503759397,0.25525353498200476,0.09118656740586048,0.27522524060194264,20
lsac,gradual_group_mag1.0,lr,per_subgroup_ewma[maj_pos],DI_star,0.36017062662874383,0.5544907797398102,0.37555907290278817,0.5473825979914573,20
lsac,gradual_group_mag1.0,lr,per_subgroup_ewma[maj_pos],AOD_star,0.3639849624060151,0.5432093238293747,0.38293550219217865,0.5350149092505178,20
lsac,gradual_group_mag1.0,lr,per_subgroup_ewma[maj_pos],BalAcc,-0.04616541353383459,0.2781182985778609,-0.04418896811515668,0.26526897113845427,20
lsac,gradual_group_mag1.0,lr,per_subgroup_baseline_relative[maj_pos],DI_star,0.1773194893516759,0.25799121256844115,0.17914193383761515,0.2782007670412854,20
lsac,gradual_group_mag1.0,lr,per_subgroup_baseline_relative[maj_pos],AOD_star,0.20285714285714285,0.2435272767329651,0.2120720858479927,0.2598972420083733,20
lsac,gradual_group_mag1.0,lr,per_subgroup_baseline_relative[maj_pos],BalAcc,-0.022330827067669166,0.2463928359125121,-0.012472682530079056,0.258797875897345,20
lsac,gradual_group_mag1.0,xgb,global_mean,DI_star,0.2628571428571428,0.24316379996642273,0.41721362962008346,0.3635552196783774,20
lsac,gradual_group_mag1.0,xgb,global_mean,AOD_star,0.19458646616541347,0.21333645436501922,0.3090425712456534,0.27606986119093607,20
lsac,gradual_group_mag1.0,xgb,global_mean,BalAcc,-0.3080709772208868,0.3265118672401231,-0.3086964808404656,0.34553300005097737,20
lsac,gradual_group_mag1.0,xgb,global_ewma,DI_star,0.487142857142857,0.47524899079983424,0.5467262195788809,0.5657922175271405,20
lsac,gradual_group_mag1.0,xgb,global_ewma,AOD_star,0.06030075187969923,0.3099987872884356,0.21389459165831756,0.3740887849485691,20
lsac,gradual_group_mag1.0,xgb,global_ewma,BalAcc,-0.27758624544470084,0.3426100735405688,-0.3059403106833539,0.3829049111030874,20
lsac,gradual_group_mag1.0,xgb,global_std,DI_star,0.2426315789473684,0.26791374945986074,0.3416034562759251,0.3121804237504532,20
lsac,gradual_group_mag1.0,xgb,global_std,AOD_star,0.1812781954887218,0.16544256409646055,0.2442736545067791,0.21044626345752415,20
lsac,gradual_group_mag1.0,xgb,global_std,BalAcc,-0.2740832981998417,0.27341585151392805,-0.2774768235804242,0.2818908985088652,20
lsac,gradual_group_mag1.0,xgb,subgroup_violation_diff,DI_star,-0.1418796992481203,0.25362910606621675,-0.20717937185956786,0.3296223427539911,20
lsac,gradual_group_mag1.0,xgb,subgroup_violation_diff,AOD_star,-0.2606766917293232,0.2652485269523099,-0.2683158594006686,0.29156963827087695,20
lsac,gradual_group_mag1.0,xgb,subgroup_violation_diff,BalAcc,0.1473034769852159,0.26452525486945355,0.14589213358403164,0.2887204227333294,20
lsac,gradual_group_mag1.0,xgb,max_subgroup_deviation,DI_star,0.2805263157894737,0.24001360270117758,0.3829848749224161,0.3088047053157757,20
lsac,gradual_group_mag1.0,xgb,max_subgroup_deviation,AOD_star,0.2808270676691729,0.2646650183484062,0.30731477638743965,0.28915563753886897,20
lsac,gradual_group_mag1.0,xgb,max_subgroup_deviation,BalAcc,-0.2534024749518269,0.2943506346294916,-0.25556341589595755,0.31767465771531106,20
lsac,gradual_group_mag1.0,xgb,assignment_proportion_drift,DI_star,0.24256293121524486,0.21770882309522543,0.30040557398307255,0.22193193166388325,20
lsac,gradual_group_mag1.0,xgb,assignment_proportion_drift,AOD_star,0.23225307249816662,0.25603974630325627,0.2517741343500259,0.2636824981887949,20
lsac,gradual_group_mag1.0,xgb,assignment_proportion_drift,BalAcc,-0.21437008044712474,0.16573102967292336,-0.20756634928647796,0.18172478354562283,20
lsac,gradual_group_mag1.0,xgb,ks_statistic,DI_star,0.34263157894736834,0.16943723714267886,0.33564562330726744,0.15323595360488498,20
lsac,gradual_group_mag1.0,xgb,ks_statistic,AOD_star,-0.04571428571428571,0.15972685713514426,-0.03308551977695408,0.18510834235622878,20
lsac,gradual_group_mag1.0,xgb,ks_statistic,BalAcc,-0.23816788395669217,0.16988064843650355,-0.247265257256033,0.157679192867716,20
lsac,gradual_group_mag1.0,xgb,kl_divergence,DI_star,0.5880451127819548,0.1736366663436045,0.41009481426260885,0.11410335481262791,20
lsac,gradual_group_mag1.0,xgb,kl_divergence,AOD_star,-0.07150375939849622,0.1945346731224675,-0.17590568041565957,0.17914528632621388,20
lsac,gradual_group_mag1.0,xgb,kl_divergence,BalAcc,-0.34811137271509895,0.15765380331144216,-0.2695760896463243,0.14819191053345407,20
lsac,gradual_group_mag1.0,xgb,per_subgroup_ewma[min_neg],DI_star,0.5485714285714284,0.35845807689077896,0.6135816062295105,0.41184869572012495,20
lsac,gradual_group_mag1.0,xgb,per_subgroup_ewma[min_neg],AOD_star,0.12315789473684206,0.2895382800693718,0.23580739489976202,0.3185937782094238,20
lsac,gradual_group_mag1.0,xgb,per_subgroup_ewma[min_neg],BalAcc,-0.31104438269592405,0.2916041257962733,-0.34258715124880734,0.31464392617312936,20
lsac,gradual_group_mag1.0,xgb,per_subgroup_baseline_relative[min_neg],DI_star,0.28240601503759394,0.26804805490376177,0.3187816110537369,0.28569905547422325,20
lsac,gradual_group_mag1.0,xgb,per_subgroup_baseline_relative[min_neg],AOD_star,0.13458646616541353,0.19975138598307524,0.18774556341892606,0.2054923390977372,20
lsac,gradual_group_mag1.0,xgb,per_subgroup_baseline_relative[min_neg],BalAcc,-0.22306710038485428,0.32023944662907305,-0.23023680865635043,0.32698927326399824,20
lsac,gradual_group_mag1.0,xgb,per_subgroup_ewma[min_pos],DI_star,0.49037593984962397,0.38665303694179476,0.5340064096312627,0.45821526505589677,20
lsac,gradual_group_mag1.0,xgb,per_subgroup_ewma[min_pos],AOD_star,0.023909774436090207,0.26483115727227835,0.1275824107086051,0.36076497161635784,20
lsac,gradual_group_mag1.0,xgb,per_subgroup_ewma[min_pos],BalAcc,-0.3672081549415113,0.24765290945694418,-0.36919510821518076,0.26050695409875957,20
lsac,gradual_group_mag1.0,xgb,per_subgroup_baseline_relative[min_pos],DI_star,0.21165413533834582,0.22846301099091282,0.28485983098223067,0.2857215303036083,20
lsac,gradual_group_mag1.0,xgb,per_subgroup_baseline_relative[min_pos],AOD_star,0.11390977443609021,0.21355706481709255,0.1334478454207974,0.24786303555433145,20
lsac,gradual_group_mag1.0,xgb,per_subgroup_baseline_relative[min_pos],BalAcc,-0.29087182106666243,0.2471823010060426,-0.27436767477614843,0.24337268303900592,20
lsac,gradual_group_mag1.0,xgb,per_subgroup_ewma[maj_neg],DI_star,0.18210526315789471,0.48256852774236875,0.2354087513720741,0.5940628060644615,20
lsac,gradual_group_mag1.0,xgb,per_subgroup_ewma[maj_neg],AOD_star,0.11240601503759398,0.3501806145026807,0.18713766077082442,0.38106364814819677,20
lsac,gradual_group_mag1.0,xgb,per_subgroup_ewma[maj_neg],BalAcc,-0.19069508547692257,0.40013116608257304,-0.17303921224104604,0.41370759426818454,20
lsac,gradual_group_mag1.0,xgb,per_subgroup_baseline_relative[maj_neg],DI_star,0.1269924812030075,0.2764961203792382,0.1731230532843239,0.31256033138859773,20
lsac,gradual_group_mag1.0,xgb,per_subgroup_baseline_relative[maj_neg],AOD_star,0.13586466165413533,0.18586081400986162,0.17364482516239765,0.22517653130787724,20
lsac,gradual_group_mag1.0,xgb,per_subgroup_baseline_relative[maj_neg],BalAcc,-0.1531657050050535,0.32908221863683945,-0.148584325291191,0.32755042785120747,20
lsac,gradual_group_mag1.0,xgb,per_subgroup_ewma[maj_pos],DI_star,0.3621804511278195,0.5755383030601285,0.39957798763645713,0.6554735133061982,20
lsac,gradual_group_mag1.0,xgb,per_subgroup_ewma[maj_pos],AOD_star,0.06488721804511276,0.25036861286666795,0.14051571661772813,0.36717492654167666,20
lsac,gradual_group_mag1.0,xgb,per_subgroup_ewma[maj_pos],BalAcc,-0.21578269630099517,0.36617214888493144,-0.23430865324506253,0.37857718616778463,20
lsac,gradual_group_mag1.0,xgb,per_subgroup_baseline_relative[maj_pos],DI_star,0.24481203007518793,0.2647601491364404,0.31686357967254153,0.349628247247137,20
lsac,gradual_group_mag1.0,xgb,per_subgroup_baseline_relative[maj_pos],AOD_star,0.280375939849624,0.2808729014141929,0.2908853157442208,0.3130712291958671,20
lsac,gradual_group_mag1.0,xgb,per_subgroup_baseline_relative[maj_pos],BalAcc,-0.22144385238811543,0.22279546290240096,-0.21954973042771053,0.2485310113539918,20
lsac,gradual_group_mag2.0,lr,global_mean,DI_star,0.6653526000449069,0.0941252015460807,0.6938275717705498,0.08182625498022213,20
lsac,gradual_group_mag2.0,lr,global_mean,AOD_star,0.612781954887218,0.13808122776884485,0.6351242452020712,0.12914419771790364,20
lsac,gradual_group_mag2.0,lr,global_mean,BalAcc,-0.17888363470311067,0.20271215679931026,-0.22606424426133565,0.19032801087651083,20
lsac,gradual_group_mag2.0,lr,global_ewma,DI_star,0.8355051537067386,0.1321563902519278,0.8396271054384459,0.121916197388921,20
lsac,gradual_group_mag2.0,lr,global_ewma,AOD_star,0.7763909774436089,0.17527868831240284,0.764838862046664,0.19544540131852328,20
lsac,gradual_group_mag2.0,lr,global_ewma,BalAcc,-0.29753135424650684,0.18477366623389693,-0.30618899382341264,0.18924544020507872,20
lsac,gradual_group_mag2.0,lr,global_std,DI_star,0.6824190248052784,0.0952328428916679,0.7031886171837413,0.09494507983871525,20
lsac,gradual_group_mag2.0,lr,global_std,AOD_star,0.6164661654135337,0.1619601754220728,0.6263755852231684,0.15751875580668068,20
lsac,gradual_group_mag2.0,lr,global_std,BalAcc,-0.22283214854936156,0.19134040255286924,-0.261715621939511,0.18891449632718338,20
lsac,gradual_group_mag2.0,lr,subgroup_violation_diff,DI_star,-0.2946715245895161,0.33700203478355356,-0.29679493032151627,0.34097840243320005,20
lsac,gradual_group_mag2.0,lr,subgroup_violation_diff,AOD_star,-0.26804511278195486,0.30977037554824655,-0.28091969809304823,0.3061914541438554,20
lsac,gradual_group_mag2.0,lr,subgroup_violation_diff,BalAcc,0.0804971074482469,0.23053665129544187,0.09560166786253338,0.2763918345295364,20
lsac,gradual_group_mag2.0,lr,max_subgroup_deviation,DI_star,0.5199398581092229,0.1783069129383262,0.548279187926015,0.1529052191927724,20
lsac,gradual_group_mag2.0,lr,max_subgroup_deviation,AOD_star,0.4683458646616542,0.16598225880497292,0.4900068074361867,0.15475749415242368,20
lsac,gradual_group_mag2.0,lr,max_subgroup_deviation,BalAcc,-0.18312973283345074,0.24379329632359606,-0.22992708106727272,0.2401827078251314,20
lsac,gradual_group_mag2.0,lr,assignment_proportion_drift,DI_star,0.3047513716940039,0.22692465244928164,0.32912702391655774,0.22924496471432113,20
lsac,gradual_group_mag2.0,lr,assignment_proportion_drift,AOD_star,0.2839903540326899,0.2473005146783861,0.32048550851578445,0.22877605753258468,20
lsac,gradual_group_mag2.0,lr,assignment_proportion_drift,BalAcc,-0.08592707401629443,0.23845299109702475,-0.10633526517957588,0.2212790021724427,20
lsac,gradual_group_mag2.0,lr,ks_statistic,DI_star,0.7596762052776722,0.08608105307496532,0.7515638750639284,0.07470814594617149,20
lsac,gradual_group_mag2.0,lr,ks_statistic,AOD_star,0.6926315789473683,0.08276607579568726,0.6875661122163186,0.09313692755119858,20
lsac,gradual_group_mag2.0,lr,ks_statistic,BalAcc,-0.2965154257662566,0.20015440960800404,-0.3245666827742958,0.19408926368098445,20
lsac,gradual_group_mag2.0,lr,kl_divergence,DI_star,0.8823847256853922,0.030193050767083323,0.857142938314676,0.04554470847366971,20
lsac,gradual_group_mag2.0,lr,kl_divergence,AOD_star,0.8271428571428571,0.052110145264884736,0.785299984604108,0.09351095568910149,20
lsac,gradual_group_mag2.0,lr,kl_divergence,BalAcc,-0.3205017457132473,0.17341699510774655,-0.32325276982944,0.1780789029136264,20
lsac,gradual_group_mag2.0,lr,per_subgroup_ewma[min_neg],DI_star,0.8068964563945394,0.12497752082449454,0.8244148745760862,0.10319398443744104,20
lsac,gradual_group_mag2.0,lr,per_subgroup_ewma[min_neg],AOD_star,0.7848872180451127,0.12245392182914404,0.7747220312362644,0.14870046343093782,20
lsac,gradual_group_mag2.0,lr,per_subgroup_ewma[min_neg],BalAcc,-0.25486165809525824,0.19589740877707854,-0.25933700621346484,0.2011646512638638,20
lsac,gradual_group_mag2.0,lr,per_subgroup_baseline_relative[min_neg],DI_star,0.47204285869882473,0.22034842235586516,0.5069013019322341,0.19454085536070026,20
lsac,gradual_group_mag2.0,lr,per_subgroup_baseline_relative[min_neg],AOD_star,0.4799248120300751,0.18879774106564012,0.4931807175429196,0.16237733411032232,20
lsac,gradual_group_mag2.0,lr,per_subgroup_baseline_relative[min_neg],BalAcc,-0.04090884536925086,0.22922178976304675,-0.08086146187124856,0.2609733277087838,20
lsac,gradual_group_mag2.0,lr,per_subgroup_ewma[min_pos],DI_star,0.733998085302114,0.21840867185684346,0.7395577183983463,0.20765085540325984,20
lsac,gradual_group_mag2.0,lr,per_subgroup_ewma[min_pos],AOD_star,0.6713533834586465,0.24915821874055757,0.6577295657874027,0.2657962314194968,20
lsac,gradual_group_mag2.0,lr,per_subgroup_ewma[min_pos],BalAcc,-0.26899481871914105,0.19178575780271503,-0.2777255950094946,0.20309985186818544,20
lsac,gradual_group_mag2.0,lr,per_subgroup_baseline_relative[min_pos],DI_star,0.4769637253754393,0.23439083600062488,0.49776932109806415,0.2357479901933704,20
lsac,gradual_group_mag2.0,lr,per_subgroup_baseline_relative[min_pos],AOD_star,0.4332330827067669,0.21265672873992272,0.4371357028100061,0.2318748564663315,20
lsac,gradual_group_mag2.0,lr,per_subgroup_baseline_relative[min_pos],BalAcc,-0.1795116882859918,0.2186127673142465,-0.20531810595673533,0.21187865950873805,20
lsac,gradual_group_mag2.0,lr,per_subgroup_ewma[maj_neg],DI_star,0.6168070708085768,0.3416210526854324,0.6244945924169334,0.288248834278578,20
lsac,gradual_group_mag2.0,lr,per_subgroup_ewma[maj_neg],AOD_star,0.554812030075188,0.3709956001298842,0.5517349164498239,0.3153720637432779,20
lsac,gradual_group_mag2.0,lr,per_subgroup_ewma[maj_neg],BalAcc,-0.19038846882154603,0.23815112017795848,-0.2203683355491372,0.22418186238300963,20
lsac,gradual_group_mag2.0,lr,per_subgroup_baseline_relative[maj_neg],DI_star,0.48365248507786307,0.2512013372250821,0.5003950087122682,0.22950225639334693,20
lsac,gradual_group_mag2.0,lr,per_subgroup_baseline_relative[maj_neg],AOD_star,0.44518796992481197,0.23336023981469578,0.457371284493113,0.22159992728275985,20
lsac,gradual_group_mag2.0,lr,per_subgroup_baseline_relative[maj_neg],BalAcc,-0.07109945967075522,0.23818602764107458,-0.1290441024044918,0.22613852755411296,20
lsac,gradual_group_mag2.0,lr,per_subgroup_ewma[maj_pos],DI_star,0.538772563815495,0.47323553360278214,0.558015063388949,0.48967064934366816,20
lsac,gradual_group_mag2.0,lr,per_subgroup_ewma[maj_pos],AOD_star,0.5090225563909774,0.4835068206450311,0.5235673526361407,0.5009045096734369,20
lsac,gradual_group_mag2.0,lr,per_subgroup_ewma[maj_pos],BalAcc,-0.21956171225551335,0.22041420360595723,-0.22234896672436433,0.23885276152134408,20
lsac,gradual_group_mag2.0,lr,per_subgroup_baseline_relative[maj_pos],DI_star,0.37354619386576615,0.23670788157650705,0.4016711197482873,0.22934432032090754,20
lsac,gradual_group_mag2.0,lr,per_subgroup_baseline_relative[maj_pos],AOD_star,0.34278195488721797,0.21736397370763444,0.37993653647297826,0.21542163277333576,20
lsac,gradual_group_mag2.0,lr,per_subgroup_baseline_relative[maj_pos],BalAcc,-0.1263628155402177,0.23476035681363028,-0.15145674406391818,0.24267657262922065,20
lsac,gradual_group_mag2.0,xgb,global_mean,DI_star,0.20120300751879694,0.1979078771604652,0.47039967323197807,0.24667495975635667,20
lsac,gradual_group_mag2.0,xgb,global_mean,AOD_star,-0.2693984962406014,0.2675695831458854,-0.19023724565755457,0.29330912578458435,20
lsac,gradual_group_mag2.0,xgb,global_mean,BalAcc,-0.4775187969924811,0.19798548722488774,-0.5071956624514582,0.1940447993135853,20
lsac,gradual_group_mag2.0,xgb,global_ewma,DI_star,0.23984962406015034,0.29105747767616336,0.4875781622122556,0.27007032659625235,20
lsac,gradual_group_mag2.0,xgb,global_ewma,AOD_star,-0.43624060150375926,0.23192821040586664,-0.3650821351108914,0.20820234997848772,20
lsac,gradual_group_mag2.0,xgb,global_ewma,BalAcc,-0.47624060150375935,0.17607288845776764,-0.5044004503973338,0.18863470612689262,20
lsac,gradual_group_mag2.0,xgb,global_std,DI_star,0.15654135338345865,0.17918345455143175,0.36642860233729013,0.173413346344477,20
lsac,gradual_group_mag2.0,xgb,global_std,AOD_star,-0.3206015037593985,0.19918461181081795,-0.30888170024729567,0.18353708760368845,20
lsac,gradual_group_mag2.0,xgb,global_std,BalAcc,-0.4639097744360903,0.20378714124593977,-0.46833651288734696,0.18448487010993717,20
lsac,gradual_group_mag2.0,xgb,subgroup_violation_diff,DI_star,-0.12518796992481201,0.20845971443213493,-0.20479806310072507,0.24843848593957668,20
lsac,gradual_group_mag2.0,xgb,subgroup_violation_diff,AOD_star,0.04541353383458647,0.3193662813143673,0.07015922697757451,0.3032963206409783,20
lsac,gradual_group_mag2.0,xgb,subgroup_violation_diff,BalAcc,0.2477443609022556,0.2589108961940652,0.24872937641114565,0.2736394270094198,20
lsac,gradual_group_mag2.0,xgb,max_subgroup_deviation,DI_star,0.2573684210526316,0.22461468190697162,0.40038256140663064,0.20468317978788914,20
lsac,gradual_group_mag2.0,xgb,max_subgroup_deviation,AOD_star,-0.0963157894736842,0.30076296032219363,-0.13071822397012497,0.32531784951053117,20
lsac,gradual_group_mag2.0,xgb,max_subgroup_deviation,BalAcc,-0.3504511278195488,0.19256604979107456,-0.36897404493433283,0.18017297161726398,20
lsac,gradual_group_mag2.0,xgb,assignment_proportion_drift,DI_star,0.24558222839852814,0.18752961183173825,0.3624005532718752,0.1872190325291649,20
lsac,gradual_group_mag2.0,xgb,assignment_proportion_drift,AOD_star,0.061053612315320895,0.25340104873613245,0.05408253942998573,0.26294431254324613,20
lsac,gradual_group_mag2.0,xgb,assignment_proportion_drift,BalAcc,-0.23062316222685353,0.2044603784469109,-0.2520255780593216,0.17687421330922276,20
lsac,gradual_group_mag2.0,xgb,ks_statistic,DI_star,0.25037593984962403,0.18669552956261048,0.36740072620217556,0.11242636495050265,20
lsac,gradual_group_mag2.0,xgb,ks_statistic,AOD_star,-0.38150375939849623,0.15430586569070087,-0.40344671040267494,0.10387713632732087,20
lsac,gradual_group_mag2.0,xgb,ks_statistic,BalAcc,-0.4306766917293234,0.16664843211536073,-0.429792844413197,0.14356263480781856,20
lsac,gradual_group_mag2.0,xgb,kl_divergence,DI_star,0.272781954887218,0.17273764785241305,0.3201082712586957,0.09690057749142601,20
lsac,gradual_group_mag2.0,xgb,kl_divergence,AOD_star,-0.48112781954887207,0.15881256687694453,-0.5517294185487084,0.10143024102356105,20
lsac,gradual_group_mag2.0,xgb,kl_divergence,BalAcc,-0.5017293233082707,0.13512704892437005,-0.4528194980238963,0.12206925764209194,20
lsac,gradual_group_mag2.0,xgb,per_subgroup_ewma[min_neg],DI_star,0.3129323308270676,0.2566635377923552,0.511424074260675,0.23907001339559006,20
lsac,gradual_group_mag2.0,xgb,per_subgroup_ewma[min_neg],AOD_star,-0.36428571428571427,0.2508746078349728,-0.3379988608088499,0.23642945169364052,20
lsac,gradual_group_mag2.0,xgb,per_subgroup_ewma[min_neg],BalAcc,-0.4700751879699247,0.16435849457199572,-0.4986903151538679,0.16742334336925427,20
lsac,gradual_group_mag2.0,xgb,per_subgroup_baseline_relative[min_neg],DI_star,0.21661654135338343,0.20785712585859586,0.365431213289772,0.21360605006766759,20
lsac,gradual_group_mag2.0,xgb,per_subgroup_baseline_relative[min_neg],AOD_star,-0.16142857142857145,0.27613718333775406,-0.13666879247087071,0.2867898197645841,20
lsac,gradual_group_mag2.0,xgb,per_subgroup_baseline_relative[min_neg],BalAcc,-0.38052631578947366,0.17395089053635213,-0.3996886269111435,0.14858284360941956,20
lsac,gradual_group_mag2.0,xgb,per_subgroup_ewma[min_pos],DI_star,0.2684962406015038,0.2719766091673995,0.4120107040334672,0.32553847545874176,20
lsac,gradual_group_mag2.0,xgb,per_subgroup_ewma[min_pos],AOD_star,-0.3369172932330827,0.2728316370105947,-0.3269880853000465,0.27195184176324394,20
lsac,gradual_group_mag2.0,xgb,per_subgroup_ewma[min_pos],BalAcc,-0.471578947368421,0.2190598116620671,-0.4597118193740942,0.20382074400920266,20
lsac,gradual_group_mag2.0,xgb,per_subgroup_baseline_relative[min_pos],DI_star,0.17609022556390977,0.1920371404897804,0.32403274343004834,0.23004303164335294,20
lsac,gradual_group_mag2.0,xgb,per_subgroup_baseline_relative[min_pos],AOD_star,-0.15360902255639095,0.3384889505299161,-0.14780511431118773,0.31133694021744845,20
lsac,gradual_group_mag2.0,xgb,per_subgroup_baseline_relative[min_pos],BalAcc,-0.35473684210526313,0.25646126084499893,-0.3399227034572909,0.2526909443385169,20
lsac,gradual_group_mag2.0,xgb,per_subgroup_ewma[maj_neg],DI_star,0.13037593984962403,0.3601527618550005,0.26201809750122224,0.3229560055810752,20
lsac,gradual_group_mag2.0,xgb,per_subgroup_ewma[maj_neg],AOD_star,-0.34458646616541355,0.20882301017568514,-0.3410044922043127,0.1893353343813676,20
lsac,gradual_group_mag2.0,xgb,per_subgroup_ewma[maj_neg],BalAcc,-0.33518796992481203,0.3479560501779598,-0.35861382080331994,0.29805635163132677,20
lsac,gradual_group_mag2.0,xgb,per_subgroup_baseline_relative[maj_neg],DI_star,0.12,0.21046540472220904,0.25484975012555783,0.19609014584192014,20
lsac,gradual_group_mag2.0,xgb,per_subgroup_baseline_relative[maj_neg],AOD_star,-0.24045112781954883,0.2859757015398675,-0.22752640867075408,0.2438739052453218,20
lsac,gradual_group_mag2.0,xgb,per_subgroup_baseline_relative[maj_neg],BalAcc,-0.3449624060150376,0.2613330499024915,-0.3679693229876959,0.25134768362974824,20
lsac,gradual_group_mag2.0,xgb,per_subgroup_ewma[maj_pos],DI_star,0.1445864661654135,0.4082033135138187,0.3447827358865694,0.5289579042362906,20
lsac,gradual_group_mag2.0,xgb,per_subgroup_ewma[maj_pos],AOD_star,-0.2894736842105262,0.33097279770458,-0.21712784618352993,0.304061716738199,20
lsac,gradual_group_mag2.0,xgb,per_subgroup_ewma[maj_pos],BalAcc,-0.3044360902255639,0.34313485488013906,-0.3312902099763363,0.3718618840665604,20
lsac,gradual_group_mag2.0,xgb,per_subgroup_baseline_relative[maj_pos],DI_star,0.1838345864661654,0.23914213188019748,0.315008259100937,0.2768335584515622,20
lsac,gradual_group_mag2.0,xgb,per_subgroup_baseline_relative[maj_pos],AOD_star,-0.03954887218045113,0.29154210720126705,-0.06037769537186675,0.3074052776470695,20
lsac,gradual_group_mag2.0,xgb,per_subgroup_baseline_relative[maj_pos],BalAcc,-0.28601503759398494,0.20649721302737156,-0.3059070268422011,0.21689816859611474,20
lsac,gradual_global_mag0.5,lr,global_mean,DI_star,0.42310559746555076,0.228781146970114,0.40438370393933837,0.1600546069121706,20
lsac,gradual_global_mag0.5,lr,global_mean,AOD_star,0.13375939849624058,0.2945063833546254,0.08548336834513301,0.25850040386044926,20
lsac,gradual_global_mag0.5,lr,global_mean,BalAcc,-0.04774436090225563,0.23897659719877584,-0.06761481963090386,0.22316736342087878,20
lsac,gradual_global_mag0.5,lr,global_ewma,DI_star,0.528547348052413,0.21749183706711808,0.5255843857896255,0.19100529610658135,20
lsac,gradual_global_mag0.5,lr,global_ewma,AOD_star,0.14789473684210525,0.2893532705320924,0.13475315078804825,0.298039814256682,20
lsac,gradual_global_mag0.5,lr,global_ewma,BalAcc,-0.12082706766917291,0.22519883990986586,-0.1261657476155306,0.23311510920553918,20
lsac,gradual_global_mag0.5,lr,global_std,DI_star,0.09202089624445849,0.31961554964601935,0.05050689847098268,0.2749423487752961,20
lsac,gradual_global_mag0.5,lr,global_std,AOD_star,-0.005263157894736845,0.2405909302187939,-0.03751191970538097,0.24430310168766858,20
lsac,gradual_global_mag0.5,lr,global_std,BalAcc,0.015488721804511274,0.24435192580389575,0.04455386373687866,0.20810415067134427,20
lsac,gradual_global_mag0.5,lr,subgroup_violation_diff,DI_star,0.11255933730499049,0.2155377544630955,0.13679806680634804,0.2826037244018109,20
lsac,gradual_global_mag0.5,lr,subgroup_violation_diff,AOD_star,0.06473684210526315,0.1990130404967208,0.11994391253271738,0.2107560736944865,20
lsac,gradual_global_mag0.5,lr,subgroup_violation_diff,BalAcc,-0.07097744360902256,0.22048087275865166,-0.054184707081000906,0.2277383983871939,20
lsac,gradual_global_mag0.5,lr,max_subgroup_deviation,DI_star,0.20680436878572522,0.24466797606961305,0.2846277208613436,0.2135556421108394,20
lsac,gradual_global_mag0.5,lr,max_subgroup_deviation,AOD_star,-8.083281329010899e-05,0.25872734165086403,0.018354930577373488,0.2900354722292185,20
lsac,gradual_global_mag0.5,lr,max_subgroup_deviation,BalAcc,0.04129013839180947,0.28089677845218136,-0.02046858995579761,0.2569645493194949,20
lsac,gradual_global_mag0.5,lr,assignment_proportion_drift,DI_star,0.11356775420575174,0.27652789012421336,0.2645360430952116,0.21932195828223108,20
lsac,gradual_global_mag0.5,lr,assignment_proportion_drift,AOD_star,-0.06910654855336353,0.23418967340336233,0.02313284640951075,0.26091154518092213,20
lsac,gradual_global_mag0.5,lr,assignment_proportion_drift,BalAcc,-0.03748550185317682,0.2723729850810154,-0.03915032647692481,0.24822154705054283,20
lsac,gradual_global_mag0.5,lr,ks_statistic,DI_star,0.5407267792976203,0.2129206546379045,0.5416374320217198,0.19178605288239406,20
lsac,gradual_global_mag0.5,lr,ks_statistic,AOD_star,0.15654135338345862,0.3040298431308369,0.1378861632859619,0.3169734309264762,20
lsac,gradual_global_mag0.5,lr,ks_statistic,BalAcc,-0.13774436090225564,0.22540866838308937,-0.13816065481666281,0.21377795828924973,20
lsac,gradual_global_mag0.5,lr,kl_divergence,DI_star,0.5150857551083249,0.1817842608191548,0.4240199385609246,0.17587426623069227,20
lsac,gradual_global_mag0.5,lr,kl_divergence,AOD_star,0.13210526315789473,0.2670048675567533,0.11958374688831805,0.24217555852438666,20
lsac,gradual_global_mag0.5,lr,kl_divergence,BalAcc,-0.12248120300751879,0.21783317415683656,-0.11096089350180413,0.17198834347598405,20
lsac,gradual_global_mag0.5,lr,per_subgroup_ewma[min_neg],DI_star,0.533207529023978,0.21802425119081192,0.5147712154246789,0.1914466057848278,20
lsac,gradual_global_mag0.5,lr,per_subgroup_ewma[min_neg],AOD_star,0.1545864661654135,0.29661958125699567,0.12910475633243745,0.29754835498030696,20
lsac,gradual_global_mag0.5,lr,per_subgroup_ewma[min_neg],BalAcc,-0.12135338345864662,0.21778314571707824,-0.11592265968192308,0.23506931840733086,20
lsac,gradual_global_mag0.5,lr,per_subgroup_baseline_relative[min_neg],DI_star,0.32394377052316964,0.20068724076945024,0.37062284913380894,0.16034865355849426,20
lsac,gradual_global_mag0.5,lr,per_subgroup_baseline_relative[min_neg],AOD_star,0.08150375939849623,0.19493188479131188,0.07171764832034713,0.25433886681112133,20
lsac,gradual_global_mag0.5,lr,per_subgroup_baseline_relative[min_neg],BalAcc,-0.011278195488721809,0.20321710150546324,-0.05266568318744981,0.2208442963741264,20
lsac,gradual_global_mag0.5,lr,per_subgroup_ewma[min_pos],DI_star,0.5329092701906645,0.20765645960966753,0.4992414824276551,0.19180298374724836,20
lsac,gradual_global_mag0.5,lr,per_subgroup_ewma[min_pos],AOD_star,0.1444360902255639,0.288320317265288,0.10453186279109546,0.30143687949100373,20
lsac,gradual_global_mag0.5,lr,per_subgroup_ewma[min_pos],BalAcc,-0.1465413533834586,0.22334217863624678,-0.12400121018933652,0.23986164950241973,20
lsac,gradual_global_mag0.5,lr,per_subgroup_baseline_relative[min_pos],DI_star,0.1948132072553465,0.2658058382000621,0.29182936695288386,0.2202534408850843,20
lsac,gradual_global_mag0.5,lr,per_subgroup_baseline_relative[min_pos],AOD_star,-0.041269159832742146,0.25123000926994826,0.02018027839711243,0.2835938692463982,20
lsac,gradual_global_mag0.5,lr,per_subgroup_baseline_relative[min_pos],BalAcc,-0.04804858648494973,0.2879570171555648,-0.046036253321124175,0.2562113127675382,20
lsac,gradual_global_mag0.5,lr,per_subgroup_ewma[maj_neg],DI_star,0.4750128335442052,0.24714417597300484,0.47571209232945993,0.21416695984522738,20
lsac,gradual_global_mag0.5,lr,per_subgroup_ewma[maj_neg],AOD_star,0.13112781954887215,0.29048552773348557,0.1162891883841676,0.29859985954901874,20
lsac,gradual_global_mag0.5,lr,per_subgroup_ewma[maj_neg],BalAcc,-0.10857142857142857,0.23091281990704224,-0.0936566190827848,0.23728178208453501,20
lsac,gradual_global_mag0.5,lr,per_subgroup_baseline_relative[maj_neg],DI_star,0.25628079707199286,0.2133116391711096,0.2861783714320702,0.1982811576202518,20
lsac,gradual_global_mag0.5,lr,per_subgroup_baseline_relative[maj_neg],AOD_star,0.09921204796987264,0.23552465402060596,0.08208447154948675,0.2449581925226336,20
lsac,gradual_global_mag0.5,lr,per_subgroup_baseline_relative[maj_neg],BalAcc,-0.014923208564217649,0.2551240801145642,-0.012937150630086209,0.23885930088947085,20
lsac,gradual_global_mag0.5,lr,per_subgroup_ewma[maj_pos],DI_star,0.5320070145515667,0.21618431600897675,0.497162127425138,0.19342052675290577,20
lsac,gradual_global_mag0.5,lr,per_subgroup_ewma[maj_pos],AOD_star,0.15210526315789472,0.29219646150880335,0.1139341058559862,0.3014221770310531,20
lsac,gradual_global_mag0.5,lr,per_subgroup_ewma[maj_pos],BalAcc,-0.11954887218045111,0.2263727353230565,-0.10780194326917172,0.24069591876383284,20
lsac,gradual_global_mag0.5,lr,per_subgroup_baseline_relative[maj_pos],DI_star,0.4359087946306138,0.20510271563102844,0.33075886629705736,0.17081652679199055,20
lsac,gradual_global_mag0.5,lr,per_subgroup_baseline_relative[maj_pos],AOD_star,0.1646989228761086,0.3170552477709079,0.0545371414304295,0.27437297498779845,20
lsac,gradual_global_mag0.5,lr,per_subgroup_baseline_relative[maj_pos],BalAcc,-0.03169146064332348,0.22290217905322082,-0.03678260948937186,0.24243792088801958,20
lsac,gradual_global_mag0.5,xgb,global_mean,DI_star,0.5664661654135339,0.12410443502154801,0.7136152945128436,0.12281039197318083,20
lsac,gradual_global_mag0.5,xgb,global_mean,AOD_star,0.11398496240601501,0.18802381182473718,0.10415318299682896,0.21733854371778177,20
lsac,gradual_global_mag0.5,xgb,global_mean,BalAcc,-0.47631578947368414,0.10793062199604188,-0.9115204688327598,0.07937212336790858,20
lsac,gradual_global_mag0.5,xgb,global_ewma,DI_star,0.6462406015037593,0.12568035211338147,0.7108598260212371,0.12185160373823005,20
lsac,gradual_global_mag0.5,xgb,global_ewma,AOD_star,0.1893984962406015,0.2092909376707501,0.19335446425025532,0.20765219103648141,20
lsac,gradual_global_mag0.5,xgb,global_ewma,BalAcc,-0.5228571428571428,0.102934610057313,-0.7685088928852614,0.07203311904119658,20
lsac,gradual_global_mag0.5,xgb,global_std,DI_star,0.08436090225563911,0.37653633881693005,0.05951603100729617,0.5268583891792377,20
lsac,gradual_global_mag0.5,xgb,global_std,AOD_star,0.03503759398496241,0.16152651020781447,0.0035719630043461225,0.2041765581769277,20
lsac,gradual_global_mag0.5,xgb,global_std,BalAcc,-0.0081954887218045,0.44500442569549215,-0.04522349361570117,0.7054398275545759,20
lsac,gradual_global_mag0.5,xgb,subgroup_violation_diff,DI_star,0.09789473684210523,0.4305570411774749,0.14482513430200475,0.6670651511375901,20
lsac,gradual_global_mag0.5,xgb,subgroup_violation_diff,AOD_star,0.03872180451127819,0.26728953182086784,0.05367244923845375,0.22375787483026552,20
lsac,gradual_global_mag0.5,xgb,subgroup_violation_diff,BalAcc,-0.04977443609022555,0.47982318619543707,-0.1665234530446235,0.9202471510554485,20
lsac,gradual_global_mag0.5,xgb,max_subgroup_deviation,DI_star,0.45605018192665286,0.17229735995443154,0.6785470637416207,0.1702491880025694,20
lsac,gradual_global_mag0.5,xgb,max_subgroup_deviation,AOD_star,0.06953255770428979,0.25104300465308715,0.06331966049179541,0.2334526720134427,20
lsac,gradual_global_mag0.5,xgb,max_subgroup_deviation,BalAcc,-0.4436763904784672,0.12691479975486925,-0.9077586952989378,0.10004731835725085,20
lsac,gradual_global_mag0.5,xgb,assignment_proportion_drift,DI_star,0.34662569210775956,0.16104313679536775,0.6718001262857166,0.13424377025012463,20
lsac,gradual_global_mag0.5,xgb,assignment_proportion_drift,AOD_star,-0.05822265732847082,0.2186422606551932,0.034419873617781024,0.20078637155771278,20
lsac,gradual_global_mag0.5,xgb,assignment_proportion_drift,BalAcc,-0.4709656815502738,0.11899371798855936,-0.9504060632262249,0.033044770880371215,20
lsac,gradual_global_mag0.5,xgb,ks_statistic,DI_star,0.636015037593985,0.14290816263459044,0.7014366754760599,0.11923755496896321,20
lsac,gradual_global_mag0.5,xgb,ks_statistic,AOD_star,0.1814285714285714,0.21205048427344786,0.1871635815530988,0.23167565794807912,20
lsac,gradual_global_mag0.5,xgb,ks_statistic,BalAcc,-0.5297744360902256,0.10690671774944932,-0.7604730097603973,0.028761963198328112,20
lsac,gradual_global_mag0.5,xgb,kl_divergence,DI_star,0.6497744360902256,0.12531730319366582,0.4330642353507631,0.11218164315229406,20
lsac,gradual_global_mag0.5,xgb,kl_divergence,AOD_star,0.18984962406015038,0.2307581759014802,0.20930754892571596,0.21748478612613226,20
lsac,gradual_global_mag0.5,xgb,kl_divergence,BalAcc,-0.5179699248120301,0.09964772027171911,-0.3351535489449449,0.03762835598325673,20
lsac,gradual_global_mag0.5,xgb,per_subgroup_ewma[min_neg],DI_star,0.6455639097744361,0.12457001629300768,0.7174083868795573,0.1180580079717424,20
lsac,gradual_global_mag0.5,xgb,per_subgroup_ewma[min_neg],AOD_star,0.19007518796992479,0.2090882138454679,0.18691331514717371,0.20919284275077005,20
lsac,gradual_global_mag0.5,xgb,per_subgroup_ewma[min_neg],BalAcc,-0.5227819548872179,0.10198579499131326,-0.7880304509954563,0.05217489994542015,20
lsac,gradual_global_mag0.5,xgb,per_subgroup_baseline_relative[min_neg],DI_star,0.48466165413533824,0.12874683545538557,0.7053813934676417,0.12341304135684392,20
lsac,gradual_global_mag0.5,xgb,per_subgroup_baseline_relative[min_neg],AOD_star,0.07571428571428572,0.1975457277335121,0.0884760424982847,0.214043314199415,20
lsac,gradual_global_mag0.5,xgb,per_subgroup_baseline_relative[min_neg],BalAcc,-0.443984962406015,0.10668203233683468,-0.9238069282493552,0.05628344175110612,20
lsac,gradual_global_mag0.5,xgb,per_subgroup_ewma[min_pos],DI_star,0.6298496240601504,0.13758229540713962,0.708829167744453,0.11972820157380364,20
lsac,gradual_global_mag0.5,xgb,per_subgroup_ewma[min_pos],AOD_star,0.1883458646616541,0.21063685336546292,0.17461552692913598,0.21704937233804233,20
lsac,gradual_global_mag0.5,xgb,per_subgroup_ewma[min_pos],BalAcc,-0.4996992481203006,0.12651622121863768,-0.7836660336019446,0.09399436003069989,20
lsac,gradual_global_mag0.5,xgb,per_subgroup_baseline_relative[min_pos],DI_star,0.3852571506966149,0.2506285265766539,0.6454391448560505,0.2302237427409101,20
lsac,gradual_global_mag0.5,xgb,per_subgroup_baseline_relative[min_pos],AOD_star,0.02641689303216401,0.26197583280542136,0.06593715160021836,0.24111202120545738,20
lsac,gradual_global_mag0.5,xgb,per_subgroup_baseline_relative[min_pos],BalAcc,-0.3771022879186775,0.24794034770957948,-0.8448442730833376,0.22195761493144,20
lsac,gradual_global_mag0.5,xgb,per_subgroup_ewma[maj_neg],DI_star,0.6175939849624059,0.12635794140942488,0.6968665471368892,0.12697315355874178,20
lsac,gradual_global_mag0.5,xgb,per_subgroup_ewma[maj_neg],AOD_star,0.17924812030075182,0.20486568142310552,0.18681424690891285,0.21392305154830507,20
lsac,gradual_global_mag0.5,xgb,per_subgroup_ewma[maj_neg],BalAcc,-0.5217293233082707,0.1088221907831841,-0.7705713401184593,0.06441128119607815,20
lsac,gradual_global_mag0.5,xgb,per_subgroup_baseline_relative[maj_neg],DI_star,0.4315278451177219,0.16541898502626448,0.6203149171507152,0.2011855135124723,20
lsac,gradual_global_mag0.5,xgb,per_subgroup_baseline_relative[maj_neg],AOD_star,0.08414255253998534,0.20901464781506782,0.11169601321020066,0.2353024577528937,20
lsac,gradual_global_mag0.5,xgb,per_subgroup_baseline_relative[maj_neg],BalAcc,-0.4771559473007051,0.16131719598452618,-0.8076885316736506,0.19732393716272165,20
lsac,gradual_global_mag0.5,xgb,per_subgroup_ewma[maj_pos],DI_star,0.6464661654135337,0.12152097324649562,0.7252272357338729,0.1114722242465566,20
lsac,gradual_global_mag0.5,xgb,per_subgroup_ewma[maj_pos],AOD_star,0.18736842105263157,0.20257732195889824,0.17683384613972067,0.2173498379481647,20
lsac,gradual_global_mag0.5,xgb,per_subgroup_ewma[maj_pos],BalAcc,-0.5235338345864661,0.10126262083638465,-0.8132795777144965,0.02413243876410276,20
lsac,gradual_global_mag0.5,xgb,per_subgroup_baseline_relative[maj_pos],DI_star,0.5518151736312757,0.13530484943509066,0.7199601207387065,0.1178004866687161,20
lsac,gradual_global_mag0.5,xgb,per_subgroup_baseline_relative[maj_pos],AOD_star,0.09857326690816656,0.19696232440726794,0.07497024716775119,0.210202117769987,20
lsac,gradual_global_mag0.5,xgb,per_subgroup_baseline_relative[maj_pos],BalAcc,-0.48997537335956637,0.130874345241129,-0.9663998532124672,0.011247262812838579,20
lsac,gradual_global_mag1.0,lr,global_mean,DI_star,0.7614153696574213,0.09455642994524308,0.6904630049696271,0.12130242009842701,20
lsac,gradual_global_mag1.0,lr,global_mean,AOD_star,0.4204511278195488,0.24068814229584015,0.38000902083000954,0.22298330319647747,20
lsac,gradual_global_mag1.0,lr,global_mean,BalAcc,-0.3961727668807865,0.22876482821905347,-0.35979090820931886,0.22058273413357152,20
lsac,gradual_global_mag1.0,lr,global_ewma,DI_star,0.7815690318856887,0.08695882318754,0.7840894643642606,0.09761805356567442,20
lsac,gradual_global_mag1.0,lr,global_ewma,AOD_star,0.4284962406015037,0.24315816210269822,0.4546654077113339,0.23854425009997662,20
lsac,gradual_global_mag1.0,lr,global_ewma,BalAcc,-0.4277535525859455,0.220175970877349,-0.43292478449275096,0.2062459821168668,20
lsac,gradual_global_mag1.0,lr,global_std,DI_star,0.5795221852947595,0.1549025356677756,0.5830475634436696,0.14078956761082295,20
lsac,gradual_global_mag1.0,lr,global_std,AOD_star,0.3198496240601504,0.21790822770961302,0.33852339044030777,0.20512140999125472,20
lsac,gradual_global_mag1.0,lr,global_std,BalAcc,-0.3490305885084172,0.22427977818898442,-0.3219803491847781,0.1758949488553644,20
lsac,gradual_global_mag1.0,lr,subgroup_violation_diff,DI_star,0.04938773081302635,0.1327305909089886,0.08454039474191836,0.21060327081853658,20
lsac,gradual_global_mag1.0,lr,subgroup_violation_diff,AOD_star,0.09451127819548873,0.19266865578511194,0.11149681024204065,0.15916514879740162,20
lsac,gradual_global_mag1.0,lr,subgroup_violation_diff,BalAcc,-0.07778247810613578,0.23986972247867358,-0.07438473690632494,0.21184568777671156,20
lsac,gradual_global_mag1.0,lr,max_subgroup_deviation,DI_star,0.5530594194899336,0.19150268133506806,0.5350266440931895,0.1295258762120705,20
lsac,gradual_global_mag1.0,lr,max_subgroup_deviation,AOD_star,0.31932330827067673,0.23783668721333112,0.24210109532882357,0.23156509198844766,20
lsac,gradual_global_mag1.0,lr,max_subgroup_deviation,BalAcc,-0.25271180113174496,0.26470016095991983,-0.2458632060818758,0.23981421628646862,20
lsac,gradual_global_mag1.0,lr,assignment_proportion_drift,DI_star,0.12688865254820175,0.2842784659091159,0.3415017363762839,0.21982295262787363,20
lsac,gradual_global_mag1.0,lr,assignment_proportion_drift,AOD_star,0.032782238123463425,0.23560472350459274,0.13949829714186718,0.21216865845501345,20
lsac,gradual_global_mag1.0,lr,assignment_proportion_drift,BalAcc,-0.07827276739553898,0.2609034785142493,-0.14486195479283856,0.2579860971014822,20
lsac,gradual_global_mag1.0,lr,ks_statistic,DI_star,0.7848774158826706,0.09273963025331783,0.7775877484983239,0.09198920729503819,20
lsac,gradual_global_mag1.0,lr,ks_statistic,AOD_star,0.4342105263157895,0.24751070022112728,0.4350202733852161,0.2464853376476846,20
lsac,gradual_global_mag1.0,lr,ks_statistic,BalAcc,-0.42790339116582565,0.2258869617665961,-0.41607199552100804,0.20685950211566276,20
lsac,gradual_global_mag1.0,lr,kl_divergence,DI_star,0.7646499255279616,0.09367265048712028,0.7531762111322033,0.09014106836881687,20
lsac,gradual_global_mag1.0,lr,kl_divergence,AOD_star,0.41037593984962395,0.2485159297422045,0.4826583323098985,0.23552863783601646,20
lsac,gradual_global_mag1.0,lr,kl_divergence,BalAcc,-0.4279410558560472,0.21545944292764813,-0.46003081950075186,0.15695982879549414,20
lsac,gradual_global_mag1.0,lr,per_subgroup_ewma[min_neg],DI_star,0.780891320273753,0.0839550732042171,0.7704666600212634,0.09902233631608745,20
lsac,gradual_global_mag1.0,lr,per_subgroup_ewma[min_neg],AOD_star,0.4290977443609022,0.24394355337517906,0.44096653097189903,0.2385521660923362,20
lsac,gradual_global_mag1.0,lr,per_subgroup_ewma[min_neg],BalAcc,-0.42963328011616947,0.21471085590329994,-0.42095035868037967,0.20663753645323213,20
lsac,gradual_global_mag1.0,lr,per_subgroup_baseline_relative[min_neg],DI_star,0.5954612416767878,0.13131837642429112,0.6295160167495288,0.1410702178911185,20
lsac,gradual_global_mag1.0,lr,per_subgroup_baseline_relative[min_neg],AOD_star,0.3042105263157895,0.1942046316990748,0.33130253934014103,0.22677867927436507,20
lsac,gradual_global_mag1.0,lr,per_subgroup_baseline_relative[min_neg],BalAcc,-0.32210908124188903,0.25811607565182865,-0.3269388770586639,0.220579327600103,20
lsac,gradual_global_mag1.0,lr,per_subgroup_ewma[min_pos],DI_star,0.7770587735728123,0.09487123607260982,0.735285386161163,0.10607215815574093,20
lsac,gradual_global_mag1.0,lr,per_subgroup_ewma[min_pos],AOD_star,0.4230827067669173,0.25130661997319925,0.3830951188893144,0.2425155394322882,20
lsac,gradual_global_mag1.0,lr,per_subgroup_ewma[min_pos],BalAcc,-0.4479039850900025,0.2181896682796551,-0.39807779996929293,0.2182712802667134,20
lsac,gradual_global_mag1.0,lr,per_subgroup_baseline_relative[min_pos],DI_star,0.5578487880749561,0.22418145577075885,0.5387395531376779,0.14420243107635458,20
lsac,gradual_global_mag1.0,lr,per_subgroup_baseline_relative[min_pos],AOD_star,0.3239066640582319,0.2642794845431547,0.2469428062880931,0.23286272596462293,20
lsac,gradual_global_mag1.0,lr,per_subgroup_baseline_relative[min_pos],BalAcc,-0.3011811227911268,0.25907092803201653,-0.26412926508558576,0.24599990150354073,20
lsac,gradual_global_mag1.0,lr,per_subgroup_ewma[maj_neg],DI_star,0.7651036597141867,0.10990669063854998,0.729789162050018,0.10962487320943923,20
lsac,gradual_global_mag1.0,lr,per_subgroup_ewma[maj_neg],AOD_star,0.4184210526315789,0.2588628554899288,0.38941341421167003,0.23879840103121075,20
lsac,gradual_global_mag1.0,lr,per_subgroup_ewma[maj_neg],BalAcc,-0.4181293227429476,0.20623685743848702,-0.3820193719965504,0.2078490415073588,20
lsac,gradual_global_mag1.0,lr,per_subgroup_baseline_relative[maj_neg],DI_star,0.49907423332738415,0.16868364706059535,0.5260646094024974,0.11549471094554457,20
lsac,gradual_global_mag1.0,lr,per_subgroup_baseline_relative[maj_neg],AOD_star,0.30053625951085683,0.1893327298269654,0.2689352944165129,0.16778279473723376,20
lsac,gradual_global_mag1.0,lr,per_subgroup_baseline_relative[maj_neg],BalAcc,-0.20685896730903983,0.22937072984794418,-0.21342451317019587,0.20907221999901215,20
lsac,gradual_global_mag1.0,lr,per_subgroup_ewma[maj_pos],DI_star,0.784201404075089,0.08191821505434466,0.7613419905801325,0.09650025985936173,20
lsac,gradual_global_mag1.0,lr,per_subgroup_ewma[maj_pos],AOD_star,0.43172932330827063,0.2410831175990376,0.41870410822264725,0.24184395224069247,20
lsac,gradual_global_mag1.0,lr,per_subgroup_ewma[maj_pos],BalAcc,-0.42790347601213663,0.21863613096248313,-0.3961115292480772,0.21355765095442805,20
lsac,gradual_global_mag1.0,lr,per_subgroup_baseline_relative[maj_pos],DI_star,0.7602148551850101,0.09329891597272229,0.6284258886498126,0.10107090246861435,20
lsac,gradual_global_mag1.0,lr,per_subgroup_baseline_relative[maj_pos],AOD_star,0.4278947368421052,0.23879750146723278,0.3216901515369835,0.23493881175403739,20
lsac,gradual_global_mag1.0,lr,per_subgroup_baseline_relative[maj_pos],BalAcc,-0.3941412775876335,0.2223138220286672,-0.29527351603833,0.21285793432733657,20
lsac,gradual_global_mag1.0,xgb,global_mean,DI_star,0.8306766917293233,0.07412084837576871,0.8315444073268647,0.0693401530253352,20
lsac,gradual_global_mag1.0,xgb,global_mean,AOD_star,0.6271428571428571,0.1374204707329707,0.5343652196427903,0.1675867535624039,20
lsac,gradual_global_mag1.0,xgb,global_mean,BalAcc,-0.7041353383458647,0.11612184987467461,-0.861952054416047,0.13257785109778517,20
lsac,gradual_global_mag1.0,xgb,global_ewma,DI_star,0.8537593984962406,0.06859990669690541,0.8480316858012804,0.07099415110873633,20
lsac,gradual_global_mag1.0,xgb,global_ewma,AOD_star,0.6514285714285715,0.13282511921988638,0.6415468467129436,0.11740731060721003,20
lsac,gradual_global_mag1.0,xgb,global_ewma,BalAcc,-0.7150375939849622,0.10340300567088939,-0.7487558113050246,0.10169611295518204,20
lsac,gradual_global_mag1.0,xgb,global_std,DI_star,0.6003007518796993,0.19683664845937607,0.5687993193525503,0.2441882239374528,20
lsac,gradual_global_mag1.0,xgb,global_std,AOD_star,0.5280451127819549,0.1613115972211669,0.526538636983281,0.15933331607844606,20
lsac,gradual_global_mag1.0,xgb,global_std,BalAcc,-0.43954887218045113,0.2502538029901207,-0.38838316752207913,0.3878315627369437,20
lsac,gradual_global_mag1.0,xgb,subgroup_violation_diff,DI_star,0.012932330827067661,0.19626243648870395,0.07038769173415234,0.502465800116925,20
lsac,gradual_global_mag1.0,xgb,subgroup_violation_diff,AOD_star,-0.02406015037593985,0.22624608623601303,0.009673617934746349,0.24159940997968707,20
lsac,gradual_global_mag1.0,xgb,subgroup_violation_diff,BalAcc,-0.06616541353383458,0.3253184578910394,-0.1391799175261673,0.7975733698724126,20
lsac,gradual_global_mag1.0,xgb,max_subgroup_deviation,DI_star,0.6376691729323308,0.17084022174813285,0.7750193755212356,0.1033488322675224,20
lsac,gradual_global_mag1.0,xgb,max_subgroup_deviation,AOD_star,0.42563909774436093,0.23349634652560414,0.3867355922724157,0.19806927072857053,20
lsac,gradual_global_mag1.0,xgb,max_subgroup_deviation,BalAcc,-0.5993233082706767,0.1418647564958295,-0.9371124844900087,0.05701915793123077,20
lsac,gradual_global_mag1.0,xgb,assignment_proportion_drift,DI_star,0.2745817665506576,0.2446836345760033,0.6255282349900406,0.17264739907832824,20
lsac,gradual_global_mag1.0,xgb,assignment_proportion_drift,AOD_star,0.011384470755205687,0.2825377806807564,0.2047077878590236,0.23890863322406655,20
lsac,gradual_global_mag1.0,xgb,assignment_proportion_drift,BalAcc,-0.39532771963740193,0.1483431935348941,-0.8867287191967957,0.08097949428185383,20
lsac,gradual_global_mag1.0,xgb,ks_statistic,DI_star,0.8557894736842104,0.0697327785938905,0.868236760439574,0.05123561898890621,20
lsac,gradual_global_mag1.0,xgb,ks_statistic,AOD_star,0.6551127819548872,0.138326473796346,0.6488558676536746,0.12966820740194693,20
lsac,gradual_global_mag1.0,xgb,ks_statistic,BalAcc,-0.7167669172932329,0.1034923828104795,-0.7787869547434146,0.028868044075025627,20
lsac,gradual_global_mag1.0,xgb,kl_divergence,DI_star,0.8419548872180449,0.0683009770128357,0.7055398533041278,0.06050865849005442,20
lsac,gradual_global_mag1.0,xgb,kl_divergence,AOD_star,0.6363909774436091,0.12846594626545377,0.6596368394130916,0.1093710372915772,20
lsac,gradual_global_mag1.0,xgb,kl_divergence,BalAcc,-0.7084962406015036,0.10073647621001443,-0.48921821007791877,0.03246149589953095,20
lsac,gradual_global_mag1.0,xgb,per_subgroup_ewma[min_neg],DI_star,0.8498496240601503,0.06414247772055275,0.8512790962709962,0.06807692575448561,20
lsac,gradual_global_mag1.0,xgb,per_subgroup_ewma[min_neg],AOD_star,0.6491729323308271,0.12858602564106014,0.6258109799238503,0.11502102407410196,20
lsac,gradual_global_mag1.0,xgb,per_subgroup_ewma[min_neg],BalAcc,-0.712781954887218,0.10312215782045231,-0.7712958803339058,0.09999030701514638,20
lsac,gradual_global_mag1.0,xgb,per_subgroup_baseline_relative[min_neg],DI_star,0.6989473684210525,0.1311366141770357,0.795677928801828,0.07371995830980048,20
lsac,gradual_global_mag1.0,xgb,per_subgroup_baseline_relative[min_neg],AOD_star,0.48135338345864664,0.16870136447563144,0.47464653255983047,0.18351492124604032,20
lsac,gradual_global_mag1.0,xgb,per_subgroup_baseline_relative[min_neg],BalAcc,-0.6333834586466165,0.14810205604974572,-0.8687731603301379,0.12805734734908897,20
lsac,gradual_global_mag1.0,xgb,per_subgroup_ewma[min_pos],DI_star,0.841203007518797,0.06971413001857449,0.8552875204572846,0.06790432748281618,20
lsac,gradual_global_mag1.0,xgb,per_subgroup_ewma[min_pos],AOD_star,0.6414285714285715,0.1265004691837709,0.5954552146625339,0.15710032602324228,20
lsac,gradual_global_mag1.0,xgb,per_subgroup_ewma[min_pos],BalAcc,-0.7069172932330827,0.10566507587358384,-0.81250043409228,0.08190033146066196,20
lsac,gradual_global_mag1.0,xgb,per_subgroup_baseline_relative[min_pos],DI_star,0.5841052894963094,0.17556494754708593,0.7481876739289073,0.13995414672216275,20
lsac,gradual_global_mag1.0,xgb,per_subgroup_baseline_relative[min_pos],AOD_star,0.37651696440914334,0.23218814109083916,0.3787787319012955,0.20923422920442247,20
lsac,gradual_global_mag1.0,xgb,per_subgroup_baseline_relative[min_pos],BalAcc,-0.5617026225469808,0.15333780806027023,-0.8970058001749498,0.13933996721877612,20
lsac,gradual_global_mag1.0,xgb,per_subgroup_ewma[maj_neg],DI_star,0.8368421052631578,0.06929459715658212,0.8504309578935736,0.06667456498072165,20
lsac,gradual_global_mag1.0,xgb,per_subgroup_ewma[maj_neg],AOD_star,0.6375939849624059,0.13103086710339856,0.5892636824250863,0.14198528649976475,20
lsac,gradual_global_mag1.0,xgb,per_subgroup_ewma[maj_neg],BalAcc,-0.7060902255639097,0.10595527030678208,-0.8080518084019793,0.07010460551105185,20
lsac,gradual_global_mag1.0,xgb,per_subgroup_baseline_relative[maj_neg],DI_star,0.5506727529465677,0.1527304842351618,0.7329823557056051,0.12254034857512935,20
lsac,gradual_global_mag1.0,xgb,per_subgroup_baseline_relative[maj_neg],AOD_star,0.3368947335246456,0.18025005616980133,0.373221079784684,0.1994002606205138,20
lsac,gradual_global_mag1.0,xgb,per_subgroup_baseline_relative[maj_neg],BalAcc,-0.5522354501711686,0.1466316962690184,-0.8737613864338198,0.13075237359840922,20
lsac,gradual_global_mag1.0,xgb,per_subgroup_ewma[maj_pos],DI_star,0.8541353383458645,0.06727873998589831,0.8723347141375696,0.054127856338423444,20
lsac,gradual_global_mag1.0,xgb,per_subgroup_ewma[maj_pos],AOD_star,0.652406015037594,0.130954285220772,0.6286855477278495,0.13155409867344195,20
lsac,gradual_global_mag1.0,xgb,per_subgroup_ewma[maj_pos],BalAcc,-0.7148120300751878,0.10361903440392692,-0.8074466658643324,0.029739283953683866,20
lsac,gradual_global_mag1.0,xgb,per_subgroup_baseline_relative[maj_pos],DI_star,0.8338345864661655,0.07481335246498166,0.8505062061331028,0.0696464090515298,20
lsac,gradual_global_mag1.0,xgb,per_subgroup_baseline_relative[maj_pos],AOD_star,0.6328571428571428,0.13751571379895478,0.490124434343772,0.1569076894244734,20
lsac,gradual_global_mag1.0,xgb,per_subgroup_baseline_relative[maj_pos],BalAcc,-0.6966165413533835,0.10411389263714418,-0.9483815744190254,0.01737289028988282,20
lsac,gradual_global_mag2.0,lr,global_mean,DI_star,0.927218045112782,0.026576155589253955,0.9115809167562728,0.040046298664839795,20
lsac,gradual_global_mag2.0,lr,global_mean,AOD_star,0.8306015037593983,0.07118561768097598,0.8184157903033388,0.0691728909014244,20
lsac,gradual_global_mag2.0,lr,global_mean,BalAcc,-0.8005263157894736,0.06133472184123005,-0.7711253187699102,0.08481444053716437,20
lsac,gradual_global_mag2.0,lr,global_ewma,DI_star,0.925563909774436,0.02666577155676371,0.9375375147441577,0.025821230359344423,20
lsac,gradual_global_mag2.0,lr,global_ewma,AOD_star,0.8287218045112782,0.07220691870624883,0.8622926473524221,0.05908183245710041,20
lsac,gradual_global_mag2.0,lr,global_ewma,BalAcc,-0.8002255639097744,0.06346555034962192,-0.8126013980652331,0.0740732982606369,20
lsac,gradual_global_mag2.0,lr,global_std,DI_star,0.7019548872180451,0.18751741020041793,0.7405024042284212,0.17387205692100396,20
lsac,gradual_global_mag2.0,lr,global_std,AOD_star,0.6184962406015037,0.26439926330003793,0.6349542616135659,0.2509913010696031,20
lsac,gradual_global_mag2.0,lr,global_std,BalAcc,-0.6024060150375938,0.23236970743118052,-0.6218100732011385,0.2338022822994557,20
lsac,gradual_global_mag2.0,lr,subgroup_violation_diff,DI_star,0.4130075187969925,0.2428756598075887,0.4752255467426873,0.2320580371143358,20
lsac,gradual_global_mag2.0,lr,subgroup_violation_diff,AOD_star,0.4106015037593985,0.2838604180846105,0.45648279253400725,0.26676865202732597,20
lsac,gradual_global_mag2.0,lr,subgroup_violation_diff,BalAcc,-0.3701503759398496,0.2991216247549905,-0.40582039058637254,0.28181872471675673,20
lsac,gradual_global_mag2.0,lr,max_subgroup_deviation,DI_star,0.8696992481203007,0.057254096316577914,0.8453117170633819,0.053747147870107516,20
lsac,gradual_global_mag2.0,lr,max_subgroup_deviation,AOD_star,0.7800751879699248,0.0835958703887074,0.7359228103917055,0.09941680904797445,20
lsac,gradual_global_mag2.0,lr,max_subgroup_deviation,BalAcc,-0.7725563909774437,0.06523070985745988,-0.702852867621615,0.10297479969431753,20
lsac,gradual_global_mag2.0,lr,assignment_proportion_drift,DI_star,0.48616947219243434,0.278482261771522,0.6296324507454135,0.1856738704755222,20
lsac,gradual_global_mag2.0,lr,assignment_proportion_drift,AOD_star,0.3833846772842223,0.2714486266033992,0.5200176268975867,0.19219483039587743,20
lsac,gradual_global_mag2.0,lr,assignment_proportion_drift,BalAcc,-0.4097147777624663,0.30914345032738605,-0.49226156354383577,0.23856223644757,20
lsac,gradual_global_mag2.0,lr,ks_statistic,DI_star,0.928796992481203,0.02451761991857729,0.9292815825242423,0.026595030507108194,20
lsac,gradual_global_mag2.0,lr,ks_statistic,AOD_star,0.8312781954887217,0.07063924780002229,0.8216045764228743,0.07741595592361501,20
lsac,gradual_global_mag2.0,lr,ks_statistic,BalAcc,-0.8028571428571428,0.06535370178705832,-0.7799107812770767,0.08595460731350922,20
lsac,gradual_global_mag2.0,lr,kl_divergence,DI_star,0.9276691729323308,0.030284609218924938,0.9235178345144511,0.03327530553294637,20
lsac,gradual_global_mag2.0,lr,kl_divergence,AOD_star,0.8283458646616542,0.07909727979508505,0.8679207488191854,0.055153742997481374,20
lsac,gradual_global_mag2.0,lr,kl_divergence,BalAcc,-0.8039849624060149,0.06610946882979857,-0.8219027797648378,0.06746753580557696,20
lsac,gradual_global_mag2.0,lr,per_subgroup_ewma[min_neg],DI_star,0.9251127819548872,0.028247470878960443,0.9208801144982128,0.02941787742784439,20
lsac,gradual_global_mag2.0,lr,per_subgroup_ewma[min_neg],AOD_star,0.8315037593984961,0.0716750397517946,0.8458049286829791,0.06663296858620989,20
lsac,gradual_global_mag2.0,lr,per_subgroup_ewma[min_neg],BalAcc,-0.8006766917293232,0.06368642973115371,-0.7918383524442489,0.07914653369506724,20
lsac,gradual_global_mag2.0,lr,per_subgroup_baseline_relative[min_neg],DI_star,0.8611278195488721,0.07401380176351993,0.8507676404508322,0.07858307449899318,20
lsac,gradual_global_mag2.0,lr,per_subgroup_baseline_relative[min_neg],AOD_star,0.7687969924812028,0.07230702404830958,0.7668037792738247,0.10666972986678762,20
lsac,gradual_global_mag2.0,lr,per_subgroup_baseline_relative[min_neg],BalAcc,-0.7422556390977444,0.08522004983637937,-0.7219275633424942,0.11177168935731437,20
lsac,gradual_global_mag2.0,lr,per_subgroup_ewma[min_pos],DI_star,0.9252631578947366,0.022060206754032016,0.9286168111410895,0.025312849496414994,20
lsac,gradual_global_mag2.0,lr,per_subgroup_ewma[min_pos],AOD_star,0.8309774436090225,0.0677883662037348,0.8318700245508113,0.06958487180430548,20
lsac,gradual_global_mag2.0,lr,per_subgroup_ewma[min_pos],BalAcc,-0.8078195488721805,0.06377890182626096,-0.7902391790457742,0.08541474042080706,20
lsac,gradual_global_mag2.0,lr,per_subgroup_baseline_relative[min_pos],DI_star,0.8678254645617818,0.0634568591365036,0.8388384371302096,0.05917138042491989,20
lsac,gradual_global_mag2.0,lr,per_subgroup_baseline_relative[min_pos],AOD_star,0.7796595834387324,0.08961369418406218,0.7246113652647319,0.10768881009512474,20
lsac,gradual_global_mag2.0,lr,per_subgroup_baseline_relative[min_pos],BalAcc,-0.7798686561552384,0.06409695569759864,-0.7001308029807964,0.10935285642233522,20
lsac,gradual_global_mag2.0,lr,per_subgroup_ewma[maj_neg],DI_star,0.9251127819548872,0.027726322150967285,0.9294284209166959,0.02741315711225319,20
lsac,gradual_global_mag2.0,lr,per_subgroup_ewma[maj_neg],AOD_star,0.8324812030075186,0.0719975753512885,0.834471623753361,0.06433612080335267,20
lsac,gradual_global_mag2.0,lr,per_subgroup_ewma[maj_neg],BalAcc,-0.8054887218045111,0.06352253314086116,-0.7869779186318109,0.07928927624895706,20
lsac,gradual_global_mag2.0,lr,per_subgroup_baseline_relative[maj_neg],DI_star,0.8553638174336294,0.07143618980243745,0.8297428754935424,0.06387284479315401,20
lsac,gradual_global_mag2.0,lr,per_subgroup_baseline_relative[maj_neg],AOD_star,0.7768789340616881,0.08794684852208394,0.7254382484789607,0.09512498461530611,20
lsac,gradual_global_mag2.0,lr,per_subgroup_baseline_relative[maj_neg],BalAcc,-0.7379379595066948,0.10184626389381765,-0.6720564869796278,0.12085299886301999,20
lsac,gradual_global_mag2.0,lr,per_subgroup_ewma[maj_pos],DI_star,0.9276691729323308,0.025805580362381605,0.9301865642745357,0.029393359826142895,20
lsac,gradual_global_mag2.0,lr,per_subgroup_ewma[maj_pos],AOD_star,0.8307518796992481,0.06874906913785041,0.8374623944460309,0.06903880046561055,20
lsac,gradual_global_mag2.0,lr,per_subgroup_ewma[maj_pos],BalAcc,-0.8021804511278194,0.06532354885789064,-0.7936013046900758,0.08020669536955649,20
lsac,gradual_global_mag2.0,lr,per_subgroup_baseline_relative[maj_pos],DI_star,0.9224812030075187,0.02974052523220932,0.873772860412584,0.042786513872144896,20
lsac,gradual_global_mag2.0,lr,per_subgroup_baseline_relative[maj_pos],AOD_star,0.8273684210526315,0.07387668585239329,0.7666091780070372,0.08934677378599112,20
lsac,gradual_global_mag2.0,lr,per_subgroup_baseline_relative[maj_pos],BalAcc,-0.7930075187969924,0.06997132417009695,-0.7248783553990705,0.10301545032613478,20
lsac,gradual_global_mag2.0,xgb,global_mean,DI_star,0.9338886717781409,0.029401811387101757,0.9073454306421482,0.03568660315571256,20
lsac,gradual_global_mag2.0,xgb,global_mean,AOD_star,0.8818728236952971,0.04572156626243981,0.8395847835111745,0.06732742936286955,20
lsac,gradual_global_mag2.0,xgb,global_mean,BalAcc,-0.8822958864459384,0.052813128384350434,-0.8200841807714996,0.09371025222150499,20
lsac,gradual_global_mag2.0,xgb,global_ewma,DI_star,0.9358441860211439,0.027576412768441673,0.8775265260119223,0.04878707665726031,20
lsac,gradual_global_mag2.0,xgb,global_ewma,AOD_star,0.8838284804095811,0.04440822402551455,0.8697440283431235,0.04744473022064633,20
lsac,gradual_global_mag2.0,xgb,global_ewma,BalAcc,-0.8820706363364564,0.05300589754513787,-0.7186833651877714,0.07926076611349268,20
lsac,gradual_global_mag2.0,xgb,global_std,DI_star,0.7234433458536083,0.1582587575639241,0.7691634182653093,0.07234104925670616,20
lsac,gradual_global_mag2.0,xgb,global_std,AOD_star,0.6971877464820412,0.20407742032407614,0.7477906109500454,0.1543865281651965,20
lsac,gradual_global_mag2.0,xgb,global_std,BalAcc,-0.6735887291871113,0.14173556139929994,-0.6446218608617266,0.18385140369097613,20
lsac,gradual_global_mag2.0,xgb,subgroup_violation_diff,DI_star,0.3963958743521191,0.2429635063365575,0.43828236611110316,0.2561543578762664,20
lsac,gradual_global_mag2.0,xgb,subgroup_violation_diff,AOD_star,0.3687934520783519,0.2830823826598027,0.40284281646835784,0.2260722554643959,20
lsac,gradual_global_mag2.0,xgb,subgroup_violation_diff,BalAcc,-0.37531436222501213,0.23236449830118203,-0.40922479858021876,0.47162087302987726,20
lsac,gradual_global_mag2.0,xgb,max_subgroup_deviation,DI_star,0.8963463208531828,0.06607156958968396,0.9002255511237749,0.0499137104546878,20
lsac,gradual_global_mag2.0,xgb,max_subgroup_deviation,AOD_star,0.8322960524851881,0.09177732014182495,0.7752258456069658,0.10105258798222119,20
lsac,gradual_global_mag2.0,xgb,max_subgroup_deviation,BalAcc,-0.8408445217762406,0.0651005697144439,-0.892089695969274,0.0363184510130215,20
lsac,gradual_global_mag2.0,xgb,assignment_proportion_drift,DI_star,0.499925897959068,0.27889739597667645,0.7484291292111893,0.11416714895426106,20
lsac,gradual_global_mag2.0,xgb,assignment_proportion_drift,AOD_star,0.3849601631961883,0.31036973364829634,0.5471743394020807,0.1966115862880369,20
lsac,gradual_global_mag2.0,xgb,assignment_proportion_drift,BalAcc,-0.5204461226484502,0.25202484617767257,-0.8568921338201626,0.09988217429219598,20
lsac,gradual_global_mag2.0,xgb,ks_statistic,DI_star,0.9368176211822442,0.028517408759089858,0.9338519899674077,0.022402978635156306,20
lsac,gradual_global_mag2.0,xgb,ks_statistic,AOD_star,0.8862301411219182,0.04565794166575636,0.8813814971255691,0.0550022692399236,20
lsac,gradual_global_mag2.0,xgb,ks_statistic,BalAcc,-0.8810932204339107,0.05111272985712532,-0.8148335917754398,0.02000309791500394,20
lsac,gradual_global_mag2.0,xgb,kl_divergence,DI_star,0.934414366332209,0.024764109766555943,0.8186056931295733,0.039700792010318134,20
lsac,gradual_global_mag2.0,xgb,kl_divergence,AOD_star,0.8846158974903628,0.03958717165673782,0.8582468483970567,0.04682716545362691,20
lsac,gradual_global_mag2.0,xgb,kl_divergence,BalAcc,-0.8810560032359014,0.05241811206429764,-0.617366550145177,0.026027363365721812,20
lsac,gradual_global_mag2.0,xgb,per_subgroup_ewma[min_neg],DI_star,0.9359186966759883,0.027329385807954666,0.8705293090773447,0.08363224612462117,20
lsac,gradual_global_mag2.0,xgb,per_subgroup_ewma[min_neg],AOD_star,0.8860835836027631,0.04243959842704412,0.8495157135245689,0.05581457067229881,20
lsac,gradual_global_mag2.0,xgb,per_subgroup_ewma[min_neg],BalAcc,-0.8810941040179422,0.05317156974894306,-0.7289156895687011,0.12971903982118307,20
lsac,gradual_global_mag2.0,xgb,per_subgroup_baseline_relative[min_neg],DI_star,0.8701549582987538,0.07240329059189703,0.8517498175133694,0.052054116906102135,20
lsac,gradual_global_mag2.0,xgb,per_subgroup_baseline_relative[min_neg],AOD_star,0.8118490317715811,0.07759703996999602,0.7670975452970961,0.08460137479063604,20
lsac,gradual_global_mag2.0,xgb,per_subgroup_baseline_relative[min_neg],BalAcc,-0.8210359789066313,0.08168210913410758,-0.7997260547502918,0.14738526912801928,20
lsac,gradual_global_mag2.0,xgb,per_subgroup_ewma[min_pos],DI_star,0.9301959046050854,0.03613073328645359,0.9147740587045226,0.022378106511277487,20
lsac,gradual_global_mag2.0,xgb,per_subgroup_ewma[min_pos],AOD_star,0.8835279502504004,0.04559773038195034,0.8746015907922491,0.058468823703180364,20
lsac,gradual_global_mag2.0,xgb,per_subgroup_ewma[min_pos],BalAcc,-0.8786814253845019,0.054294611040331564,-0.7867656335201713,0.04774221884080478,20
lsac,gradual_global_mag2.0,xgb,per_subgroup_baseline_relative[min_pos],DI_star,0.8862874027579407,0.07688195936697831,0.8997786807677359,0.05494491806033489,20
lsac,gradual_global_mag2.0,xgb,per_subgroup_baseline_relative[min_pos],AOD_star,0.832219820920107,0.09804660523783246,0.7755858219463647,0.10894326471081257,20
lsac,gradual_global_mag2.0,xgb,per_subgroup_baseline_relative[min_pos],BalAcc,-0.8390561260116559,0.07228359983107031,-0.8890112823901012,0.06356990499628325,20
lsac,gradual_global_mag2.0,xgb,per_subgroup_ewma[maj_neg],DI_star,0.9341857911714909,0.028661962855985865,0.9154503829708555,0.024924006245128243,20
lsac,gradual_global_mag2.0,xgb,per_subgroup_ewma[maj_neg],AOD_star,0.8829966707599255,0.049252721920482294,0.8771685343545081,0.05310310539911947,20
lsac,gradual_global_mag2.0,xgb,per_subgroup_ewma[maj_neg],BalAcc,-0.8816956007357538,0.05210057807481846,-0.7848290930207833,0.033554668489886426,20
lsac,gradual_global_mag2.0,xgb,per_subgroup_baseline_relative[maj_neg],DI_star,0.871409282404979,0.05924207583814314,0.8957934480375538,0.04478242205292935,20
lsac,gradual_global_mag2.0,xgb,per_subgroup_baseline_relative[maj_neg],AOD_star,0.8144142434240385,0.08405105839485286,0.7749080918024919,0.09024629212572643,20
lsac,gradual_global_mag2.0,xgb,per_subgroup_baseline_relative[maj_neg],BalAcc,-0.831732275301075,0.06259446179177733,-0.8821634497080337,0.044277173352176784,20
lsac,gradual_global_mag2.0,xgb,per_subgroup_ewma[maj_pos],DI_star,0.9356186806052266,0.0269386555915279,0.904783236547255,0.030248270443338398,20
lsac,gradual_global_mag2.0,xgb,per_subgroup_ewma[maj_pos],AOD_star,0.8841305394278555,0.04490328803092016,0.8738713733888718,0.049967719262060624,20
lsac,gradual_global_mag2.0,xgb,per_subgroup_ewma[maj_pos],BalAcc,-0.8818467741606856,0.054049120052226916,-0.7680280447413341,0.03017524458997308,20
lsac,gradual_global_mag2.0,xgb,per_subgroup_baseline_relative[maj_pos],DI_star,0.9314056274959311,0.026920282826563145,0.9131124833664351,0.032781455996253775,20
lsac,gradual_global_mag2.0,xgb,per_subgroup_baseline_relative[maj_pos],AOD_star,0.8809330739274868,0.047836443698494005,0.8061901338229402,0.07502458865172051,20
lsac,gradual_global_mag2.0,xgb,per_subgroup_baseline_relative[maj_pos],BalAcc,-0.8786112764041324,0.05271127959945961,-0.8766205659306128,0.03859074542401426,20
lsac,abrupt_group_mag0.5,lr,global_mean,DI_star,0.24792957332196064,0.2657788246185845,0.2963540903791795,0.34802575828037646,20
lsac,abrupt_group_mag0.5,lr,global_mean,AOD_star,0.2721804511278195,0.2857728471840655,0.3236846159021337,0.32576469980449485,20
lsac,abrupt_group_mag0.5,lr,global_mean,BalAcc,0.05097744360902255,0.22575675966503508,0.03228570148368963,0.2223872240327963,20
lsac,abrupt_group_mag0.5,lr,global_ewma,DI_star,0.2871101701028799,0.3598549759636267,0.33997316465758465,0.40005265995723177,20
lsac,abrupt_group_mag0.5,lr,global_ewma,AOD_star,0.28759398496240596,0.3656903172176329,0.33153754394216556,0.4054056634814063,20
lsac,abrupt_group_mag0.5,lr,global_ewma,BalAcc,-0.030225563909774433,0.21765269328710948,-0.022240591566188368,0.22367151510912966,20
lsac,abrupt_group_mag0.5,lr,global_std,DI_star,0.1983783537269056,0.2827578673901791,0.2184687283661241,0.32214918016408917,20
lsac,abrupt_group_mag0.5,lr,global_std,AOD_star,0.20909774436090225,0.29705109348350806,0.2351938154989252,0.30597128760470904,20
lsac,abrupt_group_mag0.5,lr,global_std,BalAcc,0.028646616541353382,0.2520313649544402,0.012408773008337095,0.22963987745832473,20
lsac,abrupt_group_mag0.5,lr,subgroup_violation_diff,DI_star,-0.26511405464955196,0.3091649883572219,-0.25097588154299244,0.3574767526176709,20
lsac,abrupt_group_mag0.5,lr,subgroup_violation_diff,AOD_star,-0.29473684210526313,0.2830916433102002,-0.28873779444312947,0.3196135039915025,20
lsac,abrupt_group_mag0.5,lr,subgroup_violation_diff,BalAcc,-0.04962406015037593,0.2706733500211431,-0.024460734165158208,0.2797300734533964,20
lsac,abrupt_group_mag0.5,lr,max_subgroup_deviation,DI_star,0.3245829591845595,0.27089136332910424,0.3423602342107897,0.3196492611660738,20
lsac,abrupt_group_mag0.5,lr,max_subgroup_deviation,AOD_star,0.33157894736842103,0.2679644818565722,0.35714285643751487,0.293807450475137,20
lsac,abrupt_group_mag0.5,lr,max_subgroup_deviation,BalAcc,-0.005187969924812026,0.2787146040596724,-0.024860971657348192,0.26686895064735106,20
lsac,abrupt_group_mag0.5,lr,assignment_proportion_drift,DI_star,0.34597927487656416,0.20082256777548674,0.3481090868697215,0.20663226978296947,20
lsac,abrupt_group_mag0.5,lr,assignment_proportion_drift,AOD_star,0.325033160766543,0.22077990889638427,0.31641584636468945,0.2213061754846863,20
lsac,abrupt_group_mag0.5,lr,assignment_proportion_drift,BalAcc,-0.022787045665877106,0.20575429755846059,-0.028991709086441424,0.18378104205307505,20
lsac,abrupt_group_mag0.5,lr,ks_statistic,DI_star,0.24609913442656312,0.14743838665075534,0.25612365439149676,0.14025977475031345,20
lsac,abrupt_group_mag0.5,lr,ks_statistic,AOD_star,0.18511278195488723,0.16668472587632566,0.19444017739065844,0.167836760848336,20
lsac,abrupt_group_mag0.5,lr,ks_statistic,BalAcc,-0.04872180451127821,0.2647891012348088,-0.047004125555154944,0.2709027256834158,20
lsac,abrupt_group_mag0.5,lr,kl_divergence,DI_star,0.4093679020762953,0.14028295789971837,0.31766227255959456,0.12494546021944455,20
lsac,abrupt_group_mag0.5,lr,kl_divergence,AOD_star,0.361578947368421,0.17437221736995223,0.2774375522471288,0.14226287200542873,20
lsac,abrupt_group_mag0.5,lr,kl_divergence,BalAcc,-0.08210526315789472,0.17916105267947777,-0.11043686697795878,0.22851553065187372,20
lsac,abrupt_group_mag0.5,lr,per_subgroup_ewma[min_neg],DI_star,0.32271146174650095,0.27839471314266995,0.3633969890442982,0.31722535013692993,20
lsac,abrupt_group_mag0.5,lr,per_subgroup_ewma[min_neg],AOD_star,0.3258646616541353,0.29033894703678853,0.3606038390575824,0.31637182281261156,20
lsac,abrupt_group_mag0.5,lr,per_subgroup_ewma[min_neg],BalAcc,-0.03781954887218046,0.21690251575262032,-0.01884583313566792,0.23954955858310606,20
lsac,abrupt_group_mag0.5,lr,per_subgroup_baseline_relative[min_neg],DI_star,0.18383512382613493,0.2059942567358517,0.17943879752382694,0.23133286620382823,20
lsac,abrupt_group_mag0.5,lr,per_subgroup_baseline_relative[min_neg],AOD_star,0.20932330827067663,0.21953733618884075,0.2133164807403804,0.2291281078540882,20
lsac,abrupt_group_mag0.5,lr,per_subgroup_baseline_relative[min_neg],BalAcc,0.06368421052631579,0.20882192729780222,0.07494702220669777,0.22981971911642954,20
lsac,abrupt_group_mag0.5,lr,per_subgroup_ewma[min_pos],DI_star,0.281131920453903,0.3156907072095812,0.307024654309508,0.36964392566046056,20
lsac,abrupt_group_mag0.5,lr,per_subgroup_ewma[min_pos],AOD_star,0.2859398496240601,0.33097579534524146,0.2950205901767886,0.37599094543521777,20
lsac,abrupt_group_mag0.5,lr,per_subgroup_ewma[min_pos],BalAcc,-0.011654135338345872,0.2666360373518948,-0.0011199603119543087,0.24254643576522195,20
lsac,abrupt_group_mag0.5,lr,per_subgroup_baseline_relative[min_pos],DI_star,0.1691992276153767,0.2927508364830556,0.1792888776202984,0.30826943615733,20
lsac,abrupt_group_mag0.5,lr,per_subgroup_baseline_relative[min_pos],AOD_star,0.18962406015037592,0.3062766611777718,0.17908263287701906,0.3139463637438921,20
lsac,abrupt_group_mag0.5,lr,per_subgroup_baseline_relative[min_pos],BalAcc,-0.013308270676691719,0.2643510117304372,-0.05563606189551468,0.26187370686093725,20
lsac,abrupt_group_mag0.5,lr,per_subgroup_ewma[maj_neg],DI_star,0.12146219177796935,0.43359300927452427,0.12815896699803533,0.49188759234823964,20
lsac,abrupt_group_mag0.5,lr,per_subgroup_ewma[maj_neg],AOD_star,0.12872180451127818,0.41405309845707877,0.14076570066276256,0.4683786632753777,20
lsac,abrupt_group_mag0.5,lr,per_subgroup_ewma[maj_neg],BalAcc,-0.005563909774436095,0.2628071131481018,-0.035934603815047934,0.25160142600992064,20
lsac,abrupt_group_mag0.5,lr,per_subgroup_baseline_relative[maj_neg],DI_star,0.10594066980506633,0.25640311434816604,0.09321336504064551,0.2500060702874328,20
lsac,abrupt_group_mag0.5,lr,per_subgroup_baseline_relative[maj_neg],AOD_star,0.1387218045112782,0.22674471631017792,0.14159944282301612,0.22995202668653678,20
lsac,abrupt_group_mag0.5,lr,per_subgroup_baseline_relative[maj_neg],BalAcc,0.0950375939849624,0.24580583785056873,0.06905800923542457,0.24180041520654696,20
lsac,abrupt_group_mag0.5,lr,per_subgroup_ewma[maj_pos],DI_star,0.2296657974635247,0.3821601269539852,0.29946206895338046,0.4442854588941675,20
lsac,abrupt_group_mag0.5,lr,per_subgroup_ewma[maj_pos],AOD_star,0.2380451127819549,0.38200523615816895,0.2934681987664929,0.44135667125021405,20
lsac,abrupt_group_mag0.5,lr,per_subgroup_ewma[maj_pos],BalAcc,0.0019548872180451043,0.24364387572083096,-0.002584480386746351,0.25023824625491575,20
lsac,abrupt_group_mag0.5,lr,per_subgroup_baseline_relative[maj_pos],DI_star,0.27274318719495366,0.31209880500885023,0.30818083551409475,0.36418262031845094,20
lsac,abrupt_group_mag0.5,lr,per_subgroup_baseline_relative[maj_pos],AOD_star,0.3048120300751879,0.29364886658880385,0.3416797075593684,0.3275835977182927,20
lsac,abrupt_group_mag0.5,lr,per_subgroup_baseline_relative[maj_pos],BalAcc,-0.0056390977443608985,0.26534211695451887,0.0006554479718481503,0.2545373200461386,20
lsac,abrupt_group_mag0.5,xgb,global_mean,DI_star,0.27973004025933257,0.36834561389069925,0.46589846387483425,0.42939247595721314,20
lsac,abrupt_group_mag0.5,xgb,global_mean,AOD_star,0.3335338345864662,0.3019111492152363,0.4344566477087158,0.38260017534130636,20
lsac,abrupt_group_mag0.5,xgb,global_mean,BalAcc,-0.33233082706766914,0.3058152716645933,-0.338764503843415,0.32582389713583837,20
lsac,abrupt_group_mag0.5,xgb,global_ewma,DI_star,0.34465195337378246,0.4430460128610021,0.4779768828305815,0.5482173084581853,20
lsac,abrupt_group_mag0.5,xgb,global_ewma,AOD_star,0.34759398496240596,0.45037990006668865,0.433109330230122,0.5209826168537786,20
lsac,abrupt_group_mag0.5,xgb,global_ewma,BalAcc,-0.2750375939849624,0.32880513358868363,-0.28725710718321035,0.35543462560725014,20
lsac,abrupt_group_mag0.5,xgb,global_std,DI_star,0.2745422117450388,0.3263439775586442,0.3974725602143021,0.3502103530656627,20
lsac,abrupt_group_mag0.5,xgb,global_std,AOD_star,0.3006766917293232,0.2583415209662233,0.3529348602003711,0.30030943038752494,20
lsac,abrupt_group_mag0.5,xgb,global_std,BalAcc,-0.293609022556391,0.22904327781100148,-0.3115225832235235,0.2504361748228271,20
lsac,abrupt_group_mag0.5,xgb,subgroup_violation_diff,DI_star,-0.17713864310941158,0.3763716481829863,-0.2721723204939162,0.41691524862061585,20
lsac,abrupt_group_mag0.5,xgb,subgroup_violation_diff,AOD_star,-0.2424812030075188,0.2972608951724814,-0.271422006448982,0.35480240976943955,20
lsac,abrupt_group_mag0.5,xgb,subgroup_violation_diff,BalAcc,0.16315789473684209,0.3239868730716985,0.15939425358782905,0.3503105698519009,20
lsac,abrupt_group_mag0.5,xgb,max_subgroup_deviation,DI_star,0.30041083289368675,0.3206347675556617,0.42373840027884013,0.3664954416673489,20
lsac,abrupt_group_mag0.5,xgb,max_subgroup_deviation,AOD_star,0.3507518796992481,0.2671786817132128,0.38981092331067513,0.33319750059302916,20
lsac,abrupt_group_mag0.5,xgb,max_subgroup_deviation,BalAcc,-0.27954887218045116,0.2671300221866921,-0.2686185801024304,0.29022113355493717,20
lsac,abrupt_group_mag0.5,xgb,assignment_proportion_drift,DI_star,0.2570278621146879,0.22743729285140324,0.35826285288590787,0.2449825354305011,20
lsac,abrupt_group_mag0.5,xgb,assignment_proportion_drift,AOD_star,0.28977860063131927,0.29359256629049924,0.3285161188255,0.2833594998116679,20
lsac,abrupt_group_mag0.5,xgb,assignment_proportion_drift,BalAcc,-0.22874542006783552,0.18833830398223844,-0.2354320059146417,0.1909447351627239,20
lsac,abrupt_group_mag0.5,xgb,ks_statistic,DI_star,0.24966786205709202,0.19166181159652898,0.2764328567775676,0.1801814706253751,20
lsac,abrupt_group_mag0.5,xgb,ks_statistic,AOD_star,0.1385714285714286,0.17218752653157973,0.2138702467431334,0.12614648266092682,20
lsac,abrupt_group_mag0.5,xgb,ks_statistic,BalAcc,-0.23007518796992482,0.19832528523381251,-0.20064914712871812,0.19014005272789528,20
lsac,abrupt_group_mag0.5,xgb,kl_divergence,DI_star,0.44974539744162056,0.1258139553603815,0.4733242219608235,0.09580475064732044,20
lsac,abrupt_group_mag0.5,xgb,kl_divergence,AOD_star,0.44834586466165416,0.1376800544313059,0.4213892797659903,0.1589263542478386,20
lsac,abrupt_group_mag0.5,xgb,kl_divergence,BalAcc,-0.38157894736842096,0.17708443002900476,-0.32095565743763754,0.17255967922353682,20
lsac,abrupt_group_mag0.5,xgb,per_subgroup_ewma[min_neg],DI_star,0.4202170227144687,0.3591469005244143,0.538585635568531,0.4314546730309084,20
lsac,abrupt_group_mag0.5,xgb,per_subgroup_ewma[min_neg],AOD_star,0.38323308270676687,0.35874079405346043,0.4754115761137744,0.3981911861310775,20
lsac,abrupt_group_mag0.5,xgb,per_subgroup_ewma[min_neg],BalAcc,-0.3102255639097744,0.27954320976926306,-0.33036869441308037,0.28656069473559487,20
lsac,abrupt_group_mag0.5,xgb,per_subgroup_baseline_relative[min_neg],DI_star,0.2993183871846396,0.2963455000427091,0.3634439550921556,0.2924640995803567,20
lsac,abrupt_group_mag0.5,xgb,per_subgroup_baseline_relative[min_neg],AOD_star,0.22857142857142856,0.2709397218243031,0.30450255910688806,0.27607021649702146,20
lsac,abrupt_group_mag0.5,xgb,per_subgroup_baseline_relative[min_neg],BalAcc,-0.2702255639097745,0.29951403155175815,-0.27791866575477575,0.3022706601287948,20
lsac,abrupt_group_mag0.5,xgb,per_subgroup_ewma[min_pos],DI_star,0.36021917215434696,0.2946612819363656,0.4683657697421627,0.43151196671633535,20
lsac,abrupt_group_mag0.5,xgb,per_subgroup_ewma[min_pos],AOD_star,0.36293233082706766,0.3714581812190916,0.4261517277460817,0.43757876297881815,20
lsac,abrupt_group_mag0.5,xgb,per_subgroup_ewma[min_pos],BalAcc,-0.323984962406015,0.26252791403501763,-0.3162052368417421,0.27017901084870133,20
lsac,abrupt_group_mag0.5,xgb,per_subgroup_baseline_relative[min_pos],DI_star,0.24214315410494555,0.23839733997146004,0.31557669274478156,0.3118865164372956,20
lsac,abrupt_group_mag0.5,xgb,per_subgroup_baseline_relative[min_pos],AOD_star,0.2969172932330827,0.25736325910401153,0.32213661172153646,0.28828101748403756,20
lsac,abrupt_group_mag0.5,xgb,per_subgroup_baseline_relative[min_pos],BalAcc,-0.29819548872180446,0.24457161533931004,-0.2767340871984132,0.2512595965416285,20
lsac,abrupt_group_mag0.5,xgb,per_subgroup_ewma[maj_neg],DI_star,0.12602213640200396,0.4687537625977735,0.17749754857495992,0.5903520253168238,20
lsac,abrupt_group_mag0.5,xgb,per_subgroup_ewma[maj_neg],AOD_star,0.15706766917293233,0.44057699000296713,0.19889733979549443,0.5228911533339831,20
lsac,abrupt_group_mag0.5,xgb,per_subgroup_ewma[maj_neg],BalAcc,-0.13556390977443608,0.40577444138436813,-0.1170487512266704,0.3976297208952032,20
lsac,abrupt_group_mag0.5,xgb,per_subgroup_baseline_relative[maj_neg],DI_star,0.10375625918273416,0.3139122565638134,0.15822544100852978,0.31718243750990116,20
lsac,abrupt_group_mag0.5,xgb,per_subgroup_baseline_relative[maj_neg],AOD_star,0.14390977443609024,0.22372033574465147,0.1672227957083979,0.2444439351393131,20
lsac,abrupt_group_mag0.5,xgb,per_subgroup_baseline_relative[maj_neg],BalAcc,-0.12233082706766915,0.3106958611588151,-0.10803008696259304,0.3065170219308424,20
lsac,abrupt_group_mag0.5,xgb,per_subgroup_ewma[maj_pos],DI_star,0.20513879441840027,0.48686621037313577,0.34776929700836495,0.602063151104658,20
lsac,abrupt_group_mag0.5,xgb,per_subgroup_ewma[maj_pos],AOD_star,0.31879699248120297,0.4456999277262856,0.3364812254437662,0.5400161685755519,20
lsac,abrupt_group_mag0.5,xgb,per_subgroup_ewma[maj_pos],BalAcc,-0.18601503759398497,0.36864964521013993,-0.20768255315565595,0.3746288190571529,20
lsac,abrupt_group_mag0.5,xgb,per_subgroup_baseline_relative[maj_pos],DI_star,0.23194826920578832,0.37486554840736197,0.3730967233351166,0.4433125463170217,20
lsac,abrupt_group_mag0.5,xgb,per_subgroup_baseline_relative[maj_pos],AOD_star,0.3184962406015037,0.2799233478500924,0.3564469131894293,0.3844608277908085,20
lsac,abrupt_group_mag0.5,xgb,per_subgroup_baseline_relative[maj_pos],BalAcc,-0.23481203007518797,0.2663077971824767,-0.241383176761868,0.297751319200946,20
lsac,abrupt_group_mag1.0,lr,global_mean,DI_star,0.45511278195488714,0.2177063871469533,0.5934629049076328,0.27412529327024543,20
lsac,abrupt_group_mag1.0,lr,global_mean,AOD_star,0.44729323308270674,0.21611145452725208,0.5983168102189309,0.272126375535408,20
lsac,abrupt_group_mag1.0,lr,global_mean,BalAcc,0.031014882042414826,0.22767844599284012,-0.03067449825284609,0.2357731383570037,20
lsac,abrupt_group_mag1.0,lr,global_ewma,DI_star,0.4651127819548873,0.1978904517670311,0.64199090972975,0.23624037417282728,20
lsac,abrupt_group_mag1.0,lr,global_ewma,AOD_star,0.4427819548872181,0.23001398517628174,0.6271501700608674,0.24613572246553336,20
lsac,abrupt_group_mag1.0,lr,global_ewma,BalAcc,-0.06086753228765697,0.22215224397202102,-0.08153292494833143,0.22650442928097902,20
lsac,abrupt_group_mag1.0,lr,global_std,DI_star,0.3879699248120301,0.2417252890833747,0.48802178436142407,0.27854491403846116,20
lsac,abrupt_group_mag1.0,lr,global_std,AOD_star,0.36308270676691734,0.23750044556343225,0.48222867734015534,0.27105647240164105,20
lsac,abrupt_group_mag1.0,lr,global_std,BalAcc,0.009884630232627766,0.26367326327746,-0.03145863749195903,0.2490627233872953,20
lsac,abrupt_group_mag1.0,lr,subgroup_violation_diff,DI_star,-0.1507518796992481,0.342994588925409,-0.16919011088775507,0.3590053751049518,20
lsac,abrupt_group_mag1.0,lr,subgroup_violation_diff,AOD_star,-0.1609774436090225,0.30975088420578745,-0.19174406756445367,0.3352527462633027,20
lsac,abrupt_group_mag1.0,lr,subgroup_violation_diff,BalAcc,-0.006656807997141875,0.2616763974578962,0.019986837168419456,0.30186505476213643,20
lsac,abrupt_group_mag1.0,lr,max_subgroup_deviation,DI_star,0.3971428571428572,0.2589323041909889,0.48366406590083955,0.2674925866401539,20
lsac,abrupt_group_mag1.0,lr,max_subgroup_deviation,AOD_star,0.3950375939849624,0.2570404316080634,0.48861221254433646,0.2589910683586983,20
lsac,abrupt_group_mag1.0,lr,max_subgroup_deviation,BalAcc,-0.0068398709769686514,0.2524336667452568,-0.052342122131560545,0.2463950666387858,20
lsac,abrupt_group_mag1.0,lr,assignment_proportion_drift,DI_star,0.36001436730865993,0.2551854479214575,0.395479162659287,0.2647170604572247,20
lsac,abrupt_group_mag1.0,lr,assignment_proportion_drift,AOD_star,0.33369388300576797,0.2933635213198813,0.38883025247141834,0.26002523960079166,20
lsac,abrupt_group_mag1.0,lr,assignment_proportion_drift,BalAcc,-0.07347414520934781,0.2163430035289472,-0.07612247714069716,0.2009615342667228,20
lsac,abrupt_group_mag1.0,lr,ks_statistic,DI_star,0.5048872180451126,0.12583858570536424,0.5752153276819834,0.11355988164195466,20
lsac,abrupt_group_mag1.0,lr,ks_statistic,AOD_star,0.4925563909774436,0.12458306292174115,0.5505247643149194,0.11328757122774702,20
lsac,abrupt_group_mag1.0,lr,ks_statistic,BalAcc,-0.11815954923990632,0.25301612213497937,-0.15003621819252397,0.2486102144996259,20
lsac,abrupt_group_mag1.0,lr,kl_divergence,DI_star,0.6048120300751879,0.10239994240769482,0.7379996042112706,0.08658625740791506,20
lsac,abrupt_group_mag1.0,lr,kl_divergence,AOD_star,0.5603759398496241,0.09702601856507981,0.7143637427905281,0.08372047590946402,20
lsac,abrupt_group_mag1.0,lr,kl_divergence,BalAcc,-0.15312319966750498,0.19247288837840362,-0.18434856494789753,0.20236452031306695,20
lsac,abrupt_group_mag1.0,lr,per_subgroup_ewma[min_neg],DI_star,0.5098496240601503,0.12430686336712914,0.676237064650085,0.13735230993575578,20
lsac,abrupt_group_mag1.0,lr,per_subgroup_ewma[min_neg],AOD_star,0.4999248120300751,0.12461119361109205,0.6685546103886564,0.13196574189784233,20
lsac,abrupt_group_mag1.0,lr,per_subgroup_ewma[min_neg],BalAcc,-0.08575305340655007,0.2007644818864074,-0.07609776288550726,0.2217770991532607,20
lsac,abrupt_group_mag1.0,lr,per_subgroup_baseline_relative[min_neg],DI_star,0.37781954887218044,0.14752092385397422,0.47190175966090625,0.15048962031979438,20
lsac,abrupt_group_mag1.0,lr,per_subgroup_baseline_relative[min_neg],AOD_star,0.39360902255639096,0.15333102081676558,0.4794630927719427,0.1524512587202976,20
lsac,abrupt_group_mag1.0,lr,per_subgroup_baseline_relative[min_neg],BalAcc,0.052108317625090175,0.20735814615460976,0.02521513326609079,0.22486569382091617,20
lsac,abrupt_group_mag1.0,lr,per_subgroup_ewma[min_pos],DI_star,0.39255639097744355,0.2718185917587516,0.5407269527216132,0.36823445643561764,20
lsac,abrupt_group_mag1.0,lr,per_subgroup_ewma[min_pos],AOD_star,0.36699248120300754,0.31815457864845414,0.5233031643530764,0.38160305921777354,20
lsac,abrupt_group_mag1.0,lr,per_subgroup_ewma[min_pos],BalAcc,-0.09394876838518387,0.24338550375376344,-0.10525875344202953,0.23990866586394557,20
lsac,abrupt_group_mag1.0,lr,per_subgroup_baseline_relative[min_pos],DI_star,0.3145864661654135,0.2813495657645771,0.39828863573468376,0.3155062383796363,20
lsac,abrupt_group_mag1.0,lr,per_subgroup_baseline_relative[min_pos],AOD_star,0.2857894736842105,0.2975660113672858,0.38712038470658344,0.3230973492635851,20
lsac,abrupt_group_mag1.0,lr,per_subgroup_baseline_relative[min_pos],BalAcc,-0.062594988977086,0.25367807643534884,-0.09794852870168222,0.24954749245331467,20
lsac,abrupt_group_mag1.0,lr,per_subgroup_ewma[maj_neg],DI_star,0.2451127819548872,0.41920674869495306,0.3073338692518376,0.5211425174746356,20
lsac,abrupt_group_mag1.0,lr,per_subgroup_ewma[maj_neg],AOD_star,0.22864661654135335,0.4302480001403127,0.31771035867596553,0.5115204547502732,20
lsac,abrupt_group_mag1.0,lr,per_subgroup_ewma[maj_neg],BalAcc,-0.04278588609962697,0.25774684218943067,-0.0569497307910566,0.26633262778610195,20
lsac,abrupt_group_mag1.0,lr,per_subgroup_baseline_relative[maj_neg],DI_star,0.21631578947368418,0.3461588402399099,0.26673769727609226,0.3334507241809603,20
lsac,abrupt_group_mag1.0,lr,per_subgroup_baseline_relative[maj_neg],AOD_star,0.2122556390977443,0.3252549455127935,0.28992218226278205,0.31196677899676534,20
lsac,abrupt_group_mag1.0,lr,per_subgroup_baseline_relative[maj_neg],BalAcc,0.030566016791158862,0.3201374808149407,0.015298656295990486,0.3120908834299723,20
lsac,abrupt_group_mag1.0,lr,per_subgroup_ewma[maj_pos],DI_star,0.2433834586466165,0.40448200553725144,0.315556276099978,0.5251583530136351,20
lsac,abrupt_group_mag1.0,lr,per_subgroup_ewma[maj_pos],AOD_star,0.24285714285714288,0.4091954245489092,0.3150063209319399,0.5246907658596504,20
lsac,abrupt_group_mag1.0,lr,per_subgroup_ewma[maj_pos],BalAcc,-0.0586112992657357,0.2486571438039449,-0.044482056058205086,0.23373589345016396,20
lsac,abrupt_group_mag1.0,lr,per_subgroup_baseline_relative[maj_pos],DI_star,0.2740601503759398,0.3185702396161806,0.32430056756655523,0.35393127324802237,20
lsac,abrupt_group_mag1.0,lr,per_subgroup_baseline_relative[maj_pos],AOD_star,0.2912781954887218,0.2765667010751512,0.3409150813840795,0.32978257547606055,20
lsac,abrupt_group_mag1.0,lr,per_subgroup_baseline_relative[maj_pos],BalAcc,-0.02845716180609913,0.25983007768773736,-0.039502838614257026,0.2628176374043793,20
lsac,abrupt_group_mag1.0,xgb,global_mean,DI_star,0.4552631578947368,0.20468583605267157,0.6316032869571886,0.26852514468595684,20
lsac,abrupt_group_mag1.0,xgb,global_mean,AOD_star,0.2760902255639098,0.19825138691695168,0.276245838385621,0.2541624775302056,20
lsac,abrupt_group_mag1.0,xgb,global_mean,BalAcc,-0.4402761535213692,0.26630723463293643,-0.4668261581170346,0.2707750050615672,20
lsac,abrupt_group_mag1.0,xgb,global_ewma,DI_star,0.5281203007518798,0.17171167758913777,0.7174926851551059,0.23194792268064174,20
lsac,abrupt_group_mag1.0,xgb,global_ewma,AOD_star,0.30736842105263157,0.22084558868214701,0.3360939774629638,0.2275342129704395,20
lsac,abrupt_group_mag1.0,xgb,global_ewma,BalAcc,-0.393548880665614,0.21053663214547594,-0.4454415040419285,0.22772639371134498,20
lsac,abrupt_group_mag1.0,xgb,global_std,DI_star,0.44225563909774435,0.17306428440725752,0.5348115698938809,0.24077889311124673,20
lsac,abrupt_group_mag1.0,xgb,global_std,AOD_star,0.2844360902255639,0.19495257594778131,0.26479315236885564,0.22794786116138382,20
lsac,abrupt_group_mag1.0,xgb,global_std,BalAcc,-0.3699360400252287,0.21779532478775424,-0.39423107562969906,0.24225590682038917,20
lsac,abrupt_group_mag1.0,xgb,subgroup_violation_diff,DI_star,-0.1918045112781955,0.307916714079726,-0.17876916945104662,0.3409783921548104,20
lsac,abrupt_group_mag1.0,xgb,subgroup_violation_diff,AOD_star,-0.10338345864661654,0.26057415828657876,-0.0983633882456229,0.26230741570872884,20
lsac,abrupt_group_mag1.0,xgb,subgroup_violation_diff,BalAcc,0.12549200252853598,0.2737915579688136,0.11038299098280135,0.28896973127057446,20
lsac,abrupt_group_mag1.0,xgb,max_subgroup_deviation,DI_star,0.39030075187969915,0.24706335600919424,0.49539190080374906,0.2679814009732364,20
lsac,abrupt_group_mag1.0,xgb,max_subgroup_deviation,AOD_star,0.2529323308270676,0.19031772857200596,0.23337015803092545,0.20960092473910674,20
lsac,abrupt_group_mag1.0,xgb,max_subgroup_deviation,BalAcc,-0.33515765858154245,0.2227259194568126,-0.3437527288677632,0.25969806547935437,20
lsac,abrupt_group_mag1.0,xgb,assignment_proportion_drift,DI_star,0.2993496106270818,0.30350865523812437,0.37184413331581406,0.27323899034764737,20
lsac,abrupt_group_mag1.0,xgb,assignment_proportion_drift,AOD_star,0.1209220813937644,0.27540386106936504,0.11075601495112686,0.25571572730515374,20
lsac,abrupt_group_mag1.0,xgb,assignment_proportion_drift,BalAcc,-0.2657662611489599,0.21964204419959754,-0.24980855300593766,0.20013452481478594,20
lsac,abrupt_group_mag1.0,xgb,ks_statistic,DI_star,0.41451127819548866,0.13672247518103237,0.5452386220087473,0.1054342214307706,20
lsac,abrupt_group_mag1.0,xgb,ks_statistic,AOD_star,0.1978947368421053,0.22054486205912224,0.18788364131098942,0.22345202081940455,20
lsac,abrupt_group_mag1.0,xgb,ks_statistic,BalAcc,-0.4042186432795402,0.16360568490078312,-0.403633645536407,0.14715698992169884,20
lsac,abrupt_group_mag1.0,xgb,kl_divergence,DI_star,0.5706015037593986,0.11610295909751418,0.734976891379152,0.1025827008089908,20
lsac,abrupt_group_mag1.0,xgb,kl_divergence,AOD_star,0.2940601503759398,0.21022829335519852,0.27993559254673556,0.24425692016750308,20
lsac,abrupt_group_mag1.0,xgb,kl_divergence,BalAcc,-0.5091487016398447,0.15816456463752213,-0.5111424684951376,0.16627692805267277,20
lsac,abrupt_group_mag1.0,xgb,per_subgroup_ewma[min_neg],DI_star,0.5546616541353384,0.13983933586540406,0.7499590303835266,0.14880676628613806,20
lsac,abrupt_group_mag1.0,xgb,per_subgroup_ewma[min_neg],AOD_star,0.3040601503759398,0.23864600063406266,0.32053951781250717,0.2511181470146475,20
lsac,abrupt_group_mag1.0,xgb,per_subgroup_ewma[min_neg],BalAcc,-0.4162178132000637,0.15918180842646423,-0.46476377477761127,0.1583813929309503,20
lsac,abrupt_group_mag1.0,xgb,per_subgroup_baseline_relative[min_neg],DI_star,0.3898496240601504,0.1983730963424197,0.5136801721460005,0.19490413261802153,20
lsac,abrupt_group_mag1.0,xgb,per_subgroup_baseline_relative[min_neg],AOD_star,0.21052631578947367,0.27604820555953535,0.206667620173908,0.26438967068182734,20
lsac,abrupt_group_mag1.0,xgb,per_subgroup_baseline_relative[min_neg],BalAcc,-0.3681690237446328,0.2379139538668642,-0.38496412279900777,0.2560542672193985,20
lsac,abrupt_group_mag1.0,xgb,per_subgroup_ewma[min_pos],DI_star,0.41804511278195483,0.2591008426278477,0.5968717591944451,0.382984423092401,20
lsac,abrupt_group_mag1.0,xgb,per_subgroup_ewma[min_pos],AOD_star,0.22699248120300747,0.2573026259145141,0.25879602160847603,0.2790645287803261,20
lsac,abrupt_group_mag1.0,xgb,per_subgroup_ewma[min_pos],BalAcc,-0.4019315615543798,0.23243100924423213,-0.4243848623400094,0.2581695271491551,20
lsac,abrupt_group_mag1.0,xgb,per_subgroup_baseline_relative[min_pos],DI_star,0.2981954887218045,0.260762069334601,0.4223484026866129,0.3128604087888279,20
lsac,abrupt_group_mag1.0,xgb,per_subgroup_baseline_relative[min_pos],AOD_star,0.168796992481203,0.21604259341815127,0.17088668625669162,0.23295684559491428,20
lsac,abrupt_group_mag1.0,xgb,per_subgroup_baseline_relative[min_pos],BalAcc,-0.3900464038602529,0.2532034937205483,-0.37987225312205636,0.2599950333586159,20
lsac,abrupt_group_mag1.0,xgb,per_subgroup_ewma[maj_neg],DI_star,0.24947368421052635,0.3206781990109928,0.3425417297321763,0.52112209555921,20
lsac,abrupt_group_mag1.0,xgb,per_subgroup_ewma[maj_neg],AOD_star,0.16067669172932328,0.2326954216384848,0.1813223562422185,0.2552841182499592,20
lsac,abrupt_group_mag1.0,xgb,per_subgroup_ewma[maj_neg],BalAcc,-0.22170594108039815,0.40292501419746557,-0.22738984989660813,0.3941520080144405,20
lsac,abrupt_group_mag1.0,xgb,per_subgroup_baseline_relative[maj_neg],DI_star,0.2457894736842105,0.1898441747152116,0.30406896927222443,0.27406065239421273,20
lsac,abrupt_group_mag1.0,xgb,per_subgroup_baseline_relative[maj_neg],AOD_star,0.11225563909774436,0.24499156327302749,0.1225756851690318,0.25971175418152415,20
lsac,abrupt_group_mag1.0,xgb,per_subgroup_baseline_relative[maj_neg],BalAcc,-0.23982004805157597,0.30145054189339404,-0.22330102593730042,0.30627109116117784,20
lsac,abrupt_group_mag1.0,xgb,per_subgroup_ewma[maj_pos],DI_star,0.29082706766917293,0.448927818619528,0.34239163962929636,0.5833786355133326,20
lsac,abrupt_group_mag1.0,xgb,per_subgroup_ewma[maj_pos],AOD_star,0.15015037593984962,0.3030134050436681,0.13863197381303186,0.31509801078648697,20
lsac,abrupt_group_mag1.0,xgb,per_subgroup_ewma[maj_pos],BalAcc,-0.20328570862982534,0.3568020765684982,-0.2349228860870504,0.3777344442911955,20
lsac,abrupt_group_mag1.0,xgb,per_subgroup_baseline_relative[maj_pos],DI_star,0.3045864661654135,0.3036110242107057,0.3325287237705434,0.36042341935373184,20
lsac,abrupt_group_mag1.0,xgb,per_subgroup_baseline_relative[maj_pos],AOD_star,0.19308270676691727,0.21697502522027015,0.1687590651097803,0.2389604612271041,20
lsac,abrupt_group_mag1.0,xgb,per_subgroup_baseline_relative[maj_pos],BalAcc,-0.22008254131687677,0.228468216931848,-0.22960032203015185,0.25532107101815626,20
lsac,abrupt_group_mag2.0,lr,global_mean,DI_star,0.5440341096303232,0.07935706033031568,0.8844122084302228,0.03664224402715667,20
lsac,abrupt_group_mag2.0,lr,global_mean,AOD_star,0.5248872180451128,0.0978304710343735,0.831114935484184,0.054724978095214094,20
lsac,abrupt_group_mag2.0,lr,global_mean,BalAcc,-0.24954887218045113,0.16723229438395812,-0.3558498066058326,0.17045152194287794,20
lsac,abrupt_group_mag2.0,lr,global_ewma,DI_star,0.5377169343335595,0.12878502044375456,0.8413712931716575,0.03217497014986359,20
lsac,abrupt_group_mag2.0,lr,global_ewma,AOD_star,0.5427067669172931,0.11731626918573333,0.8020613991343761,0.046322821855576075,20
lsac,abrupt_group_mag2.0,lr,global_ewma,BalAcc,-0.2874436090225564,0.1678887095746635,-0.3559199603191743,0.17804819031576272,20
lsac,abrupt_group_mag2.0,lr,global_std,DI_star,0.5311030232158166,0.1018398651392175,0.9021263622824479,0.023439378242646122,20
lsac,abrupt_group_mag2.0,lr,global_std,AOD_star,0.5290225563909774,0.09411732033476924,0.8529955358936366,0.04263797710216574,20
lsac,abrupt_group_mag2.0,lr,global_std,BalAcc,-0.30203007518797,0.19548367546985843,-0.3809648533053772,0.17769982210565122,20
lsac,abrupt_group_mag2.0,lr,subgroup_violation_diff,DI_star,-0.400458961962263,0.22226521291132612,-0.5709689510675021,0.3254846901148212,20
lsac,abrupt_group_mag2.0,lr,subgroup_violation_diff,AOD_star,-0.38368421052631574,0.22004592770643713,-0.5402413528442804,0.30256156868741635,20
lsac,abrupt_group_mag2.0,lr,subgroup_violation_diff,BalAcc,0.23533834586466162,0.25739489912318597,0.2546517781047113,0.28042319073269173,20
lsac,abrupt_group_mag2.0,lr,max_subgroup_deviation,DI_star,0.5001970909032428,0.1250328669425837,0.7608851959022068,0.0779215537808263,20
lsac,abrupt_group_mag2.0,lr,max_subgroup_deviation,AOD_star,0.4910526315789473,0.11778427673987997,0.7085821877560404,0.10214871056933993,20
lsac,abrupt_group_mag2.0,lr,max_subgroup_deviation,BalAcc,-0.3341353383458646,0.16882376665263318,-0.39371062633610837,0.16504629379415656,20
lsac,abrupt_group_mag2.0,lr,assignment_proportion_drift,DI_star,0.47675180638324166,0.1902127713293446,0.559110626865506,0.16091026097255484,20
lsac,abrupt_group_mag2.0,lr,assignment_proportion_drift,AOD_star,0.41099229134125126,0.1759370329167225,0.5302425932594642,0.15607561098416514,20
lsac,abrupt_group_mag2.0,lr,assignment_proportion_drift,BalAcc,-0.22628110408607355,0.22562978723447213,-0.2252324199719417,0.2327380809972104,20
lsac,abrupt_group_mag2.0,lr,ks_statistic,DI_star,0.6204255961517979,0.09038402744462913,0.817300888084883,0.05419065838677196,20
lsac,abrupt_group_mag2.0,lr,ks_statistic,AOD_star,0.5862406015037593,0.1031553464250448,0.786113193737141,0.06551831311280937,20
lsac,abrupt_group_mag2.0,lr,ks_statistic,BalAcc,-0.3069172932330827,0.21331127870433209,-0.36121834445401685,0.1812902437087445,20
lsac,abrupt_group_mag2.0,lr,kl_divergence,DI_star,0.5614409307078714,0.10239127505979852,0.9048204833203517,0.023285490427415928,20
lsac,abrupt_group_mag2.0,lr,kl_divergence,AOD_star,0.5333082706766916,0.12013265982104394,0.8563986927699014,0.04048619271658069,20
lsac,abrupt_group_mag2.0,lr,kl_divergence,BalAcc,-0.2955639097744361,0.17044996699559284,-0.3852011613432584,0.1754146374416659,20
lsac,abrupt_group_mag2.0,lr,per_subgroup_ewma[min_neg],DI_star,0.5498975268718974,0.1456749534336783,0.7605855620365769,0.20744216242187682,20
lsac,abrupt_group_mag2.0,lr,per_subgroup_ewma[min_neg],AOD_star,0.571954887218045,0.12456382150217596,0.7318333609410669,0.18514948003216214,20
lsac,abrupt_group_mag2.0,lr,per_subgroup_ewma[min_neg],BalAcc,-0.243984962406015,0.17443536103036594,-0.2746729337321626,0.19364084345292462,20
lsac,abrupt_group_mag2.0,lr,per_subgroup_baseline_relative[min_neg],DI_star,0.4755000063638722,0.11821503761092829,0.6466946923359973,0.18192212789170256,20
lsac,abrupt_group_mag2.0,lr,per_subgroup_baseline_relative[min_neg],AOD_star,0.49511278195488717,0.13294702313934886,0.6235946727547449,0.16790899801555273,20
lsac,abrupt_group_mag2.0,lr,per_subgroup_baseline_relative[min_neg],BalAcc,-0.12172932330827066,0.18955271952265132,-0.14360118989138035,0.2048217508034711,20
lsac,abrupt_group_mag2.0,lr,per_subgroup_ewma[min_pos],DI_star,0.5029437850790506,0.1578977684780384,0.7781602884086862,0.1545297996738403,20
lsac,abrupt_group_mag2.0,lr,per_subgroup_ewma[min_pos],AOD_star,0.5009774436090225,0.14811860233368457,0.7389734373714247,0.15111461058287465,20
lsac,abrupt_group_mag2.0,lr,per_subgroup_ewma[min_pos],BalAcc,-0.28067669172932325,0.2149546477599152,-0.33439744919533154,0.21505268109683226,20
lsac,abrupt_group_mag2.0,lr,per_subgroup_baseline_relative[min_pos],DI_star,0.4274520088073438,0.14274495422408273,0.5962795766692566,0.2406692328471349,20
lsac,abrupt_group_mag2.0,lr,per_subgroup_baseline_relative[min_pos],AOD_star,0.4265413533834586,0.14800558513387732,0.5582865474521601,0.23560942426137918,20
lsac,abrupt_group_mag2.0,lr,per_subgroup_baseline_relative[min_pos],BalAcc,-0.27255639097744355,0.2081019783103341,-0.306061656140673,0.22490021800374493,20
lsac,abrupt_group_mag2.0,lr,per_subgroup_ewma[maj_neg],DI_star,0.534372922149695,0.14050893314504165,0.7959547949873039,0.08196412531589847,20
lsac,abrupt_group_mag2.0,lr,per_subgroup_ewma[maj_neg],AOD_star,0.5310526315789473,0.13397835903493577,0.7636639987532703,0.07956635900492681,20
lsac,abrupt_group_mag2.0,lr,per_subgroup_ewma[maj_neg],BalAcc,-0.28812030075187967,0.1794845037703089,-0.3286052198689178,0.1939567162651479,20
lsac,abrupt_group_mag2.0,lr,per_subgroup_baseline_relative[maj_neg],DI_star,0.5039561217321359,0.12731256549280484,0.6712620225034304,0.1442899117548691,20
lsac,abrupt_group_mag2.0,lr,per_subgroup_baseline_relative[maj_neg],AOD_star,0.47338345864661646,0.11629573924034688,0.6334555275797495,0.13415456685666494,20
lsac,abrupt_group_mag2.0,lr,per_subgroup_baseline_relative[maj_neg],BalAcc,-0.21548872180451123,0.23169565460716335,-0.2590750458062477,0.22642207253841004,20
lsac,abrupt_group_mag2.0,lr,per_subgroup_ewma[maj_pos],DI_star,0.5304998225301983,0.14014077066132755,0.7663806657860289,0.1202091001332903,20
lsac,abrupt_group_mag2.0,lr,per_subgroup_ewma[maj_pos],AOD_star,0.5414285714285714,0.10999408964535808,0.7372961636574402,0.11549587078019374,20
lsac,abrupt_group_mag2.0,lr,per_subgroup_ewma[maj_pos],BalAcc,-0.2930827067669173,0.17596163350779265,-0.33796139194545194,0.1946660824847863,20
lsac,abrupt_group_mag2.0,lr,per_subgroup_baseline_relative[maj_pos],DI_star,0.46628762757029285,0.15439370593183444,0.6668153392390911,0.16989420860112667,20
lsac,abrupt_group_mag2.0,lr,per_subgroup_baseline_relative[maj_pos],AOD_star,0.45248120300751876,0.1595614856862356,0.6342810110523174,0.15738877356192954,20
lsac,abrupt_group_mag2.0,lr,per_subgroup_baseline_relative[maj_pos],BalAcc,-0.25398496240601504,0.22560746446663768,-0.29390681775647925,0.23715255541681976,20
lsac,abrupt_group_mag2.0,xgb,global_mean,DI_star,0.5265105895265304,0.10294614833730381,0.8556969209135703,0.04371062598273994,20
lsac,abrupt_group_mag2.0,xgb,global_mean,AOD_star,-0.2840601503759398,0.26468382511373584,-0.3514509651817216,0.2892981266284481,20
lsac,abrupt_group_mag2.0,xgb,global_mean,BalAcc,-0.5818045112781955,0.11208294659948888,-0.6918598816744795,0.10440762180661887,20
lsac,abrupt_group_mag2.0,xgb,global_ewma,DI_star,0.5994856475403749,0.09766238483722081,0.8235800700559048,0.037377633858938365,20
lsac,abrupt_group_mag2.0,xgb,global_ewma,AOD_star,-0.22954887218045114,0.2652826254940168,-0.2920780857442692,0.2602836579544035,20
lsac,abrupt_group_mag2.0,xgb,global_ewma,BalAcc,-0.49721804511278195,0.1118965495840141,-0.5959849728994049,0.09549302502457382,20
lsac,abrupt_group_mag2.0,xgb,global_std,DI_star,0.532225469164993,0.0912226188538711,0.8741420844957934,0.037845912560245235,20
lsac,abrupt_group_mag2.0,xgb,global_std,AOD_star,-0.27135338345864657,0.2632367121495883,-0.3573199071997855,0.2806775986222067,20
lsac,abrupt_group_mag2.0,xgb,global_std,BalAcc,-0.5742857142857144,0.13264393920548515,-0.6920823801049099,0.09420595901438683,20
lsac,abrupt_group_mag2.0,xgb,subgroup_violation_diff,DI_star,-0.37561458423234184,0.2596196685766866,-0.5419372769021927,0.3275130772454334,20
lsac,abrupt_group_mag2.0,xgb,subgroup_violation_diff,AOD_star,0.1925563909774436,0.28668946164674436,0.17820222024656646,0.31032720445978484,20
lsac,abrupt_group_mag2.0,xgb,subgroup_violation_diff,BalAcc,0.4245112781954886,0.20748724833739596,0.45031384120367335,0.22471909703269294,20
lsac,abrupt_group_mag2.0,xgb,max_subgroup_deviation,DI_star,0.49222744891224945,0.09334001074218086,0.7448428805696303,0.06171721086625582,20
lsac,abrupt_group_mag2.0,xgb,max_subgroup_deviation,AOD_star,-0.27984962406015035,0.202742182488865,-0.29876396769927016,0.21994882922628634,20
lsac,abrupt_group_mag2.0,xgb,max_subgroup_deviation,BalAcc,-0.5309774436090225,0.13415177417090052,-0.5813745276521521,0.12617354098150219,20
lsac,abrupt_group_mag2.0,xgb,assignment_proportion_drift,DI_star,0.4522607395958282,0.17265894294673115,0.5383831684188151,0.1564393579988469,20
lsac,abrupt_group_mag2.0,xgb,assignment_proportion_drift,AOD_star,-0.16248120033281793,0.2818311526132132,-0.19952232804820452,0.24821893808434448,20
lsac,abrupt_group_mag2.0,xgb,assignment_proportion_drift,BalAcc,-0.3824557537032537,0.15345670398636665,-0.40089148542570996,0.15194648239876662,20
lsac,abrupt_group_mag2.0,xgb,ks_statistic,DI_star,0.6512133022045297,0.11192762093749417,0.8085862692655151,0.06705019929397638,20
lsac,abrupt_group_mag2.0,xgb,ks_statistic,AOD_star,-0.18541353383458647,0.24917619937871172,-0.25208638089797825,0.26351069335729976,20
lsac,abrupt_group_mag2.0,xgb,ks_statistic,BalAcc,-0.5540601503759397,0.11378250415107932,-0.6205968188616255,0.1113458064447173,20
lsac,abrupt_group_mag2.0,xgb,kl_divergence,DI_star,0.5253452466979549,0.12268005188346527,0.8766568669941011,0.031728564442403774,20
lsac,abrupt_group_mag2.0,xgb,kl_divergence,AOD_star,-0.3051127819548872,0.2326903804645163,-0.3610141013224455,0.27390821998369774,20
lsac,abrupt_group_mag2.0,xgb,kl_divergence,BalAcc,-0.5842857142857143,0.1122639482443678,-0.6975001092038142,0.09051478079944142,20
lsac,abrupt_group_mag2.0,xgb,per_subgroup_ewma[min_neg],DI_star,0.5867046259625778,0.144030467625068,0.7394813669147807,0.21876972380865908,20
lsac,abrupt_group_mag2.0,xgb,per_subgroup_ewma[min_neg],AOD_star,-0.2206766917293233,0.2541655340872307,-0.2801679957813555,0.2615312346669312,20
lsac,abrupt_group_mag2.0,xgb,per_subgroup_ewma[min_neg],BalAcc,-0.48218045112781943,0.13373593982121754,-0.5455844214807648,0.1648073692062245,20
lsac,abrupt_group_mag2.0,xgb,per_subgroup_baseline_relative[min_neg],DI_star,0.4721114569385966,0.18419098039638843,0.6224871853172235,0.19319544085766877,20
lsac,abrupt_group_mag2.0,xgb,per_subgroup_baseline_relative[min_neg],AOD_star,-0.22924812030075184,0.2884649840706501,-0.2711490524674053,0.29466079513497223,20
lsac,abrupt_group_mag2.0,xgb,per_subgroup_baseline_relative[min_neg],BalAcc,-0.4764661654135338,0.12848502130988115,-0.5077321362117813,0.16314350388181967,20
lsac,abrupt_group_mag2.0,xgb,per_subgroup_ewma[min_pos],DI_star,0.5300097573257632,0.15530239719329222,0.7609958491406841,0.15648637471968033,20
lsac,abrupt_group_mag2.0,xgb,per_subgroup_ewma[min_pos],AOD_star,-0.22624060150375938,0.24584395534890233,-0.27995601488960437,0.2593384297951748,20
lsac,abrupt_group_mag2.0,xgb,per_subgroup_ewma[min_pos],BalAcc,-0.49947368421052635,0.14603298171489995,-0.5592257829547481,0.1431782067653923,20
lsac,abrupt_group_mag2.0,xgb,per_subgroup_baseline_relative[min_pos],DI_star,0.39948095271116724,0.2193543495213479,0.5786351054151028,0.2537105338172751,20
lsac,abrupt_group_mag2.0,xgb,per_subgroup_baseline_relative[min_pos],AOD_star,-0.24924812030075186,0.2819021003218418,-0.2627774850527126,0.27093432866299516,20
lsac,abrupt_group_mag2.0,xgb,per_subgroup_baseline_relative[min_pos],BalAcc,-0.45511278195488714,0.21690929214730023,-0.48969789776592254,0.21869561803739776,20
lsac,abrupt_group_mag2.0,xgb,per_subgroup_ewma[maj_neg],DI_star,0.5806896732149041,0.14886144640098933,0.7728799771031306,0.10984004985766138,20
lsac,abrupt_group_mag2.0,xgb,per_subgroup_ewma[maj_neg],AOD_star,-0.19548872180451127,0.2794100696066072,-0.2660535448100309,0.2649322846232608,20
lsac,abrupt_group_mag2.0,xgb,per_subgroup_ewma[maj_neg],BalAcc,-0.5027067669172933,0.11483160091407284,-0.5718750597676676,0.10647900954283107,20
lsac,abrupt_group_mag2.0,xgb,per_subgroup_baseline_relative[maj_neg],DI_star,0.46764064336159183,0.21649502112736024,0.6433252845051061,0.17015213472013258,20
lsac,abrupt_group_mag2.0,xgb,per_subgroup_baseline_relative[maj_neg],AOD_star,-0.1957142857142857,0.32614710133461505,-0.2041685113002162,0.3048347326888699,20
lsac,abrupt_group_mag2.0,xgb,per_subgroup_baseline_relative[maj_neg],BalAcc,-0.5491729323308271,0.1276510167133495,-0.5592037783860574,0.12232760065271306,20
lsac,abrupt_group_mag2.0,xgb,per_subgroup_ewma[maj_pos],DI_star,0.559787021626355,0.11215672889028924,0.7498240177693744,0.11352213333265589,20
lsac,abrupt_group_mag2.0,xgb,per_subgroup_ewma[maj_pos],AOD_star,-0.21203007518796985,0.24203473497535863,-0.2586710731317947,0.2433172885507797,20
lsac,abrupt_group_mag2.0,xgb,per_subgroup_ewma[maj_pos],BalAcc,-0.47729323308270677,0.11037266185130575,-0.5520550889717835,0.10810485507707106,20
lsac,abrupt_group_mag2.0,xgb,per_subgroup_baseline_relative[maj_pos],DI_star,0.4360254454081324,0.1406101787273198,0.6395516667348911,0.16917580846228103,20
lsac,abrupt_group_mag2.0,xgb,per_subgroup_baseline_relative[maj_pos],AOD_star,-0.23105263157894734,0.23543574577686285,-0.24571539401845874,0.23425709130970612,20
lsac,abrupt_group_mag2.0,xgb,per_subgroup_baseline_relative[maj_pos],BalAcc,-0.4492481203007518,0.17330190975556237,-0.5014828468667019,0.16488680619781895,20
lsac,abrupt_global_mag0.5,lr,global_mean,DI_star,0.43443609022556384,0.2063297634409234,0.6039687106444449,0.16364196647627313,20
lsac,abrupt_global_mag0.5,lr,global_mean,AOD_star,0.08451127819548872,0.2918167452920307,0.1516746237255297,0.27685533744039775,20
lsac,abrupt_global_mag0.5,lr,global_mean,BalAcc,-0.08533834586466164,0.2302573729517296,-0.17152188698840584,0.2586994524364677,20
lsac,abrupt_global_mag0.5,lr,global_ewma,DI_star,0.44616541353383454,0.2132785193963206,0.5231052363609937,0.19914102909393983,20
lsac,abrupt_global_mag0.5,lr,global_ewma,AOD_star,0.11233082706766917,0.28764291686536697,0.12870112018612795,0.2870902314377567,20
lsac,abrupt_global_mag0.5,lr,global_ewma,BalAcc,-0.14308270676691728,0.23614542480034487,-0.16384100043152133,0.24974866324079426,20
lsac,abrupt_global_mag0.5,lr,global_std,DI_star,-0.019849624060150374,0.3636000670551475,0.021055444438677365,0.4415783418719909,20
lsac,abrupt_global_mag0.5,lr,global_std,AOD_star,-0.13729323308270674,0.20892901027827235,-0.11647497008599253,0.20870270833784585,20
lsac,abrupt_global_mag0.5,lr,global_std,BalAcc,0.03984962406015037,0.23683160258369643,0.024062381701580017,0.25516348309026876,20
lsac,abrupt_global_mag0.5,lr,subgroup_violation_diff,DI_star,0.13172932330827064,0.4705025981810648,0.1647047796310357,0.5821893013428991,20
lsac,abrupt_global_mag0.5,lr,subgroup_violation_diff,AOD_star,0.12037593984962405,0.2415013600195418,0.16731929848001859,0.24747006118186796,20
lsac,abrupt_global_mag0.5,lr,subgroup_violation_diff,BalAcc,-0.1298496240601504,0.27436018107657467,-0.10776315283078475,0.29203693833340866,20
lsac,abrupt_global_mag0.5,lr,max_subgroup_deviation,DI_star,0.4269181134140889,0.20298950449147446,0.5696879968825673,0.20597696755920072,20
lsac,abrupt_global_mag0.5,lr,max_subgroup_deviation,AOD_star,0.08416112455254841,0.3032802896911817,0.12699065652016267,0.3082772744623119,20
lsac,abrupt_global_mag0.5,lr,max_subgroup_deviation,BalAcc,-0.12703549121082108,0.2456053453475,-0.17371608788715834,0.25979903490413575,20
lsac,abrupt_global_mag0.5,lr,assignment_proportion_drift,DI_star,0.44872483372116995,0.16573491615460148,0.6046006220770742,0.15893843261667798,20
lsac,abrupt_global_mag0.5,lr,assignment_proportion_drift,AOD_star,0.07162556709954829,0.2577022245577395,0.14856994825005249,0.27136529179023045,20
lsac,abrupt_global_mag0.5,lr,assignment_proportion_drift,BalAcc,-0.15467905144041788,0.272089103636999,-0.17480774093687812,0.26556763619926216,20
lsac,abrupt_global_mag0.5,lr,ks_statistic,DI_star,0.49187969924812025,0.18258816039479334,0.61483210782434,0.15837143512658106,20
lsac,abrupt_global_mag0.5,lr,ks_statistic,AOD_star,0.11992481203007518,0.27918251038084313,0.15587231494340714,0.28042565175597944,20
lsac,abrupt_global_mag0.5,lr,ks_statistic,BalAcc,-0.21766917293233085,0.25665339469116943,-0.1876686545563501,0.26488663495583303,20
lsac,abrupt_global_mag0.5,lr,kl_divergence,DI_star,0.46691729323308273,0.16037613372378468,0.5899849905906823,0.16951300973009853,20
lsac,abrupt_global_mag0.5,lr,kl_divergence,AOD_star,0.09699248120300752,0.2576293599436611,0.13954735830698356,0.2772898568445701,20
lsac,abrupt_global_mag0.5,lr,kl_divergence,BalAcc,-0.15458646616541355,0.2243836792244248,-0.17677222416646785,0.2579175457163975,20
lsac,abrupt_global_mag0.5,lr,per_subgroup_ewma[min_neg],DI_star,0.45180451127819543,0.20932496920523305,0.5252287594808713,0.20030815317902864,20
lsac,abrupt_global_mag0.5,lr,per_subgroup_ewma[min_neg],AOD_star,0.11947368421052632,0.28672377066186655,0.13303119923553114,0.28651529967415557,20
lsac,abrupt_global_mag0.5,lr,per_subgroup_ewma[min_neg],BalAcc,-0.16007518796992481,0.23244709600115268,-0.16466271725233947,0.2511247042984845,20
lsac,abrupt_global_mag0.5,lr,per_subgroup_baseline_relative[min_neg],DI_star,0.47571428571428565,0.16326927004911537,0.6045410131850599,0.16502183925230027,20
lsac,abrupt_global_mag0.5,lr,per_subgroup_baseline_relative[min_neg],AOD_star,0.13203007518796991,0.2242385120429291,0.16422896841587944,0.2707675307615983,20
lsac,abrupt_global_mag0.5,lr,per_subgroup_baseline_relative[min_neg],BalAcc,-0.12481203007518796,0.22754518330909698,-0.1710543670163,0.24840519107180098,20
lsac,abrupt_global_mag0.5,lr,per_subgroup_ewma[min_pos],DI_star,0.4375187969924812,0.22216307197655363,0.506761323817747,0.21573436609664953,20
lsac,abrupt_global_mag0.5,lr,per_subgroup_ewma[min_pos],AOD_star,0.1094736842105263,0.29058904349362774,0.1167821765983686,0.2950833437056978,20
lsac,abrupt_global_mag0.5,lr,per_subgroup_ewma[min_pos],BalAcc,-0.14999999999999997,0.2463463011388611,-0.17725375330280155,0.24519126921221027,20
lsac,abrupt_global_mag0.5,lr,per_subgroup_baseline_relative[min_pos],DI_star,0.39679888865065965,0.2801973598666503,0.5451058447477625,0.2599479006956484,20
lsac,abrupt_global_mag0.5,lr,per_subgroup_baseline_relative[min_pos],AOD_star,0.06648030399292928,0.324616882544301,0.11519357315850938,0.31851664609333363,20
lsac,abrupt_global_mag0.5,lr,per_subgroup_baseline_relative[min_pos],BalAcc,-0.13447189258335032,0.2170969762089833,-0.1814934656445945,0.25362183411940803,20
lsac,abrupt_global_mag0.5,lr,per_subgroup_ewma[maj_neg],DI_star,0.44947368421052636,0.20753835583974872,0.5076101939001139,0.22481515894125997,20
lsac,abrupt_global_mag0.5,lr,per_subgroup_ewma[maj_neg],AOD_star,0.1069172932330827,0.28675154021170063,0.12958027272845415,0.29084246200874125,20
lsac,abrupt_global_mag0.5,lr,per_subgroup_ewma[maj_neg],BalAcc,-0.1618796992481203,0.2457385227460732,-0.16258565672017206,0.24490097027466579,20
lsac,abrupt_global_mag0.5,lr,per_subgroup_baseline_relative[maj_neg],DI_star,0.43914225860349293,0.19603976730172978,0.5486686530498645,0.2181747799029295,20
lsac,abrupt_global_mag0.5,lr,per_subgroup_baseline_relative[maj_neg],AOD_star,0.1379770614580221,0.20059899164388767,0.16373424703021264,0.2541417517287659,20
lsac,abrupt_global_mag0.5,lr,per_subgroup_baseline_relative[maj_neg],BalAcc,-0.08432830054302518,0.23412503154026346,-0.1544528532192848,0.2434309696535703,20
lsac,abrupt_global_mag0.5,lr,per_subgroup_ewma[maj_pos],DI_star,0.4553383458646616,0.2080246640186449,0.5246925596924921,0.1998742355048912,20
lsac,abrupt_global_mag0.5,lr,per_subgroup_ewma[maj_pos],AOD_star,0.12345864661654135,0.2858740748273184,0.1306641734503158,0.2879038860625623,20
lsac,abrupt_global_mag0.5,lr,per_subgroup_ewma[maj_pos],BalAcc,-0.1394736842105263,0.24235399122711368,-0.16582880541589728,0.2507136511371313,20
lsac,abrupt_global_mag0.5,lr,per_subgroup_baseline_relative[maj_pos],DI_star,0.431954887218045,0.1644784746885604,0.6069102033367277,0.15632305364248317,20
lsac,abrupt_global_mag0.5,lr,per_subgroup_baseline_relative[maj_pos],AOD_star,0.08503759398496238,0.30767831405143226,0.15566693861400166,0.27949741511418796,20
lsac,abrupt_global_mag0.5,lr,per_subgroup_baseline_relative[maj_pos],BalAcc,-0.09548872180451128,0.25849466597953663,-0.17262984044629623,0.2601123746688306,20
lsac,abrupt_global_mag0.5,xgb,global_mean,DI_star,0.5524060150375939,0.12499784610049991,0.8740743785356345,0.05008385860926386,20
lsac,abrupt_global_mag0.5,xgb,global_mean,AOD_star,0.28751879699248123,0.23946611808021262,0.36862332349191285,0.2534506274052312,20
lsac,abrupt_global_mag0.5,xgb,global_mean,BalAcc,-0.5580538519519863,0.10655351804349264,-0.9780554496033845,0.009848153710152853,20
lsac,abrupt_global_mag0.5,xgb,global_ewma,DI_star,0.5152631578947366,0.09897921534250208,0.7331311040670718,0.08190252286158861,20
lsac,abrupt_global_mag0.5,xgb,global_ewma,AOD_star,0.22466165413533828,0.2264880317754322,0.28000559783858725,0.25271054647809227,20
lsac,abrupt_global_mag0.5,xgb,global_ewma,BalAcc,-0.5479783245968173,0.09544890081208916,-0.8379612614626133,0.022308653526099606,20
lsac,abrupt_global_mag0.5,xgb,global_std,DI_star,0.07503759398496239,0.4312822589756242,0.1300162903687828,0.6199809834504986,20
lsac,abrupt_global_mag0.5,xgb,global_std,AOD_star,0.007067669172932325,0.3118465263207073,-0.009551484272140939,0.3552731007902533,20
lsac,abrupt_global_mag0.5,xgb,global_std,BalAcc,-0.0809711932641134,0.4764163067736489,-0.16926277175312254,0.6875837912358289,20
lsac,abrupt_global_mag0.5,xgb,subgroup_violation_diff,DI_star,0.13751879699248115,0.5980673407459516,0.16123644441356416,0.8340257429631946,20
lsac,abrupt_global_mag0.5,xgb,subgroup_violation_diff,AOD_star,0.12142857142857144,0.38198563460398943,0.1337489694111636,0.4191558110494272,20
lsac,abrupt_global_mag0.5,xgb,subgroup_violation_diff,BalAcc,-0.09741649355700058,0.562610279163588,-0.1703213795160927,0.9306182108227419,20
lsac,abrupt_global_mag0.5,xgb,max_subgroup_deviation,DI_star,0.5718192745363068,0.14300616724442394,0.8494152386117559,0.08967675017783645,20
lsac,abrupt_global_mag0.5,xgb,max_subgroup_deviation,AOD_star,0.31677367671600815,0.21320279173339923,0.3503942512423336,0.25193417876187135,20
lsac,abrupt_global_mag0.5,xgb,max_subgroup_deviation,BalAcc,-0.5627361237408938,0.11975693569645607,-0.9555898570575925,0.044722902705116974,20
lsac,abrupt_global_mag0.5,xgb,assignment_proportion_drift,DI_star,0.542515612497464,0.13447536574994814,0.871151490765353,0.05072163618386199,20
lsac,abrupt_global_mag0.5,xgb,assignment_proportion_drift,AOD_star,0.27601853508452046,0.22714310983936273,0.3683993890768456,0.25540497364650927,20
lsac,abrupt_global_mag0.5,xgb,assignment_proportion_drift,BalAcc,-0.5575015610182275,0.08229165295180658,-0.972556546420593,0.011996978320481924,20
lsac,abrupt_global_mag0.5,xgb,ks_statistic,DI_star,0.5703007518796992,0.10173671402280084,0.8754176639764772,0.05104860309654297,20
lsac,abrupt_global_mag0.5,xgb,ks_statistic,AOD_star,0.2878947368421052,0.20148045819714794,0.3672497564408472,0.2508848400278387,20
lsac,abrupt_global_mag0.5,xgb,ks_statistic,BalAcc,-0.6401987312652552,0.10271998243316678,-0.9799123886045727,0.005978050809773527,20
lsac,abrupt_global_mag0.5,xgb,kl_divergence,DI_star,0.5405263157894736,0.11173698857523842,0.8498035329141048,0.03738264879234743,20
lsac,abrupt_global_mag0.5,xgb,kl_divergence,AOD_star,0.24962406015037591,0.22986427012152358,0.35041252707964066,0.24808879660601713,20
lsac,abrupt_global_mag0.5,xgb,kl_divergence,BalAcc,-0.5819654364427107,0.11755517799464596,-0.9525653727670512,0.02131301824866327,20
lsac,abrupt_global_mag0.5,xgb,per_subgroup_ewma[min_neg],DI_star,0.5137593984962405,0.09851205176429895,0.7337009236793124,0.08499368902673453,20
lsac,abrupt_global_mag0.5,xgb,per_subgroup_ewma[min_neg],AOD_star,0.21661654135338343,0.23069133429328648,0.2800338629315805,0.25300874638731746,20
lsac,abrupt_global_mag0.5,xgb,per_subgroup_ewma[min_neg],BalAcc,-0.5458733159778556,0.10184731105773516,-0.8385790713136169,0.02849473306674236,20
lsac,abrupt_global_mag0.5,xgb,per_subgroup_baseline_relative[min_neg],DI_star,0.5729323308270675,0.10835940391160236,0.8645781039573925,0.05687558094832023,20
lsac,abrupt_global_mag0.5,xgb,per_subgroup_baseline_relative[min_neg],AOD_star,0.3203007518796992,0.25344257582157564,0.36713243604089296,0.26093803750879274,20
lsac,abrupt_global_mag0.5,xgb,per_subgroup_baseline_relative[min_neg],BalAcc,-0.5477199605186513,0.11007434577015954,-0.9666904873476989,0.015254338368557456,20
lsac,abrupt_global_mag0.5,xgb,per_subgroup_ewma[min_pos],DI_star,0.5124812030075188,0.10303616307729202,0.7147672264568075,0.09231529720971979,20
lsac,abrupt_global_mag0.5,xgb,per_subgroup_ewma[min_pos],AOD_star,0.2239097744360902,0.22452487507236085,0.26499050919263567,0.25327220006667733,20
lsac,abrupt_global_mag0.5,xgb,per_subgroup_ewma[min_pos],BalAcc,-0.5481285591261488,0.10264801167629488,-0.821416198624257,0.048234409697688066,20
lsac,abrupt_global_mag0.5,xgb,per_subgroup_baseline_relative[min_pos],DI_star,0.5174246626849847,0.2302864117211913,0.812386059989436,0.17112056799523895,20
lsac,abrupt_global_mag0.5,xgb,per_subgroup_baseline_relative[min_pos],AOD_star,0.27739445292958076,0.245767499994104,0.3274612409531099,0.2707601856816171,20
lsac,abrupt_global_mag0.5,xgb,per_subgroup_baseline_relative[min_pos],BalAcc,-0.5200619095527724,0.13683371936972083,-0.9216337882982316,0.13109380622062297,20
lsac,abrupt_global_mag0.5,xgb,per_subgroup_ewma[maj_neg],DI_star,0.4842105263157895,0.11684026667542505,0.7039744439735841,0.13013675098186803,20
lsac,abrupt_global_mag0.5,xgb,per_subgroup_ewma[maj_neg],AOD_star,0.20240601503759398,0.22870860545326682,0.2651350681737263,0.25681388361996976,20
lsac,abrupt_global_mag0.5,xgb,per_subgroup_ewma[maj_neg],BalAcc,-0.5532413127989323,0.10707726598017274,-0.8072424026456775,0.1159046008996225,20
lsac,abrupt_global_mag0.5,xgb,per_subgroup_baseline_relative[maj_neg],DI_star,0.4882166674745445,0.19960978323655845,0.7753569792103644,0.19263108116979605,20
lsac,abrupt_global_mag0.5,xgb,per_subgroup_baseline_relative[maj_neg],AOD_star,0.248729052965538,0.21487263317409583,0.32341716523058545,0.26294538455692756,20
lsac,abrupt_global_mag0.5,xgb,per_subgroup_baseline_relative[maj_neg],BalAcc,-0.5536602289810981,0.1938334742178852,-0.8750105184696014,0.19551600521255996,20
lsac,abrupt_global_mag0.5,xgb,per_subgroup_ewma[maj_pos],DI_star,0.515563909774436,0.09773079720812244,0.7315480852427456,0.07826848034305312,20
lsac,abrupt_global_mag0.5,xgb,per_subgroup_ewma[maj_pos],AOD_star,0.22488721804511277,0.21268574301360263,0.27731989043872207,0.24937418923200458,20
lsac,abrupt_global_mag0.5,xgb,per_subgroup_ewma[maj_pos],BalAcc,-0.5472265297438803,0.09274513986132235,-0.836549565186707,0.023480041615668794,20
lsac,abrupt_global_mag0.5,xgb,per_subgroup_baseline_relative[maj_pos],DI_star,0.49751879699248114,0.09216496453947949,0.8731625450549112,0.045563798920028015,20
lsac,abrupt_global_mag0.5,xgb,per_subgroup_baseline_relative[maj_pos],AOD_star,0.23601503759398496,0.16836429964847616,0.366304034754771,0.24198067914640803,20
lsac,abrupt_global_mag0.5,xgb,per_subgroup_baseline_relative[maj_pos],BalAcc,-0.5538807923516929,0.1264059511519276,-0.9765751379752723,0.008520346752939523,20
lsac,abrupt_global_mag1.0,lr,global_mean,DI_star,0.572406015037594,0.11667784875975207,0.8747319435902888,0.05003607522885868,20
lsac,abrupt_global_mag1.0,lr,global_mean,AOD_star,0.45578947368421047,0.1704529022066039,0.6266340459229122,0.16864269524441472,20
lsac,abrupt_global_mag1.0,lr,global_mean,BalAcc,-0.4373684210526315,0.1342228675271936,-0.5951394530451001,0.17060508207158775,20
lsac,abrupt_global_mag1.0,lr,global_ewma,DI_star,0.5169172932330827,0.09974570527631549,0.7215398266039527,0.08363731149144078,20
lsac,abrupt_global_mag1.0,lr,global_ewma,AOD_star,0.40518796992481204,0.17777048711974344,0.4901335118696945,0.19442377513744163,20
lsac,abrupt_global_mag1.0,lr,global_ewma,BalAcc,-0.3993984962406015,0.2014484269220472,-0.49697762101164616,0.18626203830974364,20
lsac,abrupt_global_mag1.0,lr,global_std,DI_star,0.5577443609022557,0.11037829585078489,0.8296057054655576,0.06681200589740735,20
lsac,abrupt_global_mag1.0,lr,global_std,AOD_star,0.4651127819548872,0.14057785977869405,0.5870089269249514,0.1565275861319133,20
lsac,abrupt_global_mag1.0,lr,global_std,BalAcc,-0.38654135338345863,0.1560127547618112,-0.5773930287710718,0.15219994476224205,20
lsac,abrupt_global_mag1.0,lr,subgroup_violation_diff,DI_star,0.17300751879699247,0.5350815627708958,0.18160273548980038,0.7506404854919497,20
lsac,abrupt_global_mag1.0,lr,subgroup_violation_diff,AOD_star,0.18684210526315786,0.444844431148203,0.20503867801488335,0.5347575964575387,20
lsac,abrupt_global_mag1.0,lr,subgroup_violation_diff,BalAcc,-0.14353383458646612,0.4469375507709172,-0.15349902883637306,0.5215722489588018,20
lsac,abrupt_global_mag1.0,lr,max_subgroup_deviation,DI_star,0.6124812030075186,0.08847308069833285,0.8756161728631522,0.04840991911330161,20
lsac,abrupt_global_mag1.0,lr,max_subgroup_deviation,AOD_star,0.5034586466165413,0.19163382554613864,0.6290999183701491,0.17052197111544473,20
lsac,abrupt_global_mag1.0,lr,max_subgroup_deviation,BalAcc,-0.4403007518796991,0.14927006902868947,-0.5951263653870111,0.17052395656633262,20
lsac,abrupt_global_mag1.0,lr,assignment_proportion_drift,DI_star,0.6151344463487041,0.12731286208888443,0.8539654431835733,0.09001614158191573,20
lsac,abrupt_global_mag1.0,lr,assignment_proportion_drift,AOD_star,0.4800077504496027,0.20769611338086294,0.6090257743727135,0.18988035183450855,20
lsac,abrupt_global_mag1.0,lr,assignment_proportion_drift,BalAcc,-0.4802779776275348,0.20988333665137673,-0.5825170437174452,0.2021858541162636,20
lsac,abrupt_global_mag1.0,lr,ks_statistic,DI_star,0.6060902255639096,0.10444632048498703,0.8778151517095397,0.04910375792628854,20
lsac,abrupt_global_mag1.0,lr,ks_statistic,AOD_star,0.4764661654135338,0.20399274987975677,0.6299650595634244,0.17134401957440826,20
lsac,abrupt_global_mag1.0,lr,ks_statistic,BalAcc,-0.48338345864661647,0.14445835917772984,-0.5991575823310934,0.17113236989037933,20
lsac,abrupt_global_mag1.0,lr,kl_divergence,DI_star,0.5873684210526315,0.11842370208278563,0.8737249533063904,0.050689713086570796,20
lsac,abrupt_global_mag1.0,lr,kl_divergence,AOD_star,0.46609022556390967,0.1512444655142504,0.6280083759638447,0.16326991347387287,20
lsac,abrupt_global_mag1.0,lr,kl_divergence,BalAcc,-0.41887218045112773,0.13244994211839442,-0.5945356058651396,0.1650629907748916,20
lsac,abrupt_global_mag1.0,lr,per_subgroup_ewma[min_neg],DI_star,0.5195488721804511,0.10281635299015282,0.7168715471948338,0.08535593643976569,20
lsac,abrupt_global_mag1.0,lr,per_subgroup_ewma[min_neg],AOD_star,0.4041353383458646,0.18096910308115663,0.48689337931994486,0.1957543974978983,20
lsac,abrupt_global_mag1.0,lr,per_subgroup_ewma[min_neg],BalAcc,-0.4090225563909774,0.19133587818950337,-0.4950999325695489,0.1857587955621858,20
lsac,abrupt_global_mag1.0,lr,per_subgroup_baseline_relative[min_neg],DI_star,0.592330827067669,0.12129094367783576,0.8678810068965888,0.051061069026319544,20
lsac,abrupt_global_mag1.0,lr,per_subgroup_baseline_relative[min_neg],AOD_star,0.4537593984962404,0.18976637793742263,0.6192891564882915,0.17138522648409787,20
lsac,abrupt_global_mag1.0,lr,per_subgroup_baseline_relative[min_neg],BalAcc,-0.4797744360902255,0.16087588498680158,-0.6021498330765804,0.17078500933151938,20
lsac,abrupt_global_mag1.0,lr,per_subgroup_ewma[min_pos],DI_star,0.5184210526315788,0.10220020058439812,0.7222284357769123,0.08333633376991534,20
lsac,abrupt_global_mag1.0,lr,per_subgroup_ewma[min_pos],AOD_star,0.4047368421052632,0.18696409082755572,0.4909209619012905,0.19469196616005777,20
lsac,abrupt_global_mag1.0,lr,per_subgroup_ewma[min_pos],BalAcc,-0.4027067669172932,0.19890911719750506,-0.49749705517940973,0.1855797633581331,20
lsac,abrupt_global_mag1.0,lr,per_subgroup_baseline_relative[min_pos],DI_star,0.6027819548872181,0.08208828902731613,0.8749819817902301,0.04849598666075135,20
lsac,abrupt_global_mag1.0,lr,per_subgroup_baseline_relative[min_pos],AOD_star,0.4967669172932331,0.18611370703222455,0.6282702234787936,0.16906025614925843,20
lsac,abrupt_global_mag1.0,lr,per_subgroup_baseline_relative[min_pos],BalAcc,-0.42488721804511276,0.13470988166757883,-0.595467904942596,0.17108505526882783,20
lsac,abrupt_global_mag1.0,lr,per_subgroup_ewma[maj_neg],DI_star,0.5246616541353382,0.10274969104909562,0.719718301961332,0.08757796661064754,20
lsac,abrupt_global_mag1.0,lr,per_subgroup_ewma[maj_neg],AOD_star,0.4119548872180451,0.17856056951549332,0.48849786957068747,0.19739692896208655,20
lsac,abrupt_global_mag1.0,lr,per_subgroup_ewma[maj_neg],BalAcc,-0.40812030075187966,0.20219631855014306,-0.49848140235156196,0.18860005899859567,20
lsac,abrupt_global_mag1.0,lr,per_subgroup_baseline_relative[maj_neg],DI_star,0.5243609022556391,0.10199446966015989,0.8596932568309334,0.05862204396832749,20
lsac,abrupt_global_mag1.0,lr,per_subgroup_baseline_relative[maj_neg],AOD_star,0.4253383458646616,0.14522164680311667,0.618117625719604,0.16519663500637016,20
lsac,abrupt_global_mag1.0,lr,per_subgroup_baseline_relative[maj_neg],BalAcc,-0.406766917293233,0.14483748087939208,-0.5844664625168641,0.17080504977159286,20
lsac,abrupt_global_mag1.0,lr,per_subgroup_ewma[maj_pos],DI_star,0.5198496240601503,0.10081930187135021,0.7214758929429478,0.08226006741226616,20
lsac,abrupt_global_mag1.0,lr,per_subgroup_ewma[maj_pos],AOD_star,0.4072180451127819,0.17347257880827874,0.49047591755953224,0.19226663921024012,20
lsac,abrupt_global_mag1.0,lr,per_subgroup_ewma[maj_pos],BalAcc,-0.4022556390977443,0.1997428954022312,-0.49575743698924385,0.18710682016386554,20
lsac,abrupt_global_mag1.0,lr,per_subgroup_baseline_relative[maj_pos],DI_star,0.5521804511278195,0.07090923191027891,0.8708956371058338,0.04839146485732168,20
lsac,abrupt_global_mag1.0,lr,per_subgroup_baseline_relative[maj_pos],AOD_star,0.448796992481203,0.13464691799825515,0.6245828001075803,0.16702410389339387,20
lsac,abrupt_global_mag1.0,lr,per_subgroup_baseline_relative[maj_pos],BalAcc,-0.42518796992481195,0.14300575965648743,-0.5899715002897946,0.17039226282852118,20
lsac,abrupt_global_mag1.0,xgb,global_mean,DI_star,0.5609022556390977,0.1203637053327221,0.9523000658072366,0.01819243239079922,20
lsac,abrupt_global_mag1.0,xgb,global_mean,AOD_star,0.5536842105263158,0.12266621768461451,0.8230913242609146,0.07951407956319019,20
lsac,abrupt_global_mag1.0,xgb,global_mean,BalAcc,-0.5825440953342065,0.13625982953248109,-0.9897501545897966,0.004796313209809837,20
lsac,abrupt_global_mag1.0,xgb,global_ewma,DI_star,0.5310526315789473,0.06654925402313018,0.7993765965534045,0.02893553634218166,20
lsac,abrupt_global_mag1.0,xgb,global_ewma,AOD_star,0.4928571428571429,0.10167001143988215,0.6726883079007013,0.08357700948186358,20
lsac,abrupt_global_mag1.0,xgb,global_ewma,BalAcc,-0.5352800988748301,0.10911352871980633,-0.841086192566815,0.013888405430945662,20
lsac,abrupt_global_mag1.0,xgb,global_std,DI_star,0.5645864661654134,0.09947283173555917,0.9021448814782931,0.05430719389181105,20
lsac,abrupt_global_mag1.0,xgb,global_std,AOD_star,0.5499999999999998,0.11337076872007573,0.7756436236717025,0.0938706275718776,20
lsac,abrupt_global_mag1.0,xgb,global_std,BalAcc,-0.5707343801489372,0.07802631057289922,-0.9428390902762918,0.04524781729840755,20
lsac,abrupt_global_mag1.0,xgb,subgroup_violation_diff,DI_star,0.1142105263157895,0.5729140713053453,0.1716110777016117,0.8279965431582317,20
lsac,abrupt_global_mag1.0,xgb,subgroup_violation_diff,AOD_star,0.10518796992481202,0.5713977979446174,0.16447679940153206,0.7284590387387209,20
lsac,abrupt_global_mag1.0,xgb,subgroup_violation_diff,BalAcc,-0.08305086819004996,0.514862520279206,-0.1790265622708906,0.8601249623573016,20
lsac,abrupt_global_mag1.0,xgb,max_subgroup_deviation,DI_star,0.5742105263157894,0.10950246977576314,0.9507000453195147,0.019788623716950553,20
lsac,abrupt_global_mag1.0,xgb,max_subgroup_deviation,AOD_star,0.569924812030075,0.1361819987159334,0.8215547056325212,0.08503182715091291,20
lsac,abrupt_global_mag1.0,xgb,max_subgroup_deviation,BalAcc,-0.5642360933374994,0.10155582050930063,-0.9880753479886272,0.003922825692504111,20
lsac,abrupt_global_mag1.0,xgb,assignment_proportion_drift,DI_star,0.6064561283730868,0.10730248139277236,0.9273741890992445,0.07032676258065047,20
lsac,abrupt_global_mag1.0,xgb,assignment_proportion_drift,AOD_star,0.5776766312656292,0.10506137906654674,0.8026080582242286,0.09958435461245345,20
lsac,abrupt_global_mag1.0,xgb,assignment_proportion_drift,BalAcc,-0.5554603305935581,0.14151057196207772,-0.9599713191288878,0.07246665538611533,20
lsac,abrupt_global_mag1.0,xgb,ks_statistic,DI_star,0.5918796992481202,0.10672391382181452,0.95339833952482,0.017938761790617635,20
lsac,abrupt_global_mag1.0,xgb,ks_statistic,AOD_star,0.5834586466165413,0.12964377150689052,0.8250072100747092,0.08048959070148232,20
lsac,abrupt_global_mag1.0,xgb,ks_statistic,BalAcc,-0.6033696357697815,0.11378071732411053,-0.9898635400720585,0.003795879218934971,20
lsac,abrupt_global_mag1.0,xgb,kl_divergence,DI_star,0.6038345864661653,0.09525514621140306,0.9482861650195481,0.016822104117895784,20
lsac,abrupt_global_mag1.0,xgb,kl_divergence,AOD_star,0.5957894736842104,0.09699259777343344,0.8231877780527428,0.07836708612667681,20
lsac,abrupt_global_mag1.0,xgb,kl_divergence,BalAcc,-0.5729938938948831,0.1114355691464889,-0.9830191540663951,0.006559187849309573,20
lsac,abrupt_global_mag1.0,xgb,per_subgroup_ewma[min_neg],DI_star,0.528796992481203,0.06063950561325382,0.792587172261245,0.029423995354057868,20
lsac,abrupt_global_mag1.0,xgb,per_subgroup_ewma[min_neg],AOD_star,0.4912781954887218,0.09897330372902263,0.6651285149901611,0.08391056978610223,20
lsac,abrupt_global_mag1.0,xgb,per_subgroup_ewma[min_neg],BalAcc,-0.5352055613932893,0.11288054075992679,-0.8345049889112064,0.01659037158797689,20
lsac,abrupt_global_mag1.0,xgb,per_subgroup_baseline_relative[min_neg],DI_star,0.5193233082706767,0.1154974101916636,0.9369510425063006,0.02416668969645839,20
lsac,abrupt_global_mag1.0,xgb,per_subgroup_baseline_relative[min_neg],AOD_star,0.48887218045112785,0.11126183582242921,0.8024666343996815,0.08390359654961724,20
lsac,abrupt_global_mag1.0,xgb,per_subgroup_baseline_relative[min_neg],BalAcc,-0.5378780574728005,0.11957092505665103,-0.977174154256265,0.009068183011694078,20
lsac,abrupt_global_mag1.0,xgb,per_subgroup_ewma[min_pos],DI_star,0.5301503759398496,0.06754956011674411,0.7994411594397355,0.02889696877602443,20
lsac,abrupt_global_mag1.0,xgb,per_subgroup_ewma[min_pos],AOD_star,0.49533834586466163,0.10360825866999085,0.6726042257994849,0.08424025185555407,20
lsac,abrupt_global_mag1.0,xgb,per_subgroup_ewma[min_pos],BalAcc,-0.5365583509277592,0.1088793408121499,-0.8415323678722328,0.012918631232874286,20
lsac,abrupt_global_mag1.0,xgb,per_subgroup_baseline_relative[min_pos],DI_star,0.5778195488721805,0.11468753559744162,0.9507732786020258,0.019723784321140653,20
lsac,abrupt_global_mag1.0,xgb,per_subgroup_baseline_relative[min_pos],AOD_star,0.5766917293233081,0.14551426792875202,0.8217718140120717,0.08491082116070565,20
lsac,abrupt_global_mag1.0,xgb,per_subgroup_baseline_relative[min_pos],BalAcc,-0.5675441660394654,0.10192213083291807,-0.9889154420271383,0.0038628742774149084,20
lsac,abrupt_global_mag1.0,xgb,per_subgroup_ewma[maj_neg],DI_star,0.5330827067669173,0.06731318224065529,0.79761376600717,0.029528267417190508,20
lsac,abrupt_global_mag1.0,xgb,per_subgroup_ewma[maj_neg],AOD_star,0.4957894736842105,0.101079145286499,0.6711986537525976,0.08283755558023387,20
lsac,abrupt_global_mag1.0,xgb,per_subgroup_ewma[maj_neg],BalAcc,-0.5415205589680712,0.10919443134551905,-0.8394009671817132,0.018344593570011624,20
lsac,abrupt_global_mag1.0,xgb,per_subgroup_baseline_relative[maj_neg],DI_star,0.5469924812030075,0.07734773977003055,0.9379099055796782,0.023951830665588453,20
lsac,abrupt_global_mag1.0,xgb,per_subgroup_baseline_relative[maj_neg],AOD_star,0.5457894736842104,0.09160163058462316,0.809441317266311,0.08319287662700424,20
lsac,abrupt_global_mag1.0,xgb,per_subgroup_baseline_relative[maj_neg],BalAcc,-0.560661058797854,0.10722766535808564,-0.9782828865147962,0.010359008563834548,20
lsac,abrupt_global_mag1.0,xgb,per_subgroup_ewma[maj_pos],DI_star,0.5316541353383459,0.06768333185204577,0.7993166406776246,0.0287796079424861,20
lsac,abrupt_global_mag1.0,xgb,per_subgroup_ewma[maj_pos],AOD_star,0.493609022556391,0.1017711598950101,0.6727538627274046,0.08385677100767498,20
lsac,abrupt_global_mag1.0,xgb,per_subgroup_ewma[maj_pos],BalAcc,-0.5356565478023201,0.10552372630865531,-0.8406750949715709,0.014152988975331146,20
lsac,abrupt_global_mag1.0,xgb,per_subgroup_baseline_relative[maj_pos],DI_star,0.5923308270676693,0.12355184086161093,0.9521833688292327,0.01882691241407907,20
lsac,abrupt_global_mag1.0,xgb,per_subgroup_baseline_relative[maj_pos],AOD_star,0.5866917293233083,0.13142313008126566,0.8252037206096432,0.07593205857017336,20
lsac,abrupt_global_mag1.0,xgb,per_subgroup_baseline_relative[maj_pos],BalAcc,-0.6246858918981761,0.08937705469897263,-0.986764616381452,0.005555109215819637,20
lsac,abrupt_global_mag2.0,lr,global_mean,DI_star,0.5930931499350238,0.07363840852752639,0.9715349793604723,0.013241434104138923,20
lsac,abrupt_global_mag2.0,lr,global_mean,AOD_star,0.5718897393949199,0.08140566477198272,0.926859822906315,0.03176810119289453,20
lsac,abrupt_global_mag2.0,lr,global_mean,BalAcc,-0.5909509503497471,0.0777562256983276,-0.9202944741050623,0.028992642457605217,20
lsac,abrupt_global_mag2.0,lr,global_ewma,DI_star,0.5521487327512223,0.09354696735214228,0.8215459800711422,0.02603909839464479,20
lsac,abrupt_global_mag2.0,lr,global_ewma,AOD_star,0.5535452039921379,0.08787674132238796,0.7821871065006538,0.052618074634667826,20
lsac,abrupt_global_mag2.0,lr,global_ewma,BalAcc,-0.558468361519149,0.09332838326166062,-0.7787118891936146,0.04358824920144337,20
lsac,abrupt_global_mag2.0,lr,global_std,DI_star,0.5338349894874722,0.1261483387382182,0.9221147035171487,0.05293286331848358,20
lsac,abrupt_global_mag2.0,lr,global_std,AOD_star,0.5332459227818291,0.1217528793275456,0.8778651819678066,0.060399627219538905,20
lsac,abrupt_global_mag2.0,lr,global_std,BalAcc,-0.5251623816928539,0.11655847607470202,-0.874504814177493,0.045564639421180775,20
lsac,abrupt_global_mag2.0,lr,subgroup_violation_diff,DI_star,0.503762827702639,0.2704232914975052,0.7527103489833318,0.3897941749193216,20
lsac,abrupt_global_mag2.0,lr,subgroup_violation_diff,AOD_star,0.4614789630654406,0.2825698633334653,0.7050060794542734,0.3899653751539597,20
lsac,abrupt_global_mag2.0,lr,subgroup_violation_diff,BalAcc,-0.5205754064495745,0.28373057055261786,-0.7242793089013494,0.36993534765630604,20
lsac,abrupt_global_mag2.0,lr,max_subgroup_deviation,DI_star,0.5955313712168325,0.08404523622264172,0.9706777966070497,0.013111934932389685,20
lsac,abrupt_global_mag2.0,lr,max_subgroup_deviation,AOD_star,0.5647495690519109,0.08034789334800436,0.9252048036849645,0.032543375700008745,20
lsac,abrupt_global_mag2.0,lr,max_subgroup_deviation,BalAcc,-0.6012148860023347,0.10598016077392243,-0.9203741172081334,0.028156833208125634,20
lsac,abrupt_global_mag2.0,lr,assignment_proportion_drift,DI_star,0.6053917406377345,0.10188247686227189,0.9687986320102926,0.014953323356750321,20
lsac,abrupt_global_mag2.0,lr,assignment_proportion_drift,AOD_star,0.5961233121429911,0.1223714809753035,0.9245153644605997,0.032995744169638595,20
lsac,abrupt_global_mag2.0,lr,assignment_proportion_drift,BalAcc,-0.5998494834079315,0.11535198430137941,-0.916680599079104,0.028326789215571833,20
lsac,abrupt_global_mag2.0,lr,ks_statistic,DI_star,0.6150462553805383,0.06738750143895418,0.9720009718795015,0.01298139484699924,20
lsac,abrupt_global_mag2.0,lr,ks_statistic,AOD_star,0.5910637747277899,0.09592243722863053,0.9274401852436851,0.03191074610656869,20
lsac,abrupt_global_mag2.0,lr,ks_statistic,BalAcc,-0.6312503729705744,0.07994850221598325,-0.9210627837725506,0.02870685200701357,20
lsac,abrupt_global_mag2.0,lr,kl_divergence,DI_star,0.6048219076012211,0.06938696464740211,0.969939536014501,0.014420445842631318,20
lsac,abrupt_global_mag2.0,lr,kl_divergence,AOD_star,0.5992979462955477,0.10466198747825316,0.9253667856210293,0.03440919564508205,20
lsac,abrupt_global_mag2.0,lr,kl_divergence,BalAcc,-0.61095004532243,0.08613098850002851,-0.9200016861975421,0.02987353454111923,20
lsac,abrupt_global_mag2.0,lr,per_subgroup_ewma[min_neg],DI_star,0.5553444053067006,0.09160312059032545,0.8221444529266151,0.02484615362704512,20
lsac,abrupt_global_mag2.0,lr,per_subgroup_ewma[min_neg],AOD_star,0.5600114825340865,0.08907987180676032,0.7833288779366512,0.05293343729028058,20
lsac,abrupt_global_mag2.0,lr,per_subgroup_ewma[min_neg],BalAcc,-0.5609495645266678,0.09004532348854538,-0.7792248336472157,0.04471308143937015,20
lsac,abrupt_global_mag2.0,lr,per_subgroup_baseline_relative[min_neg],DI_star,0.6644103959370465,0.08292718730107798,0.9682590431684204,0.013843746649553856,20
lsac,abrupt_global_mag2.0,lr,per_subgroup_baseline_relative[min_neg],AOD_star,0.6242599280790304,0.10123702457373232,0.9261006332916208,0.03189001801787876,20
lsac,abrupt_global_mag2.0,lr,per_subgroup_baseline_relative[min_neg],BalAcc,-0.6556505519963437,0.09449699730686204,-0.9171870384891344,0.03009467555140905,20
lsac,abrupt_global_mag2.0,lr,per_subgroup_ewma[min_pos],DI_star,0.5522245146453241,0.09277586704861775,0.8217706351448376,0.025538117519650325,20
lsac,abrupt_global_mag2.0,lr,per_subgroup_ewma[min_pos],AOD_star,0.5536956930604023,0.08636395895643963,0.7822084753059239,0.052893341572235436,20
lsac,abrupt_global_mag2.0,lr,per_subgroup_ewma[min_pos],BalAcc,-0.5608744331209504,0.09029202578166988,-0.7790860004249726,0.043351551655901946,20
lsac,abrupt_global_mag2.0,lr,per_subgroup_baseline_relative[min_pos],DI_star,0.5817720575669031,0.07531945543049905,0.9705787555991117,0.013197812019938311,20
lsac,abrupt_global_mag2.0,lr,per_subgroup_baseline_relative[min_pos],AOD_star,0.5600503350726619,0.07180441318494905,0.9256994003989061,0.031850581779132914,20
lsac,abrupt_global_mag2.0,lr,per_subgroup_baseline_relative[min_pos],BalAcc,-0.5750105916478212,0.10573376951030891,-0.9195320468707979,0.028245353416371438,20
lsac,abrupt_global_mag2.0,lr,per_subgroup_ewma[maj_neg],DI_star,0.5515105258931268,0.09713254020548101,0.8209755424278933,0.029237208602841347,20
lsac,abrupt_global_mag2.0,lr,per_subgroup_ewma[maj_neg],AOD_star,0.5527932111644752,0.09298896221300962,0.7818170841231461,0.055744813304387346,20
lsac,abrupt_global_mag2.0,lr,per_subgroup_ewma[maj_neg],BalAcc,-0.5591826048102793,0.09873236100004751,-0.7778747295238035,0.04636833741500647,20
lsac,abrupt_global_mag2.0,lr,per_subgroup_baseline_relative[maj_neg],DI_star,0.575454995398554,0.11129662907714115,0.9677306172081062,0.016256330794301322,20
lsac,abrupt_global_mag2.0,lr,per_subgroup_baseline_relative[maj_neg],AOD_star,0.5693707020045577,0.09381463031708757,0.9243674202980809,0.034393484041058325,20
lsac,abrupt_global_mag2.0,lr,per_subgroup_baseline_relative[maj_neg],BalAcc,-0.5592967018829867,0.07953807093289725,-0.9153505336754556,0.030665202362183966,20
lsac,abrupt_global_mag2.0,lr,per_subgroup_ewma[maj_pos],DI_star,0.5547806793659384,0.09377112653231735,0.8212064082542998,0.025519320423078973,20
lsac,abrupt_global_mag2.0,lr,per_subgroup_ewma[maj_pos],AOD_star,0.5541463683662926,0.08508230844337909,0.7820514623829841,0.051115075469511335,20
lsac,abrupt_global_mag2.0,lr,per_subgroup_ewma[maj_pos],BalAcc,-0.5625666573810727,0.08848112279345702,-0.7779513863717356,0.04437360245054859,20
lsac,abrupt_global_mag2.0,lr,per_subgroup_baseline_relative[maj_pos],DI_star,0.5708365492457549,0.09141231144011545,0.9696208311264585,0.013448131107426566,20
lsac,abrupt_global_mag2.0,lr,per_subgroup_baseline_relative[maj_pos],AOD_star,0.5870019839898377,0.0863639977640696,0.9258360541925569,0.031193492968470078,20
lsac,abrupt_global_mag2.0,lr,per_subgroup_baseline_relative[maj_pos],BalAcc,-0.5600475917086067,0.09906489203690919,-0.9171977824010857,0.02994377543831491,20
lsac,abrupt_global_mag2.0,xgb,global_mean,DI_star,0.6295326355748664,0.1053090878322003,0.983028455670464,0.010932290348340945,20
lsac,abrupt_global_mag2.0,xgb,global_mean,AOD_star,0.6221941878134535,0.10543659456502538,0.9672607442176773,0.022088643245062746,20
lsac,abrupt_global_mag2.0,xgb,global_mean,BalAcc,-0.5571268017876966,0.11321510456908047,-0.9950745162693023,0.0028831273689222505,20
lsac,abrupt_global_mag2.0,xgb,global_ewma,DI_star,0.5054279429187154,0.09131276275217289,0.8314248235256277,0.011232338550555018,20
lsac,abrupt_global_mag2.0,xgb,global_ewma,AOD_star,0.5034338938349289,0.09140746204611057,0.8131451473980785,0.020952105963428745,20
lsac,abrupt_global_mag2.0,xgb,global_ewma,BalAcc,-0.6146071976166002,0.09278922366771894,-0.8470751507108419,0.004679358554775889,20
lsac,abrupt_global_mag2.0,xgb,global_std,DI_star,0.5404002624167267,0.09227415759143577,0.9354096221204836,0.03956988097794349,20
lsac,abrupt_global_mag2.0,xgb,global_std,AOD_star,0.5521093774707146,0.09073923453809446,0.9192788656435548,0.04145474765686236,20
lsac,abrupt_global_mag2.0,xgb,global_std,BalAcc,-0.6227665364185786,0.10474048387835092,-0.9513243439189412,0.034866114441442546,20
lsac,abrupt_global_mag2.0,xgb,subgroup_violation_diff,DI_star,0.4820413781076073,0.23074286058836244,0.7604395183380148,0.39402800781766084,20
lsac,abrupt_global_mag2.0,xgb,subgroup_violation_diff,AOD_star,0.47429985384876155,0.23991478179813774,0.7463114206418745,0.38458053230998906,20
lsac,abrupt_global_mag2.0,xgb,subgroup_violation_diff,BalAcc,-0.49006962667918863,0.29178941907931794,-0.7699830428286195,0.3963565589988559,20
lsac,abrupt_global_mag2.0,xgb,max_subgroup_deviation,DI_star,0.6233402581329901,0.08169354749664823,0.9819289189283726,0.011353196112842726,20
lsac,abrupt_global_mag2.0,xgb,max_subgroup_deviation,AOD_star,0.6184774767592377,0.08827011027376519,0.9664189373205266,0.022421500257821858,20
lsac,abrupt_global_mag2.0,xgb,max_subgroup_deviation,BalAcc,-0.5847761737704521,0.11762201592040912,-0.9934891905004388,0.0031802623446712222,20
lsac,abrupt_global_mag2.0,xgb,assignment_proportion_drift,DI_star,0.6055274188227856,0.10784953896122379,0.9790266857180958,0.011731059364861159,20
lsac,abrupt_global_mag2.0,xgb,assignment_proportion_drift,AOD_star,0.6035750549780581,0.09459721276391166,0.963133825034641,0.020350916015194967,20
lsac,abrupt_global_mag2.0,xgb,assignment_proportion_drift,BalAcc,-0.5875036595740095,0.10452364081389427,-0.9913451757692305,0.005839732374782587,20
lsac,abrupt_global_mag2.0,xgb,ks_statistic,DI_star,0.6197083765517879,0.09434683736276504,0.9832465868093975,0.011029109869661958,20
lsac,abrupt_global_mag2.0,xgb,ks_statistic,AOD_star,0.6134183855816334,0.08926833563070319,0.9674603156260609,0.022121922011755765,20
lsac,abrupt_global_mag2.0,xgb,ks_statistic,BalAcc,-0.5569314461353796,0.12734991107524055,-0.9949563630405688,0.0026654299367421487,20
lsac,abrupt_global_mag2.0,xgb,kl_divergence,DI_star,0.6023537243625807,0.10603573236943495,0.9815046310096948,0.011012285992158378,20
lsac,abrupt_global_mag2.0,xgb,kl_divergence,AOD_star,0.5994911119589259,0.09873309133032111,0.9658173479930678,0.022297449492062207,20
lsac,abrupt_global_mag2.0,xgb,kl_divergence,BalAcc,-0.5901381559186281,0.09412386806449398,-0.9935197739577255,0.0030435089447638543,20
lsac,abrupt_global_mag2.0,xgb,per_subgroup_ewma[min_neg],DI_star,0.5076876847425094,0.09219818065802496,0.8310045329058475,0.014036080018845699,20
lsac,abrupt_global_mag2.0,xgb,per_subgroup_ewma[min_neg],AOD_star,0.5069208561679956,0.09295249227930424,0.8125972991223567,0.020514043231893757,20
lsac,abrupt_global_mag2.0,xgb,per_subgroup_ewma[min_neg],BalAcc,-0.6086734527837501,0.0939629645355317,-0.8465378492195704,0.009480986971124055,20
lsac,abrupt_global_mag2.0,xgb,per_subgroup_baseline_relative[min_neg],DI_star,0.6119342906486522,0.09552784735079846,0.9748419485546804,0.014976361392309158,20
lsac,abrupt_global_mag2.0,xgb,per_subgroup_baseline_relative[min_neg],AOD_star,0.5980951702840276,0.10936303542669513,0.9593116259879964,0.02485596859533843,20
lsac,abrupt_global_mag2.0,xgb,per_subgroup_baseline_relative[min_neg],BalAcc,-0.5564281594926308,0.09006597860599332,-0.9862189026532213,0.011690888945473366,20
lsac,abrupt_global_mag2.0,xgb,per_subgroup_ewma[min_pos],DI_star,0.5037680417096437,0.09075367162520337,0.8316158142139605,0.011941830295718119,20
lsac,abrupt_global_mag2.0,xgb,per_subgroup_ewma[min_pos],AOD_star,0.5046763111417738,0.0898546612587186,0.8133692383756544,0.020933621220424917,20
lsac,abrupt_global_mag2.0,xgb,per_subgroup_ewma[min_pos],BalAcc,-0.6152364283401096,0.09196860521324209,-0.8472800063996487,0.005002863281589333,20
lsac,abrupt_global_mag2.0,xgb,per_subgroup_baseline_relative[min_pos],DI_star,0.6326271647605879,0.08185703202617506,0.982357633049309,0.011007908851826564,20
lsac,abrupt_global_mag2.0,xgb,per_subgroup_baseline_relative[min_pos],AOD_star,0.6266178407350316,0.07285241570606626,0.9666999270224258,0.02211134131875571,20
lsac,abrupt_global_mag2.0,xgb,per_subgroup_baseline_relative[min_pos],BalAcc,-0.544039370851748,0.12896505466020736,-0.994323114921848,0.003196665106357188,20
lsac,abrupt_global_mag2.0,xgb,per_subgroup_ewma[maj_neg],DI_star,0.5061653544634346,0.08982199740947548,0.830945624920232,0.011876088015182733,20
lsac,abrupt_global_mag2.0,xgb,per_subgroup_ewma[maj_neg],AOD_star,0.5051537450165811,0.0891900885046275,0.812883902876246,0.022920656587060585,20
lsac,abrupt_global_mag2.0,xgb,per_subgroup_ewma[maj_neg],BalAcc,-0.6154127683922981,0.09352781900883066,-0.8467210548159226,0.007034832385418335,20
lsac,abrupt_global_mag2.0,xgb,per_subgroup_baseline_relative[maj_neg],DI_star,0.6147772472455815,0.06235396135883339,0.9792076189933969,0.012212196819980776,20
lsac,abrupt_global_mag2.0,xgb,per_subgroup_baseline_relative[maj_neg],AOD_star,0.6190323072913881,0.05839783955059351,0.9640999034681746,0.023120869411212837,20
lsac,abrupt_global_mag2.0,xgb,per_subgroup_baseline_relative[maj_neg],BalAcc,-0.580980876109231,0.12691143959766488,-0.9921711836218664,0.0051015550345626616,20
lsac,abrupt_global_mag2.0,xgb,per_subgroup_ewma[maj_pos],DI_star,0.5050289498244113,0.09022137331208918,0.8310998637126472,0.01124281497574691,20
lsac,abrupt_global_mag2.0,xgb,per_subgroup_ewma[maj_pos],AOD_star,0.5021119331149787,0.09082199046807524,0.8127228641331445,0.020528411018424803,20
lsac,abrupt_global_mag2.0,xgb,per_subgroup_ewma[maj_pos],BalAcc,-0.6137495608137375,0.09175178554113873,-0.8467631931403947,0.007172953037235824,20
lsac,abrupt_global_mag2.0,xgb,per_subgroup_baseline_relative[maj_pos],DI_star,0.626700360495018,0.1191695693497576,0.9815855140544363,0.010845794395679557,20
lsac,abrupt_global_mag2.0,xgb,per_subgroup_baseline_relative[maj_pos],AOD_star,0.6298371751609324,0.11040156347737287,0.9661428969757004,0.02157161193444347,20
lsac,abrupt_global_mag2.0,xgb,per_subgroup_baseline_relative[maj_pos],BalAcc,-0.58360789350969,0.08218615501708303,-0.9929487123556715,0.004014237242644358,20
lsac,variance_group_mag1.5,lr,global_mean,DI_star,-0.0373295347706855,0.26855835641144865,-0.038042905044177545,0.24741295943150937,20
lsac,variance_group_mag1.5,lr,global_mean,AOD_star,0.03150375939849624,0.24075346469964273,0.029339258542484294,0.23325466876533943,20
lsac,variance_group_mag1.5,lr,global_mean,BalAcc,0.09518796992481202,0.24024555437080347,0.07997879152763573,0.21986897215628823,20
lsac,variance_group_mag1.5,lr,global_ewma,DI_star,0.04444843976642732,0.2758668226568911,0.047674300690860115,0.2764367292208226,20
lsac,variance_group_mag1.5,lr,global_ewma,AOD_star,0.04586466165413533,0.2234545481768276,0.056397216036575916,0.2348758762942209,20
lsac,variance_group_mag1.5,lr,global_ewma,BalAcc,0.015413533834586468,0.23987996838244038,0.019428376779471818,0.23593363406186707,20
lsac,variance_group_mag1.5,lr,global_std,DI_star,-0.03669667739010085,0.27584615014294633,-0.024665758453314333,0.25049393514582186,20
lsac,variance_group_mag1.5,lr,global_std,AOD_star,0.012030075187969922,0.25177171964464456,0.01079831307787648,0.25044438908497424,20
lsac,variance_group_mag1.5,lr,global_std,BalAcc,0.04022556390977443,0.2565529332153696,0.030498745743651058,0.2260708117748809,20
lsac,variance_group_mag1.5,lr,subgroup_violation_diff,DI_star,-0.10250336551571575,0.22960083576766632,-0.1423970129652302,0.22963390992764116,20
lsac,variance_group_mag1.5,lr,subgroup_violation_diff,AOD_star,-0.1626315789473684,0.22736736434094257,-0.19769849169968395,0.2039985720902903,20
lsac,variance_group_mag1.5,lr,subgroup_violation_diff,BalAcc,-0.04398496240601504,0.2816874420812676,-0.029240925149838715,0.2965515590819347,20
lsac,variance_group_mag1.5,lr,max_subgroup_deviation,DI_star,0.042553372493575235,0.26607638765790437,0.05369326670599138,0.2503871738483475,20
lsac,variance_group_mag1.5,lr,max_subgroup_deviation,AOD_star,0.06766917293233081,0.23052047920650595,0.09576501690042802,0.23240783024766054,20
lsac,variance_group_mag1.5,lr,max_subgroup_deviation,BalAcc,7.518796992480731e-05,0.2348963997512288,-0.019048588619076115,0.25679650724415176,20
lsac,variance_group_mag1.5,lr,assignment_proportion_drift,DI_star,0.10314734355462415,0.18183132773397814,0.08160112571207381,0.13301196927654677,20
lsac,variance_group_mag1.5,lr,assignment_proportion_drift,AOD_star,0.05540933296804906,0.20119735300033145,0.040810231662135814,0.1631261237823482,20
lsac,variance_group_mag1.5,lr,assignment_proportion_drift,BalAcc,-0.024339068796326194,0.1835960964991136,-0.03323836281929509,0.20392059161050077,20
lsac,variance_group_mag1.5,lr,ks_statistic,DI_star,-0.06138605240300495,0.21802110200043853,-0.07143215983573384,0.23463193684310077,20
lsac,variance_group_mag1.5,lr,ks_statistic,AOD_star,-0.06285714285714285,0.25783953463431875,-0.048597371130532474,0.24457542235580604,20
lsac,variance_group_mag1.5,lr,ks_statistic,BalAcc,0.027969924812030082,0.2096951368697398,0.053376170277019984,0.1929714415674302,20
lsac,variance_group_mag1.5,lr,kl_divergence,DI_star,-0.010221351294927707,0.26806389013797466,-0.016433109653850538,0.22039615390499004,20
lsac,variance_group_mag1.5,lr,kl_divergence,AOD_star,-0.030150375939849615,0.223132497085437,-0.03355190253064148,0.21760824468280948,20
lsac,variance_group_mag1.5,lr,kl_divergence,BalAcc,0.010601503759398499,0.23703440099085857,0.02881320667978069,0.251255528304439,20
lsac,variance_group_mag1.5,lr,per_subgroup_ewma[min_neg],DI_star,-0.00966958520142713,0.2592972466121732,-0.0008205298767475146,0.2528788252590645,20
lsac,variance_group_mag1.5,lr,per_subgroup_ewma[min_neg],AOD_star,0.011503759398496242,0.20398831576745308,0.016174813505222256,0.23691854899545414,20
lsac,variance_group_mag1.5,lr,per_subgroup_ewma[min_neg],BalAcc,0.005263157894736838,0.2228018865471989,0.036054391380199856,0.24995799315481207,20
lsac,variance_group_mag1.5,lr,per_subgroup_baseline_relative[min_neg],DI_star,-0.07971004612401168,0.25332182487948485,-0.0794189688000658,0.24450497338122584,20
lsac,variance_group_mag1.5,lr,per_subgroup_baseline_relative[min_neg],AOD_star,-0.03511278195488722,0.23920141271741266,-0.03162194889800539,0.25760540417757766,20
lsac,variance_group_mag1.5,lr,per_subgroup_baseline_relative[min_neg],BalAcc,0.0863157894736842,0.2402593431720344,0.09500009773630266,0.24550305615868398,20
lsac,variance_group_mag1.5,lr,per_subgroup_ewma[min_pos],DI_star,0.0006405366944156416,0.26029240810670307,0.008296251849899617,0.2431350571618816,20
lsac,variance_group_mag1.5,lr,per_subgroup_ewma[min_pos],AOD_star,0.0030827067669172876,0.20870396827432972,0.018266050334074125,0.22471690820017362,20
lsac,variance_group_mag1.5,lr,per_subgroup_ewma[min_pos],BalAcc,0.0193984962406015,0.2546139995503593,0.004817373529109988,0.24095115026861313,20
lsac,variance_group_mag1.5,lr,per_subgroup_baseline_relative[min_pos],DI_star,-0.02125071861166794,0.25333050520529754,-0.03214229322266262,0.23586201319612912,20
lsac,variance_group_mag1.5,lr,per_subgroup_baseline_relative[min_pos],AOD_star,0.008721804511278197,0.23730428707683743,0.0010953063384613964,0.24572276237977425,20
lsac,variance_group_mag1.5,lr,per_subgroup_baseline_relative[min_pos],BalAcc,0.02360902255639098,0.23110492448521802,-0.014699948769519178,0.23754892137665173,20
lsac,variance_group_mag1.5,lr,per_subgroup_ewma[maj_neg],DI_star,0.030624050217280596,0.3125452898873206,0.05308846552327048,0.28663217285173226,20
lsac,variance_group_mag1.5,lr,per_subgroup_ewma[maj_neg],AOD_star,0.03390977443609023,0.26138845512538655,0.059461668440514356,0.2608111257571167,20
lsac,variance_group_mag1.5,lr,per_subgroup_ewma[maj_neg],BalAcc,-0.0006015037593985028,0.2491495626142073,-0.010668499187733115,0.26755874899845566,20
lsac,variance_group_mag1.5,lr,per_subgroup_baseline_relative[maj_neg],DI_star,-0.01092175071763881,0.2556951780221122,-0.003996796308151788,0.22807974276342616,20
lsac,variance_group_mag1.5,lr,per_subgroup_baseline_relative[maj_neg],AOD_star,0.05240601503759397,0.20017137493431617,0.07659211876619797,0.21773456250220383,20
lsac,variance_group_mag1.5,lr,per_subgroup_baseline_relative[maj_neg],BalAcc,0.10857142857142854,0.29055791481202664,0.09646269467769222,0.31017832788102173,20
lsac,variance_group_mag1.5,lr,per_subgroup_ewma[maj_pos],DI_star,0.1319130360831786,0.2298973181548928,0.1314117297268963,0.23198947175112167,20
lsac,variance_group_mag1.5,lr,per_subgroup_ewma[maj_pos],AOD_star,0.1220300751879699,0.20754836609648344,0.11794137485265521,0.21373727221273545,20
lsac,variance_group_mag1.5,lr,per_subgroup_ewma[maj_pos],BalAcc,0.02398496240601504,0.2316650923653244,0.014155674674099342,0.22476262193863766,20
lsac,variance_group_mag1.5,lr,per_subgroup_baseline_relative[maj_pos],DI_star,0.14055028646968667,0.2355619070114471,0.14858798942796453,0.20684967890778683,20
lsac,variance_group_mag1.5,lr,per_subgroup_baseline_relative[maj_pos],AOD_star,0.1881203007518797,0.19714159540324486,0.19267675415901947,0.1660115396012701,20
lsac,variance_group_mag1.5,lr,per_subgroup_baseline_relative[maj_pos],BalAcc,0.029323308270676696,0.2601658042276338,0.019845142557285964,0.2669574604655338,20
lsac,variance_group_mag1.5,xgb,global_mean,DI_star,-0.05909774436090226,0.24266413802339834,-0.04696632335141983,0.27125120242997797,20
lsac,variance_group_mag1.5,xgb,global_mean,AOD_star,-0.0630827067669173,0.24243543311110413,-0.028235814078800835,0.26212826619447,20
lsac,variance_group_mag1.5,xgb,global_mean,BalAcc,-0.11691729323308268,0.22146443918495384,-0.0935117561870861,0.25598200975320573,20
lsac,variance_group_mag1.5,xgb,global_ewma,DI_star,-0.12586466165413532,0.19397744346330378,-0.0937914844664043,0.21433629748983132,20
lsac,variance_group_mag1.5,xgb,global_ewma,AOD_star,-0.1157142857142857,0.19299770632709873,-0.09069441770008937,0.18661678301765772,20
lsac,variance_group_mag1.5,xgb,global_ewma,BalAcc,-0.06308270676691727,0.17530731034735683,-0.06929020523894,0.2224755431521014,20
lsac,variance_group_mag1.5,xgb,global_std,DI_star,-0.09195488721804511,0.22210189061840513,-0.07506684919464404,0.24951326070922875,20
lsac,variance_group_mag1.5,xgb,global_std,AOD_star,-0.0826315789473684,0.22180551803008425,-0.060707462990339654,0.25286788766602053,20
lsac,variance_group_mag1.5,xgb,global_std,BalAcc,-0.10661654135338346,0.19529191944539612,-0.09464595771199304,0.21328355358015247,20
lsac,variance_group_mag1.5,xgb,subgroup_violation_diff,DI_star,-0.14684210526315786,0.2628127812224551,-0.15723276999817484,0.2799576629750894,20
lsac,variance_group_mag1.5,xgb,subgroup_violation_diff,AOD_star,-0.163984962406015,0.20686093556243818,-0.1677393163745406,0.23625353695824067,20
lsac,variance_group_mag1.5,xgb,subgroup_violation_diff,BalAcc,0.030225563909774423,0.2839764720304397,0.02739047305302349,0.2863136776505503,20
lsac,variance_group_mag1.5,xgb,max_subgroup_deviation,DI_star,0.03308270676691729,0.2175186800391609,0.020557200313912127,0.2446143343309737,20
lsac,variance_group_mag1.5,xgb,max_subgroup_deviation,AOD_star,0.046390977443609024,0.18693869003284075,0.04393449672833126,0.2100477917178947,20
lsac,variance_group_mag1.5,xgb,max_subgroup_deviation,BalAcc,-0.061578947368421046,0.24487717584752558,-0.056947124400370606,0.24832182620167503,20
lsac,variance_group_mag1.5,xgb,assignment_proportion_drift,DI_star,0.019196701913861563,0.18939780906770282,-0.02033493653281674,0.19992399527766663,20
lsac,variance_group_mag1.5,xgb,assignment_proportion_drift,AOD_star,0.0026032511521123696,0.1852676543698268,-0.01340766669197901,0.1963909904567871,20
lsac,variance_group_mag1.5,xgb,assignment_proportion_drift,BalAcc,-0.04563851219356012,0.15410921827718957,-0.046699483519166425,0.146605991417383,20
lsac,variance_group_mag1.5,xgb,ks_statistic,DI_star,-0.010676691729323309,0.25870951324776975,-0.05617689719204445,0.23642586416196282,20
lsac,variance_group_mag1.5,xgb,ks_statistic,AOD_star,0.002781954887218044,0.2259807051498106,-0.04085713961290095,0.23391099528104406,20
lsac,variance_group_mag1.5,xgb,ks_statistic,BalAcc,-0.059172932330827065,0.2092367999228854,-0.05852718852790426,0.20231645869772466,20
lsac,variance_group_mag1.5,xgb,kl_divergence,DI_star,-0.24842105263157888,0.2000647755355384,-0.26103166586758386,0.19353447449847588,20
lsac,variance_group_mag1.5,xgb,kl_divergence,AOD_star,-0.21203007518796987,0.19899458972774214,-0.2391536813700057,0.1875491217774003,20
lsac,variance_group_mag1.5,xgb,kl_divergence,BalAcc,-0.054887218045112776,0.11361745663174745,-0.008556763855966551,0.13047594199914908,20
lsac,variance_group_mag1.5,xgb,per_subgroup_ewma[min_neg],DI_star,-0.18150375939849625,0.21415038597124764,-0.1968363062588024,0.24382560488522279,20
lsac,variance_group_mag1.5,xgb,per_subgroup_ewma[min_neg],AOD_star,-0.15789473684210523,0.19080864009806592,-0.16991918250002494,0.19891374525881084,20
lsac,variance_group_mag1.5,xgb,per_subgroup_ewma[min_neg],BalAcc,-0.07037593984962405,0.19822127229689562,-0.062146459173476776,0.21681231499498377,20
lsac,variance_group_mag1.5,xgb,per_subgroup_baseline_relative[min_neg],DI_star,-0.08872180451127819,0.26720116219340395,-0.11567424894676077,0.2762891244043066,20
lsac,variance_group_mag1.5,xgb,per_subgroup_baseline_relative[min_neg],AOD_star,-0.10285714285714284,0.2525516343254429,-0.10730410417308651,0.25907721043131166,20
lsac,variance_group_mag1.5,xgb,per_subgroup_baseline_relative[min_neg],BalAcc,-0.0557142857142857,0.283225597742263,-0.04713610297346703,0.2885491920713042,20
lsac,variance_group_mag1.5,xgb,per_subgroup_ewma[min_pos],DI_star,-0.10827067669172934,0.2252473969811803,-0.05901580309958852,0.22841262526648232,20
lsac,variance_group_mag1.5,xgb,per_subgroup_ewma[min_pos],AOD_star,-0.08879699248120301,0.1992883914473818,-0.05184728952620203,0.21380520871024272,20
lsac,variance_group_mag1.5,xgb,per_subgroup_ewma[min_pos],BalAcc,-0.13150375939849623,0.18977150183020441,-0.12873424376898965,0.17731474535534428,20
lsac,variance_group_mag1.5,xgb,per_subgroup_baseline_relative[min_pos],DI_star,0.0027067669172932242,0.23628534631273715,0.02438222002842359,0.2250158916625489,20
lsac,variance_group_mag1.5,xgb,per_subgroup_baseline_relative[min_pos],AOD_star,0.03451127819548872,0.2332962761546683,0.032609546505642184,0.2200544715553477,20
lsac,variance_group_mag1.5,xgb,per_subgroup_baseline_relative[min_pos],BalAcc,-0.15451127819548874,0.19600214533166976,-0.1619869047882571,0.188850786945106,20
lsac,variance_group_mag1.5,xgb,per_subgroup_ewma[maj_neg],DI_star,-0.07157894736842105,0.2170391104501173,-0.04689906653606075,0.22491396968733007,20
lsac,variance_group_mag1.5,xgb,per_subgroup_ewma[maj_neg],AOD_star,-0.05774436090225564,0.17477242659163023,-0.037004845519585404,0.19915770743708194,20
lsac,variance_group_mag1.5,xgb,per_subgroup_ewma[maj_neg],BalAcc,-0.057218045112781946,0.2103960257411975,-0.050322646732148146,0.2041728826570815,20
lsac,variance_group_mag1.5,xgb,per_subgroup_baseline_relative[maj_neg],DI_star,0.06225563909774434,0.32522752595266086,0.05740786508221377,0.2991170016780774,20
lsac,variance_group_mag1.5,xgb,per_subgroup_baseline_relative[maj_neg],AOD_star,0.0983458646616541,0.26543649392691676,0.09948652057530374,0.23176224892931396,20
lsac,variance_group_mag1.5,xgb,per_subgroup_baseline_relative[maj_neg],BalAcc,-0.07541353383458645,0.3005316016623145,-0.062368286160310524,0.2942398197364328,20
lsac,variance_group_mag1.5,xgb,per_subgroup_ewma[maj_pos],DI_star,0.06270676691729324,0.27919637063462005,0.10380731483400114,0.29377599230576623,20
lsac,variance_group_mag1.5,xgb,per_subgroup_ewma[maj_pos],AOD_star,0.07947368421052632,0.23766453459091835,0.08081926030504732,0.2405439401597249,20
lsac,variance_group_mag1.5,xgb,per_subgroup_ewma[maj_pos],BalAcc,-0.041729323308270665,0.1944157221158382,-0.060436705167177064,0.18234152148714752,20
lsac,variance_group_mag1.5,xgb,per_subgroup_baseline_relative[maj_pos],DI_star,0.11984962406015036,0.2587266443774702,0.11163077272179658,0.2632805605756705,20
lsac,variance_group_mag1.5,xgb,per_subgroup_baseline_relative[maj_pos],AOD_star,0.1244360902255639,0.18037020428594785,0.10509526314966991,0.2033903091759188,20
lsac,variance_group_mag1.5,xgb,per_subgroup_baseline_relative[maj_pos],BalAcc,-0.07300751879699248,0.22863101469072838,-0.06515494511085898,0.22594953175546084,20
lsac,variance_group_mag2.0,lr,global_mean,DI_star,-0.016737838838429636,0.263022220108588,-0.023249474886594113,0.2445049434050955,20
lsac,variance_group_mag2.0,lr,global_mean,AOD_star,0.029097744360902244,0.22706780610462438,0.030778803423782412,0.22835635979112107,20
lsac,variance_group_mag2.0,lr,global_mean,BalAcc,0.08293233082706766,0.23642774351061405,0.07928916330165998,0.22276355857333685,20
lsac,variance_group_mag2.0,lr,global_ewma,DI_star,0.024540627766916023,0.2539826859305042,0.05616953850490671,0.26603402622308037,20
lsac,variance_group_mag2.0,lr,global_ewma,AOD_star,0.03984962406015037,0.19098543586378766,0.05550622117948967,0.22502031993595453,20
lsac,variance_group_mag2.0,lr,global_ewma,BalAcc,0.016616541353383456,0.2054938113040287,0.025033115719849515,0.2185038342324699,20
lsac,variance_group_mag2.0,lr,global_std,DI_star,-0.024561629258656827,0.2530799364051694,-0.010585211842049424,0.23929834726251584,20
lsac,variance_group_mag2.0,lr,global_std,AOD_star,0.004511278195488719,0.2412355367786286,0.00796634236730607,0.24338652111065165,20
lsac,variance_group_mag2.0,lr,global_std,BalAcc,0.02518796992481203,0.2552796566362413,0.030826567570838133,0.23210752586657413,20
lsac,variance_group_mag2.0,lr,subgroup_violation_diff,DI_star,-0.06706076911869924,0.19247031767253261,-0.10388409218931842,0.21397965116805728,20
lsac,variance_group_mag2.0,lr,subgroup_violation_diff,AOD_star,-0.12293233082706764,0.18373323158882532,-0.15566903622111838,0.18700987368383135,20
lsac,variance_group_mag2.0,lr,subgroup_violation_diff,BalAcc,-0.060300751879699244,0.2594017216754902,-0.04377060209708915,0.2910577730745354,20
lsac,variance_group_mag2.0,lr,max_subgroup_deviation,DI_star,0.001645611231528029,0.23598171691901526,0.032234182433291826,0.2161050048439582,20
lsac,variance_group_mag2.0,lr,max_subgroup_deviation,AOD_star,0.033759398496240586,0.22094953096652278,0.06625826292249293,0.22373026717340475,20
lsac,variance_group_mag2.0,lr,max_subgroup_deviation,BalAcc,0.03714285714285713,0.22375672041408107,0.006333635917629099,0.2357580105331513,20
lsac,variance_group_mag2.0,lr,assignment_proportion_drift,DI_star,0.07183529434115103,0.19607927462444658,0.06081849547492725,0.15609287382617987,20
lsac,variance_group_mag2.0,lr,assignment_proportion_drift,AOD_star,0.031656916962036874,0.20347186387605462,0.019544537623813966,0.178216376358682,20
lsac,variance_group_mag2.0,lr,assignment_proportion_drift,BalAcc,-0.0190976371806318,0.1871159020647246,-0.04219131907561251,0.1939084677010479,20
lsac,variance_group_mag2.0,lr,ks_statistic,DI_star,-0.07460767555614009,0.20128986306831292,-0.06526429478315962,0.21129088141965624,20
lsac,variance_group_mag2.0,lr,ks_statistic,AOD_star,-0.06,0.23209925924655728,-0.03601330172890054,0.21808252252731605,20
lsac,variance_group_mag2.0,lr,ks_statistic,BalAcc,0.052105263157894724,0.18900184417061275,0.06883070336193858,0.18213951948410903,20
lsac,variance_group_mag2.0,lr,kl_divergence,DI_star,-0.017422522622288696,0.2702361139366357,0.012980077478351098,0.25667104829583465,20
lsac,variance_group_mag2.0,lr,kl_divergence,AOD_star,-0.018345864661654127,0.1986013620026695,0.0051263072902496595,0.22524575660823398,20
lsac,variance_group_mag2.0,lr,kl_divergence,BalAcc,0.020300751879699253,0.20355287372308728,0.0446803642044865,0.20072190145744642,20
lsac,variance_group_mag2.0,lr,per_subgroup_ewma[min_neg],DI_star,0.00013396638313962518,0.2657455283799514,0.03175907192529752,0.25216312404559366,20
lsac,variance_group_mag2.0,lr,per_subgroup_ewma[min_neg],AOD_star,0.012180451127819543,0.1910809618205435,0.03002924330454897,0.22128802870450057,20
lsac,variance_group_mag2.0,lr,per_subgroup_ewma[min_neg],BalAcc,0.0025563909774436082,0.1844881136993141,0.03094787194893752,0.1994872195864183,20
lsac,variance_group_mag2.0,lr,per_subgroup_baseline_relative[min_neg],DI_star,-0.04887409231351527,0.2400326959921191,-0.03890364829861224,0.23114937096436156,20
lsac,variance_group_mag2.0,lr,per_subgroup_baseline_relative[min_neg],AOD_star,-0.001954887218045112,0.20573610445783008,-0.003305050549801232,0.23492499643838996,20
lsac,variance_group_mag2.0,lr,per_subgroup_baseline_relative[min_neg],BalAcc,0.09353383458646616,0.2321176236628302,0.09468977179764401,0.21118976097666964,20
lsac,variance_group_mag2.0,lr,per_subgroup_ewma[min_pos],DI_star,0.005367783736161082,0.2383225572510574,0.004986110631255309,0.24715100089751532,20
lsac,variance_group_mag2.0,lr,per_subgroup_ewma[min_pos],AOD_star,0.009924812030075194,0.180576648073918,0.018018885856596525,0.21867862475417466,20
lsac,variance_group_mag2.0,lr,per_subgroup_ewma[min_pos],BalAcc,0.024210526315789467,0.24986893505998423,0.0094380473703214,0.24894763484786242,20
lsac,variance_group_mag2.0,lr,per_subgroup_baseline_relative[min_pos],DI_star,-0.03504607304011005,0.22739908756163674,-0.03322224154768543,0.23553492059461972,20
lsac,variance_group_mag2.0,lr,per_subgroup_baseline_relative[min_pos],AOD_star,-0.01691729323308271,0.21039032933531515,-0.01314654159335595,0.23044662407145167,20
lsac,variance_group_mag2.0,lr,per_subgroup_baseline_relative[min_pos],BalAcc,-0.0030827067669173024,0.23274701754489058,-0.04095460841132691,0.24480038150321798,20
lsac,variance_group_mag2.0,lr,per_subgroup_ewma[maj_neg],DI_star,0.0319122083563817,0.2941042639194772,0.05613568546389584,0.29406592873645354,20
lsac,variance_group_mag2.0,lr,per_subgroup_ewma[maj_neg],AOD_star,0.030676691729323302,0.21424925161350827,0.05663140228189093,0.24960187667532868,20
lsac,variance_group_mag2.0,lr,per_subgroup_ewma[maj_neg],BalAcc,0.01796992481203009,0.23156062567889854,0.009880040712371538,0.24898099382592512,20
lsac,variance_group_mag2.0,lr,per_subgroup_baseline_relative[maj_neg],DI_star,-0.012910121585180748,0.23590790368742026,-0.004011040141363072,0.2301568529424718,20
lsac,variance_group_mag2.0,lr,per_subgroup_baseline_relative[maj_neg],AOD_star,0.03263157894736842,0.18339521891344948,0.05467747697688961,0.199655689677547,20
lsac,variance_group_mag2.0,lr,per_subgroup_baseline_relative[maj_neg],BalAcc,0.09624060150375938,0.28087190510796134,0.0761157914107006,0.31244595451210466,20
lsac,variance_group_mag2.0,lr,per_subgroup_ewma[maj_pos],DI_star,0.10888485217669745,0.22433752049971967,0.1121965306678735,0.2316876991716038,20
lsac,variance_group_mag2.0,lr,per_subgroup_ewma[maj_pos],AOD_star,0.09578947368421052,0.20151279297448102,0.10677720939904385,0.2139312113363844,20
lsac,variance_group_mag2.0,lr,per_subgroup_ewma[maj_pos],BalAcc,0.01766917293233081,0.20916416201891197,0.021934615125262014,0.20137927414980014,20
lsac,variance_group_mag2.0,lr,per_subgroup_baseline_relative[maj_pos],DI_star,0.10605552812723537,0.20555809592664392,0.12250099287986298,0.20861769061287774,20
lsac,variance_group_mag2.0,lr,per_subgroup_baseline_relative[maj_pos],AOD_star,0.14360902255639096,0.19738668014358557,0.1657660480428365,0.18614525230448117,20
lsac,variance_group_mag2.0,lr,per_subgroup_baseline_relative[maj_pos],BalAcc,0.05398496240601504,0.2469179800893435,0.03747589001665562,0.2633193900174359,20
lsac,variance_group_mag2.0,xgb,global_mean,DI_star,-0.24804511278195482,0.19001264496395548,-0.25442728204486137,0.23530414418906948,20
lsac,variance_group_mag2.0,xgb,global_mean,AOD_star,-0.259624060150376,0.21233448792345608,-0.23416710011083208,0.2338168443517162,20
lsac,variance_group_mag2.0,xgb,global_mean,BalAcc,-0.087593984962406,0.23475407305275167,-0.06812896860310372,0.24330944114836892,20
lsac,variance_group_mag2.0,xgb,global_ewma,DI_star,-0.3621052631578947,0.1962256785729796,-0.3493500948000592,0.21701039402402025,20
lsac,variance_group_mag2.0,xgb,global_ewma,AOD_star,-0.3584210526315789,0.2206462814158189,-0.33247675846515545,0.212004401842686,20
lsac,variance_group_mag2.0,xgb,global_ewma,BalAcc,-0.07977443609022554,0.1687848347012342,-0.0513893826989409,0.192244886300339,20
lsac,variance_group_mag2.0,xgb,global_std,DI_star,-0.3018796992481203,0.20936515170318173,-0.29088757096803247,0.22904700992888255,20
lsac,variance_group_mag2.0,xgb,global_std,AOD_star,-0.30180451127819546,0.2398409501813877,-0.27667305367740513,0.23940113971926355,20
lsac,variance_group_mag2.0,xgb,global_std,BalAcc,-0.08263157894736842,0.20275086811934978,-0.055074867329408285,0.21205043008614288,20
lsac,variance_group_mag2.0,xgb,subgroup_violation_diff,DI_star,-0.20481203007518795,0.2088930198495715,-0.21298775467714154,0.21414509717949756,20
lsac,variance_group_mag2.0,xgb,subgroup_violation_diff,AOD_star,-0.19172932330827067,0.17054348748592624,-0.21532034223087404,0.1733436367897988,20
lsac,variance_group_mag2.0,xgb,subgroup_violation_diff,BalAcc,0.025187969924812044,0.2977587431021751,0.0065214371204337235,0.2997500973559958,20
lsac,variance_group_mag2.0,xgb,max_subgroup_deviation,DI_star,-0.10917293233082706,0.24713927728203705,-0.10767855634198105,0.2483931759719934,20
lsac,variance_group_mag2.0,xgb,max_subgroup_deviation,AOD_star,-0.10135338345864661,0.25756830652991863,-0.09839300116776589,0.2478890460836603,20
lsac,variance_group_mag2.0,xgb,max_subgroup_deviation,BalAcc,-0.016165413533834588,0.23069594130111107,-0.03225341832794743,0.22865965326932713,20
lsac,variance_group_mag2.0,xgb,assignment_proportion_drift,DI_star,-0.011873779538564257,0.2178078072864778,-0.008085845790722395,0.20267600373043318,20
lsac,variance_group_mag2.0,xgb,assignment_proportion_drift,AOD_star,0.007523459241934047,0.2375771966900912,0.001963197025161575,0.217335359695208,20
lsac,variance_group_mag2.0,xgb,assignment_proportion_drift,BalAcc,-0.02044049767403005,0.14761433360836415,-0.032517214891232424,0.14417223295025852,20
lsac,variance_group_mag2.0,xgb,ks_statistic,DI_star,-0.14097744360902253,0.2533363223375226,-0.13786329866848565,0.23238737938059603,20
lsac,variance_group_mag2.0,xgb,ks_statistic,AOD_star,-0.12172932330827066,0.23392884254614435,-0.12041228641620697,0.22095661277338147,20
lsac,variance_group_mag2.0,xgb,ks_statistic,BalAcc,-0.03616541353383458,0.2222343102283247,-0.03177394754469015,0.21130753013551942,20
lsac,variance_group_mag2.0,xgb,kl_divergence,DI_star,-0.4242105263157893,0.1786621218050383,-0.40220995312367247,0.17958748060733415,20
lsac,variance_group_mag2.0,xgb,kl_divergence,AOD_star,-0.39766917293233073,0.19126346174398476,-0.3797976073275593,0.1781632372450492,20
lsac,variance_group_mag2.0,xgb,kl_divergence,BalAcc,-0.06556390977443609,0.1535156440587499,0.011309901857148414,0.14453142693960044,20
lsac,variance_group_mag2.0,xgb,per_subgroup_ewma[min_neg],DI_star,-0.39473684210526316,0.20847795120007787,-0.3940970660868309,0.232898655261821,20
lsac,variance_group_mag2.0,xgb,per_subgroup_ewma[min_neg],AOD_star,-0.3764661654135338,0.21590302479900803,-0.3762561249631658,0.2177156107687649,20
lsac,variance_group_mag2.0,xgb,per_subgroup_ewma[min_neg],BalAcc,-0.05233082706766917,0.16914760044258778,-0.03491215948111623,0.19558092816189193,20
lsac,variance_group_mag2.0,xgb,per_subgroup_baseline_relative[min_neg],DI_star,-0.32902255639097744,0.21830350259122666,-0.33543091964494465,0.2508938240929494,20
lsac,variance_group_mag2.0,xgb,per_subgroup_baseline_relative[min_neg],AOD_star,-0.3425563909774436,0.24031354949124792,-0.3215320505182647,0.24849707725355824,20
lsac,variance_group_mag2.0,xgb,per_subgroup_baseline_relative[min_neg],BalAcc,-0.048721804511278194,0.2537281072325186,-0.03314125892188573,0.24984942054012843,20
lsac,variance_group_mag2.0,xgb,per_subgroup_ewma[min_pos],DI_star,-0.2256390977443609,0.2615216478163061,-0.19148068302525825,0.2696095283123288,20
lsac,variance_group_mag2.0,xgb,per_subgroup_ewma[min_pos],AOD_star,-0.21902255639097742,0.251479774528696,-0.18328753552161053,0.2633026556101153,20
lsac,variance_group_mag2.0,xgb,per_subgroup_ewma[min_pos],BalAcc,-0.1112781954887218,0.17581191930127613,-0.1008533908700158,0.18205292089564698,20
lsac,variance_group_mag2.0,xgb,per_subgroup_baseline_relative[min_pos],DI_star,-0.04360902255639097,0.25609954110889666,-0.01635956168320457,0.23357291895040966,20
lsac,variance_group_mag2.0,xgb,per_subgroup_baseline_relative[min_pos],AOD_star,-0.022781954887218042,0.2333019948319837,-0.014498931631656359,0.2247904722668367,20
lsac,variance_group_mag2.0,xgb,per_subgroup_baseline_relative[min_pos],BalAcc,-0.13721804511278196,0.22567359488555908,-0.13276290909802743,0.1995433528502841,20
lsac,variance_group_mag2.0,xgb,per_subgroup_ewma[maj_neg],DI_star,-0.16526315789473683,0.2379515250224315,-0.1797908203706134,0.2125164414002668,20
lsac,variance_group_mag2.0,xgb,per_subgroup_ewma[maj_neg],AOD_star,-0.1582706766917293,0.24745816184190456,-0.15819497628044468,0.20891416839851726,20
lsac,variance_group_mag2.0,xgb,per_subgroup_ewma[maj_neg],BalAcc,-0.054661654135338356,0.2330372378643449,-0.018587305220990873,0.2515939919114572,20
lsac,variance_group_mag2.0,xgb,per_subgroup_baseline_relative[maj_neg],DI_star,-0.022706766917293234,0.2241251861005451,-0.05115184590447819,0.21821690306734984,20
lsac,variance_group_mag2.0,xgb,per_subgroup_baseline_relative[maj_neg],AOD_star,-0.02684210526315789,0.16143841175256596,-0.025552403433047006,0.15911571669117275,20
lsac,variance_group_mag2.0,xgb,per_subgroup_baseline_relative[maj_neg],BalAcc,-0.09105263157894736,0.29071619870851956,-0.07346304544822108,0.3102114616518368,20
lsac,variance_group_mag2.0,xgb,per_subgroup_ewma[maj_pos],DI_star,0.019999999999999997,0.3693375435036697,0.04596932506254457,0.35966888304790573,20
lsac,variance_group_mag2.0,xgb,per_subgroup_ewma[maj_pos],AOD_star,0.02210526315789472,0.34524138020443174,0.027698967465804823,0.31840918753492375,20
lsac,variance_group_mag2.0,xgb,per_subgroup_ewma[maj_pos],BalAcc,-0.04225563909774436,0.17354901485577082,-0.04840329591681379,0.1678609749587425,20
lsac,variance_group_mag2.0,xgb,per_subgroup_baseline_relative[maj_pos],DI_star,0.10548872180451127,0.2653695569437111,0.10153642835348464,0.24854254960914043,20
lsac,variance_group_mag2.0,xgb,per_subgroup_baseline_relative[maj_pos],AOD_star,0.09293233082706766,0.19964613389137162,0.09093108362024513,0.21347203503932805,20
lsac,variance_group_mag2.0,xgb,per_subgroup_baseline_relative[maj_pos],BalAcc,-0.04308270676691729,0.2371354073617311,-0.03968242608101643,0.21969496882419728,20
lsac,variance_group_mag2.5,lr,global_mean,DI_star,-0.0057586752017254345,0.2627408109332816,-0.006091324973251368,0.25717856376428433,20
lsac,variance_group_mag2.5,lr,global_mean,AOD_star,0.0412781954887218,0.21974626773458006,0.036371200805631665,0.23872886749331992,20
lsac,variance_group_mag2.5,lr,global_mean,BalAcc,0.06556390977443609,0.2352897689421988,0.07284445949120424,0.22343305048703047,20
lsac,variance_group_mag2.5,lr,global_ewma,DI_star,0.01630730389476552,0.26679561103195903,0.058326675460595404,0.2613169835029992,20
lsac,variance_group_mag2.5,lr,global_ewma,AOD_star,0.024210526315789474,0.18771405141052414,0.051314244101261376,0.2222062335838435,20
lsac,variance_group_mag2.5,lr,global_ewma,BalAcc,0.003233082706766923,0.1992854412486623,0.018328204761128335,0.21190290910246212,20
lsac,variance_group_mag2.5,lr,global_std,DI_star,-0.010647927255794415,0.2602494371400869,0.012982320396449105,0.25216102859630346,20
lsac,variance_group_mag2.5,lr,global_std,AOD_star,0.01308270676691729,0.24052212036287718,0.0187064298415494,0.24807125145373427,20
lsac,variance_group_mag2.5,lr,global_std,BalAcc,0.018721804511278205,0.24409701193425318,0.027170076290539025,0.22778098991204865,20
lsac,variance_group_mag2.5,lr,subgroup_violation_diff,DI_star,-0.09292653876364346,0.17789986445463168,-0.1103319505869225,0.1925036638688766,20
lsac,variance_group_mag2.5,lr,subgroup_violation_diff,AOD_star,-0.12172932330827065,0.21387004929968528,-0.1350433800592546,0.17558013803064526,20
lsac,variance_group_mag2.5,lr,subgroup_violation_diff,BalAcc,-0.006015037593984964,0.29370696237938787,0.019095431321283475,0.292507558591892,20
lsac,variance_group_mag2.5,lr,max_subgroup_deviation,DI_star,0.024508157313599555,0.22336836309862448,0.05647082053237144,0.20496682446481881,20
lsac,variance_group_mag2.5,lr,max_subgroup_deviation,AOD_star,0.04984962406015038,0.23054709822010433,0.08698418956747864,0.22722398331107813,20
lsac,variance_group_mag2.5,lr,max_subgroup_deviation,BalAcc,0.011428571428571436,0.21851098791622958,0.01771370056087899,0.22672641700709376,20
lsac,variance_group_mag2.5,lr,assignment_proportion_drift,DI_star,0.0632563676844617,0.19505212056629603,0.04903147896860725,0.16052703634187948,20
lsac,variance_group_mag2.5,lr,assignment_proportion_drift,AOD_star,0.025192240522464902,0.22680497504492705,0.018096248241626662,0.19217872135349054,20
lsac,variance_group_mag2.5,lr,assignment_proportion_drift,BalAcc,0.0051966242485324225,0.18596437241746008,-0.022360245302572725,0.19843421446880247,20
lsac,variance_group_mag2.5,lr,ks_statistic,DI_star,-0.0533649941665079,0.21090633415976895,-0.0542792745279848,0.2045944481516874,20
lsac,variance_group_mag2.5,lr,ks_statistic,AOD_star,-0.03736842105263158,0.21286789890040128,-0.0215499063457917,0.20211059440201706,20
lsac,variance_group_mag2.5,lr,ks_statistic,BalAcc,0.06443609022556392,0.16926966323915635,0.0806560635810276,0.16581479620644105,20
lsac,variance_group_mag2.5,lr,kl_divergence,DI_star,-0.008887261132716937,0.27442670247601936,0.0066775972694495655,0.26147915234667607,20
lsac,variance_group_mag2.5,lr,kl_divergence,AOD_star,-0.006691729323308268,0.19254902176948543,0.006817029318771714,0.2350397014998763,20
lsac,variance_group_mag2.5,lr,kl_divergence,BalAcc,0.021879699248120294,0.1995344658266953,0.04100496604637243,0.18757622322290776,20
lsac,variance_group_mag2.5,lr,per_subgroup_ewma[min_neg],DI_star,-0.005693599292857265,0.26748482842938753,0.04319198500936529,0.2550106806384349,20
lsac,variance_group_mag2.5,lr,per_subgroup_ewma[min_neg],AOD_star,0.008947368421052626,0.18379697325744204,0.035484633064759505,0.22028449203307335,20
lsac,variance_group_mag2.5,lr,per_subgroup_ewma[min_neg],BalAcc,0.006315789473684214,0.19053147858723002,0.025640835209229357,0.20673202648631353,20
lsac,variance_group_mag2.5,lr,per_subgroup_baseline_relative[min_neg],DI_star,-0.045369059949416826,0.24768644710646204,-0.029447548577461975,0.242954010477336,20
lsac,variance_group_mag2.5,lr,per_subgroup_baseline_relative[min_neg],AOD_star,0.001052631578947371,0.19253529550076717,0.0016363027115319298,0.22526870035959864,20
lsac,variance_group_mag2.5,lr,per_subgroup_baseline_relative[min_neg],BalAcc,0.06451127819548871,0.21010693997423732,0.08620241388580943,0.21316591495313464,20
lsac,variance_group_mag2.5,lr,per_subgroup_ewma[min_pos],DI_star,-0.009260396640939302,0.2609347625088716,0.013798815163829872,0.2531623486795538,20
lsac,variance_group_mag2.5,lr,per_subgroup_ewma[min_pos],AOD_star,0.008721804511278197,0.20580780972152382,0.023330038295303144,0.22138687576101115,20
lsac,variance_group_mag2.5,lr,per_subgroup_ewma[min_pos],BalAcc,0.03015037593984963,0.26809271002811463,0.02595743564353049,0.253856578871631,20
lsac,variance_group_mag2.5,lr,per_subgroup_baseline_relative[min_pos],DI_star,-0.018544567057620993,0.235234986484225,-0.01268691087325551,0.24542020153832375,20
lsac,variance_group_mag2.5,lr,per_subgroup_baseline_relative[min_pos],AOD_star,0.010601503759398497,0.22767209054456936,0.0188632946355357,0.2343003939144877,20
lsac,variance_group_mag2.5,lr,per_subgroup_baseline_relative[min_pos],BalAcc,0.03323308270676693,0.258501839179707,0.01052091749411975,0.26625565727873085,20
lsac,variance_group_mag2.5,lr,per_subgroup_ewma[maj_neg],DI_star,0.01664959645601727,0.2941118034917633,0.04798495175494003,0.30266364089153985,20
lsac,variance_group_mag2.5,lr,per_subgroup_ewma[maj_neg],AOD_star,0.019924812030075175,0.23518377541785832,0.03233225878870757,0.2722028140362925,20
lsac,variance_group_mag2.5,lr,per_subgroup_ewma[maj_neg],BalAcc,-5.551115123125783e-18,0.2545021155379141,-0.0004523652525972144,0.24059655955623835,20
lsac,variance_group_mag2.5,lr,per_subgroup_baseline_relative[maj_neg],DI_star,-0.007417004350189191,0.1946567221648718,0.006177245682595489,0.23025272688131795,20
lsac,variance_group_mag2.5,lr,per_subgroup_baseline_relative[maj_neg],AOD_star,0.02473684210526316,0.17345033565353296,0.035606728957071315,0.22855633773308442,20
lsac,variance_group_mag2.5,lr,per_subgroup_baseline_relative[maj_neg],BalAcc,0.04601503759398496,0.30121483165542073,0.03730051529394464,0.29659274874412855,20
lsac,variance_group_mag2.5,lr,per_subgroup_ewma[maj_pos],DI_star,0.12635712085984957,0.19391549285605056,0.117953738265802,0.19151675949475291,20
lsac,variance_group_mag2.5,lr,per_subgroup_ewma[maj_pos],AOD_star,0.10263157894736843,0.17859058069040126,0.10631434741309438,0.18932955961803227,20
lsac,variance_group_mag2.5,lr,per_subgroup_ewma[maj_pos],BalAcc,-0.02,0.17146754602461256,0.007699839802881995,0.19423282233113312,20
lsac,variance_group_mag2.5,lr,per_subgroup_baseline_relative[maj_pos],DI_star,0.12338843508077738,0.1916364450579956,0.13110884730273997,0.18584360233989128,20
lsac,variance_group_mag2.5,lr,per_subgroup_baseline_relative[maj_pos],AOD_star,0.15969924812030073,0.21214288046005364,0.16854731990813773,0.19066799583605845,20
lsac,variance_group_mag2.5,lr,per_subgroup_baseline_relative[maj_pos],BalAcc,0.02939849624060149,0.2188713797533157,0.0046414414790465165,0.23302630769291363,20
lsac,variance_group_mag2.5,xgb,global_mean,DI_star,-0.37631578947368416,0.21345644843632416,-0.3834962830466905,0.21525072445966423,20
lsac,variance_group_mag2.5,xgb,global_mean,AOD_star,-0.3790225563909775,0.22778975710317087,-0.3617282899210316,0.21071209562251328,20
lsac,variance_group_mag2.5,xgb,global_mean,BalAcc,-0.07210526315789473,0.1965589415190674,-0.05001277097520438,0.20682601704527084,20
lsac,variance_group_mag2.5,xgb,global_ewma,DI_star,-0.43060150375939854,0.2211642473056611,-0.4236389791281521,0.22206401407175153,20
lsac,variance_group_mag2.5,xgb,global_ewma,AOD_star,-0.42451127819548873,0.2264579275379158,-0.4093902671904296,0.2176505717845039,20
lsac,variance_group_mag2.5,xgb,global_ewma,BalAcc,-0.059548872180451115,0.17585654476634835,-0.042951714798313764,0.18254563724947492,20
lsac,variance_group_mag2.5,xgb,global_std,DI_star,-0.4202255639097744,0.2205935978615224,-0.4065040220810793,0.21579332157728148,20
lsac,variance_group_mag2.5,xgb,global_std,AOD_star,-0.4139097744360901,0.24335774425678483,-0.3905801453295602,0.22112763911567485,20
lsac,variance_group_mag2.5,xgb,global_std,BalAcc,-0.058796992481203,0.19587694245193316,-0.0343501385325942,0.18299505879814135,20
lsac,variance_group_mag2.5,xgb,subgroup_violation_diff,DI_star,-0.2656390977443609,0.1746998750900891,-0.25667885246505584,0.16669401094307307,20
lsac,variance_group_mag2.5,xgb,subgroup_violation_diff,AOD_star,-0.24473684210526314,0.14741895328199872,-0.25939790531811646,0.1382625733328595,20
lsac,variance_group_mag2.5,xgb,subgroup_violation_diff,BalAcc,-0.013609022556390987,0.2719396080611873,-0.00740850481238065,0.276204629895411,20
lsac,variance_group_mag2.5,xgb,max_subgroup_deviation,DI_star,-0.23984962406015037,0.26561112157929045,-0.24582431970031307,0.2548858357351113,20
lsac,variance_group_mag2.5,xgb,max_subgroup_deviation,AOD_star,-0.2208270676691729,0.2807049084588283,-0.2297345722374949,0.2578501793497679,20
lsac,variance_group_mag2.5,xgb,max_subgroup_deviation,BalAcc,-0.004285714285714282,0.24268145837057753,-0.01686178211978114,0.2351953552715008,20
lsac,variance_group_mag2.5,xgb,assignment_proportion_drift,DI_star,-0.010933274034958869,0.19397267957400918,-0.021318417344689655,0.1909241547848096,20
lsac,variance_group_mag2.5,xgb,assignment_proportion_drift,AOD_star,-0.01051409792069195,0.2156682430399223,-0.014978935985875439,0.19774651793953324,20
lsac,variance_group_mag2.5,xgb,assignment_proportion_drift,BalAcc,-0.023538868800917895,0.14152906060480167,-0.018747629732457822,0.157232158344222,20
lsac,variance_group_mag2.5,xgb,ks_statistic,DI_star,-0.2600751879699248,0.23572620516445,-0.236295328019978,0.22921705256306202,20
lsac,variance_group_mag2.5,xgb,ks_statistic,AOD_star,-0.232781954887218,0.21727923570183066,-0.2193514147613574,0.20633044197721342,20
lsac,variance_group_mag2.5,xgb,ks_statistic,BalAcc,-0.015263157894736831,0.22022723246543538,-0.018246246675503695,0.21295621870243434,20
lsac,variance_group_mag2.5,xgb,kl_divergence,DI_star,-0.48150375939849627,0.206356448349034,-0.4631302867768369,0.19396696641525854,20
lsac,variance_group_mag2.5,xgb,kl_divergence,AOD_star,-0.4614285714285714,0.20843931990383158,-0.43637854053158537,0.19041224059259076,20
lsac,variance_group_mag2.5,xgb,kl_divergence,BalAcc,-0.05,0.14744962853827198,0.01317047088047901,0.15621240389498298,20
lsac,variance_group_mag2.5,xgb,per_subgroup_ewma[min_neg],DI_star,-0.45969924812030066,0.23013616568717254,-0.4413506862003838,0.23099623755128326,20
lsac,variance_group_mag2.5,xgb,per_subgroup_ewma[min_neg],AOD_star,-0.44556390977443616,0.2331322285495238,-0.43068565215107524,0.22439272674380117,20
lsac,variance_group_mag2.5,xgb,per_subgroup_ewma[min_neg],BalAcc,-0.04789473684210526,0.17107817705637682,-0.03231232876483533,0.18679535579677642,20
lsac,variance_group_mag2.5,xgb,per_subgroup_baseline_relative[min_neg],DI_star,-0.44097744360902247,0.23584915377532484,-0.4307283581978866,0.23846656116606893,20
lsac,variance_group_mag2.5,xgb,per_subgroup_baseline_relative[min_neg],AOD_star,-0.43669172932330824,0.2508243630513565,-0.4101353184943461,0.22849865693982815,20
lsac,variance_group_mag2.5,xgb,per_subgroup_baseline_relative[min_neg],BalAcc,-0.048872180451127824,0.23624605747422028,-0.022597745188193838,0.21945999674721278,20
lsac,variance_group_mag2.5,xgb,per_subgroup_ewma[min_pos],DI_star,-0.3218796992481203,0.2786882346207035,-0.3034766580231078,0.2800136652393426,20
lsac,variance_group_mag2.5,xgb,per_subgroup_ewma[min_pos],AOD_star,-0.31661654135338346,0.2711551639887582,-0.29343007547620326,0.27137745902351873,20
lsac,variance_group_mag2.5,xgb,per_subgroup_ewma[min_pos],BalAcc,-0.09180451127819549,0.19355169601694588,-0.07950490066483389,0.18975590518830834,20
lsac,variance_group_mag2.5,xgb,per_subgroup_baseline_relative[min_pos],DI_star,-0.1436842105263158,0.2480908959564078,-0.14279509010409944,0.2373333205225976,20
lsac,variance_group_mag2.5,xgb,per_subgroup_baseline_relative[min_pos],AOD_star,-0.13030075187969925,0.23328600156867255,-0.14066517357979674,0.23410362570549154,20
lsac,variance_group_mag2.5,xgb,per_subgroup_baseline_relative[min_pos],BalAcc,-0.12360902255639097,0.20662967420586756,-0.10399989260837508,0.1874051900970087,20
lsac,variance_group_mag2.5,xgb,per_subgroup_ewma[maj_neg],DI_star,-0.2251127819548872,0.2342628865306095,-0.23261036664206763,0.24296229344821071,20
lsac,variance_group_mag2.5,xgb,per_subgroup_ewma[maj_neg],AOD_star,-0.21721804511278192,0.24965733766773737,-0.21127444296639233,0.24319012164239612,20
lsac,variance_group_mag2.5,xgb,per_subgroup_ewma[maj_neg],BalAcc,-0.03172932330827068,0.24753811854168023,-0.01341306012004421,0.23360672950240488,20
lsac,variance_group_mag2.5,xgb,per_subgroup_baseline_relative[maj_neg],DI_star,-0.08060150375939848,0.19062628303580428,-0.10917241893266465,0.19764995754874065,20
lsac,variance_group_mag2.5,xgb,per_subgroup_baseline_relative[maj_neg],AOD_star,-0.07503759398496239,0.19254163759894272,-0.08614631945837564,0.20105083501610835,20
lsac,variance_group_mag2.5,xgb,per_subgroup_baseline_relative[maj_neg],BalAcc,-0.024661654135338336,0.28633742889098446,-0.03219029883028192,0.27744852148023674,20
lsac,variance_group_mag2.5,xgb,per_subgroup_ewma[maj_pos],DI_star,-0.049172932330827056,0.4078311096904194,-0.020207281684689223,0.4061209113046923,20
lsac,variance_group_mag2.5,xgb,per_subgroup_ewma[maj_pos],AOD_star,-0.044135338345864666,0.39909651908407817,-0.029720843285911624,0.36434527992561544,20
lsac,variance_group_mag2.5,xgb,per_subgroup_ewma[maj_pos],BalAcc,-0.01548872180451128,0.17104435243948152,-0.03834950969645169,0.18076800963801642,20
lsac,variance_group_mag2.5,xgb,per_subgroup_baseline_relative[maj_pos],DI_star,0.07503759398496239,0.24492954080571155,0.05946817554828192,0.2371933533121483,20
lsac,variance_group_mag2.5,xgb,per_subgroup_baseline_relative[maj_pos],AOD_star,0.060751879699248126,0.20970915522902953,0.05619977529001495,0.2005212756453483,20
lsac,variance_group_mag2.5,xgb,per_subgroup_baseline_relative[maj_pos],BalAcc,-0.04578947368421052,0.23701818254973184,-0.04672228896646378,0.21839450277399464,20
lsac,variance_global_mag1.5,lr,global_mean,DI_star,0.044314610959731784,0.27204218223354454,0.05038362446419735,0.2245952938806863,20
lsac,variance_global_mag1.5,lr,global_mean,AOD_star,0.25030075187969925,0.23278150560466443,0.2311748867592009,0.18484514832266888,20
lsac,variance_global_mag1.5,lr,global_mean,BalAcc,0.03894736842105263,0.23196671957732132,0.022964801468578915,0.24178632804731193,20
lsac,variance_global_mag1.5,lr,global_ewma,DI_star,0.06461898908871948,0.27250308170089754,0.09407198655194834,0.2586713358351025,20
lsac,variance_global_mag1.5,lr,global_ewma,AOD_star,0.2716541353383458,0.22049352596218663,0.2925894451144056,0.198227573143024,20
lsac,variance_global_mag1.5,lr,global_ewma,BalAcc,0.011804511278195488,0.20772098410159587,-0.0035793439624858094,0.23997600354624893,20
lsac,variance_global_mag1.5,lr,global_std,DI_star,0.03943430545232514,0.24946853050437992,0.03535500740568996,0.2445229385381569,20
lsac,variance_global_mag1.5,lr,global_std,AOD_star,0.2195488721804511,0.2482392059586454,0.22361799744411348,0.2492372174335482,20
lsac,variance_global_mag1.5,lr,global_std,BalAcc,0.02105263157894737,0.23527323800904987,0.03705523096538985,0.2354317657749824,20
lsac,variance_global_mag1.5,lr,subgroup_violation_diff,DI_star,0.01572629766505377,0.22373026737093835,0.07169387701889623,0.19103243856764304,20
lsac,variance_global_mag1.5,lr,subgroup_violation_diff,AOD_star,-0.0506766917293233,0.25912314032957323,0.06454116753005731,0.2258964029515743,20
lsac,variance_global_mag1.5,lr,subgroup_violation_diff,BalAcc,-0.06172932330827067,0.23339754385447647,-0.03663967684685027,0.2588263630043348,20
lsac,variance_global_mag1.5,lr,max_subgroup_deviation,DI_star,-0.007717390673172647,0.2745020231877036,0.03475018574386486,0.23313373688337358,20
lsac,variance_global_mag1.5,lr,max_subgroup_deviation,AOD_star,0.13984962406015036,0.25051521335822863,0.19785126837449218,0.20446800631028048,20
lsac,variance_global_mag1.5,lr,max_subgroup_deviation,BalAcc,0.007518796992481203,0.24884787378746256,0.024620816739944422,0.2673785506816691,20
lsac,variance_global_mag1.5,lr,assignment_proportion_drift,DI_star,-0.06764174397131537,0.22420553369386628,-7.830136866870951e-05,0.22713224464399012,20
lsac,variance_global_mag1.5,lr,assignment_proportion_drift,AOD_star,-0.035929576943003534,0.1999872819621371,0.12055706817813865,0.1887632147697358,20
lsac,variance_global_mag1.5,lr,assignment_proportion_drift,BalAcc,0.0017647355134584124,0.25410818216533504,0.01977927958369819,0.2671829400974966,20
lsac,variance_global_mag1.5,lr,ks_statistic,DI_star,0.07078190957616826,0.24592356307465482,0.06314515276801563,0.24274808038880083,20
lsac,variance_global_mag1.5,lr,ks_statistic,AOD_star,0.2541353383458646,0.2103651370118923,0.2545150938934513,0.20554781619361615,20
lsac,variance_global_mag1.5,lr,ks_statistic,BalAcc,-0.01714285714285714,0.1516632120477189,0.004642778195872908,0.21044424755875013,20
lsac,variance_global_mag1.5,lr,kl_divergence,DI_star,0.055444923554989776,0.2513800976759523,0.09538960713423478,0.23274356481992198,20
lsac,variance_global_mag1.5,lr,kl_divergence,AOD_star,0.2565413533834586,0.22129310228543858,0.28022861089851675,0.20588067150267939,20
lsac,variance_global_mag1.5,lr,kl_divergence,BalAcc,0.007894736842105263,0.22169609941364105,0.0026163128641932083,0.1959716417566399,20
lsac,variance_global_mag1.5,lr,per_subgroup_ewma[min_neg],DI_star,0.06551727851765796,0.26589371193418604,0.08660274273201175,0.2592761147390728,20
lsac,variance_global_mag1.5,lr,per_subgroup_ewma[min_neg],AOD_star,0.2736090225563909,0.21190604541717586,0.2864424135483413,0.19421645350687536,20
lsac,variance_global_mag1.5,lr,per_subgroup_ewma[min_neg],BalAcc,0.010827067669172935,0.20010828658757565,-0.0023144944042640973,0.2436166012205308,20
lsac,variance_global_mag1.5,lr,per_subgroup_baseline_relative[min_neg],DI_star,0.04377866294558559,0.2580049884601923,0.035060549567995807,0.23507295981762777,20
lsac,variance_global_mag1.5,lr,per_subgroup_baseline_relative[min_neg],AOD_star,0.2011278195488722,0.19551293950628296,0.2117961921226636,0.18175808178939215,20
lsac,variance_global_mag1.5,lr,per_subgroup_baseline_relative[min_neg],BalAcc,-0.0009774436090225574,0.22439308916656314,0.023860078462215373,0.2478273281456818,20
lsac,variance_global_mag1.5,lr,per_subgroup_ewma[min_pos],DI_star,0.0650724966343639,0.2636720544042369,0.09328466774012092,0.2560822657033557,20
lsac,variance_global_mag1.5,lr,per_subgroup_ewma[min_pos],AOD_star,0.2657142857142857,0.22180787559574158,0.2822177210628478,0.203274417804933,20
lsac,variance_global_mag1.5,lr,per_subgroup_ewma[min_pos],BalAcc,-0.004210526315789468,0.21546705104870462,-0.008057942390759762,0.24608382872159765,20
lsac,variance_global_mag1.5,lr,per_subgroup_baseline_relative[min_pos],DI_star,0.015721055038598337,0.2539930507268447,0.04155541764718778,0.2264571988702649,20
lsac,variance_global_mag1.5,lr,per_subgroup_baseline_relative[min_pos],AOD_star,0.17107504785897834,0.24024887761660152,0.19897848755637787,0.2013854256066417,20
lsac,variance_global_mag1.5,lr,per_subgroup_baseline_relative[min_pos],BalAcc,0.028016981797192086,0.2399227561605219,0.021879729318081815,0.2591453527937282,20
lsac,variance_global_mag1.5,lr,per_subgroup_ewma[maj_neg],DI_star,0.06853035000887343,0.26772216209313443,0.09363881494491007,0.2588782787173887,20
lsac,variance_global_mag1.5,lr,per_subgroup_ewma[maj_neg],AOD_star,0.2701503759398497,0.21710363245164357,0.2935281979066843,0.20521966261612853,20
lsac,variance_global_mag1.5,lr,per_subgroup_ewma[maj_neg],BalAcc,-0.005864661654135335,0.20710479570629262,-0.000459820995466019,0.23814639578930943,20
lsac,variance_global_mag1.5,lr,per_subgroup_baseline_relative[maj_neg],DI_star,0.027493604769114277,0.28710710949274215,0.04928487022151833,0.22698206171928043,20
lsac,variance_global_mag1.5,lr,per_subgroup_baseline_relative[maj_neg],AOD_star,0.25510677080451327,0.2302316579206821,0.23341587420035226,0.1874069918846581,20
lsac,variance_global_mag1.5,lr,per_subgroup_baseline_relative[maj_neg],BalAcc,0.06376716268557106,0.19789247386379555,0.030807934074364645,0.23677614882056983,20
lsac,variance_global_mag1.5,lr,per_subgroup_ewma[maj_pos],DI_star,0.06958298158782078,0.2715327071592015,0.08032811428238038,0.26654749102792036,20
lsac,variance_global_mag1.5,lr,per_subgroup_ewma[maj_pos],AOD_star,0.275563909774436,0.2271791167022929,0.28014354446555884,0.20717461028223452,20
lsac,variance_global_mag1.5,lr,per_subgroup_ewma[maj_pos],BalAcc,0.01022556390977444,0.209828381238528,0.0001560160021714302,0.24432178636020835,20
lsac,variance_global_mag1.5,lr,per_subgroup_baseline_relative[maj_pos],DI_star,0.08709429944114451,0.25396429948363825,0.046405779114670594,0.2332639165088179,20
lsac,variance_global_mag1.5,lr,per_subgroup_baseline_relative[maj_pos],AOD_star,0.2793233082706767,0.24819724257010164,0.2163864379685342,0.20692718713497085,20
lsac,variance_global_mag1.5,lr,per_subgroup_baseline_relative[maj_pos],BalAcc,0.03721804511278195,0.23352123433078592,0.029483888995201723,0.260390066936998,20
lsac,variance_global_mag1.5,xgb,global_mean,DI_star,-0.19992481203007517,0.24442242140591172,-0.12573381860128477,0.2874771342064024,20
lsac,variance_global_mag1.5,xgb,global_mean,AOD_star,-0.4420300751879699,0.18558211180393072,-0.6414354277920615,0.11640434264296856,20
lsac,variance_global_mag1.5,xgb,global_mean,BalAcc,-0.44233082706766913,0.12362079869997362,-0.8721762553579845,0.07564528531955031,20
lsac,variance_global_mag1.5,xgb,global_ewma,DI_star,-0.19812030075187967,0.2445229653450819,-0.19550425342991534,0.26465063455127164,20
lsac,variance_global_mag1.5,xgb,global_ewma,AOD_star,-0.43390977443609013,0.1806330380087241,-0.5386207292541075,0.15549106255425896,20
lsac,variance_global_mag1.5,xgb,global_ewma,BalAcc,-0.4563909774436089,0.1187022559343746,-0.7127230319973527,0.067018939814684,20
lsac,variance_global_mag1.5,xgb,global_std,DI_star,-0.22285714285714292,0.23136334070220163,-0.23048084122718962,0.22573140557679033,20
lsac,variance_global_mag1.5,xgb,global_std,AOD_star,-0.30022556390977445,0.27977170821454034,-0.3718866356166947,0.3123848403997616,20
lsac,variance_global_mag1.5,xgb,global_std,BalAcc,-0.2742105263157894,0.2560400548650364,-0.45412604993189376,0.29509636727223465,20
lsac,variance_global_mag1.5,xgb,subgroup_violation_diff,DI_star,0.13436090225563907,0.23926096240161268,0.14382692126412158,0.21826513892367536,20
lsac,variance_global_mag1.5,xgb,subgroup_violation_diff,AOD_star,-0.06015037593984962,0.372152653325085,-0.05078689565586634,0.614100797820402,20
lsac,variance_global_mag1.5,xgb,subgroup_violation_diff,BalAcc,-0.10210526315789474,0.5548621344453771,-0.1624461174164436,0.8768374032466228,20
lsac,variance_global_mag1.5,xgb,max_subgroup_deviation,DI_star,-0.07315789473684209,0.25267824264704025,-0.08081146003548909,0.26192862939366485,20
lsac,variance_global_mag1.5,xgb,max_subgroup_deviation,AOD_star,-0.39804511278195487,0.1758190575645403,-0.6131427699299301,0.10871596532888926,20
lsac,variance_global_mag1.5,xgb,max_subgroup_deviation,BalAcc,-0.49075187969924805,0.12586679510592932,-0.8648108389879914,0.09340147599431899,20
lsac,variance_global_mag1.5,xgb,assignment_proportion_drift,DI_star,0.06717346707873412,0.2478907233828295,-0.02693711480550297,0.24818236615426847,20
lsac,variance_global_mag1.5,xgb,assignment_proportion_drift,AOD_star,-0.42893032730159736,0.16853791204483876,-0.6411668616821256,0.1065953376374053,20
lsac,variance_global_mag1.5,xgb,assignment_proportion_drift,BalAcc,-0.5106435098449349,0.12392522623623209,-0.9054186073548317,0.04124260382798955,20
lsac,variance_global_mag1.5,xgb,ks_statistic,DI_star,-0.17714285714285713,0.2515136381619667,-0.1570626854803489,0.27642839140236347,20
lsac,variance_global_mag1.5,xgb,ks_statistic,AOD_star,-0.41436090225563904,0.17966399440269223,-0.5710674421715431,0.1695060971179111,20
lsac,variance_global_mag1.5,xgb,ks_statistic,BalAcc,-0.45240601503759387,0.13249415331035558,-0.7959244009075152,0.05664642979208707,20
lsac,variance_global_mag1.5,xgb,kl_divergence,DI_star,-0.2018045112781955,0.23983647169727704,-0.20557099931441503,0.22810858823458482,20
lsac,variance_global_mag1.5,xgb,kl_divergence,AOD_star,-0.4354135338345865,0.1826584762445381,-0.31964704545807837,0.1996371883750101,20
lsac,variance_global_mag1.5,xgb,kl_divergence,BalAcc,-0.4519548872180451,0.12540440546645992,-0.42544694933652566,0.07946730614417784,20
lsac,variance_global_mag1.5,xgb,per_subgroup_ewma[min_neg],DI_star,-0.198796992481203,0.2433785227165499,-0.194047878503767,0.2674763657898216,20
lsac,variance_global_mag1.5,xgb,per_subgroup_ewma[min_neg],AOD_star,-0.4348120300751879,0.17628029204845877,-0.5524237269428458,0.1522818354823228,20
lsac,variance_global_mag1.5,xgb,per_subgroup_ewma[min_neg],BalAcc,-0.4521052631578947,0.11347284623920127,-0.7304778736453336,0.05982695349139054,20
lsac,variance_global_mag1.5,xgb,per_subgroup_baseline_relative[min_neg],DI_star,-0.1158646616541353,0.31890673206973613,-0.12096215782369257,0.3069651497027269,20
lsac,variance_global_mag1.5,xgb,per_subgroup_baseline_relative[min_neg],AOD_star,-0.41458646616541345,0.20844953097759747,-0.6439559642516416,0.12723998497810796,20
lsac,variance_global_mag1.5,xgb,per_subgroup_baseline_relative[min_neg],BalAcc,-0.44210526315789467,0.1117779875602727,-0.871711169700597,0.07463442732746549,20
lsac,variance_global_mag1.5,xgb,per_subgroup_ewma[min_pos],DI_star,-0.19676691729323306,0.2369126401711613,-0.19472695154909522,0.2602539650137198,20
lsac,variance_global_mag1.5,xgb,per_subgroup_ewma[min_pos],AOD_star,-0.4348120300751878,0.16634479821523424,-0.5457210242205182,0.15245917146608598,20
lsac,variance_global_mag1.5,xgb,per_subgroup_ewma[min_pos],BalAcc,-0.45699248120300745,0.11722853430572908,-0.7130596595624513,0.09704485979458093,20
lsac,variance_global_mag1.5,xgb,per_subgroup_baseline_relative[min_pos],DI_star,-0.09219118060727709,0.23635061644812702,-0.08190870043089282,0.24901128371146541,20
lsac,variance_global_mag1.5,xgb,per_subgroup_baseline_relative[min_pos],AOD_star,-0.3774603678064812,0.18639966906673308,-0.5911159361096608,0.1362028243876681,20
lsac,variance_global_mag1.5,xgb,per_subgroup_baseline_relative[min_pos],BalAcc,-0.4454359454587025,0.1970363002748418,-0.826032168973361,0.17728877751571076,20
lsac,variance_global_mag1.5,xgb,per_subgroup_ewma[maj_neg],DI_star,-0.19864661654135338,0.23459027373042615,-0.19627147911886705,0.25550060498815985,20
lsac,variance_global_mag1.5,xgb,per_subgroup_ewma[maj_neg],AOD_star,-0.4265413533834586,0.1704975874542446,-0.5348645494017303,0.1560157468225599,20
lsac,variance_global_mag1.5,xgb,per_subgroup_ewma[maj_neg],BalAcc,-0.4512030075187969,0.11177745651595954,-0.7073942612593936,0.07798738831229816,20
lsac,variance_global_mag1.5,xgb,per_subgroup_baseline_relative[maj_neg],DI_star,-0.14103349822533257,0.1949466830830961,-0.0861631172815337,0.23884855078022812,20
lsac,variance_global_mag1.5,xgb,per_subgroup_baseline_relative[maj_neg],AOD_star,-0.3862016547020023,0.13343960456510248,-0.5949959800952209,0.12046146450036262,20
lsac,variance_global_mag1.5,xgb,per_subgroup_baseline_relative[maj_neg],BalAcc,-0.4303940539650414,0.1430219369989122,-0.8502767754393947,0.10453950000485085,20
lsac,variance_global_mag1.5,xgb,per_subgroup_ewma[maj_pos],DI_star,-0.20187969924812027,0.2408442736676888,-0.19505079540354853,0.2630610961526936,20
lsac,variance_global_mag1.5,xgb,per_subgroup_ewma[maj_pos],AOD_star,-0.4352631578947367,0.17691617483645486,-0.5583779190097584,0.1595184544111694,20
lsac,variance_global_mag1.5,xgb,per_subgroup_ewma[maj_pos],BalAcc,-0.4564661654135338,0.11678845983056628,-0.7388641211020548,0.04960248660524619,20
lsac,variance_global_mag1.5,xgb,per_subgroup_baseline_relative[maj_pos],DI_star,-0.1537593984962406,0.2462866283104446,-0.09080941222896514,0.2601510061340361,20
lsac,variance_global_mag1.5,xgb,per_subgroup_baseline_relative[maj_pos],AOD_star,-0.4185714285714286,0.19736363760762643,-0.6501550294360274,0.1196088704409041,20
lsac,variance_global_mag1.5,xgb,per_subgroup_baseline_relative[maj_pos],BalAcc,-0.4716541353383459,0.13127335081363709,-0.9094347025121052,0.03582249320132602,20
lsac,variance_global_mag2.0,lr,global_mean,DI_star,0.08962098336077887,0.2663481928546733,0.09914386176490783,0.22320141938560248,20
lsac,variance_global_mag2.0,lr,global_mean,AOD_star,0.4143609022556391,0.2060334084339744,0.39348678821125893,0.16071147025241558,20
lsac,variance_global_mag2.0,lr,global_mean,BalAcc,0.047744360902255645,0.22636642952539976,0.025550111647344748,0.24200349963317141,20
lsac,variance_global_mag2.0,lr,global_ewma,DI_star,0.0936822111429165,0.26339553232378776,0.12816290045301226,0.2541674008849768,20
lsac,variance_global_mag2.0,lr,global_ewma,AOD_star,0.4160150375939849,0.19912879105093167,0.4397205233184257,0.17377481244493329,20
lsac,variance_global_mag2.0,lr,global_ewma,BalAcc,0.036842105263157884,0.22032128006181126,0.005719334257354628,0.243106951108716,20
lsac,variance_global_mag2.0,lr,global_std,DI_star,0.08075647983165854,0.2696657120452092,0.09088160017936536,0.2459757513039536,20
lsac,variance_global_mag2.0,lr,global_std,AOD_star,0.38060150375939844,0.23059840257186962,0.3941654606634114,0.19832857010510968,20
lsac,variance_global_mag2.0,lr,global_std,BalAcc,0.02218045112781955,0.24848816430405138,0.01220654730316915,0.2454794937856859,20
lsac,variance_global_mag2.0,lr,subgroup_violation_diff,DI_star,-0.010866708269138414,0.1849631646509605,0.026236443410915734,0.16197122214057114,20
lsac,variance_global_mag2.0,lr,subgroup_violation_diff,AOD_star,-0.1281954887218045,0.28447212172331326,-0.037971583030262546,0.2551176739399716,20
lsac,variance_global_mag2.0,lr,subgroup_violation_diff,BalAcc,-0.017819548872180443,0.19934840716324048,-0.016192689750743613,0.24875919965708185,20
lsac,variance_global_mag2.0,lr,max_subgroup_deviation,DI_star,0.03239588621852865,0.25619555580359277,0.04642055855624,0.223469681258838,20
lsac,variance_global_mag2.0,lr,max_subgroup_deviation,AOD_star,0.2845864661654135,0.2325533037043872,0.30006203613793797,0.1947549487402219,20
lsac,variance_global_mag2.0,lr,max_subgroup_deviation,BalAcc,0.022180451127819547,0.24513209712171505,0.003777882482059311,0.2653809805673865,20
lsac,variance_global_mag2.0,lr,assignment_proportion_drift,DI_star,-0.047152968230507686,0.20204218271581245,0.00029166468211659635,0.19035547916795156,20
lsac,variance_global_mag2.0,lr,assignment_proportion_drift,AOD_star,-0.024125509751941138,0.17930960328470533,0.12059335241442933,0.16169910232402737,20
lsac,variance_global_mag2.0,lr,assignment_proportion_drift,BalAcc,-0.01656876710700862,0.23748679130660325,0.006682584045299547,0.261082048546792,20
lsac,variance_global_mag2.0,lr,ks_statistic,DI_star,0.09097326400925829,0.2469784637267823,0.09475071583760933,0.2465118400104483,20
lsac,variance_global_mag2.0,lr,ks_statistic,AOD_star,0.39503759398496235,0.19431347132897775,0.39617734294990486,0.18115813410853945,20
lsac,variance_global_mag2.0,lr,ks_statistic,BalAcc,0.015939849624060143,0.20853049671270113,-0.006845069946271104,0.23500604672884132,20
lsac,variance_global_mag2.0,lr,kl_divergence,DI_star,0.10052491244088309,0.27050238730583787,0.13533070643910577,0.2608305154108841,20
lsac,variance_global_mag2.0,lr,kl_divergence,AOD_star,0.4109774436090225,0.21825196307233635,0.4296455813301458,0.1835574718472286,20
lsac,variance_global_mag2.0,lr,kl_divergence,BalAcc,0.03383458646616542,0.21970202712420042,0.01022344167616203,0.21360401430022508,20
lsac,variance_global_mag2.0,lr,per_subgroup_ewma[min_neg],DI_star,0.09281518351998617,0.2619253970481333,0.12399192718245278,0.254317328966381,20
lsac,variance_global_mag2.0,lr,per_subgroup_ewma[min_neg],AOD_star,0.4172932330827067,0.19910109485402896,0.4373586769742702,0.17045340996957833,20
lsac,variance_global_mag2.0,lr,per_subgroup_ewma[min_neg],BalAcc,0.03593984962406015,0.21648176916237308,0.009280159254585271,0.24602136003960381,20
lsac,variance_global_mag2.0,lr,per_subgroup_baseline_relative[min_neg],DI_star,0.06449296395217684,0.2546433839903571,0.09157059468566717,0.2237102616090992,20
lsac,variance_global_mag2.0,lr,per_subgroup_baseline_relative[min_neg],AOD_star,0.37676691729323303,0.19207103560420913,0.3778200336538357,0.16093075653558608,20
lsac,variance_global_mag2.0,lr,per_subgroup_baseline_relative[min_neg],BalAcc,0.06609022556390977,0.1875523029920544,0.03321355109698355,0.2396362153967911,20
lsac,variance_global_mag2.0,lr,per_subgroup_ewma[min_pos],DI_star,0.09646490309171031,0.2534428940530199,0.10566350178722321,0.24611274370486838,20
lsac,variance_global_mag2.0,lr,per_subgroup_ewma[min_pos],AOD_star,0.41436090225563904,0.19718034719780508,0.41303356318921897,0.1761308037041183,20
lsac,variance_global_mag2.0,lr,per_subgroup_ewma[min_pos],BalAcc,0.020526315789473677,0.22325549362405425,-0.004382951159634732,0.25774294757831506,20
lsac,variance_global_mag2.0,lr,per_subgroup_baseline_relative[min_pos],DI_star,0.04243291226342786,0.25904262403470046,0.04991537494609236,0.2272403741423267,20
lsac,variance_global_mag2.0,lr,per_subgroup_baseline_relative[min_pos],AOD_star,0.27603454118639714,0.24239752874040957,0.2932192172396888,0.2025653494111043,20
lsac,variance_global_mag2.0,lr,per_subgroup_baseline_relative[min_pos],BalAcc,-0.004957993942079229,0.24512114917613553,-0.0055100096532570315,0.267892785515773,20
lsac,variance_global_mag2.0,lr,per_subgroup_ewma[maj_neg],DI_star,0.10206766636409983,0.2627349352161546,0.12113757946286544,0.2553977589634211,20
lsac,variance_global_mag2.0,lr,per_subgroup_ewma[maj_neg],AOD_star,0.4212030075187969,0.19530465597058846,0.4321241355018433,0.18356202328432727,20
lsac,variance_global_mag2.0,lr,per_subgroup_ewma[maj_neg],BalAcc,0.021954887218045116,0.22150401461888525,0.0037915943997911166,0.24410947632762972,20
lsac,variance_global_mag2.0,lr,per_subgroup_baseline_relative[maj_neg],DI_star,0.0983211473538111,0.26047456374475636,0.09028582868400684,0.2295841081036941,20
lsac,variance_global_mag2.0,lr,per_subgroup_baseline_relative[maj_neg],AOD_star,0.41272314225531315,0.20884818301449506,0.3735088962036964,0.1685532034609511,20
lsac,variance_global_mag2.0,lr,per_subgroup_baseline_relative[maj_neg],BalAcc,0.0555710085824551,0.2434592244990116,0.036501140352980535,0.24822817178406847,20
lsac,variance_global_mag2.0,lr,per_subgroup_ewma[maj_pos],DI_star,0.0989848464687679,0.2628248627857153,0.11498566734116003,0.2589569885230468,20
lsac,variance_global_mag2.0,lr,per_subgroup_ewma[maj_pos],AOD_star,0.42030075187969923,0.20495060066730708,0.4309747547698063,0.18257962683640772,20
lsac,variance_global_mag2.0,lr,per_subgroup_ewma[maj_pos],BalAcc,0.035187969924812025,0.22064224603398144,0.006536008014556008,0.24496925160105373,20
lsac,variance_global_mag2.0,lr,per_subgroup_baseline_relative[maj_pos],DI_star,0.09931788233959515,0.24227460299846496,0.0874672670094377,0.23269240813262929,20
lsac,variance_global_mag2.0,lr,per_subgroup_baseline_relative[maj_pos],AOD_star,0.4133082706766917,0.20743938493629552,0.37940896509996924,0.18374396371383314,20
lsac,variance_global_mag2.0,lr,per_subgroup_baseline_relative[maj_pos],BalAcc,0.04954887218045112,0.2297562657658283,0.028403454872000487,0.25101003377275555,20
lsac,variance_global_mag2.0,xgb,global_mean,DI_star,-0.3453383458646616,0.23445594740038395,-0.27387144920554063,0.2637871804626724,20
lsac,variance_global_mag2.0,xgb,global_mean,AOD_star,-0.4216541353383458,0.19192848273257831,-0.5890195376692307,0.12622942299586504,20
lsac,variance_global_mag2.0,xgb,global_mean,BalAcc,-0.48195488721804497,0.14364287283612384,-0.8320581326368772,0.088244765417257,20
lsac,variance_global_mag2.0,xgb,global_ewma,DI_star,-0.3354887218045112,0.238474574483547,-0.3294722751110678,0.25641267856044303,20
lsac,variance_global_mag2.0,xgb,global_ewma,AOD_star,-0.41165413533834594,0.18554092240113912,-0.4785014058965631,0.17019788204157754,20
lsac,variance_global_mag2.0,xgb,global_ewma,BalAcc,-0.4856390977443608,0.14599674277341465,-0.6834100697195227,0.07881072094695385,20
lsac,variance_global_mag2.0,xgb,global_std,DI_star,-0.34857142857142853,0.21351350109690626,-0.35383010764762235,0.2386168547770357,20
lsac,variance_global_mag2.0,xgb,global_std,AOD_star,-0.3383458646616541,0.21063799400944588,-0.4070306161551837,0.2495925345510462,20
lsac,variance_global_mag2.0,xgb,global_std,BalAcc,-0.39616541353383455,0.18620371719594125,-0.5640012754732859,0.1852298100283962,20
lsac,variance_global_mag2.0,xgb,subgroup_violation_diff,DI_star,0.16180451127819548,0.24306418233140104,0.17492551577707233,0.24206477948073093,20
lsac,variance_global_mag2.0,xgb,subgroup_violation_diff,AOD_star,-0.13383458646616542,0.4038692951908355,-0.039417371105568255,0.5932062406954709,20
lsac,variance_global_mag2.0,xgb,subgroup_violation_diff,BalAcc,-0.08819548872180452,0.5386062870340312,-0.08621365625780911,0.8072099770433535,20
lsac,variance_global_mag2.0,xgb,max_subgroup_deviation,DI_star,-0.2717293233082706,0.23790600051279331,-0.23450357696807683,0.2586834732689349,20
lsac,variance_global_mag2.0,xgb,max_subgroup_deviation,AOD_star,-0.4509774436090225,0.1946917821703333,-0.633740147288705,0.12093691331143117,20
lsac,variance_global_mag2.0,xgb,max_subgroup_deviation,BalAcc,-0.5272180451127819,0.1240482108631575,-0.8762804618973211,0.06915098794606213,20
lsac,variance_global_mag2.0,xgb,assignment_proportion_drift,DI_star,0.055099723117074575,0.17399088486956224,-0.06177391677213948,0.2058666880618408,20
lsac,variance_global_mag2.0,xgb,assignment_proportion_drift,AOD_star,-0.44798345090372155,0.14687901803713924,-0.6082993842955312,0.11545726725054252,20
lsac,variance_global_mag2.0,xgb,assignment_proportion_drift,BalAcc,-0.4886775673871412,0.139161419167755,-0.8327302541248018,0.0648742260867499,20
lsac,variance_global_mag2.0,xgb,ks_statistic,DI_star,-0.337593984962406,0.23996791577050974,-0.3191603853779815,0.25510473272866246,20
lsac,variance_global_mag2.0,xgb,ks_statistic,AOD_star,-0.4154887218045113,0.1808136083653396,-0.5488340409513228,0.1676187656781518,20
lsac,variance_global_mag2.0,xgb,ks_statistic,BalAcc,-0.48684210526315785,0.14025801394371984,-0.7772087372784263,0.055408156574292225,20
lsac,variance_global_mag2.0,xgb,kl_divergence,DI_star,-0.32917293233082706,0.21790189748348618,-0.3231037013959289,0.22855170936559147,20
lsac,variance_global_mag2.0,xgb,kl_divergence,AOD_star,-0.41654135338345855,0.16893182484353206,-0.3423975376468833,0.18161196361105708,20
lsac,variance_global_mag2.0,xgb,kl_divergence,BalAcc,-0.48654135338345866,0.13462508371909962,-0.5098613121996937,0.07873744558833089,20
lsac,variance_global_mag2.0,xgb,per_subgroup_ewma[min_neg],DI_star,-0.33639097744360896,0.24165422891389698,-0.32736746530645233,0.2572688691181404,20
lsac,variance_global_mag2.0,xgb,per_subgroup_ewma[min_neg],AOD_star,-0.4106766917293233,0.1855281402504924,-0.49592244064121604,0.1667849075637688,20
lsac,variance_global_mag2.0,xgb,per_subgroup_ewma[min_neg],BalAcc,-0.48421052631578937,0.14508200226764448,-0.7034537608360297,0.08350080681087324,20
lsac,variance_global_mag2.0,xgb,per_subgroup_baseline_relative[min_neg],DI_star,-0.3340601503759399,0.2674191089244858,-0.26296041938921877,0.2756642570289348,20
lsac,variance_global_mag2.0,xgb,per_subgroup_baseline_relative[min_neg],AOD_star,-0.4427067669172932,0.19351543106147026,-0.5991566679313404,0.12373031321490743,20
lsac,variance_global_mag2.0,xgb,per_subgroup_baseline_relative[min_neg],BalAcc,-0.4565413533834587,0.12895769265317816,-0.8363010348061687,0.09855047832093758,20
lsac,variance_global_mag2.0,xgb,per_subgroup_ewma[min_pos],DI_star,-0.342781954887218,0.23993256397068613,-0.3392321351382313,0.26148533546752295,20
lsac,variance_global_mag2.0,xgb,per_subgroup_ewma[min_pos],AOD_star,-0.41563909774436086,0.18344040338235315,-0.5272326301749629,0.17158093870564997,20
lsac,variance_global_mag2.0,xgb,per_subgroup_ewma[min_pos],BalAcc,-0.48473684210526313,0.1437607158526485,-0.7234075169385024,0.08406019312647638,20
lsac,variance_global_mag2.0,xgb,per_subgroup_baseline_relative[min_pos],DI_star,-0.2655115699837985,0.21353669580063994,-0.2331936429694978,0.24476544551307614,20
lsac,variance_global_mag2.0,xgb,per_subgroup_baseline_relative[min_pos],AOD_star,-0.4316101516019176,0.18549486176673224,-0.6210148973988202,0.11800758973136066,20
lsac,variance_global_mag2.0,xgb,per_subgroup_baseline_relative[min_pos],BalAcc,-0.5073884585243305,0.15751495283908595,-0.8541466653418489,0.12589135130891999,20
lsac,variance_global_mag2.0,xgb,per_subgroup_ewma[maj_neg],DI_star,-0.3318796992481203,0.23153065603314046,-0.3358478957699435,0.25242783595702656,20
lsac,variance_global_mag2.0,xgb,per_subgroup_ewma[maj_neg],AOD_star,-0.40255639097744356,0.1769811100147474,-0.49871677647180945,0.16533523310110743,20
lsac,variance_global_mag2.0,xgb,per_subgroup_ewma[maj_neg],BalAcc,-0.4817293233082706,0.1425864273106252,-0.6990135683769442,0.07503688822965919,20
lsac,variance_global_mag2.0,xgb,per_subgroup_baseline_relative[maj_neg],DI_star,-0.2840060325732428,0.20010458910016374,-0.233761175256788,0.2199643378198409,20
lsac,variance_global_mag2.0,xgb,per_subgroup_baseline_relative[maj_neg],AOD_star,-0.38536422398951187,0.1497417890784829,-0.5840069261388938,0.12612881622745264,20
lsac,variance_global_mag2.0,xgb,per_subgroup_baseline_relative[maj_neg],BalAcc,-0.42352479138514987,0.15765119909607644,-0.8386390136962355,0.08358086041374403,20
lsac,variance_global_mag2.0,xgb,per_subgroup_ewma[maj_pos],DI_star,-0.33902255639097745,0.23460163581181795,-0.33591318035291823,0.2586601962198137,20
lsac,variance_global_mag2.0,xgb,per_subgroup_ewma[maj_pos],AOD_star,-0.4121052631578947,0.18240513174726783,-0.49685566319485297,0.17860075361120967,20
lsac,variance_global_mag2.0,xgb,per_subgroup_ewma[maj_pos],BalAcc,-0.48541353383458635,0.14420386195174426,-0.7036326348076317,0.06390182685171854,20
lsac,variance_global_mag2.0,xgb,per_subgroup_baseline_relative[maj_pos],DI_star,-0.30894736842105264,0.22935041131592526,-0.2637556175658254,0.24765356609445546,20
lsac,variance_global_mag2.0,xgb,per_subgroup_baseline_relative[maj_pos],AOD_star,-0.39563909774436096,0.1803294702683111,-0.6038377450577218,0.13557003128468065,20
lsac,variance_global_mag2.0,xgb,per_subgroup_baseline_relative[maj_pos],BalAcc,-0.49879699248120285,0.14189474002938668,-0.8633998127177209,0.046366728110072974,20
lsac,variance_global_mag2.5,lr,global_mean,DI_star,0.10574692195788196,0.26061095514567634,0.1319409527514919,0.2286357880860533,20
lsac,variance_global_mag2.5,lr,global_mean,AOD_star,0.49947368421052624,0.1928633864354516,0.4881257751823903,0.15641524200710974,20
lsac,variance_global_mag2.5,lr,global_mean,BalAcc,0.029849624060150366,0.22521892164306187,0.024875404254620086,0.23227474459479505,20
lsac,variance_global_mag2.5,lr,global_ewma,DI_star,0.11229088170801667,0.2603993605846042,0.15521115778311617,0.25424764460651705,20
lsac,variance_global_mag2.5,lr,global_ewma,AOD_star,0.5020300751879699,0.19080702537882016,0.5156176082666916,0.16817871697657558,20
lsac,variance_global_mag2.5,lr,global_ewma,BalAcc,0.022932330827067676,0.22445989219009693,0.006630124246172729,0.22411521470801168,20
lsac,variance_global_mag2.5,lr,global_std,DI_star,0.10996073456208907,0.26417613379710847,0.12483038950552397,0.24814858035471904,20
lsac,variance_global_mag2.5,lr,global_std,AOD_star,0.4796240601503759,0.21078044543651564,0.4814335682804095,0.18468544244016977,20
lsac,variance_global_mag2.5,lr,global_std,BalAcc,0.008345864661654141,0.2461353617732002,0.003341206224157148,0.22947264456847533,20
lsac,variance_global_mag2.5,lr,subgroup_violation_diff,DI_star,-0.004818036050571994,0.2080567186485853,0.009023044518348067,0.17934977520001463,20
lsac,variance_global_mag2.5,lr,subgroup_violation_diff,AOD_star,-0.14413533834586464,0.2730424082584212,-0.10814888859210078,0.25047803100073024,20
lsac,variance_global_mag2.5,lr,subgroup_violation_diff,BalAcc,0.010225563909774424,0.1988403260586623,0.004372471398767811,0.20534163170955727,20
lsac,variance_global_mag2.5,lr,max_subgroup_deviation,DI_star,0.0595817350646279,0.26002340969788057,0.07144567666944734,0.23034866919922967,20
lsac,variance_global_mag2.5,lr,max_subgroup_deviation,AOD_star,0.41127819548872174,0.22752257375275003,0.405868135157,0.1900273014381239,20
lsac,variance_global_mag2.5,lr,max_subgroup_deviation,BalAcc,0.023007518796992477,0.2705208824741611,0.013369646720624873,0.2620925325686595,20
lsac,variance_global_mag2.5,lr,assignment_proportion_drift,DI_star,-0.03865504442081524,0.1952778751418346,-0.0128959641102652,0.16644547041338675,20
lsac,variance_global_mag2.5,lr,assignment_proportion_drift,AOD_star,0.03224652160987419,0.16336532973102696,0.09775719543986647,0.14412901999426342,20
lsac,variance_global_mag2.5,lr,assignment_proportion_drift,BalAcc,-0.001686015461849602,0.22635421744292542,0.010151227638857407,0.248572380596026,20
lsac,variance_global_mag2.5,lr,ks_statistic,DI_star,0.10769988273099254,0.2518551990065761,0.11624054943009594,0.2503663706284438,20
lsac,variance_global_mag2.5,lr,ks_statistic,AOD_star,0.4804511278195488,0.193385154168832,0.47649137128661784,0.1806060710503535,20
lsac,variance_global_mag2.5,lr,ks_statistic,BalAcc,0.0021804511278195465,0.2221111554341834,-0.003049318549577449,0.2253191829562537,20
lsac,variance_global_mag2.5,lr,kl_divergence,DI_star,0.10536871570245258,0.2657073107285221,0.1431947329531753,0.26375176821509494,20
lsac,variance_global_mag2.5,lr,kl_divergence,AOD_star,0.48691729323308264,0.2033951187017996,0.479142481855139,0.1807789908856345,20
lsac,variance_global_mag2.5,lr,kl_divergence,BalAcc,0.017443609022556393,0.2150945820695705,0.018504328801277996,0.1776636905218318,20
lsac,variance_global_mag2.5,lr,per_subgroup_ewma[min_neg],DI_star,0.11213789940149092,0.25808262299757473,0.15496862164874026,0.25347657702026744,20
lsac,variance_global_mag2.5,lr,per_subgroup_ewma[min_neg],AOD_star,0.5029323308270677,0.19144899158107279,0.5157513900231603,0.16367262352637804,20
lsac,variance_global_mag2.5,lr,per_subgroup_ewma[min_neg],BalAcc,0.02225563909774437,0.2218193444766152,0.010074157571218333,0.22955231627305833,20
lsac,variance_global_mag2.5,lr,per_subgroup_baseline_relative[min_neg],DI_star,0.09273555027102046,0.2560350669606973,0.1299060763733328,0.22262226612695557,20
lsac,variance_global_mag2.5,lr,per_subgroup_baseline_relative[min_neg],AOD_star,0.4768421052631579,0.19327017577920116,0.4713413187824164,0.1538453980632704,20
lsac,variance_global_mag2.5,lr,per_subgroup_baseline_relative[min_neg],BalAcc,0.03744360902255638,0.2072281390428693,0.030872196036651135,0.22916020178289573,20
lsac,variance_global_mag2.5,lr,per_subgroup_ewma[min_pos],DI_star,0.1168031797861178,0.24819468866619715,0.12439203649924531,0.24640177349523265,20
lsac,variance_global_mag2.5,lr,per_subgroup_ewma[min_pos],AOD_star,0.4948872180451128,0.18195606785175905,0.4950289064620016,0.17354150932734877,20
lsac,variance_global_mag2.5,lr,per_subgroup_ewma[min_pos],BalAcc,0.005789473684210533,0.2199220615469674,0.0046903684532281185,0.24034059609108588,20
lsac,variance_global_mag2.5,lr,per_subgroup_baseline_relative[min_pos],DI_star,0.06667043017208898,0.2626404667683635,0.0760909285909197,0.22768086704607868,20
lsac,variance_global_mag2.5,lr,per_subgroup_baseline_relative[min_pos],AOD_star,0.4135799568061188,0.2330654600694635,0.40882737225792043,0.18712675394868786,20
lsac,variance_global_mag2.5,lr,per_subgroup_baseline_relative[min_pos],BalAcc,0.008793368229522442,0.2687512022758522,0.008342131651937685,0.26159949677687705,20
lsac,variance_global_mag2.5,lr,per_subgroup_ewma[maj_neg],DI_star,0.11815712984621567,0.26169013096970645,0.14348636998493094,0.2550080650056765,20
lsac,variance_global_mag2.5,lr,per_subgroup_ewma[maj_neg],AOD_star,0.5088721804511278,0.18856411349148203,0.510325908657014,0.17729704807530589,20
lsac,variance_global_mag2.5,lr,per_subgroup_ewma[maj_neg],BalAcc,0.016090225563909773,0.227180224058295,0.006227359293816457,0.23152719605794522,20
lsac,variance_global_mag2.5,lr,per_subgroup_baseline_relative[maj_neg],DI_star,0.10921508747880551,0.2676262582627385,0.11282119569414344,0.23902651710195674,20
lsac,variance_global_mag2.5,lr,per_subgroup_baseline_relative[maj_neg],AOD_star,0.4992481203007519,0.2055381121367313,0.4685075066379449,0.16924361551956651,20
lsac,variance_global_mag2.5,lr,per_subgroup_baseline_relative[maj_neg],BalAcc,0.035338345864661655,0.27515653709302584,0.03545311817974639,0.2583016698880174,20
lsac,variance_global_mag2.5,lr,per_subgroup_ewma[maj_pos],DI_star,0.1175556260868172,0.25889972872697703,0.14170275498697846,0.25732059175573235,20
lsac,variance_global_mag2.5,lr,per_subgroup_ewma[maj_pos],AOD_star,0.5062406015037595,0.19381368845038338,0.5075499824512872,0.17620643364122615,20
lsac,variance_global_mag2.5,lr,per_subgroup_ewma[maj_pos],BalAcc,0.021954887218045123,0.2254728638307572,0.004047409022189599,0.22054421960469264,20
lsac,variance_global_mag2.5,lr,per_subgroup_baseline_relative[maj_pos],DI_star,0.11432016365395473,0.247809129999889,0.1164913789815059,0.2402044500779229,20
lsac,variance_global_mag2.5,lr,per_subgroup_baseline_relative[maj_pos],AOD_star,0.5031578947368421,0.19222751138773236,0.47423295605970084,0.17261696443716334,20
lsac,variance_global_mag2.5,lr,per_subgroup_baseline_relative[maj_pos],BalAcc,0.029774436090225544,0.2313623633230291,0.020396957303840682,0.23216509247651693,20
lsac,variance_global_mag2.5,xgb,global_mean,DI_star,-0.3835895715409273,0.23824062957746836,-0.33068227744521017,0.26424605343200025,20
lsac,variance_global_mag2.5,xgb,global_mean,AOD_star,-0.34879699248120294,0.17854347228731213,-0.49461010215068113,0.1575403576545016,20
lsac,variance_global_mag2.5,xgb,global_mean,BalAcc,-0.49481203007518787,0.1543288533983114,-0.8024937389916431,0.08989237517951622,20
lsac,variance_global_mag2.5,xgb,global_ewma,DI_star,-0.3786646605234894,0.24583479572333972,-0.35313965198239144,0.2666242542120091,20
lsac,variance_global_mag2.5,xgb,global_ewma,AOD_star,-0.34548872180451123,0.18109588759623502,-0.3720514527267704,0.1880822086779036,20
lsac,variance_global_mag2.5,xgb,global_ewma,BalAcc,-0.5022556390977444,0.1587111011731465,-0.6669382732629998,0.08069711205752364,20
lsac,variance_global_mag2.5,xgb,global_std,DI_star,-0.3795665484952394,0.23896884763049273,-0.36818276903675806,0.2620663739282112,20
lsac,variance_global_mag2.5,xgb,global_std,AOD_star,-0.30278195488721804,0.20148202946462668,-0.3466912032939558,0.23774446940939833,20
lsac,variance_global_mag2.5,xgb,global_std,BalAcc,-0.4537593984962406,0.17592241736144845,-0.615474291852326,0.14491118936423772,20
lsac,variance_global_mag2.5,xgb,subgroup_violation_diff,DI_star,0.182070285267521,0.2601978747832642,0.1887674978329973,0.3018728850060631,20
lsac,variance_global_mag2.5,xgb,subgroup_violation_diff,AOD_star,-0.08127819548872181,0.42389627159252474,-0.007857643830204309,0.5698761213311434,20
lsac,variance_global_mag2.5,xgb,subgroup_violation_diff,BalAcc,-0.017518796992481194,0.5025379142403334,0.036096643925581776,0.7159940332796368,20
lsac,variance_global_mag2.5,xgb,max_subgroup_deviation,DI_star,-0.31888773560814154,0.24041664075536595,-0.2937616627840238,0.25675021829306377,20
lsac,variance_global_mag2.5,xgb,max_subgroup_deviation,AOD_star,-0.3618045112781954,0.20179778794981137,-0.5634306975256455,0.14334264643113356,20
lsac,variance_global_mag2.5,xgb,max_subgroup_deviation,BalAcc,-0.4989473684210526,0.160032502775878,-0.859773826094553,0.057899445289981255,20
lsac,variance_global_mag2.5,xgb,assignment_proportion_drift,DI_star,-0.037262113511530526,0.1817418020243856,-0.10051120031741685,0.21801445287087062,20
lsac,variance_global_mag2.5,xgb,assignment_proportion_drift,AOD_star,-0.5307624875636412,0.13877652652672495,-0.607554606327068,0.12740416576753869,20
lsac,variance_global_mag2.5,xgb,assignment_proportion_drift,BalAcc,-0.48708161701053704,0.14561536466073965,-0.7431549989912452,0.09738439423270069,20
lsac,variance_global_mag2.5,xgb,ks_statistic,DI_star,-0.3777638189895747,0.25200240456055906,-0.35758617098275597,0.2771071822038624,20
lsac,variance_global_mag2.5,xgb,ks_statistic,AOD_star,-0.3485714285714286,0.17675257311084863,-0.47086623957766205,0.19526512559559872,20
lsac,variance_global_mag2.5,xgb,ks_statistic,BalAcc,-0.4997744360902255,0.15799944612552844,-0.7728750322726348,0.05721499091711543,20
lsac,variance_global_mag2.5,xgb,kl_divergence,DI_star,-0.3654316626630334,0.25120261414917666,-0.3187678045174262,0.2572710064607126,20
lsac,variance_global_mag2.5,xgb,kl_divergence,AOD_star,-0.34330827067669173,0.17712160154334808,-0.2471694600961126,0.2018904128913961,20
lsac,variance_global_mag2.5,xgb,kl_divergence,BalAcc,-0.5040601503759398,0.15394677628022393,-0.5268144845900198,0.08072387807037833,20
lsac,variance_global_mag2.5,xgb,per_subgroup_ewma[min_neg],DI_star,-0.3790028508365809,0.24804878331816824,-0.35057400448152476,0.2651766140954687,20
lsac,variance_global_mag2.5,xgb,per_subgroup_ewma[min_neg],AOD_star,-0.34421052631578947,0.18056756894784623,-0.392438993159898,0.18922745748841804,20
lsac,variance_global_mag2.5,xgb,per_subgroup_ewma[min_neg],BalAcc,-0.5008270676691728,0.15769373170608456,-0.6871249609530993,0.09369912847092329,20
lsac,variance_global_mag2.5,xgb,per_subgroup_baseline_relative[min_neg],DI_star,-0.3605820810260385,0.2593701680026502,-0.30776188437688357,0.2698866154706766,20
lsac,variance_global_mag2.5,xgb,per_subgroup_baseline_relative[min_neg],AOD_star,-0.3456390977443609,0.18144231226534985,-0.5085692351320149,0.16870104545912296,20
lsac,variance_global_mag2.5,xgb,per_subgroup_baseline_relative[min_neg],BalAcc,-0.4887218045112781,0.16399873422294597,-0.8124303761048935,0.11680217121451333,20
lsac,variance_global_mag2.5,xgb,per_subgroup_ewma[min_pos],DI_star,-0.3726128067023927,0.2395063643396125,-0.36589140295434097,0.2662088837577418,20
lsac,variance_global_mag2.5,xgb,per_subgroup_ewma[min_pos],AOD_star,-0.33398496240601505,0.17223783395506084,-0.4300607438472405,0.1916652671349567,20
lsac,variance_global_mag2.5,xgb,per_subgroup_ewma[min_pos],BalAcc,-0.48857142857142855,0.1757854859108909,-0.7174963713146101,0.08754957956857286,20
lsac,variance_global_mag2.5,xgb,per_subgroup_baseline_relative[min_pos],DI_star,-0.31895327128702367,0.21704685634630644,-0.2977149247301265,0.24702481606658364,20
lsac,variance_global_mag2.5,xgb,per_subgroup_baseline_relative[min_pos],AOD_star,-0.3508422049438237,0.1916609617444209,-0.5526502830104643,0.14416634223352504,20
lsac,variance_global_mag2.5,xgb,per_subgroup_baseline_relative[min_pos],BalAcc,-0.48569019434297084,0.1827016076234942,-0.8446874631720988,0.09763357970247033,20
lsac,variance_global_mag2.5,xgb,per_subgroup_ewma[maj_neg],DI_star,-0.3770111191093204,0.24418465774934064,-0.3662201206156953,0.26598940210938044,20
lsac,variance_global_mag2.5,xgb,per_subgroup_ewma[maj_neg],AOD_star,-0.33924812030075185,0.17542267024023248,-0.40801930713035295,0.18530553992039148,20
lsac,variance_global_mag2.5,xgb,per_subgroup_ewma[maj_neg],BalAcc,-0.4976691729323307,0.15541007813233376,-0.6962331814975685,0.07412942900015222,20
lsac,variance_global_mag2.5,xgb,per_subgroup_baseline_relative[maj_neg],DI_star,-0.34309806394920545,0.21401751209937347,-0.3147614331684468,0.24170365054648882,20
lsac,variance_global_mag2.5,xgb,per_subgroup_baseline_relative[maj_neg],AOD_star,-0.3364661654135338,0.16969634984416274,-0.5310563913526908,0.1458072678150857,20
lsac,variance_global_mag2.5,xgb,per_subgroup_baseline_relative[maj_neg],BalAcc,-0.4640601503759398,0.15790075176513144,-0.8324341786208086,0.05992735752363292,20
lsac,variance_global_mag2.5,xgb,per_subgroup_ewma[maj_pos],DI_star,-0.3817846643132806,0.2409578909778803,-0.3619761816415204,0.2747450403612333,20
lsac,variance_global_mag2.5,xgb,per_subgroup_ewma[maj_pos],AOD_star,-0.3463157894736842,0.17689803984719774,-0.3844581054111935,0.20012861063508983,20
lsac,variance_global_mag2.5,xgb,per_subgroup_ewma[maj_pos],BalAcc,-0.5020300751879698,0.15650752958818426,-0.6795337212805518,0.07293676594741119,20
lsac,variance_global_mag2.5,xgb,per_subgroup_baseline_relative[maj_pos],DI_star,-0.37200988883781105,0.24518648710664612,-0.3365591177190589,0.26513813239493217,20
lsac,variance_global_mag2.5,xgb,per_subgroup_baseline_relative[maj_pos],AOD_star,-0.3470676691729323,0.1826418400061811,-0.5106678648870668,0.1747613502290857,20
lsac,variance_global_mag2.5,xgb,per_subgroup_baseline_relative[maj_pos],BalAcc,-0.5116541353383458,0.14739287429466527,-0.824013624092553,0.055177541752184506,20
meps,no_drift,lr,global_mean,DI_star,0.09789473684210527,0.28843614471243545,0.12130443225825885,0.26753105368639746,20
meps,no_drift,lr,global_mean,AOD_star,0.011578947368421064,0.3216688984158072,0.01618403410994504,0.30152368431922555,20
meps,no_drift,lr,global_mean,BalAcc,0.1639112451054806,0.28783375641027564,0.14617915406732054,0.26136042526735714,20
meps,no_drift,lr,global_ewma,DI_star,0.1032330827067669,0.2277529245740735,0.11972258746490108,0.23911809646095325,20
meps,no_drift,lr,global_ewma,AOD_star,0.05661654135338347,0.2512688249401307,0.06077354848035491,0.26638224174823816,20
meps,no_drift,lr,global_ewma,BalAcc,0.10590716258408299,0.24810482923756935,0.09165348503854912,0.22239012198586114,20
meps,no_drift,lr,global_std,DI_star,0.14616541353383458,0.28007517787757963,0.14532287660612747,0.2761885834867392,20
meps,no_drift,lr,global_std,AOD_star,0.06624060150375939,0.24929703871330208,0.040698696694727865,0.2655176823040151,20
meps,no_drift,lr,global_std,BalAcc,0.15233603097474285,0.21318734345925827,0.11145304900428481,0.20261854721172265,20
meps,no_drift,lr,subgroup_violation_diff,DI_star,0.008270676691729323,0.2617921596029092,0.014757932817660574,0.25923641823705185,20
meps,no_drift,lr,subgroup_violation_diff,AOD_star,0.013984962406015034,0.27445981975893374,0.012109074231998713,0.2971994167518763,20
meps,no_drift,lr,subgroup_violation_diff,BalAcc,0.031656511035053424,0.28222045326069,0.023837641226938922,0.2687885745332391,20
meps,no_drift,lr,max_subgroup_deviation,DI_star,0.03323308270676691,0.24096208882144596,0.054741635184238524,0.24808797579027136,20
meps,no_drift,lr,max_subgroup_deviation,AOD_star,-0.020751879699248126,0.23891069431860906,-0.0028696999441164468,0.276422704539665,20
meps,no_drift,lr,max_subgroup_deviation,BalAcc,0.055225097255064005,0.21014704477509605,0.06838935591019868,0.19963959701210285,20
meps,no_drift,lr,assignment_proportion_drift,DI_star,0.06695844077414236,0.20260045061585905,0.056634162502002094,0.23464295430765872,20
meps,no_drift,lr,assignment_proportion_drift,AOD_star,0.0017590663265795725,0.22405793036590693,0.012024767594691923,0.2608961082632929,20
meps,no_drift,lr,assignment_proportion_drift,BalAcc,0.017187334863083874,0.222535756785387,0.0581998173389198,0.22037812841750665,20
meps,no_drift,lr,ks_statistic,DI_star,-0.012481203007518794,0.20723315854397686,0.006439976258885022,0.1989560162015359,20
meps,no_drift,lr,ks_statistic,AOD_star,-0.060075187969924816,0.20296489388208716,-0.025124180488694713,0.22120387458933946,20
meps,no_drift,lr,ks_statistic,BalAcc,-0.010488764227666768,0.1824234908901525,-0.018320540881637353,0.19630218496765886,20
meps,no_drift,lr,kl_divergence,DI_star,0.010000000000000004,0.1880500731383777,-0.0050779354127209655,0.21301885937712828,20
meps,no_drift,lr,kl_divergence,AOD_star,-0.07345864661654135,0.22257431090221025,-0.046891066706781004,0.24544424787853011,20
meps,no_drift,lr,kl_divergence,BalAcc,-0.000518396800448484,0.2391290483395612,-0.008670900755850757,0.2451504149343364,20
meps,no_drift,lr,per_subgroup_ewma[min_neg],DI_star,nan,nan,nan,nan,0
meps,no_drift,lr,per_subgroup_ewma[min_neg],AOD_star,nan,nan,nan,nan,0
meps,no_drift,lr,per_subgroup_ewma[min_neg],BalAcc,nan,nan,nan,nan,0
meps,no_drift,lr,per_subgroup_baseline_relative[min_neg],DI_star,nan,nan,nan,nan,0
meps,no_drift,lr,per_subgroup_baseline_relative[min_neg],AOD_star,nan,nan,nan,nan,0
meps,no_drift,lr,per_subgroup_baseline_relative[min_neg],BalAcc,nan,nan,nan,nan,0
meps,no_drift,lr,per_subgroup_ewma[min_pos],DI_star,0.09375939849624058,0.18699734855548517,0.09041675830243356,0.19145444817337015,20
meps,no_drift,lr,per_subgroup_ewma[min_pos],AOD_star,0.035338345864661655,0.18901872816599405,0.04499805908621895,0.194609955594818,20
meps,no_drift,lr,per_subgroup_ewma[min_pos],BalAcc,0.11357308307449276,0.24641610421998586,0.13430084512431315,0.25198474114423275,20
meps,no_drift,lr,per_subgroup_baseline_relative[min_pos],DI_star,0.04909774436090225,0.27075031371367403,0.06991518533483157,0.2512139575929684,20
meps,no_drift,lr,per_subgroup_baseline_relative[min_pos],AOD_star,0.017067669172932343,0.23335287519555636,0.0024475122078842755,0.2436391012744802,20
meps,no_drift,lr,per_subgroup_baseline_relative[min_pos],BalAcc,0.16439712455857391,0.28190415828614956,0.1455177712275904,0.29725852036185424,20
meps,no_drift,lr,per_subgroup_ewma[maj_neg],DI_star,-0.00825705094664865,0.1520280802465938,0.026293111854532127,0.21418782199921163,20
meps,no_drift,lr,per_subgroup_ewma[maj_neg],AOD_star,-0.013857322161267671,0.2109459035601,-0.004139181836471675,0.24984919807247657,20
meps,no_drift,lr,per_subgroup_ewma[maj_neg],BalAcc,-0.018181412856335392,0.21360464518218794,0.010747480069035656,0.21223301955375995,20
meps,no_drift,lr,per_subgroup_baseline_relative[maj_neg],DI_star,-0.01482960575821192,0.22013931475773904,-0.005919319361384826,0.23713121283646543,20
meps,no_drift,lr,per_subgroup_baseline_relative[maj_neg],AOD_star,-0.03155451716776929,0.2617916373291713,-0.009499091794029982,0.2884875018524709,20
meps,no_drift,lr,per_subgroup_baseline_relative[maj_neg],BalAcc,-0.03401540815573662,0.25239890707392226,-0.02855720198824659,0.22856087654400314,20
meps,no_drift,lr,per_subgroup_ewma[maj_pos],DI_star,0.0021052631578947294,0.17728768477419163,0.03343327469212233,0.20297366537891734,20
meps,no_drift,lr,per_subgroup_ewma[maj_pos],AOD_star,0.059097744360902246,0.2521361504481742,0.07014218913368561,0.24298261077211522,20
meps,no_drift,lr,per_subgroup_ewma[maj_pos],BalAcc,0.052630193124289,0.24975263540574563,0.07475592617435764,0.23208245301652966,20
meps,no_drift,lr,per_subgroup_baseline_relative[maj_pos],DI_star,0.035187969924812025,0.24110773810891337,0.060216969850853216,0.2543533603334269,20
meps,no_drift,lr,per_subgroup_baseline_relative[maj_pos],AOD_star,-0.015413533834586468,0.23824260707734699,0.0010036121705411807,0.2535426719223271,20
meps,no_drift,lr,per_subgroup_baseline_relative[maj_pos],BalAcc,0.05157835344424414,0.213575969717181,0.05932502846763331,0.20702565155355065,20
meps,no_drift,xgb,global_mean,DI_star,0.09473684210526315,0.2697008306893206,0.12747788203678453,0.22340109765624336,20
meps,no_drift,xgb,global_mean,AOD_star,0.009624060150375934,0.3064477183495296,0.002170211574569908,0.3086489199914065,20
meps,no_drift,xgb,global_mean,BalAcc,0.15778095087253804,0.26932135362204923,0.14543761947036216,0.24040985420654234,20
meps,no_drift,xgb,global_ewma,DI_star,0.08285714285714287,0.23015129705818674,0.12222741846775317,0.23499613268796474,20
meps,no_drift,xgb,global_ewma,AOD_star,0.07007518796992478,0.2553905912878911,0.08898014625225162,0.27924870660606654,20
meps,no_drift,xgb,global_ewma,BalAcc,0.07560655211490205,0.26042598305362114,0.06912278802731696,0.2533395781305876,20
meps,no_drift,xgb,global_std,DI_star,0.12248120300751879,0.19292856553150434,0.12243657436432001,0.18731613034975136,20
meps,no_drift,xgb,global_std,AOD_star,0.022781954887218035,0.25422309069118576,0.0070874169269287916,0.27409577973268595,20
meps,no_drift,xgb,global_std,BalAcc,0.19060014621842275,0.21329650600182412,0.17836100589680629,0.2015087423990939,20
meps,no_drift,xgb,subgroup_violation_diff,DI_star,0.029248120300751867,0.23167290106605043,0.022611434033088147,0.24092390180339926,20
meps,no_drift,xgb,subgroup_violation_diff,AOD_star,0.046390977443609024,0.25778150257476645,0.04113432114217473,0.2570046115211124,20
meps,no_drift,xgb,subgroup_violation_diff,BalAcc,0.09154758958731599,0.28475351383234593,0.09230852381367191,0.2722130614218436,20
meps,no_drift,xgb,max_subgroup_deviation,DI_star,0.01270676691729323,0.21496316867584897,0.024402600170605943,0.21913106640968336,20
meps,no_drift,xgb,max_subgroup_deviation,AOD_star,-0.06045112781954887,0.24348302691785914,-0.05205947030865895,0.2773883913941913,20
meps,no_drift,xgb,max_subgroup_deviation,BalAcc,0.026124015605929723,0.23334058191364895,0.05224283486982354,0.23081466906367543,20
meps,no_drift,xgb,assignment_proportion_drift,DI_star,0.04890546559930873,0.21643678817569542,0.0419979762413958,0.20217102294975436,20
meps,no_drift,xgb,assignment_proportion_drift,AOD_star,0.006637320637605916,0.22177393302306928,-0.011278762247200059,0.2204484319562094,20
meps,no_drift,xgb,assignment_proportion_drift,BalAcc,0.010965754668278366,0.19816220081339211,0.02861708858071526,0.1915085247691852,20
meps,no_drift,xgb,ks_statistic,DI_star,-0.005037593984962404,0.14992509483310557,-0.015443595271395012,0.1582699807233409,20
meps,no_drift,xgb,ks_statistic,AOD_star,-0.05022556390977444,0.21179339427026753,-0.05289547133843665,0.2110564119024024,20
meps,no_drift,xgb,ks_statistic,BalAcc,-0.0028954297536449626,0.1984770307606569,0.004086489382625772,0.19895940253623126,20
meps,no_drift,xgb,kl_divergence,DI_star,-0.01654135338345865,0.20429444498045657,-0.045018907782451115,0.18548859826423794,20
meps,no_drift,xgb,kl_divergence,AOD_star,-0.11466165413533835,0.2553837180832767,-0.1070377653190675,0.260427045574077,20
meps,no_drift,xgb,kl_divergence,BalAcc,-0.011240643926914897,0.23799450650640896,-0.009914349334755674,0.20054062736796455,20
meps,no_drift,xgb,per_subgroup_ewma[min_neg],DI_star,nan,nan,nan,nan,0
meps,no_drift,xgb,per_subgroup_ewma[min_neg],AOD_star,nan,nan,nan,nan,0
meps,no_drift,xgb,per_subgroup_ewma[min_neg],BalAcc,nan,nan,nan,nan,0
meps,no_drift,xgb,per_subgroup_baseline_relative[min_neg],DI_star,nan,nan,nan,nan,0
meps,no_drift,xgb,per_subgroup_baseline_relative[min_neg],AOD_star,nan,nan,nan,nan,0
meps,no_drift,xgb,per_subgroup_baseline_relative[min_neg],BalAcc,nan,nan,nan,nan,0
meps,no_drift,xgb,per_subgroup_ewma[min_pos],DI_star,0.04984962406015039,0.23225576080048024,0.040098714036935525,0.2120156026068296,20
meps,no_drift,xgb,per_subgroup_ewma[min_pos],AOD_star,0.04962406015037594,0.2561454516410637,0.054647780221051136,0.24065266351716005,20
meps,no_drift,xgb,per_subgroup_ewma[min_pos],BalAcc,0.13974186217866305,0.26491261072055766,0.12792774226558004,0.2587212531782704,20
meps,no_drift,xgb,per_subgroup_baseline_relative[min_pos],DI_star,0.028796992481203005,0.21279246234584023,0.050218573769782546,0.2091400240184725,20
meps,no_drift,xgb,per_subgroup_baseline_relative[min_pos],AOD_star,0.021804511278195483,0.2245438086107356,0.00034485651358228607,0.23861971747051322,20
meps,no_drift,xgb,per_subgroup_baseline_relative[min_pos],BalAcc,0.23710618232626374,0.2627954705460581,0.20723218514656355,0.2650074474294477,20
meps,no_drift,xgb,per_subgroup_ewma[maj_neg],DI_star,-0.037099560740417814,0.17503438333868,-0.02976943767021336,0.18592710118820593,20
meps,no_drift,xgb,per_subgroup_ewma[maj_neg],AOD_star,-0.07105531014989044,0.19676868219423527,-0.06077105476434935,0.1986843369085933,20
meps,no_drift,xgb,per_subgroup_ewma[maj_neg],BalAcc,-0.08959564357726077,0.2347750325631293,-0.05432484676404117,0.24760545552623817,20
meps,no_drift,xgb,per_subgroup_baseline_relative[maj_neg],DI_star,-0.0034231140145715433,0.2506507694484309,-0.05236044800286652,0.23195005081547748,20
meps,no_drift,xgb,per_subgroup_baseline_relative[maj_neg],AOD_star,-0.0308717067565862,0.23624131647226942,-0.049809251276559954,0.2603118211211599,20
meps,no_drift,xgb,per_subgroup_baseline_relative[maj_neg],BalAcc,-0.07043526564994458,0.2546443146199248,-0.07656512820456629,0.2659556050457921,20
meps,no_drift,xgb,per_subgroup_ewma[maj_pos],DI_star,0.008721804511278191,0.2280854548849142,0.04113745470278994,0.24244098391965316,20
meps,no_drift,xgb,per_subgroup_ewma[maj_pos],AOD_star,0.056165413533834564,0.25235272606989967,0.0718543740324749,0.255605110604973,20
meps,no_drift,xgb,per_subgroup_ewma[maj_pos],BalAcc,0.003948711820976561,0.21670603631975438,0.03970283035736106,0.2261102710154351,20
meps,no_drift,xgb,per_subgroup_baseline_relative[maj_pos],DI_star,0.02045112781954888,0.21736133386625242,0.05056359261981806,0.22866852716888414,20
meps,no_drift,xgb,per_subgroup_baseline_relative[maj_pos],AOD_star,-0.032781954887218044,0.24302845513920626,-0.023535101269232507,0.27367690285382557,20
meps,no_drift,xgb,per_subgroup_baseline_relative[maj_pos],BalAcc,0.03048548350364206,0.23349862203470104,0.05199151225309338,0.2298375539061131,20
meps,gradual_group_mag0.5,lr,global_mean,DI_star,0.08729323308270676,0.21828893549358755,0.07564851639479495,0.1987037841856004,20
meps,gradual_group_mag0.5,lr,global_mean,AOD_star,0.054661654135338335,0.24308598589845265,0.051614558638346034,0.2201150341226188,20
meps,gradual_group_mag0.5,lr,global_mean,BalAcc,0.06285536108461218,0.23119931962219062,0.05906839805837222,0.22636992085342403,20
meps,gradual_group_mag0.5,lr,global_ewma,DI_star,0.07067669172932331,0.1696970994030818,0.07805216819646202,0.1875131931856942,20
meps,gradual_group_mag0.5,lr,global_ewma,AOD_star,0.07842105263157892,0.21274144783011043,0.08191942392039234,0.2101205490674357,20
meps,gradual_group_mag0.5,lr,global_ewma,BalAcc,0.03759367385926575,0.20625700567914587,0.04240883610819917,0.22013838373103267,20
meps,gradual_group_mag0.5,lr,global_std,DI_star,0.10924812030075189,0.17330217072102194,0.09686602573739814,0.17751737788715333,20
meps,gradual_group_mag0.5,lr,global_std,AOD_star,0.02984962406015037,0.2178533120645117,0.010879986427843876,0.2028112352824658,20
meps,gradual_group_mag0.5,lr,global_std,BalAcc,-0.0021804228457159,0.20646538556092525,-4.6586841253828945e-05,0.21385065362084552,20
meps,gradual_group_mag0.5,lr,subgroup_violation_diff,DI_star,0.08609022556390976,0.18856919510375228,0.09090633882586882,0.20171236474741921,20
meps,gradual_group_mag0.5,lr,subgroup_violation_diff,AOD_star,0.0469172932330827,0.18468687834384176,0.06028805529431255,0.20683960880761068,20
meps,gradual_group_mag0.5,lr,subgroup_violation_diff,BalAcc,0.04537906502207864,0.25059312680998225,0.07696576544063452,0.21681879478303906,20
meps,gradual_group_mag0.5,lr,max_subgroup_deviation,DI_star,0.06195488721804511,0.19401386973516285,0.033675536402013734,0.20833929474863405,20
meps,gradual_group_mag0.5,lr,max_subgroup_deviation,AOD_star,0.030225563909774433,0.1728250075601636,-0.017937073107670433,0.21404250063491523,20
meps,gradual_group_mag0.5,lr,max_subgroup_deviation,BalAcc,0.06447327412002324,0.2158016719714151,0.06693306497053962,0.1980928033604628,20
meps,gradual_group_mag0.5,lr,assignment_proportion_drift,DI_star,-0.05023341856671089,0.2135490022589364,0.07358518045462062,0.21761019742571538,20
meps,gradual_group_mag0.5,lr,assignment_proportion_drift,AOD_star,-0.04199709513909415,0.26003914966184016,0.04217719105252367,0.22503535299191557,20
meps,gradual_group_mag0.5,lr,assignment_proportion_drift,BalAcc,0.02482325269003649,0.24480062831815644,0.04107390781124144,0.22798770872236646,20
meps,gradual_group_mag0.5,lr,ks_statistic,DI_star,0.03285714285714285,0.19432230096163963,0.08876585509424398,0.22230190529715133,20
meps,gradual_group_mag0.5,lr,ks_statistic,AOD_star,0.05413533834586465,0.21348723413991036,0.06173696248210051,0.23045629729608377,20
meps,gradual_group_mag0.5,lr,ks_statistic,BalAcc,0.014245079974608285,0.20837113809925978,0.04486621951270584,0.22174635785641325,20
meps,gradual_group_mag0.5,lr,kl_divergence,DI_star,0.01601503759398496,0.17150722044943117,0.05556255845876764,0.1979288213568783,20
meps,gradual_group_mag0.5,lr,kl_divergence,AOD_star,0.004210526315789479,0.1762625406550428,0.03198358859511905,0.2017158272481139,20
meps,gradual_group_mag0.5,lr,kl_divergence,BalAcc,-0.0002624932653008061,0.23600713449173813,0.018174270894375868,0.24310472856862858,20
meps,gradual_group_mag0.5,lr,per_subgroup_ewma[min_neg],DI_star,nan,nan,nan,nan,0
meps,gradual_group_mag0.5,lr,per_subgroup_ewma[min_neg],AOD_star,nan,nan,nan,nan,0
meps,gradual_group_mag0.5,lr,per_subgroup_ewma[min_neg],BalAcc,nan,nan,nan,nan,0
meps,gradual_group_mag0.5,lr,per_subgroup_baseline_relative[min_neg],DI_star,nan,nan,nan,nan,0
meps,gradual_group_mag0.5,lr,per_subgroup_baseline_relative[min_neg],AOD_star,nan,nan,nan,nan,0
meps,gradual_group_mag0.5,lr,per_subgroup_baseline_relative[min_neg],BalAcc,nan,nan,nan,nan,0
meps,gradual_group_mag0.5,lr,per_subgroup_ewma[min_pos],DI_star,0.07511278195488721,0.1800989514513268,0.0887748462838592,0.19407621255800755,20
meps,gradual_group_mag0.5,lr,per_subgroup_ewma[min_pos],AOD_star,0.08834586466165414,0.20703980625136903,0.07944883427923724,0.21107579534401832,20
meps,gradual_group_mag0.5,lr,per_subgroup_ewma[min_pos],BalAcc,0.036127805407820346,0.20285074612864454,0.058625456812017515,0.22127148198293065,20
meps,gradual_group_mag0.5,lr,per_subgroup_baseline_relative[min_pos],DI_star,0.07120300751879699,0.20714266610255508,0.0981980343722044,0.2176178672129569,20
meps,gradual_group_mag0.5,lr,per_subgroup_baseline_relative[min_pos],AOD_star,0.07255639097744361,0.21871500673080876,0.058710118264023545,0.22455561953672562,20
meps,gradual_group_mag0.5,lr,per_subgroup_baseline_relative[min_pos],BalAcc,0.11327159586009831,0.2175945800678595,0.10042548532506253,0.1980629828231882,20
meps,gradual_group_mag0.5,lr,per_subgroup_ewma[maj_neg],DI_star,-0.016631060216251846,0.18377299444548867,0.009600269023681041,0.2249434932272405,20
meps,gradual_group_mag0.5,lr,per_subgroup_ewma[maj_neg],AOD_star,-0.030058214238526955,0.22060508594178932,-0.028616496772784217,0.2699939727367017,20
meps,gradual_group_mag0.5,lr,per_subgroup_ewma[maj_neg],BalAcc,-0.011710991863936105,0.2227320370745597,0.0013176338108392498,0.18081774297581713,20
meps,gradual_group_mag0.5,lr,per_subgroup_baseline_relative[maj_neg],DI_star,-0.02202864552831499,0.20128341014201545,-0.00980948505864285,0.2245784486552577,20
meps,gradual_group_mag0.5,lr,per_subgroup_baseline_relative[maj_neg],AOD_star,-0.04768429542785675,0.24397673877334652,-0.07169743499358791,0.2691609893053984,20
meps,gradual_group_mag0.5,lr,per_subgroup_baseline_relative[maj_neg],BalAcc,-0.03743378855622913,0.23383516673966095,-0.031365162719585206,0.18497972767000243,20
meps,gradual_group_mag0.5,lr,per_subgroup_ewma[maj_pos],DI_star,0.02075187969924811,0.17086942183828857,0.04096455965770934,0.19474911851637405,20
meps,gradual_group_mag0.5,lr,per_subgroup_ewma[maj_pos],AOD_star,0.08082706766917293,0.20626891497147487,0.07636476512464899,0.2132869540224223,20
meps,gradual_group_mag0.5,lr,per_subgroup_ewma[maj_pos],BalAcc,0.007516421295773651,0.1974979525316802,0.0291022607542396,0.194353822123539,20
meps,gradual_group_mag0.5,lr,per_subgroup_baseline_relative[maj_pos],DI_star,0.03676691729323308,0.18150660929296078,-0.0003981890209093744,0.18107908233555414,20
meps,gradual_group_mag0.5,lr,per_subgroup_baseline_relative[maj_pos],AOD_star,0.0450375939849624,0.18375636818686947,0.004317673819510185,0.2051376883044163,20
meps,gradual_group_mag0.5,lr,per_subgroup_baseline_relative[maj_pos],BalAcc,0.035935352769577975,0.2414963812262543,0.025361121016843947,0.23696517319351354,20
meps,gradual_group_mag0.5,xgb,global_mean,DI_star,0.0150375939849624,0.19560840754927408,-0.052461891718838485,0.21253672960580328,20
meps,gradual_group_mag0.5,xgb,global_mean,AOD_star,-0.0025563909774436117,0.22315105475604619,-0.02112263014698599,0.21355856696229253,20
meps,gradual_group_mag0.5,xgb,global_mean,BalAcc,0.053537567824149465,0.2030548745326946,0.017048416919547175,0.2052825753469129,20
meps,gradual_group_mag0.5,xgb,global_ewma,DI_star,-0.017894736842105262,0.21317395279716372,-0.05061277652284705,0.1965390412530561,20
meps,gradual_group_mag0.5,xgb,global_ewma,AOD_star,0.004661654135338341,0.20279626992608943,0.0005691828077197924,0.18781754762475114,20
meps,gradual_group_mag0.5,xgb,global_ewma,BalAcc,0.020454154004640644,0.22443648481173645,-0.011550272271314832,0.20808872951561735,20
meps,gradual_group_mag0.5,xgb,global_std,DI_star,0.16195488721804507,0.1706512517889182,0.17322239116539037,0.1848364868971464,20
meps,gradual_group_mag0.5,xgb,global_std,AOD_star,0.05263157894736843,0.2216854529451293,0.04365111069567215,0.21058175082795833,20
meps,gradual_group_mag0.5,xgb,global_std,BalAcc,0.07267382533838311,0.24496913915664698,0.08420219368877771,0.24202408921728363,20
meps,gradual_group_mag0.5,xgb,subgroup_violation_diff,DI_star,0.08120300751879697,0.20092048901996515,0.03951994449261857,0.20767934133504598,20
meps,gradual_group_mag0.5,xgb,subgroup_violation_diff,AOD_star,0.04421052631578947,0.20050047618897085,0.01463499795330141,0.23070613772875734,20
meps,gradual_group_mag0.5,xgb,subgroup_violation_diff,BalAcc,0.09940553848441318,0.24369018063762676,0.08916500375582734,0.240194866697745,20
meps,gradual_group_mag0.5,xgb,max_subgroup_deviation,DI_star,-0.008646616541353383,0.2009097264605264,-0.038635044932935854,0.212336566932901,20
meps,gradual_group_mag0.5,xgb,max_subgroup_deviation,AOD_star,-0.0393984962406015,0.2193399974576183,-0.04184748312273019,0.2250993764258963,20
meps,gradual_group_mag0.5,xgb,max_subgroup_deviation,BalAcc,0.07481607441601154,0.22208447896301006,0.0779534741346088,0.18958342586807678,20
meps,gradual_group_mag0.5,xgb,assignment_proportion_drift,DI_star,-0.09170020631476303,0.25076114905752855,-0.028330632376822273,0.21796122161909298,20
meps,gradual_group_mag0.5,xgb,assignment_proportion_drift,AOD_star,-0.10261568665793644,0.22753311473733162,-0.030317222881501495,0.22679413489718186,20
meps,gradual_group_mag0.5,xgb,assignment_proportion_drift,BalAcc,-0.004071249754103545,0.28097542735091585,0.001392666206934623,0.2824747094633074,20
meps,gradual_group_mag0.5,xgb,ks_statistic,DI_star,-0.04827067669172931,0.18631324071150773,-0.03742649407481648,0.20833998183438798,20
meps,gradual_group_mag0.5,xgb,ks_statistic,AOD_star,-0.03308270676691729,0.2204272263915235,-0.018061592523006476,0.23126983032253837,20
meps,gradual_group_mag0.5,xgb,ks_statistic,BalAcc,0.02037398838447142,0.24274218170808617,0.005234057506552986,0.271875671425747,20
meps,gradual_group_mag0.5,xgb,kl_divergence,DI_star,-0.0269172932330827,0.19964743643484897,-0.04213368886273525,0.22605079730188823,20
meps,gradual_group_mag0.5,xgb,kl_divergence,AOD_star,-0.04172932330827067,0.2223459048337702,-0.019485250521629464,0.22854018397541676,20
meps,gradual_group_mag0.5,xgb,kl_divergence,BalAcc,0.02593801128732216,0.25880956108656217,-0.003985697990092252,0.25238846157808364,20
meps,gradual_group_mag0.5,xgb,per_subgroup_ewma[min_neg],DI_star,nan,nan,nan,nan,0
meps,gradual_group_mag0.5,xgb,per_subgroup_ewma[min_neg],AOD_star,nan,nan,nan,nan,0
meps,gradual_group_mag0.5,xgb,per_subgroup_ewma[min_neg],BalAcc,nan,nan,nan,nan,0
meps,gradual_group_mag0.5,xgb,per_subgroup_baseline_relative[min_neg],DI_star,nan,nan,nan,nan,0
meps,gradual_group_mag0.5,xgb,per_subgroup_baseline_relative[min_neg],AOD_star,nan,nan,nan,nan,0
meps,gradual_group_mag0.5,xgb,per_subgroup_baseline_relative[min_neg],BalAcc,nan,nan,nan,nan,0
meps,gradual_group_mag0.5,xgb,per_subgroup_ewma[min_pos],DI_star,-0.011428571428571422,0.21977092488944566,-0.04516978728106143,0.21150458087865281,20
meps,gradual_group_mag0.5,xgb,per_subgroup_ewma[min_pos],AOD_star,0.002180451127819534,0.21088662775653075,0.0002682531896868984,0.21042640111269825,20
meps,gradual_group_mag0.5,xgb,per_subgroup_ewma[min_pos],BalAcc,0.02707134584640831,0.2179670985554538,0.011894594654395269,0.2158856975760265,20
meps,gradual_group_mag0.5,xgb,per_subgroup_baseline_relative[min_pos],DI_star,0.011127819548872172,0.24012283211708332,-0.003249739889059479,0.23475235450478654,20
meps,gradual_group_mag0.5,xgb,per_subgroup_baseline_relative[min_pos],AOD_star,0.009172932330827045,0.24811615398676531,-0.004131701687037305,0.24884773577500013,20
meps,gradual_group_mag0.5,xgb,per_subgroup_baseline_relative[min_pos],BalAcc,0.17267812421813963,0.21276796909913814,0.10411089331852359,0.2152584543784723,20
meps,gradual_group_mag0.5,xgb,per_subgroup_ewma[maj_neg],DI_star,-0.03164792903589037,0.1721290107072653,-0.008678579734472619,0.20910129012225379,20
meps,gradual_group_mag0.5,xgb,per_subgroup_ewma[maj_neg],AOD_star,-0.05628698090631508,0.2071043425679513,-0.04643817126686249,0.22950190675989823,20
meps,gradual_group_mag0.5,xgb,per_subgroup_ewma[maj_neg],BalAcc,-0.049784743536988654,0.2357150597444151,-0.021764505311851395,0.2285860887906318,20
meps,gradual_group_mag0.5,xgb,per_subgroup_baseline_relative[maj_neg],DI_star,-0.005577684391313674,0.1900177664438483,-0.021489007770133423,0.22583335094259346,20
meps,gradual_group_mag0.5,xgb,per_subgroup_baseline_relative[maj_neg],AOD_star,-0.057216071309620975,0.19940330320572802,-0.07548799545813714,0.23605849648615257,20
meps,gradual_group_mag0.5,xgb,per_subgroup_baseline_relative[maj_neg],BalAcc,-0.05050469815267948,0.2538134541185331,-0.04040542640770659,0.24711115421720303,20
meps,gradual_group_mag0.5,xgb,per_subgroup_ewma[maj_pos],DI_star,-0.03368421052631578,0.20620396364436555,-0.034306933822222496,0.16739371270276446,20
meps,gradual_group_mag0.5,xgb,per_subgroup_ewma[maj_pos],AOD_star,0.024511278195488716,0.16379943861734142,0.01772891140977714,0.1655152740673538,20
meps,gradual_group_mag0.5,xgb,per_subgroup_ewma[maj_pos],BalAcc,-0.02488885840712514,0.21409602197255764,-0.03049609182239126,0.21160668251769732,20
meps,gradual_group_mag0.5,xgb,per_subgroup_baseline_relative[maj_pos],DI_star,-0.036466165413533834,0.15691920264283887,-0.09023370206807785,0.17387067641632192,20
meps,gradual_group_mag0.5,xgb,per_subgroup_baseline_relative[maj_pos],AOD_star,-0.04263157894736842,0.15544194043274548,-0.037672900110178265,0.16609815121448107,20
meps,gradual_group_mag0.5,xgb,per_subgroup_baseline_relative[maj_pos],BalAcc,0.0025891062995244186,0.2190251589668506,-0.008422585078490882,0.21636260572153382,20
meps,gradual_group_mag1.0,lr,global_mean,DI_star,0.09932330827067667,0.2714543861258487,0.09989093556033232,0.2804366753279691,20
meps,gradual_group_mag1.0,lr,global_mean,AOD_star,0.08052631578947368,0.2784187175916654,0.06830419780539598,0.2721875400741465,20
meps,gradual_group_mag1.0,lr,global_mean,BalAcc,0.039548872180451125,0.2223541552189909,0.04572349392814422,0.24095490655606003,20
meps,gradual_group_mag1.0,lr,global_ewma,DI_star,0.09210526315789473,0.2540738792081524,0.0938363534795222,0.26660799372428273,20
meps,gradual_group_mag1.0,lr,global_ewma,AOD_star,0.08954887218045111,0.2606152025346703,0.08545300329291729,0.2551125154605186,20
meps,gradual_group_mag1.0,lr,global_ewma,BalAcc,0.02466165413533835,0.2127494860851573,0.039561813573435856,0.2191898358637209,20
meps,gradual_group_mag1.0,lr,global_std,DI_star,0.1375187969924812,0.17612064163963065,0.15285223230704983,0.1880757627712609,20
meps,gradual_group_mag1.0,lr,global_std,AOD_star,0.09834586466165414,0.21881037604727657,0.0895222997681754,0.21802662498491163,20
meps,gradual_group_mag1.0,lr,global_std,BalAcc,0.0249624060150376,0.2173061889625642,0.03058136682630603,0.18928040883423175,20
meps,gradual_group_mag1.0,lr,subgroup_violation_diff,DI_star,0.10330827067669172,0.2092891143966664,0.10289556520850243,0.20119989679958922,20
meps,gradual_group_mag1.0,lr,subgroup_violation_diff,AOD_star,0.05345864661654135,0.21131189360140065,0.06618980146184318,0.21192913611581415,20
meps,gradual_group_mag1.0,lr,subgroup_violation_diff,BalAcc,0.06413533834586467,0.26733876498503395,0.06611471970668828,0.22693902323261075,20
meps,gradual_group_mag1.0,lr,max_subgroup_deviation,DI_star,0.05864661654135337,0.2426589661400423,0.07838441208073034,0.2574628372531726,20
meps,gradual_group_mag1.0,lr,max_subgroup_deviation,AOD_star,0.048345864661654143,0.23561720488862306,0.04745763121314208,0.26059017000028833,20
meps,gradual_group_mag1.0,lr,max_subgroup_deviation,BalAcc,0.06360902255639098,0.22896587453139497,0.07828897566366386,0.20866305825002343,20
meps,gradual_group_mag1.0,lr,assignment_proportion_drift,DI_star,-0.035419052084103134,0.2144981678488225,0.05818735080697333,0.23026137206606226,20
meps,gradual_group_mag1.0,lr,assignment_proportion_drift,AOD_star,-0.05793927997919239,0.22673630409978057,0.024886724038004977,0.23229054038201497,20
meps,gradual_group_mag1.0,lr,assignment_proportion_drift,BalAcc,0.019106121209634844,0.23980823304001742,0.02838337615240294,0.21283233894992576,20
meps,gradual_group_mag1.0,lr,ks_statistic,DI_star,0.0719548872180451,0.2717935500446854,0.10484829573663039,0.2766374239350623,20
meps,gradual_group_mag1.0,lr,ks_statistic,AOD_star,0.06225563909774434,0.2611413175297671,0.07576397113597387,0.2526577174572209,20
meps,gradual_group_mag1.0,lr,ks_statistic,BalAcc,0.025112781954887226,0.2075422782835891,0.04053659065601306,0.22014674262964848,20
meps,gradual_group_mag1.0,lr,kl_divergence,DI_star,0.03766917293233083,0.22679387715928914,0.09036006796725389,0.248056348753245,20
meps,gradual_group_mag1.0,lr,kl_divergence,AOD_star,0.014060150375939847,0.29421361990114997,0.06736104241602499,0.2566418244389012,20
meps,gradual_group_mag1.0,lr,kl_divergence,BalAcc,0.05172932330827068,0.23753277978201376,0.05449775131205788,0.23406824701219228,20
meps,gradual_group_mag1.0,lr,per_subgroup_ewma[min_neg],DI_star,nan,nan,nan,nan,0
meps,gradual_group_mag1.0,lr,per_subgroup_ewma[min_neg],AOD_star,nan,nan,nan,nan,0
meps,gradual_group_mag1.0,lr,per_subgroup_ewma[min_neg],BalAcc,nan,nan,nan,nan,0
meps,gradual_group_mag1.0,lr,per_subgroup_baseline_relative[min_neg],DI_star,nan,nan,nan,nan,0
meps,gradual_group_mag1.0,lr,per_subgroup_baseline_relative[min_neg],AOD_star,nan,nan,nan,nan,0
meps,gradual_group_mag1.0,lr,per_subgroup_baseline_relative[min_neg],BalAcc,nan,nan,nan,nan,0
meps,gradual_group_mag1.0,lr,per_subgroup_ewma[min_pos],DI_star,0.09406015037593987,0.2568923173787982,0.10355359092983163,0.2653805448904831,20
meps,gradual_group_mag1.0,lr,per_subgroup_ewma[min_pos],AOD_star,0.09180451127819547,0.25512352919842296,0.09005878868383639,0.24619726979498877,20
meps,gradual_group_mag1.0,lr,per_subgroup_ewma[min_pos],BalAcc,0.027894736842105267,0.20765631000109794,0.04825451127172075,0.22291694938733245,20
meps,gradual_group_mag1.0,lr,per_subgroup_baseline_relative[min_pos],DI_star,0.08917293233082708,0.25734376357691385,0.11086312749424901,0.2687563521121003,20
meps,gradual_group_mag1.0,lr,per_subgroup_baseline_relative[min_pos],AOD_star,0.07413533834586465,0.2500639750808148,0.06483043263760027,0.25592480383713023,20
meps,gradual_group_mag1.0,lr,per_subgroup_baseline_relative[min_pos],BalAcc,0.09398496240601503,0.23135547268269677,0.07240326739309692,0.23029862986170394,20
meps,gradual_group_mag1.0,lr,per_subgroup_ewma[maj_neg],DI_star,-0.019461106200311898,0.20904298311638403,0.005918130092454118,0.24465111325304723,20
meps,gradual_group_mag1.0,lr,per_subgroup_ewma[maj_neg],AOD_star,-0.0461699693343416,0.23721074743264722,-0.04333070279129926,0.28543052760832077,20
meps,gradual_group_mag1.0,lr,per_subgroup_ewma[maj_neg],BalAcc,0.006093184099227149,0.175317351699421,0.012252393319925661,0.1409194134403732,20
meps,gradual_group_mag1.0,lr,per_subgroup_baseline_relative[maj_neg],DI_star,-0.00946150100694996,0.23653695761730123,-0.0033583487641487665,0.22030625056559,20
meps,gradual_group_mag1.0,lr,per_subgroup_baseline_relative[maj_neg],AOD_star,-0.04301066612149375,0.26670537948279205,-0.04766972278414168,0.26519480652033606,20
meps,gradual_group_mag1.0,lr,per_subgroup_baseline_relative[maj_neg],BalAcc,-0.025572447095501143,0.2023051095997934,-0.01970348215182654,0.1948627961807155,20
meps,gradual_group_mag1.0,lr,per_subgroup_ewma[maj_pos],DI_star,0.062030075187969935,0.23611794052161597,0.07350176278163875,0.2620227345903863,20
meps,gradual_group_mag1.0,lr,per_subgroup_ewma[maj_pos],AOD_star,0.0769924812030075,0.24218772237930628,0.08290081589539157,0.26782201714859255,20
meps,gradual_group_mag1.0,lr,per_subgroup_ewma[maj_pos],BalAcc,0.022631578947368416,0.2078157812787543,0.035771941107147466,0.20103843168465016,20
meps,gradual_group_mag1.0,lr,per_subgroup_baseline_relative[maj_pos],DI_star,0.04827067669172932,0.2643217656883541,0.04311956309291254,0.26818623591517476,20
meps,gradual_group_mag1.0,lr,per_subgroup_baseline_relative[maj_pos],AOD_star,0.050150375939849626,0.2643364693132384,0.032742374691269074,0.2669645862236911,20
meps,gradual_group_mag1.0,lr,per_subgroup_baseline_relative[maj_pos],BalAcc,0.02308270676691728,0.23493817619429377,0.021219017205989742,0.23892971259374887,20
meps,gradual_group_mag1.0,xgb,global_mean,DI_star,0.5423308270676691,0.1579686722706782,0.5729950091138645,0.13390706068157487,20
meps,gradual_group_mag1.0,xgb,global_mean,AOD_star,0.39488721804511273,0.21670492986251413,0.3820902468534318,0.1917303940854428,20
meps,gradual_group_mag1.0,xgb,global_mean,BalAcc,-0.346092375003788,0.23873518101996286,-0.3723653945938437,0.20267810206616943,20
meps,gradual_group_mag1.0,xgb,global_ewma,DI_star,0.5561654135338345,0.16746997506729908,0.6385443810793674,0.15351870456973615,20
meps,gradual_group_mag1.0,xgb,global_ewma,AOD_star,0.4227067669172932,0.203139416912068,0.43997131427054176,0.20091824539257963,20
meps,gradual_group_mag1.0,xgb,global_ewma,BalAcc,-0.3674080089259021,0.22147392694199777,-0.4195405449566324,0.22387465298397538,20
meps,gradual_group_mag1.0,xgb,global_std,DI_star,0.2331578947368421,0.17757193970371452,0.2933555884400304,0.1692766340003628,20
meps,gradual_group_mag1.0,xgb,global_std,AOD_star,0.186390977443609,0.21900461688557415,0.1616693680171696,0.21794327863974167,20
meps,gradual_group_mag1.0,xgb,global_std,BalAcc,-0.13263698082916772,0.21553755860698637,-0.13318825748345567,0.21134330756803016,20
meps,gradual_group_mag1.0,xgb,subgroup_violation_diff,DI_star,0.11466165413533835,0.21141855771535592,0.12463088371139694,0.1788457060894488,20
meps,gradual_group_mag1.0,xgb,subgroup_violation_diff,AOD_star,0.06503759398496238,0.2613297942234311,0.08001690621750898,0.23847916135560931,20
meps,gradual_group_mag1.0,xgb,subgroup_violation_diff,BalAcc,0.06988884426607332,0.23580563635195384,0.010543896385809198,0.20904389157399256,20
meps,gradual_group_mag1.0,xgb,max_subgroup_deviation,DI_star,0.49300751879699245,0.17404823031985092,0.5958329271521381,0.17041503540499486,20
meps,gradual_group_mag1.0,xgb,max_subgroup_deviation,AOD_star,0.359172932330827,0.25288131006247466,0.38620797813584057,0.23688463831947315,20
meps,gradual_group_mag1.0,xgb,max_subgroup_deviation,BalAcc,-0.30436285372079175,0.252079569669223,-0.36909837523210653,0.23609882664385332,20
meps,gradual_group_mag1.0,xgb,assignment_proportion_drift,DI_star,-0.1905882085332798,0.18517282854040262,0.024974139733178823,0.13117091249171317,20
meps,gradual_group_mag1.0,xgb,assignment_proportion_drift,AOD_star,-0.18487093470542248,0.22384321386753564,0.009804525403174152,0.1894966862072912,20
meps,gradual_group_mag1.0,xgb,assignment_proportion_drift,BalAcc,0.13568207763295617,0.2787023920447148,-0.029298991750540182,0.21748431211769023,20
meps,gradual_group_mag1.0,xgb,ks_statistic,DI_star,0.5293984962406016,0.18562962668111319,0.5232104404919176,0.15585655015234887,20
meps,gradual_group_mag1.0,xgb,ks_statistic,AOD_star,0.3881954887218044,0.22001304058915172,0.3497836603176005,0.19578698000820455,20
meps,gradual_group_mag1.0,xgb,ks_statistic,BalAcc,-0.35838615958751624,0.23080940332101813,-0.34107696858935965,0.21832088226679147,20
meps,gradual_group_mag1.0,xgb,kl_divergence,DI_star,0.1957142857142857,0.17768320449621278,0.26894701728241854,0.12070392437116775,20
meps,gradual_group_mag1.0,xgb,kl_divergence,AOD_star,0.14323308270676693,0.22808212119972768,0.19681030734799973,0.2014941060076968,20
meps,gradual_group_mag1.0,xgb,kl_divergence,BalAcc,-0.10454682172793565,0.17227481557019936,-0.1733463919018404,0.1745444034999302,20
meps,gradual_group_mag1.0,xgb,per_subgroup_ewma[min_neg],DI_star,nan,nan,nan,nan,0
meps,gradual_group_mag1.0,xgb,per_subgroup_ewma[min_neg],AOD_star,nan,nan,nan,nan,0
meps,gradual_group_mag1.0,xgb,per_subgroup_ewma[min_neg],BalAcc,nan,nan,nan,nan,0
meps,gradual_group_mag1.0,xgb,per_subgroup_baseline_relative[min_neg],DI_star,nan,nan,nan,nan,0
meps,gradual_group_mag1.0,xgb,per_subgroup_baseline_relative[min_neg],AOD_star,nan,nan,nan,nan,0
meps,gradual_group_mag1.0,xgb,per_subgroup_baseline_relative[min_neg],BalAcc,nan,nan,nan,nan,0
meps,gradual_group_mag1.0,xgb,per_subgroup_ewma[min_pos],DI_star,0.5506766917293233,0.1752693347469547,0.5745735253535,0.1536310366032029,20
meps,gradual_group_mag1.0,xgb,per_subgroup_ewma[min_pos],AOD_star,0.41954887218045106,0.2031400291560753,0.39758381086703193,0.2006323857572639,20
meps,gradual_group_mag1.0,xgb,per_subgroup_ewma[min_pos],BalAcc,-0.35812177142127005,0.22097059196044064,-0.3619199504556704,0.21322309288035646,20
meps,gradual_group_mag1.0,xgb,per_subgroup_baseline_relative[min_pos],DI_star,0.43090225563909773,0.1562372545539462,0.43982515495128516,0.13534489983643364,20
meps,gradual_group_mag1.0,xgb,per_subgroup_baseline_relative[min_pos],AOD_star,0.3160902255639097,0.19954360272036897,0.28865605439803516,0.19669983629000481,20
meps,gradual_group_mag1.0,xgb,per_subgroup_baseline_relative[min_pos],BalAcc,-0.19026351142103262,0.20869007614924584,-0.22532689272364553,0.20228781749344896,20
meps,gradual_group_mag1.0,xgb,per_subgroup_ewma[maj_neg],DI_star,-0.016627856705332008,0.4268087619782574,0.06049887402251081,0.4984106507417759,20
meps,gradual_group_mag1.0,xgb,per_subgroup_ewma[maj_neg],AOD_star,-0.05914622024567019,0.3353326439218887,-0.010709493831763025,0.358717612186291,20
meps,gradual_group_mag1.0,xgb,per_subgroup_ewma[maj_neg],BalAcc,-0.060012678497574634,0.34701451659303784,-0.05875388596767138,0.38735571866501567,20
meps,gradual_group_mag1.0,xgb,per_subgroup_baseline_relative[maj_neg],DI_star,-0.016480558714181085,0.27182661891348586,0.02882547871301012,0.28149997734370047,20
meps,gradual_group_mag1.0,xgb,per_subgroup_baseline_relative[maj_neg],AOD_star,-0.12206798432862356,0.18803713484209816,-0.07829209591605646,0.20820215573737377,20
meps,gradual_group_mag1.0,xgb,per_subgroup_baseline_relative[maj_neg],BalAcc,-0.01815470218083071,0.27486129393562125,-0.03403662211478122,0.31191930446450955,20
meps,gradual_group_mag1.0,xgb,per_subgroup_ewma[maj_pos],DI_star,0.5496240601503759,0.1818290125719162,0.7061183601205003,0.16722717869816348,20
meps,gradual_group_mag1.0,xgb,per_subgroup_ewma[maj_pos],AOD_star,0.42932330827067666,0.21429099056952286,0.48497665495502107,0.22185150847587093,20
meps,gradual_group_mag1.0,xgb,per_subgroup_ewma[maj_pos],BalAcc,-0.37714568535322324,0.21928345698518903,-0.4842303450670461,0.239006651719028,20
meps,gradual_group_mag1.0,xgb,per_subgroup_baseline_relative[maj_pos],DI_star,0.5124812030075189,0.18158640374484888,0.5999285500775221,0.16367155537685715,20
meps,gradual_group_mag1.0,xgb,per_subgroup_baseline_relative[maj_pos],AOD_star,0.38210526315789467,0.2537064940674616,0.3924513265077244,0.23626749684673343,20
meps,gradual_group_mag1.0,xgb,per_subgroup_baseline_relative[maj_pos],BalAcc,-0.37240796650274655,0.23562313765804271,-0.4314740611034912,0.20053501816146438,20
meps,gradual_group_mag2.0,lr,global_mean,DI_star,0.12390977443609019,0.3678228686857971,0.14225642633253832,0.38161532275767907,20
meps,gradual_group_mag2.0,lr,global_mean,AOD_star,0.10383458646616542,0.28759628482052546,0.10648062624551999,0.29598432187676893,20
meps,gradual_group_mag2.0,lr,global_mean,BalAcc,0.039061352365345456,0.2301498149389673,0.03820472841366351,0.2369487896509848,20
meps,gradual_group_mag2.0,lr,global_ewma,DI_star,0.13127819548872177,0.3656415328802501,0.14066424529390792,0.3830777869563365,20
meps,gradual_group_mag2.0,lr,global_ewma,AOD_star,0.11819548872180449,0.2916814161113464,0.12207147638528307,0.29522121361811515,20
meps,gradual_group_mag2.0,lr,global_ewma,BalAcc,0.031015730505524676,0.23227765627611782,0.03655048402354945,0.23035938290970415,20
meps,gradual_group_mag2.0,lr,global_std,DI_star,0.14120300751879697,0.26082224510417773,0.1737936150219344,0.3005587679693306,20
meps,gradual_group_mag2.0,lr,global_std,AOD_star,0.12819548872180447,0.2170471718656032,0.1458889899057388,0.2655482870485621,20
meps,gradual_group_mag2.0,lr,global_std,BalAcc,0.024248134441803713,0.2183627273524002,0.03915355042291818,0.19930980593723965,20
meps,gradual_group_mag2.0,lr,subgroup_violation_diff,DI_star,0.1225563909774436,0.3015712522660946,0.1549007063668459,0.3193559126566094,20
meps,gradual_group_mag2.0,lr,subgroup_violation_diff,AOD_star,0.10857142857142858,0.2619213051340087,0.10856673560390381,0.27493481246049845,20
meps,gradual_group_mag2.0,lr,subgroup_violation_diff,BalAcc,0.046429547161147736,0.23612327524647242,0.04378194355467524,0.22680762738852647,20
meps,gradual_group_mag2.0,lr,max_subgroup_deviation,DI_star,0.13052631578947366,0.3588291334260748,0.14272915251739815,0.3759268162758379,20
meps,gradual_group_mag2.0,lr,max_subgroup_deviation,AOD_star,0.10661654135338346,0.2812323172373542,0.10639900922929355,0.28993965753121065,20
meps,gradual_group_mag2.0,lr,max_subgroup_deviation,BalAcc,0.04500318173666191,0.22926614050651736,0.05379312624323508,0.23451694873255577,20
meps,gradual_group_mag2.0,lr,assignment_proportion_drift,DI_star,0.044596198993252616,0.2163238260170563,0.08984386063952846,0.23497535665597077,20
meps,gradual_group_mag2.0,lr,assignment_proportion_drift,AOD_star,0.009901177535968239,0.24342520152658273,0.0394935045515957,0.2539562395913604,20
meps,gradual_group_mag2.0,lr,assignment_proportion_drift,BalAcc,-0.014732935692668498,0.23884808330252202,0.01216760179967902,0.22479423141018356,20
meps,gradual_group_mag2.0,lr,ks_statistic,DI_star,0.11165413533834585,0.37293684056210935,0.13977777921922965,0.35779898947372657,20
meps,gradual_group_mag2.0,lr,ks_statistic,AOD_star,0.0851127819548872,0.2929678383939121,0.10474998991191395,0.277243767941737,20
meps,gradual_group_mag2.0,lr,ks_statistic,BalAcc,0.01917375251183324,0.22732398634814285,0.03761074214595746,0.2461009466964221,20
meps,gradual_group_mag2.0,lr,kl_divergence,DI_star,0.09984962406015038,0.3364452549473287,0.1370406270618417,0.3383103063504531,20
meps,gradual_group_mag2.0,lr,kl_divergence,AOD_star,0.05736842105263158,0.2629250419866043,0.08461697857744395,0.2638980456245398,20
meps,gradual_group_mag2.0,lr,kl_divergence,BalAcc,0.011919824481360402,0.23669016038298915,0.011184462855165316,0.2352717379642899,20
meps,gradual_group_mag2.0,lr,per_subgroup_ewma[min_neg],DI_star,nan,nan,nan,nan,0
meps,gradual_group_mag2.0,lr,per_subgroup_ewma[min_neg],AOD_star,nan,nan,nan,nan,0
meps,gradual_group_mag2.0,lr,per_subgroup_ewma[min_neg],BalAcc,nan,nan,nan,nan,0
meps,gradual_group_mag2.0,lr,per_subgroup_baseline_relative[min_neg],DI_star,nan,nan,nan,nan,0
meps,gradual_group_mag2.0,lr,per_subgroup_baseline_relative[min_neg],AOD_star,nan,nan,nan,nan,0
meps,gradual_group_mag2.0,lr,per_subgroup_baseline_relative[min_neg],BalAcc,nan,nan,nan,nan,0
meps,gradual_group_mag2.0,lr,per_subgroup_ewma[min_pos],DI_star,0.13368421052631577,0.36569589016853227,0.1431657880060851,0.38286083844807156,20
meps,gradual_group_mag2.0,lr,per_subgroup_ewma[min_pos],AOD_star,0.12082706766917291,0.29086698181133114,0.1209911832657737,0.2993771350581161,20
meps,gradual_group_mag2.0,lr,per_subgroup_ewma[min_pos],BalAcc,0.027632724372566708,0.22737148221470369,0.0391214066771605,0.22795198395292957,20
meps,gradual_group_mag2.0,lr,per_subgroup_baseline_relative[min_pos],DI_star,0.1331578947368421,0.36072535608161826,0.1512921446279242,0.3647891659809699,20
meps,gradual_group_mag2.0,lr,per_subgroup_baseline_relative[min_pos],AOD_star,0.11458646616541353,0.2876120589927293,0.10618332896081309,0.28964756823159626,20
meps,gradual_group_mag2.0,lr,per_subgroup_baseline_relative[min_pos],BalAcc,0.04019151932882154,0.24330112942818366,0.04903823110144065,0.22807081118545205,20
meps,gradual_group_mag2.0,lr,per_subgroup_ewma[maj_neg],DI_star,-0.03757707994606726,0.27621344910775075,-0.011974772766785505,0.3013139933650313,20
meps,gradual_group_mag2.0,lr,per_subgroup_ewma[maj_neg],AOD_star,-0.026887878113783414,0.2547290150814994,-0.0383049547324208,0.31556269951196053,20
meps,gradual_group_mag2.0,lr,per_subgroup_ewma[maj_neg],BalAcc,0.030249200534410915,0.16411833918696792,0.03512905251084293,0.16192457654016468,20
meps,gradual_group_mag2.0,lr,per_subgroup_baseline_relative[maj_neg],DI_star,-0.029891136888715624,0.24805490939949054,0.0011888693857642796,0.2647587483173695,20
meps,gradual_group_mag2.0,lr,per_subgroup_baseline_relative[maj_neg],AOD_star,-0.037877104980214606,0.2613176468316338,-0.015777354019204104,0.2983292920040384,20
meps,gradual_group_mag2.0,lr,per_subgroup_baseline_relative[maj_neg],BalAcc,-0.031397446145167124,0.16548678128958694,-0.008036607303432784,0.17793331192203912,20
meps,gradual_group_mag2.0,lr,per_subgroup_ewma[maj_pos],DI_star,0.1014285714285714,0.3495651902899128,0.12681315669792143,0.364004276506474,20
meps,gradual_group_mag2.0,lr,per_subgroup_ewma[maj_pos],AOD_star,0.09015037593984962,0.24666901834854804,0.1142656821622395,0.27104787276331693,20
meps,gradual_group_mag2.0,lr,per_subgroup_ewma[maj_pos],BalAcc,0.014925872608962493,0.23548217172213878,0.0348326473438926,0.25231742975747073,20
meps,gradual_group_mag2.0,lr,per_subgroup_baseline_relative[maj_pos],DI_star,0.09172932330827066,0.3527359288989554,0.07719284619162539,0.36321454091389593,20
meps,gradual_group_mag2.0,lr,per_subgroup_baseline_relative[maj_pos],AOD_star,0.06526315789473683,0.26927977045521767,0.05075896365891343,0.28503657925076564,20
meps,gradual_group_mag2.0,lr,per_subgroup_baseline_relative[maj_pos],BalAcc,0.0509784334826507,0.21268331865333243,0.024414044982358767,0.2291897956227089,20
meps,gradual_group_mag2.0,xgb,global_mean,DI_star,0.589172932330827,0.1089884312680152,0.5444166679334254,0.09690407095374451,20
meps,gradual_group_mag2.0,xgb,global_mean,AOD_star,-0.13240601503759394,0.14173000139444097,-0.0899194118341592,0.16917930088155694,20
meps,gradual_group_mag2.0,xgb,global_mean,BalAcc,-0.765563909774436,0.1234163289594617,-0.7599444571169377,0.10890708701975435,20
meps,gradual_group_mag2.0,xgb,global_ewma,DI_star,0.5766917293233081,0.11028258123826533,0.5104117426515071,0.10284825003562312,20
meps,gradual_group_mag2.0,xgb,global_ewma,AOD_star,-0.15684210526315787,0.13481108655302212,-0.1733991742120357,0.16981499890552962,20
meps,gradual_group_mag2.0,xgb,global_ewma,BalAcc,-0.7794736842105262,0.12061732313325753,-0.8290052451900823,0.09450825825289959,20
meps,gradual_group_mag2.0,xgb,global_std,DI_star,0.43157894736842106,0.14104750138962396,0.25570468195743074,0.11721864347581736,20
meps,gradual_group_mag2.0,xgb,global_std,AOD_star,-0.2532330827067669,0.13821536833296363,-0.399757588102199,0.11862227013915695,20
meps,gradual_group_mag2.0,xgb,global_std,BalAcc,-0.6899999999999998,0.1299367118958675,-0.7665618656838261,0.0935061971492178,20
meps,gradual_group_mag2.0,xgb,subgroup_violation_diff,DI_star,0.3999248120300752,0.128870052885992,0.31125837913436716,0.12480572470463257,20
meps,gradual_group_mag2.0,xgb,subgroup_violation_diff,AOD_star,-0.21864661654135337,0.1488451407053098,-0.24754110777492203,0.17790065873949987,20
meps,gradual_group_mag2.0,xgb,subgroup_violation_diff,BalAcc,-0.6150375939849624,0.12457718643547769,-0.6715098738697698,0.10506951350423353,20
meps,gradual_group_mag2.0,xgb,max_subgroup_deviation,DI_star,0.5747368421052631,0.12306192153211958,0.5114830864607706,0.10317491874338999,20
meps,gradual_group_mag2.0,xgb,max_subgroup_deviation,AOD_star,-0.14526315789473684,0.14843285979652618,-0.15805376867866988,0.18688501153731732,20
meps,gradual_group_mag2.0,xgb,max_subgroup_deviation,BalAcc,-0.7528571428571428,0.13351255926837066,-0.7956463940266641,0.0989074776646363,20
meps,gradual_group_mag2.0,xgb,assignment_proportion_drift,DI_star,-0.05395171496105737,0.14727905903165642,0.11675648992177812,0.14472807544648564,20
meps,gradual_group_mag2.0,xgb,assignment_proportion_drift,AOD_star,-0.15699297353536132,0.17187136616692703,-0.08136084942810826,0.15369339612161798,20
meps,gradual_group_mag2.0,xgb,assignment_proportion_drift,BalAcc,-0.08952199133306007,0.26980902971642584,-0.23292762380681054,0.230583300494522,20
meps,gradual_group_mag2.0,xgb,ks_statistic,DI_star,0.6002255639097744,0.10500319671876679,0.5567654146582918,0.10677114800617704,20
meps,gradual_group_mag2.0,xgb,ks_statistic,AOD_star,-0.10105263157894735,0.1521932295743533,-0.008288988113192498,0.18573868991134707,20
meps,gradual_group_mag2.0,xgb,ks_statistic,BalAcc,-0.7566917293233082,0.13232706761577084,-0.6753836935512586,0.11782386966205362,20
meps,gradual_group_mag2.0,xgb,kl_divergence,DI_star,0.43,0.12696171673816095,0.425890934333203,0.11142164484481533,20
meps,gradual_group_mag2.0,xgb,kl_divergence,AOD_star,0.019548872180451125,0.16015284688693535,0.04165682610336141,0.1764166256344499,20
meps,gradual_group_mag2.0,xgb,kl_divergence,BalAcc,-0.4451127819548872,0.18046428523460575,-0.46215963938690685,0.1345490204696728,20
meps,gradual_group_mag2.0,xgb,per_subgroup_ewma[min_neg],DI_star,nan,nan,nan,nan,0
meps,gradual_group_mag2.0,xgb,per_subgroup_ewma[min_neg],AOD_star,nan,nan,nan,nan,0
meps,gradual_group_mag2.0,xgb,per_subgroup_ewma[min_neg],BalAcc,nan,nan,nan,nan,0
meps,gradual_group_mag2.0,xgb,per_subgroup_baseline_relative[min_neg],DI_star,nan,nan,nan,nan,0
meps,gradual_group_mag2.0,xgb,per_subgroup_baseline_relative[min_neg],AOD_star,nan,nan,nan,nan,0
meps,gradual_group_mag2.0,xgb,per_subgroup_baseline_relative[min_neg],BalAcc,nan,nan,nan,nan,0
meps,gradual_group_mag2.0,xgb,per_subgroup_ewma[min_pos],DI_star,0.575563909774436,0.10678478617810933,0.5025810273711183,0.09664229767942548,20
meps,gradual_group_mag2.0,xgb,per_subgroup_ewma[min_pos],AOD_star,-0.1582706766917293,0.13527724184514606,-0.17428007951033067,0.1709616178393723,20
meps,gradual_group_mag2.0,xgb,per_subgroup_ewma[min_pos],BalAcc,-0.7782706766917292,0.12217198351224744,-0.8172557811106845,0.09382404109589547,20
meps,gradual_group_mag2.0,xgb,per_subgroup_baseline_relative[min_pos],DI_star,0.538796992481203,0.11626608286106757,0.48095953314474027,0.10360393415186102,20
meps,gradual_group_mag2.0,xgb,per_subgroup_baseline_relative[min_pos],AOD_star,-0.16616541353383457,0.1344427341884846,-0.12587375657784428,0.17879373296214313,20
meps,gradual_group_mag2.0,xgb,per_subgroup_baseline_relative[min_pos],BalAcc,-0.7236842105263157,0.13192082331353513,-0.7186900399606755,0.10730656394990865,20
meps,gradual_group_mag2.0,xgb,per_subgroup_ewma[maj_neg],DI_star,0.1531129520606673,0.44782768899799696,0.1392222105829961,0.42800749350868117,20
meps,gradual_group_mag2.0,xgb,per_subgroup_ewma[maj_neg],AOD_star,-0.07041720228439044,0.31086176068379356,-0.0936833425542771,0.36996077199154676,20
meps,gradual_group_mag2.0,xgb,per_subgroup_ewma[maj_neg],BalAcc,-0.26603796103708777,0.5417370524043243,-0.28842607537326514,0.5841521258731112,20
meps,gradual_group_mag2.0,xgb,per_subgroup_baseline_relative[maj_neg],DI_star,0.08489148657875503,0.29072460907981884,0.13257874975118608,0.28288905575922735,20
meps,gradual_group_mag2.0,xgb,per_subgroup_baseline_relative[maj_neg],AOD_star,0.002364235646477951,0.22196373072954892,0.0077451149352923965,0.25833078486345196,20
meps,gradual_group_mag2.0,xgb,per_subgroup_baseline_relative[maj_neg],BalAcc,-0.0986087286042035,0.30395084240004494,-0.16553605718819117,0.2869327118425439,20
meps,gradual_group_mag2.0,xgb,per_subgroup_ewma[maj_pos],DI_star,0.6350375939849623,0.1367033089382132,0.6103333355551862,0.14002206557767774,20
meps,gradual_group_mag2.0,xgb,per_subgroup_ewma[maj_pos],AOD_star,-0.031578947368421054,0.21030654479509392,-0.03691097762609957,0.2157489812278481,20
meps,gradual_group_mag2.0,xgb,per_subgroup_ewma[maj_pos],BalAcc,-0.7427067669172932,0.17102042165546244,-0.7790030706320523,0.15809681694234,20
meps,gradual_group_mag2.0,xgb,per_subgroup_baseline_relative[maj_pos],DI_star,0.6571428571428571,0.15127849444655733,0.6442627459884016,0.14894693794757097,20
meps,gradual_group_mag2.0,xgb,per_subgroup_baseline_relative[maj_pos],AOD_star,0.20218045112781952,0.21485794851620033,0.16909185019944295,0.2135962248093589,20
meps,gradual_group_mag2.0,xgb,per_subgroup_baseline_relative[maj_pos],BalAcc,-0.5528571428571427,0.24488262407938968,-0.5446110052439359,0.23385713402885352,20
meps,gradual_global_mag0.5,lr,global_mean,DI_star,0.07443609022556388,0.1707402749969107,0.0595323624561576,0.16203154227742128,20
meps,gradual_global_mag0.5,lr,global_mean,AOD_star,0.051578947368421044,0.21782363654706746,0.04088862717776025,0.2077313017607359,20
meps,gradual_global_mag0.5,lr,global_mean,BalAcc,0.05315789473684211,0.21083826244237053,0.043089444026512505,0.2285236986464327,20
meps,gradual_global_mag0.5,lr,global_ewma,DI_star,0.05240601503759398,0.15358108674684823,0.05565411114182191,0.15829948682538533,20
meps,gradual_global_mag0.5,lr,global_ewma,AOD_star,0.06150375939849624,0.20153456166774691,0.05893652153811095,0.1991088776858248,20
meps,gradual_global_mag0.5,lr,global_ewma,BalAcc,0.02962406015037595,0.20582676211052953,0.03091745707973076,0.21859548421607475,20
meps,gradual_global_mag0.5,lr,global_std,DI_star,0.02744360902255638,0.14667388506520887,0.0029591003089396413,0.1376350858071646,20
meps,gradual_global_mag0.5,lr,global_std,AOD_star,-0.013383458646616544,0.14065569298716168,-0.03174266207338514,0.18087188773659738,20
meps,gradual_global_mag0.5,lr,global_std,BalAcc,0.004360902255639091,0.2109886973884816,-0.01229076885612833,0.23401097004944357,20
meps,gradual_global_mag0.5,lr,subgroup_violation_diff,DI_star,0.1043609022556391,0.19033661948876934,0.10959258581650544,0.21430991492107154,20
meps,gradual_global_mag0.5,lr,subgroup_violation_diff,AOD_star,0.039097744360902256,0.21150845024186454,0.06384069422417565,0.20014568291765952,20
meps,gradual_global_mag0.5,lr,subgroup_violation_diff,BalAcc,0.011729323308270671,0.253138856971899,0.027266493707836327,0.21032195911393842,20
meps,gradual_global_mag0.5,lr,max_subgroup_deviation,DI_star,0.061544110888565616,0.1722524354675421,0.0967435480322236,0.19852584463038794,20
meps,gradual_global_mag0.5,lr,max_subgroup_deviation,AOD_star,0.024283423435317697,0.1515109313306805,0.05231298108207272,0.18738160574420326,20
meps,gradual_global_mag0.5,lr,max_subgroup_deviation,BalAcc,0.0645859005233403,0.23196333132031302,0.03523077835561363,0.2182502306751897,20
meps,gradual_global_mag0.5,lr,assignment_proportion_drift,DI_star,0.0012872517350112217,0.18042410218672272,0.08863547927056288,0.20568844708926826,20
meps,gradual_global_mag0.5,lr,assignment_proportion_drift,AOD_star,-0.003073338013166746,0.22113568903039027,0.0506178671156141,0.20392622905221844,20
meps,gradual_global_mag0.5,lr,assignment_proportion_drift,BalAcc,-0.00807270575259541,0.2596086358114788,0.022999667468935912,0.22836821409226069,20
meps,gradual_global_mag0.5,lr,ks_statistic,DI_star,0.0545112781954887,0.1796535475281944,0.10065677048018402,0.2018472300584337,20
meps,gradual_global_mag0.5,lr,ks_statistic,AOD_star,0.06293233082706767,0.20711100556119402,0.06779529218322754,0.20658993509229642,20
meps,gradual_global_mag0.5,lr,ks_statistic,BalAcc,0.015187969924812028,0.21303759982294967,0.03252875473891402,0.22775269537670878,20
meps,gradual_global_mag0.5,lr,kl_divergence,DI_star,0.029097744360902254,0.15271879799935056,0.055920471823237464,0.1728445446174393,20
meps,gradual_global_mag0.5,lr,kl_divergence,AOD_star,0.007218045112781952,0.17918200324739492,0.023374776225562197,0.19415684584052495,20
meps,gradual_global_mag0.5,lr,kl_divergence,BalAcc,-0.006390977443609033,0.22504193992321742,0.00658913320028739,0.239441271833627,20
meps,gradual_global_mag0.5,lr,per_subgroup_ewma[min_neg],DI_star,nan,nan,nan,nan,0
meps,gradual_global_mag0.5,lr,per_subgroup_ewma[min_neg],AOD_star,nan,nan,nan,nan,0
meps,gradual_global_mag0.5,lr,per_subgroup_ewma[min_neg],BalAcc,nan,nan,nan,nan,0
meps,gradual_global_mag0.5,lr,per_subgroup_baseline_relative[min_neg],DI_star,nan,nan,nan,nan,0
meps,gradual_global_mag0.5,lr,per_subgroup_baseline_relative[min_neg],AOD_star,nan,nan,nan,nan,0
meps,gradual_global_mag0.5,lr,per_subgroup_baseline_relative[min_neg],BalAcc,nan,nan,nan,nan,0
meps,gradual_global_mag0.5,lr,per_subgroup_ewma[min_pos],DI_star,0.057518796992481205,0.1693228241556134,0.06329526389683911,0.1658156347718769,20
meps,gradual_global_mag0.5,lr,per_subgroup_ewma[min_pos],AOD_star,0.06187969924812027,0.20356719009188096,0.048667050645222906,0.1996969836881951,20
meps,gradual_global_mag0.5,lr,per_subgroup_ewma[min_pos],BalAcc,0.022180451127819557,0.20837942656285546,0.033815082547391344,0.23875110973222738,20
meps,gradual_global_mag0.5,lr,per_subgroup_baseline_relative[min_pos],DI_star,0.08751879699248119,0.21336888683706615,0.10609120601484798,0.2080845628488176,20
meps,gradual_global_mag0.5,lr,per_subgroup_baseline_relative[min_pos],AOD_star,0.034360902255639085,0.1933101715689578,0.0622967728997061,0.208691902142754,20
meps,gradual_global_mag0.5,lr,per_subgroup_baseline_relative[min_pos],BalAcc,0.06345864661654135,0.27376913496902466,0.036989584995222834,0.22393110198709093,20
meps,gradual_global_mag0.5,lr,per_subgroup_ewma[maj_neg],DI_star,0.02118082297301243,0.21477320992289164,0.040823600010327955,0.22176543104926558,19
meps,gradual_global_mag0.5,lr,per_subgroup_ewma[maj_neg],AOD_star,0.04861352304237396,0.21484329814949585,0.0452845285003475,0.22657632238384187,19
meps,gradual_global_mag0.5,lr,per_subgroup_ewma[maj_neg],BalAcc,0.044355459233305576,0.23568487450991296,0.036440112118509414,0.23423563733453265,19
meps,gradual_global_mag0.5,lr,per_subgroup_baseline_relative[maj_neg],DI_star,-0.014009297396778916,0.15342214266063403,0.04117236817186249,0.17214367929372726,19
meps,gradual_global_mag0.5,lr,per_subgroup_baseline_relative[maj_neg],AOD_star,0.016268299548926432,0.2118091423937722,0.06199380811039459,0.22230075849325592,19
meps,gradual_global_mag0.5,lr,per_subgroup_baseline_relative[maj_neg],BalAcc,0.03234019188415769,0.21694350835287968,0.11367894909192088,0.1823596387970064,19
meps,gradual_global_mag0.5,lr,per_subgroup_ewma[maj_pos],DI_star,0.02,0.16175943414359623,0.03469716629398519,0.16820069128689652,20
meps,gradual_global_mag0.5,lr,per_subgroup_ewma[maj_pos],AOD_star,0.062255639097744356,0.19297774300139242,0.060100372018841,0.20171622720194066,20
meps,gradual_global_mag0.5,lr,per_subgroup_ewma[maj_pos],BalAcc,0.014135338345864657,0.18237099007308855,0.021883711581614573,0.19838206594032798,20
meps,gradual_global_mag0.5,lr,per_subgroup_baseline_relative[maj_pos],DI_star,0.021804511278195493,0.1464436999336896,-0.011288474749700588,0.14521998507766448,20
meps,gradual_global_mag0.5,lr,per_subgroup_baseline_relative[maj_pos],AOD_star,0.03819548872180452,0.19363983987161607,-0.0055348503257562605,0.1995318318847525,20
meps,gradual_global_mag0.5,lr,per_subgroup_baseline_relative[maj_pos],BalAcc,0.04240601503759398,0.21195679424736938,0.02419757366168273,0.2327118278611453,20
meps,gradual_global_mag0.5,xgb,global_mean,DI_star,-0.11481451890031016,0.2239120776057041,-0.16270710126262536,0.21054509532841884,20
meps,gradual_global_mag0.5,xgb,global_mean,AOD_star,-0.1475187969924812,0.22202889122253705,-0.12115255770948911,0.2088499859589107,20
meps,gradual_global_mag0.5,xgb,global_mean,BalAcc,0.01699248120300751,0.2022475890731058,-0.016309308338465806,0.2073163924146598,20
meps,gradual_global_mag0.5,xgb,global_ewma,DI_star,-0.14267294859316962,0.2246097158672661,-0.18882983667171033,0.20999027918113836,20
meps,gradual_global_mag0.5,xgb,global_ewma,AOD_star,-0.13601503759398495,0.2109037835174442,-0.13956517805886348,0.20364354255977998,20
meps,gradual_global_mag0.5,xgb,global_ewma,BalAcc,-0.003458646616541353,0.2153303123632758,-0.03968279261111842,0.20752314395038893,20
meps,gradual_global_mag0.5,xgb,global_std,DI_star,0.17161975137214902,0.19635058303301442,0.2047661798241273,0.1912552423510611,20
meps,gradual_global_mag0.5,xgb,global_std,AOD_star,0.11872180451127816,0.19910448788070886,0.11622131206747324,0.18770708986251616,20
meps,gradual_global_mag0.5,xgb,global_std,BalAcc,0.06067669172932331,0.22314911672337012,0.06181996712744771,0.21650092155376213,20
meps,gradual_global_mag0.5,xgb,subgroup_violation_diff,DI_star,0.07447253878532803,0.22367719218915874,0.009593747779548432,0.19946508184885126,20
meps,gradual_global_mag0.5,xgb,subgroup_violation_diff,AOD_star,0.028721804511278197,0.23125986219464736,-0.010672658398521825,0.2084277833871922,20
meps,gradual_global_mag0.5,xgb,subgroup_violation_diff,BalAcc,0.05345864661654134,0.2536706500335631,0.005142807766965329,0.2645214583386794,20
meps,gradual_global_mag0.5,xgb,max_subgroup_deviation,DI_star,-0.003266618209853906,0.18846243557749995,-0.05178053416286227,0.18265349076696077,20
meps,gradual_global_mag0.5,xgb,max_subgroup_deviation,AOD_star,-0.042858047884460015,0.2430768075666799,-0.05718384440268305,0.21846785494018478,20
meps,gradual_global_mag0.5,xgb,max_subgroup_deviation,BalAcc,0.09977652896589649,0.2301727093470024,0.005192051245443491,0.27457993536728287,20
meps,gradual_global_mag0.5,xgb,assignment_proportion_drift,DI_star,-0.005211684460945298,0.2171716080464516,-0.04373798722951992,0.20639668563327151,20
meps,gradual_global_mag0.5,xgb,assignment_proportion_drift,AOD_star,-0.01898593676319875,0.19692921749091036,-0.04238300184320441,0.2159464577080491,20
meps,gradual_global_mag0.5,xgb,assignment_proportion_drift,BalAcc,-0.00894347488408232,0.27280249801874423,-0.014894526507818645,0.28027231402821484,20
meps,gradual_global_mag0.5,xgb,ks_statistic,DI_star,-0.13650838352244488,0.21138899146945342,-0.09921257049601834,0.20173806118597506,20
meps,gradual_global_mag0.5,xgb,ks_statistic,AOD_star,-0.1509022556390977,0.20943016188536986,-0.08211788980405466,0.22312225545470413,20
meps,gradual_global_mag0.5,xgb,ks_statistic,BalAcc,-0.00796992481203008,0.2501236508048678,-0.016361783487196586,0.28096936987990634,20
meps,gradual_global_mag0.5,xgb,kl_divergence,DI_star,-0.12752315243644505,0.2079083247107796,-0.13596721353165214,0.2138830898319528,20
meps,gradual_global_mag0.5,xgb,kl_divergence,AOD_star,-0.16526315789473683,0.18207285059516967,-0.11764956279236038,0.20589962132470027,20
meps,gradual_global_mag0.5,xgb,kl_divergence,BalAcc,-0.01112781954887219,0.23032734719860076,-0.03680711186247145,0.2378523049898244,20
meps,gradual_global_mag0.5,xgb,per_subgroup_ewma[min_neg],DI_star,nan,nan,nan,nan,0
meps,gradual_global_mag0.5,xgb,per_subgroup_ewma[min_neg],AOD_star,nan,nan,nan,nan,0
meps,gradual_global_mag0.5,xgb,per_subgroup_ewma[min_neg],BalAcc,nan,nan,nan,nan,0
meps,gradual_global_mag0.5,xgb,per_subgroup_baseline_relative[min_neg],DI_star,nan,nan,nan,nan,0
meps,gradual_global_mag0.5,xgb,per_subgroup_baseline_relative[min_neg],AOD_star,nan,nan,nan,nan,0
meps,gradual_global_mag0.5,xgb,per_subgroup_baseline_relative[min_neg],BalAcc,nan,nan,nan,nan,0
meps,gradual_global_mag0.5,xgb,per_subgroup_ewma[min_pos],DI_star,-0.14635741365841834,0.23375599654576154,-0.15912659230750564,0.21055866948513066,20
meps,gradual_global_mag0.5,xgb,per_subgroup_ewma[min_pos],AOD_star,-0.1448872180451128,0.22285758678027484,-0.11641119339883266,0.21482996515687916,20
meps,gradual_global_mag0.5,xgb,per_subgroup_ewma[min_pos],BalAcc,-0.002330827067669172,0.22787957967371414,-0.03001900732464934,0.23980207422427183,20
meps,gradual_global_mag0.5,xgb,per_subgroup_baseline_relative[min_pos],DI_star,-0.017105871223123452,0.23904870195698844,-0.06094824613209234,0.2072385266888191,20
meps,gradual_global_mag0.5,xgb,per_subgroup_baseline_relative[min_pos],AOD_star,-0.060676691729323294,0.278723041753249,-0.062051285692965565,0.22686039725858273,20
meps,gradual_global_mag0.5,xgb,per_subgroup_baseline_relative[min_pos],BalAcc,0.08593984962406014,0.24715065717119766,-0.002627803275727464,0.2689080068961341,20
meps,gradual_global_mag0.5,xgb,per_subgroup_ewma[maj_neg],DI_star,-0.04058350757708222,0.2564098631065733,-0.05567841003338924,0.2613080661119052,19
meps,gradual_global_mag0.5,xgb,per_subgroup_ewma[maj_neg],AOD_star,-0.05230992538497522,0.20529837058938616,-0.0490162454291833,0.2106992749462229,19
meps,gradual_global_mag0.5,xgb,per_subgroup_ewma[maj_neg],BalAcc,0.02655335909046727,0.23668132032230035,-0.012999837062589939,0.23029206137362737,19
meps,gradual_global_mag0.5,xgb,per_subgroup_baseline_relative[maj_neg],DI_star,0.017192194483104165,0.17973609072038368,0.012455538929659145,0.20740202911167713,19
meps,gradual_global_mag0.5,xgb,per_subgroup_baseline_relative[maj_neg],AOD_star,0.022871042950041446,0.18860642867159785,0.013508803742610586,0.21334695518815622,19
meps,gradual_global_mag0.5,xgb,per_subgroup_baseline_relative[maj_neg],BalAcc,0.04658314467851015,0.2271774382695104,0.08186634961462928,0.20083233348289678,19
meps,gradual_global_mag0.5,xgb,per_subgroup_ewma[maj_pos],DI_star,-0.17301091264943183,0.22604044869985082,-0.1846382087156856,0.20646549552927457,20
meps,gradual_global_mag0.5,xgb,per_subgroup_ewma[maj_pos],AOD_star,-0.14616541353383458,0.18124487083882365,-0.13834806343450906,0.19671799734590736,20
meps,gradual_global_mag0.5,xgb,per_subgroup_ewma[maj_pos],BalAcc,-0.02954887218045113,0.18419995366314348,-0.0515734226107323,0.18692158689159824,20
meps,gradual_global_mag0.5,xgb,per_subgroup_baseline_relative[maj_pos],DI_star,-0.15285889634756988,0.21116356324251861,-0.19916043931350624,0.19573155712371942,20
meps,gradual_global_mag0.5,xgb,per_subgroup_baseline_relative[maj_pos],AOD_star,-0.1631578947368421,0.1817338494619288,-0.1415216089504344,0.17953038396217513,20
meps,gradual_global_mag0.5,xgb,per_subgroup_baseline_relative[maj_pos],BalAcc,-0.0015037593984962446,0.189213928641677,-0.02852280802309982,0.19050733834500921,20
meps,gradual_global_mag1.0,lr,global_mean,DI_star,0.08233082706766917,0.1978920372556229,0.0754979032058284,0.20620336326762875,20
meps,gradual_global_mag1.0,lr,global_mean,AOD_star,0.06834586466165413,0.21062751327177517,0.04871274957757233,0.23705389852096123,20
meps,gradual_global_mag1.0,lr,global_mean,BalAcc,0.0004511278195488827,0.22401780898815188,0.017764027155682306,0.24061635443020413,20
meps,gradual_global_mag1.0,lr,global_ewma,DI_star,0.063984962406015,0.189713105087844,0.06004914891748532,0.19005439882930494,20
meps,gradual_global_mag1.0,lr,global_ewma,AOD_star,0.05947368421052631,0.2128201963563631,0.05238654747374612,0.22887881832955648,20
meps,gradual_global_mag1.0,lr,global_ewma,BalAcc,-0.007669172932330821,0.21707687540214948,0.013601600646818267,0.2142208408291956,20
meps,gradual_global_mag1.0,lr,global_std,DI_star,-0.013684210526315794,0.2064831408778626,-0.03171154200512412,0.2069429937877618,20
meps,gradual_global_mag1.0,lr,global_std,AOD_star,-0.03593984962406015,0.20661123325529931,-0.037963088819438315,0.22398313713067236,20
meps,gradual_global_mag1.0,lr,global_std,BalAcc,0.026842105263157882,0.24142166368380483,0.003640431624296378,0.2517582354614857,20
meps,gradual_global_mag1.0,lr,subgroup_violation_diff,DI_star,0.09225563909774437,0.18082309720055953,0.09557702194431186,0.21005136926189774,20
meps,gradual_global_mag1.0,lr,subgroup_violation_diff,AOD_star,0.03924812030075188,0.18653461028564342,0.05536605623729653,0.1987726602266718,20
meps,gradual_global_mag1.0,lr,subgroup_violation_diff,BalAcc,0.029699248120300736,0.23731918771309593,0.016853125376245264,0.20794804355542107,20
meps,gradual_global_mag1.0,lr,max_subgroup_deviation,DI_star,0.06977443609022554,0.1645056424375895,0.09804347297980044,0.1984598226263756,20
meps,gradual_global_mag1.0,lr,max_subgroup_deviation,AOD_star,0.04398496240601503,0.17428556832108685,0.05577775317602801,0.19808384820206035,20
meps,gradual_global_mag1.0,lr,max_subgroup_deviation,BalAcc,0.06593984962406013,0.24553277132459414,0.031741341042811864,0.22741176628665924,20
meps,gradual_global_mag1.0,lr,assignment_proportion_drift,DI_star,0.03531734755349184,0.18607957586797813,0.07609104897865837,0.21051129676133548,20
meps,gradual_global_mag1.0,lr,assignment_proportion_drift,AOD_star,-0.004525338452540936,0.2220728527272504,0.03605192696752682,0.2039142005032919,20
meps,gradual_global_mag1.0,lr,assignment_proportion_drift,BalAcc,0.02074880017331741,0.22280978434706,0.010795974265916636,0.2184741599430677,20
meps,gradual_global_mag1.0,lr,ks_statistic,DI_star,0.06090225563909772,0.19564741967933214,0.09063938543763142,0.21174754659403675,20
meps,gradual_global_mag1.0,lr,ks_statistic,AOD_star,0.0588721804511278,0.19912424862769165,0.06130832956691541,0.22554542277389203,20
meps,gradual_global_mag1.0,lr,ks_statistic,BalAcc,-0.016842105263157887,0.21834182560111817,0.01664699766953871,0.22366720480069682,20
meps,gradual_global_mag1.0,lr,kl_divergence,DI_star,0.02804511278195489,0.22929903729566864,0.06606351103435498,0.22401627398973595,20
meps,gradual_global_mag1.0,lr,kl_divergence,AOD_star,0.015939849624060153,0.24256594660684758,0.053498455094966445,0.2358884574183073,20
meps,gradual_global_mag1.0,lr,kl_divergence,BalAcc,0.030225563909774433,0.2607043083453873,0.03488593929779797,0.24971459125356993,20
meps,gradual_global_mag1.0,lr,per_subgroup_ewma[min_neg],DI_star,nan,nan,nan,nan,0
meps,gradual_global_mag1.0,lr,per_subgroup_ewma[min_neg],AOD_star,nan,nan,nan,nan,0
meps,gradual_global_mag1.0,lr,per_subgroup_ewma[min_neg],BalAcc,nan,nan,nan,nan,0
meps,gradual_global_mag1.0,lr,per_subgroup_baseline_relative[min_neg],DI_star,nan,nan,nan,nan,0
meps,gradual_global_mag1.0,lr,per_subgroup_baseline_relative[min_neg],AOD_star,nan,nan,nan,nan,0
meps,gradual_global_mag1.0,lr,per_subgroup_baseline_relative[min_neg],BalAcc,nan,nan,nan,nan,0
meps,gradual_global_mag1.0,lr,per_subgroup_ewma[min_pos],DI_star,0.06879699248120301,0.20339805098235936,0.0636568222040875,0.18859519793100685,20
meps,gradual_global_mag1.0,lr,per_subgroup_ewma[min_pos],AOD_star,0.0632330827067669,0.20878683901548842,0.04723632692153591,0.21447990887942886,20
meps,gradual_global_mag1.0,lr,per_subgroup_ewma[min_pos],BalAcc,-0.010526315789473661,0.21345598496170204,0.017202082095173987,0.2342121305638575,20
meps,gradual_global_mag1.0,lr,per_subgroup_baseline_relative[min_pos],DI_star,0.08473684210526315,0.19623125319824616,0.09916929287841952,0.2213568705782449,20
meps,gradual_global_mag1.0,lr,per_subgroup_baseline_relative[min_pos],AOD_star,0.04413533834586466,0.16423591406379476,0.05903289315109937,0.21139928429672336,20
meps,gradual_global_mag1.0,lr,per_subgroup_baseline_relative[min_pos],BalAcc,0.06714285714285714,0.2505464771784368,0.02311652548368494,0.22797331425601622,20
meps,gradual_global_mag1.0,lr,per_subgroup_ewma[maj_neg],DI_star,0.02031371285935527,0.22029834957135183,0.025414128239773036,0.23737871344404032,19
meps,gradual_global_mag1.0,lr,per_subgroup_ewma[maj_neg],AOD_star,0.019764581003028026,0.2044573277431186,0.004876234237344858,0.24270751983834782,19
meps,gradual_global_mag1.0,lr,per_subgroup_ewma[maj_neg],BalAcc,0.06304262625993823,0.21127983310569756,0.05218445334618287,0.20780923023447712,19
meps,gradual_global_mag1.0,lr,per_subgroup_baseline_relative[maj_neg],DI_star,-0.01697923343970764,0.21289214246537036,0.030759049782853383,0.23955734687524965,19
meps,gradual_global_mag1.0,lr,per_subgroup_baseline_relative[maj_neg],AOD_star,-0.03651554572508562,0.26317002140724305,0.011897294107149134,0.2663543283220133,19
meps,gradual_global_mag1.0,lr,per_subgroup_baseline_relative[maj_neg],BalAcc,0.005505784053320507,0.24334357993735298,0.035633355267418634,0.237829252615648,19
meps,gradual_global_mag1.0,lr,per_subgroup_ewma[maj_pos],DI_star,0.025864661654135333,0.1703631315321733,0.050805739906996994,0.19069888710961833,20
meps,gradual_global_mag1.0,lr,per_subgroup_ewma[maj_pos],AOD_star,0.03706766917293235,0.2054771943097907,0.052990742267006494,0.2326569422362941,20
meps,gradual_global_mag1.0,lr,per_subgroup_ewma[maj_pos],BalAcc,-0.010000000000000005,0.20921572455694668,0.011911193093196317,0.20041179383399754,20
meps,gradual_global_mag1.0,lr,per_subgroup_baseline_relative[maj_pos],DI_star,0.03827067669172932,0.17193400953571525,0.03676642411767032,0.18333529443009386,20
meps,gradual_global_mag1.0,lr,per_subgroup_baseline_relative[maj_pos],AOD_star,0.03721804511278196,0.20329629975434796,0.02390189125330162,0.2310845377589753,20
meps,gradual_global_mag1.0,lr,per_subgroup_baseline_relative[maj_pos],BalAcc,-0.00684210526315789,0.2148668942334969,0.007681480574095389,0.2379717850589455,20
meps,gradual_global_mag1.0,xgb,global_mean,DI_star,0.16789473684210524,0.3237595294552885,0.247062136139424,0.3435272938227051,20
meps,gradual_global_mag1.0,xgb,global_mean,AOD_star,-0.3480451127819549,0.24836145719650216,-0.3186727167927058,0.25877736751244146,20
meps,gradual_global_mag1.0,xgb,global_mean,BalAcc,-0.4810622192120886,0.19191313216055406,-0.5107401293217261,0.1604123410357619,20
meps,gradual_global_mag1.0,xgb,global_ewma,DI_star,0.153984962406015,0.33514354232529897,0.2571781439436118,0.3927244256494395,20
meps,gradual_global_mag1.0,xgb,global_ewma,AOD_star,-0.3584962406015037,0.24952819972958176,-0.3674229952771163,0.25193346783829135,20
meps,gradual_global_mag1.0,xgb,global_ewma,BalAcc,-0.4939574509910079,0.17264581390126732,-0.5588895909162959,0.16980999122582177,20
meps,gradual_global_mag1.0,xgb,global_std,DI_star,-0.16834586466165413,0.3106431628545847,-0.22518034425474798,0.33528635580809923,20
meps,gradual_global_mag1.0,xgb,global_std,AOD_star,0.22308270676691727,0.2863551479076708,0.2653708048496026,0.26109359919116953,20
meps,gradual_global_mag1.0,xgb,global_std,BalAcc,0.46861856776637667,0.12275643185367195,0.5029515117480854,0.1281087934434702,20
meps,gradual_global_mag1.0,xgb,subgroup_violation_diff,DI_star,-0.1506015037593985,0.24361286314618547,-0.09449923245228008,0.2064645227261202,20
meps,gradual_global_mag1.0,xgb,subgroup_violation_diff,AOD_star,0.034210526315789476,0.25254244533928916,-0.06675972392754692,0.23174487663838275,20
meps,gradual_global_mag1.0,xgb,subgroup_violation_diff,BalAcc,0.22590829386822947,0.20991813513009855,0.05724399106867626,0.2159300120258438,20
meps,gradual_global_mag1.0,xgb,max_subgroup_deviation,DI_star,0.10526315789473684,0.22261886950693577,0.09867515355461016,0.19260590638230532,20
meps,gradual_global_mag1.0,xgb,max_subgroup_deviation,AOD_star,-0.17172932330827068,0.2703530228564256,-0.2105831004564665,0.2167973744361655,20
meps,gradual_global_mag1.0,xgb,max_subgroup_deviation,BalAcc,-0.18488659583883224,0.25333266242745,-0.24964715449808966,0.17648179715099596,20
meps,gradual_global_mag1.0,xgb,assignment_proportion_drift,DI_star,-0.14314304061942495,0.2360738649237674,-0.03472853975805133,0.18068865202155682,20
meps,gradual_global_mag1.0,xgb,assignment_proportion_drift,AOD_star,0.0357419395625624,0.2493301983888675,-0.10945959271927483,0.23066271316362774,20
meps,gradual_global_mag1.0,xgb,assignment_proportion_drift,BalAcc,0.18742735645580816,0.21383182076905616,-0.04946285044038515,0.18458448227715116,20
meps,gradual_global_mag1.0,xgb,ks_statistic,DI_star,0.15654135338345865,0.3421741317114134,0.2203440279963454,0.338312220131826,20
meps,gradual_global_mag1.0,xgb,ks_statistic,AOD_star,-0.36421052631578943,0.24150001401603252,-0.3200205068199148,0.24120136056123243,20
meps,gradual_global_mag1.0,xgb,ks_statistic,BalAcc,-0.4958359906728781,0.18310219733805413,-0.4738136038022553,0.17420122185638232,20
meps,gradual_global_mag1.0,xgb,kl_divergence,DI_star,-0.016917293233082706,0.219532842653065,0.06955839809186151,0.22776613971304271,20
meps,gradual_global_mag1.0,xgb,kl_divergence,AOD_star,-0.20187969924812027,0.21081069675694608,-0.22179536850931503,0.21390981933360356,20
meps,gradual_global_mag1.0,xgb,kl_divergence,BalAcc,-0.1447404622145318,0.1737967313042333,-0.254445578267931,0.15771126941789523,20
meps,gradual_global_mag1.0,xgb,per_subgroup_ewma[min_neg],DI_star,nan,nan,nan,nan,0
meps,gradual_global_mag1.0,xgb,per_subgroup_ewma[min_neg],AOD_star,nan,nan,nan,nan,0
meps,gradual_global_mag1.0,xgb,per_subgroup_ewma[min_neg],BalAcc,nan,nan,nan,nan,0
meps,gradual_global_mag1.0,xgb,per_subgroup_baseline_relative[min_neg],DI_star,nan,nan,nan,nan,0
meps,gradual_global_mag1.0,xgb,per_subgroup_baseline_relative[min_neg],AOD_star,nan,nan,nan,nan,0
meps,gradual_global_mag1.0,xgb,per_subgroup_baseline_relative[min_neg],BalAcc,nan,nan,nan,nan,0
meps,gradual_global_mag1.0,xgb,per_subgroup_ewma[min_pos],DI_star,0.14120300751879694,0.3362682746490872,0.13650531351828885,0.3289306854538662,20
meps,gradual_global_mag1.0,xgb,per_subgroup_ewma[min_pos],AOD_star,-0.3648120300751879,0.2419349328444612,-0.36057897425639496,0.2263381980836197,20
meps,gradual_global_mag1.0,xgb,per_subgroup_ewma[min_pos],BalAcc,-0.49049832357870427,0.17812442867709918,-0.428641777481417,0.17110853106759583,20
meps,gradual_global_mag1.0,xgb,per_subgroup_baseline_relative[min_pos],DI_star,0.039473684210526314,0.31052972926813616,0.07173852111807492,0.22890866645214,20
meps,gradual_global_mag1.0,xgb,per_subgroup_baseline_relative[min_pos],AOD_star,-0.2012781954887218,0.3168572263557079,-0.21415111377130103,0.2248868126366885,20
meps,gradual_global_mag1.0,xgb,per_subgroup_baseline_relative[min_pos],BalAcc,-0.16405565352145768,0.2683782684329064,-0.2392751140195688,0.1818978118127138,20
meps,gradual_global_mag1.0,xgb,per_subgroup_ewma[maj_neg],DI_star,-0.06951731659559196,0.3591895043572673,0.002090219346326867,0.37259855892679417,19
meps,gradual_global_mag1.0,xgb,per_subgroup_ewma[maj_neg],AOD_star,-0.1230137667500304,0.2948441299187472,-0.17193141127257014,0.24678591947133618,19
meps,gradual_global_mag1.0,xgb,per_subgroup_ewma[maj_neg],BalAcc,-0.07963989467976801,0.36285782483242074,-0.1513784974096652,0.3580612127233639,19
meps,gradual_global_mag1.0,xgb,per_subgroup_baseline_relative[maj_neg],DI_star,-0.016106584100077603,0.25915855760373213,0.020720924308991372,0.239537961345208,19
meps,gradual_global_mag1.0,xgb,per_subgroup_baseline_relative[maj_neg],AOD_star,-0.0024851854761203662,0.21605610827991883,-0.053133897502669565,0.2142604021601591,19
meps,gradual_global_mag1.0,xgb,per_subgroup_baseline_relative[maj_neg],BalAcc,0.0604872274306954,0.17452180310767457,-0.003525932523828557,0.18824808871574739,19
meps,gradual_global_mag1.0,xgb,per_subgroup_ewma[maj_pos],DI_star,0.13661654135338347,0.35033213931264984,0.33553683578827836,0.42670221580849704,20
meps,gradual_global_mag1.0,xgb,per_subgroup_ewma[maj_pos],AOD_star,-0.3637593984962405,0.23758061254839957,-0.3326812924832643,0.2863002618107302,20
meps,gradual_global_mag1.0,xgb,per_subgroup_ewma[maj_pos],BalAcc,-0.5045590395967174,0.15987983749900092,-0.617852454958365,0.1730089395055164,20
meps,gradual_global_mag1.0,xgb,per_subgroup_baseline_relative[maj_pos],DI_star,0.1414285714285714,0.33022072767183225,0.3084644127364586,0.3855239526857896,20
meps,gradual_global_mag1.0,xgb,per_subgroup_baseline_relative[maj_pos],AOD_star,-0.3574436090225564,0.2485569636772142,-0.30805868137096404,0.29495977391610867,20
meps,gradual_global_mag1.0,xgb,per_subgroup_baseline_relative[maj_pos],BalAcc,-0.4894462293597265,0.17448555872642227,-0.5817121900887169,0.15596771114650196,20
meps,gradual_global_mag2.0,lr,global_mean,DI_star,0.07774436090225562,0.23186833788224118,0.09358624030009653,0.24001667469107352,20
meps,gradual_global_mag2.0,lr,global_mean,AOD_star,0.05157894736842106,0.21436621624657343,0.0422224363823819,0.23516138636383196,20
meps,gradual_global_mag2.0,lr,global_mean,BalAcc,-0.0074826029716500405,0.25921272543689117,0.0049788529579966895,0.24605627251875584,20
meps,gradual_global_mag2.0,lr,global_ewma,DI_star,0.06842105263157895,0.2277143110367862,0.07976913491631336,0.23301652433590514,20
meps,gradual_global_mag2.0,lr,global_ewma,AOD_star,0.04999999999999999,0.21351417626338182,0.042808901814527255,0.23037901347137157,20
meps,gradual_global_mag2.0,lr,global_ewma,BalAcc,-0.0056029037235297355,0.2602671393505738,0.004153368708115526,0.23760513449716372,20
meps,gradual_global_mag2.0,lr,global_std,DI_star,-0.06263157894736843,0.24510552828420132,-0.0646897499220057,0.24881877832127464,20
meps,gradual_global_mag2.0,lr,global_std,AOD_star,-0.03360902255639097,0.17561648518048945,-0.02818548177538053,0.2002404940185709,20
meps,gradual_global_mag2.0,lr,global_std,BalAcc,0.015075994009879176,0.2554547397434068,0.016338349190331412,0.2585139733559109,20
meps,gradual_global_mag2.0,lr,subgroup_violation_diff,DI_star,0.0738345864661654,0.18080097665552222,0.06300416132855094,0.211419930210937,20
meps,gradual_global_mag2.0,lr,subgroup_violation_diff,AOD_star,0.030601503759398508,0.249144060201929,0.016978098438129197,0.24674917747951752,20
meps,gradual_global_mag2.0,lr,subgroup_violation_diff,BalAcc,0.036885256681489766,0.20339649878659397,0.03415012972894886,0.18591759060637103,20
meps,gradual_global_mag2.0,lr,max_subgroup_deviation,DI_star,0.07947368421052632,0.20551570846950712,0.12261003429447562,0.23474467915391892,20
meps,gradual_global_mag2.0,lr,max_subgroup_deviation,AOD_star,0.05293233082706765,0.19476128391914407,0.07124765105878784,0.2377754012869473,20
meps,gradual_global_mag2.0,lr,max_subgroup_deviation,BalAcc,-0.01733120887606859,0.25260086583418945,0.014469543900202778,0.24304040593175316,20
meps,gradual_global_mag2.0,lr,assignment_proportion_drift,DI_star,0.0826990753233802,0.2149453058766562,0.11155119477929684,0.20945995969324552,20
meps,gradual_global_mag2.0,lr,assignment_proportion_drift,AOD_star,0.09921914257119681,0.21337446940316598,0.07343058164003928,0.23257668705814405,20
meps,gradual_global_mag2.0,lr,assignment_proportion_drift,BalAcc,0.000594170971822898,0.2600242608855972,0.010905871045205965,0.2354257866922272,20
meps,gradual_global_mag2.0,lr,ks_statistic,DI_star,0.06270676691729322,0.23853582240827872,0.09565756078804181,0.23187136513447557,20
meps,gradual_global_mag2.0,lr,ks_statistic,AOD_star,0.04135338345864661,0.2027397286959901,0.04497696725836389,0.2266182787186671,20
meps,gradual_global_mag2.0,lr,ks_statistic,BalAcc,-0.01755895050782495,0.2549261409905403,0.012307354847914728,0.2563531265285879,20
meps,gradual_global_mag2.0,lr,kl_divergence,DI_star,0.0693984962406015,0.28905028111412456,0.0981114209038034,0.2781413417413003,20
meps,gradual_global_mag2.0,lr,kl_divergence,AOD_star,0.02360902255639096,0.2232128603041152,0.03642804388055704,0.23506871952537806,20
meps,gradual_global_mag2.0,lr,kl_divergence,BalAcc,0.007329285693019635,0.2515204198507169,0.008031963791806974,0.23941046549456965,20
meps,gradual_global_mag2.0,lr,per_subgroup_ewma[min_neg],DI_star,nan,nan,nan,nan,0
meps,gradual_global_mag2.0,lr,per_subgroup_ewma[min_neg],AOD_star,nan,nan,nan,nan,0
meps,gradual_global_mag2.0,lr,per_subgroup_ewma[min_neg],BalAcc,nan,nan,nan,nan,0
meps,gradual_global_mag2.0,lr,per_subgroup_baseline_relative[min_neg],DI_star,nan,nan,nan,nan,0
meps,gradual_global_mag2.0,lr,per_subgroup_baseline_relative[min_neg],AOD_star,nan,nan,nan,nan,0
meps,gradual_global_mag2.0,lr,per_subgroup_baseline_relative[min_neg],BalAcc,nan,nan,nan,nan,0
meps,gradual_global_mag2.0,lr,per_subgroup_ewma[min_pos],DI_star,0.06932330827067668,0.2302465821868804,0.07517134612199018,0.22961246421850115,20
meps,gradual_global_mag2.0,lr,per_subgroup_ewma[min_pos],AOD_star,0.051654135338345855,0.21457981400820378,0.028403614023503575,0.22689093162628945,20
meps,gradual_global_mag2.0,lr,per_subgroup_ewma[min_pos],BalAcc,-0.009325316300036647,0.257379010823682,0.0063840924863907455,0.25657071353355787,20
meps,gradual_global_mag2.0,lr,per_subgroup_baseline_relative[min_pos],DI_star,0.07030075187969922,0.1986988456777565,0.11664430420847767,0.23224050465527601,20
meps,gradual_global_mag2.0,lr,per_subgroup_baseline_relative[min_pos],AOD_star,0.037518796992481195,0.2093616954473908,0.051524392805944966,0.2386364163039653,20
meps,gradual_global_mag2.0,lr,per_subgroup_baseline_relative[min_pos],BalAcc,-0.014851221999007246,0.27134273104398304,0.016690495573560334,0.2529074938538639,20
meps,gradual_global_mag2.0,lr,per_subgroup_ewma[maj_neg],DI_star,0.058788002992543116,0.16876584617054216,0.04560846650758835,0.1928950720267278,19
meps,gradual_global_mag2.0,lr,per_subgroup_ewma[maj_neg],AOD_star,0.11157384925806539,0.18867213803200847,0.10719465364206986,0.218507464089331,19
meps,gradual_global_mag2.0,lr,per_subgroup_ewma[maj_neg],BalAcc,0.04223680908418284,0.23067202572224707,0.05352350503235943,0.23995228079856887,19
meps,gradual_global_mag2.0,lr,per_subgroup_baseline_relative[maj_neg],DI_star,0.03526956419487977,0.20961276479020743,0.09550468439019416,0.153372909713481,19
meps,gradual_global_mag2.0,lr,per_subgroup_baseline_relative[maj_neg],AOD_star,0.030627240502763525,0.23626981457138332,0.10407084171188427,0.18770180431428285,19
meps,gradual_global_mag2.0,lr,per_subgroup_baseline_relative[maj_neg],BalAcc,0.029112363878639632,0.2076868356055551,0.05592480261530704,0.21129783141950537,19
meps,gradual_global_mag2.0,lr,per_subgroup_ewma[maj_pos],DI_star,0.05285714285714286,0.2286413006579421,0.08353112552477278,0.23600816747490339,20
meps,gradual_global_mag2.0,lr,per_subgroup_ewma[maj_pos],AOD_star,0.03917293233082707,0.20877438342316754,0.05098324404128164,0.23438437981480906,20
meps,gradual_global_mag2.0,lr,per_subgroup_ewma[maj_pos],BalAcc,-0.015867065632946566,0.26026068149959614,0.005384485013557582,0.2211433133670542,20
meps,gradual_global_mag2.0,lr,per_subgroup_baseline_relative[maj_pos],DI_star,0.057293233082706764,0.22660107415621664,0.07967445933276374,0.24379422199976725,20
meps,gradual_global_mag2.0,lr,per_subgroup_baseline_relative[maj_pos],AOD_star,0.03729323308270676,0.20895904265736379,0.03912743876188622,0.23560983375751288,20
meps,gradual_global_mag2.0,lr,per_subgroup_baseline_relative[maj_pos],BalAcc,-0.02846264853420944,0.2680417252786303,0.0010320034605857896,0.23064452214420944,20
meps,gradual_global_mag2.0,xgb,global_mean,DI_star,0.7381561990660513,0.1803869279629328,0.7622963852164231,0.12162672649230764,20
meps,gradual_global_mag2.0,xgb,global_mean,AOD_star,0.39015372128949977,0.20075266709243356,0.3730516250355342,0.1913423310798767,20
meps,gradual_global_mag2.0,xgb,global_mean,BalAcc,-0.8325719656456363,0.0823136319540586,-0.8273496507496553,0.07832162895390787,20
meps,gradual_global_mag2.0,xgb,global_ewma,DI_star,0.7363071292969068,0.17995505881844365,0.8322848826328636,0.10924498717502173,20
meps,gradual_global_mag2.0,xgb,global_ewma,AOD_star,0.3898895684653363,0.19977379552381347,0.46221204812224437,0.1826462091328273,20
meps,gradual_global_mag2.0,xgb,global_ewma,BalAcc,-0.8356285911823853,0.08249553796697828,-0.8807645977701238,0.05936341728736567,20
meps,gradual_global_mag2.0,xgb,global_std,DI_star,-0.4556636216820496,0.27752957174339293,-0.45741748569879015,0.1964220683349671,20
meps,gradual_global_mag2.0,xgb,global_std,AOD_star,0.006905709545988828,0.31715219296050634,-0.05853154105431565,0.24520308412550726,20
meps,gradual_global_mag2.0,xgb,global_std,BalAcc,0.5783814765648673,0.1491636276772166,0.578894216148248,0.14225342731540422,20
meps,gradual_global_mag2.0,xgb,subgroup_violation_diff,DI_star,-0.35924784086236944,0.16380865780766918,-0.3843252686582782,0.1624047720195934,20
meps,gradual_global_mag2.0,xgb,subgroup_violation_diff,AOD_star,-0.3576629239173884,0.17915762295232526,-0.3378516457370351,0.170544328827445,20
meps,gradual_global_mag2.0,xgb,subgroup_violation_diff,BalAcc,0.326341946195144,0.19016688117980274,0.34342649405610887,0.18742932573406182,20
meps,gradual_global_mag2.0,xgb,max_subgroup_deviation,DI_star,0.7083069299355749,0.14934494699209305,0.711792546266641,0.09097738445785847,20
meps,gradual_global_mag2.0,xgb,max_subgroup_deviation,AOD_star,0.42007846265545135,0.16647683424684687,0.3987622612620361,0.15092622307634687,20
meps,gradual_global_mag2.0,xgb,max_subgroup_deviation,BalAcc,-0.7781942199856914,0.10984306520991435,-0.7511936793888888,0.08558627352713397,20
meps,gradual_global_mag2.0,xgb,assignment_proportion_drift,DI_star,0.2441005743693448,0.347681992686213,0.32525143142254687,0.25064032409525394,20
meps,gradual_global_mag2.0,xgb,assignment_proportion_drift,AOD_star,0.26949734301676576,0.287117517181987,0.17545217602703614,0.2177265032731372,20
meps,gradual_global_mag2.0,xgb,assignment_proportion_drift,BalAcc,-0.24796702486595312,0.3050761265609428,-0.35154277541985496,0.2397710132616571,20
meps,gradual_global_mag2.0,xgb,ks_statistic,DI_star,0.7342316428213363,0.18060543401466475,0.6734941327859281,0.12523211130415482,20
meps,gradual_global_mag2.0,xgb,ks_statistic,AOD_star,0.38653105398668586,0.19728134499762975,0.27533374501086916,0.19000380100695827,20
meps,gradual_global_mag2.0,xgb,ks_statistic,BalAcc,-0.838307855541758,0.08015239351335271,-0.7568937600234565,0.0872335115852933,20
meps,gradual_global_mag2.0,xgb,kl_divergence,DI_star,0.40955008580664864,0.1719586938153287,0.4356488922835647,0.11832570714549348,20
meps,gradual_global_mag2.0,xgb,kl_divergence,AOD_star,0.12207634088127786,0.21829708099977763,0.10937056465660717,0.17577198934139468,20
meps,gradual_global_mag2.0,xgb,kl_divergence,BalAcc,-0.5096262700468802,0.1398416973952025,-0.5237282080239619,0.11424364751513458,20
meps,gradual_global_mag2.0,xgb,per_subgroup_ewma[min_neg],DI_star,nan,nan,nan,nan,0
meps,gradual_global_mag2.0,xgb,per_subgroup_ewma[min_neg],AOD_star,nan,nan,nan,nan,0
meps,gradual_global_mag2.0,xgb,per_subgroup_ewma[min_neg],BalAcc,nan,nan,nan,nan,0
meps,gradual_global_mag2.0,xgb,per_subgroup_baseline_relative[min_neg],DI_star,nan,nan,nan,nan,0
meps,gradual_global_mag2.0,xgb,per_subgroup_baseline_relative[min_neg],AOD_star,nan,nan,nan,nan,0
meps,gradual_global_mag2.0,xgb,per_subgroup_baseline_relative[min_neg],BalAcc,nan,nan,nan,nan,0
meps,gradual_global_mag2.0,xgb,per_subgroup_ewma[min_pos],DI_star,0.7344957956454998,0.18031035748699567,0.6953537033973246,0.12404772968858577,20
meps,gradual_global_mag2.0,xgb,per_subgroup_ewma[min_pos],AOD_star,0.388002762578454,0.19735576856232426,0.28708759920929533,0.18701721745508074,20
meps,gradual_global_mag2.0,xgb,per_subgroup_ewma[min_pos],BalAcc,-0.8356285911823855,0.08076643568799759,-0.7849640066928231,0.08960719355135963,20
meps,gradual_global_mag2.0,xgb,per_subgroup_baseline_relative[min_pos],DI_star,0.6537405036869421,0.15479364695422396,0.5005730732040441,0.10428992045499454,20
meps,gradual_global_mag2.0,xgb,per_subgroup_baseline_relative[min_pos],AOD_star,0.4061915713279983,0.1721777271964587,0.19529248634459867,0.16338678614107788,20
meps,gradual_global_mag2.0,xgb,per_subgroup_baseline_relative[min_pos],BalAcc,-0.7199296541987694,0.1353343454321295,-0.5691812896204318,0.10700254171669249,20
meps,gradual_global_mag2.0,xgb,per_subgroup_ewma[maj_neg],DI_star,0.32927995915376385,0.4582705485708629,0.37222537159268126,0.4058083781251183,19
meps,gradual_global_mag2.0,xgb,per_subgroup_ewma[maj_neg],AOD_star,0.12701501603304807,0.3356780367729435,0.161072438550066,0.34719562334093274,19
meps,gradual_global_mag2.0,xgb,per_subgroup_ewma[maj_neg],BalAcc,-0.39516014952723183,0.43813558766157135,-0.4108344745578205,0.380843987717897,19
meps,gradual_global_mag2.0,xgb,per_subgroup_baseline_relative[maj_neg],DI_star,0.023433978865330263,0.2687775305481809,0.16863986089768215,0.2577817481309454,19
meps,gradual_global_mag2.0,xgb,per_subgroup_baseline_relative[maj_neg],AOD_star,0.06315077635442477,0.2707648073164818,0.11506890098946203,0.23969621814421835,19
meps,gradual_global_mag2.0,xgb,per_subgroup_baseline_relative[maj_neg],BalAcc,0.01625209531595782,0.22193578838130704,-0.14939077355467983,0.243872184240357,19
meps,gradual_global_mag2.0,xgb,per_subgroup_ewma[maj_pos],DI_star,0.7312504895200624,0.18055096242938265,0.8803378571888055,0.08649341852702491,20
meps,gradual_global_mag2.0,xgb,per_subgroup_ewma[maj_pos],AOD_star,0.38694615128180004,0.19689158545472524,0.5647969649375466,0.16618401431676927,20
meps,gradual_global_mag2.0,xgb,per_subgroup_ewma[maj_pos],BalAcc,-0.8394776751916251,0.0791549049314665,-0.8972841204340964,0.04067145355174232,20
meps,gradual_global_mag2.0,xgb,per_subgroup_baseline_relative[maj_pos],DI_star,0.7307221838717355,0.17879237185946523,0.8444763537166627,0.11205489661793178,20
meps,gradual_global_mag2.0,xgb,per_subgroup_baseline_relative[maj_pos],AOD_star,0.3845310397465908,0.1974367960852123,0.4850188220432826,0.18883412693672794,20
meps,gradual_global_mag2.0,xgb,per_subgroup_baseline_relative[maj_pos],BalAcc,-0.8445343149684692,0.07445480431525657,-0.8849637462226856,0.05945241713637912,20
meps,abrupt_group_mag0.5,lr,global_mean,DI_star,0.07315789473684212,0.27168661842838115,0.09754094643074249,0.25592743224896775,20
meps,abrupt_group_mag0.5,lr,global_mean,AOD_star,-0.0051127819548872225,0.29606131745224623,0.03265234891810511,0.26669941616954795,20
meps,abrupt_group_mag0.5,lr,global_mean,BalAcc,0.070559823010457,0.2690853282319596,0.010242474550323531,0.2505037005348919,20
meps,abrupt_group_mag0.5,lr,global_ewma,DI_star,0.06443609022556392,0.1901201972739842,0.06667620475305572,0.20344969970841079,20
meps,abrupt_group_mag0.5,lr,global_ewma,AOD_star,0.06518796992481203,0.22829537891247106,0.06428314689814195,0.21797664920624957,20
meps,abrupt_group_mag0.5,lr,global_ewma,BalAcc,0.026240233836411803,0.2215597599103101,0.042382891550481035,0.2364173288286308,20
meps,abrupt_group_mag0.5,lr,global_std,DI_star,0.12751879699248117,0.24959353015585953,0.08865301327844448,0.24361332644819558,20
meps,abrupt_group_mag0.5,lr,global_std,AOD_star,0.07097744360902254,0.2609828914848705,0.02640790513310296,0.26081739348082494,20
meps,abrupt_group_mag0.5,lr,global_std,BalAcc,0.03233272196861449,0.17840801196984907,0.02903976058334425,0.17942168245121295,20
meps,abrupt_group_mag0.5,lr,subgroup_violation_diff,DI_star,0.03593984962406015,0.14757841414117823,0.07389430651152795,0.20117752775980066,20
meps,abrupt_group_mag0.5,lr,subgroup_violation_diff,AOD_star,0.006466165413533835,0.22060519393564712,0.028964092595761576,0.2181004201999915,20
meps,abrupt_group_mag0.5,lr,subgroup_violation_diff,BalAcc,0.055378640790523716,0.28539235013190706,0.03896477432281863,0.25647855868868696,20
meps,abrupt_group_mag0.5,lr,max_subgroup_deviation,DI_star,0.06353383458646616,0.23295940226248235,0.07544859252444197,0.2335388787859648,20
meps,abrupt_group_mag0.5,lr,max_subgroup_deviation,AOD_star,-0.0012781954887218089,0.2598856817609898,-0.0007081438018371623,0.24925330783388833,20
meps,abrupt_group_mag0.5,lr,max_subgroup_deviation,BalAcc,0.06687954369655016,0.2552772636726713,0.040962888733673916,0.2568843017679325,20
meps,abrupt_group_mag0.5,lr,assignment_proportion_drift,DI_star,-0.05808324683692993,0.2588976848112264,0.05042175862473648,0.2523713506423124,20
meps,abrupt_group_mag0.5,lr,assignment_proportion_drift,AOD_star,-0.04375517560291305,0.28333460087396195,0.020309956894479404,0.2611922282765289,20
meps,abrupt_group_mag0.5,lr,assignment_proportion_drift,BalAcc,0.02544402115343275,0.24288095242103105,-0.0005501088107332172,0.23802051138464217,20
meps,abrupt_group_mag0.5,lr,ks_statistic,DI_star,-0.027518796992481193,0.2239531964541843,0.06943087956229321,0.24927817489859028,20
meps,abrupt_group_mag0.5,lr,ks_statistic,AOD_star,-0.06556390977443607,0.29261179603786935,0.025780374747452282,0.25481333895784697,20
meps,abrupt_group_mag0.5,lr,ks_statistic,BalAcc,0.004241459865339623,0.22893393997897166,-0.006286299939244034,0.24492798160124368,20
meps,abrupt_group_mag0.5,lr,kl_divergence,DI_star,0.013759398496240602,0.22876588236281067,0.04022968020700698,0.25188087653877583,20
meps,abrupt_group_mag0.5,lr,kl_divergence,AOD_star,-0.03150375939849623,0.25969253248954366,0.01120277520311137,0.2547722301036126,20
meps,abrupt_group_mag0.5,lr,kl_divergence,BalAcc,0.015072062797470209,0.21860267275535755,0.02010706916193883,0.23066916439549348,20
meps,abrupt_group_mag0.5,lr,per_subgroup_ewma[min_neg],DI_star,nan,nan,nan,nan,0
meps,abrupt_group_mag0.5,lr,per_subgroup_ewma[min_neg],AOD_star,nan,nan,nan,nan,0
meps,abrupt_group_mag0.5,lr,per_subgroup_ewma[min_neg],BalAcc,nan,nan,nan,nan,0
meps,abrupt_group_mag0.5,lr,per_subgroup_baseline_relative[min_neg],DI_star,nan,nan,nan,nan,0
meps,abrupt_group_mag0.5,lr,per_subgroup_baseline_relative[min_neg],AOD_star,nan,nan,nan,nan,0
meps,abrupt_group_mag0.5,lr,per_subgroup_baseline_relative[min_neg],BalAcc,nan,nan,nan,nan,0
meps,abrupt_group_mag0.5,lr,per_subgroup_ewma[min_pos],DI_star,0.07759398496240602,0.19110965762634172,0.06238795465216714,0.2034654198164145,20
meps,abrupt_group_mag0.5,lr,per_subgroup_ewma[min_pos],AOD_star,0.07609022556390978,0.2281557359683891,0.06366156081017157,0.2158216506287331,20
meps,abrupt_group_mag0.5,lr,per_subgroup_ewma[min_pos],BalAcc,0.024134291908029182,0.21621383618324164,0.05010429146746951,0.22975715764773996,20
meps,abrupt_group_mag0.5,lr,per_subgroup_baseline_relative[min_pos],DI_star,0.04496240601503758,0.18495011879231438,0.08086767512602266,0.23710513615458023,20
meps,abrupt_group_mag0.5,lr,per_subgroup_baseline_relative[min_pos],AOD_star,0.008721804511278198,0.22882781426072984,0.024279599833117466,0.24845666908341973,20
meps,abrupt_group_mag0.5,lr,per_subgroup_baseline_relative[min_pos],BalAcc,0.08252002726399046,0.278332940135495,0.03983068726167683,0.2508453288939443,20
meps,abrupt_group_mag0.5,lr,per_subgroup_ewma[maj_neg],DI_star,-0.039228563901582525,0.14463562605634725,-0.014659500540640585,0.18845881456755526,20
meps,abrupt_group_mag0.5,lr,per_subgroup_ewma[maj_neg],AOD_star,-0.0563200614597002,0.21673219309778746,-0.04868542817264704,0.24712945501450959,20
meps,abrupt_group_mag0.5,lr,per_subgroup_ewma[maj_neg],BalAcc,-0.02898876934344139,0.17090730744030339,-0.022650166066023297,0.15096092069747608,20
meps,abrupt_group_mag0.5,lr,per_subgroup_baseline_relative[maj_neg],DI_star,-0.039303390986592635,0.21346628181595215,-0.041919714052941405,0.2124710240942732,20
meps,abrupt_group_mag0.5,lr,per_subgroup_baseline_relative[maj_neg],AOD_star,-0.061790356238616284,0.2591911971310259,-0.06316176955769745,0.27194101575624385,20
meps,abrupt_group_mag0.5,lr,per_subgroup_baseline_relative[maj_neg],BalAcc,-0.02450989617586865,0.24315171200840133,-0.004038130471091387,0.205196559156234,20
meps,abrupt_group_mag0.5,lr,per_subgroup_ewma[maj_pos],DI_star,0.05894736842105262,0.1852413081539696,0.06636612149066501,0.19512322241094118,20
meps,abrupt_group_mag0.5,lr,per_subgroup_ewma[maj_pos],AOD_star,0.06984962406015038,0.21880731443497475,0.060823947124157854,0.2243522963281048,20
meps,abrupt_group_mag0.5,lr,per_subgroup_ewma[maj_pos],BalAcc,0.033231640319480185,0.21759471372175299,0.04237277258797897,0.24002507923903207,20
meps,abrupt_group_mag0.5,lr,per_subgroup_baseline_relative[maj_pos],DI_star,0.08789473684210528,0.2676575460007501,0.08200634429755918,0.2598502860929326,20
meps,abrupt_group_mag0.5,lr,per_subgroup_baseline_relative[maj_pos],AOD_star,0.011353383458646614,0.28625294494163855,0.0023131801309357403,0.27508901569826727,20
meps,abrupt_group_mag0.5,lr,per_subgroup_baseline_relative[maj_pos],BalAcc,0.02209584521737548,0.2719164007561046,-0.005301225265555702,0.25720493802942207,20
meps,abrupt_group_mag0.5,xgb,global_mean,DI_star,0.010674711982066997,0.22625454691641,-0.02823428756699529,0.23088893530166524,20
meps,abrupt_group_mag0.5,xgb,global_mean,AOD_star,-0.05330827067669173,0.24567971476184858,-0.02893419658312409,0.2510089853753972,20
meps,abrupt_group_mag0.5,xgb,global_mean,BalAcc,0.08936759097315501,0.24540355562323926,-0.015175336203578305,0.2549923152295439,20
meps,abrupt_group_mag0.5,xgb,global_ewma,DI_star,-0.017443382765727104,0.20045144311519153,-0.06436018614166066,0.20754480303486855,20
meps,abrupt_group_mag0.5,xgb,global_ewma,AOD_star,-0.020827067669172923,0.23121603973295735,-0.017061539546929717,0.2065100623191639,20
meps,abrupt_group_mag0.5,xgb,global_ewma,BalAcc,0.0071802672941457465,0.22990568884794868,-0.02073292025239038,0.2305377295658971,20
meps,abrupt_group_mag0.5,xgb,global_std,DI_star,0.17677308279183127,0.1699884871099543,0.1509153982747149,0.18745715900981622,20
meps,abrupt_group_mag0.5,xgb,global_std,AOD_star,0.07774436090225564,0.2427656896173791,0.040607876285647826,0.23913686493012265,20
meps,abrupt_group_mag0.5,xgb,global_std,BalAcc,0.09752168176705464,0.21732893698076108,0.10150571887414936,0.23177699841502988,20
meps,abrupt_group_mag0.5,xgb,subgroup_violation_diff,DI_star,-0.03665632720137961,0.25894687408451944,-0.032191612864133544,0.2569926365309604,20
meps,abrupt_group_mag0.5,xgb,subgroup_violation_diff,AOD_star,-0.03624060150375939,0.23946012166360617,-0.021272493751946713,0.2570285082350547,20
meps,abrupt_group_mag0.5,xgb,subgroup_violation_diff,BalAcc,0.10331788659193661,0.2263088635738467,0.03129070889462924,0.231994455251151,20
meps,abrupt_group_mag0.5,xgb,max_subgroup_deviation,DI_star,-0.018532378058127606,0.21314711637366307,-0.03376035066307922,0.24165478592961054,20
meps,abrupt_group_mag0.5,xgb,max_subgroup_deviation,AOD_star,-0.07781954887218043,0.24074238121898417,-0.06647310071987324,0.24579065229625394,20
meps,abrupt_group_mag0.5,xgb,max_subgroup_deviation,BalAcc,0.08350468280944667,0.2534073449405417,0.028911599296236858,0.2691786736191002,20
meps,abrupt_group_mag0.5,xgb,assignment_proportion_drift,DI_star,-0.13605485132136816,0.20186891823296446,-0.07379527972436953,0.22218458477534692,20
meps,abrupt_group_mag0.5,xgb,assignment_proportion_drift,AOD_star,-0.0982664012109222,0.2635726562217841,-0.0407127538158847,0.249595600671117,20
meps,abrupt_group_mag0.5,xgb,assignment_proportion_drift,BalAcc,-0.02957019014637241,0.26928371345891794,-0.04296462184589923,0.2690827344879377,20
meps,abrupt_group_mag0.5,xgb,ks_statistic,DI_star,-0.11274717497156991,0.21252570308911684,-0.05801003975303078,0.22668797247975397,20
meps,abrupt_group_mag0.5,xgb,ks_statistic,AOD_star,-0.11323308270676688,0.27603554915869843,-0.03440965001784613,0.2541572348504621,20
meps,abrupt_group_mag0.5,xgb,ks_statistic,BalAcc,7.425466050398622e-05,0.22774973680131252,-0.03867804806624882,0.2646840602337428,20
meps,abrupt_group_mag0.5,xgb,kl_divergence,DI_star,-0.024702345010651668,0.2121844759579808,-0.0423261261547261,0.2483513356443711,20
meps,abrupt_group_mag0.5,xgb,kl_divergence,AOD_star,-0.04195488721804511,0.2911298778899459,-0.007858702920446473,0.2715615103833968,20
meps,abrupt_group_mag0.5,xgb,kl_divergence,BalAcc,0.015257501474004554,0.24072872784684834,-0.019980864031992996,0.25185574704931485,20
meps,abrupt_group_mag0.5,xgb,per_subgroup_ewma[min_neg],DI_star,nan,nan,nan,nan,0
meps,abrupt_group_mag0.5,xgb,per_subgroup_ewma[min_neg],AOD_star,nan,nan,nan,nan,0
meps,abrupt_group_mag0.5,xgb,per_subgroup_ewma[min_neg],BalAcc,nan,nan,nan,nan,0
meps,abrupt_group_mag0.5,xgb,per_subgroup_baseline_relative[min_neg],DI_star,nan,nan,nan,nan,0
meps,abrupt_group_mag0.5,xgb,per_subgroup_baseline_relative[min_neg],AOD_star,nan,nan,nan,nan,0
meps,abrupt_group_mag0.5,xgb,per_subgroup_baseline_relative[min_neg],BalAcc,nan,nan,nan,nan,0
meps,abrupt_group_mag0.5,xgb,per_subgroup_ewma[min_pos],DI_star,-0.014586466165413531,0.21979289147969586,-0.06514241230380513,0.21174495951565098,20
meps,abrupt_group_mag0.5,xgb,per_subgroup_ewma[min_pos],AOD_star,-0.013684210526315795,0.2257121818438965,-0.01674264744650835,0.2073760588298153,20
meps,abrupt_group_mag0.5,xgb,per_subgroup_ewma[min_pos],BalAcc,0.01060071186049596,0.21325317494808377,-0.013338997707629637,0.22383031849584378,20
meps,abrupt_group_mag0.5,xgb,per_subgroup_baseline_relative[min_pos],DI_star,-0.03601687593072296,0.2542374128554251,-0.03311775495226397,0.25188637470824504,20
meps,abrupt_group_mag0.5,xgb,per_subgroup_baseline_relative[min_pos],AOD_star,-0.04428571428571429,0.22408864682289092,-0.02963947634756562,0.25603264687014254,20
meps,abrupt_group_mag0.5,xgb,per_subgroup_baseline_relative[min_pos],BalAcc,0.11749004116491298,0.19935803728084917,0.031630694093137735,0.23493713350115422,20
meps,abrupt_group_mag0.5,xgb,per_subgroup_ewma[maj_neg],DI_star,-0.08530882251433754,0.1478589884371655,-0.04886868898306614,0.19183417806265415,20
meps,abrupt_group_mag0.5,xgb,per_subgroup_ewma[maj_neg],AOD_star,-0.11561640010727825,0.17440036620813798,-0.09692892060157789,0.17223985180354792,20
meps,abrupt_group_mag0.5,xgb,per_subgroup_ewma[maj_neg],BalAcc,-0.07899520398868214,0.21139838386464546,-0.051233809209557016,0.2188737979163222,20
meps,abrupt_group_mag0.5,xgb,per_subgroup_baseline_relative[maj_neg],DI_star,-0.01227944307581715,0.16477806785617977,-0.03409611268194672,0.2147715762507134,20
meps,abrupt_group_mag0.5,xgb,per_subgroup_baseline_relative[maj_neg],AOD_star,-0.050284767659540985,0.22656989428478727,-0.0698685609896755,0.23958434097208509,20
meps,abrupt_group_mag0.5,xgb,per_subgroup_baseline_relative[maj_neg],BalAcc,-0.026153400084401507,0.2541419922904058,-0.014998472247340033,0.23936699099214082,20
meps,abrupt_group_mag0.5,xgb,per_subgroup_ewma[maj_pos],DI_star,-0.016503490718511458,0.1702473430648492,-0.06098981579109304,0.1900466241824184,20
meps,abrupt_group_mag0.5,xgb,per_subgroup_ewma[maj_pos],AOD_star,-0.011729323308270678,0.2019939050535521,-0.016947214890180664,0.20182720133089374,20
meps,abrupt_group_mag0.5,xgb,per_subgroup_ewma[maj_pos],BalAcc,0.007027855042832496,0.23168644417103054,-0.025002859641280722,0.2255766974885858,20
meps,abrupt_group_mag0.5,xgb,per_subgroup_baseline_relative[maj_pos],DI_star,0.010187503270101622,0.1924631471939935,-0.02658321363844161,0.19898693569553025,20
meps,abrupt_group_mag0.5,xgb,per_subgroup_baseline_relative[maj_pos],AOD_star,-0.06684210526315788,0.2597304076809091,-0.05180162712579135,0.23253650959719843,20
meps,abrupt_group_mag0.5,xgb,per_subgroup_baseline_relative[maj_pos],BalAcc,0.021841299223203547,0.25961534017270044,-0.025339486615586687,0.264499735799614,20
meps,abrupt_group_mag1.0,lr,global_mean,DI_star,0.056315789473684194,0.3040516256065339,0.10682452793633648,0.3245508834223885,20
meps,abrupt_group_mag1.0,lr,global_mean,AOD_star,-0.009097744360902252,0.28675610413669117,0.04388922918084824,0.28479636600130465,20
meps,abrupt_group_mag1.0,lr,global_mean,BalAcc,0.03511278195488719,0.24005872752746643,-0.006083189924488123,0.24977476231757492,20
meps,abrupt_group_mag1.0,lr,global_ewma,DI_star,0.09248120300751879,0.26503882045255606,0.09021502026150234,0.2785441015917146,20
meps,abrupt_group_mag1.0,lr,global_ewma,AOD_star,0.0814285714285714,0.2518333589961066,0.07605423121144395,0.24379079202205714,20
meps,abrupt_group_mag1.0,lr,global_ewma,BalAcc,0.026766917293233085,0.2196732575858204,0.03441062413377272,0.23682259038718137,20
meps,abrupt_group_mag1.0,lr,global_std,DI_star,0.20533834586466165,0.25009624468834696,0.2206554082340892,0.23182757648989438,20
meps,abrupt_group_mag1.0,lr,global_std,AOD_star,0.12481203007518796,0.22702185466206867,0.12477694547277016,0.22500373973373608,20
meps,abrupt_group_mag1.0,lr,global_std,BalAcc,0.03203007518796992,0.24591781633224677,0.002820814441153527,0.2612675919256451,20
meps,abrupt_group_mag1.0,lr,subgroup_violation_diff,DI_star,0.047142857142857125,0.1940795217454043,0.07707529021600787,0.2672577405727965,20
meps,abrupt_group_mag1.0,lr,subgroup_violation_diff,AOD_star,0.017518796992481208,0.22796034012822863,0.04215580561940199,0.23405900525298018,20
meps,abrupt_group_mag1.0,lr,subgroup_violation_diff,BalAcc,0.043759398496240595,0.2570944420851107,0.03542177606858925,0.24737408407662276,20
meps,abrupt_group_mag1.0,lr,max_subgroup_deviation,DI_star,0.08992481203007519,0.3005569292967942,0.11073715387019942,0.31375080104930264,20
meps,abrupt_group_mag1.0,lr,max_subgroup_deviation,AOD_star,0.024887218045112784,0.2706952687860695,0.03974364317939138,0.2754128513690119,20
meps,abrupt_group_mag1.0,lr,max_subgroup_deviation,BalAcc,0.019248120300751875,0.27015178845716153,-0.0036561067923038077,0.2590520919790559,20
meps,abrupt_group_mag1.0,lr,assignment_proportion_drift,DI_star,0.002092666955541203,0.3153147515830186,0.07947580518848178,0.3251482980566691,20
meps,abrupt_group_mag1.0,lr,assignment_proportion_drift,AOD_star,-0.023268433513259516,0.30643321798380124,0.0371663868170831,0.2955967805322159,20
meps,abrupt_group_mag1.0,lr,assignment_proportion_drift,BalAcc,-0.059356271788570246,0.26056630162940975,-0.023337921253666266,0.24784913424085656,20
meps,abrupt_group_mag1.0,lr,ks_statistic,DI_star,0.06270676691729322,0.2772118762454189,0.10620226418723981,0.3223010200083008,20
meps,abrupt_group_mag1.0,lr,ks_statistic,AOD_star,-0.014360902255639097,0.2764846704000969,0.0479608254990793,0.27710538702914944,20
meps,abrupt_group_mag1.0,lr,ks_statistic,BalAcc,-0.030827067669172925,0.23491710841557015,-0.017669010118354186,0.2517281267742333,20
meps,abrupt_group_mag1.0,lr,kl_divergence,DI_star,0.1036842105263158,0.2692923979860792,0.11696957693097221,0.29765825449531536,20
meps,abrupt_group_mag1.0,lr,kl_divergence,AOD_star,0.023533834586466167,0.23461937064392185,0.05602762956866532,0.26286699452904333,20
meps,abrupt_group_mag1.0,lr,kl_divergence,BalAcc,-0.052330827067669186,0.2588291015630406,-0.024963970342870557,0.26656239120578934,20
meps,abrupt_group_mag1.0,lr,per_subgroup_ewma[min_neg],DI_star,nan,nan,nan,nan,0
meps,abrupt_group_mag1.0,lr,per_subgroup_ewma[min_neg],AOD_star,nan,nan,nan,nan,0
meps,abrupt_group_mag1.0,lr,per_subgroup_ewma[min_neg],BalAcc,nan,nan,nan,nan,0
meps,abrupt_group_mag1.0,lr,per_subgroup_baseline_relative[min_neg],DI_star,nan,nan,nan,nan,0
meps,abrupt_group_mag1.0,lr,per_subgroup_baseline_relative[min_neg],AOD_star,nan,nan,nan,nan,0
meps,abrupt_group_mag1.0,lr,per_subgroup_baseline_relative[min_neg],BalAcc,nan,nan,nan,nan,0
meps,abrupt_group_mag1.0,lr,per_subgroup_ewma[min_pos],DI_star,0.09804511278195488,0.2564245342183731,0.08775594209905249,0.2774372331970988,20
meps,abrupt_group_mag1.0,lr,per_subgroup_ewma[min_pos],AOD_star,0.08902255639097742,0.2435243517572876,0.0769369874255956,0.24205046809678307,20
meps,abrupt_group_mag1.0,lr,per_subgroup_ewma[min_pos],BalAcc,0.02421052631578946,0.21230659726712556,0.039449342366850625,0.2313840397257309,20
meps,abrupt_group_mag1.0,lr,per_subgroup_baseline_relative[min_pos],DI_star,0.023984962406015036,0.24108010434490504,0.0982782325141587,0.32059493800760086,20
meps,abrupt_group_mag1.0,lr,per_subgroup_baseline_relative[min_pos],AOD_star,-0.00894736842105263,0.25157650925297953,0.04272264230736664,0.27828464821010607,20
meps,abrupt_group_mag1.0,lr,per_subgroup_baseline_relative[min_pos],BalAcc,0.06548872180451128,0.25472657789726605,0.01226025505527339,0.24311942744195,20
meps,abrupt_group_mag1.0,lr,per_subgroup_ewma[maj_neg],DI_star,-0.02850114435279528,0.2077150638186025,-0.018085413934094324,0.2320817980978526,20
meps,abrupt_group_mag1.0,lr,per_subgroup_ewma[maj_neg],AOD_star,-0.02780652173867585,0.21574842769058383,-0.041487734588054465,0.2526109800368573,20
meps,abrupt_group_mag1.0,lr,per_subgroup_ewma[maj_neg],BalAcc,-0.023718292255507104,0.15316514775944445,-0.007349898275566489,0.15137065960800017,20
meps,abrupt_group_mag1.0,lr,per_subgroup_baseline_relative[maj_neg],DI_star,-0.05066186978255436,0.2420493441370816,-0.0010756066087307004,0.24166168779001204,20
meps,abrupt_group_mag1.0,lr,per_subgroup_baseline_relative[maj_neg],AOD_star,-0.06686222810301672,0.2718633463726462,-0.02268993091597423,0.29886668434407065,20
meps,abrupt_group_mag1.0,lr,per_subgroup_baseline_relative[maj_neg],BalAcc,-0.09333426521211775,0.20383184360934584,-0.07334372745425306,0.19163633577473518,20
meps,abrupt_group_mag1.0,lr,per_subgroup_ewma[maj_pos],DI_star,0.08263157894736842,0.27511748758425647,0.09183963314724236,0.2808794499871557,20
meps,abrupt_group_mag1.0,lr,per_subgroup_ewma[maj_pos],AOD_star,0.07571428571428569,0.2518795982493345,0.07735088277489159,0.24607803924120397,20
meps,abrupt_group_mag1.0,lr,per_subgroup_ewma[maj_pos],BalAcc,0.022030075187969927,0.22421918713700137,0.03434038163737668,0.2406776777663982,20
meps,abrupt_group_mag1.0,lr,per_subgroup_baseline_relative[maj_pos],DI_star,0.08639097744360902,0.3174348381588047,0.1056098688321206,0.32920621175430825,20
meps,abrupt_group_mag1.0,lr,per_subgroup_baseline_relative[maj_pos],AOD_star,0.0009022556390977446,0.2966972549969609,0.034855743350936066,0.289100728450697,20
meps,abrupt_group_mag1.0,lr,per_subgroup_baseline_relative[maj_pos],BalAcc,-0.02894736842105262,0.27453716338376855,-0.01983853070082823,0.25438574263349706,20
meps,abrupt_group_mag1.0,xgb,global_mean,DI_star,0.5636842105263158,0.1743072346214627,0.8596993436816771,0.17551621130157763,20
meps,abrupt_group_mag1.0,xgb,global_mean,AOD_star,0.4429323308270677,0.2276388151311924,0.6338942221179604,0.21825815002798282,20
meps,abrupt_group_mag1.0,xgb,global_mean,BalAcc,-0.4432138579481325,0.17726525265318213,-0.674029328678491,0.2437635655100558,20
meps,abrupt_group_mag1.0,xgb,global_ewma,DI_star,0.4932330827067669,0.12664564878938472,0.7070665815048317,0.18125023514784577,20
meps,abrupt_group_mag1.0,xgb,global_ewma,AOD_star,0.39954887218045115,0.18551973005961644,0.5215000390495224,0.2218852420179041,20
meps,abrupt_group_mag1.0,xgb,global_ewma,BalAcc,-0.47460685756215326,0.14406064534612056,-0.5786562676979139,0.21521188717251566,20
meps,abrupt_group_mag1.0,xgb,global_std,DI_star,0.053082706766917266,0.31240292969170325,0.08079413280239667,0.30561924532410595,20
meps,abrupt_group_mag1.0,xgb,global_std,AOD_star,0.0650375939849624,0.27313788113085863,0.050952421220674934,0.26868639895062524,20
meps,abrupt_group_mag1.0,xgb,global_std,BalAcc,0.06308983385703996,0.2688525042054979,0.009459466366042772,0.2945473676819132,20
meps,abrupt_group_mag1.0,xgb,subgroup_violation_diff,DI_star,0.6457894736842105,0.13542058904608387,0.7757583744776145,0.1861299909090916,20
meps,abrupt_group_mag1.0,xgb,subgroup_violation_diff,AOD_star,0.5099248120300752,0.14393177132504953,0.5878305332730831,0.19015049821222738,20
meps,abrupt_group_mag1.0,xgb,subgroup_violation_diff,BalAcc,-0.4196794294374895,0.19502737914830415,-0.5662853159159137,0.230310221887832,20
meps,abrupt_group_mag1.0,xgb,max_subgroup_deviation,DI_star,0.5160150375939848,0.15476181141109074,0.8332373238656651,0.18560198785031468,20
meps,abrupt_group_mag1.0,xgb,max_subgroup_deviation,AOD_star,0.4136842105263157,0.19923983526539862,0.6046804255878836,0.22079807129699672,20
meps,abrupt_group_mag1.0,xgb,max_subgroup_deviation,BalAcc,-0.43576889138460045,0.17763433266293244,-0.6575590821385899,0.23835816601919232,20
meps,abrupt_group_mag1.0,xgb,assignment_proportion_drift,DI_star,0.506910555025891,0.1438271413412796,0.8335370272220191,0.16054991497054397,20
meps,abrupt_group_mag1.0,xgb,assignment_proportion_drift,AOD_star,0.4169518593046253,0.2277560940917097,0.6108976840477627,0.2176583714319139,20
meps,abrupt_group_mag1.0,xgb,assignment_proportion_drift,BalAcc,-0.5543576711213791,0.14027207220903848,-0.6798294387918514,0.2262656508932536,20
meps,abrupt_group_mag1.0,xgb,ks_statistic,DI_star,0.5674436090225563,0.14804988593824409,0.8635377766630604,0.17284138479854946,20
meps,abrupt_group_mag1.0,xgb,ks_statistic,AOD_star,0.4692481203007518,0.21954293688547438,0.6404314153121647,0.2145121333609338,20
meps,abrupt_group_mag1.0,xgb,ks_statistic,BalAcc,-0.5002460401528253,0.19966347485419783,-0.6822658620069059,0.24692547626070935,20
meps,abrupt_group_mag1.0,xgb,kl_divergence,DI_star,0.5008270676691728,0.14501689535297071,0.823863300246105,0.17413207908104383,20
meps,abrupt_group_mag1.0,xgb,kl_divergence,AOD_star,0.39593984962406015,0.2395933294911634,0.5990436186538626,0.22839189516318265,20
meps,abrupt_group_mag1.0,xgb,kl_divergence,BalAcc,-0.48152002160810153,0.18132375958343155,-0.6588870637532961,0.23052047094225986,20
meps,abrupt_group_mag1.0,xgb,per_subgroup_ewma[min_neg],DI_star,nan,nan,nan,nan,0
meps,abrupt_group_mag1.0,xgb,per_subgroup_ewma[min_neg],AOD_star,nan,nan,nan,nan,0
meps,abrupt_group_mag1.0,xgb,per_subgroup_ewma[min_neg],BalAcc,nan,nan,nan,nan,0
meps,abrupt_group_mag1.0,xgb,per_subgroup_baseline_relative[min_neg],DI_star,nan,nan,nan,nan,0
meps,abrupt_group_mag1.0,xgb,per_subgroup_baseline_relative[min_neg],AOD_star,nan,nan,nan,nan,0
meps,abrupt_group_mag1.0,xgb,per_subgroup_baseline_relative[min_neg],BalAcc,nan,nan,nan,nan,0
meps,abrupt_group_mag1.0,xgb,per_subgroup_ewma[min_pos],DI_star,0.4966165413533833,0.12604775985150188,0.705853483383115,0.17646829224916527,20
meps,abrupt_group_mag1.0,xgb,per_subgroup_ewma[min_pos],AOD_star,0.41090225563909766,0.17452025128132928,0.5207072011498665,0.2152658804211614,20
meps,abrupt_group_mag1.0,xgb,per_subgroup_ewma[min_pos],BalAcc,-0.47167466814560405,0.13593507920229128,-0.5756941920063106,0.2157163958575793,20
meps,abrupt_group_mag1.0,xgb,per_subgroup_baseline_relative[min_pos],DI_star,0.6053383458646616,0.18970535723074397,0.848156490727702,0.18141838488736242,20
meps,abrupt_group_mag1.0,xgb,per_subgroup_baseline_relative[min_pos],AOD_star,0.47067669172932325,0.17983227215311098,0.6290629844616384,0.21201028864916438,20
meps,abrupt_group_mag1.0,xgb,per_subgroup_baseline_relative[min_pos],BalAcc,-0.412911805091665,0.16671411741331646,-0.6498026395356973,0.24031504701998332,20
meps,abrupt_group_mag1.0,xgb,per_subgroup_ewma[maj_neg],DI_star,0.0866431916018325,0.4180841284519087,0.11219711188425274,0.4991672567996317,20
meps,abrupt_group_mag1.0,xgb,per_subgroup_ewma[maj_neg],AOD_star,0.03986428194939558,0.39884571994470064,0.031246452114149982,0.44530706636980205,20
meps,abrupt_group_mag1.0,xgb,per_subgroup_ewma[maj_neg],BalAcc,-0.15198849774107243,0.4004822841386215,-0.14632028092741994,0.4168971331639299,20
meps,abrupt_group_mag1.0,xgb,per_subgroup_baseline_relative[maj_neg],DI_star,0.06594870656017031,0.23214757815186415,0.10097554887559905,0.2603196216036539,20
meps,abrupt_group_mag1.0,xgb,per_subgroup_baseline_relative[maj_neg],AOD_star,0.005731587123308866,0.23070121673201296,0.027984573658731488,0.2755072976106504,20
meps,abrupt_group_mag1.0,xgb,per_subgroup_baseline_relative[maj_neg],BalAcc,-0.07449805959206265,0.27039158209056247,-0.10039021031372297,0.2616352803701776,20
meps,abrupt_group_mag1.0,xgb,per_subgroup_ewma[maj_pos],DI_star,0.4841353383458647,0.14055403082599513,0.6965244067484115,0.1935953420705447,20
meps,abrupt_group_mag1.0,xgb,per_subgroup_ewma[maj_pos],AOD_star,0.3995488721804511,0.19804237242696196,0.5141139105826729,0.23598992287234444,20
meps,abrupt_group_mag1.0,xgb,per_subgroup_ewma[maj_pos],BalAcc,-0.4708846429603722,0.16905700401239734,-0.5731313608954822,0.21900827782412574,20
meps,abrupt_group_mag1.0,xgb,per_subgroup_baseline_relative[maj_pos],DI_star,0.46842105263157896,0.09837563643087334,0.8188985253215769,0.17714131668372915,20
meps,abrupt_group_mag1.0,xgb,per_subgroup_baseline_relative[maj_pos],AOD_star,0.3976691729323308,0.20049205962631952,0.599113888824603,0.2234462082729802,20
meps,abrupt_group_mag1.0,xgb,per_subgroup_baseline_relative[maj_pos],BalAcc,-0.4885180178213231,0.2003346048827654,-0.6577030474381702,0.2453276501023569,20
meps,abrupt_group_mag2.0,lr,global_mean,DI_star,0.10213554621906065,0.369888228910988,0.1527164206863653,0.45902705936712096,20
meps,abrupt_group_mag2.0,lr,global_mean,AOD_star,0.03541353383458646,0.3180749643823222,0.09952452735363157,0.3625645623315054,20
meps,abrupt_group_mag2.0,lr,global_mean,BalAcc,0.007363019170832236,0.24423847801663476,-0.02175511492358409,0.2687284074138689,20
meps,abrupt_group_mag2.0,lr,global_ewma,DI_star,0.11161768677858175,0.34832667524410016,0.12714305885593652,0.3902316433196221,20
meps,abrupt_group_mag2.0,lr,global_ewma,AOD_star,0.10601503759398494,0.2832990516195538,0.11838751285864435,0.2963899058884275,20
meps,abrupt_group_mag2.0,lr,global_ewma,BalAcc,0.030555835233840756,0.2237626915837969,0.02219318088883048,0.25369378295231587,20
meps,abrupt_group_mag2.0,lr,global_std,DI_star,0.252326075674254,0.30554223410667547,0.21323989600318738,0.4197684366384562,20
meps,abrupt_group_mag2.0,lr,global_std,AOD_star,0.178796992481203,0.2680072630375394,0.1520790532914468,0.319558446158446,20
meps,abrupt_group_mag2.0,lr,global_std,BalAcc,-0.05353827487674101,0.2860522619286368,-0.04220136577237905,0.28819516623341956,20
meps,abrupt_group_mag2.0,lr,subgroup_violation_diff,DI_star,0.11837682649330791,0.3005420325361085,0.14837049186593512,0.42779415615777094,20
meps,abrupt_group_mag2.0,lr,subgroup_violation_diff,AOD_star,0.056917293233082714,0.23422677021596985,0.10380832499451631,0.3147349089807038,20
meps,abrupt_group_mag2.0,lr,subgroup_violation_diff,BalAcc,-0.042298733951868915,0.29981777628434525,-0.02968045442985919,0.27105416878726885,20
meps,abrupt_group_mag2.0,lr,max_subgroup_deviation,DI_star,0.05104459946150751,0.3454107666040368,0.142100643564184,0.45084148769150484,20
meps,abrupt_group_mag2.0,lr,max_subgroup_deviation,AOD_star,0.016315789473684197,0.30417870077598513,0.09034903849009396,0.35030595188800817,20
meps,abrupt_group_mag2.0,lr,max_subgroup_deviation,BalAcc,0.031836321572959125,0.2625353242272433,-0.016136028597765563,0.27346506343887417,20
meps,abrupt_group_mag2.0,lr,assignment_proportion_drift,DI_star,0.11655222596869312,0.35851455038644353,0.15805240860904327,0.4551301149072251,20
meps,abrupt_group_mag2.0,lr,assignment_proportion_drift,AOD_star,0.008494395992958429,0.2976370882156979,0.09834526018007479,0.3498359940617303,20
meps,abrupt_group_mag2.0,lr,assignment_proportion_drift,BalAcc,-0.08739218900564424,0.2351062843733517,-0.04395897375166781,0.26023773037983067,20
meps,abrupt_group_mag2.0,lr,ks_statistic,DI_star,0.11800159369627541,0.3766285617006671,0.1526361131496723,0.4625927840531405,20
meps,abrupt_group_mag2.0,lr,ks_statistic,AOD_star,0.03195488721804512,0.32758420019866274,0.10129950341274965,0.3605436903641254,20
meps,abrupt_group_mag2.0,lr,ks_statistic,BalAcc,-0.0652691254186094,0.2523918953767957,-0.030919926703128403,0.27205114336325126,20
meps,abrupt_group_mag2.0,lr,kl_divergence,DI_star,0.1274425060205136,0.35238659284360097,0.1677951147374686,0.4494333762457644,20
meps,abrupt_group_mag2.0,lr,kl_divergence,AOD_star,0.04691729323308271,0.2865766960603343,0.11227189564020039,0.3433369631500939,20
meps,abrupt_group_mag2.0,lr,kl_divergence,BalAcc,-0.05760269585033373,0.2630665157857915,-0.03500254641358666,0.26768259773004094,20
meps,abrupt_group_mag2.0,lr,per_subgroup_ewma[min_neg],DI_star,nan,nan,nan,nan,0
meps,abrupt_group_mag2.0,lr,per_subgroup_ewma[min_neg],AOD_star,nan,nan,nan,nan,0
meps,abrupt_group_mag2.0,lr,per_subgroup_ewma[min_neg],BalAcc,nan,nan,nan,nan,0
meps,abrupt_group_mag2.0,lr,per_subgroup_baseline_relative[min_neg],DI_star,nan,nan,nan,nan,0
meps,abrupt_group_mag2.0,lr,per_subgroup_baseline_relative[min_neg],AOD_star,nan,nan,nan,nan,0
meps,abrupt_group_mag2.0,lr,per_subgroup_baseline_relative[min_neg],BalAcc,nan,nan,nan,nan,0
meps,abrupt_group_mag2.0,lr,per_subgroup_ewma[min_pos],DI_star,0.12048989551181322,0.3449831413810025,0.12573331380835662,0.39003162097544075,20
meps,abrupt_group_mag2.0,lr,per_subgroup_ewma[min_pos],AOD_star,0.11631578947368419,0.28323669537885726,0.1189621140475536,0.2965337027292297,20
meps,abrupt_group_mag2.0,lr,per_subgroup_ewma[min_pos],BalAcc,0.025895453793167177,0.21354756792313873,0.02290236070989826,0.25153762138322994,20
meps,abrupt_group_mag2.0,lr,per_subgroup_baseline_relative[min_pos],DI_star,0.06465325435055089,0.34103525626900144,0.152495080034105,0.4576174510209789,20
meps,abrupt_group_mag2.0,lr,per_subgroup_baseline_relative[min_pos],AOD_star,0.030375939849624056,0.2963602674224954,0.10494614289266284,0.35640517840162134,20
meps,abrupt_group_mag2.0,lr,per_subgroup_baseline_relative[min_pos],BalAcc,0.038303222321188164,0.2589838972475251,-0.01652709367059419,0.26592378975285286,20
meps,abrupt_group_mag2.0,lr,per_subgroup_ewma[maj_neg],DI_star,-0.02371152410183724,0.28813448960186194,-0.009392435589691089,0.3195518159792853,20
meps,abrupt_group_mag2.0,lr,per_subgroup_ewma[maj_neg],AOD_star,-0.013807569167408312,0.24556416723208027,-0.0274298204246828,0.306852859341966,20
meps,abrupt_group_mag2.0,lr,per_subgroup_ewma[maj_neg],BalAcc,0.025670626841305656,0.1911836192034264,0.024045768339263206,0.21025817215685463,20
meps,abrupt_group_mag2.0,lr,per_subgroup_baseline_relative[maj_neg],DI_star,-0.016919346632238073,0.3005492226006837,0.00047661561138136465,0.32166076394289544,20
meps,abrupt_group_mag2.0,lr,per_subgroup_baseline_relative[maj_neg],AOD_star,-0.050598384732709965,0.28350859869231276,-0.022258561578700414,0.3286306722861108,20
meps,abrupt_group_mag2.0,lr,per_subgroup_baseline_relative[maj_neg],BalAcc,-0.06609984315075927,0.21307923255745684,-0.035797771890921544,0.2141010945968039,20
meps,abrupt_group_mag2.0,lr,per_subgroup_ewma[maj_pos],DI_star,0.08315939368833615,0.3438226921042665,0.11642196505544264,0.38809622971861946,20
meps,abrupt_group_mag2.0,lr,per_subgroup_ewma[maj_pos],AOD_star,0.11406015037593982,0.3019503470736769,0.12319580458891999,0.3126998583882274,20
meps,abrupt_group_mag2.0,lr,per_subgroup_ewma[maj_pos],BalAcc,0.04097552042597356,0.21717863182232797,0.04591276380363426,0.2453468804040879,20
meps,abrupt_group_mag2.0,lr,per_subgroup_baseline_relative[maj_pos],DI_star,0.0813869189617336,0.3854879628843633,0.10661514000267439,0.43972993652089076,20
meps,abrupt_group_mag2.0,lr,per_subgroup_baseline_relative[maj_pos],AOD_star,0.06729323308270677,0.3392785390697773,0.0750131978465757,0.37473372484578027,20
meps,abrupt_group_mag2.0,lr,per_subgroup_baseline_relative[maj_pos],BalAcc,0.03518500030392758,0.2709712148783613,-0.007658825684110715,0.2915729036316165,20
meps,abrupt_group_mag2.0,xgb,global_mean,DI_star,0.5603711672459608,0.11489377921707912,0.7256047602375882,0.11481457107917403,20
meps,abrupt_group_mag2.0,xgb,global_mean,AOD_star,-0.43315789473684213,0.13795668945551934,-0.7195618179768012,0.15112688008637376,20
meps,abrupt_group_mag2.0,xgb,global_mean,BalAcc,-0.6208852934487562,0.10279404698002682,-0.945650960550045,0.014719466107202338,20
meps,abrupt_group_mag2.0,xgb,global_ewma,DI_star,0.4938180767894827,0.18388556679617543,0.621814625231505,0.14892903322673048,20
meps,abrupt_group_mag2.0,xgb,global_ewma,AOD_star,-0.4904511278195489,0.16257181386498123,-0.6151771432564469,0.15907382080771093,20
meps,abrupt_group_mag2.0,xgb,global_ewma,BalAcc,-0.5777289259455118,0.0860511711452629,-0.8170076866760713,0.03700736660506629,20
meps,abrupt_group_mag2.0,xgb,global_std,DI_star,0.34524138774677293,0.15787462279518227,0.6504125969057282,0.11997271694407023,20
meps,abrupt_group_mag2.0,xgb,global_std,AOD_star,-0.6046616541353382,0.15048109105576812,-0.7448655643595915,0.14841828240301755,20
meps,abrupt_group_mag2.0,xgb,global_std,BalAcc,-0.5083297509344226,0.11158653079044224,-0.903671791538196,0.03242456612087417,20
meps,abrupt_group_mag2.0,xgb,subgroup_violation_diff,DI_star,0.4887511047706713,0.16249129395335146,0.7023152041706212,0.11101465770015646,20
meps,abrupt_group_mag2.0,xgb,subgroup_violation_diff,AOD_star,-0.45383458646616537,0.13271356135027354,-0.7018630937054555,0.14148133720957104,20
meps,abrupt_group_mag2.0,xgb,subgroup_violation_diff,BalAcc,-0.5396065323179613,0.1084743883720096,-0.9184315465490227,0.0248728230855196,20
meps,abrupt_group_mag2.0,xgb,max_subgroup_deviation,DI_star,0.5750360738232201,0.11878204890351464,0.721162167893572,0.11432433144796098,20
meps,abrupt_group_mag2.0,xgb,max_subgroup_deviation,AOD_star,-0.3800751879699248,0.12974130297810588,-0.7114581193667577,0.15758800409353738,20
meps,abrupt_group_mag2.0,xgb,max_subgroup_deviation,BalAcc,-0.5746815081721086,0.10616744758926955,-0.9364390632838229,0.02031312693326331,20
meps,abrupt_group_mag2.0,xgb,assignment_proportion_drift,DI_star,0.43531706737237885,0.13788620539671403,0.6848281279077585,0.12162658133491303,20
meps,abrupt_group_mag2.0,xgb,assignment_proportion_drift,AOD_star,-0.5439921485463332,0.1218853420589472,-0.7182006816145878,0.14260861485532306,20
meps,abrupt_group_mag2.0,xgb,assignment_proportion_drift,BalAcc,-0.6148651951433256,0.0959071524130245,-0.9272652328775477,0.029903497163561995,20
meps,abrupt_group_mag2.0,xgb,ks_statistic,DI_star,0.48239258811021024,0.12927978216922079,0.7153189255644987,0.1191093689075761,20
meps,abrupt_group_mag2.0,xgb,ks_statistic,AOD_star,-0.5030075187969925,0.15307613321779967,-0.7284556281290658,0.14913359408416652,20
meps,abrupt_group_mag2.0,xgb,ks_statistic,BalAcc,-0.650358355453002,0.11729835595174108,-0.9487380655372064,0.016310602805159082,20
meps,abrupt_group_mag2.0,xgb,kl_divergence,DI_star,0.4688948061340569,0.12581206393524483,0.6978654948261469,0.11244700884019729,20
meps,abrupt_group_mag2.0,xgb,kl_divergence,AOD_star,-0.5149624060150376,0.13928861117399868,-0.7117911023369297,0.1435496130924477,20
meps,abrupt_group_mag2.0,xgb,kl_divergence,BalAcc,-0.5625026691241979,0.11974967005537322,-0.9237222481362226,0.025851707318459323,20
meps,abrupt_group_mag2.0,xgb,per_subgroup_ewma[min_neg],DI_star,nan,nan,nan,nan,0
meps,abrupt_group_mag2.0,xgb,per_subgroup_ewma[min_neg],AOD_star,nan,nan,nan,nan,0
meps,abrupt_group_mag2.0,xgb,per_subgroup_ewma[min_neg],BalAcc,nan,nan,nan,nan,0
meps,abrupt_group_mag2.0,xgb,per_subgroup_baseline_relative[min_neg],DI_star,nan,nan,nan,nan,0
meps,abrupt_group_mag2.0,xgb,per_subgroup_baseline_relative[min_neg],AOD_star,nan,nan,nan,nan,0
meps,abrupt_group_mag2.0,xgb,per_subgroup_baseline_relative[min_neg],BalAcc,nan,nan,nan,nan,0
meps,abrupt_group_mag2.0,xgb,per_subgroup_ewma[min_pos],DI_star,0.4903600240971181,0.17794132028960927,0.6217865525547199,0.14672892608745697,20
meps,abrupt_group_mag2.0,xgb,per_subgroup_ewma[min_pos],AOD_star,-0.4967669172932331,0.15435507901515177,-0.6153207935744268,0.15903149210869566,20
meps,abrupt_group_mag2.0,xgb,per_subgroup_ewma[min_pos],BalAcc,-0.5793081561349696,0.09147739012154939,-0.8164442934693632,0.037796421447796734,20
meps,abrupt_group_mag2.0,xgb,per_subgroup_baseline_relative[min_pos],DI_star,0.5746609541546023,0.12428643090186885,0.7239654976441899,0.1109234527123331,20
meps,abrupt_group_mag2.0,xgb,per_subgroup_baseline_relative[min_pos],AOD_star,-0.385187969924812,0.12838378339658835,-0.7197469253052666,0.14881956839595736,20
meps,abrupt_group_mag2.0,xgb,per_subgroup_baseline_relative[min_pos],BalAcc,-0.567989891977215,0.10849107190002434,-0.9418338376810944,0.017187362361730327,20
meps,abrupt_group_mag2.0,xgb,per_subgroup_ewma[maj_neg],DI_star,0.17235947702107807,0.36691014896902363,0.14138099011246114,0.4391333767726458,20
meps,abrupt_group_mag2.0,xgb,per_subgroup_ewma[maj_neg],AOD_star,-0.12926515646010608,0.44344372582364583,-0.17651140774833976,0.445739004198237,20
meps,abrupt_group_mag2.0,xgb,per_subgroup_ewma[maj_neg],BalAcc,-0.1872373835733695,0.4599480285766576,-0.21442729433582652,0.5470927808258604,20
meps,abrupt_group_mag2.0,xgb,per_subgroup_baseline_relative[maj_neg],DI_star,0.18006287050868716,0.27226598781354816,0.19330154609228806,0.2936275862608837,20
meps,abrupt_group_mag2.0,xgb,per_subgroup_baseline_relative[maj_neg],AOD_star,-0.033238807063502414,0.33791136333431493,-0.10665658175482669,0.28566174050938775,20
meps,abrupt_group_mag2.0,xgb,per_subgroup_baseline_relative[maj_neg],BalAcc,-0.13541719970496047,0.33684236162308395,-0.1987208966938566,0.3141196510641621,20
meps,abrupt_group_mag2.0,xgb,per_subgroup_ewma[maj_pos],DI_star,0.4507360487930532,0.22512668272531589,0.5719472585520395,0.2628032051982517,20
meps,abrupt_group_mag2.0,xgb,per_subgroup_ewma[maj_pos],AOD_star,-0.45999999999999985,0.18170796643010503,-0.567700786578482,0.17791837311960707,20
meps,abrupt_group_mag2.0,xgb,per_subgroup_ewma[maj_pos],BalAcc,-0.5526145884749234,0.14134573397133562,-0.7593227938432925,0.16300105900738623,20
meps,abrupt_group_mag2.0,xgb,per_subgroup_baseline_relative[maj_pos],DI_star,0.44818042143240844,0.13010474011243575,0.5826650836349838,0.2008319910927595,20
meps,abrupt_group_mag2.0,xgb,per_subgroup_baseline_relative[maj_pos],AOD_star,-0.46849624060150363,0.15939457719682162,-0.589991737173166,0.2018624672399655,20
meps,abrupt_group_mag2.0,xgb,per_subgroup_baseline_relative[maj_pos],BalAcc,-0.5381767164768287,0.10563264871807243,-0.7689704675400382,0.16625278042154476,20
meps,abrupt_global_mag0.5,lr,global_mean,DI_star,0.10714673179105876,0.2458227020572364,0.08215208528040521,0.20925504058194855,20
meps,abrupt_global_mag0.5,lr,global_mean,AOD_star,0.03075187969924813,0.2762019508735344,0.02635755945813669,0.22930261948986896,20
meps,abrupt_global_mag0.5,lr,global_mean,BalAcc,0.0693175104394261,0.28351023931025077,-0.012179320891415388,0.25378372669645805,20
meps,abrupt_global_mag0.5,lr,global_ewma,DI_star,0.021393395563472077,0.16842334283899818,0.03841681173707077,0.16953335329886265,20
meps,abrupt_global_mag0.5,lr,global_ewma,AOD_star,0.04451127819548871,0.2007445015681151,0.04004391247455562,0.20046213059417342,20
meps,abrupt_global_mag0.5,lr,global_ewma,BalAcc,0.019056176740375415,0.20750851329698655,0.02693177885056125,0.23763200155039677,20
meps,abrupt_global_mag0.5,lr,global_std,DI_star,0.025369392542626445,0.21317220285559615,-0.03368273476422395,0.2104196812545379,20
meps,abrupt_global_mag0.5,lr,global_std,AOD_star,-0.02571428571428571,0.2216124566766619,-0.024959110185914336,0.20974778995307253,20
meps,abrupt_global_mag0.5,lr,global_std,BalAcc,0.0633895675810074,0.23245469018331116,0.030176516063761805,0.2473790324923777,20
meps,abrupt_global_mag0.5,lr,subgroup_violation_diff,DI_star,0.05447191657904747,0.16807391722168835,0.07000409336935397,0.20428193713117448,20
meps,abrupt_global_mag0.5,lr,subgroup_violation_diff,AOD_star,-0.015187969924812037,0.16617861343141502,0.026459913068847783,0.20990706180401553,20
meps,abrupt_global_mag0.5,lr,subgroup_violation_diff,BalAcc,-0.011549484488261316,0.2695807612762727,-0.01874217663692914,0.2402976299505741,20
meps,abrupt_global_mag0.5,lr,max_subgroup_deviation,DI_star,0.042367077652707655,0.1667218736862542,0.05602612977638749,0.19226746304178524,20
meps,abrupt_global_mag0.5,lr,max_subgroup_deviation,AOD_star,-0.02293233082706767,0.20324568318569466,0.00020945239994708681,0.2050015397918877,20
meps,abrupt_global_mag0.5,lr,max_subgroup_deviation,BalAcc,0.022099182505607533,0.24495140153859474,-0.02130017874501712,0.24101122770452718,20
meps,abrupt_global_mag0.5,lr,assignment_proportion_drift,DI_star,-0.03449682333800756,0.22657626005892154,0.04981328978519972,0.20092450804349304,20
meps,abrupt_global_mag0.5,lr,assignment_proportion_drift,AOD_star,-0.020650644786932966,0.21987610158680512,0.01671450958786025,0.2074634930134652,20
meps,abrupt_global_mag0.5,lr,assignment_proportion_drift,BalAcc,-0.043006757895605,0.26910149222221796,-0.0283756440807156,0.24732945947189086,20
meps,abrupt_global_mag0.5,lr,ks_statistic,DI_star,0.031167775089490306,0.20215769823018592,0.06507429050151116,0.2048770376698597,20
meps,abrupt_global_mag0.5,lr,ks_statistic,AOD_star,0.009097744360902256,0.20007883290031622,0.023849597282607847,0.21522958662575323,20
meps,abrupt_global_mag0.5,lr,ks_statistic,BalAcc,-0.07270885979296418,0.22834999580284343,-0.0246883052826463,0.2487578184821686,20
meps,abrupt_global_mag0.5,lr,kl_divergence,DI_star,-0.03244396254885215,0.2065619085330533,0.02641388017316364,0.2212879731720952,20
meps,abrupt_global_mag0.5,lr,kl_divergence,AOD_star,-0.037669172932330824,0.20851535531086993,-0.0016983752745473285,0.22304427725507037,20
meps,abrupt_global_mag0.5,lr,kl_divergence,BalAcc,-0.012187040857972672,0.23839516404935984,0.009794385604212655,0.2330468818707744,20
meps,abrupt_global_mag0.5,lr,per_subgroup_ewma[min_neg],DI_star,nan,nan,nan,nan,0
meps,abrupt_global_mag0.5,lr,per_subgroup_ewma[min_neg],AOD_star,nan,nan,nan,nan,0
meps,abrupt_global_mag0.5,lr,per_subgroup_ewma[min_neg],BalAcc,nan,nan,nan,nan,0
meps,abrupt_global_mag0.5,lr,per_subgroup_baseline_relative[min_neg],DI_star,nan,nan,nan,nan,0
meps,abrupt_global_mag0.5,lr,per_subgroup_baseline_relative[min_neg],AOD_star,nan,nan,nan,nan,0
meps,abrupt_global_mag0.5,lr,per_subgroup_baseline_relative[min_neg],BalAcc,nan,nan,nan,nan,0
meps,abrupt_global_mag0.5,lr,per_subgroup_ewma[min_pos],DI_star,0.02785970238752421,0.17711376215082408,0.033351144490430126,0.16998543042257144,20
meps,abrupt_global_mag0.5,lr,per_subgroup_ewma[min_pos],AOD_star,0.046842105263157886,0.20619621855706455,0.03607099131455434,0.19904246556665056,20
meps,abrupt_global_mag0.5,lr,per_subgroup_ewma[min_pos],BalAcc,0.012102236972802957,0.19846198106811383,0.026059421957983074,0.23539259926199727,20
meps,abrupt_global_mag0.5,lr,per_subgroup_baseline_relative[min_pos],DI_star,0.08484757360763492,0.19172745687979403,0.07242736427272205,0.2059182349592308,20
meps,abrupt_global_mag0.5,lr,per_subgroup_baseline_relative[min_pos],AOD_star,0.00142857142857143,0.2073293648848569,0.022329297049078073,0.2202519792497912,20
meps,abrupt_global_mag0.5,lr,per_subgroup_baseline_relative[min_pos],BalAcc,0.0254053603066283,0.2754132710458201,-0.016867744424801715,0.24803600619437866,20
meps,abrupt_global_mag0.5,lr,per_subgroup_ewma[maj_neg],DI_star,-0.04289638807966128,0.17626760044945466,-0.029964467945823182,0.1857411922161392,19
meps,abrupt_global_mag0.5,lr,per_subgroup_ewma[maj_neg],AOD_star,-0.0010413176667522523,0.20754156489071957,-0.023307132477736085,0.22803515314827963,19
meps,abrupt_global_mag0.5,lr,per_subgroup_ewma[maj_neg],BalAcc,0.024007825772699,0.23268724590312767,0.03204010760454934,0.23624078126103357,19
meps,abrupt_global_mag0.5,lr,per_subgroup_baseline_relative[maj_neg],DI_star,-0.05051031298703513,0.21391701300089594,-0.03835660402342302,0.19342673114311518,19
meps,abrupt_global_mag0.5,lr,per_subgroup_baseline_relative[maj_neg],AOD_star,-0.027072605816564333,0.26282545850146927,-0.021543070584367056,0.27131431594376615,19
meps,abrupt_global_mag0.5,lr,per_subgroup_baseline_relative[maj_neg],BalAcc,-0.0017325855367666778,0.23646883245072436,0.03805476445332131,0.20337997950195574,19
meps,abrupt_global_mag0.5,lr,per_subgroup_ewma[maj_pos],DI_star,0.00846100817219708,0.16992392385844218,0.041165637054945615,0.16502517193194693,20
meps,abrupt_global_mag0.5,lr,per_subgroup_ewma[maj_pos],AOD_star,0.03751879699248122,0.20100458595540344,0.04184392675264295,0.2050580026402429,20
meps,abrupt_global_mag0.5,lr,per_subgroup_ewma[maj_pos],BalAcc,0.019507643945168227,0.2147124276624202,0.0270879258637867,0.24507982056563646,20
meps,abrupt_global_mag0.5,lr,per_subgroup_baseline_relative[maj_pos],DI_star,0.05737028767147323,0.22431532459395823,0.06964040489007842,0.20445003700965628,20
meps,abrupt_global_mag0.5,lr,per_subgroup_baseline_relative[maj_pos],AOD_star,0.007819548872180459,0.2493977595470134,0.0069804401927854795,0.23035124689305456,20
meps,abrupt_global_mag0.5,lr,per_subgroup_baseline_relative[maj_pos],BalAcc,0.03690858234515498,0.2852710063068899,-0.018293438604164103,0.27268162378582955,20
meps,abrupt_global_mag0.5,xgb,global_mean,DI_star,-0.041886798056139325,0.23072802741704387,-0.16358627088792327,0.24356871456907134,20
meps,abrupt_global_mag0.5,xgb,global_mean,AOD_star,-0.13112781954887215,0.2441336595203142,-0.14691106877699436,0.2513590398176475,20
meps,abrupt_global_mag0.5,xgb,global_mean,BalAcc,0.05973515932009529,0.24873631802368346,-0.06160294152889293,0.26236830984859194,20
meps,abrupt_global_mag0.5,xgb,global_ewma,DI_star,-0.13466875294335737,0.2295244883099285,-0.18152865329323176,0.21680664862480728,20
meps,abrupt_global_mag0.5,xgb,global_ewma,AOD_star,-0.13338345864661652,0.22823337684498718,-0.13116332796285363,0.2125242780609198,20
meps,abrupt_global_mag0.5,xgb,global_ewma,BalAcc,0.011202752979864053,0.21479436550910402,-0.04707355718265356,0.2397471251515187,20
meps,abrupt_global_mag0.5,xgb,global_std,DI_star,0.16699952344681918,0.19936038818542945,0.19117505439692645,0.23392670818147931,20
meps,abrupt_global_mag0.5,xgb,global_std,AOD_star,0.10781954887218044,0.2807970613353843,0.12624756043759827,0.24537312516621368,20
meps,abrupt_global_mag0.5,xgb,global_std,BalAcc,0.10986300149518222,0.21707515139434472,0.09125551410062828,0.2590934202481528,20
meps,abrupt_global_mag0.5,xgb,subgroup_violation_diff,DI_star,-0.1680158761586244,0.26530394625481085,-0.17889210002545858,0.2530359200575982,20
meps,abrupt_global_mag0.5,xgb,subgroup_violation_diff,AOD_star,-0.1599248120300752,0.25153192240352945,-0.14398120881798399,0.24974845592065292,20
meps,abrupt_global_mag0.5,xgb,subgroup_violation_diff,BalAcc,0.01696069919034753,0.2314708947725953,-0.06429467029394724,0.248047605203536,20
meps,abrupt_global_mag0.5,xgb,max_subgroup_deviation,DI_star,-0.1616642886135603,0.2452010869394621,-0.1894533408624755,0.2350011549844112,20
meps,abrupt_global_mag0.5,xgb,max_subgroup_deviation,AOD_star,-0.15721804511278192,0.2574770176306002,-0.16312991371084304,0.23837620555924968,20
meps,abrupt_global_mag0.5,xgb,max_subgroup_deviation,BalAcc,0.06011732123252487,0.24570621934955716,-0.058327055649696355,0.26915557374040394,20
meps,abrupt_global_mag0.5,xgb,assignment_proportion_drift,DI_star,-0.1920730975911937,0.17908586138758623,-0.18894371211264235,0.2321801737878731,20
meps,abrupt_global_mag0.5,xgb,assignment_proportion_drift,AOD_star,-0.15990128829112177,0.23902257630687784,-0.1487849837789286,0.2453120102000121,20
meps,abrupt_global_mag0.5,xgb,assignment_proportion_drift,BalAcc,-0.09233836520252175,0.26548977720677086,-0.0821741108266538,0.2675469021036988,20
meps,abrupt_global_mag0.5,xgb,ks_statistic,DI_star,-0.12354271516701584,0.2577281584948788,-0.17894837445471284,0.24264566877560295,20
meps,abrupt_global_mag0.5,xgb,ks_statistic,AOD_star,-0.14593984962406012,0.26029048988776077,-0.1450985958365449,0.2502209316529175,20
meps,abrupt_global_mag0.5,xgb,ks_statistic,BalAcc,-0.09215381645802594,0.2632284750610582,-0.07608058327541055,0.26700752439380987,20
meps,abrupt_global_mag0.5,xgb,kl_divergence,DI_star,-0.11696098201138412,0.21076559225298644,-0.15927629479224487,0.24402884683735226,20
meps,abrupt_global_mag0.5,xgb,kl_divergence,AOD_star,-0.1362406015037594,0.28431926948583885,-0.12151744736498249,0.2709826263738158,20
meps,abrupt_global_mag0.5,xgb,kl_divergence,BalAcc,-0.005115355626320409,0.19823632455256399,-0.037206534546290394,0.22974376429272322,20
meps,abrupt_global_mag0.5,xgb,per_subgroup_ewma[min_neg],DI_star,nan,nan,nan,nan,0
meps,abrupt_global_mag0.5,xgb,per_subgroup_ewma[min_neg],AOD_star,nan,nan,nan,nan,0
meps,abrupt_global_mag0.5,xgb,per_subgroup_ewma[min_neg],BalAcc,nan,nan,nan,nan,0
meps,abrupt_global_mag0.5,xgb,per_subgroup_baseline_relative[min_neg],DI_star,nan,nan,nan,nan,0
meps,abrupt_global_mag0.5,xgb,per_subgroup_baseline_relative[min_neg],AOD_star,nan,nan,nan,nan,0
meps,abrupt_global_mag0.5,xgb,per_subgroup_baseline_relative[min_neg],BalAcc,nan,nan,nan,nan,0
meps,abrupt_global_mag0.5,xgb,per_subgroup_ewma[min_pos],DI_star,-0.1364735753246931,0.24520629085499682,-0.18555389929431068,0.21752981880474084,20
meps,abrupt_global_mag0.5,xgb,per_subgroup_ewma[min_pos],AOD_star,-0.12954887218045114,0.23175380323776265,-0.13398618010469412,0.21179487919846732,20
meps,abrupt_global_mag0.5,xgb,per_subgroup_ewma[min_pos],BalAcc,0.007820227642668329,0.20168135022535005,-0.04686618990232959,0.23902500695937695,20
meps,abrupt_global_mag0.5,xgb,per_subgroup_baseline_relative[min_pos],DI_star,-0.12726419443410192,0.2673568406784192,-0.17879731141322808,0.24846321750007702,20
meps,abrupt_global_mag0.5,xgb,per_subgroup_baseline_relative[min_pos],AOD_star,-0.15105263157894736,0.29041540987787356,-0.15070155215981684,0.252057140112596,20
meps,abrupt_global_mag0.5,xgb,per_subgroup_baseline_relative[min_pos],BalAcc,0.049592306419819605,0.22982471689411524,-0.06259114024009932,0.2567906346572489,20
meps,abrupt_global_mag0.5,xgb,per_subgroup_ewma[maj_neg],DI_star,-0.15654439228105577,0.2543744263452807,-0.17693958285697875,0.21768104791101497,19
meps,abrupt_global_mag0.5,xgb,per_subgroup_ewma[maj_neg],AOD_star,-0.1498386711079949,0.2273524496529519,-0.13068166672878379,0.22334586439982904,19
meps,abrupt_global_mag0.5,xgb,per_subgroup_ewma[maj_neg],BalAcc,-0.0023713416190456545,0.2713774948466125,-0.03941090816173109,0.28835621738410544,19
meps,abrupt_global_mag0.5,xgb,per_subgroup_baseline_relative[maj_neg],DI_star,-0.0211998494730177,0.25110967561594055,-0.06094922376199342,0.23306354436276722,19
meps,abrupt_global_mag0.5,xgb,per_subgroup_baseline_relative[maj_neg],AOD_star,0.016785118454150337,0.16334169747483449,-0.04425744534390198,0.20539770885208447,19
meps,abrupt_global_mag0.5,xgb,per_subgroup_baseline_relative[maj_neg],BalAcc,0.030046506538008742,0.23680793632834787,0.01727052073004218,0.26134344474375637,19
meps,abrupt_global_mag0.5,xgb,per_subgroup_ewma[maj_pos],DI_star,-0.14632288828170323,0.21977103585376906,-0.1784561160674618,0.2095458457612164,20
meps,abrupt_global_mag0.5,xgb,per_subgroup_ewma[maj_pos],AOD_star,-0.14165413533834587,0.21410312759344197,-0.12864698625506335,0.21321684517986475,20
meps,abrupt_global_mag0.5,xgb,per_subgroup_ewma[maj_pos],BalAcc,0.005260131709645077,0.21994593404617802,-0.04881643815228485,0.24125899447923307,20
meps,abrupt_global_mag0.5,xgb,per_subgroup_baseline_relative[maj_pos],DI_star,-0.07996963209252307,0.2104783876441777,-0.1653684086197679,0.21222582757700378,20
meps,abrupt_global_mag0.5,xgb,per_subgroup_baseline_relative[maj_pos],AOD_star,-0.15624060150375937,0.2416382269679333,-0.16235843018319557,0.23949747859571185,20
meps,abrupt_global_mag0.5,xgb,per_subgroup_baseline_relative[maj_pos],BalAcc,0.0028498743565018815,0.2597387943640454,-0.06482422419205051,0.28196431725429777,20
meps,abrupt_global_mag1.0,lr,global_mean,DI_star,0.09233082706766915,0.2227216415557237,0.08125825952534395,0.22190616332101604,20
meps,abrupt_global_mag1.0,lr,global_mean,AOD_star,0.011503759398496231,0.2630467112065004,0.01329185595448069,0.23188756508203062,20
meps,abrupt_global_mag1.0,lr,global_mean,BalAcc,0.07590068598234452,0.20379102663991294,-0.036486423346633455,0.2566327356863663,20
meps,abrupt_global_mag1.0,lr,global_ewma,DI_star,0.0506766917293233,0.18531606265410147,0.05342629626420091,0.1926187597514477,20
meps,abrupt_global_mag1.0,lr,global_ewma,AOD_star,0.04240601503759399,0.22340551286449126,0.03306400533581604,0.21743687450602248,20
meps,abrupt_global_mag1.0,lr,global_ewma,BalAcc,-0.010194149564462051,0.22382690270808042,0.0071528316552053935,0.2338978915773472,20
meps,abrupt_global_mag1.0,lr,global_std,DI_star,0.00030075187969923753,0.24413180700975706,-0.05947584874910152,0.22696968142954357,20
meps,abrupt_global_mag1.0,lr,global_std,AOD_star,-0.01849624060150376,0.21330979457264787,-0.01435015060765173,0.21438958637013802,20
meps,abrupt_global_mag1.0,lr,global_std,BalAcc,0.07402935823690801,0.24049794047899667,0.0430609173705542,0.25635802235902316,20
meps,abrupt_global_mag1.0,lr,subgroup_violation_diff,DI_star,0.06496240601503758,0.20792626445190385,0.09050926980793479,0.2142966948953204,20
meps,abrupt_global_mag1.0,lr,subgroup_violation_diff,AOD_star,0.01082706766917294,0.24849850419270922,0.02485065831318137,0.21772533549628867,20
meps,abrupt_global_mag1.0,lr,subgroup_violation_diff,BalAcc,-0.06944190219786633,0.23982822219121583,-0.04225329296590524,0.23754582127547305,20
meps,abrupt_global_mag1.0,lr,max_subgroup_deviation,DI_star,0.06012314734587913,0.2450243217277928,0.07633791793241314,0.2199937522212839,20
meps,abrupt_global_mag1.0,lr,max_subgroup_deviation,AOD_star,-0.0014226604689062089,0.2917774019362794,0.005997265922731332,0.23463002488082862,20
meps,abrupt_global_mag1.0,lr,max_subgroup_deviation,BalAcc,0.005550219863914324,0.2489038888477602,-0.03753531577557802,0.2624769737606221,20
meps,abrupt_global_mag1.0,lr,assignment_proportion_drift,DI_star,-0.002890996453246453,0.23867832439112116,0.061310816900817355,0.2098200336145423,20
meps,abrupt_global_mag1.0,lr,assignment_proportion_drift,AOD_star,0.01350995892413876,0.2355423295957765,0.019946052598861112,0.2084442497688267,20
meps,abrupt_global_mag1.0,lr,assignment_proportion_drift,BalAcc,-0.07180570783955645,0.25501021649470484,-0.048010700180318534,0.2530074981966583,20
meps,abrupt_global_mag1.0,lr,ks_statistic,DI_star,0.05924812030075188,0.21946563464852178,0.07520576629582429,0.2215311899338886,20
meps,abrupt_global_mag1.0,lr,ks_statistic,AOD_star,0.002406015037593982,0.23597497306577342,0.012743104701668562,0.22705836845335425,20
meps,abrupt_global_mag1.0,lr,ks_statistic,BalAcc,-0.035417323636477094,0.22150524540972052,-0.04183598433459958,0.2579140774690047,20
meps,abrupt_global_mag1.0,lr,kl_divergence,DI_star,0.06999999999999999,0.19761165105678352,0.09727275832424674,0.20364048429469983,20
meps,abrupt_global_mag1.0,lr,kl_divergence,AOD_star,0.03669172932330826,0.1933511824232631,0.04023949992447296,0.2256548315199455,20
meps,abrupt_global_mag1.0,lr,kl_divergence,BalAcc,-0.03977901779101871,0.2751510762018971,-0.03812641576338577,0.2598381043619817,20
meps,abrupt_global_mag1.0,lr,per_subgroup_ewma[min_neg],DI_star,nan,nan,nan,nan,0
meps,abrupt_global_mag1.0,lr,per_subgroup_ewma[min_neg],AOD_star,nan,nan,nan,nan,0
meps,abrupt_global_mag1.0,lr,per_subgroup_ewma[min_neg],BalAcc,nan,nan,nan,nan,0
meps,abrupt_global_mag1.0,lr,per_subgroup_baseline_relative[min_neg],DI_star,nan,nan,nan,nan,0
meps,abrupt_global_mag1.0,lr,per_subgroup_baseline_relative[min_neg],AOD_star,nan,nan,nan,nan,0
meps,abrupt_global_mag1.0,lr,per_subgroup_baseline_relative[min_neg],BalAcc,nan,nan,nan,nan,0
meps,abrupt_global_mag1.0,lr,per_subgroup_ewma[min_pos],DI_star,0.05293233082706768,0.19017033879934928,0.053265255729883,0.19216348717397227,20
meps,abrupt_global_mag1.0,lr,per_subgroup_ewma[min_pos],AOD_star,0.04466165413533835,0.2252514628000972,0.03264364555154654,0.21713130665666502,20
meps,abrupt_global_mag1.0,lr,per_subgroup_ewma[min_pos],BalAcc,-0.015081282763263842,0.2170524176146114,0.007701445341201435,0.23242463008655312,20
meps,abrupt_global_mag1.0,lr,per_subgroup_baseline_relative[min_pos],DI_star,0.0863157894736842,0.2162949726159273,0.08363247212375313,0.22165947154483326,20
meps,abrupt_global_mag1.0,lr,per_subgroup_baseline_relative[min_pos],AOD_star,0.006842105263157899,0.24677441993973637,0.01593995726816222,0.2319460241036378,20
meps,abrupt_global_mag1.0,lr,per_subgroup_baseline_relative[min_pos],BalAcc,0.008907978522507723,0.22960798649932684,-0.037614964383228595,0.253821806967277,20
meps,abrupt_global_mag1.0,lr,per_subgroup_ewma[maj_neg],DI_star,-0.0040921899137738174,0.18526047748052032,-0.01825938899338129,0.19785769825636143,19
meps,abrupt_global_mag1.0,lr,per_subgroup_ewma[maj_neg],AOD_star,-0.013706658225882252,0.2906557996017827,-0.001361506965306749,0.3198482375022573,19
meps,abrupt_global_mag1.0,lr,per_subgroup_ewma[maj_neg],BalAcc,0.03099731471525607,0.23784531074934817,0.04684094274380466,0.241391711673765,19
meps,abrupt_global_mag1.0,lr,per_subgroup_baseline_relative[maj_neg],DI_star,0.0022094287693316264,0.27374304586866843,0.03362776331243901,0.22915301211742287,19
meps,abrupt_global_mag1.0,lr,per_subgroup_baseline_relative[maj_neg],AOD_star,0.013156944318299599,0.3130176387819128,0.021365113183359458,0.30049459225192926,19
meps,abrupt_global_mag1.0,lr,per_subgroup_baseline_relative[maj_neg],BalAcc,0.051250404503642585,0.2640769443394489,0.050534914640039084,0.2298338287618357,19
meps,abrupt_global_mag1.0,lr,per_subgroup_ewma[maj_pos],DI_star,0.042481203007518786,0.1891720208687415,0.0536176249858296,0.19285850073439723,20
meps,abrupt_global_mag1.0,lr,per_subgroup_ewma[maj_pos],AOD_star,0.038796992481202996,0.2204157363707137,0.033211533513234984,0.218866186972275,20
meps,abrupt_global_mag1.0,lr,per_subgroup_ewma[maj_pos],BalAcc,-0.01342692116808869,0.22693292054819889,0.00738791255047765,0.23564486106408636,20
meps,abrupt_global_mag1.0,lr,per_subgroup_baseline_relative[maj_pos],DI_star,0.04548872180451128,0.23606286657242564,0.07401527565497498,0.2221651676318298,20
meps,abrupt_global_mag1.0,lr,per_subgroup_baseline_relative[maj_pos],AOD_star,0.003984962406015044,0.2601948221409017,0.006575820948079611,0.23032538950680095,20
meps,abrupt_global_mag1.0,lr,per_subgroup_baseline_relative[maj_pos],BalAcc,0.03548795818771243,0.2203650515427994,-0.034980514254800706,0.26185439049058074,20
meps,abrupt_global_mag1.0,xgb,global_mean,DI_star,0.46765766211614057,0.27905250335016357,0.6927862208538624,0.42077126633200984,20
meps,abrupt_global_mag1.0,xgb,global_mean,AOD_star,-0.14736842105263154,0.32992117940988896,-0.2620665023460436,0.455375779403212,20
meps,abrupt_global_mag1.0,xgb,global_mean,BalAcc,-0.48820292691506734,0.1288399611765746,-0.8087844377359547,0.14971621690891926,20
meps,abrupt_global_mag1.0,xgb,global_ewma,DI_star,0.45683226309108366,0.28227367615880833,0.5942766860326885,0.37923706201352253,20
meps,abrupt_global_mag1.0,xgb,global_ewma,AOD_star,-0.1807518796992481,0.3588240918996133,-0.2090372839942078,0.4153182022544716,20
meps,abrupt_global_mag1.0,xgb,global_ewma,BalAcc,-0.51605875465439,0.09468491939157818,-0.6762714097698234,0.11862437403945689,20
meps,abrupt_global_mag1.0,xgb,global_std,DI_star,-0.4041989023711846,0.3213691480534902,-0.6794444360828363,0.4232408873829705,20
meps,abrupt_global_mag1.0,xgb,global_std,AOD_star,0.16766917293233077,0.3957240787440454,0.25526856155202343,0.46130341961017035,20
meps,abrupt_global_mag1.0,xgb,global_std,BalAcc,0.5402756161613996,0.13346814780376434,0.8061222795198646,0.15565124450231532,20
meps,abrupt_global_mag1.0,xgb,subgroup_violation_diff,DI_star,0.45464974736969677,0.292934815186745,0.6741749879973382,0.4164623516034194,20
meps,abrupt_global_mag1.0,xgb,subgroup_violation_diff,AOD_star,-0.2039097744360902,0.3393463570239697,-0.2608327536657996,0.4415736633603355,20
meps,abrupt_global_mag1.0,xgb,subgroup_violation_diff,BalAcc,-0.5632081732452966,0.1163309885617496,-0.7890378357916437,0.1377640209379927,20
meps,abrupt_global_mag1.0,xgb,max_subgroup_deviation,DI_star,0.4397403985811281,0.2647368798399344,0.6805055587337783,0.4155315857934963,20
meps,abrupt_global_mag1.0,xgb,max_subgroup_deviation,AOD_star,-0.18584914185108065,0.35341984386157005,-0.2637534625257716,0.44013673117356766,20
meps,abrupt_global_mag1.0,xgb,max_subgroup_deviation,BalAcc,-0.5079563069817761,0.12033127462870173,-0.7946439627255109,0.15828737967279252,20
meps,abrupt_global_mag1.0,xgb,assignment_proportion_drift,DI_star,0.4111215603318188,0.3110376488275782,0.674642541154787,0.4219044649266389,20
meps,abrupt_global_mag1.0,xgb,assignment_proportion_drift,AOD_star,-0.21417687435873814,0.3893594741637315,-0.2627452718237925,0.4652076791337368,20
meps,abrupt_global_mag1.0,xgb,assignment_proportion_drift,BalAcc,-0.543442527551074,0.12370398027112668,-0.7970686301913072,0.14917213495956594,20
meps,abrupt_global_mag1.0,xgb,ks_statistic,DI_star,0.35551453629329866,0.2690763561804808,0.6888276041207846,0.42185471387738127,20
meps,abrupt_global_mag1.0,xgb,ks_statistic,AOD_star,-0.225187969924812,0.3089517051024366,-0.2647745589749015,0.4557088912109755,20
meps,abrupt_global_mag1.0,xgb,ks_statistic,BalAcc,-0.47158791279528167,0.09575159148742257,-0.8096954999934214,0.15047162223182867,20
meps,abrupt_global_mag1.0,xgb,kl_divergence,DI_star,0.3773557506701911,0.30689414758298106,0.659022779338983,0.41894337866804066,20
meps,abrupt_global_mag1.0,xgb,kl_divergence,AOD_star,-0.18766917293233082,0.3798133082610838,-0.24737089386429978,0.4616877309057715,20
meps,abrupt_global_mag1.0,xgb,kl_divergence,BalAcc,-0.46245258859046884,0.14226117621184378,-0.7803772944794278,0.1553218769182843,20
meps,abrupt_global_mag1.0,xgb,per_subgroup_ewma[min_neg],DI_star,nan,nan,nan,nan,0
meps,abrupt_global_mag1.0,xgb,per_subgroup_ewma[min_neg],AOD_star,nan,nan,nan,nan,0
meps,abrupt_global_mag1.0,xgb,per_subgroup_ewma[min_neg],BalAcc,nan,nan,nan,nan,0
meps,abrupt_global_mag1.0,xgb,per_subgroup_baseline_relative[min_neg],DI_star,nan,nan,nan,nan,0
meps,abrupt_global_mag1.0,xgb,per_subgroup_baseline_relative[min_neg],AOD_star,nan,nan,nan,nan,0
meps,abrupt_global_mag1.0,xgb,per_subgroup_baseline_relative[min_neg],BalAcc,nan,nan,nan,nan,0
meps,abrupt_global_mag1.0,xgb,per_subgroup_ewma[min_pos],DI_star,0.4570577987187545,0.280522356061806,0.5944107180412599,0.37947242484936516,20
meps,abrupt_global_mag1.0,xgb,per_subgroup_ewma[min_pos],AOD_star,-0.18045112781954883,0.3549646277242052,-0.2082359147349382,0.4159333436896069,20
meps,abrupt_global_mag1.0,xgb,per_subgroup_ewma[min_pos],BalAcc,-0.5183898928251994,0.087852682940849,-0.6756691290909179,0.11926300807368923,20
meps,abrupt_global_mag1.0,xgb,per_subgroup_baseline_relative[min_pos],DI_star,0.46998880028695,0.2837809652853248,0.6912196205509836,0.42314516254272,20
meps,abrupt_global_mag1.0,xgb,per_subgroup_baseline_relative[min_pos],AOD_star,-0.18744360902255633,0.3448806777607317,-0.26307417426213486,0.45617361838245246,20
meps,abrupt_global_mag1.0,xgb,per_subgroup_baseline_relative[min_pos],BalAcc,-0.5271522185191692,0.11055551582477252,-0.8071838421891219,0.14737449091100355,20
meps,abrupt_global_mag1.0,xgb,per_subgroup_ewma[maj_neg],DI_star,0.32452312298105324,0.2782606583652825,0.40927387915343605,0.3533610573394697,19
meps,abrupt_global_mag1.0,xgb,per_subgroup_ewma[maj_neg],AOD_star,-0.1502585398836351,0.31534364522791614,-0.1533808954065844,0.339121763049026,19
meps,abrupt_global_mag1.0,xgb,per_subgroup_ewma[maj_neg],BalAcc,-0.3847106950623019,0.2029261442666159,-0.46782657912109105,0.20807357163807993,19
meps,abrupt_global_mag1.0,xgb,per_subgroup_baseline_relative[maj_neg],DI_star,-0.00954255006641265,0.3965886057930542,0.24006612363764654,0.36996146635130867,19
meps,abrupt_global_mag1.0,xgb,per_subgroup_baseline_relative[maj_neg],AOD_star,0.0026306239150780484,0.244858135983478,-0.10807949981886074,0.25743324552361885,19
meps,abrupt_global_mag1.0,xgb,per_subgroup_baseline_relative[maj_neg],BalAcc,0.023765718732049263,0.3689772155715528,-0.28475896515436244,0.28385132331973395,19
meps,abrupt_global_mag1.0,xgb,per_subgroup_ewma[maj_pos],DI_star,0.4508924983133345,0.2847244296659067,0.5928879217968593,0.37962265322239896,20
meps,abrupt_global_mag1.0,xgb,per_subgroup_ewma[maj_pos],AOD_star,-0.18090225563909773,0.3610648443287778,-0.20951817041126897,0.4152240766835156,20
meps,abrupt_global_mag1.0,xgb,per_subgroup_ewma[maj_pos],BalAcc,-0.5168858223235631,0.09584034613064432,-0.6757783134495974,0.11877418003385029,20
meps,abrupt_global_mag1.0,xgb,per_subgroup_baseline_relative[maj_pos],DI_star,0.44288643604468064,0.2574145743129497,0.6862889931965911,0.41796853389966965,20
meps,abrupt_global_mag1.0,xgb,per_subgroup_baseline_relative[maj_pos],AOD_star,-0.15037593984962405,0.3794745110240363,-0.26279508942150176,0.4585555556656838,20
meps,abrupt_global_mag1.0,xgb,per_subgroup_baseline_relative[maj_pos],BalAcc,-0.4915854522522632,0.136342573546679,-0.8052943027149613,0.150826757302523,20
meps,abrupt_global_mag2.0,lr,global_mean,DI_star,0.10827067669172932,0.25269691242561215,0.1156852611606918,0.2840792763008124,20
meps,abrupt_global_mag2.0,lr,global_mean,AOD_star,0.011879699248120296,0.26719985044322897,-0.0016753061586603489,0.24639619825814538,20
meps,abrupt_global_mag2.0,lr,global_mean,BalAcc,0.015678572489216794,0.2238565566984253,-0.052891994293946254,0.27933307774230254,20
meps,abrupt_global_mag2.0,lr,global_ewma,DI_star,0.06593984962406016,0.24300224953343239,0.08112514105961885,0.24349311058527998,20
meps,abrupt_global_mag2.0,lr,global_ewma,AOD_star,0.02984962406015037,0.21668347205547528,0.012315662796527373,0.2175450154357945,20
meps,abrupt_global_mag2.0,lr,global_ewma,BalAcc,0.003499196081336376,0.2611152023722228,0.0031965268072035938,0.2590512915440673,20
meps,abrupt_global_mag2.0,lr,global_std,DI_star,-0.11624060150375937,0.2616762154714417,-0.10235501011214856,0.29596388509016963,20
meps,abrupt_global_mag2.0,lr,global_std,AOD_star,-0.056315789473684194,0.22294797647617878,-0.008625503113123224,0.22965864851497877,20
meps,abrupt_global_mag2.0,lr,global_std,BalAcc,0.051129488192988196,0.20551091113114991,0.0557892763673178,0.2661669403121931,20
meps,abrupt_global_mag2.0,lr,subgroup_violation_diff,DI_star,0.07263157894736841,0.22295488607702774,0.09562874431447015,0.22631859912278263,20
meps,abrupt_global_mag2.0,lr,subgroup_violation_diff,AOD_star,0.07195488721804512,0.20859710853397057,0.057929554357037435,0.1995705260180864,20
meps,abrupt_global_mag2.0,lr,subgroup_violation_diff,BalAcc,0.06018778609113824,0.22905850976234124,0.0208852830875016,0.20052368192672695,20
meps,abrupt_global_mag2.0,lr,max_subgroup_deviation,DI_star,0.10511278195488723,0.20206570728196044,0.11809999939831187,0.2818618633267118,20
meps,abrupt_global_mag2.0,lr,max_subgroup_deviation,AOD_star,-0.005187969924812024,0.23679100773538314,-0.0024620545681473677,0.2455702792983571,20
meps,abrupt_global_mag2.0,lr,max_subgroup_deviation,BalAcc,-0.05939793059852827,0.24985040360985988,-0.0548403271300039,0.27797329393816983,20
meps,abrupt_global_mag2.0,lr,assignment_proportion_drift,DI_star,0.1127153297596188,0.24940765435674156,0.11332655589538636,0.28475726919644717,20
meps,abrupt_global_mag2.0,lr,assignment_proportion_drift,AOD_star,0.028607031072610485,0.1677735396967802,0.0028648298726005037,0.22871199259865993,20
meps,abrupt_global_mag2.0,lr,assignment_proportion_drift,BalAcc,-0.07852210560325344,0.2660873813332946,-0.055908925132945986,0.2802974749096048,20
meps,abrupt_global_mag2.0,lr,ks_statistic,DI_star,0.14204152447991517,0.2691074640891961,0.11190162047313648,0.28758507601122285,20
meps,abrupt_global_mag2.0,lr,ks_statistic,AOD_star,0.019767981635767,0.23058788797375251,-0.0019804661153077496,0.24265669638486026,20
meps,abrupt_global_mag2.0,lr,ks_statistic,BalAcc,-0.05263816702419496,0.254808097631937,-0.054200640976790004,0.27980225537154085,20
meps,abrupt_global_mag2.0,lr,kl_divergence,DI_star,0.1094736842105263,0.20616349406541892,0.1203136653627852,0.27843177155621385,20
meps,abrupt_global_mag2.0,lr,kl_divergence,AOD_star,0.006315789473684203,0.24263641357653623,0.0013372486654911794,0.25117374288133915,20
meps,abrupt_global_mag2.0,lr,kl_divergence,BalAcc,-0.06733284923808094,0.25802637551321633,-0.06887185482550237,0.2655690301708909,20
meps,abrupt_global_mag2.0,lr,per_subgroup_ewma[min_neg],DI_star,nan,nan,nan,nan,0
meps,abrupt_global_mag2.0,lr,per_subgroup_ewma[min_neg],AOD_star,nan,nan,nan,nan,0
meps,abrupt_global_mag2.0,lr,per_subgroup_ewma[min_neg],BalAcc,nan,nan,nan,nan,0
meps,abrupt_global_mag2.0,lr,per_subgroup_baseline_relative[min_neg],DI_star,nan,nan,nan,nan,0
meps,abrupt_global_mag2.0,lr,per_subgroup_baseline_relative[min_neg],AOD_star,nan,nan,nan,nan,0
meps,abrupt_global_mag2.0,lr,per_subgroup_baseline_relative[min_neg],BalAcc,nan,nan,nan,nan,0
meps,abrupt_global_mag2.0,lr,per_subgroup_ewma[min_pos],DI_star,0.06789473684210526,0.24576934760059832,0.08083116759987205,0.2438153424357969,20
meps,abrupt_global_mag2.0,lr,per_subgroup_ewma[min_pos],AOD_star,0.03368421052631579,0.22125426842756382,0.012323131184787974,0.2179848868487591,20
meps,abrupt_global_mag2.0,lr,per_subgroup_ewma[min_pos],BalAcc,-0.0014632099337011997,0.2539068980325416,0.003431905919622649,0.2578816277238443,20
meps,abrupt_global_mag2.0,lr,per_subgroup_baseline_relative[min_pos],DI_star,0.08947368421052632,0.26423089517986054,0.11624657615396505,0.2875300370652684,20
meps,abrupt_global_mag2.0,lr,per_subgroup_baseline_relative[min_pos],AOD_star,0.016992481203007503,0.2789577445732446,0.0007201734470303727,0.24907184425174547,20
meps,abrupt_global_mag2.0,lr,per_subgroup_baseline_relative[min_pos],BalAcc,0.006956937670560559,0.2474966279384287,-0.0521583832070082,0.27809389517180216,20
meps,abrupt_global_mag2.0,lr,per_subgroup_ewma[maj_neg],DI_star,0.058385094691818615,0.2523914568026676,0.07192238428041524,0.24702074081176795,18
meps,abrupt_global_mag2.0,lr,per_subgroup_ewma[maj_neg],AOD_star,0.04502243244725097,0.16599858680668586,0.05262201755646484,0.22376988441044574,18
meps,abrupt_global_mag2.0,lr,per_subgroup_ewma[maj_neg],BalAcc,4.325992347241887e-05,0.24832898267870054,0.0022371224188637772,0.24536458695901908,18
meps,abrupt_global_mag2.0,lr,per_subgroup_baseline_relative[maj_neg],DI_star,0.060445082440084605,0.20743815684215414,0.09377230295956222,0.2213627019910742,18
meps,abrupt_global_mag2.0,lr,per_subgroup_baseline_relative[maj_neg],AOD_star,0.013157730734508806,0.22256914690469515,0.0284478295785734,0.2259026016318784,18
meps,abrupt_global_mag2.0,lr,per_subgroup_baseline_relative[maj_neg],BalAcc,-0.018964895786474537,0.25449137978301783,0.01779062794318167,0.2711230775003475,18
meps,abrupt_global_mag2.0,lr,per_subgroup_ewma[maj_pos],DI_star,0.060300751879699244,0.2517195765308826,0.08156392283141603,0.24427549734714818,20
meps,abrupt_global_mag2.0,lr,per_subgroup_ewma[maj_pos],AOD_star,0.026466165413533825,0.20957971936947434,0.012005108828230398,0.21785432287756598,20
meps,abrupt_global_mag2.0,lr,per_subgroup_ewma[maj_pos],BalAcc,0.0019954366828401327,0.2625284093447244,0.0035735059052101116,0.2591571506813203,20
meps,abrupt_global_mag2.0,lr,per_subgroup_baseline_relative[maj_pos],DI_star,0.10639097744360901,0.2020942280150618,0.11773603927859015,0.2827043936602459,20
meps,abrupt_global_mag2.0,lr,per_subgroup_baseline_relative[maj_pos],AOD_star,-0.0031578947368421026,0.23622949773611207,-0.0014690094489938535,0.24583322674267308,20
meps,abrupt_global_mag2.0,lr,per_subgroup_baseline_relative[maj_pos],BalAcc,-0.060375374207550826,0.25325501643518833,-0.05449518717420933,0.2783232027214804,20
meps,abrupt_global_mag2.0,xgb,global_mean,DI_star,0.7410238235045276,0.01111804728766134,0.9914850215247553,0.005701740575105212,20
meps,abrupt_global_mag2.0,xgb,global_mean,AOD_star,0.7401344763366998,0.011171056383903446,0.9448385994405026,0.03929613080199375,20
meps,abrupt_global_mag2.0,xgb,global_mean,BalAcc,-0.7393439455208529,0.01082298472418794,-0.9856975946452599,0.010696775193774991,20
meps,abrupt_global_mag2.0,xgb,global_ewma,DI_star,0.7418143543203746,0.011167122220589375,0.8447914583843523,0.005705024875141669,20
meps,abrupt_global_mag2.0,xgb,global_ewma,AOD_star,0.7400356599847189,0.009152656232042299,0.8060699395416308,0.033451367458868536,20
meps,abrupt_global_mag2.0,xgb,global_ewma,BalAcc,-0.7391463128168912,0.009580600781620277,-0.8400329045177759,0.00958635174252099,20
meps,abrupt_global_mag2.0,xgb,global_std,DI_star,-0.7407273744485849,0.009814210048450622,-0.977322665989624,0.01701518951753373,20
meps,abrupt_global_mag2.0,xgb,global_std,AOD_star,-0.7437906813599919,0.009380269407371359,-0.9384454622876515,0.04361083660698877,20
meps,abrupt_global_mag2.0,xgb,global_std,BalAcc,0.7400356599847189,0.010028277566077338,0.9721597151592511,0.018380362972788486,20
meps,abrupt_global_mag2.0,xgb,subgroup_violation_diff,DI_star,0.2437799403368009,0.5754483611294159,0.30019131459795956,0.6703034507871464,20
meps,abrupt_global_mag2.0,xgb,subgroup_violation_diff,AOD_star,0.248127859823959,0.5703313029610014,0.28950997875803824,0.6459173462302408,20
meps,abrupt_global_mag2.0,xgb,subgroup_violation_diff,BalAcc,-0.2423965114090687,0.5720752577905424,-0.28512565666288636,0.6675436624695141,20
meps,abrupt_global_mag2.0,xgb,max_subgroup_deviation,DI_star,0.7395415782248147,0.010261686829191947,0.9873409760858263,0.008934148037714596,20
meps,abrupt_global_mag2.0,xgb,max_subgroup_deviation,AOD_star,0.7398380272807572,0.010063270208259575,0.9398300589952461,0.04057902777333705,20
meps,abrupt_global_mag2.0,xgb,max_subgroup_deviation,BalAcc,-0.7408261908005659,0.00912701549652681,-0.9824409709831077,0.012577565790548377,20
meps,abrupt_global_mag2.0,xgb,assignment_proportion_drift,DI_star,0.7438100511812086,0.007974455775999917,0.9841088453407574,0.009043194454859177,20
meps,abrupt_global_mag2.0,xgb,assignment_proportion_drift,AOD_star,0.7430222169410406,0.008812805172709154,0.9396917465155816,0.037132651618736995,20
meps,abrupt_global_mag2.0,xgb,assignment_proportion_drift,BalAcc,-0.7410316324352737,0.00869882700045245,-0.9773698802732067,0.015759457630846133,20
meps,abrupt_global_mag2.0,xgb,ks_statistic,DI_star,0.7414914888314046,0.010959041709572938,0.9917317928936322,0.006072204558762874,20
meps,abrupt_global_mag2.0,xgb,ks_statistic,AOD_star,0.7401016357124404,0.010582314271543493,0.9458472477638106,0.0381764638563739,20
meps,abrupt_global_mag2.0,xgb,ks_statistic,BalAcc,-0.7445569758902146,0.009557285429622647,-0.9863143662189948,0.010952665941045176,20
meps,abrupt_global_mag2.0,xgb,kl_divergence,DI_star,0.7396403945767954,0.009699619019332811,0.9695175343582388,0.010035752763286946,20
meps,abrupt_global_mag2.0,xgb,kl_divergence,AOD_star,0.7363794549614269,0.009710183686213026,0.9251740224443393,0.03743663590062293,20
meps,abrupt_global_mag2.0,xgb,kl_divergence,BalAcc,-0.7425060687842407,0.011058605013704726,-0.9640542681941561,0.012959607579758418,20
meps,abrupt_global_mag2.0,xgb,per_subgroup_ewma[min_neg],DI_star,nan,nan,nan,nan,0
meps,abrupt_global_mag2.0,xgb,per_subgroup_ewma[min_neg],AOD_star,nan,nan,nan,nan,0
meps,abrupt_global_mag2.0,xgb,per_subgroup_ewma[min_neg],BalAcc,nan,nan,nan,nan,0
meps,abrupt_global_mag2.0,xgb,per_subgroup_baseline_relative[min_neg],DI_star,nan,nan,nan,nan,0
meps,abrupt_global_mag2.0,xgb,per_subgroup_baseline_relative[min_neg],AOD_star,nan,nan,nan,nan,0
meps,abrupt_global_mag2.0,xgb,per_subgroup_baseline_relative[min_neg],BalAcc,nan,nan,nan,nan,0
meps,abrupt_global_mag2.0,xgb,per_subgroup_ewma[min_pos],DI_star,0.7399368436327382,0.008913213038148012,0.8445667261489813,0.005561279386890742,20
meps,abrupt_global_mag2.0,xgb,per_subgroup_ewma[min_pos],AOD_star,0.7405297417446233,0.010571040616553496,0.8058034027834274,0.033573307024998826,20
meps,abrupt_global_mag2.0,xgb,per_subgroup_ewma[min_pos],BalAcc,-0.7394427618728336,0.009906801321840797,-0.8396349857295652,0.009348567650599795,20
meps,abrupt_global_mag2.0,xgb,per_subgroup_baseline_relative[min_pos],DI_star,0.7400356599847189,0.010905225041678237,0.9903000126686047,0.0060488250326010936,20
meps,abrupt_global_mag2.0,xgb,per_subgroup_baseline_relative[min_pos],AOD_star,0.7394427618728336,0.011746683439131145,0.9434963365793589,0.04254112120071388,20
meps,abrupt_global_mag2.0,xgb,per_subgroup_baseline_relative[min_pos],BalAcc,-0.7379605165931208,0.0075360021876177945,-0.9838850437631537,0.012807944477366025,20
meps,abrupt_global_mag2.0,xgb,per_subgroup_ewma[maj_neg],DI_star,0.5147907955470037,0.29667252127439975,0.5919194234352522,0.2511245118899121,18
meps,abrupt_global_mag2.0,xgb,per_subgroup_ewma[maj_neg],AOD_star,0.5108921121532866,0.2949562449889922,0.567231029645927,0.2356032181752841,18
meps,abrupt_global_mag2.0,xgb,per_subgroup_ewma[maj_neg],BalAcc,-0.513528084413537,0.2987023160343626,-0.5900795051671626,0.2487357241334204,18
meps,abrupt_global_mag2.0,xgb,per_subgroup_baseline_relative[maj_neg],DI_star,0.148906116497326,0.4713664753827249,0.48271859520832994,0.33081948381530824,18
meps,abrupt_global_mag2.0,xgb,per_subgroup_baseline_relative[maj_neg],AOD_star,0.14050259615862182,0.48096848139017306,0.46237287248423403,0.3123999793692351,18
meps,abrupt_global_mag2.0,xgb,per_subgroup_baseline_relative[maj_neg],BalAcc,-0.13772722230675907,0.4818235619290863,-0.4783619530989618,0.328149118194374,18
meps,abrupt_global_mag2.0,xgb,per_subgroup_ewma[maj_pos],DI_star,0.7403321090406616,0.010957481451759211,0.8468440724630583,0.010128120017999467,20
meps,abrupt_global_mag2.0,xgb,per_subgroup_ewma[maj_pos],AOD_star,0.7412214562084894,0.010596412442183374,0.8080479950891087,0.0340639112134834,20
meps,abrupt_global_mag2.0,xgb,per_subgroup_ewma[maj_pos],BalAcc,-0.7403321090406616,0.00992895375375838,-0.842172858053047,0.012670863107567269,20
meps,abrupt_global_mag2.0,xgb,per_subgroup_baseline_relative[maj_pos],DI_star,0.7398380272807572,0.01004384490261036,0.9877120057333671,0.008993516301309746,20
meps,abrupt_global_mag2.0,xgb,per_subgroup_baseline_relative[maj_pos],AOD_star,0.7402332926886808,0.010028277566077368,0.940887216140583,0.04002169206297683,20
meps,abrupt_global_mag2.0,xgb,per_subgroup_baseline_relative[maj_pos],BalAcc,-0.7410238235045277,0.009711691986170813,-0.9824915713964899,0.012648914802524037,20
meps,variance_group_mag1.5,lr,global_mean,DI_star,0.3899248120300752,0.21379794108765174,0.39599657302225644,0.20759198283027913,20
meps,variance_group_mag1.5,lr,global_mean,AOD_star,0.24330827067669175,0.21850798678898686,0.24839216334736727,0.19116765501674868,20
meps,variance_group_mag1.5,lr,global_mean,BalAcc,0.06762978303378592,0.2540746958019524,0.05798552604777861,0.24027932301410476,20
meps,variance_group_mag1.5,lr,global_ewma,DI_star,0.3900751879699248,0.18081567187764128,0.4016982154177368,0.18672207674165325,20
meps,variance_group_mag1.5,lr,global_ewma,AOD_star,0.257593984962406,0.18390743824557157,0.26987139550177963,0.19444601141896137,20
meps,variance_group_mag1.5,lr,global_ewma,BalAcc,0.04879642683912978,0.22814704846152345,0.03678365117015576,0.2191541049258094,20
meps,variance_group_mag1.5,lr,global_std,DI_star,-0.08796992481203006,0.2199571340556604,-0.08848641760402172,0.19918843441292847,20
meps,variance_group_mag1.5,lr,global_std,AOD_star,-0.1050375939849624,0.2157023611859105,-0.08462794349242,0.19967259675820628,20
meps,variance_group_mag1.5,lr,global_std,BalAcc,0.044546397496380744,0.19372225274055474,0.043003209896524196,0.22235113670345327,20
meps,variance_group_mag1.5,lr,subgroup_violation_diff,DI_star,0.027669172932330833,0.1379861292239802,0.05126345347771014,0.16055202008635755,20
meps,variance_group_mag1.5,lr,subgroup_violation_diff,AOD_star,-0.0018796992481202959,0.18528968843820917,0.026599375634721333,0.20749989333944777,20
meps,variance_group_mag1.5,lr,subgroup_violation_diff,BalAcc,0.06195686696530141,0.20053259328153936,0.07621017369249297,0.1934324741649832,20
meps,variance_group_mag1.5,lr,max_subgroup_deviation,DI_star,0.315187969924812,0.20697892070539878,0.26961807769994134,0.21647492334224525,20
meps,variance_group_mag1.5,lr,max_subgroup_deviation,AOD_star,0.13977443609022552,0.18561622628058844,0.1057855212707125,0.18447156274375487,20
meps,variance_group_mag1.5,lr,max_subgroup_deviation,BalAcc,0.033757560159502605,0.23044670649186988,0.05023886512420187,0.19194462654648792,20
meps,variance_group_mag1.5,lr,assignment_proportion_drift,DI_star,0.08024101958473058,0.23060614492080428,0.2802647640107065,0.18005160736246334,20
meps,variance_group_mag1.5,lr,assignment_proportion_drift,AOD_star,0.03066426883875114,0.2842656203951357,0.1717990920680565,0.2128666752691312,20
meps,variance_group_mag1.5,lr,assignment_proportion_drift,BalAcc,0.05431893041503577,0.2604631043368639,0.0487770300483669,0.2357418123342534,20
meps,variance_group_mag1.5,lr,ks_statistic,DI_star,0.2325563909774436,0.2260482394234498,0.3112181781956903,0.16847301781235122,20
meps,variance_group_mag1.5,lr,ks_statistic,AOD_star,0.11586466165413531,0.22264907387337193,0.18255029820963714,0.2024661110055402,20
meps,variance_group_mag1.5,lr,ks_statistic,BalAcc,0.012966743075368162,0.22017361172987068,0.03406464304921404,0.2194720247367876,20
meps,variance_group_mag1.5,lr,kl_divergence,DI_star,0.3356390977443609,0.18805748336650727,0.36120462890515176,0.16329379645907857,20
meps,variance_group_mag1.5,lr,kl_divergence,AOD_star,0.19864661654135335,0.21388296143910657,0.2263581378710744,0.2105575185464525,20
meps,variance_group_mag1.5,lr,kl_divergence,BalAcc,0.036578904945265556,0.2326695748438591,0.04888041527294016,0.21996733265099278,20
meps,variance_group_mag1.5,lr,per_subgroup_ewma[min_neg],DI_star,nan,nan,nan,nan,0
meps,variance_group_mag1.5,lr,per_subgroup_ewma[min_neg],AOD_star,nan,nan,nan,nan,0
meps,variance_group_mag1.5,lr,per_subgroup_ewma[min_neg],BalAcc,nan,nan,nan,nan,0
meps,variance_group_mag1.5,lr,per_subgroup_baseline_relative[min_neg],DI_star,nan,nan,nan,nan,0
meps,variance_group_mag1.5,lr,per_subgroup_baseline_relative[min_neg],AOD_star,nan,nan,nan,nan,0
meps,variance_group_mag1.5,lr,per_subgroup_baseline_relative[min_neg],BalAcc,nan,nan,nan,nan,0
meps,variance_group_mag1.5,lr,per_subgroup_ewma[min_pos],DI_star,0.35984962406015036,0.18499302882389304,0.38623699167918907,0.1753839091817766,20
meps,variance_group_mag1.5,lr,per_subgroup_ewma[min_pos],AOD_star,0.24992481203007522,0.18197700729273797,0.24896277430630306,0.18910573127616614,20
meps,variance_group_mag1.5,lr,per_subgroup_ewma[min_pos],BalAcc,0.05988723218616462,0.21991771024015963,0.06414780474049957,0.22905659922324206,20
meps,variance_group_mag1.5,lr,per_subgroup_baseline_relative[min_pos],DI_star,0.16082706766917293,0.19879191637531,0.23740413900958393,0.19625934679075424,20
meps,variance_group_mag1.5,lr,per_subgroup_baseline_relative[min_pos],AOD_star,0.0914285714285714,0.19228173405081966,0.13080474069362275,0.21041446766043975,20
meps,variance_group_mag1.5,lr,per_subgroup_baseline_relative[min_pos],BalAcc,0.1125940273855615,0.21817700307216498,0.1047657109576117,0.19606689772527686,20
meps,variance_group_mag1.5,lr,per_subgroup_ewma[maj_neg],DI_star,0.1782727431105402,0.2652825340479413,0.18076794385490108,0.2980237219168316,20
meps,variance_group_mag1.5,lr,per_subgroup_ewma[maj_neg],AOD_star,0.09371117312722863,0.28476369902252974,0.11585171534851217,0.3136809894090829,20
meps,variance_group_mag1.5,lr,per_subgroup_ewma[maj_neg],BalAcc,0.0466587225508782,0.27125297289431854,0.07615375155396048,0.2273343611590505,20
meps,variance_group_mag1.5,lr,per_subgroup_baseline_relative[maj_neg],DI_star,0.0792072732236608,0.24456448124235952,0.07534233068909961,0.24912679347148597,20
meps,variance_group_mag1.5,lr,per_subgroup_baseline_relative[maj_neg],AOD_star,0.04059105999198745,0.2639896482261317,0.03634354964222737,0.27360155367241945,20
meps,variance_group_mag1.5,lr,per_subgroup_baseline_relative[maj_neg],BalAcc,0.03554459067904727,0.26157304432809403,0.035980931506378516,0.22560776985580963,20
meps,variance_group_mag1.5,lr,per_subgroup_ewma[maj_pos],DI_star,0.14834586466165411,0.16045632465458481,0.19466620794670478,0.15769097022576115,20
meps,variance_group_mag1.5,lr,per_subgroup_ewma[maj_pos],AOD_star,0.13225563909774435,0.1996732448646901,0.14660132597015485,0.21407288503460453,20
meps,variance_group_mag1.5,lr,per_subgroup_ewma[maj_pos],BalAcc,-0.03319821794480783,0.21620497625750826,-0.0018534608172924554,0.18726718790151597,20
meps,variance_group_mag1.5,lr,per_subgroup_baseline_relative[maj_pos],DI_star,0.28413533834586463,0.1946055672720433,0.2470626641258662,0.20330458256717504,20
meps,variance_group_mag1.5,lr,per_subgroup_baseline_relative[maj_pos],AOD_star,0.18187969924812028,0.1992157584727655,0.14838416033662946,0.20770320273383594,20
meps,variance_group_mag1.5,lr,per_subgroup_baseline_relative[maj_pos],BalAcc,0.0008231930209713287,0.2386123434324879,-0.0003703170301534001,0.22511632032960718,20
meps,variance_group_mag1.5,xgb,global_mean,DI_star,0.0029340560353910234,0.20598859946066284,-0.03204063112005654,0.21462666682797643,20
meps,variance_group_mag1.5,xgb,global_mean,AOD_star,-0.0023308270676691747,0.22896359066939997,-0.005442831069576095,0.216278022131463,20
meps,variance_group_mag1.5,xgb,global_mean,BalAcc,0.07177032528672429,0.2098188309806151,0.026703511917875,0.19813112477692285,20
meps,variance_group_mag1.5,xgb,global_ewma,DI_star,-0.017820623592119576,0.21444876997979362,-0.040317415625971936,0.21413869274012487,20
meps,variance_group_mag1.5,xgb,global_ewma,AOD_star,0.00233082706766918,0.2036444894199635,0.015233969655200647,0.21705842627520316,20
meps,variance_group_mag1.5,xgb,global_ewma,BalAcc,0.04676997176042852,0.21913997198141744,0.0008112737788511501,0.2094644687681889,20
meps,variance_group_mag1.5,xgb,global_std,DI_star,0.18124132269740273,0.21492660121262414,0.18349982929164707,0.20389323855661065,20
meps,variance_group_mag1.5,xgb,global_std,AOD_star,0.07646616541353382,0.22859184465608093,0.07330982633621408,0.2297128901538597,20
meps,variance_group_mag1.5,xgb,global_std,BalAcc,0.10749965708015789,0.23096538318655804,0.13331438865340134,0.22051796553448397,20
meps,variance_group_mag1.5,xgb,subgroup_violation_diff,DI_star,-0.014734749229592208,0.23515111000969943,-0.008857689085751156,0.24011653776210282,20
meps,variance_group_mag1.5,xgb,subgroup_violation_diff,AOD_star,-0.024736842105263158,0.2033427891460047,-0.024056433123795885,0.2367679353222737,20
meps,variance_group_mag1.5,xgb,subgroup_violation_diff,BalAcc,0.068378240598491,0.19556041023269186,0.07775818243100274,0.2108822607958586,20
meps,variance_group_mag1.5,xgb,max_subgroup_deviation,DI_star,0.029249025328069046,0.22655403048981232,0.010114077048321053,0.22300555091635454,20
meps,variance_group_mag1.5,xgb,max_subgroup_deviation,AOD_star,0.008571428571428567,0.20267145673138587,-0.0178813179891683,0.20886540364352454,20
meps,variance_group_mag1.5,xgb,max_subgroup_deviation,BalAcc,0.09181039395575705,0.22210443060807666,0.09551105202256083,0.19018932802479172,20
meps,variance_group_mag1.5,xgb,assignment_proportion_drift,DI_star,-0.08532835716043578,0.2525958243016799,-0.03433676800310257,0.23795310631630995,20
meps,variance_group_mag1.5,xgb,assignment_proportion_drift,AOD_star,-0.08174173538849362,0.2648483417445666,-0.02892279965945857,0.23402985587560782,20
meps,variance_group_mag1.5,xgb,assignment_proportion_drift,BalAcc,-0.0064168584269911205,0.26792880861346835,0.012413806753123976,0.28521786300495605,20
meps,variance_group_mag1.5,xgb,ks_statistic,DI_star,-0.09470293893482859,0.2501531825576886,-0.04252761368748421,0.21084397229654045,20
meps,variance_group_mag1.5,xgb,ks_statistic,AOD_star,-0.05007518796992481,0.2603954254626979,-0.023618943200117693,0.2243687539996707,20
meps,variance_group_mag1.5,xgb,ks_statistic,BalAcc,0.010891536721810058,0.2657045623843799,-0.0019180292524520414,0.2703869485477885,20
meps,variance_group_mag1.5,xgb,kl_divergence,DI_star,-0.028274664468345583,0.1800961938616961,-0.04734769322473738,0.1876334290163694,20
meps,variance_group_mag1.5,xgb,kl_divergence,AOD_star,-0.018270676691729337,0.2001295724770909,-0.0019049335474100996,0.20789911300412905,20
meps,variance_group_mag1.5,xgb,kl_divergence,BalAcc,0.018265444502551954,0.242968342311898,0.00801162324035598,0.23061875202174714,20
meps,variance_group_mag1.5,xgb,per_subgroup_ewma[min_neg],DI_star,nan,nan,nan,nan,0
meps,variance_group_mag1.5,xgb,per_subgroup_ewma[min_neg],AOD_star,nan,nan,nan,nan,0
meps,variance_group_mag1.5,xgb,per_subgroup_ewma[min_neg],BalAcc,nan,nan,nan,nan,0
meps,variance_group_mag1.5,xgb,per_subgroup_baseline_relative[min_neg],DI_star,nan,nan,nan,nan,0
meps,variance_group_mag1.5,xgb,per_subgroup_baseline_relative[min_neg],AOD_star,nan,nan,nan,nan,0
meps,variance_group_mag1.5,xgb,per_subgroup_baseline_relative[min_neg],BalAcc,nan,nan,nan,nan,0
meps,variance_group_mag1.5,xgb,per_subgroup_ewma[min_pos],DI_star,-0.0346993188255599,0.20993205569622342,-0.04656127024687621,0.2245887099579922,20
meps,variance_group_mag1.5,xgb,per_subgroup_ewma[min_pos],AOD_star,-0.004511278195488721,0.20640761673343436,-0.0035278987519988163,0.22692279112820568,20
meps,variance_group_mag1.5,xgb,per_subgroup_ewma[min_pos],BalAcc,0.04860700038597916,0.22086919904108399,0.023765134993088306,0.21538287001125977,20
meps,variance_group_mag1.5,xgb,per_subgroup_baseline_relative[min_pos],DI_star,-0.026388714875316112,0.23092398882164977,-0.021704133280493684,0.2475340196474613,20
meps,variance_group_mag1.5,xgb,per_subgroup_baseline_relative[min_pos],AOD_star,-0.015488721804511274,0.25426970688112466,-0.026158660501761966,0.2722032877183364,20
meps,variance_group_mag1.5,xgb,per_subgroup_baseline_relative[min_pos],BalAcc,0.16721654616128792,0.20608285043647892,0.11465351625586462,0.2033886467859356,20
meps,variance_group_mag1.5,xgb,per_subgroup_ewma[maj_neg],DI_star,0.011442704955724043,0.22254241320448978,-0.005849852001252692,0.22241585310745177,20
meps,variance_group_mag1.5,xgb,per_subgroup_ewma[maj_neg],AOD_star,-0.04543027447712173,0.26196144659584614,-0.038409084183486736,0.24759123244038042,20
meps,variance_group_mag1.5,xgb,per_subgroup_ewma[maj_neg],BalAcc,0.011772147494061507,0.25986167051929154,0.023524711395564273,0.2462739756079569,20
meps,variance_group_mag1.5,xgb,per_subgroup_baseline_relative[maj_neg],DI_star,0.0268373858332721,0.19616122288901555,-0.001722872066316715,0.18160351555191837,20
meps,variance_group_mag1.5,xgb,per_subgroup_baseline_relative[maj_neg],AOD_star,-0.02669964115038968,0.2268762157043295,-0.040709225712987476,0.2422884650859279,20
meps,variance_group_mag1.5,xgb,per_subgroup_baseline_relative[maj_neg],BalAcc,0.028191991502824025,0.32395592579502797,0.011838106042292518,0.28113579306408093,20
meps,variance_group_mag1.5,xgb,per_subgroup_ewma[maj_pos],DI_star,-0.02642507858876924,0.22528422428857375,-0.009926650263100972,0.21669529356135314,20
meps,variance_group_mag1.5,xgb,per_subgroup_ewma[maj_pos],AOD_star,0.01323308270676691,0.25634162645448855,0.03290145800079158,0.25846356412426474,20
meps,variance_group_mag1.5,xgb,per_subgroup_ewma[maj_pos],BalAcc,-0.05330815754827708,0.2223722644764045,-0.020241500923441437,0.24361503804145127,20
meps,variance_group_mag1.5,xgb,per_subgroup_baseline_relative[maj_pos],DI_star,-0.028720899483961025,0.21971901695938523,-0.03739069368689371,0.1928928565953301,20
meps,variance_group_mag1.5,xgb,per_subgroup_baseline_relative[maj_pos],AOD_star,-0.014210526315789465,0.1834003820951233,-0.009461225639185816,0.1859031792871036,20
meps,variance_group_mag1.5,xgb,per_subgroup_baseline_relative[maj_pos],BalAcc,0.008311735234390247,0.1744371677197226,-0.00957384924850172,0.19911678181056083,20
meps,variance_group_mag2.0,lr,global_mean,DI_star,0.4933834586466165,0.17441852387567858,0.5045793193915656,0.1579669738707887,20
meps,variance_group_mag2.0,lr,global_mean,AOD_star,0.3403007518796992,0.19797899113707096,0.3345346428333928,0.17910103833372118,20
meps,variance_group_mag2.0,lr,global_mean,BalAcc,0.07194942877203846,0.25357850567144774,0.05969459934189333,0.2620914993877815,20
meps,variance_group_mag2.0,lr,global_ewma,DI_star,0.5157142857142857,0.16721944811982414,0.5256965068150733,0.16089488318650583,20
meps,variance_group_mag2.0,lr,global_ewma,AOD_star,0.36203007518796987,0.17830609492045446,0.362963520311375,0.1779229756168534,20
meps,variance_group_mag2.0,lr,global_ewma,BalAcc,0.04684069115797482,0.24111040316135984,0.037973342574770204,0.24123925611424077,20
meps,variance_group_mag2.0,lr,global_std,DI_star,0.17947368421052629,0.16918481161299503,0.22746046752773558,0.16779414519956243,20
meps,variance_group_mag2.0,lr,global_std,AOD_star,0.1242857142857143,0.22683814272035557,0.1346497743407165,0.2148732732774712,20
meps,variance_group_mag2.0,lr,global_std,BalAcc,0.05815689072216211,0.23682602914218198,0.03623445643454054,0.22963410144031338,20
meps,variance_group_mag2.0,lr,subgroup_violation_diff,DI_star,0.08233082706766916,0.15650940787633758,0.08579121580144455,0.1691483291080473,20
meps,variance_group_mag2.0,lr,subgroup_violation_diff,AOD_star,0.0732330827067669,0.1977366990139191,0.07136806547449089,0.2070261962409947,20
meps,variance_group_mag2.0,lr,subgroup_violation_diff,BalAcc,0.0739939278328757,0.23180217933646508,0.09358405955604074,0.2101035401593399,20
meps,variance_group_mag2.0,lr,max_subgroup_deviation,DI_star,0.4809774436090225,0.15482754891232728,0.4542416677192917,0.17303526108860198,20
meps,variance_group_mag2.0,lr,max_subgroup_deviation,AOD_star,0.300375939849624,0.1573961874997239,0.2704157440063791,0.1886213575396803,20
meps,variance_group_mag2.0,lr,max_subgroup_deviation,BalAcc,0.055034256696730344,0.23997644482463096,0.058780208451394825,0.2356551187472207,20
meps,variance_group_mag2.0,lr,assignment_proportion_drift,DI_star,0.1607738261301344,0.16106050699737282,0.37757421267422414,0.1378203428969428,20
meps,variance_group_mag2.0,lr,assignment_proportion_drift,AOD_star,0.07811660900511844,0.23406712647656647,0.24291840235819953,0.19693279295447824,20
meps,variance_group_mag2.0,lr,assignment_proportion_drift,BalAcc,0.028667040905972097,0.25950570767571807,0.03702358535098511,0.24300662711919413,20
meps,variance_group_mag2.0,lr,ks_statistic,DI_star,0.44601503759398486,0.19853747578074238,0.46994634580740263,0.14231560693314985,20
meps,variance_group_mag2.0,lr,ks_statistic,AOD_star,0.30218045112781955,0.21506465732217098,0.3051253161171522,0.19579033724335906,20
meps,variance_group_mag2.0,lr,ks_statistic,BalAcc,0.031843505227289105,0.2373480782263696,0.04287535149116103,0.2412914459451532,20
meps,variance_group_mag2.0,lr,kl_divergence,DI_star,0.42932330827067666,0.18464395839877826,0.4772553131204603,0.17165603333383123,20
meps,variance_group_mag2.0,lr,kl_divergence,AOD_star,0.29984962406015037,0.17503229715779633,0.3216677149162395,0.18429356184882206,20
meps,variance_group_mag2.0,lr,kl_divergence,BalAcc,0.047854526762554174,0.2321706398870293,0.023517194376419057,0.25137543380575034,20
meps,variance_group_mag2.0,lr,per_subgroup_ewma[min_neg],DI_star,nan,nan,nan,nan,0
meps,variance_group_mag2.0,lr,per_subgroup_ewma[min_neg],AOD_star,nan,nan,nan,nan,0
meps,variance_group_mag2.0,lr,per_subgroup_ewma[min_neg],BalAcc,nan,nan,nan,nan,0
meps,variance_group_mag2.0,lr,per_subgroup_baseline_relative[min_neg],DI_star,nan,nan,nan,nan,0
meps,variance_group_mag2.0,lr,per_subgroup_baseline_relative[min_neg],AOD_star,nan,nan,nan,nan,0
meps,variance_group_mag2.0,lr,per_subgroup_baseline_relative[min_neg],BalAcc,nan,nan,nan,nan,0
meps,variance_group_mag2.0,lr,per_subgroup_ewma[min_pos],DI_star,0.48992481203007515,0.176172072180405,0.5200700170420671,0.15390908971371492,20
meps,variance_group_mag2.0,lr,per_subgroup_ewma[min_pos],AOD_star,0.35932330827067666,0.18148978959638581,0.356176751394622,0.17644671266998568,20
meps,variance_group_mag2.0,lr,per_subgroup_ewma[min_pos],BalAcc,0.07022242459626801,0.2274278114976595,0.06381152645926991,0.2404804640280374,20
meps,variance_group_mag2.0,lr,per_subgroup_baseline_relative[min_pos],DI_star,0.27864661654135336,0.1746771085767308,0.3602466112254169,0.15837633101256832,20
meps,variance_group_mag2.0,lr,per_subgroup_baseline_relative[min_pos],AOD_star,0.20954887218045112,0.18107740631833563,0.2446389189630207,0.1968706755569564,20
meps,variance_group_mag2.0,lr,per_subgroup_baseline_relative[min_pos],BalAcc,0.1215505026439931,0.22346598004536558,0.11673710446420386,0.21824762357901706,20
meps,variance_group_mag2.0,lr,per_subgroup_ewma[maj_neg],DI_star,0.23851238544868641,0.27419520059834196,0.2557327023751247,0.294123215613597,20
meps,variance_group_mag2.0,lr,per_subgroup_ewma[maj_neg],AOD_star,0.112742068982194,0.30133899105535505,0.13290353690392237,0.3130759619968988,20
meps,variance_group_mag2.0,lr,per_subgroup_ewma[maj_neg],BalAcc,-0.0014530426821435585,0.23428464735465748,0.01947606517969986,0.21184684330941242,20
meps,variance_group_mag2.0,lr,per_subgroup_baseline_relative[maj_neg],DI_star,0.09776221841349732,0.22608662095928037,0.08559268768471869,0.23132366680322258,20
meps,variance_group_mag2.0,lr,per_subgroup_baseline_relative[maj_neg],AOD_star,0.023717197465382422,0.24015555635066183,0.029549572256009175,0.25276306779668545,20
meps,variance_group_mag2.0,lr,per_subgroup_baseline_relative[maj_neg],BalAcc,0.02543930418123605,0.20005375199942774,0.042435680124733414,0.18893372713315768,20
meps,variance_group_mag2.0,lr,per_subgroup_ewma[maj_pos],DI_star,0.39556390977443606,0.19103514313971154,0.44144987059978025,0.16396662411416973,20
meps,variance_group_mag2.0,lr,per_subgroup_ewma[maj_pos],AOD_star,0.32052631578947366,0.190662978919164,0.31857437813596035,0.19544226248076169,20
meps,variance_group_mag2.0,lr,per_subgroup_ewma[maj_pos],BalAcc,0.032781530655663124,0.20830657202026384,0.025689832600444877,0.2095102099162511,20
meps,variance_group_mag2.0,lr,per_subgroup_baseline_relative[maj_pos],DI_star,0.4669924812030075,0.17814343645073677,0.41580514930848433,0.17640690360560984,20
meps,variance_group_mag2.0,lr,per_subgroup_baseline_relative[maj_pos],AOD_star,0.3267669172932331,0.18191704074179124,0.27093156743558894,0.17618528134553765,20
meps,variance_group_mag2.0,lr,per_subgroup_baseline_relative[maj_pos],BalAcc,0.03939156712520443,0.25535418380282227,0.022586504784233186,0.26531966357508924,20
meps,variance_group_mag2.0,xgb,global_mean,DI_star,0.039328427331439396,0.19417170861678387,-0.013693130179627599,0.1825126435423632,20
meps,variance_group_mag2.0,xgb,global_mean,AOD_star,0.013834586466165394,0.21947604106640467,0.002280614753685667,0.20903080312066089,20
meps,variance_group_mag2.0,xgb,global_mean,BalAcc,0.03887218045112781,0.2247575939324438,0.010072978174586045,0.2132779253399962,20
meps,variance_group_mag2.0,xgb,global_ewma,DI_star,0.038690163909136516,0.1909946504689044,0.0021041775506302264,0.17616800675446317,20
meps,variance_group_mag2.0,xgb,global_ewma,AOD_star,0.0263157894736842,0.19994600435683177,0.023809990927693862,0.1874843605963782,20
meps,variance_group_mag2.0,xgb,global_ewma,BalAcc,0.00631578947368421,0.2337693499890228,-0.017946084346961114,0.20782118997130308,20
meps,variance_group_mag2.0,xgb,global_std,DI_star,0.2190350570807958,0.18422291808061214,0.25519653870326486,0.18438282316417895,20
meps,variance_group_mag2.0,xgb,global_std,AOD_star,0.11195488721804511,0.23488388462394522,0.11877056640190094,0.23958265764864034,20
meps,variance_group_mag2.0,xgb,global_std,BalAcc,0.043609022556390986,0.23531119976035714,0.08060548254872636,0.27086316261214255,20
meps,variance_group_mag2.0,xgb,subgroup_violation_diff,DI_star,0.014327168777826476,0.20666701783951968,-0.007615723578104419,0.1915511874575514,20
meps,variance_group_mag2.0,xgb,subgroup_violation_diff,AOD_star,0.007669172932330817,0.20974716183488534,-0.013474144556093396,0.2126937053190338,20
meps,variance_group_mag2.0,xgb,subgroup_violation_diff,BalAcc,0.058721804511278196,0.2297542973302708,0.08119198550898714,0.2361927731596412,20
meps,variance_group_mag2.0,xgb,max_subgroup_deviation,DI_star,0.04831165038807926,0.2077200910232116,-0.0012825544930850682,0.19399448880068568,20
meps,variance_group_mag2.0,xgb,max_subgroup_deviation,AOD_star,-0.0017293233082706703,0.22372800481121755,-0.017109804169691475,0.22696036767740566,20
meps,variance_group_mag2.0,xgb,max_subgroup_deviation,BalAcc,0.0457142857142857,0.20102929214832446,0.044374978290027754,0.18487904660586885,20
meps,variance_group_mag2.0,xgb,assignment_proportion_drift,DI_star,-0.07836511546994229,0.2242612393143125,-0.02362603482135644,0.20696394761574458,20
meps,variance_group_mag2.0,xgb,assignment_proportion_drift,AOD_star,-0.09207813507495247,0.23649564427602457,-0.027631985395882623,0.22721902293275736,20
meps,variance_group_mag2.0,xgb,assignment_proportion_drift,BalAcc,-0.017077665099820775,0.289484431338727,-0.003987011029895571,0.2853102322010083,20
meps,variance_group_mag2.0,xgb,ks_statistic,DI_star,8.367260102324636e-05,0.21440364945848117,-0.014743045286284331,0.1889556118980905,20
meps,variance_group_mag2.0,xgb,ks_statistic,AOD_star,-0.008646616541353375,0.2352231936202122,-0.0009495035001909749,0.22466901510566553,20
meps,variance_group_mag2.0,xgb,ks_statistic,BalAcc,-0.0021804511278195465,0.2343050533970065,-0.015116617728816029,0.2603057062657697,20
meps,variance_group_mag2.0,xgb,kl_divergence,DI_star,-0.018116256411056124,0.21104463015461766,-0.02820944322814222,0.2085256645419881,20
meps,variance_group_mag2.0,xgb,kl_divergence,AOD_star,-0.010375939849624061,0.2357288072177871,0.0036968582980012044,0.23588420995867657,20
meps,variance_group_mag2.0,xgb,kl_divergence,BalAcc,0.0010526315789473578,0.27241301907116394,-0.030755945361208514,0.24163003548251324,20
meps,variance_group_mag2.0,xgb,per_subgroup_ewma[min_neg],DI_star,nan,nan,nan,nan,0
meps,variance_group_mag2.0,xgb,per_subgroup_ewma[min_neg],AOD_star,nan,nan,nan,nan,0
meps,variance_group_mag2.0,xgb,per_subgroup_ewma[min_neg],BalAcc,nan,nan,nan,nan,0
meps,variance_group_mag2.0,xgb,per_subgroup_baseline_relative[min_neg],DI_star,nan,nan,nan,nan,0
meps,variance_group_mag2.0,xgb,per_subgroup_baseline_relative[min_neg],AOD_star,nan,nan,nan,nan,0
meps,variance_group_mag2.0,xgb,per_subgroup_baseline_relative[min_neg],BalAcc,nan,nan,nan,nan,0
meps,variance_group_mag2.0,xgb,per_subgroup_ewma[min_pos],DI_star,0.02951824973404127,0.19444313707100894,-0.005660502218601484,0.19400513411710968,20
meps,variance_group_mag2.0,xgb,per_subgroup_ewma[min_pos],AOD_star,0.016165413533834595,0.20411442864981472,0.019853204456098845,0.21388470056029965,20
meps,variance_group_mag2.0,xgb,per_subgroup_ewma[min_pos],BalAcc,0.021804511278195486,0.22297841514824923,0.006434202467702823,0.2064953194993466,20
meps,variance_group_mag2.0,xgb,per_subgroup_baseline_relative[min_pos],DI_star,-0.00811419181748884,0.23625457088979274,-0.009145177568424107,0.22722521363001935,20
meps,variance_group_mag2.0,xgb,per_subgroup_baseline_relative[min_pos],AOD_star,-0.004135338345864662,0.24496276372304338,-0.003662634932478162,0.25936955449151117,20
meps,variance_group_mag2.0,xgb,per_subgroup_baseline_relative[min_pos],BalAcc,0.13669172932330828,0.20185856990279602,0.09682770017807188,0.2067740337796747,20
meps,variance_group_mag2.0,xgb,per_subgroup_ewma[maj_neg],DI_star,-0.02110335094501989,0.15155955532831092,-0.018609956824719224,0.16824069409437073,20
meps,variance_group_mag2.0,xgb,per_subgroup_ewma[maj_neg],AOD_star,-0.09004766072857759,0.14007585186740423,-0.06493675483859732,0.1674565294855056,20
meps,variance_group_mag2.0,xgb,per_subgroup_ewma[maj_neg],BalAcc,-0.038059080406691745,0.24695117505981784,-0.036529231941464374,0.2211560018406235,20
meps,variance_group_mag2.0,xgb,per_subgroup_baseline_relative[maj_neg],DI_star,-0.04777740694188328,0.23764331065080832,-0.05888841200528141,0.23517764005002503,20
meps,variance_group_mag2.0,xgb,per_subgroup_baseline_relative[maj_neg],AOD_star,-0.08827879085599045,0.21772237667290342,-0.09526946735477337,0.2443394596545188,20
meps,variance_group_mag2.0,xgb,per_subgroup_baseline_relative[maj_neg],BalAcc,-0.010137396564919772,0.24785695156467139,-0.023922362443718762,0.2296294219524184,20
meps,variance_group_mag2.0,xgb,per_subgroup_ewma[maj_pos],DI_star,0.01922100483519603,0.1968513116530341,0.027886559716272897,0.16554164409808675,20
meps,variance_group_mag2.0,xgb,per_subgroup_ewma[maj_pos],AOD_star,0.030225563909774423,0.16739544060387435,0.04436469846699845,0.171573280235593,20
meps,variance_group_mag2.0,xgb,per_subgroup_ewma[maj_pos],BalAcc,-0.02052631578947369,0.19668418451419095,-0.033494630444836505,0.20826901459905794,20
meps,variance_group_mag2.0,xgb,per_subgroup_baseline_relative[maj_pos],DI_star,0.04083196047310636,0.176720448377808,-0.02156164851202782,0.15009805409194907,20
meps,variance_group_mag2.0,xgb,per_subgroup_baseline_relative[maj_pos],AOD_star,0.012255639097744356,0.1636628304651559,0.0035396562769925864,0.15009185021731153,20
meps,variance_group_mag2.0,xgb,per_subgroup_baseline_relative[maj_pos],BalAcc,0.016691729323308258,0.22956989084879842,-0.01058594257181609,0.2160660788999734,20
meps,variance_group_mag2.5,lr,global_mean,DI_star,0.6009022556390977,0.1352626354648096,0.5941671621213502,0.12847803796236268,20
meps,variance_group_mag2.5,lr,global_mean,AOD_star,0.41037593984962395,0.19308054012322887,0.40106853665797626,0.1721692932835187,20
meps,variance_group_mag2.5,lr,global_mean,BalAcc,0.017518796992481205,0.26146405462843175,0.022161432796805283,0.2712714750217089,20
meps,variance_group_mag2.5,lr,global_ewma,DI_star,0.613984962406015,0.12283339699288914,0.6091070283866903,0.12241293063778064,20
meps,variance_group_mag2.5,lr,global_ewma,AOD_star,0.42218045112781954,0.1788322590538014,0.42035290997117725,0.17248618980385633,20
meps,variance_group_mag2.5,lr,global_ewma,BalAcc,-0.008646616541353385,0.24536537333355615,-0.000733873180762859,0.24351270674301742,20
meps,variance_group_mag2.5,lr,global_std,DI_star,0.42661654135338345,0.1746622205526178,0.4786358809110153,0.1672162845142195,20
meps,variance_group_mag2.5,lr,global_std,AOD_star,0.29721804511278194,0.2244399440482215,0.31622650196081187,0.2057439445344866,20
meps,variance_group_mag2.5,lr,global_std,BalAcc,-0.024436090225563905,0.20528319327155065,-0.012318696526728685,0.19674649137336137,20
meps,variance_group_mag2.5,lr,subgroup_violation_diff,DI_star,0.15571428571428572,0.1705991510125165,0.13288051835318124,0.1627660191039914,20
meps,variance_group_mag2.5,lr,subgroup_violation_diff,AOD_star,0.11939849624060148,0.21873026913268726,0.11109912018926496,0.23109894874281217,20
meps,variance_group_mag2.5,lr,subgroup_violation_diff,BalAcc,0.049248120300751874,0.23523328746327937,0.07425467627709587,0.22260615494020008,20
meps,variance_group_mag2.5,lr,max_subgroup_deviation,DI_star,0.5781954887218045,0.1418886840654938,0.5558052957090729,0.14654544570785613,20
meps,variance_group_mag2.5,lr,max_subgroup_deviation,AOD_star,0.3775187969924812,0.183411478590705,0.35354308347397545,0.17792953701744385,20
meps,variance_group_mag2.5,lr,max_subgroup_deviation,BalAcc,0.011353383458646619,0.22999137251636934,0.020618985574937753,0.2404054736755209,20
meps,variance_group_mag2.5,lr,assignment_proportion_drift,DI_star,0.17677277183257717,0.16137693301723555,0.42780412713950755,0.13225028921883614,20
meps,variance_group_mag2.5,lr,assignment_proportion_drift,AOD_star,0.07990505414587543,0.2083750912315914,0.2942621958551276,0.1856014372173323,20
meps,variance_group_mag2.5,lr,assignment_proportion_drift,BalAcc,0.02654478395810266,0.23966844894465134,0.030999464498554063,0.2338517749434621,20
meps,variance_group_mag2.5,lr,ks_statistic,DI_star,0.5377443609022555,0.13083691951497833,0.5565192276005038,0.12003328083669057,20
meps,variance_group_mag2.5,lr,ks_statistic,AOD_star,0.34812030075187966,0.18391014330556457,0.3745812314219175,0.16947625702083796,20
meps,variance_group_mag2.5,lr,ks_statistic,BalAcc,-0.03503759398496241,0.2271876892388097,0.007159882290430001,0.24144121267784724,20
meps,variance_group_mag2.5,lr,kl_divergence,DI_star,0.5321804511278194,0.11127910993324737,0.5650664317610321,0.11729843342089705,20
meps,variance_group_mag2.5,lr,kl_divergence,AOD_star,0.3538345864661654,0.16665365619031877,0.38504059883074676,0.16284502751045146,20
meps,variance_group_mag2.5,lr,kl_divergence,BalAcc,-0.031879699248120286,0.2566629651197948,-0.017543161516194495,0.2625318470924026,20
meps,variance_group_mag2.5,lr,per_subgroup_ewma[min_neg],DI_star,nan,nan,nan,nan,0
meps,variance_group_mag2.5,lr,per_subgroup_ewma[min_neg],AOD_star,nan,nan,nan,nan,0
meps,variance_group_mag2.5,lr,per_subgroup_ewma[min_neg],BalAcc,nan,nan,nan,nan,0
meps,variance_group_mag2.5,lr,per_subgroup_baseline_relative[min_neg],DI_star,nan,nan,nan,nan,0
meps,variance_group_mag2.5,lr,per_subgroup_baseline_relative[min_neg],AOD_star,nan,nan,nan,nan,0
meps,variance_group_mag2.5,lr,per_subgroup_baseline_relative[min_neg],BalAcc,nan,nan,nan,nan,0
meps,variance_group_mag2.5,lr,per_subgroup_ewma[min_pos],DI_star,0.6001503759398495,0.12312373868815393,0.6089671365553013,0.11881446305096675,20
meps,variance_group_mag2.5,lr,per_subgroup_ewma[min_pos],AOD_star,0.4141353383458646,0.17901395109310062,0.42382763982824817,0.1701825787159319,20
meps,variance_group_mag2.5,lr,per_subgroup_ewma[min_pos],BalAcc,-0.0067669172932330905,0.2441419493328601,0.019272103765069284,0.24365808737595634,20
meps,variance_group_mag2.5,lr,per_subgroup_baseline_relative[min_pos],DI_star,0.45819548872180443,0.13643175688335765,0.47957065477075467,0.1330789089777314,20
meps,variance_group_mag2.5,lr,per_subgroup_baseline_relative[min_pos],AOD_star,0.3136090225563909,0.18517652195069711,0.3328808590505196,0.19599486329315013,20
meps,variance_group_mag2.5,lr,per_subgroup_baseline_relative[min_pos],BalAcc,0.04466165413533835,0.23946210474713336,0.06419602567832255,0.23742936145878593,20
meps,variance_group_mag2.5,lr,per_subgroup_ewma[maj_neg],DI_star,0.349393662553901,0.25391669568872705,0.3533459619616742,0.24859855871192563,20
meps,variance_group_mag2.5,lr,per_subgroup_ewma[maj_neg],AOD_star,0.175120638196211,0.276573116091736,0.19146675475896882,0.2611407456472855,20
meps,variance_group_mag2.5,lr,per_subgroup_ewma[maj_neg],BalAcc,-0.03616637917083253,0.26481742948520076,-0.02303864079093961,0.26446837999182204,20
meps,variance_group_mag2.5,lr,per_subgroup_baseline_relative[maj_neg],DI_star,0.19558405990702626,0.16605802295799352,0.17707113178319994,0.17365858914714669,20
meps,variance_group_mag2.5,lr,per_subgroup_baseline_relative[maj_neg],AOD_star,0.040350572471726444,0.23299719459831814,0.068760991946607,0.2644521762856119,20
meps,variance_group_mag2.5,lr,per_subgroup_baseline_relative[maj_neg],BalAcc,-0.002826129684369278,0.27379486364037775,0.0032283600419089203,0.25963637753798746,20
meps,variance_group_mag2.5,lr,per_subgroup_ewma[maj_pos],DI_star,0.5366165413533833,0.12601313096337868,0.5613358546962589,0.12433344028637225,20
meps,variance_group_mag2.5,lr,per_subgroup_ewma[maj_pos],AOD_star,0.3796992481203007,0.1736210541684461,0.39184309674375617,0.1840394622006205,20
meps,variance_group_mag2.5,lr,per_subgroup_ewma[maj_pos],BalAcc,-0.013383458646616544,0.21836010434314443,-0.008600192103276387,0.22165918010799948,20
meps,variance_group_mag2.5,lr,per_subgroup_baseline_relative[maj_pos],DI_star,0.5742105263157894,0.13882173387937183,0.5436248558721812,0.13827922860685338,20
meps,variance_group_mag2.5,lr,per_subgroup_baseline_relative[maj_pos],AOD_star,0.3957142857142857,0.17650207386673478,0.3589818893255456,0.16942431043073483,20
meps,variance_group_mag2.5,lr,per_subgroup_baseline_relative[maj_pos],BalAcc,-0.0027067669172932533,0.2567136196734866,-0.0028884876197936686,0.27939760061466706,20
meps,variance_group_mag2.5,xgb,global_mean,DI_star,0.232406015037594,0.2793596754273022,0.1864344686437081,0.2699935541846523,20
meps,variance_group_mag2.5,xgb,global_mean,AOD_star,0.1206766917293233,0.26120342955801085,0.10642355324742389,0.24771073094333734,20
meps,variance_group_mag2.5,xgb,global_mean,BalAcc,-0.05300751879699248,0.251493981400673,-0.05494481047171211,0.22771892483177192,20
meps,variance_group_mag2.5,xgb,global_ewma,DI_star,0.22654135338345865,0.2743713076282904,0.218422491740247,0.28866237043473736,20
meps,variance_group_mag2.5,xgb,global_ewma,AOD_star,0.13105263157894737,0.2525712759213601,0.13640502943746835,0.24313999012366747,20
meps,variance_group_mag2.5,xgb,global_ewma,BalAcc,-0.08849624060150375,0.24795586941567047,-0.08833572585140609,0.22373087210147527,20
meps,variance_group_mag2.5,xgb,global_std,DI_star,0.31285714285714283,0.255280365283133,0.3464383963014154,0.2692373757296575,20
meps,variance_group_mag2.5,xgb,global_std,AOD_star,0.18203007518796993,0.26841725108405073,0.18806642241944876,0.2656297370252299,20
meps,variance_group_mag2.5,xgb,global_std,BalAcc,-0.06691729323308271,0.22270696999071832,-0.053083338758015755,0.2344185101441876,20
meps,variance_group_mag2.5,xgb,subgroup_violation_diff,DI_star,-0.03360902255639098,0.22792809890674295,-0.053866177998334944,0.21992684956345293,20
meps,variance_group_mag2.5,xgb,subgroup_violation_diff,AOD_star,-0.0060902255639097725,0.2292088830760149,-0.033847996162985124,0.23688093930484103,20
meps,variance_group_mag2.5,xgb,subgroup_violation_diff,BalAcc,0.05496240601503757,0.23722655275903734,0.06260940333119334,0.24129544138080566,20
meps,variance_group_mag2.5,xgb,max_subgroup_deviation,DI_star,0.22428571428571425,0.2804212022172149,0.20732809321825404,0.2904468243305401,20
meps,variance_group_mag2.5,xgb,max_subgroup_deviation,AOD_star,0.10360902255639097,0.27316562452198717,0.09740439632911327,0.27148470631991545,20
meps,variance_group_mag2.5,xgb,max_subgroup_deviation,BalAcc,-0.044210526315789464,0.21592717829913533,-0.05356687316240066,0.19705798751039524,20
meps,variance_group_mag2.5,xgb,assignment_proportion_drift,DI_star,-0.04419577900535636,0.21677566491117198,0.05239162231703558,0.225070638537335,20
meps,variance_group_mag2.5,xgb,assignment_proportion_drift,AOD_star,-0.07076976825048303,0.23829297684986478,0.018587222468035326,0.2436115819587672,20
meps,variance_group_mag2.5,xgb,assignment_proportion_drift,BalAcc,0.00346204596340427,0.29377379936326004,-0.01386324183416952,0.2810102062393463,20
meps,variance_group_mag2.5,xgb,ks_statistic,DI_star,0.1551127819548872,0.27945185720279686,0.1238404661466471,0.26895799142493876,20
meps,variance_group_mag2.5,xgb,ks_statistic,AOD_star,0.08345864661654134,0.27502254775766016,0.06796339626147296,0.25709380896418604,20
meps,variance_group_mag2.5,xgb,ks_statistic,BalAcc,-0.09345864661654132,0.2415082888928134,-0.0634522441644034,0.2579339136387085,20
meps,variance_group_mag2.5,xgb,kl_divergence,DI_star,0.10609022556390976,0.29694297674404857,0.1179922385846522,0.28477422497313465,20
meps,variance_group_mag2.5,xgb,kl_divergence,AOD_star,0.050075187969924814,0.24843274927405629,0.07580361418099105,0.2429333569107527,20
meps,variance_group_mag2.5,xgb,kl_divergence,BalAcc,-0.10360902255639097,0.2824294352392042,-0.0892447185653971,0.2502815616055854,20
meps,variance_group_mag2.5,xgb,per_subgroup_ewma[min_neg],DI_star,nan,nan,nan,nan,0
meps,variance_group_mag2.5,xgb,per_subgroup_ewma[min_neg],AOD_star,nan,nan,nan,nan,0
meps,variance_group_mag2.5,xgb,per_subgroup_ewma[min_neg],BalAcc,nan,nan,nan,nan,0
meps,variance_group_mag2.5,xgb,per_subgroup_baseline_relative[min_neg],DI_star,nan,nan,nan,nan,0
meps,variance_group_mag2.5,xgb,per_subgroup_baseline_relative[min_neg],AOD_star,nan,nan,nan,nan,0
meps,variance_group_mag2.5,xgb,per_subgroup_baseline_relative[min_neg],BalAcc,nan,nan,nan,nan,0
meps,variance_group_mag2.5,xgb,per_subgroup_ewma[min_pos],DI_star,0.21360902255639097,0.27955266390954,0.19622011441196846,0.2830598507921487,20
meps,variance_group_mag2.5,xgb,per_subgroup_ewma[min_pos],AOD_star,0.12413533834586463,0.24866719177496974,0.1261628505988545,0.2525018077982647,20
meps,variance_group_mag2.5,xgb,per_subgroup_ewma[min_pos],BalAcc,-0.06962406015037594,0.24244178731927862,-0.06743841938879035,0.21628662738787266,20
meps,variance_group_mag2.5,xgb,per_subgroup_baseline_relative[min_pos],DI_star,0.1269924812030075,0.2837161930043398,0.1254033267973897,0.2813156146218829,20
meps,variance_group_mag2.5,xgb,per_subgroup_baseline_relative[min_pos],AOD_star,0.07481203007518797,0.2541775446555702,0.0719509355101596,0.2748484229343563,20
meps,variance_group_mag2.5,xgb,per_subgroup_baseline_relative[min_pos],BalAcc,0.028872180451127816,0.21109568549236088,0.01461911161240686,0.21112719821936488,20
meps,variance_group_mag2.5,xgb,per_subgroup_ewma[maj_neg],DI_star,0.1426573167229014,0.2374995091169075,0.1875933125206996,0.24421649657805083,20
meps,variance_group_mag2.5,xgb,per_subgroup_ewma[maj_neg],AOD_star,0.0017038329531807097,0.24142046872269593,0.0325375470433437,0.2586031736894003,20
meps,variance_group_mag2.5,xgb,per_subgroup_ewma[maj_neg],BalAcc,-0.09628530184961419,0.23631990624273355,-0.0924985904245626,0.229050136066242,20
meps,variance_group_mag2.5,xgb,per_subgroup_baseline_relative[maj_neg],DI_star,0.06969500492032332,0.22463586221717516,0.07671775583424194,0.22620939127749673,20
meps,variance_group_mag2.5,xgb,per_subgroup_baseline_relative[maj_neg],AOD_star,-0.03813555287315282,0.2700079631700278,-0.030324415134009693,0.2945356610145209,20
meps,variance_group_mag2.5,xgb,per_subgroup_baseline_relative[maj_neg],BalAcc,-0.06534010930038311,0.22282082248651228,-0.056788445891698305,0.20933468878772094,20
meps,variance_group_mag2.5,xgb,per_subgroup_ewma[maj_pos],DI_star,0.2106015037593985,0.2581593920318865,0.2502361239957396,0.2912405671614191,20
meps,variance_group_mag2.5,xgb,per_subgroup_ewma[maj_pos],AOD_star,0.12796992481203007,0.22115485335308802,0.15966006708353297,0.2392794579794569,20
meps,variance_group_mag2.5,xgb,per_subgroup_ewma[maj_pos],BalAcc,-0.09406015037593984,0.21656248591535834,-0.10416910495261147,0.21834174038636178,20
meps,variance_group_mag2.5,xgb,per_subgroup_baseline_relative[maj_pos],DI_star,0.22729323308270674,0.2546488005973236,0.20821272653169576,0.24079530743135732,20
meps,variance_group_mag2.5,xgb,per_subgroup_baseline_relative[maj_pos],AOD_star,0.11804511278195488,0.22319837299829212,0.12000935225731937,0.20438033008283263,20
meps,variance_group_mag2.5,xgb,per_subgroup_baseline_relative[maj_pos],BalAcc,-0.060751879699248126,0.23999142578009325,-0.07305611758775873,0.2305324566943201,20
meps,variance_global_mag1.5,lr,global_mean,DI_star,0.41030075187969917,0.18997920092292117,0.4139489588162381,0.18561388745426405,20
meps,variance_global_mag1.5,lr,global_mean,AOD_star,0.26120300751879694,0.20618844576104886,0.2653242125673725,0.18708189942905362,20
meps,variance_global_mag1.5,lr,global_mean,BalAcc,0.06113138309393351,0.24396127071151527,0.054981851941105456,0.23362480853391335,20
meps,variance_global_mag1.5,lr,global_ewma,DI_star,0.39300751879699247,0.17151644957714632,0.40591437643520434,0.17567819465896456,20
meps,variance_global_mag1.5,lr,global_ewma,AOD_star,0.2597744360902255,0.20138245422895196,0.2698386517028247,0.19826104196993852,20
meps,variance_global_mag1.5,lr,global_ewma,BalAcc,0.05744889777594107,0.22590214770567169,0.03840378560045241,0.21922170946591668,20
meps,variance_global_mag1.5,lr,global_std,DI_star,-0.24902255639097742,0.18297755236213542,-0.29983507460788594,0.17754580135631323,20
meps,variance_global_mag1.5,lr,global_std,AOD_star,-0.17398496240601502,0.17370347840916178,-0.20707341692209047,0.1675503790141991,20
meps,variance_global_mag1.5,lr,global_std,BalAcc,0.01447972243965803,0.21140295867548023,0.005045007982018478,0.22695614119349372,20
meps,variance_global_mag1.5,lr,subgroup_violation_diff,DI_star,0.019323308270676687,0.1573274988194599,0.17125542885938255,0.17211591020099828,20
meps,variance_global_mag1.5,lr,subgroup_violation_diff,AOD_star,0.01714285714285714,0.19299180395939103,0.10948391874572576,0.21462965370970624,20
meps,variance_global_mag1.5,lr,subgroup_violation_diff,BalAcc,0.010974898219693026,0.1863765616314981,0.04065478495675417,0.20027689945600713,20
meps,variance_global_mag1.5,lr,max_subgroup_deviation,DI_star,0.15654135338345865,0.21930148798175908,0.2930507039296052,0.17653111685879072,20
meps,variance_global_mag1.5,lr,max_subgroup_deviation,AOD_star,0.10330827067669172,0.23848604781526309,0.18511874675806125,0.22653655335749548,20
meps,variance_global_mag1.5,lr,max_subgroup_deviation,BalAcc,0.046010964971057715,0.21795381221690988,0.048309929467272646,0.22108899110000133,20
meps,variance_global_mag1.5,lr,assignment_proportion_drift,DI_star,0.11665621064899481,0.22642267234485175,0.31245493314433126,0.1705588996509095,20
meps,variance_global_mag1.5,lr,assignment_proportion_drift,AOD_star,0.0818698475562797,0.2272179514774538,0.19766190861778526,0.2089200752977286,20
meps,variance_global_mag1.5,lr,assignment_proportion_drift,BalAcc,-0.020644139121943895,0.2766336210722334,0.04442253219369591,0.23077158466280606,20
meps,variance_global_mag1.5,lr,ks_statistic,DI_star,0.3085714285714286,0.2231624546075688,0.34461812678566045,0.15758394295645667,20
meps,variance_global_mag1.5,lr,ks_statistic,AOD_star,0.20270676691729322,0.20415415524124642,0.21314050568719786,0.19861723804649542,20
meps,variance_global_mag1.5,lr,ks_statistic,BalAcc,-0.01590260916539351,0.22622100174316337,0.03532640407236508,0.2285014687738455,20
meps,variance_global_mag1.5,lr,kl_divergence,DI_star,0.34796992481203004,0.18064050213438565,0.37830986042006837,0.1618160405509569,20
meps,variance_global_mag1.5,lr,kl_divergence,AOD_star,0.20413533834586467,0.21949678803352782,0.23556963285105356,0.21949644216074674,20
meps,variance_global_mag1.5,lr,kl_divergence,BalAcc,0.04917873016207765,0.20063164358172553,0.056243417466721825,0.21485123613666604,20
meps,variance_global_mag1.5,lr,per_subgroup_ewma[min_neg],DI_star,nan,nan,nan,nan,0
meps,variance_global_mag1.5,lr,per_subgroup_ewma[min_neg],AOD_star,nan,nan,nan,nan,0
meps,variance_global_mag1.5,lr,per_subgroup_ewma[min_neg],BalAcc,nan,nan,nan,nan,0
meps,variance_global_mag1.5,lr,per_subgroup_baseline_relative[min_neg],DI_star,nan,nan,nan,nan,0
meps,variance_global_mag1.5,lr,per_subgroup_baseline_relative[min_neg],AOD_star,nan,nan,nan,nan,0
meps,variance_global_mag1.5,lr,per_subgroup_baseline_relative[min_neg],BalAcc,nan,nan,nan,nan,0
meps,variance_global_mag1.5,lr,per_subgroup_ewma[min_pos],DI_star,0.3932330827067668,0.1848758890510669,0.38614550106701245,0.16854405820387733,20
meps,variance_global_mag1.5,lr,per_subgroup_ewma[min_pos],AOD_star,0.26691729323308266,0.1931605141520544,0.24152274360629197,0.20124584991202416,20
meps,variance_global_mag1.5,lr,per_subgroup_ewma[min_pos],BalAcc,0.03567823310397285,0.23829085589014196,0.04808893057405492,0.23729943792500313,20
meps,variance_global_mag1.5,lr,per_subgroup_baseline_relative[min_pos],DI_star,0.14150375939849624,0.2019940729762962,0.2961989797320368,0.18320551714870706,20
meps,variance_global_mag1.5,lr,per_subgroup_baseline_relative[min_pos],AOD_star,0.0825563909774436,0.2086722330681249,0.18684082607714195,0.22333028452901754,20
meps,variance_global_mag1.5,lr,per_subgroup_baseline_relative[min_pos],BalAcc,0.03146346447263416,0.20955910225706006,0.0526383261826905,0.21582697159986491,20
meps,variance_global_mag1.5,lr,per_subgroup_ewma[maj_neg],DI_star,0.25345862443548245,0.2613575717686899,0.275098008860924,0.2744980124099022,19
meps,variance_global_mag1.5,lr,per_subgroup_ewma[maj_neg],AOD_star,0.14894314417162646,0.26894719068799006,0.17107522109374776,0.2916167836830295,19
meps,variance_global_mag1.5,lr,per_subgroup_ewma[maj_neg],BalAcc,0.03975816888914963,0.3037616187861228,0.04955903149334026,0.27498415451475017,19
meps,variance_global_mag1.5,lr,per_subgroup_baseline_relative[maj_neg],DI_star,0.07418939579368494,0.25547144601087474,0.15596682928974265,0.27832626385573617,19
meps,variance_global_mag1.5,lr,per_subgroup_baseline_relative[maj_neg],AOD_star,0.03885451292465985,0.26440445807680724,0.12104089438361391,0.2713516378192214,19
meps,variance_global_mag1.5,lr,per_subgroup_baseline_relative[maj_neg],BalAcc,0.04477499498680003,0.24950736401892135,0.10195015106839278,0.2067441123584637,19
meps,variance_global_mag1.5,lr,per_subgroup_ewma[maj_pos],DI_star,0.19421052631578947,0.1551478025478387,0.25003047625133223,0.16808478775251376,20
meps,variance_global_mag1.5,lr,per_subgroup_ewma[maj_pos],AOD_star,0.1626315789473684,0.20369600600877455,0.18319153189113474,0.21122115822443238,20
meps,variance_global_mag1.5,lr,per_subgroup_ewma[maj_pos],BalAcc,-0.01068022699228099,0.20173491738644816,0.010631200302758475,0.19129622568355273,20
meps,variance_global_mag1.5,lr,per_subgroup_baseline_relative[maj_pos],DI_star,0.2856390977443609,0.20028893990776253,0.27975076264670007,0.19931861648330454,20
meps,variance_global_mag1.5,lr,per_subgroup_baseline_relative[maj_pos],AOD_star,0.1819548872180451,0.2038234785346004,0.17587182623415804,0.19452309617519897,20
meps,variance_global_mag1.5,lr,per_subgroup_baseline_relative[maj_pos],BalAcc,0.022219360230602225,0.22578306515134905,0.017871655587484252,0.2257271576888491,20
meps,variance_global_mag1.5,xgb,global_mean,DI_star,0.03905518686674726,0.22293755265340262,-0.014009812280646966,0.21886620247410302,20
meps,variance_global_mag1.5,xgb,global_mean,AOD_star,0.027368421052631587,0.23549208267318136,0.026116504105697068,0.21416558211757586,20
meps,variance_global_mag1.5,xgb,global_mean,BalAcc,0.04962406015037594,0.20413277667704094,0.013238832418814067,0.19031852931846957,20
meps,variance_global_mag1.5,xgb,global_ewma,DI_star,0.009880812148633473,0.22607695029445196,-0.025301069811263965,0.22098203766320176,20
meps,variance_global_mag1.5,xgb,global_ewma,AOD_star,0.02729323308270677,0.2192310373203908,0.030894794958346926,0.22638953843421375,20
meps,variance_global_mag1.5,xgb,global_ewma,BalAcc,0.03774436090225564,0.20630729503107811,-0.0020362918148775387,0.19903233030432527,20
meps,variance_global_mag1.5,xgb,global_std,DI_star,0.09451880123506265,0.2116429069089196,0.08859724978034396,0.2123659266645285,20
meps,variance_global_mag1.5,xgb,global_std,AOD_star,0.028721804511278183,0.21575876756197693,0.004880283618352302,0.20831100601570848,20
meps,variance_global_mag1.5,xgb,global_std,BalAcc,0.0637593984962406,0.21233881430801407,0.06405538088571054,0.20171758977725393,20
meps,variance_global_mag1.5,xgb,subgroup_violation_diff,DI_star,0.03676239215664724,0.22181831368688676,0.03575750606846937,0.23598263467129296,20
meps,variance_global_mag1.5,xgb,subgroup_violation_diff,AOD_star,0.012932330827067667,0.1957374935330047,0.025572513662752018,0.2323708155207922,20
meps,variance_global_mag1.5,xgb,subgroup_violation_diff,BalAcc,0.008345864661654129,0.2016515421497042,0.020075691273926177,0.23916159420469235,20
meps,variance_global_mag1.5,xgb,max_subgroup_deviation,DI_star,0.01123371481151784,0.22497309104223032,0.03058318580970553,0.2072976950068115,20
meps,variance_global_mag1.5,xgb,max_subgroup_deviation,AOD_star,-0.022857142857142847,0.23309949005789263,0.026972093594804458,0.25281605702830423,20
meps,variance_global_mag1.5,xgb,max_subgroup_deviation,BalAcc,0.03571428571428571,0.2754154427772482,0.008857107067450293,0.2755951957367456,20
meps,variance_global_mag1.5,xgb,assignment_proportion_drift,DI_star,-0.013373623094954878,0.23769688698389718,0.03273358961119806,0.23127807015032067,20
meps,variance_global_mag1.5,xgb,assignment_proportion_drift,AOD_star,-0.029412465364270956,0.22295714185764423,0.037769799155077145,0.23825495455501647,20
meps,variance_global_mag1.5,xgb,assignment_proportion_drift,BalAcc,-0.05499806665347522,0.31872199547721236,0.005893060095028815,0.27177319085839,20
meps,variance_global_mag1.5,xgb,ks_statistic,DI_star,-0.0203836042997163,0.25837707745327393,0.03823894460115533,0.20797002047609348,20
meps,variance_global_mag1.5,xgb,ks_statistic,AOD_star,0.018947368421052636,0.2165138871469718,0.05020855081443019,0.22558911270809012,20
meps,variance_global_mag1.5,xgb,ks_statistic,BalAcc,-0.017218045112781955,0.24960208028967654,-0.001441102177204251,0.259773602678647,20
meps,variance_global_mag1.5,xgb,kl_divergence,DI_star,-0.0014005509356984163,0.2078577155104563,-0.028475257059789517,0.19696437690027974,20
meps,variance_global_mag1.5,xgb,kl_divergence,AOD_star,-0.0004511278195488688,0.18973552739130742,0.014163581620114867,0.1984585249510896,20
meps,variance_global_mag1.5,xgb,kl_divergence,BalAcc,0.013458646616541359,0.20808600428003027,0.009154878192153656,0.21213161493961627,20
meps,variance_global_mag1.5,xgb,per_subgroup_ewma[min_neg],DI_star,nan,nan,nan,nan,0
meps,variance_global_mag1.5,xgb,per_subgroup_ewma[min_neg],AOD_star,nan,nan,nan,nan,0
meps,variance_global_mag1.5,xgb,per_subgroup_ewma[min_neg],BalAcc,nan,nan,nan,nan,0
meps,variance_global_mag1.5,xgb,per_subgroup_baseline_relative[min_neg],DI_star,nan,nan,nan,nan,0
meps,variance_global_mag1.5,xgb,per_subgroup_baseline_relative[min_neg],AOD_star,nan,nan,nan,nan,0
meps,variance_global_mag1.5,xgb,per_subgroup_baseline_relative[min_neg],BalAcc,nan,nan,nan,nan,0
meps,variance_global_mag1.5,xgb,per_subgroup_ewma[min_pos],DI_star,0.00833783254421429,0.24679180102321865,-0.014471895935191515,0.22690105712228456,20
meps,variance_global_mag1.5,xgb,per_subgroup_ewma[min_pos],AOD_star,0.02578947368421053,0.24129096468763436,0.025917800315531935,0.24234003993615716,20
meps,variance_global_mag1.5,xgb,per_subgroup_ewma[min_pos],BalAcc,0.027819548872180445,0.22599082406978424,-0.0014494221449044276,0.224728042429966,20
meps,variance_global_mag1.5,xgb,per_subgroup_baseline_relative[min_pos],DI_star,0.01033069555562124,0.25887719060185976,0.02017930014551509,0.23446199367471499,20
meps,variance_global_mag1.5,xgb,per_subgroup_baseline_relative[min_pos],AOD_star,-0.006390977443609022,0.260826135674799,0.024539072074206227,0.25606792867938577,20
meps,variance_global_mag1.5,xgb,per_subgroup_baseline_relative[min_pos],BalAcc,0.041503759398496244,0.23437401214294235,0.019138646422314567,0.2565566151475557,20
meps,variance_global_mag1.5,xgb,per_subgroup_ewma[maj_neg],DI_star,-0.022246823144009914,0.26640433397760066,-0.04744789288795732,0.23828645183578492,19
meps,variance_global_mag1.5,xgb,per_subgroup_ewma[maj_neg],AOD_star,-0.06134935402387706,0.2440435043491551,-0.026705152548966403,0.24439696695800395,19
meps,variance_global_mag1.5,xgb,per_subgroup_ewma[maj_neg],BalAcc,0.024826209588844354,0.2713735472127507,0.011054161025173289,0.26650897962936326,19
meps,variance_global_mag1.5,xgb,per_subgroup_baseline_relative[maj_neg],DI_star,-0.009505545717495687,0.24586610700793254,-0.020505027163070722,0.23574716125418457,19
meps,variance_global_mag1.5,xgb,per_subgroup_baseline_relative[maj_neg],AOD_star,-0.053167756048844696,0.24686851707264967,-0.01594427545746759,0.2563471590394683,19
meps,variance_global_mag1.5,xgb,per_subgroup_baseline_relative[maj_neg],BalAcc,0.03462317894810953,0.25634399082681897,0.06079659585866094,0.22501990017568507,19
meps,variance_global_mag1.5,xgb,per_subgroup_ewma[maj_pos],DI_star,-0.030751002954034608,0.22144616140005854,-0.033387057638481495,0.2124644612735993,20
meps,variance_global_mag1.5,xgb,per_subgroup_ewma[maj_pos],AOD_star,0.003082706766917297,0.24622032861504878,0.01025735935500696,0.2472329393272691,20
meps,variance_global_mag1.5,xgb,per_subgroup_ewma[maj_pos],BalAcc,-0.03443609022556391,0.1757957767543172,-0.0122839122616343,0.21041487600079883,20
meps,variance_global_mag1.5,xgb,per_subgroup_baseline_relative[maj_pos],DI_star,-0.03564169969789775,0.22342922936404816,-0.05512018006241278,0.2002216946128481,20
meps,variance_global_mag1.5,xgb,per_subgroup_baseline_relative[maj_pos],AOD_star,-0.02699248120300752,0.21751580816567637,-0.013718819371640184,0.1902037956450581,20
meps,variance_global_mag1.5,xgb,per_subgroup_baseline_relative[maj_pos],BalAcc,0.0015789473684210535,0.15809902645237067,-0.01041955071449286,0.1769585875532077,20
meps,variance_global_mag2.0,lr,global_mean,DI_star,0.5326315789473683,0.14779331106680016,0.5341954044481796,0.12988743264359315,20
meps,variance_global_mag2.0,lr,global_mean,AOD_star,0.3648872180451127,0.18995003672255945,0.354066933815551,0.18638033384487726,20
meps,variance_global_mag2.0,lr,global_mean,BalAcc,0.06946811263610503,0.2599320275668629,0.06785962791958264,0.2551754888352326,20
meps,variance_global_mag2.0,lr,global_ewma,DI_star,0.5262406015037594,0.1363018957871953,0.5365700067525785,0.13628815958203977,20
meps,variance_global_mag2.0,lr,global_ewma,AOD_star,0.36112781954887213,0.18935088215237028,0.36308665579449206,0.1878601200654274,20
meps,variance_global_mag2.0,lr,global_ewma,BalAcc,0.05431749629837427,0.25339109497433526,0.05081699557138096,0.24405951030734085,20
meps,variance_global_mag2.0,lr,global_std,DI_star,-0.2674436090225564,0.15609882703349312,-0.30137147081910665,0.161419092557793,20
meps,variance_global_mag2.0,lr,global_std,AOD_star,-0.15240601503759396,0.22549436271202414,-0.20975840906469695,0.20648914061556892,20
meps,variance_global_mag2.0,lr,global_std,BalAcc,0.0079764296958722,0.21633955048520692,-0.0076680919936682555,0.24530603428043457,20
meps,variance_global_mag2.0,lr,subgroup_violation_diff,DI_star,0.12390977443609022,0.14942965418589407,0.2865757774984901,0.15355382285218233,20
meps,variance_global_mag2.0,lr,subgroup_violation_diff,AOD_star,0.09090225563909773,0.2390369596920494,0.18852688121805955,0.22468526442208422,20
meps,variance_global_mag2.0,lr,subgroup_violation_diff,BalAcc,0.028336616413756854,0.20120385181321032,0.04577996572805269,0.20772574846031916,20
meps,variance_global_mag2.0,lr,max_subgroup_deviation,DI_star,0.3735421212428389,0.1783704107977125,0.45451218354476036,0.136338149958994,20
meps,variance_global_mag2.0,lr,max_subgroup_deviation,AOD_star,0.25725842488495493,0.2130967571831372,0.30275490393340104,0.20277372653611125,20
meps,variance_global_mag2.0,lr,max_subgroup_deviation,BalAcc,0.07508020804332471,0.23180313013953824,0.07019975902387109,0.22775114520500955,20
meps,variance_global_mag2.0,lr,assignment_proportion_drift,DI_star,0.20382023513661934,0.15796787222006337,0.4120724625299812,0.13419803306406924,20
meps,variance_global_mag2.0,lr,assignment_proportion_drift,AOD_star,0.13119231052428604,0.2054484901387772,0.27285276261641495,0.2058542244688692,20
meps,variance_global_mag2.0,lr,assignment_proportion_drift,BalAcc,5.1119959824888483e-05,0.22210844348777214,0.0465708175500671,0.2328491217179266,20
meps,variance_global_mag2.0,lr,ks_statistic,DI_star,0.510375939849624,0.16447677333296662,0.5015151389052017,0.12502531972198913,20
meps,variance_global_mag2.0,lr,ks_statistic,AOD_star,0.3530827067669173,0.2124363409052053,0.3262372605329008,0.20009833277190775,20
meps,variance_global_mag2.0,lr,ks_statistic,BalAcc,0.036382690787236216,0.25727239170872307,0.05093516773751877,0.24400337540091702,20
meps,variance_global_mag2.0,lr,kl_divergence,DI_star,0.4700751879699247,0.15370039495141122,0.5023146327730987,0.14907915866440372,20
meps,variance_global_mag2.0,lr,kl_divergence,AOD_star,0.3173684210526315,0.18824789972481917,0.33937163434504625,0.18719819082076103,20
meps,variance_global_mag2.0,lr,kl_divergence,BalAcc,0.03326319607531087,0.2594126552248277,0.03782315435792549,0.2537202052749364,20
meps,variance_global_mag2.0,lr,per_subgroup_ewma[min_neg],DI_star,nan,nan,nan,nan,0
meps,variance_global_mag2.0,lr,per_subgroup_ewma[min_neg],AOD_star,nan,nan,nan,nan,0
meps,variance_global_mag2.0,lr,per_subgroup_ewma[min_neg],BalAcc,nan,nan,nan,nan,0
meps,variance_global_mag2.0,lr,per_subgroup_baseline_relative[min_neg],DI_star,nan,nan,nan,nan,0
meps,variance_global_mag2.0,lr,per_subgroup_baseline_relative[min_neg],AOD_star,nan,nan,nan,nan,0
meps,variance_global_mag2.0,lr,per_subgroup_baseline_relative[min_neg],BalAcc,nan,nan,nan,nan,0
meps,variance_global_mag2.0,lr,per_subgroup_ewma[min_pos],DI_star,0.5317293233082706,0.136573643957639,0.5352163020277436,0.1291090224143348,20
meps,variance_global_mag2.0,lr,per_subgroup_ewma[min_pos],AOD_star,0.3665413533834586,0.1917307238633793,0.35357977207933716,0.18636377391800296,20
meps,variance_global_mag2.0,lr,per_subgroup_ewma[min_pos],BalAcc,0.05168399416795687,0.2521511341703306,0.057713381934588234,0.2534908727580292,20
meps,variance_global_mag2.0,lr,per_subgroup_baseline_relative[min_pos],DI_star,0.37075187969924805,0.17909103666030857,0.45400618413155547,0.13735277705633228,20
meps,variance_global_mag2.0,lr,per_subgroup_baseline_relative[min_pos],AOD_star,0.26383458646616537,0.2198820599793259,0.29968022279440837,0.21571245109326279,20
meps,variance_global_mag2.0,lr,per_subgroup_baseline_relative[min_pos],BalAcc,0.06360579839657357,0.21258985954236462,0.06532402908256478,0.22870135720712273,20
meps,variance_global_mag2.0,lr,per_subgroup_ewma[maj_neg],DI_star,0.33944935411524113,0.2660266183276547,0.38665648479549963,0.2801971299723908,20
meps,variance_global_mag2.0,lr,per_subgroup_ewma[maj_neg],AOD_star,0.2037779574983508,0.2945584909579373,0.22561225712921637,0.29593816858559974,20
meps,variance_global_mag2.0,lr,per_subgroup_ewma[maj_neg],BalAcc,0.05628956729756278,0.24011442168086966,0.05465151485618551,0.25172663485175484,20
meps,variance_global_mag2.0,lr,per_subgroup_baseline_relative[maj_neg],DI_star,0.14153144780158441,0.2552303651311308,0.19865598172656918,0.2923181238922979,20
meps,variance_global_mag2.0,lr,per_subgroup_baseline_relative[maj_neg],AOD_star,0.09235498056930533,0.244361276518422,0.15794983571865492,0.2661348289718874,20
meps,variance_global_mag2.0,lr,per_subgroup_baseline_relative[maj_neg],BalAcc,0.05427885930498377,0.2162593748375951,0.12481339615526776,0.19817442742100244,20
meps,variance_global_mag2.0,lr,per_subgroup_ewma[maj_pos],DI_star,0.42601503759398496,0.16634671835762138,0.4787459939037898,0.149200485714892,20
meps,variance_global_mag2.0,lr,per_subgroup_ewma[maj_pos],AOD_star,0.3140601503759398,0.19306143454365984,0.3347239938579437,0.19615376915540883,20
meps,variance_global_mag2.0,lr,per_subgroup_ewma[maj_pos],BalAcc,0.043947382562104446,0.2196876446417409,0.04096491367569906,0.2257022406417671,20
meps,variance_global_mag2.0,lr,per_subgroup_baseline_relative[maj_pos],DI_star,0.47894736842105257,0.15540282090747368,0.45765078539691373,0.14619708165820972,20
meps,variance_global_mag2.0,lr,per_subgroup_baseline_relative[maj_pos],AOD_star,0.32894736842105254,0.19059927925026574,0.3032845891168253,0.1778382791494957,20
meps,variance_global_mag2.0,lr,per_subgroup_baseline_relative[maj_pos],BalAcc,0.06308069873755733,0.25218258578057634,0.04732554539422993,0.26282981642642966,20
meps,variance_global_mag2.0,xgb,global_mean,DI_star,0.029699248120300736,0.20489287430972888,-0.010176316739772115,0.17906221634465883,20
meps,variance_global_mag2.0,xgb,global_mean,AOD_star,0.01210526315789474,0.2178238311963392,0.0080129660522574,0.20174836404421478,20
meps,variance_global_mag2.0,xgb,global_mean,BalAcc,0.028344931352233305,0.22313322862283388,0.006148883066857616,0.19701293022382518,20
meps,variance_global_mag2.0,xgb,global_ewma,DI_star,0.014210526315789479,0.2012918170544766,-0.01740909819912504,0.1751552917913006,20
meps,variance_global_mag2.0,xgb,global_ewma,AOD_star,0.00924812030075188,0.21380966776331137,-0.0010597551403213785,0.19556047295205145,20
meps,variance_global_mag2.0,xgb,global_ewma,BalAcc,0.010638489679132177,0.2251742498360871,-0.008729629176528877,0.1946133568813385,20
meps,variance_global_mag2.0,xgb,global_std,DI_star,0.09962406015037592,0.20408119028727,0.0974992788036988,0.19299840004580482,20
meps,variance_global_mag2.0,xgb,global_std,AOD_star,0.041203007518796984,0.2249743674195276,0.0026589279194303454,0.2269001320609612,20
meps,variance_global_mag2.0,xgb,global_std,BalAcc,0.030187333577479637,0.23883109409451853,0.06155579828654954,0.23474541833398901,20
meps,variance_global_mag2.0,xgb,subgroup_violation_diff,DI_star,0.04060150375939849,0.16689764837320528,0.05323233126277209,0.18775106726057655,20
meps,variance_global_mag2.0,xgb,subgroup_violation_diff,AOD_star,0.061353383458646604,0.21170272816565672,0.03630503431753287,0.22250329220903786,20
meps,variance_global_mag2.0,xgb,subgroup_violation_diff,BalAcc,0.03402341899513912,0.236877337949635,0.009357021848347618,0.2587496027468019,20
meps,variance_global_mag2.0,xgb,max_subgroup_deviation,DI_star,-0.0052665517471762084,0.16397029962918666,0.023676891741184203,0.18584808583643045,20
meps,variance_global_mag2.0,xgb,max_subgroup_deviation,AOD_star,-0.004023305866724466,0.2646549496269089,0.024807648377813768,0.23157571977639374,20
meps,variance_global_mag2.0,xgb,max_subgroup_deviation,BalAcc,0.01034274373178101,0.2326359638951904,0.012457482473757591,0.24640398372348993,20
meps,variance_global_mag2.0,xgb,assignment_proportion_drift,DI_star,0.0022484308393416336,0.19574354131611846,0.037933218671924535,0.20366645893271665,20
meps,variance_global_mag2.0,xgb,assignment_proportion_drift,AOD_star,-0.0035419430601273615,0.22328084960599143,0.03280221710371253,0.2285964898190565,20
meps,variance_global_mag2.0,xgb,assignment_proportion_drift,BalAcc,-0.02863705986515331,0.280554878840391,-0.002009792440760649,0.26831875750571593,20
meps,variance_global_mag2.0,xgb,ks_statistic,DI_star,0.027218045112781954,0.21468707959454794,0.03300704940158301,0.18756112835854688,20
meps,variance_global_mag2.0,xgb,ks_statistic,AOD_star,0.03593984962406014,0.2276832267888467,0.031194814857772386,0.22521264842255323,20
meps,variance_global_mag2.0,xgb,ks_statistic,BalAcc,-0.011202922672486007,0.2256278038793611,-0.009301617004842066,0.24955925872185541,20
meps,variance_global_mag2.0,xgb,kl_divergence,DI_star,-0.016616541353383456,0.22776245593449873,-0.026269592374315125,0.20464146225444899,20
meps,variance_global_mag2.0,xgb,kl_divergence,AOD_star,-0.018796992481203006,0.25547783502717936,0.0008725003354380402,0.23595124787716631,20
meps,variance_global_mag2.0,xgb,kl_divergence,BalAcc,-0.005828467633304163,0.2682429511408846,-0.01517774605340801,0.2267038053992469,20
meps,variance_global_mag2.0,xgb,per_subgroup_ewma[min_neg],DI_star,nan,nan,nan,nan,0
meps,variance_global_mag2.0,xgb,per_subgroup_ewma[min_neg],AOD_star,nan,nan,nan,nan,0
meps,variance_global_mag2.0,xgb,per_subgroup_ewma[min_neg],BalAcc,nan,nan,nan,nan,0
meps,variance_global_mag2.0,xgb,per_subgroup_baseline_relative[min_neg],DI_star,nan,nan,nan,nan,0
meps,variance_global_mag2.0,xgb,per_subgroup_baseline_relative[min_neg],AOD_star,nan,nan,nan,nan,0
meps,variance_global_mag2.0,xgb,per_subgroup_baseline_relative[min_neg],BalAcc,nan,nan,nan,nan,0
meps,variance_global_mag2.0,xgb,per_subgroup_ewma[min_pos],DI_star,0.012330827067669182,0.20826313061436036,-0.009803936949316722,0.19437091096322182,20
meps,variance_global_mag2.0,xgb,per_subgroup_ewma[min_pos],AOD_star,0.006541353383458648,0.22503761910623393,0.009457240256694087,0.21782830455411967,20
meps,variance_global_mag2.0,xgb,per_subgroup_ewma[min_pos],BalAcc,0.010939382969349747,0.22991542751838065,-0.004099700476135027,0.21471190477228427,20
meps,variance_global_mag2.0,xgb,per_subgroup_baseline_relative[min_pos],DI_star,0.01075187969924812,0.1798751930676486,0.028827894687156807,0.1974700166433506,20
meps,variance_global_mag2.0,xgb,per_subgroup_baseline_relative[min_pos],AOD_star,0.012330827067669168,0.25199597809797813,0.024340611235522964,0.2392703998096036,20
meps,variance_global_mag2.0,xgb,per_subgroup_baseline_relative[min_pos],BalAcc,0.024512579172257142,0.23356709988790578,0.010152799220143716,0.2547787574080014,20
meps,variance_global_mag2.0,xgb,per_subgroup_ewma[maj_neg],DI_star,-0.03396020073112971,0.20424365625084692,-0.052741069474722124,0.17288949504854215,20
meps,variance_global_mag2.0,xgb,per_subgroup_ewma[maj_neg],AOD_star,-0.029507619240515575,0.20580025701609217,-0.028331065173205706,0.186457270242581,20
meps,variance_global_mag2.0,xgb,per_subgroup_ewma[maj_neg],BalAcc,0.01813789892452588,0.22513672106326646,-0.013131080605923195,0.20916292541555204,20
meps,variance_global_mag2.0,xgb,per_subgroup_baseline_relative[maj_neg],DI_star,-0.11461751058900016,0.2251699395734454,-0.08855456849729393,0.23288141175314717,20
meps,variance_global_mag2.0,xgb,per_subgroup_baseline_relative[maj_neg],AOD_star,-0.06186666138986385,0.25328744328178227,-0.03441600841856495,0.25073344031060085,20
meps,variance_global_mag2.0,xgb,per_subgroup_baseline_relative[maj_neg],BalAcc,0.02614545016400154,0.22419279289620767,0.05606698549784929,0.19620034807863415,20
meps,variance_global_mag2.0,xgb,per_subgroup_ewma[maj_pos],DI_star,-0.026015037593984956,0.19860677032021723,-0.021139789507501193,0.16480231351092986,20
meps,variance_global_mag2.0,xgb,per_subgroup_ewma[maj_pos],AOD_star,-0.01804511278195489,0.17728232762189564,-0.011027561390811333,0.18671563056216708,20
meps,variance_global_mag2.0,xgb,per_subgroup_ewma[maj_pos],BalAcc,-0.003947835075763041,0.1860085975043789,-0.014938126452786688,0.18967386282662374,20
meps,variance_global_mag2.0,xgb,per_subgroup_baseline_relative[maj_pos],DI_star,-0.006015037593984966,0.1964332301494526,-0.04402080202500221,0.1524983670486938,20
meps,variance_global_mag2.0,xgb,per_subgroup_baseline_relative[maj_pos],AOD_star,-0.010827067669172935,0.176204158515004,-0.016463387613183927,0.16164705643995622,20
meps,variance_global_mag2.0,xgb,per_subgroup_baseline_relative[maj_pos],BalAcc,0.023194710963953823,0.19395597080361873,-0.003916780558608858,0.19186516999009676,20
meps,variance_global_mag2.5,lr,global_mean,DI_star,0.6294127504208469,0.11295895057243291,0.6211360268836008,0.10277077083729069,20
meps,variance_global_mag2.5,lr,global_mean,AOD_star,0.4122556390977444,0.18454398237042777,0.41766074007047316,0.18035309792458032,20
meps,variance_global_mag2.5,lr,global_mean,BalAcc,0.011353383458646612,0.2583564008285042,0.026812904172834207,0.26523594151638913,20
meps,variance_global_mag2.5,lr,global_ewma,DI_star,0.6259911180061428,0.10060657307349767,0.6183126574461592,0.10191891817647007,20
meps,variance_global_mag2.5,lr,global_ewma,AOD_star,0.4078947368421052,0.19130034569342255,0.41979465195230414,0.18646122188251843,20
meps,variance_global_mag2.5,lr,global_ewma,BalAcc,0.0034586466165413597,0.25229305102266325,0.010577093039360722,0.24825150727603712,20
meps,variance_global_mag2.5,lr,global_std,DI_star,-0.1550771252940256,0.1921175941209049,-0.1095831876744909,0.17711733446600092,20
meps,variance_global_mag2.5,lr,global_std,AOD_star,-0.07992481203007519,0.20350330714788273,-0.07171711123815007,0.19715433073745534,20
meps,variance_global_mag2.5,lr,global_std,BalAcc,-0.015864661654135342,0.23156599661082453,0.005905125728909613,0.22967371676436266,20
meps,variance_global_mag2.5,lr,subgroup_violation_diff,DI_star,0.24482161770832916,0.18878803975524883,0.387143166511894,0.1491512835784318,20
meps,variance_global_mag2.5,lr,subgroup_violation_diff,AOD_star,0.13203007518796991,0.24320331946522292,0.2657891874136398,0.23153866843171228,20
meps,variance_global_mag2.5,lr,subgroup_violation_diff,BalAcc,-0.026240601503759398,0.17976528500024838,0.023573127278055873,0.2009095159282131,20
meps,variance_global_mag2.5,lr,max_subgroup_deviation,DI_star,0.5387712628387265,0.11595832003519391,0.564571767561758,0.10055585631515174,20
meps,variance_global_mag2.5,lr,max_subgroup_deviation,AOD_star,0.33172932330827065,0.19638280216492884,0.37451350835647224,0.2041479740615967,20
meps,variance_global_mag2.5,lr,max_subgroup_deviation,BalAcc,0.011729323308270681,0.23836441188716956,0.02898370541170258,0.23909385443657913,20
meps,variance_global_mag2.5,lr,assignment_proportion_drift,DI_star,0.19168142008405736,0.1794675180940749,0.46250919431429366,0.1312779169441276,20
meps,variance_global_mag2.5,lr,assignment_proportion_drift,AOD_star,0.11626876072300862,0.21560887086214764,0.32064840606687867,0.1989517672527844,20
meps,variance_global_mag2.5,lr,assignment_proportion_drift,BalAcc,-0.0014769821744207074,0.2096670323074599,0.03585788661043955,0.2325160606471873,20
meps,variance_global_mag2.5,lr,ks_statistic,DI_star,0.5959170330382608,0.11102358118011041,0.587978885600721,0.10280622080728778,20
meps,variance_global_mag2.5,lr,ks_statistic,AOD_star,0.37248120300751875,0.1815150964185216,0.3964740721220775,0.18232271698555685,20
meps,variance_global_mag2.5,lr,ks_statistic,BalAcc,-0.031203007518797017,0.24207157800500595,0.018412452785577002,0.24652525102752848,20
meps,variance_global_mag2.5,lr,kl_divergence,DI_star,0.5736987758097013,0.11888678362992178,0.5952926661791716,0.11036332694508881,20
meps,variance_global_mag2.5,lr,kl_divergence,AOD_star,0.34751879699248117,0.1849219957078654,0.39862123115252257,0.1948239627100294,20
meps,variance_global_mag2.5,lr,kl_divergence,BalAcc,-0.0244360902255639,0.24547870421362034,0.006299281062980344,0.25629630102368445,20
meps,variance_global_mag2.5,lr,per_subgroup_ewma[min_neg],DI_star,nan,nan,nan,nan,0
meps,variance_global_mag2.5,lr,per_subgroup_ewma[min_neg],AOD_star,nan,nan,nan,nan,0
meps,variance_global_mag2.5,lr,per_subgroup_ewma[min_neg],BalAcc,nan,nan,nan,nan,0
meps,variance_global_mag2.5,lr,per_subgroup_baseline_relative[min_neg],DI_star,nan,nan,nan,nan,0
meps,variance_global_mag2.5,lr,per_subgroup_baseline_relative[min_neg],AOD_star,nan,nan,nan,nan,0
meps,variance_global_mag2.5,lr,per_subgroup_baseline_relative[min_neg],BalAcc,nan,nan,nan,nan,0
meps,variance_global_mag2.5,lr,per_subgroup_ewma[min_pos],DI_star,0.6238863073619066,0.10649163445102812,0.6260115726258548,0.10217651182437092,20
meps,variance_global_mag2.5,lr,per_subgroup_ewma[min_pos],AOD_star,0.40939849624060154,0.18916963012765062,0.4243701906214087,0.1845121031944881,20
meps,variance_global_mag2.5,lr,per_subgroup_ewma[min_pos],BalAcc,0.0009774436090225574,0.24886208325154413,0.0192346656835813,0.2545900761414482,20
meps,variance_global_mag2.5,lr,per_subgroup_baseline_relative[min_pos],DI_star,0.5608774310239384,0.1283755871666012,0.5665546455173675,0.12113566851681763,20
meps,variance_global_mag2.5,lr,per_subgroup_baseline_relative[min_pos],AOD_star,0.35601503759398495,0.20465766267038588,0.38219737780204427,0.20825683179437668,20
meps,variance_global_mag2.5,lr,per_subgroup_baseline_relative[min_pos],BalAcc,-0.005789473684210525,0.23367631178530074,0.025846978764025176,0.23303343722438663,20
meps,variance_global_mag2.5,lr,per_subgroup_ewma[maj_neg],DI_star,0.5069491092666784,0.15364318630817267,0.5635700186236597,0.12278128025882991,20
meps,variance_global_mag2.5,lr,per_subgroup_ewma[maj_neg],AOD_star,0.3079876627004928,0.1902172205087947,0.37142559426748784,0.19490500990528742,20
meps,variance_global_mag2.5,lr,per_subgroup_ewma[maj_neg],BalAcc,-0.0008887064269639033,0.2575685464929084,0.023694843158866254,0.2632464351937967,20
meps,variance_global_mag2.5,lr,per_subgroup_baseline_relative[maj_neg],DI_star,0.27627958531651287,0.24733217072830974,0.3593906900703959,0.22695217032618367,20
meps,variance_global_mag2.5,lr,per_subgroup_baseline_relative[maj_neg],AOD_star,0.16288730543830796,0.20507165933119983,0.23927440616637874,0.21970809013114337,20
meps,variance_global_mag2.5,lr,per_subgroup_baseline_relative[maj_neg],BalAcc,0.06661352133349417,0.24498153095262207,0.08641759910032314,0.20135310065372977,20
meps,variance_global_mag2.5,lr,per_subgroup_ewma[maj_pos],DI_star,0.5579447325295233,0.1126784097886307,0.5835367846776192,0.10947578447487484,20
meps,variance_global_mag2.5,lr,per_subgroup_ewma[maj_pos],AOD_star,0.36639097744360904,0.18755097673249022,0.4000735951290048,0.19244328634346247,20
meps,variance_global_mag2.5,lr,per_subgroup_ewma[maj_pos],BalAcc,-0.0018045112781955002,0.23072619088370477,0.0029559621574426938,0.23560953215912903,20
meps,variance_global_mag2.5,lr,per_subgroup_baseline_relative[maj_pos],DI_star,0.5829079587255668,0.1140086466767418,0.5738258961538526,0.10782460629676774,20
meps,variance_global_mag2.5,lr,per_subgroup_baseline_relative[maj_pos],AOD_star,0.3755639097744361,0.1665530639647942,0.3818347130707041,0.17478843918005404,20
meps,variance_global_mag2.5,lr,per_subgroup_baseline_relative[maj_pos],BalAcc,0.0075939849624060115,0.2639260432403853,0.011260642597997892,0.2771259773380003,20
meps,variance_global_mag2.5,xgb,global_mean,DI_star,0.1500751879699248,0.2499190213130802,0.12014579115941046,0.23053683436034095,20
meps,variance_global_mag2.5,xgb,global_mean,AOD_star,-0.004360902255639102,0.23306762017631474,0.0018586658461182764,0.220611498308487,20
meps,variance_global_mag2.5,xgb,global_mean,BalAcc,-0.04574796262789103,0.23176665595029292,-0.04903369163026845,0.22194663883180096,20
meps,variance_global_mag2.5,xgb,global_ewma,DI_star,0.13812030075187967,0.24876165685217083,0.12081966400838309,0.2542185469704868,20
meps,variance_global_mag2.5,xgb,global_ewma,AOD_star,-0.005639097744360919,0.2351948324095436,-0.009372929721544979,0.22233249883347328,20
meps,variance_global_mag2.5,xgb,global_ewma,BalAcc,-0.05255268602186397,0.23491044405423753,-0.06840544673960423,0.2215629136617459,20
meps,variance_global_mag2.5,xgb,global_std,DI_star,0.050150375939849626,0.23928647915818427,0.06813700828247819,0.21887356736880076,20
meps,variance_global_mag2.5,xgb,global_std,AOD_star,-0.00511278195488722,0.27209627743423215,-0.017092636607060997,0.27386300513608347,20
meps,variance_global_mag2.5,xgb,global_std,BalAcc,-0.010457434728665374,0.2001003767699836,0.029803702869188143,0.2107673704247785,20
meps,variance_global_mag2.5,xgb,subgroup_violation_diff,DI_star,0.04804511278195487,0.19517584852940129,0.08273716986201589,0.21012241765604683,20
meps,variance_global_mag2.5,xgb,subgroup_violation_diff,AOD_star,0.035864661654135335,0.2464868882552289,0.03221578977554034,0.23420307718605993,20
meps,variance_global_mag2.5,xgb,subgroup_violation_diff,BalAcc,-0.053537398131527504,0.2205414198193926,-0.020723427872731643,0.2626607236112302,20
meps,variance_global_mag2.5,xgb,max_subgroup_deviation,DI_star,0.12947368421052632,0.2360063545291622,0.11741681764922476,0.23278027632982706,20
meps,variance_global_mag2.5,xgb,max_subgroup_deviation,AOD_star,-0.02030075187969925,0.24973930666941577,0.005343202087799743,0.25310110297510463,20
meps,variance_global_mag2.5,xgb,max_subgroup_deviation,BalAcc,-0.08266616088829087,0.20345430546846044,-0.048790253325527576,0.2522985090167252,20
meps,variance_global_mag2.5,xgb,assignment_proportion_drift,DI_star,0.01864769880359566,0.17826534732727467,0.08687526726551989,0.20968620867672577,20
meps,variance_global_mag2.5,xgb,assignment_proportion_drift,AOD_star,0.03818905786609391,0.25311708649439935,0.036869585017333235,0.23132557551741126,20
meps,variance_global_mag2.5,xgb,assignment_proportion_drift,BalAcc,0.0027901552471269074,0.29930611890759595,-0.015087488553178364,0.27910166056043795,20
meps,variance_global_mag2.5,xgb,ks_statistic,DI_star,0.12428571428571429,0.2480470500212658,0.11231324980774557,0.23495479624505825,20
meps,variance_global_mag2.5,xgb,ks_statistic,AOD_star,-0.010375939849624061,0.22751084571329816,0.015535974286258764,0.23049461626473075,20
meps,variance_global_mag2.5,xgb,ks_statistic,BalAcc,-0.07999637989073131,0.2389730253143583,-0.04928001105337287,0.2641043330451227,20
meps,variance_global_mag2.5,xgb,kl_divergence,DI_star,0.06827067669172933,0.25393745910999244,0.06865310219731992,0.23678651713098176,20
meps,variance_global_mag2.5,xgb,kl_divergence,AOD_star,-0.05533834586466165,0.19840884382660431,-0.012715459077177808,0.20084892452363584,20
meps,variance_global_mag2.5,xgb,kl_divergence,BalAcc,-0.07781541968504588,0.2675740037388538,-0.05965289797234062,0.24799365485973293,20
meps,variance_global_mag2.5,xgb,per_subgroup_ewma[min_neg],DI_star,nan,nan,nan,nan,0
meps,variance_global_mag2.5,xgb,per_subgroup_ewma[min_neg],AOD_star,nan,nan,nan,nan,0
meps,variance_global_mag2.5,xgb,per_subgroup_ewma[min_neg],BalAcc,nan,nan,nan,nan,0
meps,variance_global_mag2.5,xgb,per_subgroup_baseline_relative[min_neg],DI_star,nan,nan,nan,nan,0
meps,variance_global_mag2.5,xgb,per_subgroup_baseline_relative[min_neg],AOD_star,nan,nan,nan,nan,0
meps,variance_global_mag2.5,xgb,per_subgroup_baseline_relative[min_neg],BalAcc,nan,nan,nan,nan,0
meps,variance_global_mag2.5,xgb,per_subgroup_ewma[min_pos],DI_star,0.1331578947368421,0.2564954586136866,0.11390066643308769,0.24757211966209589,20
meps,variance_global_mag2.5,xgb,per_subgroup_ewma[min_pos],AOD_star,-0.006842105263157891,0.23431759944022204,0.000805041987705335,0.2244694496943041,20
meps,variance_global_mag2.5,xgb,per_subgroup_ewma[min_pos],BalAcc,-0.05127437740472751,0.2356528145722909,-0.057751306006566985,0.2348201255815035,20
meps,variance_global_mag2.5,xgb,per_subgroup_baseline_relative[min_pos],DI_star,0.13872180451127816,0.2516562245084021,0.1159553893948303,0.24113834312505023,20
meps,variance_global_mag2.5,xgb,per_subgroup_baseline_relative[min_pos],AOD_star,-0.004360902255639093,0.2450509170510039,0.015402673075538989,0.24575824927187703,20
meps,variance_global_mag2.5,xgb,per_subgroup_baseline_relative[min_pos],BalAcc,-0.08428486582260442,0.22261300138420378,-0.04205008964014864,0.26029319139385465,20
meps,variance_global_mag2.5,xgb,per_subgroup_ewma[maj_neg],DI_star,0.11575862686519908,0.26628499381612736,0.09531747197540355,0.23966446087921978,20
meps,variance_global_mag2.5,xgb,per_subgroup_ewma[maj_neg],AOD_star,-0.06485681475939248,0.2611840077622114,-0.039410440144366635,0.2328952447746111,20
meps,variance_global_mag2.5,xgb,per_subgroup_ewma[maj_neg],BalAcc,-0.03729404446798913,0.22580022066288405,-0.04510252135426075,0.2183842839996553,20
meps,variance_global_mag2.5,xgb,per_subgroup_baseline_relative[maj_neg],DI_star,0.09233839790910324,0.24044938314746267,0.06388566917286709,0.24688066548217696,20
meps,variance_global_mag2.5,xgb,per_subgroup_baseline_relative[maj_neg],AOD_star,-0.03060827103398665,0.24070473724285496,-0.0035602605758615568,0.25514257506291627,20
meps,variance_global_mag2.5,xgb,per_subgroup_baseline_relative[maj_neg],BalAcc,-0.003402121817986106,0.1663988765979314,0.031088084892244898,0.17655025200881058,20
meps,variance_global_mag2.5,xgb,per_subgroup_ewma[maj_pos],DI_star,0.1103007518796992,0.23270708273084595,0.12574127293801435,0.26193189169485137,20
meps,variance_global_mag2.5,xgb,per_subgroup_ewma[maj_pos],AOD_star,-0.027669172932330822,0.20860584848611727,-0.014867540973783306,0.2291592309787233,20
meps,variance_global_mag2.5,xgb,per_subgroup_ewma[maj_pos],BalAcc,-0.06800388454667199,0.21507650783585655,-0.07596321407346877,0.21349408645037998,20
meps,variance_global_mag2.5,xgb,per_subgroup_baseline_relative[maj_pos],DI_star,0.11939849624060148,0.23066924143206832,0.1064140936733096,0.2074381389941718,20
meps,variance_global_mag2.5,xgb,per_subgroup_baseline_relative[maj_pos],AOD_star,-0.029924812030075194,0.20442606583889777,-0.015525091450477809,0.20287665437570182,20
meps,variance_global_mag2.5,xgb,per_subgroup_baseline_relative[maj_pos],BalAcc,-0.04458174305410208,0.22816080543660633,-0.05742434712353876,0.2171651014779388,20
credit,no_drift,lr,global_mean,DI_star,0.06157894736842105,0.20231990202494834,0.07907367779906718,0.23080186910418296,20
credit,no_drift,lr,global_mean,AOD_star,0.008571428571428567,0.23642813804227664,0.033196765140688846,0.23152621617517247,20
credit,no_drift,lr,global_mean,BalAcc,0.07924812030075187,0.262816577795926,0.0925725590600674,0.20832730121590742,20
credit,no_drift,lr,global_ewma,DI_star,0.06759398496240601,0.14629768683074867,0.011180971841483645,0.17921543331707437,20
credit,no_drift,lr,global_ewma,AOD_star,-0.013834586466165408,0.2743796831514968,-0.0005353768490234875,0.2511911991435923,20
credit,no_drift,lr,global_ewma,BalAcc,0.07774436090225562,0.2462656131474573,0.10105990087920251,0.22269099668404765,20
credit,no_drift,lr,global_std,DI_star,0.04451127819548871,0.23739803473927967,0.04769827470938541,0.2606403678000954,20
credit,no_drift,lr,global_std,AOD_star,0.031729323308270684,0.22162827202431531,0.04746896902648315,0.217366801282986,20
credit,no_drift,lr,global_std,BalAcc,0.09225563909774434,0.18189166552186822,0.08830265567573829,0.17257208525931816,20
credit,no_drift,lr,subgroup_violation_diff,DI_star,0.01451127819548872,0.21950266018955214,-0.020197969388541178,0.20722533736108018,20
credit,no_drift,lr,subgroup_violation_diff,AOD_star,0.011654135338345861,0.2594670825748541,-0.00035147345078619856,0.2509552204428369,20
credit,no_drift,lr,subgroup_violation_diff,BalAcc,-0.08819548872180452,0.24114706708853462,-0.07266429941727771,0.22631636962869253,20
credit,no_drift,lr,max_subgroup_deviation,DI_star,-0.013383458646616534,0.21439564519613288,-0.01671647647306269,0.23694233287173733,20
credit,no_drift,lr,max_subgroup_deviation,AOD_star,0.001503759398496255,0.2754967658148592,0.010459228286685626,0.23589275087314182,20
credit,no_drift,lr,max_subgroup_deviation,BalAcc,0.04135338345864662,0.224434515932565,0.04252389824007406,0.19981629775414603,20
credit,no_drift,lr,assignment_proportion_drift,DI_star,0.001992636754577659,0.24683997592551457,0.01760376334430487,0.23710592126857705,20
credit,no_drift,lr,assignment_proportion_drift,AOD_star,-0.0044376174591616285,0.22699508839127008,0.005165235823114375,0.24069762500891329,20
credit,no_drift,lr,assignment_proportion_drift,BalAcc,0.020718174503539154,0.1923576839132924,0.024963686400824293,0.17686228780849653,20
credit,no_drift,lr,ks_statistic,DI_star,0.027218045112781957,0.24006326073760773,0.019885916340642205,0.2560314353622126,20
credit,no_drift,lr,ks_statistic,AOD_star,0.01180451127819548,0.2767290245378173,-0.015201545518381803,0.2670431856550427,20
credit,no_drift,lr,ks_statistic,BalAcc,-0.03406015037593983,0.2268206967401132,-0.04831097003792734,0.23177787926873863,20
credit,no_drift,lr,kl_divergence,DI_star,0.01233082706766917,0.22368470335448332,0.026556363456854342,0.18875732921435057,20
credit,no_drift,lr,kl_divergence,AOD_star,-0.04022556390977443,0.23935007019565016,-0.015079933192050584,0.2001795794130411,20
credit,no_drift,lr,kl_divergence,BalAcc,-0.04714285714285714,0.2095300136386449,-0.058264167348849684,0.2151832912857987,20
credit,no_drift,lr,per_subgroup_ewma[min_neg],DI_star,0.07809236510531767,0.2660446496375066,0.09881972115217778,0.23074034049072137,20
credit,no_drift,lr,per_subgroup_ewma[min_neg],AOD_star,0.14008005249175454,0.22484867980821524,0.1467149184251904,0.22718668664690142,20
credit,no_drift,lr,per_subgroup_ewma[min_neg],BalAcc,0.017369128105223113,0.19991269592216032,0.027893853398380887,0.1827058342469611,20
credit,no_drift,lr,per_subgroup_baseline_relative[min_neg],DI_star,0.0338699525122238,0.19206670527297018,0.047341348778991196,0.18041221664262574,20
credit,no_drift,lr,per_subgroup_baseline_relative[min_neg],AOD_star,0.027469277931878845,0.25383571337866734,0.0031231801280093992,0.21979432541056776,20
credit,no_drift,lr,per_subgroup_baseline_relative[min_neg],BalAcc,-0.007142254642086607,0.2577985625341083,0.00010106823710890056,0.24093814131504016,20
credit,no_drift,lr,per_subgroup_ewma[min_pos],DI_star,0.032781954887218044,0.28941903595088364,0.02597073609491003,0.2456202168739828,20
credit,no_drift,lr,per_subgroup_ewma[min_pos],AOD_star,-0.08007518796992483,0.2435606909263254,-0.0647261490935557,0.2420562902004541,20
credit,no_drift,lr,per_subgroup_ewma[min_pos],BalAcc,-0.060601503759398476,0.22774539104213512,-0.053983601241906265,0.21429088546637737,20
credit,no_drift,lr,per_subgroup_baseline_relative[min_pos],DI_star,0.017593984962406013,0.23138362038840726,0.016177014849306025,0.2267729443207721,20
credit,no_drift,lr,per_subgroup_baseline_relative[min_pos],AOD_star,-0.03473684210526316,0.2426784882576346,-0.006884386931423225,0.2522322331093276,20
credit,no_drift,lr,per_subgroup_baseline_relative[min_pos],BalAcc,-0.09353383458646616,0.27838099890776663,-0.0538507546086016,0.27302000262970816,20
credit,no_drift,lr,per_subgroup_ewma[maj_neg],DI_star,-0.01593984962406015,0.21022072342679954,-0.013216928834239267,0.18905321668084735,20
credit,no_drift,lr,per_subgroup_ewma[maj_neg],AOD_star,0.02270676691729323,0.17623643147315868,0.006623429230084339,0.22245321891354164,20
credit,no_drift,lr,per_subgroup_ewma[maj_neg],BalAcc,0.04624060150375939,0.21409535140292013,0.06763405334728848,0.1797129867327734,20
credit,no_drift,lr,per_subgroup_baseline_relative[maj_neg],DI_star,0.03187969924812029,0.191538811437677,0.04598490140529472,0.20443929559623797,20
credit,no_drift,lr,per_subgroup_baseline_relative[maj_neg],AOD_star,-0.023684210526315787,0.16320457736234653,-0.03061471756500561,0.17978841233662615,20
credit,no_drift,lr,per_subgroup_baseline_relative[maj_neg],BalAcc,0.0676691729323308,0.20757055037342845,0.0784107713610518,0.20719163164340418,20
credit,no_drift,lr,per_subgroup_ewma[maj_pos],DI_star,-0.06353383458646615,0.2547595994308683,-0.045507795180545665,0.24695333779849388,20
credit,no_drift,lr,per_subgroup_ewma[maj_pos],AOD_star,0.029774436090225564,0.3082896014730177,0.04099024501688516,0.26917945224603257,20
credit,no_drift,lr,per_subgroup_ewma[maj_pos],BalAcc,0.04556390977443608,0.18331012106858105,0.06774119917660351,0.18961902436764597,20
credit,no_drift,lr,per_subgroup_baseline_relative[maj_pos],DI_star,-0.02533834586466165,0.21868160924233018,-0.015125061861761505,0.23606583277556092,20
credit,no_drift,lr,per_subgroup_baseline_relative[maj_pos],AOD_star,0.007744360902255651,0.2727727013045271,0.02281946307730038,0.22750569581782237,20
credit,no_drift,lr,per_subgroup_baseline_relative[maj_pos],BalAcc,0.05398496240601504,0.222590375377245,0.04401535287093382,0.1994167050681001,20
credit,no_drift,xgb,global_mean,DI_star,0.000827067669172929,0.21155894706438066,0.020222589855515748,0.21177464742610727,20
credit,no_drift,xgb,global_mean,AOD_star,-0.08458646616541353,0.273244244809473,-0.061608790345407186,0.24622090232149485,20
credit,no_drift,xgb,global_mean,BalAcc,0.0631578947368421,0.2425923275123426,0.05904061281018762,0.20318820358103282,20
credit,no_drift,xgb,global_ewma,DI_star,0.018646616541353387,0.17726089739368114,0.0034310388404117527,0.17593018831803522,20
credit,no_drift,xgb,global_ewma,AOD_star,-0.021353383458646617,0.22018889099798233,-0.040303598299867155,0.18968354069685273,20
credit,no_drift,xgb,global_ewma,BalAcc,0.013007518796992478,0.19956664849911895,-0.001446099633616242,0.19707407423441142,20
credit,no_drift,xgb,global_std,DI_star,0.016842105263157887,0.21704754953362296,0.03781874280125923,0.20513703284577411,20
credit,no_drift,xgb,global_std,AOD_star,-0.07548872180451127,0.2284920717010406,-0.0746728390119107,0.218788400517384,20
credit,no_drift,xgb,global_std,BalAcc,0.04233082706766917,0.2332947253027597,0.042291798025469104,0.1950410169452006,20
credit,no_drift,xgb,subgroup_violation_diff,DI_star,0.027368421052631577,0.1582828027430196,0.03614936381815322,0.15614858472935633,20
credit,no_drift,xgb,subgroup_violation_diff,AOD_star,0.025714285714285707,0.19711004928802994,0.024161239080109732,0.1845886817094501,20
credit,no_drift,xgb,subgroup_violation_diff,BalAcc,0.04338345864661653,0.20998441265653217,0.04405306996132404,0.20153050317015425,20
credit,no_drift,xgb,max_subgroup_deviation,DI_star,0.044511278195488724,0.19299883405423543,0.04702844110817272,0.18288729262248768,20
credit,no_drift,xgb,max_subgroup_deviation,AOD_star,-0.04699248120300751,0.2609284184407724,-0.04605057606851631,0.23699333108001353,20
credit,no_drift,xgb,max_subgroup_deviation,BalAcc,0.03323308270676692,0.23976966164196625,0.014044462785804077,0.22591522649923645,20
credit,no_drift,xgb,assignment_proportion_drift,DI_star,0.05086937062439496,0.15657238077539598,0.06079262910739832,0.15171800069974448,20
credit,no_drift,xgb,assignment_proportion_drift,AOD_star,0.048558277393226004,0.2606722793423789,0.03533685457228279,0.27340601904540335,20
credit,no_drift,xgb,assignment_proportion_drift,BalAcc,0.07673649282154885,0.258535768401668,0.09626997479485261,0.26843165321589685,20
credit,no_drift,xgb,ks_statistic,DI_star,0.042781954887218046,0.24608207030219162,0.04792775943869145,0.2380531079503452,20
credit,no_drift,xgb,ks_statistic,AOD_star,0.07195488721804512,0.23921370196136393,0.05187133942074614,0.21657149766471792,20
credit,no_drift,xgb,ks_statistic,BalAcc,0.07225563909774436,0.22514822599806877,0.06431098512721502,0.20540265457721357,20
credit,no_drift,xgb,kl_divergence,DI_star,0.04759398496240601,0.20178034827273042,0.055475930355042335,0.20987421707863294,20
credit,no_drift,xgb,kl_divergence,AOD_star,0.04511278195488721,0.21275193071737256,0.04723443788544183,0.17890720157589723,20
credit,no_drift,xgb,kl_divergence,BalAcc,0.024511278195488716,0.2010538687743467,0.03526246158301683,0.18843431316313383,20
credit,no_drift,xgb,per_subgroup_ewma[min_neg],DI_star,-0.10131594502525434,0.1598829994672404,-0.0874244088727367,0.14863803680713925,20
credit,no_drift,xgb,per_subgroup_ewma[min_neg],AOD_star,-0.06597807995635493,0.2127669634605396,-0.07063024171202768,0.20129495602941022,20
credit,no_drift,xgb,per_subgroup_ewma[min_neg],BalAcc,-0.003119296737199717,0.21152398973543673,0.0012483832694377666,0.21358671434596632,20
credit,no_drift,xgb,per_subgroup_baseline_relative[min_neg],DI_star,-0.04781392328207273,0.20790432705266862,-0.03416729812154583,0.20348355708754826,20
credit,no_drift,xgb,per_subgroup_baseline_relative[min_neg],AOD_star,-0.08770787571292805,0.22691980857738786,-0.03903513301136375,0.2285452708198603,20
credit,no_drift,xgb,per_subgroup_baseline_relative[min_neg],BalAcc,-0.09085773456821958,0.2073368753472502,-0.0973324661158432,0.23777556835917113,20
credit,no_drift,xgb,per_subgroup_ewma[min_pos],DI_star,0.08548872180451128,0.22078203221579365,0.09918901398304684,0.2126671980249539,20
credit,no_drift,xgb,per_subgroup_ewma[min_pos],AOD_star,0.02541353383458646,0.2537506097057813,0.019321435253406776,0.22902711218833774,20
credit,no_drift,xgb,per_subgroup_ewma[min_pos],BalAcc,0.017142857142857137,0.19755839049516435,0.00115788728027275,0.17988420792993148,20
credit,no_drift,xgb,per_subgroup_baseline_relative[min_pos],DI_star,0.07225563909774435,0.19966588350233336,0.10519688885978007,0.2096855548423268,20
credit,no_drift,xgb,per_subgroup_baseline_relative[min_pos],AOD_star,-0.03812030075187971,0.226199243090608,-0.012764962879319216,0.20041375233613104,20
credit,no_drift,xgb,per_subgroup_baseline_relative[min_pos],BalAcc,0.0662406015037594,0.26514330531940883,0.07375608690397477,0.24648322335106576,20
credit,no_drift,xgb,per_subgroup_ewma[maj_neg],DI_star,-0.05330827067669173,0.17264472651723564,-0.07946077999601892,0.18109092122594128,20
credit,no_drift,xgb,per_subgroup_ewma[maj_neg],AOD_star,-0.07067669172932331,0.19883771038875903,-0.06867861251131058,0.18318024481274112,20
credit,no_drift,xgb,per_subgroup_ewma[maj_neg],BalAcc,0.013834586466165411,0.22604590107382547,0.0004988951742287889,0.21867051568078413,20
credit,no_drift,xgb,per_subgroup_baseline_relative[maj_neg],DI_star,-0.09150375939849625,0.2641486291385299,-0.09387152440136182,0.2509621526920764,20
credit,no_drift,xgb,per_subgroup_baseline_relative[maj_neg],AOD_star,-0.0904511278195489,0.27406825694251497,-0.07410568018861644,0.27124208158632046,20
credit,no_drift,xgb,per_subgroup_baseline_relative[maj_neg],BalAcc,-0.001353383458646614,0.14540187028979226,-0.01965838289593281,0.14609273565942402,20
credit,no_drift,xgb,per_subgroup_ewma[maj_pos],DI_star,-0.01699248120300752,0.14192581262085005,-0.012328230083886085,0.12794316108808024,20
credit,no_drift,xgb,per_subgroup_ewma[maj_pos],AOD_star,-0.07533834586466163,0.2224262472559616,-0.07541834122255922,0.18766295406532627,20
credit,no_drift,xgb,per_subgroup_ewma[maj_pos],BalAcc,0.016090225563909776,0.16232530715296098,0.012602713473006446,0.16286768557905668,20
credit,no_drift,xgb,per_subgroup_baseline_relative[maj_pos],DI_star,0.0337593984962406,0.19800433181211072,0.03895982741811556,0.1833468294846525,20
credit,no_drift,xgb,per_subgroup_baseline_relative[maj_pos],AOD_star,-0.021804511278195483,0.24090840389026616,-0.026188666599763093,0.22842633881663754,20
credit,no_drift,xgb,per_subgroup_baseline_relative[maj_pos],BalAcc,0.008421052631578945,0.2440650146138757,-0.0009886407771380792,0.22722153172017276,20
credit,gradual_group_mag0.5,lr,global_mean,DI_star,0.3866917293233082,0.2582030971768393,0.31658316609902387,0.2233551413515379,20
credit,gradual_group_mag0.5,lr,global_mean,AOD_star,0.3909774436090224,0.20669609176588644,0.31986850102895603,0.2276768981432998,20
credit,gradual_group_mag0.5,lr,global_mean,BalAcc,-0.06496240601503758,0.14007791214524384,-0.04718513073884396,0.1870115699711279,20
credit,gradual_group_mag0.5,lr,global_ewma,DI_star,0.43669172932330824,0.28356867492201315,0.4122145750199279,0.27657932743127267,20
credit,gradual_group_mag0.5,lr,global_ewma,AOD_star,0.4518796992481203,0.2519358034250603,0.41870984579844156,0.26102723954367296,20
credit,gradual_group_mag0.5,lr,global_ewma,BalAcc,-0.032105263157894734,0.12108043859392263,-0.0558524716555294,0.12929859945680133,20
credit,gradual_group_mag0.5,lr,global_std,DI_star,0.4223308270676691,0.2738024511167655,0.345299319167339,0.2320449317400407,20
credit,gradual_group_mag0.5,lr,global_std,AOD_star,0.45150375939849613,0.2106610068597938,0.3529314175535804,0.22796103418247987,20
credit,gradual_group_mag0.5,lr,global_std,BalAcc,-0.02887218045112781,0.11859943600070173,-0.03915849477151645,0.1749962226107133,20
credit,gradual_group_mag0.5,lr,subgroup_violation_diff,DI_star,-0.3161654135338346,0.21597035985687113,-0.36235185702176864,0.23210912019272031,20
credit,gradual_group_mag0.5,lr,subgroup_violation_diff,AOD_star,-0.36609022556390974,0.2110543726540762,-0.3948941043385318,0.2179495831642482,20
credit,gradual_group_mag0.5,lr,subgroup_violation_diff,BalAcc,0.03909774436090226,0.15350577461142142,0.044292989529703515,0.1707918520765901,20
credit,gradual_group_mag0.5,lr,max_subgroup_deviation,DI_star,0.3304511278195489,0.2821037702158421,0.34799688397729495,0.2589590667292584,20
credit,gradual_group_mag0.5,lr,max_subgroup_deviation,AOD_star,0.3956390977443609,0.2489186972405714,0.36433206354557035,0.26317663143077913,20
credit,gradual_group_mag0.5,lr,max_subgroup_deviation,BalAcc,-0.06834586466165413,0.1426420818880415,-0.07596998943669889,0.14578487084105654,20
credit,gradual_group_mag0.5,lr,assignment_proportion_drift,DI_star,0.3326889903641908,0.2798091532387593,0.331045504801386,0.2457074580724255,20
credit,gradual_group_mag0.5,lr,assignment_proportion_drift,AOD_star,0.358288722180327,0.2769835444814269,0.3246616477502843,0.25934553475254607,20
credit,gradual_group_mag0.5,lr,assignment_proportion_drift,BalAcc,-0.02860966238508923,0.15836837701643533,-0.043956597431000874,0.18193389889088635,20
credit,gradual_group_mag0.5,lr,ks_statistic,DI_star,0.40849624060150375,0.29865785098768655,0.3328325004199614,0.2404772281621663,20
credit,gradual_group_mag0.5,lr,ks_statistic,AOD_star,0.41601503759398495,0.24515349770234668,0.33299170679128626,0.2367652539353224,20
credit,gradual_group_mag0.5,lr,ks_statistic,BalAcc,-0.06729323308270677,0.15429397668008143,-0.060031447565601935,0.18543611821789394,20
credit,gradual_group_mag0.5,lr,kl_divergence,DI_star,0.22481203007518796,0.2505185982979412,0.232330667975708,0.22973754463790164,20
credit,gradual_group_mag0.5,lr,kl_divergence,AOD_star,0.19691729323308266,0.26242927057257437,0.21589679578564253,0.24595223373254993,20
credit,gradual_group_mag0.5,lr,kl_divergence,BalAcc,-0.08909774436090225,0.20857520961927783,-0.09542501055352746,0.18532227467522777,20
credit,gradual_group_mag0.5,lr,per_subgroup_ewma[min_neg],DI_star,0.14801581959441706,0.2877463789810018,0.11543591089598688,0.2895395815287365,20
credit,gradual_group_mag0.5,lr,per_subgroup_ewma[min_neg],AOD_star,0.16263946965428994,0.29444715329555066,0.14341354647356888,0.2642426160216324,20
credit,gradual_group_mag0.5,lr,per_subgroup_ewma[min_neg],BalAcc,0.036993584205050306,0.20821970079952978,-0.01011794114765455,0.21197686783888572,20
credit,gradual_group_mag0.5,lr,per_subgroup_baseline_relative[min_neg],DI_star,-0.016384367072141068,0.16680439913327594,-0.07719237914856461,0.20597659112027533,20
credit,gradual_group_mag0.5,lr,per_subgroup_baseline_relative[min_neg],AOD_star,-0.078973168020083,0.2889071426889158,-0.10486196669190706,0.2304367872441422,20
credit,gradual_group_mag0.5,lr,per_subgroup_baseline_relative[min_neg],BalAcc,0.036786745193011304,0.19174912586647236,-1.9686556795662363e-05,0.23036813926887673,20
credit,gradual_group_mag0.5,lr,per_subgroup_ewma[min_pos],DI_star,0.12127819548872179,0.29654130572373755,0.09266822242547783,0.257050590929327,20
credit,gradual_group_mag0.5,lr,per_subgroup_ewma[min_pos],AOD_star,0.07127819548872179,0.24705920294483608,0.05761465895528598,0.2365082389063941,20
credit,gradual_group_mag0.5,lr,per_subgroup_ewma[min_pos],BalAcc,0.00774436090225564,0.2139381299176043,-0.02548657676717726,0.2105776229324145,20
credit,gradual_group_mag0.5,lr,per_subgroup_baseline_relative[min_pos],DI_star,-0.0028571428571428645,0.23379174232160443,-0.09155707430833382,0.2045185817034332,20
credit,gradual_group_mag0.5,lr,per_subgroup_baseline_relative[min_pos],AOD_star,-0.08548872180451127,0.22533987621187265,-0.13788769805861478,0.20519956133387626,20
credit,gradual_group_mag0.5,lr,per_subgroup_baseline_relative[min_pos],BalAcc,0.005413533834586466,0.2310845224854062,0.013231794581898621,0.21081487173717772,20
credit,gradual_group_mag0.5,lr,per_subgroup_ewma[maj_neg],DI_star,0.4274436090225563,0.2665338238753246,0.4419808153450184,0.27640060148439477,20
credit,gradual_group_mag0.5,lr,per_subgroup_ewma[maj_neg],AOD_star,0.4038345864661654,0.24516373611254969,0.43904697365915546,0.26923187124809866,20
credit,gradual_group_mag0.5,lr,per_subgroup_ewma[maj_neg],BalAcc,-0.03180451127819549,0.1386000239752438,-0.048590610440754925,0.13060772825547942,20
credit,gradual_group_mag0.5,lr,per_subgroup_baseline_relative[maj_neg],DI_star,0.34661654135338343,0.2408966704504946,0.36150393455145735,0.22688146243291313,20
credit,gradual_group_mag0.5,lr,per_subgroup_baseline_relative[maj_neg],AOD_star,0.3239097744360902,0.2239568818890063,0.34084073932236625,0.23230336141363114,20
credit,gradual_group_mag0.5,lr,per_subgroup_baseline_relative[maj_neg],BalAcc,-0.03458646616541353,0.1742129763165718,-0.06869269697466428,0.17589814138595963,20
credit,gradual_group_mag0.5,lr,per_subgroup_ewma[maj_pos],DI_star,0.42849624060150376,0.2882108868380744,0.44683615026843854,0.28214043192948773,20
credit,gradual_group_mag0.5,lr,per_subgroup_ewma[maj_pos],AOD_star,0.44954887218045103,0.2551598670397695,0.46352098326783925,0.2567649134948851,20
credit,gradual_group_mag0.5,lr,per_subgroup_ewma[maj_pos],BalAcc,-0.037669172932330824,0.12184486011366459,-0.05687566422120367,0.12939465919296575,20
credit,gradual_group_mag0.5,lr,per_subgroup_baseline_relative[maj_pos],DI_star,0.3961654135338345,0.2873976822801051,0.40923614891899796,0.2854349364872966,20
credit,gradual_group_mag0.5,lr,per_subgroup_baseline_relative[maj_pos],AOD_star,0.4390225563909774,0.24675929986914188,0.4295072080161103,0.2561071064192394,20
credit,gradual_group_mag0.5,lr,per_subgroup_baseline_relative[maj_pos],BalAcc,-0.05105263157894737,0.13732993687050551,-0.06219972416109894,0.1519058343184472,20
credit,gradual_group_mag0.5,xgb,global_mean,DI_star,-0.4227018246210079,0.10960733925734964,-0.960930462866948,0.014314560893420447,20
credit,gradual_group_mag0.5,xgb,global_mean,AOD_star,-0.4553383458646616,0.09863056902298,-0.9621356901129472,0.013924115630985895,20
credit,gradual_group_mag0.5,xgb,global_mean,BalAcc,-0.32060150375939844,0.19621991651995405,-0.4126161727391894,0.1525881093216503,20
credit,gradual_group_mag0.5,xgb,global_ewma,DI_star,-0.49653649593348426,0.09872259222259501,-0.7928211169095764,0.017675803126508672,20
credit,gradual_group_mag0.5,xgb,global_ewma,AOD_star,-0.44774436090225567,0.0983116849850603,-0.7881360707093764,0.01895944394609487,20
credit,gradual_group_mag0.5,xgb,global_ewma,BalAcc,-0.23879699248120295,0.19030049937153315,-0.29764066518660787,0.17325230704851494,20
credit,gradual_group_mag0.5,xgb,global_std,DI_star,-0.4735280155449673,0.09476012867317582,-0.9436907852655159,0.024740877290218278,20
credit,gradual_group_mag0.5,xgb,global_std,AOD_star,-0.46060150375939835,0.10296206669678157,-0.943775293932464,0.025096669016193396,20
credit,gradual_group_mag0.5,xgb,global_std,BalAcc,-0.2745864661654135,0.219782757283455,-0.391979718204268,0.15213205516113676,20
credit,gradual_group_mag0.5,xgb,subgroup_violation_diff,DI_star,0.1347823692203026,0.24462014158712186,0.18438053884718839,0.24963934544008382,20
credit,gradual_group_mag0.5,xgb,subgroup_violation_diff,AOD_star,0.06947368421052631,0.23125727097186188,0.17696670180178597,0.2524640204507342,20
credit,gradual_group_mag0.5,xgb,subgroup_violation_diff,BalAcc,0.012030075187969932,0.2466981343110514,0.01926200985681676,0.23028538864751114,20
credit,gradual_group_mag0.5,xgb,max_subgroup_deviation,DI_star,-0.5211633135889672,0.10173427703010829,-0.8633327043775157,0.06272693806852027,20
credit,gradual_group_mag0.5,xgb,max_subgroup_deviation,AOD_star,-0.47526315789473683,0.12669248789402762,-0.8612472887692363,0.06405604960094857,20
credit,gradual_group_mag0.5,xgb,max_subgroup_deviation,BalAcc,-0.28924812030075187,0.21678571999016868,-0.35728442578027,0.17276887815486194,20
credit,gradual_group_mag0.5,xgb,assignment_proportion_drift,DI_star,-0.4205318210092546,0.14505598790611673,-0.9062523229434898,0.03839877458645525,20
credit,gradual_group_mag0.5,xgb,assignment_proportion_drift,AOD_star,-0.398515345439332,0.10616956987895018,-0.9051167206137889,0.03528881607983599,20
credit,gradual_group_mag0.5,xgb,assignment_proportion_drift,BalAcc,-0.24717298988780798,0.21323745823152768,-0.3688167382785382,0.17765144244525533,20
credit,gradual_group_mag0.5,xgb,ks_statistic,DI_star,-0.45164871224629843,0.11725205183144362,-0.9553331560591264,0.01158731958873981,20
credit,gradual_group_mag0.5,xgb,ks_statistic,AOD_star,-0.4542857142857143,0.09588031716482803,-0.9555173862821732,0.00929494371011687,20
credit,gradual_group_mag0.5,xgb,ks_statistic,BalAcc,-0.2980451127819549,0.21218924330216918,-0.40497376164402094,0.16603764351136344,20
credit,gradual_group_mag0.5,xgb,kl_divergence,DI_star,-0.1781346680605397,0.1718691674012557,-0.2772026713529098,0.18708311946957892,20
credit,gradual_group_mag0.5,xgb,kl_divergence,AOD_star,-0.155187969924812,0.17074299000508159,-0.26950733925281434,0.18456918477703213,20
credit,gradual_group_mag0.5,xgb,kl_divergence,BalAcc,-0.07654135338345862,0.2507677847758663,-0.094992442900785,0.22628663485515332,20
credit,gradual_group_mag0.5,xgb,per_subgroup_ewma[min_neg],DI_star,-0.39946877019634464,0.1342669710432759,-0.6547310433947786,0.158486949700917,20
credit,gradual_group_mag0.5,xgb,per_subgroup_ewma[min_neg],AOD_star,-0.4219612506913689,0.1531715311244416,-0.6506334960266293,0.166280419484994,20
credit,gradual_group_mag0.5,xgb,per_subgroup_ewma[min_neg],BalAcc,-0.23669597163885753,0.166083390080128,-0.24814600078145946,0.16260220924797333,20
credit,gradual_group_mag0.5,xgb,per_subgroup_baseline_relative[min_neg],DI_star,-0.26953332862505,0.18365715367776433,-0.39721623660295224,0.09151374092238114,20
credit,gradual_group_mag0.5,xgb,per_subgroup_baseline_relative[min_neg],AOD_star,-0.3085411272247146,0.20723713360833962,-0.3988822459773179,0.10285348334721839,20
credit,gradual_group_mag0.5,xgb,per_subgroup_baseline_relative[min_neg],BalAcc,-0.17673905311872504,0.2475926723583887,-0.1814952156366127,0.21617812654006002,20
credit,gradual_group_mag0.5,xgb,per_subgroup_ewma[min_pos],DI_star,-0.4151844700158135,0.08933112158812825,-0.7114434345272256,0.13301104668945857,20
credit,gradual_group_mag0.5,xgb,per_subgroup_ewma[min_pos],AOD_star,-0.4765413533834586,0.099469904849237,-0.7159000165794154,0.1230053460054945,20
credit,gradual_group_mag0.5,xgb,per_subgroup_ewma[min_pos],BalAcc,-0.28233082706766915,0.14306030271181505,-0.316938684807436,0.13681494342544837,20
credit,gradual_group_mag0.5,xgb,per_subgroup_baseline_relative[min_pos],DI_star,-0.25351390277524033,0.2988915360046527,-0.4763732989763949,0.2254256643466523,20
credit,gradual_group_mag0.5,xgb,per_subgroup_baseline_relative[min_pos],AOD_star,-0.30909774436090226,0.2503023102917672,-0.4840285749570225,0.22197019882440872,20
credit,gradual_group_mag0.5,xgb,per_subgroup_baseline_relative[min_pos],BalAcc,-0.20278195488721806,0.23531181238397403,-0.24636883299073062,0.2205941328982246,20
credit,gradual_group_mag0.5,xgb,per_subgroup_ewma[maj_neg],DI_star,-0.4078418634519692,0.14226853368590406,-0.47308591243859477,0.10605976230144983,20
credit,gradual_group_mag0.5,xgb,per_subgroup_ewma[maj_neg],AOD_star,-0.36180451127819546,0.1332973927854507,-0.4643015320703852,0.11032716306873128,20
credit,gradual_group_mag0.5,xgb,per_subgroup_ewma[maj_neg],BalAcc,-0.18473684210526314,0.19458627732382092,-0.14206536979700116,0.20178376595792744,20
credit,gradual_group_mag0.5,xgb,per_subgroup_baseline_relative[maj_neg],DI_star,-0.39182326231292297,0.16893859574358347,-0.4689391052742849,0.06974771532898559,20
credit,gradual_group_mag0.5,xgb,per_subgroup_baseline_relative[maj_neg],AOD_star,-0.36300751879699245,0.13749690482128843,-0.4630769708086174,0.07326179075064025,20
credit,gradual_group_mag0.5,xgb,per_subgroup_baseline_relative[maj_neg],BalAcc,-0.18578947368421053,0.19960245128927506,-0.17097490443489158,0.2089954028695598,20
credit,gradual_group_mag0.5,xgb,per_subgroup_ewma[maj_pos],DI_star,-0.4971754664083787,0.09923386995068878,-0.6375504232287745,0.053300223149216695,20
credit,gradual_group_mag0.5,xgb,per_subgroup_ewma[maj_pos],AOD_star,-0.4478947368421052,0.0961116088083548,-0.632024464302787,0.05407664663304158,20
credit,gradual_group_mag0.5,xgb,per_subgroup_ewma[maj_pos],BalAcc,-0.23368421052631577,0.19321898079083322,-0.22398769263062718,0.18719857675335777,20
credit,gradual_group_mag0.5,xgb,per_subgroup_baseline_relative[maj_pos],DI_star,-0.4962001722392344,0.10229308813721201,-0.7683294800966458,0.06816705008483391,20
credit,gradual_group_mag0.5,xgb,per_subgroup_baseline_relative[maj_pos],AOD_star,-0.4704511278195488,0.12054981267122314,-0.7653715381263337,0.07128953034898798,20
credit,gradual_group_mag0.5,xgb,per_subgroup_baseline_relative[maj_pos],BalAcc,-0.2835338345864661,0.2077771493041673,-0.3033528252950102,0.18167548850433893,20
credit,gradual_group_mag1.0,lr,global_mean,DI_star,0.7863157894736842,0.13772408492460309,0.5739635042622566,0.10033422193575418,20
credit,gradual_group_mag1.0,lr,global_mean,AOD_star,0.8101503759398495,0.1298745682228962,0.6684654069553655,0.11381835882210181,20
credit,gradual_group_mag1.0,lr,global_mean,BalAcc,-0.0763157894736842,0.13428653520448922,-0.08504210046011704,0.14700780847938943,20
credit,gradual_group_mag1.0,lr,global_ewma,DI_star,0.8145112781954886,0.1466811309436594,0.7049869442516379,0.10228187707636728,20
credit,gradual_group_mag1.0,lr,global_ewma,AOD_star,0.8369172932330825,0.12920739253420507,0.7958293291297457,0.11173211713254276,20
credit,gradual_group_mag1.0,lr,global_ewma,BalAcc,-0.05864661654135339,0.1361313442637743,-0.08361777621569504,0.1337084224557669,20
credit,gradual_group_mag1.0,lr,global_std,DI_star,0.8081203007518797,0.13881857781470683,0.6572240078637481,0.10010729064263618,20
credit,gradual_group_mag1.0,lr,global_std,AOD_star,0.8366917293233082,0.12553410118463892,0.7498869249679707,0.10818322976636419,20
credit,gradual_group_mag1.0,lr,global_std,BalAcc,-0.0556390977443609,0.12563727540153255,-0.08065175545460705,0.13668666268610627,20
credit,gradual_group_mag1.0,lr,subgroup_violation_diff,DI_star,-0.3989473684210526,0.49387980249621233,-0.18770890157196013,0.4958512484861887,20
credit,gradual_group_mag1.0,lr,subgroup_violation_diff,AOD_star,-0.41804511278195494,0.5066138409174653,-0.313000005508027,0.5244858002494547,20
credit,gradual_group_mag1.0,lr,subgroup_violation_diff,BalAcc,-0.0020300751879699236,0.20982658957692138,0.029860895413033568,0.21716739005475316,20
credit,gradual_group_mag1.0,lr,max_subgroup_deviation,DI_star,0.711954887218045,0.12438869687849942,0.5408955908254798,0.11322754013711372,20
credit,gradual_group_mag1.0,lr,max_subgroup_deviation,AOD_star,0.7388721804511278,0.13821281195882,0.6483287791936571,0.10080505924889747,20
credit,gradual_group_mag1.0,lr,max_subgroup_deviation,BalAcc,-0.05007518796992481,0.13868143349636988,-0.08848099345937459,0.14151669647310225,20
credit,gradual_group_mag1.0,lr,assignment_proportion_drift,DI_star,0.35349129735503004,0.19963687340166794,0.2628853090763801,0.14427762635391983,20
credit,gradual_group_mag1.0,lr,assignment_proportion_drift,AOD_star,0.3867643090450247,0.2025567034568181,0.37546097446371907,0.13628851571786482,20
credit,gradual_group_mag1.0,lr,assignment_proportion_drift,BalAcc,-0.04185066379342912,0.1989365612556719,-0.05134823017440158,0.21045840389888745,20
credit,gradual_group_mag1.0,lr,ks_statistic,DI_star,0.7168421052631578,0.16659462139679804,0.45320848946571174,0.10130838220825288,20
credit,gradual_group_mag1.0,lr,ks_statistic,AOD_star,0.7440601503759398,0.14216897962891314,0.5530816828794175,0.10678235671921942,20
credit,gradual_group_mag1.0,lr,ks_statistic,BalAcc,-0.07676691729323308,0.14080639247048324,-0.08255113931671451,0.17384609453166985,20
credit,gradual_group_mag1.0,lr,kl_divergence,DI_star,0.7350375939849623,0.14211489007451708,0.7785775171056383,0.09699978197536889,20
credit,gradual_group_mag1.0,lr,kl_divergence,AOD_star,0.7365413533834586,0.11486851794430454,0.7772501233830632,0.06603681789712891,20
credit,gradual_group_mag1.0,lr,kl_divergence,BalAcc,-0.07593984962406015,0.17414903786022484,-0.0943022001607064,0.17531942117400426,20
credit,gradual_group_mag1.0,lr,per_subgroup_ewma[min_neg],DI_star,0.4169931034092881,0.29304562635047865,0.5068853475414683,0.38709357988373877,20
credit,gradual_group_mag1.0,lr,per_subgroup_ewma[min_neg],AOD_star,0.42462478134401926,0.2938032840087345,0.4909679335347737,0.34415203520524645,20
credit,gradual_group_mag1.0,lr,per_subgroup_ewma[min_neg],BalAcc,0.04604727212030353,0.1962880775973748,0.00313637865578391,0.19752216833904285,20
credit,gradual_group_mag1.0,lr,per_subgroup_baseline_relative[min_neg],DI_star,0.2952793635192561,0.2985186721852873,0.34636664518034116,0.4094126656233384,20
credit,gradual_group_mag1.0,lr,per_subgroup_baseline_relative[min_neg],AOD_star,0.2751784192820201,0.28528298472355546,0.32326656819060523,0.39498796968505523,20
credit,gradual_group_mag1.0,lr,per_subgroup_baseline_relative[min_neg],BalAcc,-0.025957166245977013,0.2275340411018759,-0.024421064830266237,0.2304863894597535,20
credit,gradual_group_mag1.0,lr,per_subgroup_ewma[min_pos],DI_star,0.20375939849624056,0.3977179234217237,0.23138447908733806,0.48150227490913233,20
credit,gradual_group_mag1.0,lr,per_subgroup_ewma[min_pos],AOD_star,0.22947368421052627,0.37490244835138536,0.23086720741709482,0.4668422830910808,20
credit,gradual_group_mag1.0,lr,per_subgroup_ewma[min_pos],BalAcc,-0.051353383458646616,0.21818469734899576,-0.06709801168896645,0.2362006176496324,20
credit,gradual_group_mag1.0,lr,per_subgroup_baseline_relative[min_pos],DI_star,0.23864661654135336,0.34093581826817465,0.1979702975883308,0.4280662580016585,20
credit,gradual_group_mag1.0,lr,per_subgroup_baseline_relative[min_pos],AOD_star,0.20398496240601505,0.3452902307244913,0.14881266786225808,0.4515295190640837,20
credit,gradual_group_mag1.0,lr,per_subgroup_baseline_relative[min_pos],BalAcc,-0.06842105263157894,0.20545530679733393,-0.030896590174027717,0.24554607629345968,20
credit,gradual_group_mag1.0,lr,per_subgroup_ewma[maj_neg],DI_star,0.7008270676691728,0.20448942552421606,0.6568774596675873,0.3313887795884982,20
credit,gradual_group_mag1.0,lr,per_subgroup_ewma[maj_neg],AOD_star,0.7055639097744361,0.2440989226078568,0.71356054615482,0.3023363772021059,20
credit,gradual_group_mag1.0,lr,per_subgroup_ewma[maj_neg],BalAcc,-0.043759398496240595,0.17169672998310173,-0.04044917734685324,0.17556191322323253,20
credit,gradual_group_mag1.0,lr,per_subgroup_baseline_relative[maj_neg],DI_star,0.5073684210526316,0.36012962409016447,0.4345368366530299,0.42898260296598706,20
credit,gradual_group_mag1.0,lr,per_subgroup_baseline_relative[maj_neg],AOD_star,0.5042105263157894,0.3990922199616517,0.49154198439290814,0.4238836627444918,20
credit,gradual_group_mag1.0,lr,per_subgroup_baseline_relative[maj_neg],BalAcc,-0.02736842105263158,0.20815561002574137,-0.010466660785092823,0.2106116706446974,20
credit,gradual_group_mag1.0,lr,per_subgroup_ewma[maj_pos],DI_star,0.7614285714285713,0.19352879570004108,0.6611834585395449,0.14312690652642918,20
credit,gradual_group_mag1.0,lr,per_subgroup_ewma[maj_pos],AOD_star,0.7855639097744359,0.19467116493434283,0.767198128428383,0.1619351603085286,20
credit,gradual_group_mag1.0,lr,per_subgroup_ewma[maj_pos],BalAcc,-0.059022556390977456,0.13322482959553247,-0.07641269346250577,0.15424445350987756,20
credit,gradual_group_mag1.0,lr,per_subgroup_baseline_relative[maj_pos],DI_star,0.613609022556391,0.2715405908849774,0.4363605795928144,0.24974820095435413,20
credit,gradual_group_mag1.0,lr,per_subgroup_baseline_relative[maj_pos],AOD_star,0.6376691729323307,0.2893232594219395,0.561091792720274,0.2680874865065149,20
credit,gradual_group_mag1.0,lr,per_subgroup_baseline_relative[maj_pos],BalAcc,-0.03774436090225563,0.15815653198252635,-0.07620160222382902,0.16372012860839374,20
credit,gradual_group_mag1.0,xgb,global_mean,DI_star,-0.47172296690680227,0.09038663564096902,-0.9022647668261783,0.023576445695182156,20
credit,gradual_group_mag1.0,xgb,global_mean,AOD_star,-0.448796992481203,0.09283747622852101,-0.9004407450236324,0.0247643191683104,20
credit,gradual_group_mag1.0,xgb,global_mean,BalAcc,-0.27015037593984964,0.20646856122897367,-0.3699521052556172,0.17425856606021234,20
credit,gradual_group_mag1.0,xgb,global_ewma,DI_star,-0.4969124357831083,0.09784587434213045,-0.731521049798008,0.01845683886406956,20
credit,gradual_group_mag1.0,xgb,global_ewma,AOD_star,-0.4469924812030075,0.09556964778712913,-0.7258423140110178,0.022164488791980318,20
credit,gradual_group_mag1.0,xgb,global_ewma,BalAcc,-0.23781954887218038,0.18977674474007722,-0.2667404902047769,0.185792224358299,20
credit,gradual_group_mag1.0,xgb,global_std,DI_star,-0.4895437601915439,0.08620725573974532,-0.8353181267253793,0.03052817772953545,20
credit,gradual_group_mag1.0,xgb,global_std,AOD_star,-0.4490977443609022,0.09660091737572381,-0.8315300176055811,0.03372530439431218,20
credit,gradual_group_mag1.0,xgb,global_std,BalAcc,-0.2442105263157895,0.19603590280346586,-0.3238251648839383,0.17994567095749775,20
credit,gradual_group_mag1.0,xgb,subgroup_violation_diff,DI_star,0.18918772387104196,0.2459889399210061,0.3231787402513465,0.3036807523484906,20
credit,gradual_group_mag1.0,xgb,subgroup_violation_diff,AOD_star,0.1525563909774436,0.2071678818992765,0.3159201356025973,0.3044623652571195,20
credit,gradual_group_mag1.0,xgb,subgroup_violation_diff,BalAcc,0.08195488721804511,0.21091773494720178,0.0900466928444292,0.22384902523681088,20
credit,gradual_group_mag1.0,xgb,max_subgroup_deviation,DI_star,-0.48739967277717733,0.11578498051204633,-0.8492929255786403,0.04812650930749987,20
credit,gradual_group_mag1.0,xgb,max_subgroup_deviation,AOD_star,-0.4579699248120301,0.09952737541334035,-0.8469449469430941,0.05150689304757414,20
credit,gradual_group_mag1.0,xgb,max_subgroup_deviation,BalAcc,-0.2635338345864662,0.20033827179130545,-0.34265392990392923,0.1743758911598449,20
credit,gradual_group_mag1.0,xgb,assignment_proportion_drift,DI_star,-0.387283956914681,0.0975631039627117,-0.8976555061776545,0.019547237040641537,20
credit,gradual_group_mag1.0,xgb,assignment_proportion_drift,AOD_star,-0.43146638631789613,0.14005003029493257,-0.8988296477025621,0.023264952353985995,20
credit,gradual_group_mag1.0,xgb,assignment_proportion_drift,BalAcc,-0.28852416925073326,0.1963716468680398,-0.3774975498216134,0.18200867565885176,20
credit,gradual_group_mag1.0,xgb,ks_statistic,DI_star,-0.4544680490027013,0.12283159558749293,-0.9507602249523865,0.010634873271004923,20
credit,gradual_group_mag1.0,xgb,ks_statistic,AOD_star,-0.4503007518796992,0.09659061704214486,-0.9507273907349661,0.009204738586717106,20
credit,gradual_group_mag1.0,xgb,ks_statistic,BalAcc,-0.29067669172932326,0.2139279958411281,-0.40157572633547894,0.1633189180986203,20
credit,gradual_group_mag1.0,xgb,kl_divergence,DI_star,-0.34208971507273633,0.11023086393266746,-0.41988911807040197,0.07878945937116526,20
credit,gradual_group_mag1.0,xgb,kl_divergence,AOD_star,-0.32285714285714284,0.13691487778275904,-0.41696931473349635,0.08595548660685538,20
credit,gradual_group_mag1.0,xgb,kl_divergence,BalAcc,-0.1793233082706767,0.20642891032872224,-0.1689197291458522,0.19032483582028326,20
credit,gradual_group_mag1.0,xgb,per_subgroup_ewma[min_neg],DI_star,-0.4075177293443975,0.1412251796230871,-0.56377295349723,0.23258432990871297,20
credit,gradual_group_mag1.0,xgb,per_subgroup_ewma[min_neg],AOD_star,-0.41286441135778384,0.11380864302647829,-0.5585791753568085,0.23498396955604894,20
credit,gradual_group_mag1.0,xgb,per_subgroup_ewma[min_neg],BalAcc,-0.21165953722014516,0.16629395746825876,-0.204631998805467,0.1649183117158798,20
credit,gradual_group_mag1.0,xgb,per_subgroup_baseline_relative[min_neg],DI_star,-0.34940794904708844,0.19867768831245897,-0.3668402870403125,0.08363480766999992,20
credit,gradual_group_mag1.0,xgb,per_subgroup_baseline_relative[min_neg],AOD_star,-0.29743757952071104,0.14864481189404447,-0.3611866906199074,0.09028713037733259,20
credit,gradual_group_mag1.0,xgb,per_subgroup_baseline_relative[min_neg],BalAcc,-0.128841935309761,0.22474996457127025,-0.12071787304682743,0.1990816189067045,20
credit,gradual_group_mag1.0,xgb,per_subgroup_ewma[min_pos],DI_star,-0.4312768167374979,0.10024623985566092,-0.6324755954321098,0.14768547998324003,20
credit,gradual_group_mag1.0,xgb,per_subgroup_ewma[min_pos],AOD_star,-0.48624060150375925,0.08666179242994969,-0.6378186693070518,0.1405836080955273,20
credit,gradual_group_mag1.0,xgb,per_subgroup_ewma[min_pos],BalAcc,-0.2921052631578947,0.153935226783497,-0.3021865743235612,0.15151129839048086,20
credit,gradual_group_mag1.0,xgb,per_subgroup_baseline_relative[min_pos],DI_star,-0.3054345474376069,0.2398012015831699,-0.4051343363377688,0.17655068338796034,20
credit,gradual_group_mag1.0,xgb,per_subgroup_baseline_relative[min_pos],AOD_star,-0.3375187969924812,0.24012428001208047,-0.411497774154313,0.17663330688110138,20
credit,gradual_group_mag1.0,xgb,per_subgroup_baseline_relative[min_pos],BalAcc,-0.21308270676691726,0.20023339877775898,-0.21603779720383903,0.18403211879694148,20
credit,gradual_group_mag1.0,xgb,per_subgroup_ewma[maj_neg],DI_star,-0.4488989636032952,0.10411167510645852,-0.5000609166597247,0.10436607011205491,20
credit,gradual_group_mag1.0,xgb,per_subgroup_ewma[maj_neg],AOD_star,-0.39909774436090223,0.10325955664899247,-0.4921938468269019,0.10642367761665489,20
credit,gradual_group_mag1.0,xgb,per_subgroup_ewma[maj_neg],BalAcc,-0.20150375939849624,0.17408507592038341,-0.164816148147029,0.19116563249997157,20
credit,gradual_group_mag1.0,xgb,per_subgroup_baseline_relative[maj_neg],DI_star,-0.3979593826592198,0.11092479607282056,-0.45682470303295963,0.10003296456296829,20
credit,gradual_group_mag1.0,xgb,per_subgroup_baseline_relative[maj_neg],AOD_star,-0.3809774436090225,0.1333668221648055,-0.4518801339598208,0.10297477449614263,20
credit,gradual_group_mag1.0,xgb,per_subgroup_baseline_relative[maj_neg],BalAcc,-0.21172932330827066,0.195585632427815,-0.16217432970850548,0.19497692025581925,20
credit,gradual_group_mag1.0,xgb,per_subgroup_ewma[maj_pos],DI_star,-0.5088665311022509,0.09877000414286242,-0.6637470682016937,0.04308680686245756,20
credit,gradual_group_mag1.0,xgb,per_subgroup_ewma[maj_pos],AOD_star,-0.4499999999999999,0.10034580381718226,-0.6570226691667975,0.044190858343768874,20
credit,gradual_group_mag1.0,xgb,per_subgroup_ewma[maj_pos],BalAcc,-0.23503759398496232,0.19381941995180743,-0.23276616701232963,0.18591532759685694,20
credit,gradual_group_mag1.0,xgb,per_subgroup_baseline_relative[maj_pos],DI_star,-0.48845264374136876,0.11064115028999251,-0.7914369649859412,0.05968569276696564,20
credit,gradual_group_mag1.0,xgb,per_subgroup_baseline_relative[maj_pos],AOD_star,-0.44857142857142857,0.09059211257602426,-0.7879280770089924,0.060657489925497174,20
credit,gradual_group_mag1.0,xgb,per_subgroup_baseline_relative[maj_pos],BalAcc,-0.26646616541353385,0.19115355091427283,-0.31883057524763736,0.17652017901013506,20
credit,gradual_group_mag2.0,lr,global_mean,DI_star,0.6536842105263158,0.26112733243948516,0.51660983499257,0.11280292658587741,20
credit,gradual_group_mag2.0,lr,global_mean,AOD_star,0.8278195488721802,0.07212795710204782,0.8021202651115849,0.05336078867053814,20
credit,gradual_group_mag2.0,lr,global_mean,BalAcc,-0.14090225563909772,0.16645067882401945,-0.15406932429438874,0.15653028810956507,20
credit,gradual_group_mag2.0,lr,global_ewma,DI_star,0.6344360902255639,0.2879488792639505,0.5840601531802488,0.174920057944554,20
credit,gradual_group_mag2.0,lr,global_ewma,AOD_star,0.8321804511278195,0.07425648568083415,0.900753716692275,0.028700850433095153,20
credit,gradual_group_mag2.0,lr,global_ewma,BalAcc,-0.1458646616541353,0.1680480563567865,-0.16750267150630002,0.15582708211379764,20
credit,gradual_group_mag2.0,lr,global_std,DI_star,0.6515037593984963,0.2726838177623386,0.5567790681958324,0.1283681708197444,20
credit,gradual_group_mag2.0,lr,global_std,AOD_star,0.8368421052631578,0.07132402321068264,0.8567951675984388,0.0393943118603769,20
credit,gradual_group_mag2.0,lr,global_std,BalAcc,-0.14571428571428569,0.16867187284693957,-0.1544964979554479,0.15890878122867905,20
credit,gradual_group_mag2.0,lr,subgroup_violation_diff,DI_star,0.06669172932330827,0.48737518931486834,0.18367331809318302,0.4261007551973807,20
credit,gradual_group_mag2.0,lr,subgroup_violation_diff,AOD_star,0.16466165413533834,0.5057991473226329,0.22444381263431032,0.492441451845573,20
credit,gradual_group_mag2.0,lr,subgroup_violation_diff,BalAcc,-0.05315789473684209,0.19141757051593178,-0.053304481103988166,0.20342064942471869,20
credit,gradual_group_mag2.0,lr,max_subgroup_deviation,DI_star,0.6496992481203007,0.20370555291089112,0.5044376245357058,0.13729515615957513,20
credit,gradual_group_mag2.0,lr,max_subgroup_deviation,AOD_star,0.7739097744360901,0.08941019419218796,0.7805364163986421,0.061572116345485865,20
credit,gradual_group_mag2.0,lr,max_subgroup_deviation,BalAcc,-0.13172932330827067,0.15617712388354135,-0.14165678695798767,0.15235051699647922,20
credit,gradual_group_mag2.0,lr,assignment_proportion_drift,DI_star,0.3217634511439001,0.1855687972082539,0.29299187291499895,0.11030056891944533,20
credit,gradual_group_mag2.0,lr,assignment_proportion_drift,AOD_star,0.3794763155054806,0.16528506948528363,0.5022085110180955,0.11166830815206259,20
credit,gradual_group_mag2.0,lr,assignment_proportion_drift,BalAcc,-0.04770294495269385,0.1779163341429187,-0.08439450764976934,0.18950689466025167,20
credit,gradual_group_mag2.0,lr,ks_statistic,DI_star,0.6117293233082707,0.2149332519342756,0.4389281644219496,0.07610056719356428,20
credit,gradual_group_mag2.0,lr,ks_statistic,AOD_star,0.7592481203007517,0.10141059495023684,0.6943453779767437,0.07308164315143882,20
credit,gradual_group_mag2.0,lr,ks_statistic,BalAcc,-0.1467669172932331,0.15563611925521662,-0.14819274598788776,0.17907791858591557,20
credit,gradual_group_mag2.0,lr,kl_divergence,DI_star,0.6415789473684211,0.2824115700047001,0.28932852328554964,0.46723446915626415,20
credit,gradual_group_mag2.0,lr,kl_divergence,AOD_star,0.8127067669172933,0.09245671782964149,0.5878364441563355,0.18992406994635416,20
credit,gradual_group_mag2.0,lr,kl_divergence,BalAcc,-0.14278195488721807,0.18115369185095484,-0.17441136727766596,0.2207448700184443,20
credit,gradual_group_mag2.0,lr,per_subgroup_ewma[min_neg],DI_star,0.4307142432911302,0.33252179768210927,0.38605047487772076,0.36430127186640227,20
credit,gradual_group_mag2.0,lr,per_subgroup_ewma[min_neg],AOD_star,0.4377819973103735,0.3535711564670203,0.40190926192478466,0.3712232337898966,20
credit,gradual_group_mag2.0,lr,per_subgroup_ewma[min_neg],BalAcc,-0.07526870118705449,0.22099597138944377,-0.09542423148947729,0.2425296536582951,20
credit,gradual_group_mag2.0,lr,per_subgroup_baseline_relative[min_neg],DI_star,-0.036891540442411316,0.23343343163301863,-0.03864861293894173,0.2735552856716269,20
credit,gradual_group_mag2.0,lr,per_subgroup_baseline_relative[min_neg],AOD_star,-0.06808473222117502,0.1801283093520633,-0.04088733862933377,0.23869253052127923,20
credit,gradual_group_mag2.0,lr,per_subgroup_baseline_relative[min_neg],BalAcc,0.002873558073895299,0.25240046339415373,-0.018956250951455655,0.25723550605993123,20
credit,gradual_group_mag2.0,lr,per_subgroup_ewma[min_pos],DI_star,0.4799248120300752,0.3155352628787495,0.37127005217532405,0.317838152601651,20
credit,gradual_group_mag2.0,lr,per_subgroup_ewma[min_pos],AOD_star,0.6680451127819549,0.21158481216254552,0.653978720395603,0.22927237528486166,20
credit,gradual_group_mag2.0,lr,per_subgroup_ewma[min_pos],BalAcc,-0.1481954887218045,0.1664835351697468,-0.19779997771891683,0.1479176804135637,20
credit,gradual_group_mag2.0,lr,per_subgroup_baseline_relative[min_pos],DI_star,0.5054887218045112,0.2778409750912413,0.4635256555141375,0.293162431484077,20
credit,gradual_group_mag2.0,lr,per_subgroup_baseline_relative[min_pos],AOD_star,0.6421804511278194,0.22726947910865805,0.6595572301659562,0.28888665484970383,20
credit,gradual_group_mag2.0,lr,per_subgroup_baseline_relative[min_pos],BalAcc,-0.11909774436090226,0.16488678947655577,-0.14177411811609675,0.15969818445182832,20
credit,gradual_group_mag2.0,lr,per_subgroup_ewma[maj_neg],DI_star,0.5981954887218045,0.26235520976598925,0.4489972233495929,0.3712626831164782,20
credit,gradual_group_mag2.0,lr,per_subgroup_ewma[maj_neg],AOD_star,0.5886466165413534,0.32058319115694683,0.5201049656313002,0.37705573531053965,20
credit,gradual_group_mag2.0,lr,per_subgroup_ewma[maj_neg],BalAcc,-0.024511278195488723,0.2209032792986718,-0.054547189722516175,0.21614584352417884,20
credit,gradual_group_mag2.0,lr,per_subgroup_baseline_relative[maj_neg],DI_star,0.1469172932330827,0.2896121531917928,0.012083509635015895,0.333330480680504,20
credit,gradual_group_mag2.0,lr,per_subgroup_baseline_relative[maj_neg],AOD_star,0.035263157894736843,0.2464892735064886,0.002566089659269405,0.28953013428826013,20
credit,gradual_group_mag2.0,lr,per_subgroup_baseline_relative[maj_neg],BalAcc,0.007744360902255633,0.2758987800048885,-0.046560437819459,0.2789891492790832,20
credit,gradual_group_mag2.0,lr,per_subgroup_ewma[maj_pos],DI_star,0.6478947368421052,0.23858045664408084,0.5485760579319308,0.19223706949774794,20
credit,gradual_group_mag2.0,lr,per_subgroup_ewma[maj_pos],AOD_star,0.7730075187969925,0.18658586686639933,0.824696562610454,0.20336603810048492,20
credit,gradual_group_mag2.0,lr,per_subgroup_ewma[maj_pos],BalAcc,-0.05240601503759398,0.21539812827905488,-0.108622888852784,0.18265619876830808,20
credit,gradual_group_mag2.0,lr,per_subgroup_baseline_relative[maj_pos],DI_star,0.41563909774436086,0.28738663713151974,0.2759886230921013,0.27678302265126337,20
credit,gradual_group_mag2.0,lr,per_subgroup_baseline_relative[maj_pos],AOD_star,0.47819548872180456,0.2677709530240284,0.5010872175699509,0.3121466203823931,20
credit,gradual_group_mag2.0,lr,per_subgroup_baseline_relative[maj_pos],BalAcc,-0.06112781954887216,0.2078347137650553,-0.0797313857563678,0.21893351189109497,20
credit,gradual_group_mag2.0,xgb,global_mean,DI_star,-0.46503120930139036,0.09504219622652633,-0.8954566348341301,0.017164405490797417,20
credit,gradual_group_mag2.0,xgb,global_mean,AOD_star,-0.4390977443609022,0.09459829946180955,-0.8934191527689584,0.018875229366425997,20
credit,gradual_group_mag2.0,xgb,global_mean,BalAcc,-0.26458646616541354,0.20412417754283438,-0.3649593070902018,0.170188229111342,20
credit,gradual_group_mag2.0,xgb,global_ewma,DI_star,-0.49616055608386017,0.09717215000734655,-0.7139294354968434,0.0132839061557083,20
credit,gradual_group_mag2.0,xgb,global_ewma,AOD_star,-0.4461654135338346,0.09552139633970072,-0.7081445801362232,0.018545065040744376,20
credit,gradual_group_mag2.0,xgb,global_ewma,BalAcc,-0.23812030075187965,0.18839187227915272,-0.2576678916042355,0.18604147170847202,20
credit,gradual_group_mag2.0,xgb,global_std,DI_star,-0.484881229310992,0.09469144049178961,-0.8402851657423549,0.019913074002972386,20
credit,gradual_group_mag2.0,xgb,global_std,AOD_star,-0.444812030075188,0.09111044773499809,-0.8364730329567047,0.023015972843929828,20
credit,gradual_group_mag2.0,xgb,global_std,BalAcc,-0.2502255639097744,0.1928112771385019,-0.3244356047825551,0.17157758111274185,20
credit,gradual_group_mag2.0,xgb,subgroup_violation_diff,DI_star,-0.04329096202925094,0.2720897331797371,0.06252245913807186,0.3194090390980323,20
credit,gradual_group_mag2.0,xgb,subgroup_violation_diff,AOD_star,0.08157894736842104,0.27494540235799503,0.07133027621471558,0.3171799507478049,20
credit,gradual_group_mag2.0,xgb,subgroup_violation_diff,BalAcc,0.10969924812030071,0.21542080319453732,0.09457769045234783,0.21622436092995842,20
credit,gradual_group_mag2.0,xgb,max_subgroup_deviation,DI_star,-0.47650047160527514,0.10317363698642854,-0.8583902673402684,0.0283627351836609,20
credit,gradual_group_mag2.0,xgb,max_subgroup_deviation,AOD_star,-0.4671428571428572,0.1140324409618757,-0.8547920928125734,0.03271229485442676,20
credit,gradual_group_mag2.0,xgb,max_subgroup_deviation,BalAcc,-0.28022556390977443,0.2058307034388948,-0.33747903348555663,0.17190565664080468,20
credit,gradual_group_mag2.0,xgb,assignment_proportion_drift,DI_star,-0.4120904385605133,0.1354822866691244,-0.9107234310787851,0.02339854804343531,20
credit,gradual_group_mag2.0,xgb,assignment_proportion_drift,AOD_star,-0.4777472895904767,0.12675191624001256,-0.9147266342101084,0.024241756542039035,20
credit,gradual_group_mag2.0,xgb,assignment_proportion_drift,BalAcc,-0.3236351171567108,0.20018529255308198,-0.4117971213891497,0.1480539809666188,20
credit,gradual_group_mag2.0,xgb,ks_statistic,DI_star,-0.45977000287180614,0.12096140920527063,-0.954418863362284,0.009871171504451956,20
credit,gradual_group_mag2.0,xgb,ks_statistic,AOD_star,-0.4551879699248119,0.09186246961988909,-0.9545398673849099,0.008448511271286445,20
credit,gradual_group_mag2.0,xgb,ks_statistic,BalAcc,-0.30097744360902245,0.20462804881741983,-0.40543322728083553,0.15857345797286743,20
credit,gradual_group_mag2.0,xgb,kl_divergence,DI_star,-0.4212664937696614,0.11263751548391948,-0.29951835566016355,0.020964235001891863,20
credit,gradual_group_mag2.0,xgb,kl_divergence,AOD_star,-0.3875187969924812,0.11429966278156377,-0.2949634784981151,0.03181252537694861,20
credit,gradual_group_mag2.0,xgb,kl_divergence,BalAcc,-0.21721804511278195,0.1922004972660108,-0.10254138479833137,0.21466208383795352,20
credit,gradual_group_mag2.0,xgb,per_subgroup_ewma[min_neg],DI_star,-0.37987425777243944,0.2600193620181867,-0.5484429217999065,0.23077377294351342,20
credit,gradual_group_mag2.0,xgb,per_subgroup_ewma[min_neg],AOD_star,-0.36331732094986335,0.19286137490142133,-0.5456710400040011,0.22917987470705442,20
credit,gradual_group_mag2.0,xgb,per_subgroup_ewma[min_neg],BalAcc,-0.20466733883817426,0.11881584468308853,-0.22963297192008722,0.12573152615738034,20
credit,gradual_group_mag2.0,xgb,per_subgroup_baseline_relative[min_neg],DI_star,-0.10780550038329637,0.23526904845121027,-0.24386336442130951,0.10013817112695504,20
credit,gradual_group_mag2.0,xgb,per_subgroup_baseline_relative[min_neg],AOD_star,-0.18820201515325163,0.22497646612966707,-0.2474316508520038,0.10190813625015863,20
credit,gradual_group_mag2.0,xgb,per_subgroup_baseline_relative[min_neg],BalAcc,-0.15453121996101365,0.2246606946657306,-0.13764330159077098,0.19634441893923496,20
credit,gradual_group_mag2.0,xgb,per_subgroup_ewma[min_pos],DI_star,-0.5098095058987656,0.11406824493033632,-0.5151019923401814,0.10879559367811947,20
credit,gradual_group_mag2.0,xgb,per_subgroup_ewma[min_pos],AOD_star,-0.4390225563909774,0.1311787469221771,-0.5071352175359325,0.1143816347405398,20
credit,gradual_group_mag2.0,xgb,per_subgroup_ewma[min_pos],BalAcc,-0.23706766917293226,0.18983095270353137,-0.18052721645350453,0.19702425637658477,20
credit,gradual_group_mag2.0,xgb,per_subgroup_baseline_relative[min_pos],DI_star,-0.42866692309178217,0.1655838442675331,-0.5117509502504435,0.1442195166817622,20
credit,gradual_group_mag2.0,xgb,per_subgroup_baseline_relative[min_pos],AOD_star,-0.35233082706766916,0.17112167490322724,-0.503661602407823,0.1459501943729714,20
credit,gradual_group_mag2.0,xgb,per_subgroup_baseline_relative[min_pos],BalAcc,-0.1956390977443609,0.21357137232271983,-0.16678006640992182,0.19156529977243286,20
credit,gradual_group_mag2.0,xgb,per_subgroup_ewma[maj_neg],DI_star,-0.3903259795161652,0.16525298420018533,-0.5372606809714922,0.11842424189755175,20
credit,gradual_group_mag2.0,xgb,per_subgroup_ewma[maj_neg],AOD_star,-0.420375939849624,0.1164005698287305,-0.5384173872395873,0.12102940495067895,20
credit,gradual_group_mag2.0,xgb,per_subgroup_ewma[maj_neg],BalAcc,-0.26751879699248116,0.13726934873652458,-0.22931223463735306,0.13998845937109256,20
credit,gradual_group_mag2.0,xgb,per_subgroup_baseline_relative[maj_neg],DI_star,-0.24088871558329936,0.173979047927499,-0.30982316678828514,0.07937877212398395,20
credit,gradual_group_mag2.0,xgb,per_subgroup_baseline_relative[maj_neg],AOD_star,-0.3012030075187969,0.1576317896456885,-0.320288769583836,0.08120581847653928,20
credit,gradual_group_mag2.0,xgb,per_subgroup_baseline_relative[maj_neg],BalAcc,-0.21436090225563906,0.1550232813562248,-0.21842126033239123,0.1438293911593907,20
credit,gradual_group_mag2.0,xgb,per_subgroup_ewma[maj_pos],DI_star,-0.42886520184337884,0.131310139664196,-0.7316714334966264,0.05563467674779188,20
credit,gradual_group_mag2.0,xgb,per_subgroup_ewma[maj_pos],AOD_star,-0.43127819548872176,0.09853652393251236,-0.7284651058657732,0.05890758388356988,20
credit,gradual_group_mag2.0,xgb,per_subgroup_ewma[maj_pos],BalAcc,-0.25037593984962403,0.17513374874882592,-0.2778216730890423,0.16819559821304172,20
credit,gradual_group_mag2.0,xgb,per_subgroup_baseline_relative[maj_pos],DI_star,-0.4043261576939502,0.10979323186768453,-0.7858605675316463,0.10564565132427954,20
credit,gradual_group_mag2.0,xgb,per_subgroup_baseline_relative[maj_pos],AOD_star,-0.4782706766917294,0.10841622944023485,-0.789193695737062,0.10417064362411932,20
credit,gradual_group_mag2.0,xgb,per_subgroup_baseline_relative[maj_pos],BalAcc,-0.32120300751879693,0.17615012176145137,-0.35179202430599366,0.15795254914047716,20
credit,gradual_global_mag0.5,lr,global_mean,DI_star,-0.9598496240601504,0.026579133476605916,-0.8514222791699211,0.05678001587644768,20
credit,gradual_global_mag0.5,lr,global_mean,AOD_star,-0.3694736842105263,0.32966820268610575,-0.38856742619307216,0.2691421636148412,20
credit,gradual_global_mag0.5,lr,global_mean,BalAcc,-0.21330827067669172,0.1956380430294109,-0.14305791660293338,0.20141837995442188,20
credit,gradual_global_mag0.5,lr,global_ewma,DI_star,-0.9614285714285715,0.026584131323325932,-0.9708785305468878,0.028211922443220003,20
credit,gradual_global_mag0.5,lr,global_ewma,AOD_star,-0.3675187969924812,0.33082139434643293,-0.40958842672382934,0.3111385576943119,20
credit,gradual_global_mag0.5,lr,global_ewma,BalAcc,-0.21000000000000002,0.19842746302186465,-0.2123548519254049,0.19193978196899922,20
credit,gradual_global_mag0.5,lr,global_std,DI_star,-0.3381954887218045,0.2616877949138953,-0.27169171191466657,0.21985029568458428,20
credit,gradual_global_mag0.5,lr,global_std,AOD_star,-0.07481203007518797,0.25801718963140424,-0.07013382545211615,0.25304720178616974,20
credit,gradual_global_mag0.5,lr,global_std,BalAcc,-0.1295488721804511,0.21638061860286636,-0.16560490823423096,0.20985016556079025,20
credit,gradual_global_mag0.5,lr,subgroup_violation_diff,DI_star,-0.5938345864661654,0.324653922811545,-0.6711515611549832,0.22295886678474075,20
credit,gradual_global_mag0.5,lr,subgroup_violation_diff,AOD_star,-0.197593984962406,0.3061657089677585,-0.19833700942362004,0.3362728151454182,20
credit,gradual_global_mag0.5,lr,subgroup_violation_diff,BalAcc,-0.15172932330827069,0.18705273977609121,-0.20148468953363383,0.23030337913566126,20
credit,gradual_global_mag0.5,lr,max_subgroup_deviation,DI_star,-0.9047368421052632,0.0830822304616701,-0.8351983611883973,0.054399319171647434,20
credit,gradual_global_mag0.5,lr,max_subgroup_deviation,AOD_star,-0.33744360902255643,0.3145321910079818,-0.3785839986089809,0.2710215887087999,20
credit,gradual_global_mag0.5,lr,max_subgroup_deviation,BalAcc,-0.18300751879699245,0.17730471179049476,-0.1391396995331384,0.20933505719073148,20
credit,gradual_global_mag0.5,lr,assignment_proportion_drift,DI_star,-0.6397328661236937,0.23611921424879098,-0.8148595609290185,0.08805377711875408,20
credit,gradual_global_mag0.5,lr,assignment_proportion_drift,AOD_star,-0.2475567179632699,0.27833889633513553,-0.36800370831574847,0.2631773173491724,20
credit,gradual_global_mag0.5,lr,assignment_proportion_drift,BalAcc,-0.10602698140965812,0.24216675433791468,-0.13361465436843756,0.21803890914111185,20
credit,gradual_global_mag0.5,lr,ks_statistic,DI_star,-0.9597744360902254,0.028043701712168263,-0.8480523520335762,0.05279179438075312,20
credit,gradual_global_mag0.5,lr,ks_statistic,AOD_star,-0.3657142857142857,0.32845031404525576,-0.38876458257579527,0.2681781521568919,20
credit,gradual_global_mag0.5,lr,ks_statistic,BalAcc,-0.21714285714285708,0.19500947617910647,-0.13585611419399904,0.20497652411738257,20
credit,gradual_global_mag0.5,lr,kl_divergence,DI_star,-0.9323308270676691,0.03576924935615108,-0.8388299195161395,0.03645255763043825,20
credit,gradual_global_mag0.5,lr,kl_divergence,AOD_star,-0.3636842105263158,0.33391459956930425,-0.28779561650797536,0.32430297859691687,20
credit,gradual_global_mag0.5,lr,kl_divergence,BalAcc,-0.20894736842105263,0.2027926877764931,-0.2510399871965607,0.21311956332460977,20
credit,gradual_global_mag0.5,lr,per_subgroup_ewma[min_neg],DI_star,-0.9312586879090509,0.06806859785427351,-0.958826553649877,0.03471729542746592,20
credit,gradual_global_mag0.5,lr,per_subgroup_ewma[min_neg],AOD_star,-0.3713983732137165,0.329710025313758,-0.41103649157748495,0.3163426347976911,20
credit,gradual_global_mag0.5,lr,per_subgroup_ewma[min_neg],BalAcc,-0.2238004004746942,0.22711249662477426,-0.20887276949883113,0.2167578602711075,20
credit,gradual_global_mag0.5,lr,per_subgroup_baseline_relative[min_neg],DI_star,-0.7226088901995744,0.1923173139910794,-0.7651207116505673,0.12410728427478478,20
credit,gradual_global_mag0.5,lr,per_subgroup_baseline_relative[min_neg],AOD_star,-0.25162042665887213,0.25163149025738385,-0.34294186051131287,0.2663153700876471,20
credit,gradual_global_mag0.5,lr,per_subgroup_baseline_relative[min_neg],BalAcc,-0.18254497286811835,0.18916363730886654,-0.14494387854446653,0.23458383612775285,20
credit,gradual_global_mag0.5,lr,per_subgroup_ewma[min_pos],DI_star,-0.9600751879699245,0.026125953305989755,-0.9647059089811023,0.026320330460357803,20
credit,gradual_global_mag0.5,lr,per_subgroup_ewma[min_pos],AOD_star,-0.37045112781954886,0.3306432418194052,-0.392260052644505,0.31804174256594797,20
credit,gradual_global_mag0.5,lr,per_subgroup_ewma[min_pos],BalAcc,-0.21466165413533833,0.2010689253946068,-0.22091119417099697,0.19643647691806462,20
credit,gradual_global_mag0.5,lr,per_subgroup_baseline_relative[min_pos],DI_star,-0.9145864661654135,0.04551599257117018,-0.8914967835890801,0.0542715828539996,20
credit,gradual_global_mag0.5,lr,per_subgroup_baseline_relative[min_pos],AOD_star,-0.3657142857142856,0.3211343594801299,-0.3826137462909222,0.28871460655516656,20
credit,gradual_global_mag0.5,lr,per_subgroup_baseline_relative[min_pos],BalAcc,-0.17729323308270678,0.21037959441541867,-0.15726820265253455,0.213223511680546,20
credit,gradual_global_mag0.5,lr,per_subgroup_ewma[maj_neg],DI_star,-0.9617293233082705,0.027227909150161857,-0.964136353889226,0.03241329911891737,20
credit,gradual_global_mag0.5,lr,per_subgroup_ewma[maj_neg],AOD_star,-0.3717293233082707,0.32900234986267496,-0.41592124941511593,0.30426475082431265,20
credit,gradual_global_mag0.5,lr,per_subgroup_ewma[maj_neg],BalAcc,-0.21120300751879695,0.19126287059714403,-0.19905974122585007,0.1907005254446091,20
credit,gradual_global_mag0.5,lr,per_subgroup_baseline_relative[maj_neg],DI_star,-0.6684691534180515,0.1524545612103981,-0.7761917842826458,0.07057022440330693,20
credit,gradual_global_mag0.5,lr,per_subgroup_baseline_relative[maj_neg],AOD_star,-0.2947484943319716,0.20913584095448495,-0.37174006003474747,0.248116016138235,20
credit,gradual_global_mag0.5,lr,per_subgroup_baseline_relative[maj_neg],BalAcc,-0.09462933476270881,0.20430121905820223,-0.10425251110933972,0.21307232696288914,20
credit,gradual_global_mag0.5,lr,per_subgroup_ewma[maj_pos],DI_star,-0.9626315789473683,0.02622443865282703,-0.9697656429234499,0.029320079667103247,20
credit,gradual_global_mag0.5,lr,per_subgroup_ewma[maj_pos],AOD_star,-0.36669172932330824,0.3318154323512925,-0.411571601969547,0.3090049953901826,20
credit,gradual_global_mag0.5,lr,per_subgroup_ewma[maj_pos],BalAcc,-0.21300751879699248,0.19325342919708516,-0.20976942358347722,0.19026078377872507,20
credit,gradual_global_mag0.5,lr,per_subgroup_baseline_relative[maj_pos],DI_star,-0.9461654135338344,0.02207301622145875,-0.8336405471153912,0.06074699595472118,20
credit,gradual_global_mag0.5,lr,per_subgroup_baseline_relative[maj_pos],AOD_star,-0.35616541353383463,0.32737925698977005,-0.3835086377993257,0.26004250990194694,20
credit,gradual_global_mag0.5,lr,per_subgroup_baseline_relative[maj_pos],BalAcc,-0.20195488721804508,0.19144050190512812,-0.13619790656647557,0.20109843547367764,20
credit,gradual_global_mag0.5,xgb,global_mean,DI_star,0.6882236797943879,0.005289753509570991,0.9711275687558489,0.011781532543433546,20
credit,gradual_global_mag0.5,xgb,global_mean,AOD_star,0.6894067490986133,0.005202659817144735,0.9079923931762194,0.05861952735309631,20
credit,gradual_global_mag0.5,xgb,global_mean,BalAcc,-0.6889765420788949,0.005049208402760362,-0.9769228800897911,0.009768125320776682,20
credit,gradual_global_mag0.5,xgb,global_ewma,DI_star,0.6873632657549512,0.005245836157609332,0.7896398067904025,0.011064519353239047,20
credit,gradual_global_mag0.5,xgb,global_ewma,AOD_star,0.6888689903239654,0.006117227661496656,0.7383557006181366,0.048697108365995834,20
credit,gradual_global_mag0.5,xgb,global_ewma,BalAcc,-0.6881161280394583,0.006155870112510951,-0.7943609356225856,0.009680172752268915,20
credit,gradual_global_mag0.5,xgb,global_std,DI_star,-0.2397866376155005,0.2736932198655038,-0.24092367726003375,0.24797652528135186,20
credit,gradual_global_mag0.5,xgb,global_std,AOD_star,-0.2400017411253597,0.26869762257432905,-0.22972668897919463,0.22641659958573437,20
credit,gradual_global_mag0.5,xgb,global_std,BalAcc,0.239141327085923,0.26809079610576403,0.2415525638681127,0.2451973717643241,20
credit,gradual_global_mag0.5,xgb,subgroup_violation_diff,DI_star,0.35906153383240574,0.29864999409091436,0.39323664705725203,0.22012956028714817,20
credit,gradual_global_mag0.5,xgb,subgroup_violation_diff,AOD_star,0.35938418909719444,0.29929728282247425,0.36902023956169444,0.2065855144065802,20
credit,gradual_global_mag0.5,xgb,subgroup_violation_diff,BalAcc,-0.35927663734226484,0.2935188626475335,-0.39671490050321384,0.22204320305867045,20
credit,gradual_global_mag0.5,xgb,max_subgroup_deviation,DI_star,0.6888689903239653,0.004706541477332222,0.9709849227553594,0.012229125989958603,20
credit,gradual_global_mag0.5,xgb,max_subgroup_deviation,AOD_star,0.6900520596281907,0.005251345912470791,0.9080583952947408,0.05878559505005211,20
credit,gradual_global_mag0.5,xgb,max_subgroup_deviation,BalAcc,-0.6885463350591767,0.005767823232965132,-0.9767066793058652,0.009428847012364926,20
credit,gradual_global_mag0.5,xgb,assignment_proportion_drift,DI_star,0.6896376256229376,0.005937621188312289,0.9626323001546154,0.018456044096705752,20
credit,gradual_global_mag0.5,xgb,assignment_proportion_drift,AOD_star,0.6892077423409506,0.005697985652494802,0.8995960468174907,0.054064043080811156,20
credit,gradual_global_mag0.5,xgb,assignment_proportion_drift,BalAcc,-0.6903367923927444,0.006038011193317681,-0.9683282158703671,0.018607716155203312,20
credit,gradual_global_mag0.5,xgb,ks_statistic,DI_star,0.6896218526084725,0.006174632332525884,0.9775630838833254,0.008494938830928993,20
credit,gradual_global_mag0.5,xgb,ks_statistic,AOD_star,0.6892991973436837,0.0065057700065153995,0.9139632559023934,0.057485651968034374,20
credit,gradual_global_mag0.5,xgb,ks_statistic,BalAcc,-0.6873632657549511,0.006434256210208041,-0.9833224197905114,0.0021401862966640177,20
credit,gradual_global_mag0.5,xgb,kl_divergence,DI_star,0.632780750128189,0.0591547118207478,0.4863576394027983,0.02302240020483629,20
credit,gradual_global_mag0.5,xgb,kl_divergence,AOD_star,0.6346091299619918,0.05977447010122308,0.4559649009567385,0.03853902527309297,20
credit,gradual_global_mag0.5,xgb,kl_divergence,BalAcc,-0.6343940264521326,0.06403103914036556,-0.4894264432023143,0.023495138142865735,20
credit,gradual_global_mag0.5,xgb,per_subgroup_ewma[min_neg],DI_star,0.6883440560396384,0.007155192272700762,0.8033840854994011,0.018364110168355357,20
credit,gradual_global_mag0.5,xgb,per_subgroup_ewma[min_neg],AOD_star,0.6880214007748499,0.006157445300711006,0.7510344842657638,0.04889010643047583,20
credit,gradual_global_mag0.5,xgb,per_subgroup_ewma[min_neg],BalAcc,-0.6913020327187427,0.0058556876149006435,-0.8081471070874688,0.016435115680302703,20
credit,gradual_global_mag0.5,xgb,per_subgroup_baseline_relative[min_neg],DI_star,0.658771181575809,0.07068394384040531,0.9209122199549669,0.0917730301912446,20
credit,gradual_global_mag0.5,xgb,per_subgroup_baseline_relative[min_neg],AOD_star,0.6584102311173331,0.06927079126642076,0.8625717474605535,0.11079716264375451,20
credit,gradual_global_mag0.5,xgb,per_subgroup_baseline_relative[min_neg],BalAcc,-0.661449102399523,0.06873655971893536,-0.9260505744797778,0.089414439021345,20
credit,gradual_global_mag0.5,xgb,per_subgroup_ewma[min_pos],DI_star,0.6886538868141063,0.006912658441744062,0.748834805524069,0.029126851681698176,20
credit,gradual_global_mag0.5,xgb,per_subgroup_ewma[min_pos],AOD_star,0.6898369561183316,0.0063117395922330415,0.6996947857034715,0.0439799930999647,20
credit,gradual_global_mag0.5,xgb,per_subgroup_ewma[min_pos],BalAcc,-0.6873632657549513,0.006064049882976525,-0.7532349348906512,0.027442123387099813,20
credit,gradual_global_mag0.5,xgb,per_subgroup_baseline_relative[min_pos],DI_star,0.6883312315493176,0.006869855191545553,0.91980764988209,0.02645241855792116,20
credit,gradual_global_mag0.5,xgb,per_subgroup_baseline_relative[min_pos],AOD_star,0.6888689903239655,0.005806798831222007,0.8593879889872094,0.0490106419761377,20
credit,gradual_global_mag0.5,xgb,per_subgroup_baseline_relative[min_pos],BalAcc,-0.6891916455887542,0.00653858061334776,-0.9251949479400638,0.025339638942121392,20
credit,gradual_global_mag0.5,xgb,per_subgroup_ewma[maj_neg],DI_star,0.6881161280394583,0.005605087336392101,0.8181268714946996,0.009887030775244717,20
credit,gradual_global_mag0.5,xgb,per_subgroup_ewma[maj_neg],AOD_star,0.6866104034704441,0.005295217567953256,0.7648855417636911,0.05041792501064606,20
credit,gradual_global_mag0.5,xgb,per_subgroup_ewma[maj_neg],BalAcc,-0.6867179552253737,0.006555365486151588,-0.8230204333736741,0.006730138663425148,20
credit,gradual_global_mag0.5,xgb,per_subgroup_baseline_relative[maj_neg],DI_star,0.688236787475347,0.006767241265962882,0.9878171961837513,0.00839577690450819,20
credit,gradual_global_mag0.5,xgb,per_subgroup_baseline_relative[maj_neg],AOD_star,0.6885594427401357,0.006608348151340603,0.9233837793268022,0.05820996672855708,20
credit,gradual_global_mag0.5,xgb,per_subgroup_baseline_relative[maj_neg],BalAcc,-0.6864080839951006,0.00661380271948484,-0.9936965695388821,0.003050236756352191,20
credit,gradual_global_mag0.5,xgb,per_subgroup_ewma[maj_pos],DI_star,0.6890840938338245,0.005237008492696383,0.7985526594190425,0.010622003193629654,20
credit,gradual_global_mag0.5,xgb,per_subgroup_ewma[maj_pos],AOD_star,0.6892991973436836,0.005111820751343844,0.7467444976311085,0.04914561361852934,20
credit,gradual_global_mag0.5,xgb,per_subgroup_ewma[maj_pos],BalAcc,-0.6872557140000217,0.005112952060586717,-0.803279297636038,0.007232940310484573,20
credit,gradual_global_mag0.5,xgb,per_subgroup_baseline_relative[maj_pos],DI_star,0.6894067490986132,0.00422063563722176,0.975841749168892,0.011330016955877736,20
credit,gradual_global_mag0.5,xgb,per_subgroup_baseline_relative[maj_pos],AOD_star,0.6905898184028387,0.004686838443773569,0.9126840968249988,0.05796616250318427,20
credit,gradual_global_mag0.5,xgb,per_subgroup_baseline_relative[maj_pos],BalAcc,-0.6888689903239655,0.005436419397953535,-0.9815713405786898,0.007057250780030991,20
credit,gradual_global_mag1.0,lr,global_mean,DI_star,-0.8242105263157894,0.2780511310075474,-0.8642027639918652,0.2657701255019288,20
credit,gradual_global_mag1.0,lr,global_mean,AOD_star,0.3376691729323308,0.3650613962799618,0.20301374762270274,0.3649540146146769,20
credit,gradual_global_mag1.0,lr,global_mean,BalAcc,-0.5950375939849624,0.13839824114780802,-0.489680044351074,0.1531495104561958,20
credit,gradual_global_mag1.0,lr,global_ewma,DI_star,-0.8252631578947367,0.27798553345330135,-0.8518137721864981,0.3009939989780654,20
credit,gradual_global_mag1.0,lr,global_ewma,AOD_star,0.3384962406015037,0.3680405891878341,0.3364031953173473,0.4031111553791015,20
credit,gradual_global_mag1.0,lr,global_ewma,BalAcc,-0.5921052631578947,0.13867554295152648,-0.5880080343979344,0.1414077974468613,20
credit,gradual_global_mag1.0,lr,global_std,DI_star,0.20902255639097747,0.31393476106039364,0.1926094846000424,0.3135068335070223,20
credit,gradual_global_mag1.0,lr,global_std,AOD_star,-0.3725563909774436,0.16741703622148443,-0.3911185075085916,0.20937513716374526,20
credit,gradual_global_mag1.0,lr,global_std,BalAcc,0.21203007518796993,0.2324784794945957,0.17656675622848014,0.23613307238954068,20
credit,gradual_global_mag1.0,lr,subgroup_violation_diff,DI_star,-0.301203007518797,0.3240812930318377,-0.34980128581325476,0.23252123652020348,20
credit,gradual_global_mag1.0,lr,subgroup_violation_diff,AOD_star,-0.2689473684210526,0.3626951939574411,-0.31008762973670956,0.3317687909364255,20
credit,gradual_global_mag1.0,lr,subgroup_violation_diff,BalAcc,-0.11556390977443609,0.2673180407890819,-0.06843123440687728,0.23857005167205245,20
credit,gradual_global_mag1.0,lr,max_subgroup_deviation,DI_star,-0.8211278195488723,0.26768711395478784,-0.8560676734772386,0.26865267148127187,20
credit,gradual_global_mag1.0,lr,max_subgroup_deviation,AOD_star,0.3364661654135338,0.3652138676010727,0.2192616600825151,0.3661101200609538,20
credit,gradual_global_mag1.0,lr,max_subgroup_deviation,BalAcc,-0.5866917293233082,0.1425864273106252,-0.49367371259331705,0.15346059901567438,20
credit,gradual_global_mag1.0,lr,assignment_proportion_drift,DI_star,-0.4844256159567215,0.19733363701683115,-0.7660941436793586,0.18470772685996173,20
credit,gradual_global_mag1.0,lr,assignment_proportion_drift,AOD_star,-0.15457402613333432,0.34379576206090207,-0.05342263105078856,0.27829874055513654,20
credit,gradual_global_mag1.0,lr,assignment_proportion_drift,BalAcc,-0.233491124636174,0.22524952220254857,-0.2991917762350439,0.18430562931721686,20
credit,gradual_global_mag1.0,lr,ks_statistic,DI_star,-0.8247368421052631,0.2804849805205014,-0.8445604365902757,0.23738365513316217,20
credit,gradual_global_mag1.0,lr,ks_statistic,AOD_star,0.33669172932330826,0.36878879912414964,0.08564785939654168,0.33516957000983855,20
credit,gradual_global_mag1.0,lr,ks_statistic,BalAcc,-0.595563909774436,0.14138575457204683,-0.41366502479499995,0.16306521769243157,20
credit,gradual_global_mag1.0,lr,kl_divergence,DI_star,-0.819548872180451,0.27564652209748636,-0.6067940264024613,0.3462465111770645,20
credit,gradual_global_mag1.0,lr,kl_divergence,AOD_star,0.3399248120300752,0.36716356674094175,0.5897806216619031,0.36296831667578616,20
credit,gradual_global_mag1.0,lr,kl_divergence,BalAcc,-0.5886466165413534,0.14367669546727768,-0.602948786097937,0.1233935027443361,20
credit,gradual_global_mag1.0,lr,per_subgroup_ewma[min_neg],DI_star,-0.8341159156125046,0.27416644362734743,-0.8758776310598885,0.29367545928081684,20
credit,gradual_global_mag1.0,lr,per_subgroup_ewma[min_neg],AOD_star,0.3267327313017619,0.3607292766135538,0.26636287162967537,0.3896830262488747,20
credit,gradual_global_mag1.0,lr,per_subgroup_ewma[min_neg],BalAcc,-0.586663963369368,0.13706740540200946,-0.5669481440618027,0.14662392530488286,20
credit,gradual_global_mag1.0,lr,per_subgroup_baseline_relative[min_neg],DI_star,-0.7776117546163042,0.24375626210817244,-0.8276717470661659,0.2361038927458002,20
credit,gradual_global_mag1.0,lr,per_subgroup_baseline_relative[min_neg],AOD_star,0.13845389174828898,0.3539009539038908,0.04911650339342659,0.31690655673819995,20
credit,gradual_global_mag1.0,lr,per_subgroup_baseline_relative[min_neg],BalAcc,-0.4786544002356015,0.15824108303490225,-0.3898723615024159,0.14858603983991572,20
credit,gradual_global_mag1.0,lr,per_subgroup_ewma[min_pos],DI_star,-0.8242857142857142,0.27933895259724406,-0.854163039967121,0.3091285518319135,20
credit,gradual_global_mag1.0,lr,per_subgroup_ewma[min_pos],AOD_star,0.3366165413533834,0.3682354220085589,0.30325354947221905,0.403182252742824,20
credit,gradual_global_mag1.0,lr,per_subgroup_ewma[min_pos],BalAcc,-0.5969172932330825,0.1395019325709241,-0.5797338603352004,0.1446677381856948,20
credit,gradual_global_mag1.0,lr,per_subgroup_baseline_relative[min_pos],DI_star,-0.7763157894736841,0.27020044778488683,-0.8600878455053568,0.26439624508382487,20
credit,gradual_global_mag1.0,lr,per_subgroup_baseline_relative[min_pos],AOD_star,0.2358646616541354,0.37978731205369387,0.13164947937522692,0.3701683776686254,20
credit,gradual_global_mag1.0,lr,per_subgroup_baseline_relative[min_pos],BalAcc,-0.5470676691729321,0.17754145384421247,-0.4649710150532881,0.16241343126040864,20
credit,gradual_global_mag1.0,lr,per_subgroup_ewma[maj_neg],DI_star,-0.8351127819548869,0.26426887934487725,-0.8822824674520426,0.2876826307564505,20
credit,gradual_global_mag1.0,lr,per_subgroup_ewma[maj_neg],AOD_star,0.3125563909774436,0.384852038631565,0.24566981496231075,0.4025005734041835,20
credit,gradual_global_mag1.0,lr,per_subgroup_ewma[maj_neg],BalAcc,-0.5862406015037593,0.143072473251084,-0.5610038587239281,0.14950086068189933,20
credit,gradual_global_mag1.0,lr,per_subgroup_baseline_relative[maj_neg],DI_star,-0.7709700690518223,0.2468798026301917,-0.7984498210679744,0.2510616837065697,20
credit,gradual_global_mag1.0,lr,per_subgroup_baseline_relative[maj_neg],AOD_star,0.2676143127230831,0.33791506106386426,0.07071004716033635,0.2994966532525219,20
credit,gradual_global_mag1.0,lr,per_subgroup_baseline_relative[maj_neg],BalAcc,-0.5262208393851555,0.1627005233879568,-0.381679967050701,0.16111325711573643,20
credit,gradual_global_mag1.0,lr,per_subgroup_ewma[maj_pos],DI_star,-0.8268421052631579,0.2782126696584515,-0.8465090994470381,0.30180820371596134,20
credit,gradual_global_mag1.0,lr,per_subgroup_ewma[maj_pos],AOD_star,0.3389473684210526,0.36791200062756524,0.3505737453835859,0.40236033456834347,20
credit,gradual_global_mag1.0,lr,per_subgroup_ewma[maj_pos],BalAcc,-0.594436090225564,0.13689670892736977,-0.5903567102872034,0.14164850441887236,20
credit,gradual_global_mag1.0,lr,per_subgroup_baseline_relative[maj_pos],DI_star,-0.8236842105263158,0.2749754201956936,-0.8583201307897836,0.2696154574953999,20
credit,gradual_global_mag1.0,lr,per_subgroup_baseline_relative[maj_pos],AOD_star,0.3393233082706767,0.36151835726722015,0.23185110329311706,0.3631978756803001,20
credit,gradual_global_mag1.0,lr,per_subgroup_baseline_relative[maj_pos],BalAcc,-0.5963157894736841,0.13515984469115475,-0.4995914218915386,0.1524493194352846,20
credit,gradual_global_mag1.0,xgb,global_mean,DI_star,0.6882236797943879,0.005289753509570991,0.9145786796829052,0.01658085625072391,20
credit,gradual_global_mag1.0,xgb,global_mean,AOD_star,0.6894067490986133,0.005202659817144735,0.8548232410427318,0.05157564906451226,20
credit,gradual_global_mag1.0,xgb,global_mean,BalAcc,-0.6889765420788949,0.005049208402760362,-0.920009362427573,0.01404817757134394,20
credit,gradual_global_mag1.0,xgb,global_ewma,DI_star,0.6873632657549512,0.005245836157609332,0.7323275971904623,0.012137068595991705,20
credit,gradual_global_mag1.0,xgb,global_ewma,AOD_star,0.6888689903239654,0.006117227661496656,0.6845288173075479,0.04179821132676247,20
credit,gradual_global_mag1.0,xgb,global_ewma,BalAcc,-0.6881161280394583,0.006155870112510951,-0.7366865333269057,0.01002218962205497,20
credit,gradual_global_mag1.0,xgb,global_std,DI_star,-0.3173314529197283,0.284938371671253,-0.33938476105737475,0.26344364529316117,20
credit,gradual_global_mag1.0,xgb,global_std,AOD_star,-0.3207731090774749,0.279207105686475,-0.3226197030654706,0.24093742265477872,20
credit,gradual_global_mag1.0,xgb,global_std,BalAcc,0.3210957643422637,0.27781525478179503,0.34067241914382806,0.26278164247992813,20
credit,gradual_global_mag1.0,xgb,subgroup_violation_diff,DI_star,0.3945536129591674,0.27189400066895303,0.37554093192999527,0.1679423975605139,20
credit,gradual_global_mag1.0,xgb,subgroup_violation_diff,AOD_star,0.3938007506746603,0.2730095482179346,0.3502627893550817,0.16416141692088007,20
credit,gradual_global_mag1.0,xgb,subgroup_violation_diff,BalAcc,-0.3936931989197307,0.2686061692271898,-0.37815847940334757,0.16930637326468057,20
credit,gradual_global_mag1.0,xgb,max_subgroup_deviation,DI_star,0.6888689903239653,0.004706541477332222,0.9088170634740637,0.018831890171221194,20
credit,gradual_global_mag1.0,xgb,max_subgroup_deviation,AOD_star,0.6900520596281907,0.005251345912470791,0.8495403775836831,0.05098670619657131,20
credit,gradual_global_mag1.0,xgb,max_subgroup_deviation,BalAcc,-0.6885463350591767,0.005767823232965132,-0.9141591574651609,0.016509221826655835,20
credit,gradual_global_mag1.0,xgb,assignment_proportion_drift,DI_star,0.6894564131989307,0.005990746365684872,0.9529065071555303,0.031094591763189263,20
credit,gradual_global_mag1.0,xgb,assignment_proportion_drift,AOD_star,0.6890261251762276,0.005691193741742315,0.8912129215936171,0.06698795456885996,20
credit,gradual_global_mag1.0,xgb,assignment_proportion_drift,BalAcc,-0.6901552364604899,0.006072168794184425,-0.9584606833786156,0.028264603125120063,20
credit,gradual_global_mag1.0,xgb,ks_statistic,DI_star,0.6896218526084725,0.006174632332525884,0.9696672447323513,0.008091678655289099,20
credit,gradual_global_mag1.0,xgb,ks_statistic,AOD_star,0.6892991973436837,0.0065057700065153995,0.9065792979015892,0.05698269383304591,20
credit,gradual_global_mag1.0,xgb,ks_statistic,BalAcc,-0.6873632657549511,0.006434256210208041,-0.9753859279860697,0.0016786406828150737,20
credit,gradual_global_mag1.0,xgb,kl_divergence,DI_star,0.6706927437408662,0.026735644353656503,0.44311535112946554,0.01410912895629828,20
credit,gradual_global_mag1.0,xgb,kl_divergence,AOD_star,0.6724135718197395,0.027035097039757466,0.4145942319440725,0.03016844926016204,20
credit,gradual_global_mag1.0,xgb,kl_divergence,BalAcc,-0.6715531577803029,0.031047641520026023,-0.4457635612965868,0.01332972634706487,20
credit,gradual_global_mag1.0,xgb,per_subgroup_ewma[min_neg],DI_star,0.6883440560396384,0.007155192272700762,0.769034046574743,0.008187155736839459,20
credit,gradual_global_mag1.0,xgb,per_subgroup_ewma[min_neg],AOD_star,0.6880214007748499,0.006157445300711006,0.7188698960675624,0.043588486226735744,20
credit,gradual_global_mag1.0,xgb,per_subgroup_ewma[min_neg],BalAcc,-0.6913020327187427,0.0058556876149006435,-0.7736333700568947,0.008124888573786385,20
credit,gradual_global_mag1.0,xgb,per_subgroup_baseline_relative[min_neg],DI_star,0.6679690286531542,0.03947130434930435,0.9256271571825083,0.06059292206676643,20
credit,gradual_global_mag1.0,xgb,per_subgroup_baseline_relative[min_neg],AOD_star,0.6675986778449922,0.03806619785819794,0.8659234142813694,0.08323228294998194,20
credit,gradual_global_mag1.0,xgb,per_subgroup_baseline_relative[min_neg],BalAcc,-0.6706145971443641,0.03658061092567298,-0.9310653998300147,0.0593072746863325,20
credit,gradual_global_mag1.0,xgb,per_subgroup_ewma[min_pos],DI_star,0.6886538868141063,0.006912658441744062,0.7294859864432148,0.01899987216470966,20
credit,gradual_global_mag1.0,xgb,per_subgroup_ewma[min_pos],AOD_star,0.6898369561183316,0.0063117395922330415,0.6821776745937911,0.04742075630208763,20
credit,gradual_global_mag1.0,xgb,per_subgroup_ewma[min_pos],BalAcc,-0.6873632657549513,0.006064049882976525,-0.7338775227016893,0.020375826110659984,20
credit,gradual_global_mag1.0,xgb,per_subgroup_baseline_relative[min_pos],DI_star,0.6883312315493176,0.006869855191545553,0.9133814425787845,0.022827644028503406,20
credit,gradual_global_mag1.0,xgb,per_subgroup_baseline_relative[min_pos],AOD_star,0.6888689903239655,0.005806798831222007,0.854362282319798,0.061968075726183944,20
credit,gradual_global_mag1.0,xgb,per_subgroup_baseline_relative[min_pos],BalAcc,-0.6891916455887542,0.00653858061334776,-0.9187994143902518,0.023907377768298627,20
credit,gradual_global_mag1.0,xgb,per_subgroup_ewma[maj_neg],DI_star,0.6881161280394583,0.005605087336392101,0.7912163284716541,0.015793649605705406,20
credit,gradual_global_mag1.0,xgb,per_subgroup_ewma[maj_neg],AOD_star,0.6866104034704441,0.005295217567953256,0.7394491962672449,0.045541108987140984,20
credit,gradual_global_mag1.0,xgb,per_subgroup_ewma[maj_neg],BalAcc,-0.6867179552253737,0.006555365486151588,-0.7959354617056502,0.01357173743675433,20
credit,gradual_global_mag1.0,xgb,per_subgroup_baseline_relative[maj_neg],DI_star,0.6667458148202314,0.0528522396306395,0.9397725961093325,0.07384776142335718,20
credit,gradual_global_mag1.0,xgb,per_subgroup_baseline_relative[maj_neg],AOD_star,0.6670686723640473,0.05261534687662751,0.880328875792349,0.10249061080388151,20
credit,gradual_global_mag1.0,xgb,per_subgroup_baseline_relative[maj_neg],BalAcc,-0.6649169090609579,0.05451429423205846,-0.9454889511776056,0.07522022646108666,20
credit,gradual_global_mag1.0,xgb,per_subgroup_ewma[maj_pos],DI_star,0.6890840938338245,0.005237008492696383,0.7277414868814126,0.014988982627288358,20
credit,gradual_global_mag1.0,xgb,per_subgroup_ewma[maj_pos],AOD_star,0.6892991973436836,0.005111820751343844,0.6802124037413776,0.04104089467700951,20
credit,gradual_global_mag1.0,xgb,per_subgroup_ewma[maj_pos],BalAcc,-0.6872557140000217,0.005112952060586717,-0.7320250205741884,0.011950224758001041,20
credit,gradual_global_mag1.0,xgb,per_subgroup_baseline_relative[maj_pos],DI_star,0.6894067490986132,0.00422063563722176,0.9027201352847607,0.020801191005472872,20
credit,gradual_global_mag1.0,xgb,per_subgroup_baseline_relative[maj_pos],AOD_star,0.6905898184028387,0.004686838443773569,0.8438919881270367,0.05022546320037367,20
credit,gradual_global_mag1.0,xgb,per_subgroup_baseline_relative[maj_pos],BalAcc,-0.6888689903239655,0.005436419397953535,-0.9079844480701554,0.017206642074344983,20
credit,gradual_global_mag2.0,lr,global_mean,DI_star,-0.11548872180451128,0.3335481396554007,-0.37875498962780874,0.3814524003853975,20
credit,gradual_global_mag2.0,lr,global_mean,AOD_star,0.8242105263157894,0.09897193286966734,0.6622230619541256,0.10956607588691951,20
credit,gradual_global_mag2.0,lr,global_mean,BalAcc,-0.8355639097744361,0.07201308132998424,-0.7041898406828255,0.10340779757493397,20
credit,gradual_global_mag2.0,lr,global_ewma,DI_star,-0.11654135338345864,0.33451684668950665,-0.16670313204599913,0.39899691145479926,20
credit,gradual_global_mag2.0,lr,global_ewma,AOD_star,0.8239849624060149,0.09970216827395431,0.8530502556586675,0.08307373124586641,20
credit,gradual_global_mag2.0,lr,global_ewma,BalAcc,-0.8336090225563908,0.07178663714861966,-0.8182793300251948,0.07177109168120836,20
credit,gradual_global_mag2.0,lr,global_std,DI_star,-0.06451127819548871,0.2717205852188617,-0.09131682920783901,0.2903785189113561,20
credit,gradual_global_mag2.0,lr,global_std,AOD_star,-0.8590225563909775,0.05302298073431673,-0.9004877100230267,0.05742608101751373,20
credit,gradual_global_mag2.0,lr,global_std,BalAcc,0.7266165413533833,0.1318031173124542,0.7238560694552805,0.10652016722331686,20
credit,gradual_global_mag2.0,lr,subgroup_violation_diff,DI_star,-0.30714285714285705,0.35500249019963137,-0.3271073184721238,0.24698650916591908,20
credit,gradual_global_mag2.0,lr,subgroup_violation_diff,AOD_star,-0.38932330827067657,0.35524828707389355,-0.40161917329029073,0.33067697878940977,20
credit,gradual_global_mag2.0,lr,subgroup_violation_diff,BalAcc,0.2533834586466165,0.31593176171415743,0.22527385036740752,0.2519808674400454,20
credit,gradual_global_mag2.0,lr,max_subgroup_deviation,DI_star,-0.1209022556390977,0.32413058564996683,-0.36533707118632874,0.3729061100197889,20
credit,gradual_global_mag2.0,lr,max_subgroup_deviation,AOD_star,0.8175187969924813,0.09742953927014357,0.6805154165324848,0.10252979554121364,20
credit,gradual_global_mag2.0,lr,max_subgroup_deviation,BalAcc,-0.8278195488721805,0.07127645059886399,-0.7149984589251408,0.09831624154671065,20
credit,gradual_global_mag2.0,lr,assignment_proportion_drift,DI_star,-0.38064080442597825,0.28347384462259034,-0.49277834869370657,0.3280656346803185,20
credit,gradual_global_mag2.0,lr,assignment_proportion_drift,AOD_star,0.171342248332541,0.37934550087264285,0.3624380187893505,0.17975556156469333,20
credit,gradual_global_mag2.0,lr,assignment_proportion_drift,BalAcc,-0.3056580338273008,0.3039322792748902,-0.4696822155429829,0.1851615198424909,20
credit,gradual_global_mag2.0,lr,ks_statistic,DI_star,-0.11789473684210525,0.33737116078589807,-0.4439791445011383,0.35903637341674016,20
credit,gradual_global_mag2.0,lr,ks_statistic,AOD_star,0.8222556390977444,0.09918156802568552,0.5468404904157905,0.11198505568882978,20
credit,gradual_global_mag2.0,lr,ks_statistic,BalAcc,-0.8368421052631578,0.06909524895884298,-0.6246559908095957,0.12054639140884231,20
credit,gradual_global_mag2.0,lr,kl_divergence,DI_star,-0.11684210526315789,0.331923712123596,0.27988641230516564,0.29491661882681075,20
credit,gradual_global_mag2.0,lr,kl_divergence,AOD_star,0.8234586466165414,0.10003832156225852,0.7903029068619896,0.09471738722756182,20
credit,gradual_global_mag2.0,lr,kl_divergence,BalAcc,-0.8266917293233081,0.07637687839815806,-0.662117153706338,0.08669352192006943,20
credit,gradual_global_mag2.0,lr,per_subgroup_ewma[min_neg],DI_star,-0.182902358869042,0.317808872306188,-0.2863610566721703,0.3747668626125013,20
credit,gradual_global_mag2.0,lr,per_subgroup_ewma[min_neg],AOD_star,0.7527940879096888,0.13315605500431144,0.7600231311193193,0.11738407860845268,20
credit,gradual_global_mag2.0,lr,per_subgroup_ewma[min_neg],BalAcc,-0.7766309652262507,0.07334778981659756,-0.7696261846722601,0.07479989123413085,20
credit,gradual_global_mag2.0,lr,per_subgroup_baseline_relative[min_neg],DI_star,-0.2278973070823457,0.2668772709172164,-0.4312731995740789,0.31291237636147795,20
credit,gradual_global_mag2.0,lr,per_subgroup_baseline_relative[min_neg],AOD_star,0.5013682038451595,0.24987664414619312,0.3641566417923888,0.20084524779569268,20
credit,gradual_global_mag2.0,lr,per_subgroup_baseline_relative[min_neg],BalAcc,-0.5322844551096269,0.19262772088579008,-0.44980687723008234,0.17349491497590847,20
credit,gradual_global_mag2.0,lr,per_subgroup_ewma[min_pos],DI_star,-0.1182706766917293,0.332104599283374,-0.2058745547445852,0.3954849482036052,20
credit,gradual_global_mag2.0,lr,per_subgroup_ewma[min_pos],AOD_star,0.8208270676691729,0.0965739937326593,0.8299560141613217,0.08863553218473423,20
credit,gradual_global_mag2.0,lr,per_subgroup_ewma[min_pos],BalAcc,-0.834360902255639,0.06476870837265018,-0.8113417499935796,0.07563005147687052,20
credit,gradual_global_mag2.0,lr,per_subgroup_baseline_relative[min_pos],DI_star,-0.13225563909774435,0.3237330571894988,-0.43849300335921393,0.35936935851804214,20
credit,gradual_global_mag2.0,lr,per_subgroup_baseline_relative[min_pos],AOD_star,0.7693984962406014,0.12476244598925412,0.5904084529797016,0.12396181738355466,20
credit,gradual_global_mag2.0,lr,per_subgroup_baseline_relative[min_pos],BalAcc,-0.7983458646616541,0.08491768068924226,-0.6569316194983016,0.11529372690222929,20
credit,gradual_global_mag2.0,lr,per_subgroup_ewma[maj_neg],DI_star,-0.2559398496240601,0.28775433143626394,-0.3252401234580096,0.3178332778093281,20
credit,gradual_global_mag2.0,lr,per_subgroup_ewma[maj_neg],AOD_star,0.6838345864661652,0.26222687079226636,0.7085676295593415,0.23651531267222595,20
credit,gradual_global_mag2.0,lr,per_subgroup_ewma[maj_neg],BalAcc,-0.6945112781954886,0.20884953892992983,-0.6989114513916157,0.18230347959119317,20
credit,gradual_global_mag2.0,lr,per_subgroup_baseline_relative[maj_neg],DI_star,-0.30406926243591004,0.23719842947399086,-0.480898351226078,0.2584485896578559,20
credit,gradual_global_mag2.0,lr,per_subgroup_baseline_relative[maj_neg],AOD_star,0.44334218067889364,0.4661821388691143,0.3285593156748298,0.34931524940352854,20
credit,gradual_global_mag2.0,lr,per_subgroup_baseline_relative[maj_neg],BalAcc,-0.42545423455305287,0.4754910042663529,-0.37800854996041566,0.3426496049412016,20
credit,gradual_global_mag2.0,lr,per_subgroup_ewma[maj_pos],DI_star,-0.11789473684210527,0.33500350793792294,-0.14622252062775615,0.39657187884312983,20
credit,gradual_global_mag2.0,lr,per_subgroup_ewma[maj_pos],AOD_star,0.824436090225564,0.10135145911918972,0.865054879035109,0.07809573256940257,20
credit,gradual_global_mag2.0,lr,per_subgroup_ewma[maj_pos],BalAcc,-0.8343609022556391,0.07123801253057492,-0.8221410893182964,0.0708204905676515,20
credit,gradual_global_mag2.0,lr,per_subgroup_baseline_relative[maj_pos],DI_star,-0.11624060150375937,0.3335740702660988,-0.35535551640942065,0.38173708956672536,20
credit,gradual_global_mag2.0,lr,per_subgroup_baseline_relative[maj_pos],AOD_star,0.8236842105263158,0.09995066339057801,0.692428990270626,0.10404144369539496,20
credit,gradual_global_mag2.0,lr,per_subgroup_baseline_relative[maj_pos],BalAcc,-0.8352631578947369,0.07259510440179934,-0.7224106183648124,0.09804290433129124,20
credit,gradual_global_mag2.0,xgb,global_mean,DI_star,0.6882236797943879,0.005289753509570991,0.9172801332005671,0.013567539607171521,20
credit,gradual_global_mag2.0,xgb,global_mean,AOD_star,0.6894067490986133,0.005202659817144735,0.8574260188225766,0.052348744895519994,20
credit,gradual_global_mag2.0,xgb,global_mean,BalAcc,-0.6889765420788949,0.005049208402760362,-0.9227339911514207,0.010994346703305007,20
credit,gradual_global_mag2.0,xgb,global_ewma,DI_star,0.6873632657549512,0.005245836157609332,0.7234835689199985,0.011021209974554079,20
credit,gradual_global_mag2.0,xgb,global_ewma,AOD_star,0.6888689903239654,0.006117227661496656,0.6762552740869177,0.041000277070573424,20
credit,gradual_global_mag2.0,xgb,global_ewma,BalAcc,-0.6881161280394583,0.006155870112510951,-0.727792572311493,0.009106977876139523,20
credit,gradual_global_mag2.0,xgb,global_std,DI_star,-0.5023742472760722,0.14111917363811827,-0.5112746944832349,0.12539973059311865,20
credit,gradual_global_mag2.0,xgb,global_std,AOD_star,-0.504202627109875,0.13786087823118776,-0.48099230304640955,0.11611278538154542,20
credit,gradual_global_mag2.0,xgb,global_std,BalAcc,0.5032346613155088,0.13943615283411095,0.5136988521557077,0.12457066000079826,20
credit,gradual_global_mag2.0,xgb,subgroup_violation_diff,DI_star,0.13470857304930003,0.30649889114291007,0.2194741566440482,0.1750271121092393,20
credit,gradual_global_mag2.0,xgb,subgroup_violation_diff,AOD_star,0.13449346953944086,0.30758287780799465,0.2028835209405911,0.16119638549775117,20
credit,gradual_global_mag2.0,xgb,subgroup_violation_diff,BalAcc,-0.13352550374507463,0.3050972926959704,-0.22085607719679126,0.1755060942472131,20
credit,gradual_global_mag2.0,xgb,max_subgroup_deviation,DI_star,0.6888689903239653,0.004706541477332222,0.9076996838191013,0.019828535798912188,20
credit,gradual_global_mag2.0,xgb,max_subgroup_deviation,AOD_star,0.6900520596281907,0.005251345912470791,0.8485457954958561,0.05248942955246906,20
credit,gradual_global_mag2.0,xgb,max_subgroup_deviation,BalAcc,-0.6885463350591767,0.005767823232965132,-0.913032381277422,0.017140257152045688,20
credit,gradual_global_mag2.0,xgb,assignment_proportion_drift,DI_star,0.6896367683290562,0.005821975302763362,0.9559444125777888,0.027375481405808234,20
credit,gradual_global_mag2.0,xgb,assignment_proportion_drift,AOD_star,0.6892068861484775,0.005576530484587103,0.8939397015324039,0.06403008710199093,20
credit,gradual_global_mag2.0,xgb,assignment_proportion_drift,BalAcc,-0.6903371364099218,0.006060237988269541,-0.9616199796413476,0.02605556344381483,20
credit,gradual_global_mag2.0,xgb,ks_statistic,DI_star,0.6896218526084725,0.006174632332525884,0.9698962575449489,0.007852581665885247,20
credit,gradual_global_mag2.0,xgb,ks_statistic,AOD_star,0.6892991973436837,0.0065057700065153995,0.9067864015126297,0.05689309753050858,20
credit,gradual_global_mag2.0,xgb,ks_statistic,BalAcc,-0.6873632657549511,0.006434256210208041,-0.9756222564732997,0.002039750908820289,20
credit,gradual_global_mag2.0,xgb,kl_divergence,DI_star,0.6874708175098807,0.0063227260924401466,0.3108770818974352,0.012510479745376422,20
credit,gradual_global_mag2.0,xgb,kl_divergence,AOD_star,0.6888689903239653,0.006303487150797268,0.29051041957396595,0.01973156963793428,20
credit,gradual_global_mag2.0,xgb,kl_divergence,BalAcc,-0.6888689903239654,0.005604055377010007,-0.31273825626331686,0.012640353764712939,20
credit,gradual_global_mag2.0,xgb,per_subgroup_ewma[min_neg],DI_star,0.6883440560396384,0.007155192272700762,0.7827106876668728,0.020857899289619248,20
credit,gradual_global_mag2.0,xgb,per_subgroup_ewma[min_neg],AOD_star,0.6880214007748499,0.006157445300711006,0.7317616102840689,0.049401942708188123,20
credit,gradual_global_mag2.0,xgb,per_subgroup_ewma[min_neg],BalAcc,-0.6913020327187427,0.0058556876149006435,-0.7873379626311199,0.018856775611932837,20
credit,gradual_global_mag2.0,xgb,per_subgroup_baseline_relative[min_neg],DI_star,0.5901376599755894,0.10053335701202136,0.8269445325745982,0.11919974260938952,20
credit,gradual_global_mag2.0,xgb,per_subgroup_baseline_relative[min_neg],AOD_star,0.5896543072172051,0.09837405168575476,0.7727403186920176,0.1183387762710905,20
credit,gradual_global_mag2.0,xgb,per_subgroup_baseline_relative[min_neg],BalAcc,-0.5926119387713793,0.10298015882305754,-0.8321890784964824,0.12190759663661138,20
credit,gradual_global_mag2.0,xgb,per_subgroup_ewma[min_pos],DI_star,0.6886538868141063,0.006912658441744062,0.7391903363037284,0.026599277404008026,20
credit,gradual_global_mag2.0,xgb,per_subgroup_ewma[min_pos],AOD_star,0.6898369561183316,0.0063117395922330415,0.6916789526771614,0.056129629567300776,20
credit,gradual_global_mag2.0,xgb,per_subgroup_ewma[min_pos],BalAcc,-0.6873632657549513,0.006064049882976525,-0.7435881542319045,0.026432875022658182,20
credit,gradual_global_mag2.0,xgb,per_subgroup_baseline_relative[min_pos],DI_star,0.6797270911549511,0.02671097148526283,0.9201335009340672,0.046678127135179194,20
credit,gradual_global_mag2.0,xgb,per_subgroup_baseline_relative[min_pos],AOD_star,0.6802648499295991,0.027654607716169528,0.8617804082474532,0.08302934034421913,20
credit,gradual_global_mag2.0,xgb,per_subgroup_baseline_relative[min_pos],BalAcc,-0.6805875051943878,0.025491354185884087,-0.925467123726343,0.045133614343467104,20
credit,gradual_global_mag2.0,xgb,per_subgroup_ewma[maj_neg],DI_star,0.6881161280394583,0.005605087336392101,0.7566526715279751,0.029642907396703597,20
credit,gradual_global_mag2.0,xgb,per_subgroup_ewma[maj_neg],AOD_star,0.6866104034704441,0.005295217567953256,0.7080191718535254,0.06078465357524723,20
credit,gradual_global_mag2.0,xgb,per_subgroup_ewma[maj_neg],BalAcc,-0.6867179552253737,0.006555365486151588,-0.7612180295404463,0.029870913252280654,20
credit,gradual_global_mag2.0,xgb,per_subgroup_baseline_relative[maj_neg],DI_star,0.5295082260871042,0.21019723048215383,0.779341099423074,0.18544336601544054,20
credit,gradual_global_mag2.0,xgb,per_subgroup_baseline_relative[maj_neg],AOD_star,0.5298337687765242,0.20999278000955,0.7340464045978676,0.19475991894290767,20
credit,gradual_global_mag2.0,xgb,per_subgroup_baseline_relative[maj_neg],BalAcc,-0.5276638281960864,0.21126104769316645,-0.7841025459650025,0.18651423383748625,20
credit,gradual_global_mag2.0,xgb,per_subgroup_ewma[maj_pos],DI_star,0.6890840938338245,0.005237008492696383,0.7109263323765982,0.012929659063940075,20
credit,gradual_global_mag2.0,xgb,per_subgroup_ewma[maj_pos],AOD_star,0.6892991973436836,0.005111820751343844,0.6645666364445593,0.04094180058427151,20
credit,gradual_global_mag2.0,xgb,per_subgroup_ewma[maj_pos],BalAcc,-0.6872557140000217,0.005112952060586717,-0.715126467605273,0.010440769166244914,20
credit,gradual_global_mag2.0,xgb,per_subgroup_baseline_relative[maj_pos],DI_star,0.6894067490986132,0.00422063563722176,0.90084814952635,0.01583711188502128,20
credit,gradual_global_mag2.0,xgb,per_subgroup_baseline_relative[maj_pos],AOD_star,0.6905898184028387,0.004686838443773569,0.8422711106354355,0.05175124899072161,20
credit,gradual_global_mag2.0,xgb,per_subgroup_baseline_relative[maj_pos],BalAcc,-0.6888689903239655,0.005436419397953535,-0.9061356555699035,0.012592385052384867,20
credit,abrupt_group_mag0.5,lr,global_mean,DI_star,0.42067669172932326,0.22742434517314172,0.5661236729004324,0.24633283621631247,20
credit,abrupt_group_mag0.5,lr,global_mean,AOD_star,0.4477443609022556,0.20196830919629707,0.5817433143332551,0.2620455018366646,20
credit,abrupt_group_mag0.5,lr,global_mean,BalAcc,-0.08766917293233083,0.1512681053152989,-0.10558597385909081,0.16909649658159026,20
credit,abrupt_group_mag0.5,lr,global_ewma,DI_star,0.429548872180451,0.2222347172384314,0.4837646893460664,0.2609320482829003,20
credit,abrupt_group_mag0.5,lr,global_ewma,AOD_star,0.4212781954887218,0.1982764076600806,0.49122116292638107,0.25508397522175674,20
credit,abrupt_group_mag0.5,lr,global_ewma,BalAcc,-0.04300751879699248,0.1189628612668222,-0.07638522750446151,0.12332294038972537,20
credit,abrupt_group_mag0.5,lr,global_std,DI_star,0.43375939849624057,0.20828423451433245,0.5662768599835618,0.24705364493921453,20
credit,abrupt_group_mag0.5,lr,global_std,AOD_star,0.45473684210526316,0.211869186545818,0.5842117600680667,0.25940404871383027,20
credit,abrupt_group_mag0.5,lr,global_std,BalAcc,-0.07887218045112782,0.1455795018990303,-0.1011811862859309,0.16749408303399693,20
credit,abrupt_group_mag0.5,lr,subgroup_violation_diff,DI_star,-0.39172932330827065,0.1836899195527905,-0.5596670526025518,0.23679126537169184,20
credit,abrupt_group_mag0.5,lr,subgroup_violation_diff,AOD_star,-0.41684210526315785,0.1983809188813276,-0.5782840319625465,0.25388121098787475,20
credit,abrupt_group_mag0.5,lr,subgroup_violation_diff,BalAcc,0.08030075187969925,0.13642040285745188,0.10232341973222772,0.1758121980378451,20
credit,abrupt_group_mag0.5,lr,max_subgroup_deviation,DI_star,0.4013533834586466,0.2314582734119199,0.5570828403868321,0.2506872596701264,20
credit,abrupt_group_mag0.5,lr,max_subgroup_deviation,AOD_star,0.43383458646616535,0.22219260045914185,0.5783218731347881,0.2648976598247896,20
credit,abrupt_group_mag0.5,lr,max_subgroup_deviation,BalAcc,-0.10714285714285714,0.15963231184335333,-0.11065321825790182,0.17071937463425366,20
credit,abrupt_group_mag0.5,lr,assignment_proportion_drift,DI_star,0.47051248224230546,0.16661378940590324,0.5677971125171812,0.22435310262274358,20
credit,abrupt_group_mag0.5,lr,assignment_proportion_drift,AOD_star,0.46622266277171615,0.18622609193711998,0.5744378407211105,0.25026942079832654,20
credit,abrupt_group_mag0.5,lr,assignment_proportion_drift,BalAcc,-0.038813638431525514,0.16450965445271773,-0.08128376968827614,0.16897574242235794,20
credit,abrupt_group_mag0.5,lr,ks_statistic,DI_star,0.396390977443609,0.24232904242575815,0.5603849606469249,0.25099030946108497,20
credit,abrupt_group_mag0.5,lr,ks_statistic,AOD_star,0.4242857142857142,0.1941488350200299,0.5781147852753656,0.25906592288963753,20
credit,abrupt_group_mag0.5,lr,ks_statistic,BalAcc,-0.0943609022556391,0.15429690780014013,-0.10749051622047853,0.16895259993753342,20
credit,abrupt_group_mag0.5,lr,kl_divergence,DI_star,0.3089473684210526,0.20512428858867246,0.3265510339653791,0.2094696425880567,20
credit,abrupt_group_mag0.5,lr,kl_divergence,AOD_star,0.3063157894736842,0.2101861376219047,0.315660414055846,0.2515470289136693,20
credit,abrupt_group_mag0.5,lr,kl_divergence,BalAcc,-0.06954887218045112,0.18464357568677883,-0.11704138081590047,0.1684059129059099,20
credit,abrupt_group_mag0.5,lr,per_subgroup_ewma[min_neg],DI_star,0.175082357483203,0.3603190443693475,0.2079567046380196,0.37004621767853274,20
credit,abrupt_group_mag0.5,lr,per_subgroup_ewma[min_neg],AOD_star,0.17790423962893548,0.3344097267599909,0.2196927170345766,0.3550960638083606,20
credit,abrupt_group_mag0.5,lr,per_subgroup_ewma[min_neg],BalAcc,-0.043161373435592454,0.15803821906513232,-0.03657310093145057,0.18904635369887834,20
credit,abrupt_group_mag0.5,lr,per_subgroup_baseline_relative[min_neg],DI_star,0.12359495546543889,0.21353771661264329,0.11519372031914465,0.17772165913433288,20
credit,abrupt_group_mag0.5,lr,per_subgroup_baseline_relative[min_neg],AOD_star,0.0423119349637253,0.23827758560921658,0.051129166055248,0.19661196989931137,20
credit,abrupt_group_mag0.5,lr,per_subgroup_baseline_relative[min_neg],BalAcc,0.0134135973165402,0.1795259264753205,-0.021589987763178168,0.20910313045766735,20
credit,abrupt_group_mag0.5,lr,per_subgroup_ewma[min_pos],DI_star,0.2884210526315789,0.39593919283532386,0.3190054860381685,0.4324109659658004,20
credit,abrupt_group_mag0.5,lr,per_subgroup_ewma[min_pos],AOD_star,0.223984962406015,0.42208238069822196,0.24317333557504614,0.46147622907741104,20
credit,abrupt_group_mag0.5,lr,per_subgroup_ewma[min_pos],BalAcc,-0.0756390977443609,0.17600737731160623,-0.0716084231255292,0.17441297864306265,20
credit,abrupt_group_mag0.5,lr,per_subgroup_baseline_relative[min_pos],DI_star,0.2839097744360902,0.2768084095269266,0.3527541967128579,0.3193209041011472,20
credit,abrupt_group_mag0.5,lr,per_subgroup_baseline_relative[min_pos],AOD_star,0.19150375939849623,0.3119303310095015,0.2873692271402043,0.35541015090905387,20
credit,abrupt_group_mag0.5,lr,per_subgroup_baseline_relative[min_pos],BalAcc,-0.05345864661654135,0.22392965620159497,-0.05844523895302152,0.23924585313868607,20
credit,abrupt_group_mag0.5,lr,per_subgroup_ewma[maj_neg],DI_star,0.42834586466165403,0.23625312851162006,0.4662684197169583,0.26700185391035286,20
credit,abrupt_group_mag0.5,lr,per_subgroup_ewma[maj_neg],AOD_star,0.38428571428571423,0.22177289184589538,0.46453563771079753,0.26470836793332914,20
credit,abrupt_group_mag0.5,lr,per_subgroup_ewma[maj_neg],BalAcc,-0.0350375939849624,0.13316644916332698,-0.057656948015040975,0.1333269300487564,20
credit,abrupt_group_mag0.5,lr,per_subgroup_baseline_relative[maj_neg],DI_star,0.4309774436090226,0.18113491997556005,0.4811393314401687,0.20696880552810698,20
credit,abrupt_group_mag0.5,lr,per_subgroup_baseline_relative[maj_neg],AOD_star,0.41240601503759394,0.19603040913854908,0.4613518978084391,0.23359276093047987,20
credit,abrupt_group_mag0.5,lr,per_subgroup_baseline_relative[maj_neg],BalAcc,-0.04714285714285714,0.23982123243938738,-0.0755325644023159,0.2260667555220542,20
credit,abrupt_group_mag0.5,lr,per_subgroup_ewma[maj_pos],DI_star,0.42022556390977445,0.22831578254072232,0.4827791717584849,0.2617675334372426,20
credit,abrupt_group_mag0.5,lr,per_subgroup_ewma[maj_pos],AOD_star,0.4129323308270676,0.1948221138819637,0.49309114622310535,0.25562083461558477,20
credit,abrupt_group_mag0.5,lr,per_subgroup_ewma[maj_pos],BalAcc,-0.04654135338345865,0.1174102703154857,-0.078192784984116,0.12472596755752706,20
credit,abrupt_group_mag0.5,lr,per_subgroup_baseline_relative[maj_pos],DI_star,0.40060150375939846,0.23063443751381324,0.5569335074146405,0.25052621999153046,20
credit,abrupt_group_mag0.5,lr,per_subgroup_baseline_relative[maj_pos],AOD_star,0.4330827067669173,0.22115337073363944,0.5782646485244853,0.26484502257964876,20
credit,abrupt_group_mag0.5,lr,per_subgroup_baseline_relative[maj_pos],BalAcc,-0.10819548872180451,0.15935839685714032,-0.11078983986872275,0.1707085447233465,20
credit,abrupt_group_mag0.5,xgb,global_mean,DI_star,-0.5040907233299977,0.11401914459037508,-0.9769127918697615,0.00790856567897964,20
credit,abrupt_group_mag0.5,xgb,global_mean,AOD_star,-0.5630827067669173,0.12297173496459873,-0.9799393801905092,0.0057741602112294935,20
credit,abrupt_group_mag0.5,xgb,global_mean,BalAcc,-0.4138345864661653,0.19849031661244423,-0.4410893766825933,0.15068183564442406,20
credit,abrupt_group_mag0.5,xgb,global_ewma,DI_star,-0.5895817077028022,0.08226328731858659,-0.8387326963708264,0.014212155585350644,20
credit,abrupt_group_mag0.5,xgb,global_ewma,AOD_star,-0.5428571428571428,0.09152819068263957,-0.8349955962745972,0.017221477539851603,20
credit,abrupt_group_mag0.5,xgb,global_ewma,BalAcc,-0.2785714285714285,0.21005418326538278,-0.323557618236079,0.17843408304585162,20
credit,abrupt_group_mag0.5,xgb,global_std,DI_star,-0.5540194382903783,0.12679297926778088,-0.9822356365592972,0.00807086295513587,20
credit,abrupt_group_mag0.5,xgb,global_std,AOD_star,-0.5842857142857143,0.13041459044994685,-0.9852708640283756,0.00444019185401622,20
credit,abrupt_group_mag0.5,xgb,global_std,BalAcc,-0.40503759398496236,0.20540785062427275,-0.439049602685072,0.148551645054819,20
credit,abrupt_group_mag0.5,xgb,subgroup_violation_diff,DI_star,0.5469895186539786,0.12055567068702396,0.9609022898783616,0.03851195374390825,20
credit,abrupt_group_mag0.5,xgb,subgroup_violation_diff,AOD_star,0.6123308270676691,0.10955132337373591,0.9650205366536329,0.03874896238758013,20
credit,abrupt_group_mag0.5,xgb,subgroup_violation_diff,BalAcc,0.4203007518796992,0.17462687259484813,0.4417755585358356,0.14986937809055811,20
credit,abrupt_group_mag0.5,xgb,max_subgroup_deviation,DI_star,-0.5371406016464196,0.14337400126237668,-0.9760742572746797,0.007828209173671608,20
credit,abrupt_group_mag0.5,xgb,max_subgroup_deviation,AOD_star,-0.5856390977443608,0.11499234944946045,-0.9796550859064533,0.005814946447551222,20
credit,abrupt_group_mag0.5,xgb,max_subgroup_deviation,BalAcc,-0.422406015037594,0.1898968302808531,-0.4462834071474977,0.15498564244225377,20
credit,abrupt_group_mag0.5,xgb,assignment_proportion_drift,DI_star,-0.5006584185734808,0.1138462604920775,-0.9452396094086455,0.020625928008030252,20
credit,abrupt_group_mag0.5,xgb,assignment_proportion_drift,AOD_star,-0.518453554586931,0.11631374517619728,-0.9472095819858432,0.01871899864145899,20
credit,abrupt_group_mag0.5,xgb,assignment_proportion_drift,BalAcc,-0.31811942139297933,0.20356456929640232,-0.4151529467077254,0.15544667032522547,20
credit,abrupt_group_mag0.5,xgb,ks_statistic,DI_star,-0.5282999486690189,0.09558634841353474,-0.9773709456702775,0.007295897153147429,20
credit,abrupt_group_mag0.5,xgb,ks_statistic,AOD_star,-0.5793984962406016,0.11669899597558955,-0.9805786426267492,0.005205602977190509,20
credit,abrupt_group_mag0.5,xgb,ks_statistic,BalAcc,-0.4084210526315789,0.21209746702695262,-0.4403293841131547,0.15608045966116005,20
credit,abrupt_group_mag0.5,xgb,kl_divergence,DI_star,-0.46721143417238054,0.13130124140995258,-0.6045073471092313,0.14577895819843745,20
credit,abrupt_group_mag0.5,xgb,kl_divergence,AOD_star,-0.4629323308270676,0.14467171662438127,-0.6033494617092554,0.1482713672736385,20
credit,abrupt_group_mag0.5,xgb,kl_divergence,BalAcc,-0.26481203007518794,0.23741827518215328,-0.29818816229944967,0.19196686603076543,20
credit,abrupt_group_mag0.5,xgb,per_subgroup_ewma[min_neg],DI_star,-0.2830227911329696,0.38223280928269565,-0.3987637294216228,0.49076626194243533,20
credit,abrupt_group_mag0.5,xgb,per_subgroup_ewma[min_neg],AOD_star,-0.2261031787673867,0.3885291447649874,-0.3911895072140875,0.49521968858054516,20
credit,abrupt_group_mag0.5,xgb,per_subgroup_ewma[min_neg],BalAcc,-0.04985615722609617,0.26621361017768946,-0.1024688626224138,0.2766359091500657,20
credit,abrupt_group_mag0.5,xgb,per_subgroup_baseline_relative[min_neg],DI_star,-0.0796328567878717,0.283950427923565,-0.1866914537813872,0.2080791098141385,20
credit,abrupt_group_mag0.5,xgb,per_subgroup_baseline_relative[min_neg],AOD_star,-0.09866533063516579,0.2575125811534337,-0.1831756995384509,0.2093490988933458,20
credit,abrupt_group_mag0.5,xgb,per_subgroup_baseline_relative[min_neg],BalAcc,-0.03979411385127514,0.245543249398063,-0.060804158557224985,0.21203773208846804,20
credit,abrupt_group_mag0.5,xgb,per_subgroup_ewma[min_pos],DI_star,-0.3253697389997258,0.44499659034625133,-0.47865551403066187,0.6085149689628732,20
credit,abrupt_group_mag0.5,xgb,per_subgroup_ewma[min_pos],AOD_star,-0.2890225563909774,0.45029185703868607,-0.47509026061835985,0.6071739046405503,20
credit,abrupt_group_mag0.5,xgb,per_subgroup_ewma[min_pos],BalAcc,-0.17421052631578945,0.30739699225683703,-0.20977347917152084,0.2972675738633983,20
credit,abrupt_group_mag0.5,xgb,per_subgroup_baseline_relative[min_pos],DI_star,-0.2674999399011945,0.4044379445575926,-0.4780159953738027,0.5072699870685173,20
credit,abrupt_group_mag0.5,xgb,per_subgroup_baseline_relative[min_pos],AOD_star,-0.26639097744360907,0.40288216965430523,-0.4761150047922985,0.5158812794014099,20
credit,abrupt_group_mag0.5,xgb,per_subgroup_baseline_relative[min_pos],BalAcc,-0.19285714285714287,0.32619514591827636,-0.21322320189440394,0.3381313056150129,20
credit,abrupt_group_mag0.5,xgb,per_subgroup_ewma[maj_neg],DI_star,-0.565070203250484,0.098491232506644,-0.8087060353761121,0.054634833511375124,20
credit,abrupt_group_mag0.5,xgb,per_subgroup_ewma[maj_neg],AOD_star,-0.5262406015037594,0.12097879876061703,-0.802662732695623,0.06503802322124067,20
credit,abrupt_group_mag0.5,xgb,per_subgroup_ewma[maj_neg],BalAcc,-0.2494736842105263,0.20729360124980598,-0.29220711725316756,0.18290669673192173,20
credit,abrupt_group_mag0.5,xgb,per_subgroup_baseline_relative[maj_neg],DI_star,-0.5170973088175694,0.10733108300069169,-0.8262288971048729,0.11640693879526187,20
credit,abrupt_group_mag0.5,xgb,per_subgroup_baseline_relative[maj_neg],AOD_star,-0.5587218045112782,0.1230921221269165,-0.8301258325007008,0.12133844611033782,20
credit,abrupt_group_mag0.5,xgb,per_subgroup_baseline_relative[maj_neg],BalAcc,-0.30263157894736836,0.14358727150950515,-0.3619531860812759,0.1271491664061937,20
credit,abrupt_group_mag0.5,xgb,per_subgroup_ewma[maj_pos],DI_star,-0.5847691402676445,0.08479227808373155,-0.8390959235369172,0.013081516042545645,20
credit,abrupt_group_mag0.5,xgb,per_subgroup_ewma[maj_pos],AOD_star,-0.5413533834586466,0.09136622330015297,-0.8355156530344743,0.01648564613692251,20
credit,abrupt_group_mag0.5,xgb,per_subgroup_ewma[maj_pos],BalAcc,-0.27406015037593984,0.20924955219035712,-0.32419277103202326,0.17709953546369867,20
credit,abrupt_group_mag0.5,xgb,per_subgroup_baseline_relative[maj_pos],DI_star,-0.5366894738268708,0.14318957993244838,-0.9760365028215239,0.0077758034203744735,20
credit,abrupt_group_mag0.5,xgb,per_subgroup_baseline_relative[maj_pos],AOD_star,-0.584736842105263,0.11481700310760504,-0.9795595145194153,0.005755613318892748,20
credit,abrupt_group_mag0.5,xgb,per_subgroup_baseline_relative[maj_pos],BalAcc,-0.42511278195488716,0.18889103636540927,-0.44672711584352853,0.15493079015808134,20
credit,abrupt_group_mag1.0,lr,global_mean,DI_star,0.577218045112782,0.12853077227305984,0.9217525192789312,0.07614410162241732,20
credit,abrupt_group_mag1.0,lr,global_mean,AOD_star,0.5993984962406014,0.12183458275409573,0.9377445520051723,0.0649395209495343,20
credit,abrupt_group_mag1.0,lr,global_mean,BalAcc,-0.07684210526315789,0.19440933937826196,-0.08336768152274149,0.17316129633975333,20
credit,abrupt_group_mag1.0,lr,global_ewma,DI_star,0.6033082706766917,0.11135193655043263,0.7934748983033938,0.09235836133338822,20
credit,abrupt_group_mag1.0,lr,global_ewma,AOD_star,0.5934586466165414,0.11263878130299096,0.8028336890204834,0.07680740390691564,20
credit,abrupt_group_mag1.0,lr,global_ewma,BalAcc,-0.059624060150375933,0.14265856796350562,-0.0823280179724106,0.11969932415136349,20
credit,abrupt_group_mag1.0,lr,global_std,DI_star,0.5881954887218044,0.11978392270885829,0.9260528146301936,0.07571305308028645,20
credit,abrupt_group_mag1.0,lr,global_std,AOD_star,0.6033834586466165,0.10730024056235164,0.9416827242049186,0.06427629586418894,20
credit,abrupt_group_mag1.0,lr,global_std,BalAcc,-0.06842105263157894,0.20908664566230156,-0.08189080772888353,0.17226424932659734,20
credit,abrupt_group_mag1.0,lr,subgroup_violation_diff,DI_star,-0.23578947368421047,0.5096929426732882,-0.3703116791903753,0.8147632156196476,20
credit,abrupt_group_mag1.0,lr,subgroup_violation_diff,AOD_star,-0.2540601503759399,0.5176278588523309,-0.3738016515873074,0.8321058989596269,20
credit,abrupt_group_mag1.0,lr,subgroup_violation_diff,BalAcc,0.02586466165413534,0.2346898750294689,0.031870926349173836,0.20517144726699227,20
credit,abrupt_group_mag1.0,lr,max_subgroup_deviation,DI_star,0.5636090225563908,0.1486970945816461,0.9155895775140868,0.08083735509726178,20
credit,abrupt_group_mag1.0,lr,max_subgroup_deviation,AOD_star,0.5941353383458646,0.09280632380043342,0.9345810175524333,0.06378360108416564,20
credit,abrupt_group_mag1.0,lr,max_subgroup_deviation,BalAcc,-0.128796992481203,0.22394217765204338,-0.09935368289058241,0.17589598251938524,20
credit,abrupt_group_mag1.0,lr,assignment_proportion_drift,DI_star,0.5431075808797466,0.1002785222646589,0.8813310740118798,0.06216543396160221,20
credit,abrupt_group_mag1.0,lr,assignment_proportion_drift,AOD_star,0.5749257524140103,0.1263547350852053,0.898764789784315,0.055822986429439225,20
credit,abrupt_group_mag1.0,lr,assignment_proportion_drift,BalAcc,-0.02437111209506087,0.13850553910373525,-0.05956964140576047,0.16160372322511748,20
credit,abrupt_group_mag1.0,lr,ks_statistic,DI_star,0.569548872180451,0.12333107711336821,0.9191435581440983,0.07920153608063095,20
credit,abrupt_group_mag1.0,lr,ks_statistic,AOD_star,0.5939097744360902,0.1070402885915517,0.936194507637764,0.06559164717019263,20
credit,abrupt_group_mag1.0,lr,ks_statistic,BalAcc,-0.07037593984962405,0.20291649309866974,-0.08474972693840026,0.1741096077779925,20
credit,abrupt_group_mag1.0,lr,kl_divergence,DI_star,0.5298496240601505,0.11797208123505304,0.8098569817472606,0.0874168187800233,20
credit,abrupt_group_mag1.0,lr,kl_divergence,AOD_star,0.5282706766917292,0.12380159888591606,0.8248553918130364,0.07044630409498161,20
credit,abrupt_group_mag1.0,lr,kl_divergence,BalAcc,0.006616541353383456,0.18174809600016012,-0.027616205254935754,0.18056591732840188,20
credit,abrupt_group_mag1.0,lr,per_subgroup_ewma[min_neg],DI_star,0.5961826090528607,0.16765661736233267,0.7116306413691091,0.18551868070866595,20
credit,abrupt_group_mag1.0,lr,per_subgroup_ewma[min_neg],AOD_star,0.5256926004126329,0.19278048388060584,0.6997260662835265,0.18815754317244052,20
credit,abrupt_group_mag1.0,lr,per_subgroup_ewma[min_neg],BalAcc,-0.05049413782736244,0.16593267615007484,-0.06763195594108304,0.13887833892580234,20
credit,abrupt_group_mag1.0,lr,per_subgroup_baseline_relative[min_neg],DI_star,0.48504263118893737,0.20926959671981887,0.5859642245963335,0.2543133133586861,20
credit,abrupt_group_mag1.0,lr,per_subgroup_baseline_relative[min_neg],AOD_star,0.3967530005005098,0.2525387427874552,0.5628910301459658,0.2697918845198959,20
credit,abrupt_group_mag1.0,lr,per_subgroup_baseline_relative[min_neg],BalAcc,-0.01245549342738062,0.2118040136114595,-0.03104300457989228,0.220195568728692,20
credit,abrupt_group_mag1.0,lr,per_subgroup_ewma[min_pos],DI_star,0.5899248120300752,0.13060139554408318,0.760322091079029,0.14445996356722174,20
credit,abrupt_group_mag1.0,lr,per_subgroup_ewma[min_pos],AOD_star,0.5719548872180451,0.1625154706343021,0.7567961933333947,0.16366168395882838,20
credit,abrupt_group_mag1.0,lr,per_subgroup_ewma[min_pos],BalAcc,-0.06954887218045111,0.15768971651850536,-0.10381540010382337,0.14753466681406643,20
credit,abrupt_group_mag1.0,lr,per_subgroup_baseline_relative[min_pos],DI_star,0.5121052631578947,0.19439862346831788,0.7600218966121003,0.25447591056441626,20
credit,abrupt_group_mag1.0,lr,per_subgroup_baseline_relative[min_pos],AOD_star,0.5157142857142857,0.19514572280494197,0.759061287475099,0.28395824620942994,20
credit,abrupt_group_mag1.0,lr,per_subgroup_baseline_relative[min_pos],BalAcc,-0.054285714285714284,0.232834162900651,-0.07021913532641604,0.20113647015257818,20
credit,abrupt_group_mag1.0,lr,per_subgroup_ewma[maj_neg],DI_star,0.5036090225563908,0.3211636863093495,0.60889844595735,0.44285691761706114,20
credit,abrupt_group_mag1.0,lr,per_subgroup_ewma[maj_neg],AOD_star,0.481578947368421,0.32818076085084497,0.611224154714036,0.4537731558428037,20
credit,abrupt_group_mag1.0,lr,per_subgroup_ewma[maj_neg],BalAcc,-0.0456390977443609,0.13608256115999118,-0.06039347042885318,0.14393296626097216,20
credit,abrupt_group_mag1.0,lr,per_subgroup_baseline_relative[maj_neg],DI_star,0.3840601503759398,0.26803320687685983,0.6469155572031602,0.4000424326101454,20
credit,abrupt_group_mag1.0,lr,per_subgroup_baseline_relative[maj_neg],AOD_star,0.4318045112781955,0.24114331616600815,0.6494609106667903,0.41519127336388195,20
credit,abrupt_group_mag1.0,lr,per_subgroup_baseline_relative[maj_neg],BalAcc,0.018721804511278202,0.2306648667210561,-0.024109479689046642,0.2032612686391559,20
credit,abrupt_group_mag1.0,lr,per_subgroup_ewma[maj_pos],DI_star,0.5983458646616541,0.10393675590633945,0.7904668712136764,0.09048438960062878,20
credit,abrupt_group_mag1.0,lr,per_subgroup_ewma[maj_pos],AOD_star,0.5887218045112781,0.10743253282696144,0.7999808239178161,0.07468200410709633,20
credit,abrupt_group_mag1.0,lr,per_subgroup_ewma[maj_pos],BalAcc,-0.0699248120300752,0.13608108638776517,-0.08072346256063338,0.11924567807470712,20
credit,abrupt_group_mag1.0,lr,per_subgroup_baseline_relative[maj_pos],DI_star,0.5727067669172932,0.12607323202724283,0.8985932602985397,0.09339408130012782,20
credit,abrupt_group_mag1.0,lr,per_subgroup_baseline_relative[maj_pos],AOD_star,0.5904511278195488,0.11497150295690783,0.9111310694148343,0.0911158201267716,20
credit,abrupt_group_mag1.0,lr,per_subgroup_baseline_relative[maj_pos],BalAcc,-0.09451127819548871,0.1873640008409448,-0.08298219699696947,0.17193066191304596,20
credit,abrupt_group_mag1.0,xgb,global_mean,DI_star,-0.5176995196295595,0.11591228769632805,-0.9775213074538689,0.007923691611220656,20
credit,abrupt_group_mag1.0,xgb,global_mean,AOD_star,-0.565187969924812,0.13096550880942065,-0.9806125711647994,0.005950577221765617,20
credit,abrupt_group_mag1.0,xgb,global_mean,BalAcc,-0.4183458646616541,0.211063010852886,-0.4420947889509468,0.15273367137756572,20
credit,abrupt_group_mag1.0,xgb,global_ewma,DI_star,-0.5905591513118247,0.08378761360162032,-0.8389017972650266,0.013998922328164302,20
credit,abrupt_group_mag1.0,xgb,global_ewma,AOD_star,-0.5413533834586466,0.08984506233111114,-0.8352110299671232,0.016984486913006382,20
credit,abrupt_group_mag1.0,xgb,global_ewma,BalAcc,-0.2766165413533834,0.2082918341089766,-0.3237217212021831,0.17822858192344013,20
credit,abrupt_group_mag1.0,xgb,global_std,DI_star,-0.5506359796437618,0.13121269614917497,-0.9831470641617353,0.007783087520677346,20
credit,abrupt_group_mag1.0,xgb,global_std,AOD_star,-0.5817293233082707,0.14061499271871872,-0.9861474997779058,0.00445944169489947,20
credit,abrupt_group_mag1.0,xgb,global_std,BalAcc,-0.41684210526315785,0.2162448889532816,-0.43924889394909633,0.15190097371099537,20
credit,abrupt_group_mag1.0,xgb,subgroup_violation_diff,DI_star,0.2230797442178883,0.5296316646803092,0.38648766695789094,0.8745083992018075,20
credit,abrupt_group_mag1.0,xgb,subgroup_violation_diff,AOD_star,0.2307518796992481,0.5469829418076272,0.38728366020565935,0.8789675925116291,20
credit,abrupt_group_mag1.0,xgb,subgroup_violation_diff,BalAcc,0.1755639097744361,0.40283631056387115,0.195160124550135,0.42951627582869367,20
credit,abrupt_group_mag1.0,xgb,max_subgroup_deviation,DI_star,-0.5621023854551768,0.11922411744543247,-0.9746263115393022,0.01096488327169056,20
credit,abrupt_group_mag1.0,xgb,max_subgroup_deviation,AOD_star,-0.5914285714285714,0.11862850905784275,-0.9784763749650416,0.006639735144130402,20
credit,abrupt_group_mag1.0,xgb,max_subgroup_deviation,BalAcc,-0.4075187969924812,0.19890934456677475,-0.44811939670493395,0.15293163030827064,20
credit,abrupt_group_mag1.0,xgb,assignment_proportion_drift,DI_star,-0.5060025829656433,0.1418771124993996,-0.9347255006899049,0.028626411280054543,20
credit,abrupt_group_mag1.0,xgb,assignment_proportion_drift,AOD_star,-0.5189812928070534,0.11703901378721518,-0.9354498682410431,0.02799645995773716,20
credit,abrupt_group_mag1.0,xgb,assignment_proportion_drift,BalAcc,-0.3194999087924759,0.20288336247900401,-0.4102164766343986,0.16217959083151584,20
credit,abrupt_group_mag1.0,xgb,ks_statistic,DI_star,-0.5330003987787252,0.10136515086619506,-0.9776708251760396,0.0074166983473918134,20
credit,abrupt_group_mag1.0,xgb,ks_statistic,AOD_star,-0.5781203007518796,0.12688421601539926,-0.9809118855255509,0.005550657369345058,20
credit,abrupt_group_mag1.0,xgb,ks_statistic,BalAcc,-0.4130827067669173,0.21341948648571563,-0.4423563095126789,0.15492700210134783,20
credit,abrupt_group_mag1.0,xgb,kl_divergence,DI_star,-0.5469452642336038,0.07893502333194084,-0.8758932596934967,0.04314234391784727,20
credit,abrupt_group_mag1.0,xgb,kl_divergence,AOD_star,-0.5662406015037593,0.09988005130198112,-0.875820073927469,0.045214629322183765,20
credit,abrupt_group_mag1.0,xgb,kl_divergence,BalAcc,-0.30067669172932326,0.20082169099583036,-0.37046749751298813,0.17343175567479166,20
credit,abrupt_group_mag1.0,xgb,per_subgroup_ewma[min_neg],DI_star,-0.5365447543077535,0.1253251988932625,-0.7364436884818759,0.14395458069801448,20
credit,abrupt_group_mag1.0,xgb,per_subgroup_ewma[min_neg],AOD_star,-0.5033178017456256,0.10252441367293176,-0.7322743788029047,0.13986976824067057,20
credit,abrupt_group_mag1.0,xgb,per_subgroup_ewma[min_neg],BalAcc,-0.26451645382045874,0.20998285977338083,-0.2958494961992878,0.19146098904966752,20
credit,abrupt_group_mag1.0,xgb,per_subgroup_baseline_relative[min_neg],DI_star,-0.41442734128552267,0.22167172361439796,-0.5914812841803865,0.2506354053056063,20
credit,abrupt_group_mag1.0,xgb,per_subgroup_baseline_relative[min_neg],AOD_star,-0.4159171168131036,0.19787637393611274,-0.5944602199165858,0.2455015418648133,20
credit,abrupt_group_mag1.0,xgb,per_subgroup_baseline_relative[min_neg],BalAcc,-0.24555177741585904,0.23208062376237834,-0.27415262080677827,0.21597576771827637,20
credit,abrupt_group_mag1.0,xgb,per_subgroup_ewma[min_pos],DI_star,-0.5556337877807278,0.14719391761364203,-0.7915839969411472,0.12982621838317845,20
credit,abrupt_group_mag1.0,xgb,per_subgroup_ewma[min_pos],AOD_star,-0.521578947368421,0.15142735811237865,-0.7907352942646165,0.13169479227628075,20
credit,abrupt_group_mag1.0,xgb,per_subgroup_ewma[min_pos],BalAcc,-0.2616541353383458,0.2194293628794591,-0.3272507301718993,0.1921992720415138,20
credit,abrupt_group_mag1.0,xgb,per_subgroup_baseline_relative[min_pos],DI_star,-0.45822340315811816,0.19311814287354911,-0.7795439993145792,0.27092148330698584,20
credit,abrupt_group_mag1.0,xgb,per_subgroup_baseline_relative[min_pos],AOD_star,-0.4988721804511279,0.16256597177082943,-0.7868119745923728,0.26135242521849256,20
credit,abrupt_group_mag1.0,xgb,per_subgroup_baseline_relative[min_pos],BalAcc,-0.3126315789473684,0.2087529499416319,-0.35681345613649557,0.19620260288002647,20
credit,abrupt_group_mag1.0,xgb,per_subgroup_ewma[maj_neg],DI_star,-0.47913072129377143,0.31896301732660687,-0.6317663548635858,0.4624464704838698,20
credit,abrupt_group_mag1.0,xgb,per_subgroup_ewma[maj_neg],AOD_star,-0.4416541353383458,0.2964668804897376,-0.6286858388758378,0.4587857170649816,20
credit,abrupt_group_mag1.0,xgb,per_subgroup_ewma[maj_neg],BalAcc,-0.22263157894736837,0.24227541538690808,-0.24169989608275877,0.2404785013670708,20
credit,abrupt_group_mag1.0,xgb,per_subgroup_baseline_relative[maj_neg],DI_star,-0.4337953450499942,0.25835470987062126,-0.6743090128815726,0.41705790229459255,20
credit,abrupt_group_mag1.0,xgb,per_subgroup_baseline_relative[maj_neg],AOD_star,-0.4129323308270676,0.26716874738312674,-0.6758007798934472,0.41702802618326673,20
credit,abrupt_group_mag1.0,xgb,per_subgroup_baseline_relative[maj_neg],BalAcc,-0.19548872180451124,0.2659763144586675,-0.26807819913518216,0.24844391268808041,20
credit,abrupt_group_mag1.0,xgb,per_subgroup_ewma[maj_pos],DI_star,-0.5878518753166655,0.08543904798503449,-0.8350519883452406,0.01812746516703659,20
credit,abrupt_group_mag1.0,xgb,per_subgroup_ewma[maj_pos],AOD_star,-0.5388721804511277,0.0880942184705893,-0.8312705980222157,0.02019180249835308,20
credit,abrupt_group_mag1.0,xgb,per_subgroup_ewma[maj_pos],BalAcc,-0.27165413533834587,0.20524595758168712,-0.3222629194832497,0.1784000438263585,20
credit,abrupt_group_mag1.0,xgb,per_subgroup_baseline_relative[maj_pos],DI_star,-0.535561032071718,0.13218343333649069,-0.9517435339065428,0.04712575013509324,20
credit,abrupt_group_mag1.0,xgb,per_subgroup_baseline_relative[maj_pos],AOD_star,-0.5650375939849623,0.10578054907821155,-0.9553410417811341,0.0467086303298934,20
credit,abrupt_group_mag1.0,xgb,per_subgroup_baseline_relative[maj_pos],BalAcc,-0.401578947368421,0.19418156092307357,-0.44114536716810904,0.15687732235434418,20
credit,abrupt_group_mag2.0,lr,global_mean,DI_star,0.22601503759398497,0.40811850000433836,0.3272371708943509,0.5379819533435728,20
credit,abrupt_group_mag2.0,lr,global_mean,AOD_star,0.5609022556390977,0.11568201243258285,0.9745552539361043,0.00805659581882967,20
credit,abrupt_group_mag2.0,lr,global_mean,BalAcc,-0.2073684210526316,0.16749470001225455,-0.2884389075890047,0.1942086792050329,20
credit,abrupt_group_mag2.0,lr,global_ewma,DI_star,0.2181954887218045,0.40835662840243114,0.26874734535745043,0.47466871038152647,20
credit,abrupt_group_mag2.0,lr,global_ewma,AOD_star,0.5694736842105262,0.08414350179106361,0.8334957980169886,0.027313905307952677,20
credit,abrupt_group_mag2.0,lr,global_ewma,BalAcc,-0.20706766917293234,0.16990491599537066,-0.2678610559632645,0.17230856879360193,20
credit,abrupt_group_mag2.0,lr,global_std,DI_star,0.20233082706766914,0.40522939164923355,0.32548877786302804,0.5426885064727367,20
credit,abrupt_group_mag2.0,lr,global_std,AOD_star,0.546766917293233,0.10635885165487372,0.9782723091167564,0.0073188542621899205,20
credit,abrupt_group_mag2.0,lr,global_std,BalAcc,-0.21669172932330824,0.18589160813985592,-0.2875521440304739,0.19842403226160393,20
credit,abrupt_group_mag2.0,lr,subgroup_violation_diff,DI_star,0.05172932330827067,0.46332518217043156,0.10415540818047637,0.5326171515065419,20
credit,abrupt_group_mag2.0,lr,subgroup_violation_diff,AOD_star,0.21924812030075186,0.4632403012326065,0.369822081581369,0.77256332891954,20
credit,abrupt_group_mag2.0,lr,subgroup_violation_diff,BalAcc,-0.0023308270676691708,0.2685532729678248,-0.05513870377873914,0.29863066145653633,20
credit,abrupt_group_mag2.0,lr,max_subgroup_deviation,DI_star,0.2030075187969925,0.43656727860671213,0.3278709633957611,0.5374825345791057,20
credit,abrupt_group_mag2.0,lr,max_subgroup_deviation,AOD_star,0.5369924812030075,0.10519213500866152,0.9681971339898965,0.009744019815432634,20
credit,abrupt_group_mag2.0,lr,max_subgroup_deviation,BalAcc,-0.20541353383458646,0.18919325231244585,-0.2862846348577023,0.19334963038604727,20
credit,abrupt_group_mag2.0,lr,assignment_proportion_drift,DI_star,0.27717323690752216,0.4073096970585049,0.3289374107238673,0.5167151892537281,20
credit,abrupt_group_mag2.0,lr,assignment_proportion_drift,AOD_star,0.5678988876952,0.09310418249625708,0.9375478482459817,0.020167800224747148,20
credit,abrupt_group_mag2.0,lr,assignment_proportion_drift,BalAcc,-0.17444199926647297,0.1972442090539719,-0.2566739869426955,0.1796028568809014,20
credit,abrupt_group_mag2.0,lr,ks_statistic,DI_star,0.22578947368421048,0.4129021217366895,0.3268159851431216,0.5385304430348461,20
credit,abrupt_group_mag2.0,lr,ks_statistic,AOD_star,0.556766917293233,0.10330058195551362,0.9736095967765893,0.008161554208161942,20
credit,abrupt_group_mag2.0,lr,ks_statistic,BalAcc,-0.21609022556390972,0.1783772430523004,-0.28939633934892034,0.19758948915782767,20
credit,abrupt_group_mag2.0,lr,kl_divergence,DI_star,0.3094736842105263,0.37394889341773513,0.35433094524229175,0.509583901970005,20
credit,abrupt_group_mag2.0,lr,kl_divergence,AOD_star,0.6048120300751879,0.09694129324799294,0.9622334064362412,0.01019810157592158,20
credit,abrupt_group_mag2.0,lr,kl_divergence,BalAcc,-0.22263157894736843,0.1862079676120656,-0.2842691324091782,0.20332969659089192,20
credit,abrupt_group_mag2.0,lr,per_subgroup_ewma[min_neg],DI_star,0.07985997531009045,0.400540080429039,0.07831773607866092,0.4821882627823888,20
credit,abrupt_group_mag2.0,lr,per_subgroup_ewma[min_neg],AOD_star,0.20862131113043186,0.4631069257969573,0.3659408003283447,0.5846218016205267,20
credit,abrupt_group_mag2.0,lr,per_subgroup_ewma[min_neg],BalAcc,-0.09169454339262259,0.23726066907088333,-0.11552347016732645,0.24046180784413337,20
credit,abrupt_group_mag2.0,lr,per_subgroup_baseline_relative[min_neg],DI_star,0.046918451577976354,0.29803822711350203,0.05578689094203757,0.3264128875242761,20
credit,abrupt_group_mag2.0,lr,per_subgroup_baseline_relative[min_neg],AOD_star,0.1080392065028349,0.2868645819986444,0.17133483450282827,0.33471286839410336,20
credit,abrupt_group_mag2.0,lr,per_subgroup_baseline_relative[min_neg],BalAcc,0.015981764648678863,0.22023760662583508,-0.01857684368010567,0.23426448992278454,20
credit,abrupt_group_mag2.0,lr,per_subgroup_ewma[min_pos],DI_star,0.2218045112781955,0.4051794520665595,0.2659539929982534,0.47469436889338723,20
credit,abrupt_group_mag2.0,lr,per_subgroup_ewma[min_pos],AOD_star,0.5700000000000001,0.08942814915109966,0.8209917481316739,0.06068981973201245,20
credit,abrupt_group_mag2.0,lr,per_subgroup_ewma[min_pos],BalAcc,-0.20413533834586461,0.17554088496761006,-0.25666464131545885,0.18883793535946825,20
credit,abrupt_group_mag2.0,lr,per_subgroup_baseline_relative[min_pos],DI_star,0.207593984962406,0.3894787571882001,0.3365108855971153,0.5257845505352848,20
credit,abrupt_group_mag2.0,lr,per_subgroup_baseline_relative[min_pos],AOD_star,0.5462406015037594,0.11172423813805563,0.9345257669243903,0.15980007196659698,20
credit,abrupt_group_mag2.0,lr,per_subgroup_baseline_relative[min_pos],BalAcc,-0.17609022556390977,0.19378604944199593,-0.2626364456172635,0.21464903628777576,20
credit,abrupt_group_mag2.0,lr,per_subgroup_ewma[maj_neg],DI_star,0.16631578947368425,0.3379658350300775,0.12260408947898216,0.3715289624818882,20
credit,abrupt_group_mag2.0,lr,per_subgroup_ewma[maj_neg],AOD_star,0.1521804511278195,0.3501101318373595,0.17321678086570957,0.5278565950182996,20
credit,abrupt_group_mag2.0,lr,per_subgroup_ewma[maj_neg],BalAcc,-0.06766917293233081,0.281817510392607,-0.04814013274572807,0.24332055993498844,20
credit,abrupt_group_mag2.0,lr,per_subgroup_baseline_relative[maj_neg],DI_star,0.16338345864661655,0.22963212289688803,0.17205383726619045,0.19359207116415258,20
credit,abrupt_group_mag2.0,lr,per_subgroup_baseline_relative[maj_neg],AOD_star,0.12015037593984959,0.26104150040368906,0.15556045513159789,0.30899888420473715,20
credit,abrupt_group_mag2.0,lr,per_subgroup_baseline_relative[maj_neg],BalAcc,-0.028872180451127827,0.2527531036032679,-0.005190913399774062,0.23727635728491855,20
credit,abrupt_group_mag2.0,lr,per_subgroup_ewma[maj_pos],DI_star,0.22097744360902252,0.41661422098185097,0.2702203598489931,0.4759611152597934,20
credit,abrupt_group_mag2.0,lr,per_subgroup_ewma[maj_pos],AOD_star,0.5696992481203007,0.09160014940316605,0.8355189558908558,0.031746296527410574,20
credit,abrupt_group_mag2.0,lr,per_subgroup_ewma[maj_pos],BalAcc,-0.2150375939849624,0.16370684824169737,-0.262870618519757,0.17549070873785436,20
credit,abrupt_group_mag2.0,lr,per_subgroup_baseline_relative[maj_pos],DI_star,0.22969924812030068,0.42839961600240883,0.31405869613811876,0.5267442917168639,20
credit,abrupt_group_mag2.0,lr,per_subgroup_baseline_relative[maj_pos],AOD_star,0.5493233082706765,0.11133822806605109,0.9512400142782976,0.058799450561011754,20
credit,abrupt_group_mag2.0,lr,per_subgroup_baseline_relative[maj_pos],BalAcc,-0.223984962406015,0.22145045017458387,-0.28241141268794445,0.2154344862629381,20
credit,abrupt_group_mag2.0,xgb,global_mean,DI_star,-0.5180757140181165,0.1159879753213426,-0.9778579080371956,0.0078016341086787865,20
credit,abrupt_group_mag2.0,xgb,global_mean,AOD_star,-0.5586466165413533,0.12785979021562133,-0.9808221194659655,0.0058821629873598204,20
credit,abrupt_group_mag2.0,xgb,global_mean,BalAcc,-0.408796992481203,0.20197245177482545,-0.4416701128727459,0.15275386797422447,20
credit,abrupt_group_mag2.0,xgb,global_ewma,DI_star,-0.5902207630240075,0.08347822357845607,-0.8392231004224383,0.013825574631715153,20
credit,abrupt_group_mag2.0,xgb,global_ewma,AOD_star,-0.541578947368421,0.08931023802503883,-0.8355130952127287,0.01687347121831482,20
credit,abrupt_group_mag2.0,xgb,global_ewma,BalAcc,-0.27721804511278186,0.20773459140681616,-0.3236964640782334,0.17814327939436045,20
credit,abrupt_group_mag2.0,xgb,global_std,DI_star,-0.5555977068883114,0.13204015395104907,-0.9834977433382012,0.007590746464079686,20
credit,abrupt_group_mag2.0,xgb,global_std,AOD_star,-0.5768421052631578,0.1314954837326033,-0.986289143361609,0.004316353245686106,20
credit,abrupt_group_mag2.0,xgb,global_std,BalAcc,-0.4037593984962406,0.2138457427585811,-0.4382545975078527,0.15187509610878444,20
credit,abrupt_group_mag2.0,xgb,subgroup_violation_diff,DI_star,-0.2351062770710451,0.49449646710923084,-0.3741523353081894,0.7808621095756421,20
credit,abrupt_group_mag2.0,xgb,subgroup_violation_diff,AOD_star,-0.17398496240601502,0.4970237838924439,-0.37281854472916587,0.7814197120659738,20
credit,abrupt_group_mag2.0,xgb,subgroup_violation_diff,BalAcc,-0.02624060150375942,0.3638658007981047,-0.10360150439814002,0.39003346574010866,20
credit,abrupt_group_mag2.0,xgb,max_subgroup_deviation,DI_star,-0.5293567094351008,0.13332355873159601,-0.9725407821480649,0.010285472321311688,20
credit,abrupt_group_mag2.0,xgb,max_subgroup_deviation,AOD_star,-0.5295488721804512,0.12913281563897216,-0.9746702590540938,0.008783773726563927,20
credit,abrupt_group_mag2.0,xgb,max_subgroup_deviation,BalAcc,-0.3457142857142857,0.18761042313502083,-0.43502268406143624,0.15195135814388652,20
credit,abrupt_group_mag2.0,xgb,assignment_proportion_drift,DI_star,-0.4901466822206406,0.11128421600986971,-0.9366399379325967,0.01890882998426566,20
credit,abrupt_group_mag2.0,xgb,assignment_proportion_drift,AOD_star,-0.5377829503669985,0.1291638037944247,-0.9391957929447374,0.02139641417273339,20
credit,abrupt_group_mag2.0,xgb,assignment_proportion_drift,BalAcc,-0.3471226611340875,0.18276601018995325,-0.42480322869861953,0.14587674060767086,20
credit,abrupt_group_mag2.0,xgb,ks_statistic,DI_star,-0.5519109226905625,0.09939100938992315,-0.9777784388254747,0.007545907838335354,20
credit,abrupt_group_mag2.0,xgb,ks_statistic,AOD_star,-0.5797744360902255,0.13455955962402585,-0.9807002495624377,0.005959224133635039,20
credit,abrupt_group_mag2.0,xgb,ks_statistic,BalAcc,-0.4046616541353383,0.22333631883801358,-0.4405045223837779,0.155774166406389,20
credit,abrupt_group_mag2.0,xgb,kl_divergence,DI_star,-0.5202181327883669,0.14192673959671656,-0.9590824680152135,0.010788808531245161,20
credit,abrupt_group_mag2.0,xgb,kl_divergence,AOD_star,-0.5658646616541353,0.13417385400703497,-0.9623264508768423,0.013485690374801103,20
credit,abrupt_group_mag2.0,xgb,kl_divergence,BalAcc,-0.373984962406015,0.21310244468465941,-0.43521878931986935,0.16131833506202004,20
credit,abrupt_group_mag2.0,xgb,per_subgroup_ewma[min_neg],DI_star,-0.27378352313066373,0.4333592769425899,-0.37514434188534956,0.5837209388396821,20
credit,abrupt_group_mag2.0,xgb,per_subgroup_ewma[min_neg],AOD_star,-0.2570794910922628,0.4268863669993989,-0.37623964604129945,0.587961024811907,20
credit,abrupt_group_mag2.0,xgb,per_subgroup_ewma[min_neg],BalAcc,-0.14662248059515237,0.27262058442568315,-0.1637309955315857,0.3183975075697593,20
credit,abrupt_group_mag2.0,xgb,per_subgroup_baseline_relative[min_neg],DI_star,-0.05577755832952319,0.29548853894678345,-0.17118904603012777,0.33023588905678086,20
credit,abrupt_group_mag2.0,xgb,per_subgroup_baseline_relative[min_neg],AOD_star,-0.10497610621041904,0.2965320096885497,-0.17327983802367278,0.33669341183222246,20
credit,abrupt_group_mag2.0,xgb,per_subgroup_baseline_relative[min_neg],BalAcc,-0.09709754429785647,0.24389681917717734,-0.11123238541289712,0.2041183267714065,20
credit,abrupt_group_mag2.0,xgb,per_subgroup_ewma[min_pos],DI_star,-0.5907468242745482,0.08145622980085296,-0.8269809856552934,0.05831024150581439,20
credit,abrupt_group_mag2.0,xgb,per_subgroup_ewma[min_pos],AOD_star,-0.5385714285714285,0.09632782114516988,-0.8241317724127419,0.05759530889029705,20
credit,abrupt_group_mag2.0,xgb,per_subgroup_ewma[min_pos],BalAcc,-0.2653383458646616,0.21458044630132253,-0.3212010035542513,0.1790710110532249,20
credit,abrupt_group_mag2.0,xgb,per_subgroup_baseline_relative[min_pos],DI_star,-0.5348857544475777,0.1304677552064883,-0.9374672693150679,0.16452407134757088,20
credit,abrupt_group_mag2.0,xgb,per_subgroup_baseline_relative[min_pos],AOD_star,-0.489624060150376,0.15041157472513594,-0.940322895288209,0.15969834052997975,20
credit,abrupt_group_mag2.0,xgb,per_subgroup_baseline_relative[min_pos],BalAcc,-0.28819548872180456,0.21678780618057658,-0.40965771134494855,0.16960343984359474,20
credit,abrupt_group_mag2.0,xgb,per_subgroup_ewma[maj_neg],DI_star,-0.15475426388111863,0.436374842392309,-0.17282578316291536,0.5444277918039506,20
credit,abrupt_group_mag2.0,xgb,per_subgroup_ewma[maj_neg],AOD_star,-0.16917293233082703,0.3871654829643911,-0.17431072700482553,0.5406133262486511,20
credit,abrupt_group_mag2.0,xgb,per_subgroup_ewma[maj_neg],BalAcc,-0.1119548872180451,0.25383640157210136,-0.10615085448800739,0.2737361286214615,20
credit,abrupt_group_mag2.0,xgb,per_subgroup_baseline_relative[maj_neg],DI_star,-0.10823988455269751,0.2763285084934237,-0.15399133352114566,0.3114413191823687,20
credit,abrupt_group_mag2.0,xgb,per_subgroup_baseline_relative[maj_neg],AOD_star,-0.16,0.21725675474956416,-0.1607649123774378,0.30408064768896137,20
credit,abrupt_group_mag2.0,xgb,per_subgroup_baseline_relative[maj_neg],BalAcc,-0.10195488721804509,0.1975115699998159,-0.10977628465618143,0.20060562071906332,20
credit,abrupt_group_mag2.0,xgb,per_subgroup_ewma[maj_pos],DI_star,-0.5802580034826741,0.07748057919348318,-0.8395132531755495,0.017068834053181374,20
credit,abrupt_group_mag2.0,xgb,per_subgroup_ewma[maj_pos],AOD_star,-0.5383458646616541,0.08565886613614626,-0.8358507624616385,0.020316462001594645,20
credit,abrupt_group_mag2.0,xgb,per_subgroup_ewma[maj_pos],BalAcc,-0.27819548872180444,0.21163082979102893,-0.32871177031517596,0.17670011289852613,20
credit,abrupt_group_mag2.0,xgb,per_subgroup_baseline_relative[maj_pos],DI_star,-0.5265747828299864,0.14860575292296552,-0.9504093703883976,0.07249513935376467,20
credit,abrupt_group_mag2.0,xgb,per_subgroup_baseline_relative[maj_pos],AOD_star,-0.5786466165413534,0.10939020199547685,-0.9548297345963975,0.07641168140777009,20
credit,abrupt_group_mag2.0,xgb,per_subgroup_baseline_relative[maj_pos],BalAcc,-0.4109774436090225,0.20391116064026343,-0.44384164982011604,0.15603085538983857,20
credit,abrupt_global_mag0.5,lr,global_mean,DI_star,-0.5076691729323307,0.12967900027197246,-0.978605316147951,0.042478697219902474,20
credit,abrupt_global_mag0.5,lr,global_mean,AOD_star,-0.24849624060150374,0.3455974368130232,-0.34055426372983644,0.3850531725258847,20
credit,abrupt_global_mag0.5,lr,global_mean,BalAcc,-0.1783458646616541,0.21607635955742752,-0.3560627224285729,0.20713644879884854,20
credit,abrupt_global_mag0.5,lr,global_ewma,DI_star,-0.5530075187969925,0.12580443848083323,-0.8367146962376582,0.025662019816067402,20
credit,abrupt_global_mag0.5,lr,global_ewma,AOD_star,-0.26075187969924807,0.28032527563828846,-0.2929218102039904,0.33115076270011884,20
credit,abrupt_global_mag0.5,lr,global_ewma,BalAcc,-0.21563909774436088,0.1771498779516828,-0.28799310936722056,0.16325447368723708,20
credit,abrupt_global_mag0.5,lr,global_std,DI_star,-0.07827067669172932,0.4531729270914211,-0.08495255683336668,0.74000969415546,20
credit,abrupt_global_mag0.5,lr,global_std,AOD_star,-0.15699248120300754,0.2974546323325899,-0.15684727837829898,0.3920346474993822,20
credit,abrupt_global_mag0.5,lr,global_std,BalAcc,0.05759398496240601,0.22626962284845262,0.06794309100517326,0.2830776991525625,20
credit,abrupt_global_mag0.5,lr,subgroup_violation_diff,DI_star,-0.5969924812030074,0.1196060770120217,-0.9522844999850673,0.04214115823244112,20
credit,abrupt_global_mag0.5,lr,subgroup_violation_diff,AOD_star,-0.2776691729323308,0.2967772228380699,-0.34317352490010233,0.38548686702527846,20
credit,abrupt_global_mag0.5,lr,subgroup_violation_diff,BalAcc,-0.27639097744360897,0.2735658671675299,-0.358134648958639,0.21714166979733496,20
credit,abrupt_global_mag0.5,lr,max_subgroup_deviation,DI_star,-0.5532867965243524,0.13124722059166602,-0.9782379608977674,0.04081097078927709,20
credit,abrupt_global_mag0.5,lr,max_subgroup_deviation,AOD_star,-0.2398611827297573,0.29969538937682244,-0.3416068346918603,0.384999521045532,20
credit,abrupt_global_mag0.5,lr,max_subgroup_deviation,BalAcc,-0.20175278060835544,0.18933343008555906,-0.35774578932134976,0.20684286863292445,20
credit,abrupt_global_mag0.5,lr,assignment_proportion_drift,DI_star,-0.6464987925971354,0.12088546865083975,-0.9789716159155428,0.04154529907098575,20
credit,abrupt_global_mag0.5,lr,assignment_proportion_drift,AOD_star,-0.22013170839324717,0.3770956178419273,-0.3399299714573124,0.3865466118100888,20
credit,abrupt_global_mag0.5,lr,assignment_proportion_drift,BalAcc,-0.2999103518976763,0.24823347425743603,-0.3584808868458055,0.20885247261826043,20
credit,abrupt_global_mag0.5,lr,ks_statistic,DI_star,-0.5813533834586465,0.10602559537894292,-0.9787498899063287,0.042545355398000494,20
credit,abrupt_global_mag0.5,lr,ks_statistic,AOD_star,-0.27150375939849625,0.30422857944120835,-0.34117737641286616,0.3849144282562798,20
credit,abrupt_global_mag0.5,lr,ks_statistic,BalAcc,-0.19736842105263158,0.18102220099974234,-0.35680378488829556,0.20677471827532157,20
credit,abrupt_global_mag0.5,lr,kl_divergence,DI_star,-0.5675939849624059,0.09527769589562948,-0.9634025221432131,0.04109228617501428,20
credit,abrupt_global_mag0.5,lr,kl_divergence,AOD_star,-0.25789473684210523,0.3429924874661993,-0.3380067551121412,0.39008881805068635,20
credit,abrupt_global_mag0.5,lr,kl_divergence,BalAcc,-0.22285714285714286,0.1859516306250222,-0.3474228367939887,0.19872570858658425,20
credit,abrupt_global_mag0.5,lr,per_subgroup_ewma[min_neg],DI_star,-0.5384280100290797,0.11273594119109041,-0.8339669556303599,0.03537711821681077,20
credit,abrupt_global_mag0.5,lr,per_subgroup_ewma[min_neg],AOD_star,-0.26572180875385965,0.27114080502776994,-0.29290112252721345,0.3321307795517895,20
credit,abrupt_global_mag0.5,lr,per_subgroup_ewma[min_neg],BalAcc,-0.2444017628235744,0.16346897105783956,-0.2983143510029175,0.1680320187810647,20
credit,abrupt_global_mag0.5,lr,per_subgroup_baseline_relative[min_neg],DI_star,-0.5274705948831,0.1527395586474005,-0.8969722666291503,0.1260233160904068,20
credit,abrupt_global_mag0.5,lr,per_subgroup_baseline_relative[min_neg],AOD_star,-0.19944531172283247,0.2770238732379687,-0.32744423147431134,0.34576268641490915,20
credit,abrupt_global_mag0.5,lr,per_subgroup_baseline_relative[min_neg],BalAcc,-0.2106745346989194,0.2173973615282444,-0.31855171010853156,0.22281876451119337,20
credit,abrupt_global_mag0.5,lr,per_subgroup_ewma[min_pos],DI_star,-0.5476691729323308,0.12322627018561785,-0.8365123751097725,0.02524474253763487,20
credit,abrupt_global_mag0.5,lr,per_subgroup_ewma[min_pos],AOD_star,-0.2641353383458646,0.2825072384190755,-0.2925274056164603,0.33100362295035357,20
credit,abrupt_global_mag0.5,lr,per_subgroup_ewma[min_pos],BalAcc,-0.22293233082706765,0.17998867747882857,-0.2888584701960292,0.16320389007702,20
credit,abrupt_global_mag0.5,lr,per_subgroup_baseline_relative[min_pos],DI_star,-0.5797744360902256,0.12105914613769395,-0.9779475074512456,0.041090194668069076,20
credit,abrupt_global_mag0.5,lr,per_subgroup_baseline_relative[min_pos],AOD_star,-0.2520300751879699,0.31915691131182283,-0.34141070048927497,0.3858264135311958,20
credit,abrupt_global_mag0.5,lr,per_subgroup_baseline_relative[min_pos],BalAcc,-0.24729323308270673,0.24241071424016566,-0.3596823604107371,0.20521136564993014,20
credit,abrupt_global_mag0.5,lr,per_subgroup_ewma[maj_neg],DI_star,-0.5538345864661653,0.12608293969740983,-0.8362840030704992,0.025358355210815784,20
credit,abrupt_global_mag0.5,lr,per_subgroup_ewma[maj_neg],AOD_star,-0.27210526315789474,0.2770476115203424,-0.2931234441341502,0.3311975432088473,20
credit,abrupt_global_mag0.5,lr,per_subgroup_ewma[maj_neg],BalAcc,-0.22097744360902252,0.17419576068084114,-0.2881786018858513,0.16289070572536735,20
credit,abrupt_global_mag0.5,lr,per_subgroup_baseline_relative[maj_neg],DI_star,-0.5786466165413533,0.09273039354032706,-0.9784229529405636,0.04336703100712231,20
credit,abrupt_global_mag0.5,lr,per_subgroup_baseline_relative[maj_neg],AOD_star,-0.32255639097744365,0.28762617147522707,-0.3439370962842402,0.3851007564361731,20
credit,abrupt_global_mag0.5,lr,per_subgroup_baseline_relative[maj_neg],BalAcc,-0.23872180451127814,0.14991272641539427,-0.35595527877359967,0.2044637717666617,20
credit,abrupt_global_mag0.5,lr,per_subgroup_ewma[maj_pos],DI_star,-0.5554135338345862,0.12426756414010338,-0.8364836553306908,0.02570359645824822,20
credit,abrupt_global_mag0.5,lr,per_subgroup_ewma[maj_pos],AOD_star,-0.2609022556390977,0.27927184581434017,-0.2927337654381195,0.33097350439927714,20
credit,abrupt_global_mag0.5,lr,per_subgroup_ewma[maj_pos],BalAcc,-0.22082706766917296,0.17006466731186493,-0.28784393380646894,0.16305062364211606,20
credit,abrupt_global_mag0.5,lr,per_subgroup_baseline_relative[maj_pos],DI_star,-0.5116541353383459,0.11273369894956549,-0.9786322735253095,0.042466496799562256,20
credit,abrupt_global_mag0.5,lr,per_subgroup_baseline_relative[maj_pos],AOD_star,-0.22293233082706765,0.34589600217598593,-0.3401853888616726,0.38512503796461695,20
credit,abrupt_global_mag0.5,lr,per_subgroup_baseline_relative[maj_pos],BalAcc,-0.201578947368421,0.20601584709791015,-0.3563862051453941,0.20666399822294806,20
credit,abrupt_global_mag0.5,xgb,global_mean,DI_star,0.7401344763366998,0.0082793715558624,0.9901686687144974,0.007347404859462012,20
credit,abrupt_global_mag0.5,xgb,global_mean,AOD_star,0.7420119870243364,0.009711691986170792,0.9132981157237662,0.05361021543443973,20
credit,abrupt_global_mag0.5,xgb,global_mean,BalAcc,-0.7420119870243364,0.010596412442183357,-0.9964516792997277,0.0022771447950563554,20
credit,abrupt_global_mag0.5,xgb,global_ewma,DI_star,0.7380593329451017,0.009811722352268995,0.8433114810550034,0.0063218656316791876,20
credit,abrupt_global_mag0.5,xgb,global_ewma,AOD_star,0.7404309253926424,0.009946149312368613,0.7778668695719091,0.04575146100841883,20
credit,abrupt_global_mag0.5,xgb,global_ewma,BalAcc,-0.742209619728298,0.011170619323069387,-0.8486838117856843,0.0020954583918107584,20
credit,abrupt_global_mag0.5,xgb,global_std,DI_star,0.11571394816959621,0.6069764880014895,0.06769127085988959,0.75212251823703,20
credit,abrupt_global_mag0.5,xgb,global_std,AOD_star,0.11482460100176836,0.6029957759956263,0.048619839229383566,0.7002852293574678,20
credit,abrupt_global_mag0.5,xgb,global_std,BalAcc,-0.11462696829780668,0.6026585633751287,-0.06872741993901196,0.75291639539126,20
credit,abrupt_global_mag0.5,xgb,subgroup_violation_diff,DI_star,0.7403321090406616,0.008347496345887483,0.9587709453055305,0.03157254335810981,20
credit,abrupt_global_mag0.5,xgb,subgroup_violation_diff,AOD_star,0.7381581492970826,0.00961112853009007,0.8834226918313022,0.0618647165084928,20
credit,abrupt_global_mag0.5,xgb,subgroup_violation_diff,BalAcc,-0.7397392109287763,0.011990622251180713,-0.9650863338423997,0.03228601155045018,20
credit,abrupt_global_mag0.5,xgb,max_subgroup_deviation,DI_star,0.7418705016991788,0.008085228139326219,0.9886192865282963,0.006713628995058156,20
credit,abrupt_global_mag0.5,xgb,max_subgroup_deviation,AOD_star,0.7447354312464276,0.009375753143506943,0.9121463827291352,0.05429367004693424,20
credit,abrupt_global_mag0.5,xgb,max_subgroup_deviation,BalAcc,-0.7404879663636823,0.011305786880147708,-0.9947902940115766,0.003792284238736817,20
credit,abrupt_global_mag0.5,xgb,assignment_proportion_drift,DI_star,0.7434470828079001,0.008531976926768528,0.9900681164358887,0.007130535115950474,20
credit,abrupt_global_mag0.5,xgb,assignment_proportion_drift,AOD_star,0.7432965618512485,0.008407843111328068,0.913420017485995,0.05310479244337258,20
credit,abrupt_global_mag0.5,xgb,assignment_proportion_drift,BalAcc,-0.7449317574823685,0.009623716955088246,-0.9962502493867005,0.002436588441245284,20
credit,abrupt_global_mag0.5,xgb,ks_statistic,DI_star,0.7433954159520685,0.009041021205971748,0.9902358576740715,0.007333322609977992,20
credit,abrupt_global_mag0.5,xgb,ks_statistic,AOD_star,0.7430001505441449,0.010278325743041522,0.9134484629286639,0.05339796535122115,20
credit,abrupt_global_mag0.5,xgb,ks_statistic,BalAcc,-0.7387510474089678,0.01024263783034719,-0.9964305541843785,0.0022959680817427955,20
credit,abrupt_global_mag0.5,xgb,kl_divergence,DI_star,0.7416167216164128,0.010474067184732642,0.974751318398525,0.010348005682268761,20
credit,abrupt_global_mag0.5,xgb,kl_divergence,AOD_star,0.7442847631198963,0.011581343903396046,0.9005114926944268,0.05523919212127569,20
credit,abrupt_global_mag0.5,xgb,kl_divergence,BalAcc,-0.7420119870243364,0.008602699848485726,-0.9810518976124639,0.007282670487807068,20
credit,abrupt_global_mag0.5,xgb,per_subgroup_ewma[min_neg],DI_star,0.7369368278797441,0.02639388966839026,0.840443538586275,0.022731726302443852,20
credit,abrupt_global_mag0.5,xgb,per_subgroup_ewma[min_neg],AOD_star,0.7350097045813024,0.027208570654408862,0.7754313087494846,0.0525464170087593,20
credit,abrupt_global_mag0.5,xgb,per_subgroup_ewma[min_neg],BalAcc,-0.7421744662343934,0.02123543918746991,-0.8457798412725573,0.02293761777454792,20
credit,abrupt_global_mag0.5,xgb,per_subgroup_baseline_relative[min_neg],DI_star,0.6607626904539146,0.13397891163255687,0.898655494354973,0.12290028226880487,20
credit,abrupt_global_mag0.5,xgb,per_subgroup_baseline_relative[min_neg],AOD_star,0.6581989794487696,0.12969698130067359,0.828263788513069,0.1210035620179,20
credit,abrupt_global_mag0.5,xgb,per_subgroup_baseline_relative[min_neg],BalAcc,-0.6656296465600327,0.12772256740712745,-0.9044744151640692,0.12441357470067306,20
credit,abrupt_global_mag0.5,xgb,per_subgroup_ewma[min_pos],DI_star,0.7437906813599919,0.010406727185142559,0.842935110567516,0.006948115077277698,20
credit,abrupt_global_mag0.5,xgb,per_subgroup_ewma[min_pos],AOD_star,0.7433954159520686,0.011340656385637585,0.7776222976340926,0.04522101033966608,20
credit,abrupt_global_mag0.5,xgb,per_subgroup_ewma[min_pos],BalAcc,-0.7384545983530251,0.010518721017618967,-0.8482355459871169,0.0048781077516584625,20
credit,abrupt_global_mag0.5,xgb,per_subgroup_baseline_relative[min_pos],DI_star,0.7420119870243364,0.009425961236909608,0.9887421672282424,0.007822399528013916,20
credit,abrupt_global_mag0.5,xgb,per_subgroup_baseline_relative[min_pos],AOD_star,0.7426048851362215,0.0094961434568292,0.912061991772075,0.05303619455032457,20
credit,abrupt_global_mag0.5,xgb,per_subgroup_baseline_relative[min_pos],BalAcc,-0.7413202725604703,0.011178047033138284,-0.9948940868256366,0.00369230295347036,20
credit,abrupt_global_mag0.5,xgb,per_subgroup_ewma[maj_neg],DI_star,0.7396403945767955,0.00905397241882712,0.8428481522041562,0.0060696597591451944,20
credit,abrupt_global_mag0.5,xgb,per_subgroup_ewma[maj_neg],AOD_star,0.7375652511851973,0.0100889511283206,0.7773419648023571,0.045667438609102745,20
credit,abrupt_global_mag0.5,xgb,per_subgroup_ewma[maj_neg],BalAcc,-0.7389486801129295,0.012165252156179696,-0.8482412005528221,0.0020616534601427977,20
credit,abrupt_global_mag0.5,xgb,per_subgroup_baseline_relative[maj_neg],DI_star,0.7402332926886807,0.011412753920744246,0.9893087494546755,0.006926367720837604,20
credit,abrupt_global_mag0.5,xgb,per_subgroup_baseline_relative[maj_neg],AOD_star,0.7398380272807573,0.010217343203517375,0.9121776596892426,0.05380884053885438,20
credit,abrupt_global_mag0.5,xgb,per_subgroup_baseline_relative[maj_neg],BalAcc,-0.7376640675371782,0.009779823952771929,-0.9956588974373848,0.0022465750207737133,20
credit,abrupt_global_mag0.5,xgb,per_subgroup_ewma[maj_pos],DI_star,0.7408261908005659,0.008107157536398795,0.8430372164612315,0.006401412582614244,20
credit,abrupt_global_mag0.5,xgb,per_subgroup_ewma[maj_pos],AOD_star,0.7432965996000875,0.009455439255296084,0.7776081890881035,0.046056471825377726,20
credit,abrupt_global_mag0.5,xgb,per_subgroup_ewma[maj_pos],BalAcc,-0.7403321090406616,0.009889537346649123,-0.8484190057099534,0.002162695041324425,20
credit,abrupt_global_mag0.5,xgb,per_subgroup_baseline_relative[maj_pos],DI_star,0.7424072524322598,0.007686743572879186,0.9902655373607068,0.007293527705812817,20
credit,abrupt_global_mag0.5,xgb,per_subgroup_baseline_relative[maj_pos],AOD_star,0.7458658247515901,0.008623673087822399,0.9137589010098279,0.053394123304291406,20
credit,abrupt_global_mag0.5,xgb,per_subgroup_baseline_relative[maj_pos],BalAcc,-0.741419088912451,0.010702773491671277,-0.9964545555651643,0.0023196901427171043,20
credit,abrupt_global_mag1.0,lr,global_mean,DI_star,-0.49804511278195474,0.27581120108573404,-0.8513296937362258,0.3649015025043746,20
credit,abrupt_global_mag1.0,lr,global_mean,AOD_star,0.3674436090225564,0.28332011333260937,0.7056094845451032,0.40639046523729055,20
credit,abrupt_global_mag1.0,lr,global_mean,BalAcc,-0.41375939849624055,0.08928238220929283,-0.6805745086495267,0.12991866797254586,20
credit,abrupt_global_mag1.0,lr,global_ewma,DI_star,-0.48887218045112774,0.27121788002936464,-0.7197272431482726,0.331325251570866,20
credit,abrupt_global_mag1.0,lr,global_ewma,AOD_star,0.4669924812030074,0.32553507486607214,0.6082771376237847,0.38019634663034435,20
credit,abrupt_global_mag1.0,lr,global_ewma,BalAcc,-0.48969924812030075,0.16351699852839036,-0.5847339298187719,0.11762869440344088,20
credit,abrupt_global_mag1.0,lr,global_std,DI_star,0.43052631578947365,0.30824320435077845,0.7386668703760118,0.42110032512857054,20
credit,abrupt_global_mag1.0,lr,global_std,AOD_star,-0.4447368421052632,0.29546858489995986,-0.632715524034413,0.43749006720584177,20
credit,abrupt_global_mag1.0,lr,global_std,BalAcc,0.4306766917293233,0.2205725439832698,0.5972915124538626,0.24250472020576008,20
credit,abrupt_global_mag1.0,lr,subgroup_violation_diff,DI_star,0.06406015037593984,0.47085403466764697,0.044326629041643646,0.6988199940500969,20
credit,abrupt_global_mag1.0,lr,subgroup_violation_diff,AOD_star,0.0051127819548872355,0.47575164055925995,0.00032453638732229674,0.604514044271659,20
credit,abrupt_global_mag1.0,lr,subgroup_violation_diff,BalAcc,-0.008721804511278197,0.42550747520278137,-0.016914094618571535,0.5216287690668217,20
credit,abrupt_global_mag1.0,lr,max_subgroup_deviation,DI_star,-0.49406015037593987,0.2811963631557912,-0.8500859078918858,0.367457177539097,20
credit,abrupt_global_mag1.0,lr,max_subgroup_deviation,AOD_star,0.40849624060150375,0.2706956029316854,0.7061295715695597,0.4061129436807431,20
credit,abrupt_global_mag1.0,lr,max_subgroup_deviation,BalAcc,-0.44225563909774435,0.11329297759900615,-0.6808406540228181,0.1294309239463919,20
credit,abrupt_global_mag1.0,lr,assignment_proportion_drift,DI_star,-0.4997606993488911,0.2625517091280907,-0.8507731727500021,0.3650381427360335,20
credit,abrupt_global_mag1.0,lr,assignment_proportion_drift,AOD_star,0.4799975395152827,0.2699791575397552,0.7060755449322617,0.4060742478163116,20
credit,abrupt_global_mag1.0,lr,assignment_proportion_drift,BalAcc,-0.5186134849678288,0.12563536945620257,-0.6808534295336328,0.12972504444187705,20
credit,abrupt_global_mag1.0,lr,ks_statistic,DI_star,-0.5027885029810074,0.28131840270446945,-0.8511799938364437,0.3652703038914503,20
credit,abrupt_global_mag1.0,lr,ks_statistic,AOD_star,0.4155454006092997,0.3015297619640934,0.7056764491623378,0.4065467041482047,20
credit,abrupt_global_mag1.0,lr,ks_statistic,BalAcc,-0.4317559698582339,0.11775350629964543,-0.6807966348282749,0.13014835725528845,20
credit,abrupt_global_mag1.0,lr,kl_divergence,DI_star,-0.3979699248120301,0.23962644293895638,-0.8447490750328374,0.36135664942442397,20
credit,abrupt_global_mag1.0,lr,kl_divergence,AOD_star,0.40842105263157896,0.21979664667233945,0.7016576592035948,0.3984286002641385,20
credit,abrupt_global_mag1.0,lr,kl_divergence,BalAcc,-0.38353383458646617,0.10551042386852078,-0.6690370956360001,0.12977746126259068,20
credit,abrupt_global_mag1.0,lr,per_subgroup_ewma[min_neg],DI_star,-0.4911348617926839,0.25932335666999623,-0.7211570699019411,0.3194286355624231,20
credit,abrupt_global_mag1.0,lr,per_subgroup_ewma[min_neg],AOD_star,0.44888287108631186,0.3119566226965555,0.6049397387577009,0.38099625520299013,20
credit,abrupt_global_mag1.0,lr,per_subgroup_ewma[min_neg],BalAcc,-0.49921950588370195,0.15466909000003298,-0.5807216875725876,0.11979332317751097,20
credit,abrupt_global_mag1.0,lr,per_subgroup_baseline_relative[min_neg],DI_star,-0.49274949139059065,0.28162909400336583,-0.8344015356100719,0.33483846562363495,20
credit,abrupt_global_mag1.0,lr,per_subgroup_baseline_relative[min_neg],AOD_star,0.35845983956705635,0.26890973332611307,0.6613155100022634,0.3941353447813516,20
credit,abrupt_global_mag1.0,lr,per_subgroup_baseline_relative[min_neg],BalAcc,-0.4532568782784878,0.16543499074381612,-0.6431092437639558,0.14750758649043272,20
credit,abrupt_global_mag1.0,lr,per_subgroup_ewma[min_pos],DI_star,-0.48563909774436087,0.27476218138143654,-0.7200769947359038,0.33147464808239785,20
credit,abrupt_global_mag1.0,lr,per_subgroup_ewma[min_pos],AOD_star,0.46563909774436085,0.3269213310165597,0.6083300381109751,0.38016580903081176,20
credit,abrupt_global_mag1.0,lr,per_subgroup_ewma[min_pos],BalAcc,-0.4947368421052631,0.165174126134047,-0.5851120045869623,0.11736830052379317,20
credit,abrupt_global_mag1.0,lr,per_subgroup_baseline_relative[min_pos],DI_star,-0.4914285714285714,0.3032951115645708,-0.8509744119294712,0.3660591103125173,20
credit,abrupt_global_mag1.0,lr,per_subgroup_baseline_relative[min_pos],AOD_star,0.42030075187969923,0.2854020850679215,0.705732892903861,0.40656937277256355,20
credit,abrupt_global_mag1.0,lr,per_subgroup_baseline_relative[min_pos],BalAcc,-0.48097744360902245,0.1167689022774989,-0.6810412774516327,0.1302564726112766,20
credit,abrupt_global_mag1.0,lr,per_subgroup_ewma[maj_neg],DI_star,-0.4833082706766917,0.29369787724842644,-0.7237329333184055,0.3264236847931847,20
credit,abrupt_global_mag1.0,lr,per_subgroup_ewma[maj_neg],AOD_star,0.47097744360902255,0.31283349777745195,0.6087056913065764,0.37099043437403073,20
credit,abrupt_global_mag1.0,lr,per_subgroup_ewma[maj_neg],BalAcc,-0.4969924812030076,0.13066838531444847,-0.5855162120433617,0.10425741758500667,20
credit,abrupt_global_mag1.0,lr,per_subgroup_baseline_relative[maj_neg],DI_star,-0.5257449707743609,0.2714980054370651,-0.8293629925410084,0.3767295762908986,20
credit,abrupt_global_mag1.0,lr,per_subgroup_baseline_relative[maj_neg],AOD_star,0.40850443925691193,0.3175331261342723,0.6668293298863066,0.38744904903488153,20
credit,abrupt_global_mag1.0,lr,per_subgroup_baseline_relative[maj_neg],BalAcc,-0.46606275867449964,0.15261077542961043,-0.6355357198987037,0.12642555516110685,20
credit,abrupt_global_mag1.0,lr,per_subgroup_ewma[maj_pos],DI_star,-0.49112781954887214,0.2704992735170655,-0.7196422456641652,0.33131582229317547,20
credit,abrupt_global_mag1.0,lr,per_subgroup_ewma[maj_pos],AOD_star,0.4656390977443608,0.32764024723347634,0.6083614666417922,0.3800242441155576,20
credit,abrupt_global_mag1.0,lr,per_subgroup_ewma[maj_pos],BalAcc,-0.4922556390977443,0.1599198984013138,-0.5847390445609764,0.11760127872716425,20
credit,abrupt_global_mag1.0,lr,per_subgroup_baseline_relative[maj_pos],DI_star,-0.5121052631578947,0.24801614355171453,-0.8515040217941294,0.36448708410526026,20
credit,abrupt_global_mag1.0,lr,per_subgroup_baseline_relative[maj_pos],AOD_star,0.3904511278195488,0.25929333162981555,0.705905948620184,0.4059617400651263,20
credit,abrupt_global_mag1.0,lr,per_subgroup_baseline_relative[maj_pos],BalAcc,-0.4311278195488721,0.1047593744822806,-0.6809784557377337,0.12960562809962484,20
credit,abrupt_global_mag1.0,xgb,global_mean,DI_star,0.7401344763366998,0.0082793715558624,0.9902016658125952,0.007313910165000029,20
credit,abrupt_global_mag1.0,xgb,global_mean,AOD_star,0.7420119870243364,0.009711691986170792,0.9133421650023863,0.05353163343190128,20
credit,abrupt_global_mag1.0,xgb,global_mean,BalAcc,-0.7420119870243364,0.010596412442183357,-0.9964731295449256,0.002266920396152997,20
credit,abrupt_global_mag1.0,xgb,global_ewma,DI_star,0.7380593329451017,0.009811722352268995,0.8432737271204713,0.006168463253133439,20
credit,abrupt_global_mag1.0,xgb,global_ewma,AOD_star,0.7404309253926424,0.009946149312368613,0.7778389401433097,0.04563700477622059,20
credit,abrupt_global_mag1.0,xgb,global_ewma,BalAcc,-0.742209619728298,0.011170619323069387,-0.8486350702313222,0.0019796900019022822,20
credit,abrupt_global_mag1.0,xgb,global_std,DI_star,-0.6873665443789164,0.19859048281639163,-0.8650130631355054,0.2759709010677585,20
credit,abrupt_global_mag1.0,xgb,global_std,AOD_star,-0.689935769530419,0.18917786039850062,-0.8189119667676629,0.24453516249607263,20
credit,abrupt_global_mag1.0,xgb,global_std,BalAcc,0.6815363796120453,0.22987264191466977,0.8668660158970027,0.2970498209181472,20
credit,abrupt_global_mag1.0,xgb,subgroup_violation_diff,DI_star,0.008399389918373756,0.6316805833171606,0.017628661292927273,0.7627085414130566,20
credit,abrupt_global_mag1.0,xgb,subgroup_violation_diff,AOD_star,0.002964490559426031,0.629925063314718,0.004298786225666945,0.7299739249352494,20
credit,abrupt_global_mag1.0,xgb,subgroup_violation_diff,BalAcc,0.005928981118852083,0.6264093181957533,-0.01047132383023342,0.7634921390478576,20
credit,abrupt_global_mag1.0,xgb,max_subgroup_deviation,DI_star,0.7418143543203745,0.00805883549940582,0.9901816450403965,0.007211203670842063,20
credit,abrupt_global_mag1.0,xgb,max_subgroup_deviation,AOD_star,0.7446800285278198,0.009428550715609298,0.9134963758816971,0.05354298428549885,20
credit,abrupt_global_mag1.0,xgb,max_subgroup_deviation,BalAcc,-0.7404309253926424,0.011219464303603677,-0.9963745245561013,0.0024809244669547433,20
credit,abrupt_global_mag1.0,xgb,assignment_proportion_drift,DI_star,0.7436821405710444,0.007920381849027776,0.9898356980273691,0.007115211367494399,20
credit,abrupt_global_mag1.0,xgb,assignment_proportion_drift,AOD_star,0.7435349003710382,0.008094601622783965,0.9132502981574959,0.053112325082238405,20
credit,abrupt_global_mag1.0,xgb,assignment_proportion_drift,BalAcc,-0.7451718297635578,0.009447064371342226,-0.9960804979332663,0.0026249572045268454,20
credit,abrupt_global_mag1.0,xgb,ks_statistic,DI_star,0.7438282978817414,0.00896843717199851,0.9902427501881077,0.007322717627717645,20
credit,abrupt_global_mag1.0,xgb,ks_statistic,AOD_star,0.7434335173236999,0.010267289092124843,0.9134514105184905,0.053384725689907625,20
credit,abrupt_global_mag1.0,xgb,ks_statistic,BalAcc,-0.739182439343303,0.01026950618528033,-0.9964434724008315,0.00228731016678997,20
credit,abrupt_global_mag1.0,xgb,kl_divergence,DI_star,0.7416167216164128,0.010474067184732642,0.9857536436711822,0.008021908450979947,20
credit,abrupt_global_mag1.0,xgb,kl_divergence,AOD_star,0.7442847631198963,0.011581343903396046,0.9095272689638607,0.05334954211423195,20
credit,abrupt_global_mag1.0,xgb,kl_divergence,BalAcc,-0.7420119870243364,0.008602699848485726,-0.9919948439897318,0.0030916354850514826,20
credit,abrupt_global_mag1.0,xgb,per_subgroup_ewma[min_neg],DI_star,0.7418776454787874,0.010400902474126473,0.8400522714513798,0.024147779943893926,20
credit,abrupt_global_mag1.0,xgb,per_subgroup_ewma[min_neg],AOD_star,0.7399505221803458,0.010597300524623524,0.7745819431234423,0.04557861045535576,20
credit,abrupt_global_mag1.0,xgb,per_subgroup_ewma[min_neg],BalAcc,-0.7471152838334368,0.010181794978191053,-0.8453479943921577,0.023108113603408705,20
credit,abrupt_global_mag1.0,xgb,per_subgroup_baseline_relative[min_neg],DI_star,0.6977631435661696,0.09200061015494643,0.9428258923600049,0.09321248435414266,20
credit,abrupt_global_mag1.0,xgb,per_subgroup_baseline_relative[min_neg],AOD_star,0.6952944478649461,0.08788524143239224,0.8695610982918215,0.09943304632278423,20
credit,abrupt_global_mag1.0,xgb,per_subgroup_baseline_relative[min_neg],BalAcc,-0.7025583231451621,0.09244596687138898,-0.9488583716384567,0.09414421657865554,20
credit,abrupt_global_mag1.0,xgb,per_subgroup_ewma[min_pos],DI_star,0.7437906813599919,0.010406727185142559,0.8436598937677895,0.0063038015340425415,20
credit,abrupt_global_mag1.0,xgb,per_subgroup_ewma[min_pos],AOD_star,0.7433954159520686,0.011340656385637585,0.7783141294992734,0.04549088578347411,20
credit,abrupt_global_mag1.0,xgb,per_subgroup_ewma[min_pos],BalAcc,-0.7384545983530251,0.010518721017618967,-0.8489578777521046,0.002479570575268365,20
credit,abrupt_global_mag1.0,xgb,per_subgroup_baseline_relative[min_pos],DI_star,0.7420119870243364,0.009425961236909608,0.9901174270485557,0.0071676933191879766,20
credit,abrupt_global_mag1.0,xgb,per_subgroup_baseline_relative[min_pos],AOD_star,0.7426048851362215,0.0094961434568292,0.9133657978796832,0.05328067476768959,20
credit,abrupt_global_mag1.0,xgb,per_subgroup_baseline_relative[min_pos],BalAcc,-0.7413202725604703,0.011178047033138284,-0.9962879036178013,0.0023486292594527554,20
credit,abrupt_global_mag1.0,xgb,per_subgroup_ewma[maj_neg],DI_star,0.7305492901945556,0.040758720700642834,0.8395489560137998,0.033953807939755276,20
credit,abrupt_global_mag1.0,xgb,per_subgroup_ewma[maj_neg],AOD_star,0.7284741468029574,0.04141525229600707,0.7748290902997106,0.0600890077083757,20
credit,abrupt_global_mag1.0,xgb,per_subgroup_ewma[maj_neg],BalAcc,-0.7302528411386131,0.03566435333794472,-0.8448966861497803,0.03303014489449497,20
credit,abrupt_global_mag1.0,xgb,per_subgroup_baseline_relative[maj_neg],DI_star,0.6613586863301024,0.18629746332775085,0.9190725299737721,0.15581603719653878,20
credit,abrupt_global_mag1.0,xgb,per_subgroup_baseline_relative[maj_neg],AOD_star,0.6609628494311167,0.1877692929509589,0.8509674473222487,0.1623085875654139,20
credit,abrupt_global_mag1.0,xgb,per_subgroup_baseline_relative[maj_neg],BalAcc,-0.6587979074570962,0.18694561009939462,-0.9252480670263431,0.1578185815824144,20
credit,abrupt_global_mag1.0,xgb,per_subgroup_ewma[maj_pos],DI_star,0.7408261908005659,0.008107157536398795,0.8431916425979644,0.00609206681940206,20
credit,abrupt_global_mag1.0,xgb,per_subgroup_ewma[maj_pos],AOD_star,0.7432965996000875,0.009455439255296084,0.7777524007384818,0.04570640232796002,20
credit,abrupt_global_mag1.0,xgb,per_subgroup_ewma[maj_pos],BalAcc,-0.7403321090406616,0.009889537346649123,-0.8485581287900791,0.0019030599262899446,20
credit,abrupt_global_mag1.0,xgb,per_subgroup_baseline_relative[maj_pos],DI_star,0.7424072524322598,0.007686743572879186,0.9902755052644098,0.007269246294939376,20
credit,abrupt_global_mag1.0,xgb,per_subgroup_baseline_relative[maj_pos],AOD_star,0.7458658247515901,0.008623673087822399,0.91368843494045,0.05333901360089248,20
credit,abrupt_global_mag1.0,xgb,per_subgroup_baseline_relative[maj_pos],BalAcc,-0.741419088912451,0.010702773491671277,-0.9964782431631262,0.002284972845892693,20
credit,abrupt_global_mag2.0,lr,global_mean,DI_star,-0.11015037593984962,0.3858960936922205,-0.10630643507031327,0.4187500649086658,20
credit,abrupt_global_mag2.0,lr,global_mean,AOD_star,0.525187969924812,0.1150114226458583,0.9884852447909038,0.007190861758265412,20
credit,abrupt_global_mag2.0,lr,global_mean,BalAcc,-0.557593984962406,0.0932871538572822,-0.9274979843303484,0.037992330863673575,20
credit,abrupt_global_mag2.0,lr,global_ewma,DI_star,-0.11030075187969923,0.35161395884252694,-0.06362894503966289,0.4057362838674262,20
credit,abrupt_global_mag2.0,lr,global_ewma,AOD_star,0.5681203007518796,0.09826420467553569,0.841663789807128,0.01781211017281116,20
credit,abrupt_global_mag2.0,lr,global_ewma,BalAcc,-0.5717293233082706,0.12870862837489516,-0.7902618633284989,0.04502769558821144,20
credit,abrupt_global_mag2.0,lr,global_std,DI_star,0.0911278195488722,0.340303575985278,0.10793038117774575,0.4148854011348819,20
credit,abrupt_global_mag2.0,lr,global_std,AOD_star,-0.5580451127819549,0.13000858827852277,-0.9813707239115421,0.009787363344409834,20
credit,abrupt_global_mag2.0,lr,global_std,BalAcc,0.562330827067669,0.10998483801786209,0.9253294277638512,0.03675503851301527,20
credit,abrupt_global_mag2.0,lr,subgroup_violation_diff,DI_star,0.017593984962406016,0.31584607441199153,-0.012038986493876202,0.3038631220169663,20
credit,abrupt_global_mag2.0,lr,subgroup_violation_diff,AOD_star,-0.06187969924812029,0.4548220359687249,-0.14130343943016782,0.6804082194307077,20
credit,abrupt_global_mag2.0,lr,subgroup_violation_diff,BalAcc,0.07300751879699248,0.44378446256829174,0.1343476148333649,0.6466539124503219,20
credit,abrupt_global_mag2.0,lr,max_subgroup_deviation,DI_star,-0.056315789473684194,0.41138071738364684,-0.1059716821037731,0.4186241441256605,20
credit,abrupt_global_mag2.0,lr,max_subgroup_deviation,AOD_star,0.5608270676691728,0.12100963603881361,0.988573816903024,0.007054667276622443,20
credit,abrupt_global_mag2.0,lr,max_subgroup_deviation,BalAcc,-0.5571428571428572,0.08328098681908443,-0.9275659709088716,0.03799881400717926,20
credit,abrupt_global_mag2.0,lr,assignment_proportion_drift,DI_star,-0.14181921607859738,0.32749742264430587,-0.10639489478212574,0.41834130242591905,20
credit,abrupt_global_mag2.0,lr,assignment_proportion_drift,AOD_star,0.560193042978635,0.12417933320743493,0.9881838226861162,0.007454444556580471,20
credit,abrupt_global_mag2.0,lr,assignment_proportion_drift,BalAcc,-0.5697414068616073,0.12242172243776245,-0.9268492137220548,0.03835038533964493,20
credit,abrupt_global_mag2.0,lr,ks_statistic,DI_star,-0.061891069718482974,0.3611589775178065,-0.10616641005945457,0.4186774055360329,20
credit,abrupt_global_mag2.0,lr,ks_statistic,AOD_star,0.5411962987843829,0.10484331783068507,0.988493946749464,0.007180690244474417,20
credit,abrupt_global_mag2.0,lr,ks_statistic,BalAcc,-0.5299768456917211,0.10497230492722492,-0.9275544497545216,0.03798425349824424,20
credit,abrupt_global_mag2.0,lr,kl_divergence,DI_star,-0.148796992481203,0.3115172795100139,-0.10643760391462867,0.41962623095321705,20
credit,abrupt_global_mag2.0,lr,kl_divergence,AOD_star,0.5309022556390978,0.12843943010905431,0.9868612528343587,0.008116361025893758,20
credit,abrupt_global_mag2.0,lr,kl_divergence,BalAcc,-0.47684210526315784,0.10236603947428324,-0.9253992268808812,0.03800856795201573,20
credit,abrupt_global_mag2.0,lr,per_subgroup_ewma[min_neg],DI_star,-0.11429569786830673,0.3353480523533131,-0.07414222289077785,0.38785910583366573,20
credit,abrupt_global_mag2.0,lr,per_subgroup_ewma[min_neg],AOD_star,0.5183196825055191,0.13444189992099043,0.7956916119040441,0.08800694968586298,20
credit,abrupt_global_mag2.0,lr,per_subgroup_ewma[min_neg],BalAcc,-0.5356874530697663,0.15417171979205255,-0.7469040277725015,0.09280671990466038,20
credit,abrupt_global_mag2.0,lr,per_subgroup_baseline_relative[min_neg],DI_star,-0.06858703173219073,0.28244099116455634,-0.08278940550565234,0.3647614445978746,20
credit,abrupt_global_mag2.0,lr,per_subgroup_baseline_relative[min_neg],AOD_star,0.35463486879254247,0.3269873526518857,0.7852069503242138,0.2429722766333181,20
credit,abrupt_global_mag2.0,lr,per_subgroup_baseline_relative[min_neg],BalAcc,-0.39067540027470243,0.32941597751715895,-0.7285886615638181,0.22669444618433862,20
credit,abrupt_global_mag2.0,lr,per_subgroup_ewma[min_pos],DI_star,-0.11255639097744359,0.34447917166598796,-0.06721595505179975,0.4021481063329833,20
credit,abrupt_global_mag2.0,lr,per_subgroup_ewma[min_pos],AOD_star,0.5614285714285713,0.10278310992635231,0.8420012007299389,0.017742854854705777,20
credit,abrupt_global_mag2.0,lr,per_subgroup_ewma[min_pos],BalAcc,-0.5769924812030075,0.12644381267417507,-0.7911312388499863,0.044348523549046594,20
credit,abrupt_global_mag2.0,lr,per_subgroup_baseline_relative[min_pos],DI_star,-0.03902255639097745,0.3913282044293345,-0.12292710924332306,0.4079103577864047,20
credit,abrupt_global_mag2.0,lr,per_subgroup_baseline_relative[min_pos],AOD_star,0.5659398496240602,0.11341703397896385,0.9807375706163661,0.03412688604097423,20
credit,abrupt_global_mag2.0,lr,per_subgroup_baseline_relative[min_pos],BalAcc,-0.5385714285714285,0.08726894418357373,-0.9220402521732535,0.0412836823704139,20
credit,abrupt_global_mag2.0,lr,per_subgroup_ewma[maj_neg],DI_star,-0.06954887218045114,0.34828732250791117,-0.06486591607674337,0.3719584360237579,20
credit,abrupt_global_mag2.0,lr,per_subgroup_ewma[maj_neg],AOD_star,0.4647368421052631,0.28876858761012125,0.6684040845608904,0.3858812199601359,20
credit,abrupt_global_mag2.0,lr,per_subgroup_ewma[maj_neg],BalAcc,-0.4641353383458647,0.3228887906436161,-0.633087721369591,0.3532608594286709,20
credit,abrupt_global_mag2.0,lr,per_subgroup_baseline_relative[maj_neg],DI_star,-0.12510454322645986,0.35129986576611216,-0.1355000860717783,0.38377057026783273,20
credit,abrupt_global_mag2.0,lr,per_subgroup_baseline_relative[maj_neg],AOD_star,0.19250905286315856,0.49354413007701387,0.6190757127281883,0.49765897358935185,20
credit,abrupt_global_mag2.0,lr,per_subgroup_baseline_relative[maj_neg],BalAcc,-0.20513148468014442,0.4768782125831507,-0.5933289988412145,0.4516836732457129,20
credit,abrupt_global_mag2.0,lr,per_subgroup_ewma[maj_pos],DI_star,-0.11315789473684208,0.3526531807994617,-0.06357964966166704,0.40569506349114826,20
credit,abrupt_global_mag2.0,lr,per_subgroup_ewma[maj_pos],AOD_star,0.5670676691729323,0.09901419230379868,0.841557702615523,0.017679134173770913,20
credit,abrupt_global_mag2.0,lr,per_subgroup_ewma[maj_pos],BalAcc,-0.5742857142857143,0.12557687565310685,-0.7901574675462777,0.04498881688200036,20
credit,abrupt_global_mag2.0,lr,per_subgroup_baseline_relative[maj_pos],DI_star,-0.07105263157894735,0.40435273047942216,-0.10594381010626333,0.41865249058839504,20
credit,abrupt_global_mag2.0,lr,per_subgroup_baseline_relative[maj_pos],AOD_star,0.5470676691729321,0.1321064399706229,0.988565638272668,0.007051484820971282,20
credit,abrupt_global_mag2.0,lr,per_subgroup_baseline_relative[maj_pos],BalAcc,-0.5554135338345865,0.08338786539946201,-0.9276069884909154,0.03802985728550539,20
credit,abrupt_global_mag2.0,xgb,global_mean,DI_star,0.7401344763366998,0.0082793715558624,0.9902113035790192,0.007307168330480925,20
credit,abrupt_global_mag2.0,xgb,global_mean,AOD_star,0.7420119870243364,0.009711691986170792,0.9133587221740689,0.05350431670312782,20
credit,abrupt_global_mag2.0,xgb,global_mean,BalAcc,-0.7420119870243364,0.010596412442183357,-0.9964812171989446,0.0022618419556717255,20
credit,abrupt_global_mag2.0,xgb,global_ewma,DI_star,0.7380593329451017,0.009811722352268995,0.8433386128607376,0.006193385178922492,20
credit,abrupt_global_mag2.0,xgb,global_ewma,AOD_star,0.7404309253926424,0.009946149312368613,0.7779008110662204,0.045596743598400706,20
credit,abrupt_global_mag2.0,xgb,global_ewma,BalAcc,-0.742209619728298,0.011170619323069387,-0.8486966223225503,0.0019484423471245887,20
credit,abrupt_global_mag2.0,xgb,global_std,DI_star,-0.7425060687842407,0.00996233508273797,-0.9856677833545465,0.008763567505172402,20
credit,abrupt_global_mag2.0,xgb,global_std,AOD_star,-0.7429013341921641,0.010055990116003617,-0.9163218809309208,0.047212449099094535,20
credit,abrupt_global_mag2.0,xgb,global_std,BalAcc,0.7422096197282981,0.009771833083127795,0.9910497200502355,0.0073330573096688665,20
credit,abrupt_global_mag2.0,xgb,subgroup_violation_diff,DI_star,-0.10701810919527983,0.570136706137385,-0.14156491768866603,0.6972319374360583,20
credit,abrupt_global_mag2.0,xgb,subgroup_violation_diff,AOD_star,-0.10691929284329896,0.5661547130127041,-0.12305375420974156,0.6663485463934943,20
credit,abrupt_global_mag2.0,xgb,subgroup_violation_diff,BalAcc,0.10840153812301204,0.5709390504050448,0.14327323238765302,0.6957707940951803,20
credit,abrupt_global_mag2.0,xgb,max_subgroup_deviation,DI_star,0.7418143543203745,0.00805883549940582,0.9901924708819401,0.007202276777510194,20
credit,abrupt_global_mag2.0,xgb,max_subgroup_deviation,AOD_star,0.7446800285278198,0.009428550715609298,0.9134853088035939,0.053530692266783315,20
credit,abrupt_global_mag2.0,xgb,max_subgroup_deviation,BalAcc,-0.7404309253926424,0.011219464303603677,-0.9963899314501508,0.0024443339822414964,20
credit,abrupt_global_mag2.0,xgb,assignment_proportion_drift,DI_star,0.7454468546104075,0.008451190840729967,0.9900873392572423,0.007033937743660307,20
credit,abrupt_global_mag2.0,xgb,assignment_proportion_drift,AOD_star,0.7452917139337847,0.007949684731718846,0.9135826002563997,0.05310542323650139,20
credit,abrupt_global_mag2.0,xgb,assignment_proportion_drift,BalAcc,-0.7469446792367785,0.010256673193145409,-0.9963390308920472,0.0024774611741051147,20
credit,abrupt_global_mag2.0,xgb,ks_statistic,DI_star,0.7439692929717246,0.009047071369524384,0.9902451429323624,0.007318429181931326,20
credit,abrupt_global_mag2.0,xgb,ks_statistic,AOD_star,0.7435754427543805,0.010410682297615225,0.9134516057180475,0.05337798669000815,20
credit,abrupt_global_mag2.0,xgb,ks_statistic,BalAcc,-0.7393237376870403,0.010426422941959725,-0.996449144123989,0.0022838384828910772,20
credit,abrupt_global_mag2.0,xgb,kl_divergence,DI_star,0.7416167216164128,0.010474067184732642,0.988774986455604,0.0069158690708358474,20
credit,abrupt_global_mag2.0,xgb,kl_divergence,AOD_star,0.7442847631198963,0.011581343903396046,0.9120800184642531,0.05312723848308142,20
credit,abrupt_global_mag2.0,xgb,kl_divergence,BalAcc,-0.7420119870243364,0.008602699848485726,-0.9950242187876295,0.0021111278441538215,20
credit,abrupt_global_mag2.0,xgb,per_subgroup_ewma[min_neg],DI_star,0.7125291889404698,0.06854664914337424,0.8026135083235619,0.07093468451413087,20
credit,abrupt_global_mag2.0,xgb,per_subgroup_ewma[min_neg],AOD_star,0.7106020656420281,0.06428580172776098,0.7404107170357213,0.07951730795417912,20
credit,abrupt_global_mag2.0,xgb,per_subgroup_ewma[min_neg],BalAcc,-0.7174703782391763,0.07232407142737818,-0.8078395043905555,0.07264477696350392,20
credit,abrupt_global_mag2.0,xgb,per_subgroup_baseline_relative[min_neg],DI_star,0.5121910687399293,0.318962037369364,0.7937694045355967,0.2249855431566357,20
credit,abrupt_global_mag2.0,xgb,per_subgroup_baseline_relative[min_neg],AOD_star,0.5091804002941779,0.31494978415154495,0.7321998475348988,0.21387152444858104,20
credit,abrupt_global_mag2.0,xgb,per_subgroup_baseline_relative[min_neg],BalAcc,-0.5172871197277729,0.31856422695727626,-0.7992198277370817,0.22754947134275075,20
credit,abrupt_global_mag2.0,xgb,per_subgroup_ewma[min_pos],DI_star,0.7437906813599919,0.010406727185142559,0.8439551138512051,0.006889916522344661,20
credit,abrupt_global_mag2.0,xgb,per_subgroup_ewma[min_pos],AOD_star,0.7433954159520686,0.011340656385637585,0.7785458299644719,0.04504356009075993,20
credit,abrupt_global_mag2.0,xgb,per_subgroup_ewma[min_pos],BalAcc,-0.7384545983530251,0.010518721017618967,-0.849253408050029,0.002610088995399788,20
credit,abrupt_global_mag2.0,xgb,per_subgroup_baseline_relative[min_pos],DI_star,0.7370711694252929,0.023695122745197368,0.9834010484592992,0.02959462757247317,20
credit,abrupt_global_mag2.0,xgb,per_subgroup_baseline_relative[min_pos],AOD_star,0.7376640675371782,0.02655844573647911,0.9075871186166152,0.06470255421883868,20
credit,abrupt_global_mag2.0,xgb,per_subgroup_baseline_relative[min_pos],BalAcc,-0.7363794549614269,0.025481593173602293,-0.9895977184136914,0.030804904775566723,20
credit,abrupt_global_mag2.0,xgb,per_subgroup_ewma[maj_neg],DI_star,0.5790638226078852,0.35544009669374993,0.6666083788199358,0.39221542008722654,20
credit,abrupt_global_mag2.0,xgb,per_subgroup_ewma[maj_neg],AOD_star,0.576988679216287,0.3562701435621974,0.6198914933060075,0.3687012529905481,20
credit,abrupt_global_mag2.0,xgb,per_subgroup_ewma[maj_neg],BalAcc,-0.5790638226078854,0.3597181246289974,-0.6716834857961966,0.394777402984628,20
credit,abrupt_global_mag2.0,xgb,per_subgroup_baseline_relative[maj_neg],DI_star,0.2645710269312895,0.6249332631398129,0.6227401134923789,0.4966058133271157,20
credit,abrupt_global_mag2.0,xgb,per_subgroup_baseline_relative[maj_neg],AOD_star,0.263989015537529,0.6269079903528691,0.584124555915495,0.4597806374607233,20
credit,abrupt_global_mag2.0,xgb,per_subgroup_baseline_relative[maj_neg],BalAcc,-0.26149373929634984,0.6292508896499487,-0.6265114837478936,0.5021349471358841,20
credit,abrupt_global_mag2.0,xgb,per_subgroup_ewma[maj_pos],DI_star,0.7408261908005659,0.008107157536398795,0.8432086890075267,0.006249213317190475,20
credit,abrupt_global_mag2.0,xgb,per_subgroup_ewma[maj_pos],AOD_star,0.7432965996000875,0.009455439255296084,0.7777763213614641,0.0457490550395559,20
credit,abrupt_global_mag2.0,xgb,per_subgroup_ewma[maj_pos],BalAcc,-0.7403321090406616,0.009889537346649123,-0.8485695777750026,0.0019755066773926573,20
credit,abrupt_global_mag2.0,xgb,per_subgroup_baseline_relative[maj_pos],DI_star,0.7424072524322598,0.007686743572879186,0.9902762616350754,0.007255515520130108,20
credit,abrupt_global_mag2.0,xgb,per_subgroup_baseline_relative[maj_pos],AOD_star,0.7458658247515901,0.008623673087822399,0.9136631768152137,0.05334201095541893,20
credit,abrupt_global_mag2.0,xgb,per_subgroup_baseline_relative[maj_pos],BalAcc,-0.741419088912451,0.010702773491671277,-0.9964835634248825,0.002269902331681409,20
credit,variance_group_mag1.5,lr,global_mean,DI_star,0.1911278195488722,0.21722943101612016,0.1951220159164509,0.23778442495671198,20
credit,variance_group_mag1.5,lr,global_mean,AOD_star,0.19766917293233083,0.21975707246222528,0.19689522571917117,0.23105335661478973,20
credit,variance_group_mag1.5,lr,global_mean,BalAcc,-0.003909774436090224,0.11276130136702768,-0.013826099595723928,0.14322467388089072,20
credit,variance_group_mag1.5,lr,global_ewma,DI_star,0.19165413533834588,0.2274912520783487,0.19080577235873658,0.22985296112813064,20
credit,variance_group_mag1.5,lr,global_ewma,AOD_star,0.18248120300751877,0.23134509968284753,0.1913940707573317,0.24163373875847935,20
credit,variance_group_mag1.5,lr,global_ewma,BalAcc,-0.002481203007518795,0.1318765913849215,-0.020830683782648473,0.13441680246611779,20
credit,variance_group_mag1.5,lr,global_std,DI_star,0.17962406015037594,0.22727992618841364,0.1909530525684524,0.2099559626417509,20
credit,variance_group_mag1.5,lr,global_std,AOD_star,0.18684210526315786,0.21988535087140787,0.2040380066738477,0.23423074334440638,20
credit,variance_group_mag1.5,lr,global_std,BalAcc,0.011578947368421048,0.11574366831514156,-0.0025324865370197265,0.1325587811232402,20
credit,variance_group_mag1.5,lr,subgroup_violation_diff,DI_star,0.09293233082706766,0.2801990844696764,0.0993283252021224,0.29878676454304415,20
credit,variance_group_mag1.5,lr,subgroup_violation_diff,AOD_star,0.04766917293233083,0.3019903448013096,0.03798030524719435,0.2870704684431336,20
credit,variance_group_mag1.5,lr,subgroup_violation_diff,BalAcc,0.012781954887218042,0.1642284960836156,0.023367307106274667,0.17484483824447336,20
credit,variance_group_mag1.5,lr,max_subgroup_deviation,DI_star,0.14203007518796987,0.22117866337114472,0.1564043776852805,0.23810938076134408,20
credit,variance_group_mag1.5,lr,max_subgroup_deviation,AOD_star,0.1734586466165413,0.25003466320832085,0.18267464787720927,0.24968452673975075,20
credit,variance_group_mag1.5,lr,max_subgroup_deviation,BalAcc,-0.013909774436090223,0.13942037365534957,-0.01840312202886543,0.16557654438351777,20
credit,variance_group_mag1.5,lr,assignment_proportion_drift,DI_star,0.1658145781996893,0.1964810488282316,0.18204171730357857,0.23341254885101353,20
credit,variance_group_mag1.5,lr,assignment_proportion_drift,AOD_star,0.11618305166982432,0.26004299101201184,0.12951910010886425,0.2498300234044771,20
credit,variance_group_mag1.5,lr,assignment_proportion_drift,BalAcc,-0.006392496048225461,0.181029270953959,-0.02409017926338784,0.20025017889907457,20
credit,variance_group_mag1.5,lr,ks_statistic,DI_star,0.18706766917293233,0.25712984181984644,0.17408371502682188,0.2426834100542435,20
credit,variance_group_mag1.5,lr,ks_statistic,AOD_star,0.1489473684210526,0.2579438235579752,0.1384946378869602,0.2523141078437916,20
credit,variance_group_mag1.5,lr,ks_statistic,BalAcc,-0.06436090225563909,0.1469616912929061,-0.04210837724258533,0.19835330538891546,20
credit,variance_group_mag1.5,lr,kl_divergence,DI_star,0.2127067669172932,0.20694017348144703,0.1482826423948158,0.2118541186074541,20
credit,variance_group_mag1.5,lr,kl_divergence,AOD_star,0.14992481203007518,0.2111982295891274,0.1289785111447913,0.2141588204676954,20
credit,variance_group_mag1.5,lr,kl_divergence,BalAcc,-0.01947368421052631,0.12322156772067341,-0.04252570916950649,0.20567548303433303,20
credit,variance_group_mag1.5,lr,per_subgroup_ewma[min_neg],DI_star,0.155614160000787,0.24550514804287218,0.1437650029501541,0.24791718273916408,20
credit,variance_group_mag1.5,lr,per_subgroup_ewma[min_neg],AOD_star,0.15294019325188551,0.25203902084056856,0.16165528784280672,0.2418168374720268,20
credit,variance_group_mag1.5,lr,per_subgroup_ewma[min_neg],BalAcc,-0.010225761884500063,0.23062816270559777,0.012084749593842713,0.2160461533965567,20
credit,variance_group_mag1.5,lr,per_subgroup_baseline_relative[min_neg],DI_star,0.15568055635875883,0.22428429847293374,0.1531325120969917,0.22684675130338325,20
credit,variance_group_mag1.5,lr,per_subgroup_baseline_relative[min_neg],AOD_star,0.08501939959857452,0.2322674760794471,0.15069906452104076,0.18317145534490842,20
credit,variance_group_mag1.5,lr,per_subgroup_baseline_relative[min_neg],BalAcc,0.010437909822134292,0.22301238127299344,0.03682207229633561,0.18947320857433314,20
credit,variance_group_mag1.5,lr,per_subgroup_ewma[min_pos],DI_star,0.22172932330827066,0.2335234615147801,0.2293181556777056,0.22314440289256413,20
credit,variance_group_mag1.5,lr,per_subgroup_ewma[min_pos],AOD_star,0.19729323308270677,0.24770966247593,0.2114744416183128,0.24443248265444317,20
credit,variance_group_mag1.5,lr,per_subgroup_ewma[min_pos],BalAcc,-0.0008270676691729331,0.15316693769650191,-0.008293483387657619,0.18176702631065553,20
credit,variance_group_mag1.5,lr,per_subgroup_baseline_relative[min_pos],DI_star,0.18669172932330827,0.24648964046617222,0.19167458201405635,0.26930595168037164,20
credit,variance_group_mag1.5,lr,per_subgroup_baseline_relative[min_pos],AOD_star,0.17368421052631575,0.2154738201144838,0.16972836877517836,0.216485171953878,20
credit,variance_group_mag1.5,lr,per_subgroup_baseline_relative[min_pos],BalAcc,-0.0003759398496240546,0.15782230705374017,0.01305748596874044,0.17369265530221545,20
credit,variance_group_mag1.5,lr,per_subgroup_ewma[maj_neg],DI_star,0.05969924812030074,0.22647340451140502,0.05841683445523681,0.17939334932121606,20
credit,variance_group_mag1.5,lr,per_subgroup_ewma[maj_neg],AOD_star,0.01962406015037594,0.22618234769029483,0.031839078044592926,0.21965877147201454,20
credit,variance_group_mag1.5,lr,per_subgroup_ewma[maj_neg],BalAcc,0.06586466165413532,0.20067307174383098,0.08272565266993108,0.17074998515465153,20
credit,variance_group_mag1.5,lr,per_subgroup_baseline_relative[maj_neg],DI_star,0.07533834586466166,0.2206281536454866,0.06401557290503637,0.20109119900845412,20
credit,variance_group_mag1.5,lr,per_subgroup_baseline_relative[maj_neg],AOD_star,-0.026766917293233085,0.16338648620594176,-0.01462235115833303,0.15065656993770363,20
credit,variance_group_mag1.5,lr,per_subgroup_baseline_relative[maj_neg],BalAcc,0.05263157894736842,0.2101457354861781,0.08392769674959165,0.21029762736693944,20
credit,variance_group_mag1.5,lr,per_subgroup_ewma[maj_pos],DI_star,0.19255639097744356,0.22596129156510594,0.17827091691329525,0.23278719320324553,20
credit,variance_group_mag1.5,lr,per_subgroup_ewma[maj_pos],AOD_star,0.18541353383458642,0.22898216953424727,0.18383683121603986,0.23218772429872053,20
credit,variance_group_mag1.5,lr,per_subgroup_ewma[maj_pos],BalAcc,-0.007593984962406012,0.12878316557992187,-0.011039725704258829,0.11914275109060614,20
credit,variance_group_mag1.5,lr,per_subgroup_baseline_relative[maj_pos],DI_star,0.157593984962406,0.23540852685328847,0.16249918673365063,0.24464451373504018,20
credit,variance_group_mag1.5,lr,per_subgroup_baseline_relative[maj_pos],AOD_star,0.17646616541353383,0.22277690508107778,0.18134428335997282,0.22750114222815693,20
credit,variance_group_mag1.5,lr,per_subgroup_baseline_relative[maj_pos],BalAcc,0.007142857142857143,0.14492049670296256,-0.011545243204013811,0.1653888043557977,20
credit,variance_group_mag1.5,xgb,global_mean,DI_star,-0.3240601503759398,0.21092363152766805,-0.2922839888371206,0.18605202325785722,20
credit,variance_group_mag1.5,xgb,global_mean,AOD_star,-0.5174436090225563,0.1474665163772036,-0.5159782252628958,0.1310887944852727,20
credit,variance_group_mag1.5,xgb,global_mean,BalAcc,-0.2809022556390977,0.15950528413263698,-0.30565463278051597,0.14683051087223495,20
credit,variance_group_mag1.5,xgb,global_ewma,DI_star,-0.33999999999999997,0.21074580395159528,-0.37644154942220837,0.17623973154981915,20
credit,variance_group_mag1.5,xgb,global_ewma,AOD_star,-0.5442857142857143,0.12826060569196124,-0.5434124490074485,0.1321924143860138,20
credit,variance_group_mag1.5,xgb,global_ewma,BalAcc,-0.2798496240601504,0.16948102271773857,-0.2712206208854625,0.1532151686011459,20
credit,variance_group_mag1.5,xgb,global_std,DI_star,-0.3309774436090225,0.20107624944930697,-0.3670562683344786,0.17068428526309218,20
credit,variance_group_mag1.5,xgb,global_std,AOD_star,-0.5393233082706766,0.14561584467793143,-0.5349744205439898,0.13515576472086854,20
credit,variance_group_mag1.5,xgb,global_std,BalAcc,-0.26804511278195486,0.168916346770986,-0.2697906631588444,0.15191997785765587,20
credit,variance_group_mag1.5,xgb,subgroup_violation_diff,DI_star,-0.04721804511278196,0.34895688626848015,-0.03500804895340539,0.3528038610990794,20
credit,variance_group_mag1.5,xgb,subgroup_violation_diff,AOD_star,-0.10278195488721806,0.4488240109668787,-0.08920977909683121,0.4760225569178341,20
credit,variance_group_mag1.5,xgb,subgroup_violation_diff,BalAcc,-0.01691729323308271,0.2810625981328635,-0.03202820371214725,0.2717263920801194,20
credit,variance_group_mag1.5,xgb,max_subgroup_deviation,DI_star,-0.3142857142857142,0.20471407459579063,-0.31745773604142524,0.20127208636195304,20
credit,variance_group_mag1.5,xgb,max_subgroup_deviation,AOD_star,-0.49526315789473685,0.12210885120103311,-0.5031506728287789,0.1244127443885233,20
credit,variance_group_mag1.5,xgb,max_subgroup_deviation,BalAcc,-0.2896240601503759,0.16481463693674028,-0.29253223457055577,0.1362262666541887,20
credit,variance_group_mag1.5,xgb,assignment_proportion_drift,DI_star,-0.040555632156298635,0.23410003791656334,0.029368038474797804,0.18471600180428896,20
credit,variance_group_mag1.5,xgb,assignment_proportion_drift,AOD_star,-0.20819581406631266,0.19154241548266487,-0.26668654363357286,0.1523164688692421,20
credit,variance_group_mag1.5,xgb,assignment_proportion_drift,BalAcc,-0.16390623531494503,0.1485002137263172,-0.2535881797000032,0.1618933426197233,20
credit,variance_group_mag1.5,xgb,ks_statistic,DI_star,-0.35766917293233086,0.18925472191042134,-0.10853449311016397,0.17434896547854897,20
credit,variance_group_mag1.5,xgb,ks_statistic,AOD_star,-0.5145112781954886,0.15885086449488295,-0.40381965657509733,0.13652635008422914,20
credit,variance_group_mag1.5,xgb,ks_statistic,BalAcc,-0.30932330827067667,0.19039286529900243,-0.3175173235304944,0.17032868195317008,20
credit,variance_group_mag1.5,xgb,kl_divergence,DI_star,-0.20646616541353385,0.2116549232747523,-0.265373192334883,0.16712537791427973,20
credit,variance_group_mag1.5,xgb,kl_divergence,AOD_star,-0.4095488721804511,0.21677633188488174,-0.3427719223209621,0.18436946858193495,20
credit,variance_group_mag1.5,xgb,kl_divergence,BalAcc,-0.24804511278195482,0.2014344370713172,-0.15560460895055456,0.20123058336689287,20
credit,variance_group_mag1.5,xgb,per_subgroup_ewma[min_neg],DI_star,-0.05485108058848894,0.2647971116059878,-0.11317136909508492,0.23884811424800437,20
credit,variance_group_mag1.5,xgb,per_subgroup_ewma[min_neg],AOD_star,-0.14730084096859167,0.3669159951712965,-0.13804765342811195,0.34940049307429316,20
credit,variance_group_mag1.5,xgb,per_subgroup_ewma[min_neg],BalAcc,-0.019066216887175226,0.2728572800193301,-0.02467603680310269,0.2431985354176514,20
credit,variance_group_mag1.5,xgb,per_subgroup_baseline_relative[min_neg],DI_star,-0.09222896402414414,0.1969134685504945,-0.12182716416801972,0.174032486591565,20
credit,variance_group_mag1.5,xgb,per_subgroup_baseline_relative[min_neg],AOD_star,-0.20956817669591957,0.23823677672539326,-0.17257046615472368,0.2186307176278258,20
credit,variance_group_mag1.5,xgb,per_subgroup_baseline_relative[min_neg],BalAcc,-0.10312425967598586,0.22487352962332724,-0.0724587508679112,0.19553187234518482,20
credit,variance_group_mag1.5,xgb,per_subgroup_ewma[min_pos],DI_star,-0.2968421052631579,0.23381374565638022,-0.31860217270550506,0.20408840985382054,20
credit,variance_group_mag1.5,xgb,per_subgroup_ewma[min_pos],AOD_star,-0.48699248120300753,0.1706871415435702,-0.4695445274019038,0.14130983392505386,20
credit,variance_group_mag1.5,xgb,per_subgroup_ewma[min_pos],BalAcc,-0.27030075187969926,0.15850357018905717,-0.25182506801909305,0.15957770112993686,20
credit,variance_group_mag1.5,xgb,per_subgroup_baseline_relative[min_pos],DI_star,-0.23270676691729325,0.26890475782860257,-0.22966160473852232,0.23406610073720996,20
credit,variance_group_mag1.5,xgb,per_subgroup_baseline_relative[min_pos],AOD_star,-0.3995488721804511,0.23866850390697494,-0.3855606541079869,0.24246024253508383,20
credit,variance_group_mag1.5,xgb,per_subgroup_baseline_relative[min_pos],BalAcc,-0.25571428571428567,0.19110556060230172,-0.24422592017255496,0.176209364426167,20
credit,variance_group_mag1.5,xgb,per_subgroup_ewma[maj_neg],DI_star,-0.04075187969924812,0.32585355848833797,-0.08632187509309244,0.2996138986026339,20
credit,variance_group_mag1.5,xgb,per_subgroup_ewma[maj_neg],AOD_star,-0.13436090225563907,0.37489064868789096,-0.1384960862767868,0.375382085992067,20
credit,variance_group_mag1.5,xgb,per_subgroup_ewma[maj_neg],BalAcc,-0.11939849624060148,0.25190299521940734,-0.1025398191011873,0.21871683930161143,20
credit,variance_group_mag1.5,xgb,per_subgroup_baseline_relative[maj_neg],DI_star,0.05661654135338347,0.18538692953184688,0.01773988911029244,0.20187301531617047,20
credit,variance_group_mag1.5,xgb,per_subgroup_baseline_relative[maj_neg],AOD_star,-0.025413533834586454,0.22695406210423652,-0.0328862551692428,0.2081476038349129,20
credit,variance_group_mag1.5,xgb,per_subgroup_baseline_relative[maj_neg],BalAcc,-0.06187969924812029,0.14209871886908151,-0.050167301216693036,0.12636503575784824,20
credit,variance_group_mag1.5,xgb,per_subgroup_ewma[maj_pos],DI_star,-0.3415037593984963,0.21020754599176963,-0.3879317175350594,0.1628924982777917,20
credit,variance_group_mag1.5,xgb,per_subgroup_ewma[maj_pos],AOD_star,-0.540451127819549,0.13689778260858612,-0.5475119905926193,0.1292561889083924,20
credit,variance_group_mag1.5,xgb,per_subgroup_ewma[maj_pos],BalAcc,-0.2816541353383459,0.17612040089976197,-0.2704069056644983,0.1518136196733804,20
credit,variance_group_mag1.5,xgb,per_subgroup_baseline_relative[maj_pos],DI_star,-0.29368421052631577,0.22418026754563372,-0.2968900721706836,0.21745161299819213,20
credit,variance_group_mag1.5,xgb,per_subgroup_baseline_relative[maj_pos],AOD_star,-0.4902255639097744,0.1274820843733321,-0.49742082009765837,0.11744155165072026,20
credit,variance_group_mag1.5,xgb,per_subgroup_baseline_relative[maj_pos],BalAcc,-0.2842105263157894,0.16595536685065057,-0.298862638371529,0.1415932339491649,20
credit,variance_group_mag2.0,lr,global_mean,DI_star,0.2886466165413533,0.2360851850426917,0.29620885675087727,0.24046919401426228,20
credit,variance_group_mag2.0,lr,global_mean,AOD_star,0.29082706766917293,0.22192778529239449,0.2941770310796807,0.23284276524800698,20
credit,variance_group_mag2.0,lr,global_mean,BalAcc,-0.011353383458646612,0.12187547825876523,-0.03892936549458981,0.15316915716765642,20
credit,variance_group_mag2.0,lr,global_ewma,DI_star,0.29984962406015037,0.240160027301224,0.3012491818299181,0.2332944174293147,20
credit,variance_group_mag2.0,lr,global_ewma,AOD_star,0.2944360902255639,0.23082368785946175,0.30626228200440353,0.23882207219061752,20
credit,variance_group_mag2.0,lr,global_ewma,BalAcc,0.004736842105263159,0.1312018441467693,-0.0253201346277442,0.1359958343527742,20
credit,variance_group_mag2.0,lr,global_std,DI_star,0.2949624060150376,0.23257391716032574,0.3016863387707195,0.23186126089171902,20
credit,variance_group_mag2.0,lr,global_std,AOD_star,0.2974436090225564,0.23200263945896205,0.3026488735203908,0.2425426459384819,20
credit,variance_group_mag2.0,lr,global_std,BalAcc,0.00924812030075188,0.11656344685074517,-0.028732378848730276,0.14194709750482715,20
credit,variance_group_mag2.0,lr,subgroup_violation_diff,DI_star,0.11654135338345865,0.2444742362974877,0.11569568968893928,0.2484118661697284,20
credit,variance_group_mag2.0,lr,subgroup_violation_diff,AOD_star,0.11225563909774434,0.19402183889158475,0.11660996994801584,0.20766693204852213,20
credit,variance_group_mag2.0,lr,subgroup_violation_diff,BalAcc,-0.029699248120300753,0.17793920531797094,-0.026882778004869583,0.18605749276266786,20
credit,variance_group_mag2.0,lr,max_subgroup_deviation,DI_star,0.2718796992481203,0.2361020063149529,0.2780799975777058,0.2502671447687047,20
credit,variance_group_mag2.0,lr,max_subgroup_deviation,AOD_star,0.26601503759398504,0.23813534024503039,0.2684508443171539,0.23717568594634192,20
credit,variance_group_mag2.0,lr,max_subgroup_deviation,BalAcc,-0.02481203007518797,0.13461250640676947,-0.05918642700689371,0.159371082621291,20
credit,variance_group_mag2.0,lr,assignment_proportion_drift,DI_star,0.19129912424543122,0.18482529305198567,0.24366773257966218,0.20874236410517505,20
credit,variance_group_mag2.0,lr,assignment_proportion_drift,AOD_star,0.16322276681078593,0.17765873798130463,0.20830680866639045,0.19513184514557355,20
credit,variance_group_mag2.0,lr,assignment_proportion_drift,BalAcc,-0.015748839373104517,0.2187781534382283,-0.03686652862940913,0.21020494688484107,20
credit,variance_group_mag2.0,lr,ks_statistic,DI_star,0.26052631578947366,0.27967372953360753,0.2566857270524329,0.2373345040534724,20
credit,variance_group_mag2.0,lr,ks_statistic,AOD_star,0.2587218045112782,0.24086755731826212,0.24915073415995534,0.22972615031305868,20
credit,variance_group_mag2.0,lr,ks_statistic,BalAcc,-0.06421052631578947,0.16069489836015377,-0.050189035343346934,0.2004455902938597,20
credit,variance_group_mag2.0,lr,kl_divergence,DI_star,0.27924812030075186,0.23962164194962146,0.2658061937600993,0.20621868325004694,20
credit,variance_group_mag2.0,lr,kl_divergence,AOD_star,0.2645864661654135,0.2336439882745248,0.24716905227798186,0.24293628653429433,20
credit,variance_group_mag2.0,lr,kl_divergence,BalAcc,-0.00827067669172932,0.14903575732673605,-0.04840011958190355,0.17023331475467493,20
credit,variance_group_mag2.0,lr,per_subgroup_ewma[min_neg],DI_star,0.3155778811336448,0.21024906119934336,0.30579643255366207,0.22624301202397515,20
credit,variance_group_mag2.0,lr,per_subgroup_ewma[min_neg],AOD_star,0.29531340812108775,0.23958526151752169,0.310342998389219,0.22833791333232975,20
credit,variance_group_mag2.0,lr,per_subgroup_ewma[min_neg],BalAcc,0.040377155980081514,0.1814256494771446,0.0297074766930849,0.1507498029475487,20
credit,variance_group_mag2.0,lr,per_subgroup_baseline_relative[min_neg],DI_star,0.23440636568138878,0.273501411460165,0.2399837434634276,0.25612148493308756,20
credit,variance_group_mag2.0,lr,per_subgroup_baseline_relative[min_neg],AOD_star,0.22603486137291734,0.24937931044953504,0.21195946091545995,0.23421516914657164,20
credit,variance_group_mag2.0,lr,per_subgroup_baseline_relative[min_neg],BalAcc,0.06222253791993013,0.19099105932486693,0.04281719066118437,0.20139961409631388,20
credit,variance_group_mag2.0,lr,per_subgroup_ewma[min_pos],DI_star,0.3231578947368422,0.2508052045068489,0.31594639918795103,0.22067348230200645,20
credit,variance_group_mag2.0,lr,per_subgroup_ewma[min_pos],AOD_star,0.3130827067669173,0.22021815793706515,0.3099988907764072,0.21752669620548218,20
credit,variance_group_mag2.0,lr,per_subgroup_ewma[min_pos],BalAcc,-0.014887218045112782,0.1470718974744658,-0.019795439762654927,0.1253178227383042,20
credit,variance_group_mag2.0,lr,per_subgroup_baseline_relative[min_pos],DI_star,0.23992481203007515,0.23442035520412213,0.2535961374149824,0.24479694969361782,20
credit,variance_group_mag2.0,lr,per_subgroup_baseline_relative[min_pos],AOD_star,0.2677443609022556,0.22459565366045722,0.2725956319982531,0.21614487705739105,20
credit,variance_group_mag2.0,lr,per_subgroup_baseline_relative[min_pos],BalAcc,-0.01052631578947368,0.12784519866479369,-0.031737486149450427,0.14458566414035234,20
credit,variance_group_mag2.0,lr,per_subgroup_ewma[maj_neg],DI_star,0.1838345864661654,0.24207951808195638,0.21591152822369666,0.21670221434254597,20
credit,variance_group_mag2.0,lr,per_subgroup_ewma[maj_neg],AOD_star,0.14714285714285713,0.24777614546185744,0.2017916595647582,0.23574240519900447,20
credit,variance_group_mag2.0,lr,per_subgroup_ewma[maj_neg],BalAcc,0.0600751879699248,0.16894352030578136,0.09126913659143004,0.14860583134728236,20
credit,variance_group_mag2.0,lr,per_subgroup_baseline_relative[maj_neg],DI_star,0.14503759398496235,0.1860956025652879,0.18045479336796957,0.1815573663592127,20
credit,variance_group_mag2.0,lr,per_subgroup_baseline_relative[maj_neg],AOD_star,0.10090225563909772,0.1734590865976019,0.12683398742629068,0.19282692372609267,20
credit,variance_group_mag2.0,lr,per_subgroup_baseline_relative[maj_neg],BalAcc,0.06894736842105262,0.22888693845496116,0.08234154133887236,0.2204068695094042,20
credit,variance_group_mag2.0,lr,per_subgroup_ewma[maj_pos],DI_star,0.29052631578947363,0.24345609234845045,0.28718801592796966,0.24381733992730625,20
credit,variance_group_mag2.0,lr,per_subgroup_ewma[maj_pos],AOD_star,0.2969924812030075,0.2324081920973772,0.3018792574316512,0.24550389983571594,20
credit,variance_group_mag2.0,lr,per_subgroup_ewma[maj_pos],BalAcc,-0.0017293233082706749,0.12988884475004991,-0.032752434938048205,0.15569749031256902,20
credit,variance_group_mag2.0,lr,per_subgroup_baseline_relative[maj_pos],DI_star,0.2880451127819549,0.24376421075711646,0.28110333341807564,0.24051126041906545,20
credit,variance_group_mag2.0,lr,per_subgroup_baseline_relative[maj_pos],AOD_star,0.272406015037594,0.2644839949681722,0.27513417733581563,0.24720635757189513,20
credit,variance_group_mag2.0,lr,per_subgroup_baseline_relative[maj_pos],BalAcc,-0.00368421052631579,0.16840324489637234,-0.042264812014403144,0.1804463752980346,20
credit,variance_group_mag2.0,xgb,global_mean,DI_star,-0.27842105263157896,0.18543205549331904,-0.3019471326024904,0.19498366803176492,20
credit,variance_group_mag2.0,xgb,global_mean,AOD_star,-0.43984962406015027,0.1486399799234226,-0.5078606577338167,0.13521507006485098,20
credit,variance_group_mag2.0,xgb,global_mean,BalAcc,-0.26751879699248116,0.16413786984983753,-0.29441460437533856,0.14097716699204182,20
credit,variance_group_mag2.0,xgb,global_ewma,DI_star,-0.2889473684210526,0.18719375087715934,-0.33272896861507345,0.16761072787557,20
credit,variance_group_mag2.0,xgb,global_ewma,AOD_star,-0.45999999999999996,0.13738379113242097,-0.4829248375159806,0.13834197098455045,20
credit,variance_group_mag2.0,xgb,global_ewma,BalAcc,-0.25518796992481196,0.16441124915933472,-0.23846428065401876,0.15299241241764022,20
credit,variance_group_mag2.0,xgb,global_std,DI_star,-0.2796992481203007,0.18143902515306184,-0.33847818846095323,0.1743471265753883,20
credit,variance_group_mag2.0,xgb,global_std,AOD_star,-0.4509774436090225,0.150146366112248,-0.5027217602793683,0.1365092774952801,20
credit,variance_group_mag2.0,xgb,global_std,BalAcc,-0.24646616541353383,0.17141069686524937,-0.255302856220102,0.1425930244654627,20
credit,variance_group_mag2.0,xgb,subgroup_violation_diff,DI_star,-0.21691729323308265,0.21603840662478924,-0.19867141038982386,0.24041262441522313,20
credit,variance_group_mag2.0,xgb,subgroup_violation_diff,AOD_star,-0.24187969924812025,0.2911618676883554,-0.2567951526142044,0.309712339026407,20
credit,variance_group_mag2.0,xgb,subgroup_violation_diff,BalAcc,-0.08240601503759398,0.2773458270544174,-0.07069824427327026,0.2855236669612321,20
credit,variance_group_mag2.0,xgb,max_subgroup_deviation,DI_star,-0.2636842105263158,0.1756860034957184,-0.2887977835238477,0.19457454643886837,20
credit,variance_group_mag2.0,xgb,max_subgroup_deviation,AOD_star,-0.4234586466165413,0.1294416314799889,-0.4825303281455672,0.12326487614806687,20
credit,variance_group_mag2.0,xgb,max_subgroup_deviation,BalAcc,-0.3136842105263158,0.17972938370020425,-0.3058997707620379,0.12338386539916356,20
credit,variance_group_mag2.0,xgb,assignment_proportion_drift,DI_star,-0.0743632213881393,0.28580531388934627,-0.0521307142426104,0.2337033142209418,20
credit,variance_group_mag2.0,xgb,assignment_proportion_drift,AOD_star,-0.21454784695552293,0.17093414126794956,-0.33040873232729073,0.15743518343249227,20
credit,variance_group_mag2.0,xgb,assignment_proportion_drift,BalAcc,-0.19653697672924658,0.17503512447806086,-0.2960088703314214,0.16727752061548334,20
credit,variance_group_mag2.0,xgb,ks_statistic,DI_star,-0.3202255639097744,0.1918377844478563,-0.18056413346942507,0.2178657041803584,20
credit,variance_group_mag2.0,xgb,ks_statistic,AOD_star,-0.45067669172932334,0.15444941410117588,-0.45872664338172536,0.1383427454123427,20
credit,variance_group_mag2.0,xgb,ks_statistic,BalAcc,-0.26067669172932334,0.17405147837245208,-0.32487265542299765,0.16548970339507701,20
credit,variance_group_mag2.0,xgb,kl_divergence,DI_star,-0.2554135338345865,0.19580095077410425,-0.27219222040321456,0.1437694458444452,20
credit,variance_group_mag2.0,xgb,kl_divergence,AOD_star,-0.3972932330827067,0.1875246455244379,-0.35919337710007126,0.18093144845574718,20
credit,variance_group_mag2.0,xgb,kl_divergence,BalAcc,-0.2452631578947368,0.20288712665147324,-0.20311399603116245,0.18586897427922294,20
credit,variance_group_mag2.0,xgb,per_subgroup_ewma[min_neg],DI_star,-0.2037972611611878,0.2108739977653285,-0.21764125236420764,0.17263640099693742,20
credit,variance_group_mag2.0,xgb,per_subgroup_ewma[min_neg],AOD_star,-0.33763659902076826,0.21982767916066728,-0.3377518769969616,0.21533416781415715,20
credit,variance_group_mag2.0,xgb,per_subgroup_ewma[min_neg],BalAcc,-0.15748667559457724,0.16292650706670697,-0.13083265563590812,0.1675053012609613,20
credit,variance_group_mag2.0,xgb,per_subgroup_baseline_relative[min_neg],DI_star,-0.1553663380343629,0.21755984699250608,-0.15079680044669017,0.17641987490634473,20
credit,variance_group_mag2.0,xgb,per_subgroup_baseline_relative[min_neg],AOD_star,-0.2825341129431343,0.1886633481234584,-0.2769864495943105,0.19755034659917972,20
credit,variance_group_mag2.0,xgb,per_subgroup_baseline_relative[min_neg],BalAcc,-0.1606811954304175,0.20779117695385513,-0.11873310783299935,0.1924221708711852,20
credit,variance_group_mag2.0,xgb,per_subgroup_ewma[min_pos],DI_star,-0.3033082706766917,0.1865268516333139,-0.3278260470104472,0.1478814592873239,20
credit,variance_group_mag2.0,xgb,per_subgroup_ewma[min_pos],AOD_star,-0.4666917293233082,0.14041383076132913,-0.46825554384508655,0.15356310819619096,20
credit,variance_group_mag2.0,xgb,per_subgroup_ewma[min_pos],BalAcc,-0.25172932330827064,0.1826881391537533,-0.20967419742760987,0.17088107804053307,20
credit,variance_group_mag2.0,xgb,per_subgroup_baseline_relative[min_pos],DI_star,-0.2751127819548872,0.19941033260778904,-0.33410735500937355,0.16783326316236558,20
credit,variance_group_mag2.0,xgb,per_subgroup_baseline_relative[min_pos],AOD_star,-0.42744360902255635,0.1576072391545137,-0.48921390566297457,0.1546936612929039,20
credit,variance_group_mag2.0,xgb,per_subgroup_baseline_relative[min_pos],BalAcc,-0.2424812030075188,0.20225305362128665,-0.23043590485076546,0.18120017759894586,20
credit,variance_group_mag2.0,xgb,per_subgroup_ewma[maj_neg],DI_star,-0.1312781954887218,0.19500408405411393,-0.15058389646191656,0.20203465162868955,20
credit,variance_group_mag2.0,xgb,per_subgroup_ewma[maj_neg],AOD_star,-0.22902255639097743,0.2530077310660607,-0.23343281725986512,0.24482335032104197,20
credit,variance_group_mag2.0,xgb,per_subgroup_ewma[maj_neg],BalAcc,-0.16413533834586463,0.21374461427932223,-0.13442227256188005,0.21084045872645188,20
credit,variance_group_mag2.0,xgb,per_subgroup_baseline_relative[maj_neg],DI_star,0.01864661654135338,0.12359072729250054,-0.027780049781973855,0.16029522960237705,20
credit,variance_group_mag2.0,xgb,per_subgroup_baseline_relative[maj_neg],AOD_star,-0.07060150375939848,0.23332535271934474,-0.1068174346062742,0.19968242107240272,20
credit,variance_group_mag2.0,xgb,per_subgroup_baseline_relative[maj_neg],BalAcc,-0.07120300751879699,0.18063353875636565,-0.07953339991911126,0.1853852245021736,20
credit,variance_group_mag2.0,xgb,per_subgroup_ewma[maj_pos],DI_star,-0.2836090225563909,0.19866955295518132,-0.33001120316154775,0.17440317044614903,20
credit,variance_group_mag2.0,xgb,per_subgroup_ewma[maj_pos],AOD_star,-0.4564661654135338,0.14441217369593007,-0.46987803754132046,0.12764670886334006,20
credit,variance_group_mag2.0,xgb,per_subgroup_ewma[maj_pos],BalAcc,-0.24939849624060145,0.17829747089685616,-0.23856832199727288,0.15371675115115627,20
credit,variance_group_mag2.0,xgb,per_subgroup_baseline_relative[maj_pos],DI_star,-0.23857142857142857,0.1911042590022727,-0.2608867563028204,0.19804224246822866,20
credit,variance_group_mag2.0,xgb,per_subgroup_baseline_relative[maj_pos],AOD_star,-0.4099248120300751,0.14876916007122515,-0.4612907439929204,0.12042214530712127,20
credit,variance_group_mag2.0,xgb,per_subgroup_baseline_relative[maj_pos],BalAcc,-0.29443609022556394,0.1734517208416886,-0.29436525900256266,0.13978908199993606,20
credit,variance_group_mag2.5,lr,global_mean,DI_star,0.38766917293233083,0.21651294717608113,0.38860621263899164,0.21198231220497177,20
credit,variance_group_mag2.5,lr,global_mean,AOD_star,0.41255639097744357,0.19294837279986202,0.4000231675500644,0.20546687093044258,20
credit,variance_group_mag2.5,lr,global_mean,BalAcc,-0.03436090225563909,0.12633483118201858,-0.05823138534901064,0.149346273611828,20
credit,variance_group_mag2.5,lr,global_ewma,DI_star,0.3952631578947368,0.2145302785900089,0.40685220480503137,0.20815342806192985,20
credit,variance_group_mag2.5,lr,global_ewma,AOD_star,0.42000000000000004,0.21046621053920397,0.423649721197633,0.21501822707784685,20
credit,variance_group_mag2.5,lr,global_ewma,BalAcc,-0.015639097744360904,0.12865046157294485,-0.042908855879022205,0.13063275581870223,20
credit,variance_group_mag2.5,lr,global_std,DI_star,0.3977443609022556,0.20742697107529262,0.40378309421532055,0.2067577137252312,20
credit,variance_group_mag2.5,lr,global_std,AOD_star,0.41992481203007515,0.21175413975805812,0.41403240961962356,0.21384638285960833,20
credit,variance_group_mag2.5,lr,global_std,BalAcc,-0.009248120300751877,0.1175428950802347,-0.05082586141356965,0.13705460113555434,20
credit,variance_group_mag2.5,lr,subgroup_violation_diff,DI_star,0.007669172932330817,0.27035942140948166,-0.014226583468339393,0.26471519350773864,20
credit,variance_group_mag2.5,lr,subgroup_violation_diff,AOD_star,0.029022556390977443,0.25505998092977616,0.005713584391248912,0.25423462699078286,20
credit,variance_group_mag2.5,lr,subgroup_violation_diff,BalAcc,-0.11383458646616543,0.1881587622883412,-0.10830137874835803,0.219168787168286,20
credit,variance_group_mag2.5,lr,max_subgroup_deviation,DI_star,0.3810526315789472,0.1943607713674462,0.3881750554425136,0.1973393242505112,20
credit,variance_group_mag2.5,lr,max_subgroup_deviation,AOD_star,0.3997744360902255,0.19037990410297248,0.4017737672018942,0.21026350674326819,20
credit,variance_group_mag2.5,lr,max_subgroup_deviation,BalAcc,-0.0450375939849624,0.17357805237979582,-0.06292948549045933,0.13992949581836547,20
credit,variance_group_mag2.5,lr,assignment_proportion_drift,DI_star,0.2524716561313732,0.23804845905809444,0.30746321824430994,0.20182173834628936,20
credit,variance_group_mag2.5,lr,assignment_proportion_drift,AOD_star,0.23640613777436367,0.2047829489003268,0.304104278277168,0.18957906424413215,20
credit,variance_group_mag2.5,lr,assignment_proportion_drift,BalAcc,-0.016480902401707034,0.18920218734058925,-0.04096201293422359,0.19644995634754828,20
credit,variance_group_mag2.5,lr,ks_statistic,DI_star,0.3327067669172932,0.24366697305714857,0.33275840615802066,0.20827950563424608,20
credit,variance_group_mag2.5,lr,ks_statistic,AOD_star,0.35360902255639093,0.21452922452067252,0.3468068104799202,0.20444918304043813,20
credit,variance_group_mag2.5,lr,ks_statistic,BalAcc,-0.10345864661654133,0.15729323308270676,-0.0670535067600392,0.1963370429637087,20
credit,variance_group_mag2.5,lr,kl_divergence,DI_star,0.3772932330827067,0.24103527627615015,0.3850560854019148,0.22158107997525,20
credit,variance_group_mag2.5,lr,kl_divergence,AOD_star,0.41548872180451124,0.20073813700814225,0.4249025860140761,0.2032925970836009,20
credit,variance_group_mag2.5,lr,kl_divergence,BalAcc,-0.02481203007518796,0.13465953407818,-0.04252417249473518,0.13839796680520958,20
credit,variance_group_mag2.5,lr,per_subgroup_ewma[min_neg],DI_star,0.3787360304094198,0.21019405074326894,0.40632036845435254,0.22013929739091467,20
credit,variance_group_mag2.5,lr,per_subgroup_ewma[min_neg],AOD_star,0.39369979396543325,0.22465358156087326,0.4144105696954875,0.2381291212914665,20
credit,variance_group_mag2.5,lr,per_subgroup_ewma[min_neg],BalAcc,0.003160015894616715,0.17780004788329606,-0.009377120535395907,0.17049521434623213,20
credit,variance_group_mag2.5,lr,per_subgroup_baseline_relative[min_neg],DI_star,0.2561139532513935,0.23707126612001447,0.24816795968179237,0.21093025794391043,20
credit,variance_group_mag2.5,lr,per_subgroup_baseline_relative[min_neg],AOD_star,0.26869896699521484,0.20996516333709642,0.22729701349322365,0.2266515921712954,20
credit,variance_group_mag2.5,lr,per_subgroup_baseline_relative[min_neg],BalAcc,-0.037285826828180615,0.20440280195232785,-0.06002009320400357,0.2181414530992851,20
credit,variance_group_mag2.5,lr,per_subgroup_ewma[min_pos],DI_star,0.3857142857142856,0.23269990394000023,0.38538000679441087,0.2189432323047705,20
credit,variance_group_mag2.5,lr,per_subgroup_ewma[min_pos],AOD_star,0.415187969924812,0.19821802101315805,0.4070768316382279,0.2070138462103164,20
credit,variance_group_mag2.5,lr,per_subgroup_ewma[min_pos],BalAcc,-0.028195488721804506,0.15388674249433612,-0.04459638032809843,0.13353248238357393,20
credit,variance_group_mag2.5,lr,per_subgroup_baseline_relative[min_pos],DI_star,0.28624060150375935,0.2527941094616455,0.28557097182311353,0.277571166163211,20
credit,variance_group_mag2.5,lr,per_subgroup_baseline_relative[min_pos],AOD_star,0.3017293233082707,0.23592459828892037,0.3167489334350942,0.24587636883959932,20
credit,variance_group_mag2.5,lr,per_subgroup_baseline_relative[min_pos],BalAcc,-0.059849624060150375,0.196012369801677,-0.06510051041305061,0.20522500578669378,20
credit,variance_group_mag2.5,lr,per_subgroup_ewma[maj_neg],DI_star,0.26533834586466165,0.25820843938251364,0.29197062327363643,0.2677160128356624,20
credit,variance_group_mag2.5,lr,per_subgroup_ewma[maj_neg],AOD_star,0.2700751879699248,0.28011788542682187,0.28849331279302726,0.27457076299074845,20
credit,variance_group_mag2.5,lr,per_subgroup_ewma[maj_neg],BalAcc,0.04609022556390977,0.1764181372471495,0.050980789535766256,0.1800514768711485,20
credit,variance_group_mag2.5,lr,per_subgroup_baseline_relative[maj_neg],DI_star,0.1606766917293233,0.20541885912140756,0.18177399030517918,0.1806981195230387,20
credit,variance_group_mag2.5,lr,per_subgroup_baseline_relative[maj_neg],AOD_star,0.10977443609022555,0.19016463109217727,0.12470201830511574,0.16376637824933726,20
credit,variance_group_mag2.5,lr,per_subgroup_baseline_relative[maj_neg],BalAcc,0.03210526315789473,0.1958800449993427,0.06015455454167108,0.19407034105824342,20
credit,variance_group_mag2.5,lr,per_subgroup_ewma[maj_pos],DI_star,0.3895488721804511,0.21769506514228293,0.41160745779938956,0.20228714996564492,20
credit,variance_group_mag2.5,lr,per_subgroup_ewma[maj_pos],AOD_star,0.41977443609022547,0.21215922851506247,0.43023300901037,0.21057619553698367,20
credit,variance_group_mag2.5,lr,per_subgroup_ewma[maj_pos],BalAcc,-0.023759398496240595,0.13031062182507874,-0.03963348761328253,0.14472368268108793,20
credit,variance_group_mag2.5,lr,per_subgroup_baseline_relative[maj_pos],DI_star,0.37323308270676697,0.21917704635094734,0.4012420773907279,0.18061985334716743,20
credit,variance_group_mag2.5,lr,per_subgroup_baseline_relative[maj_pos],AOD_star,0.3954135338345865,0.20926824690650475,0.415612602700792,0.18947489689716351,20
credit,variance_group_mag2.5,lr,per_subgroup_baseline_relative[maj_pos],BalAcc,-0.011203007518796985,0.17599798217047713,-0.031910607285802806,0.15851155257016042,20
credit,variance_group_mag2.5,xgb,global_mean,DI_star,-0.24150375939849625,0.1787358325112962,-0.2663257480233007,0.19708697432330857,20
credit,variance_group_mag2.5,xgb,global_mean,AOD_star,-0.39759398496240594,0.16389832339113342,-0.47918136513253434,0.1409465338661526,20
credit,variance_group_mag2.5,xgb,global_mean,BalAcc,-0.2373684210526316,0.15252618680680285,-0.28807910160311384,0.13420663016748635,20
credit,variance_group_mag2.5,xgb,global_ewma,DI_star,-0.24586466165413529,0.18458945222153275,-0.2724778491323553,0.17546337795928946,20
credit,variance_group_mag2.5,xgb,global_ewma,AOD_star,-0.4178947368421052,0.14787002251350162,-0.4341897617412826,0.14892065154745335,20
credit,variance_group_mag2.5,xgb,global_ewma,BalAcc,-0.23195488721804508,0.15418548606561755,-0.22069399982064955,0.14983968654787258,20
credit,variance_group_mag2.5,xgb,global_std,DI_star,-0.24706766917293232,0.1752141708116978,-0.27763968507856046,0.17661947149584467,20
credit,variance_group_mag2.5,xgb,global_std,AOD_star,-0.4195488721804511,0.154154042510834,-0.45604544066371056,0.14715722003653606,20
credit,variance_group_mag2.5,xgb,global_std,BalAcc,-0.22646616541353376,0.1601425392554722,-0.2485435992731267,0.13610666059128537,20
credit,variance_group_mag2.5,xgb,subgroup_violation_diff,DI_star,-0.13218045112781954,0.22428958329471127,-0.11844201878408664,0.25336766310317316,20
credit,variance_group_mag2.5,xgb,subgroup_violation_diff,AOD_star,-0.11210526315789475,0.31877836340803367,-0.12939317742333442,0.3297985935750589,20
credit,variance_group_mag2.5,xgb,subgroup_violation_diff,BalAcc,-0.04902255639097745,0.24520059315507367,-0.03936113469764368,0.2673083908084643,20
credit,variance_group_mag2.5,xgb,max_subgroup_deviation,DI_star,-0.23721804511278194,0.1670918784866033,-0.24368050243697623,0.1896715927458818,20
credit,variance_group_mag2.5,xgb,max_subgroup_deviation,AOD_star,-0.40255639097744356,0.1384456162119715,-0.4655804730924166,0.13099751045697222,20
credit,variance_group_mag2.5,xgb,max_subgroup_deviation,BalAcc,-0.2849624060150376,0.17013992638497727,-0.291716714729186,0.13449930814599487,20
credit,variance_group_mag2.5,xgb,assignment_proportion_drift,DI_star,-0.10405002516457744,0.254127614609296,-0.12423682078613589,0.26376238763274945,20
credit,variance_group_mag2.5,xgb,assignment_proportion_drift,AOD_star,-0.28469300902062666,0.16725118838577965,-0.40379596685829167,0.15730039217081612,20
credit,variance_group_mag2.5,xgb,assignment_proportion_drift,BalAcc,-0.18949106253052667,0.20201295501453034,-0.30488643478184607,0.17852127047015556,20
credit,variance_group_mag2.5,xgb,ks_statistic,DI_star,-0.28496240601503764,0.17590289439019371,-0.21358566444655036,0.2307455831295547,20
credit,variance_group_mag2.5,xgb,ks_statistic,AOD_star,-0.4084962406015037,0.17672101820919672,-0.48726389793359,0.1305149879637146,20
credit,variance_group_mag2.5,xgb,ks_statistic,BalAcc,-0.24954887218045113,0.15931795028371726,-0.3295068366816324,0.1660757605701558,20
credit,variance_group_mag2.5,xgb,kl_divergence,DI_star,-0.21090225563909773,0.19383503852674525,-0.22602545679124392,0.16038214243083204,20
credit,variance_group_mag2.5,xgb,kl_divergence,AOD_star,-0.37421052631578944,0.17007330992228747,-0.37429232620160174,0.16889494614558084,20
credit,variance_group_mag2.5,xgb,kl_divergence,BalAcc,-0.22661654135338344,0.1496887304983773,-0.17665287536590352,0.15496526958107704,20
credit,variance_group_mag2.5,xgb,per_subgroup_ewma[min_neg],DI_star,-0.18349452953423226,0.19441682577195923,-0.1914158616808092,0.1743488998929793,20
credit,variance_group_mag2.5,xgb,per_subgroup_ewma[min_neg],AOD_star,-0.29252378878377744,0.20980336348859047,-0.3249215708270998,0.20307824981875847,20
credit,variance_group_mag2.5,xgb,per_subgroup_ewma[min_neg],BalAcc,-0.14643328039883105,0.1662242945816908,-0.1355195914802213,0.16379975919090772,20
credit,variance_group_mag2.5,xgb,per_subgroup_baseline_relative[min_neg],DI_star,-0.12809134827048946,0.15924048437158506,-0.09144807918653317,0.14365032551217327,20
credit,variance_group_mag2.5,xgb,per_subgroup_baseline_relative[min_neg],AOD_star,-0.22378857535769686,0.20430434426612898,-0.1979528415597434,0.19542854994089542,20
credit,variance_group_mag2.5,xgb,per_subgroup_baseline_relative[min_neg],BalAcc,-0.13220988023822128,0.23537114897816672,-0.10902803898333258,0.22393939493169626,20
credit,variance_group_mag2.5,xgb,per_subgroup_ewma[min_pos],DI_star,-0.2514285714285714,0.1989807256686705,-0.28590692998203077,0.1714039024460389,20
credit,variance_group_mag2.5,xgb,per_subgroup_ewma[min_pos],AOD_star,-0.42315789473684207,0.14814541216854563,-0.44282679603876385,0.16687188246588902,20
credit,variance_group_mag2.5,xgb,per_subgroup_ewma[min_pos],BalAcc,-0.22000000000000003,0.15930207042289138,-0.20297284511133146,0.15516648822926124,20
credit,variance_group_mag2.5,xgb,per_subgroup_baseline_relative[min_pos],DI_star,-0.25781954887218045,0.2258892265608067,-0.27086268234614375,0.22284040885193712,20
credit,variance_group_mag2.5,xgb,per_subgroup_baseline_relative[min_pos],AOD_star,-0.36360902255639094,0.17047127514746938,-0.4443220530412909,0.16877555665357558,20
credit,variance_group_mag2.5,xgb,per_subgroup_baseline_relative[min_pos],BalAcc,-0.20300751879699247,0.19181805406632688,-0.22665138376203614,0.18131523189760554,20
credit,variance_group_mag2.5,xgb,per_subgroup_ewma[maj_neg],DI_star,-0.09969924812030076,0.1973274429354133,-0.12972233502168876,0.19510370875735017,20
credit,variance_group_mag2.5,xgb,per_subgroup_ewma[maj_neg],AOD_star,-0.21593984962406015,0.2485466375931288,-0.24807313823691546,0.2556266208205224,20
credit,variance_group_mag2.5,xgb,per_subgroup_ewma[maj_neg],BalAcc,-0.16323308270676692,0.19003822984655225,-0.16035723111814396,0.19200881789749502,20
credit,variance_group_mag2.5,xgb,per_subgroup_baseline_relative[maj_neg],DI_star,0.055714285714285716,0.17086139851471022,0.036792091583739396,0.1781187602880882,20
credit,variance_group_mag2.5,xgb,per_subgroup_baseline_relative[maj_neg],AOD_star,-0.05308270676691727,0.197036728084818,-0.06001628119456585,0.18286516850357035,20
credit,variance_group_mag2.5,xgb,per_subgroup_baseline_relative[maj_neg],BalAcc,-0.14030075187969926,0.1782371069067217,-0.0953051368436213,0.19150915924585146,20
credit,variance_group_mag2.5,xgb,per_subgroup_ewma[maj_pos],DI_star,-0.24721804511278195,0.18400411943860678,-0.2498237566392963,0.1770981067118784,20
credit,variance_group_mag2.5,xgb,per_subgroup_ewma[maj_pos],AOD_star,-0.41052631578947363,0.15380305279521134,-0.4076898056381137,0.14599182496884683,20
credit,variance_group_mag2.5,xgb,per_subgroup_ewma[maj_pos],BalAcc,-0.22864661654135335,0.15750864000845663,-0.2153335862769193,0.15322218768099616,20
credit,variance_group_mag2.5,xgb,per_subgroup_baseline_relative[maj_pos],DI_star,-0.22451127819548872,0.17039465286214023,-0.22792056640780892,0.19703667779481265,20
credit,variance_group_mag2.5,xgb,per_subgroup_baseline_relative[maj_pos],AOD_star,-0.4147368421052631,0.15243967342388326,-0.4440457873286062,0.14481854239122846,20
credit,variance_group_mag2.5,xgb,per_subgroup_baseline_relative[maj_pos],BalAcc,-0.2768421052631579,0.1647044954053047,-0.2831851491703109,0.14675446039223003,20
credit,variance_global_mag1.5,lr,global_mean,DI_star,0.9402255639097744,0.021951153251327363,0.9166159146452776,0.025609534000187877,20
credit,variance_global_mag1.5,lr,global_mean,AOD_star,0.6006015037593986,0.12673881903029716,0.5910573062952149,0.12184136043309694,20
credit,variance_global_mag1.5,lr,global_mean,BalAcc,-0.19428571428571423,0.18502389099707364,-0.1873426041439984,0.2114420492308485,20
credit,variance_global_mag1.5,lr,global_ewma,DI_star,0.9396240601503759,0.020282782356105655,0.9465928592589797,0.02180673940114022,20
credit,variance_global_mag1.5,lr,global_ewma,AOD_star,0.5975187969924811,0.12784897936280534,0.6021528387228294,0.1271467757022138,20
credit,variance_global_mag1.5,lr,global_ewma,BalAcc,-0.19466165413533837,0.1834379841686053,-0.20925173793115256,0.19512318769112755,20
credit,variance_global_mag1.5,lr,global_std,DI_star,0.06744360902255639,0.21957682127178488,0.04079133226626987,0.2797081709082598,20
credit,variance_global_mag1.5,lr,global_std,AOD_star,0.052631578947368404,0.23079939095910224,0.03642323815640843,0.23464871766338652,20
credit,variance_global_mag1.5,lr,global_std,BalAcc,0.033609022556390984,0.29919834663703476,0.02477559801328718,0.2832564549005009,20
credit,variance_global_mag1.5,lr,subgroup_violation_diff,DI_star,0.09082706766917294,0.38135421360883054,0.05777013160002988,0.3450967307762249,20
credit,variance_global_mag1.5,lr,subgroup_violation_diff,AOD_star,0.0470676691729323,0.36702300338437244,0.03895349762741469,0.2958345541647066,20
credit,variance_global_mag1.5,lr,subgroup_violation_diff,BalAcc,0.0072932330827067664,0.2515633857188186,8.128675029114713e-05,0.2523922130306559,20
credit,variance_global_mag1.5,lr,max_subgroup_deviation,DI_star,0.5136090225563908,0.26971109096120566,0.6255146646417936,0.1445082357372682,20
credit,variance_global_mag1.5,lr,max_subgroup_deviation,AOD_star,0.31939849624060146,0.2298014982292071,0.40568823165120316,0.1808273074173608,20
credit,variance_global_mag1.5,lr,max_subgroup_deviation,BalAcc,-0.06729323308270677,0.2554806563402289,-0.1190964180736909,0.2520507145539621,20
credit,variance_global_mag1.5,lr,assignment_proportion_drift,DI_star,0.22047082636127263,0.26853779794460964,0.5990745356963563,0.1015444655480494,20
credit,variance_global_mag1.5,lr,assignment_proportion_drift,AOD_star,0.145138704850743,0.2833746798265983,0.3778409816881649,0.21047964140350972,20
credit,variance_global_mag1.5,lr,assignment_proportion_drift,BalAcc,-0.0943216775477154,0.2831236975933789,-0.13848374944203715,0.25146852305419964,20
credit,variance_global_mag1.5,lr,ks_statistic,DI_star,0.933233082706767,0.02538370808415373,0.7280541586941621,0.043511713848726076,20
credit,variance_global_mag1.5,lr,ks_statistic,AOD_star,0.5871428571428572,0.13622140896201432,0.46133039503613976,0.16246092879308022,20
credit,variance_global_mag1.5,lr,ks_statistic,BalAcc,-0.20864661654135336,0.1888448060953518,-0.159475637164271,0.2353605029521035,20
credit,variance_global_mag1.5,lr,kl_divergence,DI_star,0.9117293233082707,0.0265876398883569,0.7340051338327014,0.07623067306557184,20
credit,variance_global_mag1.5,lr,kl_divergence,AOD_star,0.5861654135338344,0.12955181770005295,0.44299506092633945,0.14614203752275143,20
credit,variance_global_mag1.5,lr,kl_divergence,BalAcc,-0.18067669172932327,0.1814042965229668,-0.18758856046383537,0.20343336294550887,20
credit,variance_global_mag1.5,lr,per_subgroup_ewma[min_neg],DI_star,0.6957319903111777,0.27035601955089333,0.8523820209715318,0.09947845723216762,20
credit,variance_global_mag1.5,lr,per_subgroup_ewma[min_neg],AOD_star,0.41471382754473823,0.22661715044417402,0.5335942901217037,0.14180241175900665,20
credit,variance_global_mag1.5,lr,per_subgroup_ewma[min_neg],BalAcc,-0.16019174558565083,0.18637714618506923,-0.19198020930764834,0.18283769846206438,20
credit,variance_global_mag1.5,lr,per_subgroup_baseline_relative[min_neg],DI_star,0.5710699330303196,0.23701465320208667,0.7235908016837953,0.12005682555420788,20
credit,variance_global_mag1.5,lr,per_subgroup_baseline_relative[min_neg],AOD_star,0.3420655179233629,0.25547078261701955,0.4412423739322132,0.1882170972277587,20
credit,variance_global_mag1.5,lr,per_subgroup_baseline_relative[min_neg],BalAcc,-0.13454309697423966,0.2028698973734367,-0.16006132565156667,0.1925429705919331,20
credit,variance_global_mag1.5,lr,per_subgroup_ewma[min_pos],DI_star,0.9396240601503759,0.024792769922766064,0.9401455909608458,0.02359991368071482,20
credit,variance_global_mag1.5,lr,per_subgroup_ewma[min_pos],AOD_star,0.5951879699248119,0.12682282768858888,0.5944938364028978,0.13276078340953573,20
credit,variance_global_mag1.5,lr,per_subgroup_ewma[min_pos],BalAcc,-0.2007518796992481,0.1855461782147477,-0.21222335863418165,0.19568560212587943,20
credit,variance_global_mag1.5,lr,per_subgroup_baseline_relative[min_pos],DI_star,0.9119548872180451,0.06554299694064965,0.8904858052780096,0.0632669589932692,20
credit,variance_global_mag1.5,lr,per_subgroup_baseline_relative[min_pos],AOD_star,0.5815037593984962,0.12874244441368915,0.5665002655114194,0.16003826032461077,20
credit,variance_global_mag1.5,lr,per_subgroup_baseline_relative[min_pos],BalAcc,-0.20421052631578945,0.1900632907669051,-0.1848031173674169,0.2182704327362113,20
credit,variance_global_mag1.5,lr,per_subgroup_ewma[maj_neg],DI_star,0.7069172932330827,0.39593299612274646,0.8370516077321806,0.1590134158332616,20
credit,variance_global_mag1.5,lr,per_subgroup_ewma[maj_neg],AOD_star,0.482781954887218,0.267365069711821,0.5539029008804882,0.15577094854675103,20
credit,variance_global_mag1.5,lr,per_subgroup_ewma[maj_neg],BalAcc,-0.10090225563909774,0.24915024331655805,-0.1469435892724746,0.242446440870324,20
credit,variance_global_mag1.5,lr,per_subgroup_baseline_relative[maj_neg],DI_star,0.280004682764269,0.2880465882252012,0.5130706020181836,0.11533216210618458,20
credit,variance_global_mag1.5,lr,per_subgroup_baseline_relative[maj_neg],AOD_star,0.20799799188013446,0.2198134796427252,0.3443921488418677,0.16043164185298348,20
credit,variance_global_mag1.5,lr,per_subgroup_baseline_relative[maj_neg],BalAcc,0.04066807009998648,0.2551573501428067,-0.04161707332492946,0.2514467446072395,20
credit,variance_global_mag1.5,lr,per_subgroup_ewma[maj_pos],DI_star,0.9373684210526314,0.022127629214932314,0.9448582717822245,0.024632646080915675,20
credit,variance_global_mag1.5,lr,per_subgroup_ewma[maj_pos],AOD_star,0.5965413533834585,0.13168339570840767,0.6008087896349081,0.12865026372642419,20
credit,variance_global_mag1.5,lr,per_subgroup_ewma[maj_pos],BalAcc,-0.19661654135338344,0.1857437345376871,-0.20954764320196645,0.19382985807905054,20
credit,variance_global_mag1.5,lr,per_subgroup_baseline_relative[maj_pos],DI_star,0.9353383458646615,0.021197140979057068,0.9211208364505671,0.02411203123981402,20
credit,variance_global_mag1.5,lr,per_subgroup_baseline_relative[maj_pos],AOD_star,0.5999999999999999,0.1266385064797486,0.5940994658938583,0.12179767611602477,20
credit,variance_global_mag1.5,lr,per_subgroup_baseline_relative[maj_pos],BalAcc,-0.1843609022556391,0.17807990921914682,-0.1913553844261504,0.2029000789667018,20
credit,variance_global_mag1.5,xgb,global_mean,DI_star,0.46215209124970247,0.10275632713228929,0.47552442570809816,0.09023503538461687,20
credit,variance_global_mag1.5,xgb,global_mean,AOD_star,0.43684210526315786,0.16688511509927487,0.5110526283712784,0.15546311258934184,20
credit,variance_global_mag1.5,xgb,global_mean,BalAcc,-0.653984962406015,0.09722697073041553,-0.6900762273219463,0.0872409989849049,20
credit,variance_global_mag1.5,xgb,global_ewma,DI_star,0.46501008256995535,0.1014780995503751,0.45476859511785184,0.08330229164181605,20
credit,variance_global_mag1.5,xgb,global_ewma,AOD_star,0.44037593984962403,0.16497911170303042,0.4519907967552393,0.17425888045745627,20
credit,variance_global_mag1.5,xgb,global_ewma,BalAcc,-0.6531578947368419,0.10236866265893362,-0.6407644063376142,0.09241885880908556,20
credit,variance_global_mag1.5,xgb,global_std,DI_star,0.008828859340173988,0.245767768997916,0.00011550373157769023,0.24469037877914676,20
credit,variance_global_mag1.5,xgb,global_std,AOD_star,-0.07157894736842105,0.2688196110153364,-0.091005875517777,0.3304550206997155,20
credit,variance_global_mag1.5,xgb,global_std,BalAcc,0.045112781954887216,0.2646561004201987,0.0812400973503662,0.3061078098058201,20
credit,variance_global_mag1.5,xgb,subgroup_violation_diff,DI_star,-0.03409190410649617,0.3037372034145152,-0.035395382998101826,0.21989981191264366,20
credit,variance_global_mag1.5,xgb,subgroup_violation_diff,AOD_star,0.009699248120300746,0.3180813626935834,-0.011384203941498796,0.3066852822182864,20
credit,variance_global_mag1.5,xgb,subgroup_violation_diff,BalAcc,-0.006541353383458649,0.33979082430982294,-0.0011067467958308652,0.30134805204282444,20
credit,variance_global_mag1.5,xgb,max_subgroup_deviation,DI_star,0.31478126621825975,0.20819655882081486,0.36068263455193283,0.17350371828114278,20
credit,variance_global_mag1.5,xgb,max_subgroup_deviation,AOD_star,0.34721804511278187,0.19913766267250652,0.46547747571081144,0.15991429402651472,20
credit,variance_global_mag1.5,xgb,max_subgroup_deviation,BalAcc,-0.43999999999999995,0.21348532754142757,-0.5465886388189554,0.14294440046135634,20
credit,variance_global_mag1.5,xgb,assignment_proportion_drift,DI_star,0.22529470784457942,0.16473492034839093,0.37872893577274713,0.14553960529980545,20
credit,variance_global_mag1.5,xgb,assignment_proportion_drift,AOD_star,0.26950414308843373,0.1521707089441032,0.5065012596566248,0.14215245933473877,20
credit,variance_global_mag1.5,xgb,assignment_proportion_drift,BalAcc,-0.31956014653728776,0.18167887726618973,-0.5843349520213469,0.11522083139009884,20
credit,variance_global_mag1.5,xgb,ks_statistic,DI_star,0.4680174599564294,0.09605239128354284,0.4325963194248785,0.13410027037650626,20
credit,variance_global_mag1.5,xgb,ks_statistic,AOD_star,0.433609022556391,0.1572872488402896,0.5431897493256691,0.14403488778709045,20
credit,variance_global_mag1.5,xgb,ks_statistic,BalAcc,-0.6510526315789473,0.11462304292586906,-0.6555555113947585,0.09945767171843074,20
credit,variance_global_mag1.5,xgb,kl_divergence,DI_star,0.4584700584453687,0.11285957101753354,0.27074726714173325,0.19993077518734687,20
credit,variance_global_mag1.5,xgb,kl_divergence,AOD_star,0.43766917293233076,0.15427829424183553,0.23505389773441218,0.18473581002363154,20
credit,variance_global_mag1.5,xgb,kl_divergence,BalAcc,-0.6277443609022556,0.10857567213084479,-0.3959567378582178,0.13314008066435773,20
credit,variance_global_mag1.5,xgb,per_subgroup_ewma[min_neg],DI_star,0.3055067940687509,0.241460547440202,0.36486648415451084,0.1688960924855296,20
credit,variance_global_mag1.5,xgb,per_subgroup_ewma[min_neg],AOD_star,0.2354584953075527,0.24059140329883807,0.3680549562553622,0.17720353921830478,20
credit,variance_global_mag1.5,xgb,per_subgroup_ewma[min_neg],BalAcc,-0.395159949431939,0.28819668267274684,-0.5175913200291322,0.15996701501289284,20
credit,variance_global_mag1.5,xgb,per_subgroup_baseline_relative[min_neg],DI_star,0.25014311340614653,0.16370518085371563,0.3570043677820764,0.13584768697591157,20
credit,variance_global_mag1.5,xgb,per_subgroup_baseline_relative[min_neg],AOD_star,0.20138508661052912,0.2266004782437775,0.39111529261856043,0.1943371122483863,20
credit,variance_global_mag1.5,xgb,per_subgroup_baseline_relative[min_neg],BalAcc,-0.36885285392520417,0.23656621229718902,-0.5181236014828704,0.15921959778559472,20
credit,variance_global_mag1.5,xgb,per_subgroup_ewma[min_pos],DI_star,0.4649346400610975,0.09954084927159579,0.45476370645387504,0.0760215641995027,20
credit,variance_global_mag1.5,xgb,per_subgroup_ewma[min_pos],AOD_star,0.4396240601503759,0.16842593642220938,0.4571554569359062,0.1740448041856359,20
credit,variance_global_mag1.5,xgb,per_subgroup_ewma[min_pos],BalAcc,-0.6505263157894736,0.10111862327864739,-0.64456570261194,0.09261448482006401,20
credit,variance_global_mag1.5,xgb,per_subgroup_baseline_relative[min_pos],DI_star,0.43929489182835235,0.10729397343364565,0.4524648203631297,0.08164189600763137,20
credit,variance_global_mag1.5,xgb,per_subgroup_baseline_relative[min_pos],AOD_star,0.41864661654135327,0.16798574248528106,0.5063157463619756,0.1667294846878644,20
credit,variance_global_mag1.5,xgb,per_subgroup_baseline_relative[min_pos],BalAcc,-0.6316541353383458,0.12165169565478452,-0.6703748910378534,0.09516472306902704,20
credit,variance_global_mag1.5,xgb,per_subgroup_ewma[maj_neg],DI_star,0.3270775396271101,0.2713861925622655,0.39275297152741684,0.18438722188457832,20
credit,variance_global_mag1.5,xgb,per_subgroup_ewma[maj_neg],AOD_star,0.3145864661654135,0.2950472509973674,0.4457209611041004,0.21431414322555456,20
credit,variance_global_mag1.5,xgb,per_subgroup_ewma[maj_neg],BalAcc,-0.48578947368421044,0.3772768630868541,-0.5872489953907845,0.2541502613787131,20
credit,variance_global_mag1.5,xgb,per_subgroup_baseline_relative[maj_neg],DI_star,0.13001309424750768,0.2912980719009419,0.23331045880055634,0.21080910206143216,20
credit,variance_global_mag1.5,xgb,per_subgroup_baseline_relative[maj_neg],AOD_star,0.13941454548036514,0.2808682622603729,0.3452287716359463,0.2002445077687793,20
credit,variance_global_mag1.5,xgb,per_subgroup_baseline_relative[maj_neg],BalAcc,-0.1694173846650955,0.32118225744776324,-0.3654837824689828,0.2051387281673248,20
credit,variance_global_mag1.5,xgb,per_subgroup_ewma[maj_pos],DI_star,0.4670401577579252,0.10268759467302563,0.4529459048429019,0.09150398860242133,20
credit,variance_global_mag1.5,xgb,per_subgroup_ewma[maj_pos],AOD_star,0.4415037593984962,0.16543226141423004,0.4437069760512268,0.17931307205884078,20
credit,variance_global_mag1.5,xgb,per_subgroup_ewma[maj_pos],BalAcc,-0.6516541353383458,0.10367903066005828,-0.635437072605088,0.09747718952584128,20
credit,variance_global_mag1.5,xgb,per_subgroup_baseline_relative[maj_pos],DI_star,0.46230280657479605,0.10933249503878914,0.4794512898379716,0.09515479837843636,20
credit,variance_global_mag1.5,xgb,per_subgroup_baseline_relative[maj_pos],AOD_star,0.4356390977443609,0.17055648113404037,0.5093812176774368,0.15772307438137478,20
credit,variance_global_mag1.5,xgb,per_subgroup_baseline_relative[maj_pos],BalAcc,-0.6454887218045112,0.10171003823894964,-0.6885432717943847,0.0910754079428517,20
credit,variance_global_mag2.0,lr,global_mean,DI_star,0.9699999999999998,0.01206269074926428,0.9220774959374467,0.02221356998920324,20
credit,variance_global_mag2.0,lr,global_mean,AOD_star,0.7838345864661653,0.06881054963179532,0.7376094046299382,0.09417712712317912,20
credit,variance_global_mag2.0,lr,global_mean,BalAcc,-0.33488721804511273,0.2214328988432984,-0.3260784809176319,0.2508497534695879,20
credit,variance_global_mag2.0,lr,global_ewma,DI_star,0.9701503759398493,0.01059350201944087,0.9752505946682986,0.00980795813027338,20
credit,variance_global_mag2.0,lr,global_ewma,AOD_star,0.784812030075188,0.06999495229048537,0.7758037592210926,0.07942643504430759,20
credit,variance_global_mag2.0,lr,global_ewma,BalAcc,-0.3321052631578948,0.2216269328652266,-0.339517227313424,0.23602633581395083,20
credit,variance_global_mag2.0,lr,global_std,DI_star,0.5949624060150376,0.15926102385119187,0.6134475053305055,0.17084070224220585,20
credit,variance_global_mag2.0,lr,global_std,AOD_star,0.4636090225563909,0.2048455362168141,0.4776930180781999,0.19824477085747874,20
credit,variance_global_mag2.0,lr,global_std,BalAcc,-0.19037593984962403,0.23330932471127236,-0.231205299895005,0.22296492455062003,20
credit,variance_global_mag2.0,lr,subgroup_violation_diff,DI_star,-0.2190977443609022,0.48186704652692025,-0.18629755334694037,0.40839314376141844,20
credit,variance_global_mag2.0,lr,subgroup_violation_diff,AOD_star,-0.15037593984962402,0.3899199115878211,-0.14923362530553158,0.3147734030221896,20
credit,variance_global_mag2.0,lr,subgroup_violation_diff,BalAcc,0.08233082706766916,0.226433349428216,0.08565475293109456,0.2467893738287764,20
credit,variance_global_mag2.0,lr,max_subgroup_deviation,DI_star,0.576015037593985,0.2409252873073053,0.6831634351247804,0.14847950050275577,20
credit,variance_global_mag2.0,lr,max_subgroup_deviation,AOD_star,0.44330827067669176,0.2480102740782963,0.5473137932424526,0.1505657668902212,20
credit,variance_global_mag2.0,lr,max_subgroup_deviation,BalAcc,-0.21654135338345865,0.23262773932316438,-0.25992928289997747,0.27933509083608626,20
credit,variance_global_mag2.0,lr,assignment_proportion_drift,DI_star,0.12858299399485146,0.13435477102895751,0.6057081236281575,0.07291664151276513,20
credit,variance_global_mag2.0,lr,assignment_proportion_drift,AOD_star,0.10020738961697942,0.18259890061051748,0.4925355682295212,0.14473800523171346,20
credit,variance_global_mag2.0,lr,assignment_proportion_drift,BalAcc,-0.10101783947512304,0.24915130086931275,-0.22046281842406165,0.26807652642068674,20
credit,variance_global_mag2.0,lr,ks_statistic,DI_star,0.968421052631579,0.013118092323347002,0.7585188165124392,0.027287955301014525,20
credit,variance_global_mag2.0,lr,ks_statistic,AOD_star,0.778721804511278,0.07458597350067706,0.6140366400714915,0.11761637700510806,20
credit,variance_global_mag2.0,lr,ks_statistic,BalAcc,-0.34075187969924803,0.22769539285454674,-0.26960056197084603,0.2540952405595488,20
credit,variance_global_mag2.0,lr,kl_divergence,DI_star,0.9230827067669173,0.030866561900603665,0.8775400006303513,0.03622272815311656,20
credit,variance_global_mag2.0,lr,kl_divergence,AOD_star,0.7610526315789472,0.079145330035554,0.6816322976370509,0.09916695631237056,20
credit,variance_global_mag2.0,lr,kl_divergence,BalAcc,-0.31781954887218045,0.2252746390761968,-0.3086417440281828,0.2014844039284497,20
credit,variance_global_mag2.0,lr,per_subgroup_ewma[min_neg],DI_star,0.9161084392386677,0.07442174676228194,0.9535415285555399,0.024272309815635745,20
credit,variance_global_mag2.0,lr,per_subgroup_ewma[min_neg],AOD_star,0.7388137354865705,0.10781813070288006,0.7610155925186407,0.08350949275649104,20
credit,variance_global_mag2.0,lr,per_subgroup_ewma[min_neg],BalAcc,-0.34429414235260536,0.21727591627019363,-0.33618193984866174,0.24123244785062564,20
credit,variance_global_mag2.0,lr,per_subgroup_baseline_relative[min_neg],DI_star,0.7763690144574602,0.09925733823399939,0.8301939427738635,0.044184868827850055,20
credit,variance_global_mag2.0,lr,per_subgroup_baseline_relative[min_neg],AOD_star,0.606253667703946,0.14103892943566307,0.6579830154921227,0.1170145837919113,20
credit,variance_global_mag2.0,lr,per_subgroup_baseline_relative[min_neg],BalAcc,-0.3199314458783921,0.22488809183982794,-0.3301078655074943,0.2513263758891465,20
credit,variance_global_mag2.0,lr,per_subgroup_ewma[min_pos],DI_star,0.9714285714285712,0.011897768688633086,0.9726189102001355,0.012487146492043737,20
credit,variance_global_mag2.0,lr,per_subgroup_ewma[min_pos],AOD_star,0.7854887218045111,0.06722540371152663,0.7699557000429106,0.08661668783915515,20
credit,variance_global_mag2.0,lr,per_subgroup_ewma[min_pos],BalAcc,-0.33488721804511273,0.22373448604142268,-0.3380063075833353,0.23742724527584147,20
credit,variance_global_mag2.0,lr,per_subgroup_baseline_relative[min_pos],DI_star,0.9381954887218045,0.06347378930615656,0.9002909187048393,0.04360671054581147,20
credit,variance_global_mag2.0,lr,per_subgroup_baseline_relative[min_pos],AOD_star,0.7558646616541352,0.08893726227869432,0.7160578072789069,0.11439350824993684,20
credit,variance_global_mag2.0,lr,per_subgroup_baseline_relative[min_pos],BalAcc,-0.3124060150375939,0.23089777516628998,-0.3093307630222585,0.2544280365200855,20
credit,variance_global_mag2.0,lr,per_subgroup_ewma[maj_neg],DI_star,0.8961654135338346,0.12021940388701005,0.9223543268832033,0.03642412205012323,20
credit,variance_global_mag2.0,lr,per_subgroup_ewma[maj_neg],AOD_star,0.7394736842105263,0.1336916318550366,0.751261682390183,0.0871197617995769,20
credit,variance_global_mag2.0,lr,per_subgroup_ewma[maj_neg],BalAcc,-0.2799248120300752,0.21348049476760356,-0.29794519394408614,0.24843302832154726,20
credit,variance_global_mag2.0,lr,per_subgroup_baseline_relative[maj_neg],DI_star,0.44044727781538445,0.23171165322407442,0.6353600793936777,0.1450315980112654,20
credit,variance_global_mag2.0,lr,per_subgroup_baseline_relative[maj_neg],AOD_star,0.3550038011068609,0.2448269274893851,0.5140512447322587,0.16559729521094824,20
credit,variance_global_mag2.0,lr,per_subgroup_baseline_relative[maj_neg],BalAcc,-0.1294154184367882,0.21681127010825102,-0.2102518584415451,0.26135721926768934,20
credit,variance_global_mag2.0,lr,per_subgroup_ewma[maj_pos],DI_star,0.9683458646616542,0.010115227364561788,0.9750333253852199,0.009753170614154448,20
credit,variance_global_mag2.0,lr,per_subgroup_ewma[maj_pos],AOD_star,0.783233082706767,0.07341407440976633,0.7759885187578516,0.07715775830170708,20
credit,variance_global_mag2.0,lr,per_subgroup_ewma[maj_pos],BalAcc,-0.3334586466165413,0.22574021931534782,-0.33966664249361567,0.2333608460868491,20
credit,variance_global_mag2.0,lr,per_subgroup_baseline_relative[maj_pos],DI_star,0.9671428571428571,0.01243014286241625,0.9290333973375292,0.02224849451118683,20
credit,variance_global_mag2.0,lr,per_subgroup_baseline_relative[maj_pos],AOD_star,0.7818796992481203,0.07556667783805175,0.7436410116044816,0.08992987503591005,20
credit,variance_global_mag2.0,lr,per_subgroup_baseline_relative[maj_pos],BalAcc,-0.33909774436090223,0.2202463429437093,-0.33268127867703157,0.2482843995968318,20
credit,variance_global_mag2.0,xgb,global_mean,DI_star,0.3982706766917293,0.10198690361631257,0.4623314134809515,0.08481478442294932,20
credit,variance_global_mag2.0,xgb,global_mean,AOD_star,0.4205263157894737,0.1673889394228274,0.5450418428752248,0.16393235963103747,20
credit,variance_global_mag2.0,xgb,global_mean,BalAcc,-0.5470676691729323,0.09749951983658442,-0.6829139364773819,0.0694364925321055,20
credit,variance_global_mag2.0,xgb,global_ewma,DI_star,0.3968421052631579,0.10221460919432782,0.40500196492942403,0.0724446446611565,20
credit,variance_global_mag2.0,xgb,global_ewma,AOD_star,0.4172932330827067,0.1725117474642583,0.4528360904242047,0.1797211795900279,20
credit,variance_global_mag2.0,xgb,global_ewma,BalAcc,-0.5466165413533834,0.09911531328510606,-0.5789761695878805,0.08549252054105538,20
credit,variance_global_mag2.0,xgb,global_std,DI_star,0.14015037593984964,0.17451683378859187,0.15081974981629456,0.18778898230967783,20
credit,variance_global_mag2.0,xgb,global_std,AOD_star,0.11112781954887216,0.18869568162372066,0.12030009103596666,0.19887471480221688,20
credit,variance_global_mag2.0,xgb,global_std,BalAcc,-0.11360902255639098,0.20541896920339967,-0.14651587272415975,0.2439046368862548,20
credit,variance_global_mag2.0,xgb,subgroup_violation_diff,DI_star,-0.12992481203007517,0.26267771443523563,-0.15408135583426288,0.2542208072948433,20
credit,variance_global_mag2.0,xgb,subgroup_violation_diff,AOD_star,-0.03481203007518797,0.29802761456338683,-0.1301180911736654,0.28523164352344865,20
credit,variance_global_mag2.0,xgb,subgroup_violation_diff,BalAcc,0.07992481203007518,0.3653458506580085,0.08489123093007367,0.3348688405690306,20
credit,variance_global_mag2.0,xgb,max_subgroup_deviation,DI_star,0.30488721804511276,0.19633010087124284,0.37972570225282926,0.17555507637060802,20
credit,variance_global_mag2.0,xgb,max_subgroup_deviation,AOD_star,0.35774436090225564,0.1703785943027296,0.5141505573479336,0.17165416532668312,20
credit,variance_global_mag2.0,xgb,max_subgroup_deviation,BalAcc,-0.4809774436090225,0.14647286193025547,-0.6564784530788337,0.09913738790857059,20
credit,variance_global_mag2.0,xgb,assignment_proportion_drift,DI_star,0.23949305838126372,0.16968160967405285,0.383818885592873,0.16558476596660365,20
credit,variance_global_mag2.0,xgb,assignment_proportion_drift,AOD_star,0.32093152495880806,0.17545325466419362,0.5353063638688934,0.15056008090882092,20
credit,variance_global_mag2.0,xgb,assignment_proportion_drift,BalAcc,-0.3619902297257741,0.12605840722146755,-0.6532391506776489,0.10064652024830768,20
credit,variance_global_mag2.0,xgb,ks_statistic,DI_star,0.40428571428571425,0.09849827811701907,0.44010678073205334,0.12963729319991416,20
credit,variance_global_mag2.0,xgb,ks_statistic,AOD_star,0.4159398496240601,0.16217499581247397,0.5743871033607388,0.1457101987696559,20
credit,variance_global_mag2.0,xgb,ks_statistic,BalAcc,-0.5490977443609022,0.10506778324077956,-0.7003396728509763,0.08339379469333034,20
credit,variance_global_mag2.0,xgb,kl_divergence,DI_star,0.3796240601503759,0.11169448145760374,0.30746338272741286,0.10257463910408537,20
credit,variance_global_mag2.0,xgb,kl_divergence,AOD_star,0.41601503759398495,0.16786985192143863,0.34940682895210173,0.17583936270189018,20
credit,variance_global_mag2.0,xgb,kl_divergence,BalAcc,-0.5444360902255638,0.11112718365420839,-0.4690755723187115,0.11123525738756451,20
credit,variance_global_mag2.0,xgb,per_subgroup_ewma[min_neg],DI_star,0.35421903922899156,0.12637386013214635,0.39467465729379936,0.07533828527049094,20
credit,variance_global_mag2.0,xgb,per_subgroup_ewma[min_neg],AOD_star,0.33248538875886063,0.18978601299191167,0.42196124230274,0.18084911292211456,20
credit,variance_global_mag2.0,xgb,per_subgroup_ewma[min_neg],BalAcc,-0.47019669495379146,0.1496195946492594,-0.55027611959284,0.10460220801839364,20
credit,variance_global_mag2.0,xgb,per_subgroup_baseline_relative[min_neg],DI_star,0.31499493545035223,0.14379380944883186,0.40578391433123445,0.11251033582330565,20
credit,variance_global_mag2.0,xgb,per_subgroup_baseline_relative[min_neg],AOD_star,0.3009456089549117,0.15619113256699074,0.45734665624732046,0.14555528576860616,20
credit,variance_global_mag2.0,xgb,per_subgroup_baseline_relative[min_neg],BalAcc,-0.4316945722050577,0.12428488437125215,-0.6184070073727315,0.12190079504210288,20
credit,variance_global_mag2.0,xgb,per_subgroup_ewma[min_pos],DI_star,0.3971428571428571,0.10171784718735162,0.4013164863542036,0.0662991834324326,20
credit,variance_global_mag2.0,xgb,per_subgroup_ewma[min_pos],AOD_star,0.4170676691729322,0.1731363784750988,0.4562420109144689,0.17917554862345525,20
credit,variance_global_mag2.0,xgb,per_subgroup_ewma[min_pos],BalAcc,-0.5459398496240601,0.10021682074121908,-0.584814107309944,0.08825564094895162,20
credit,variance_global_mag2.0,xgb,per_subgroup_baseline_relative[min_pos],DI_star,0.37187969924812025,0.1205440209510787,0.43436628921302534,0.09273081114892585,20
credit,variance_global_mag2.0,xgb,per_subgroup_baseline_relative[min_pos],AOD_star,0.4015037593984963,0.19076241520779308,0.5270331946096736,0.16432157254866284,20
credit,variance_global_mag2.0,xgb,per_subgroup_baseline_relative[min_pos],BalAcc,-0.5288721804511278,0.10846901215762504,-0.6747004706249605,0.0688764377685851,20
credit,variance_global_mag2.0,xgb,per_subgroup_ewma[maj_neg],DI_star,0.33308270676691726,0.15683388699552445,0.3981800592311867,0.10283845973033022,20
credit,variance_global_mag2.0,xgb,per_subgroup_ewma[maj_neg],AOD_star,0.3224060150375939,0.20089032425963382,0.4636069459376667,0.1914995206495632,20
credit,variance_global_mag2.0,xgb,per_subgroup_ewma[maj_neg],BalAcc,-0.46661654135338343,0.1724059330620294,-0.6026144522277317,0.13932931088215045,20
credit,variance_global_mag2.0,xgb,per_subgroup_baseline_relative[maj_neg],DI_star,0.24278754101519634,0.2075220757200239,0.33554293474821195,0.18275259152614445,20
credit,variance_global_mag2.0,xgb,per_subgroup_baseline_relative[maj_neg],AOD_star,0.2677214482544241,0.18146188753174014,0.4235267241000919,0.17429790805482076,20
credit,variance_global_mag2.0,xgb,per_subgroup_baseline_relative[maj_neg],BalAcc,-0.3775925831802405,0.160093272660924,-0.5669333099398888,0.13027284539892975,20
credit,variance_global_mag2.0,xgb,per_subgroup_ewma[maj_pos],DI_star,0.398796992481203,0.09984622695552792,0.4025264584665031,0.07697868825247246,20
credit,variance_global_mag2.0,xgb,per_subgroup_ewma[maj_pos],AOD_star,0.4181954887218045,0.17140739877165778,0.44628193200300925,0.18068423218549107,20
credit,variance_global_mag2.0,xgb,per_subgroup_ewma[maj_pos],BalAcc,-0.5450375939849624,0.0996964979944813,-0.572069939895132,0.08781842291185202,20
credit,variance_global_mag2.0,xgb,per_subgroup_baseline_relative[maj_pos],DI_star,0.39563909774436085,0.09982391642971895,0.46517486456841783,0.08686692061288204,20
credit,variance_global_mag2.0,xgb,per_subgroup_baseline_relative[maj_pos],AOD_star,0.41578947368421043,0.16478794895692886,0.5398792001027917,0.16385159318566703,20
credit,variance_global_mag2.0,xgb,per_subgroup_baseline_relative[maj_pos],BalAcc,-0.5436842105263158,0.10017168257628185,-0.6748420318281187,0.07420975561035571,20
credit,variance_global_mag2.5,lr,global_mean,DI_star,0.9773684210526314,0.007718769307790386,0.9173878884255628,0.02398794943351984,20
credit,variance_global_mag2.5,lr,global_mean,AOD_star,0.8455639097744362,0.051577193683333154,0.7946316200039398,0.07388035513345481,20
credit,variance_global_mag2.5,lr,global_mean,BalAcc,-0.4150375939849623,0.2049574963969376,-0.42162773318649743,0.2265008272467487,20
credit,variance_global_mag2.5,lr,global_ewma,DI_star,0.9763157894736842,0.007826413990457266,0.9820434707779153,0.007219313243858489,20
credit,variance_global_mag2.5,lr,global_ewma,AOD_star,0.8450375939849624,0.05285126011392775,0.8471844512013371,0.057089919643336345,20
credit,variance_global_mag2.5,lr,global_ewma,BalAcc,-0.4129323308270677,0.20331383184101248,-0.44137309905926597,0.2110632487432826,20
credit,variance_global_mag2.5,lr,global_std,DI_star,0.8045112781954888,0.08521819238395628,0.8123249568714522,0.08768382676325445,20
credit,variance_global_mag2.5,lr,global_std,AOD_star,0.6897744360902256,0.1444291035638039,0.6875216307597235,0.13190278595341853,20
credit,variance_global_mag2.5,lr,global_std,BalAcc,-0.32390977443609015,0.22304224553308646,-0.3653093528422816,0.21378817660566984,20
credit,variance_global_mag2.5,lr,subgroup_violation_diff,DI_star,-0.29541353383458646,0.5289342972023724,-0.21665031717055366,0.5003116038991883,20
credit,variance_global_mag2.5,lr,subgroup_violation_diff,AOD_star,-0.24413533834586465,0.47994390607280973,-0.16644879037716395,0.4595595081770003,20
credit,variance_global_mag2.5,lr,subgroup_violation_diff,BalAcc,0.09481203007518794,0.2792694065520257,0.09040245643337148,0.30527880108285094,20
credit,variance_global_mag2.5,lr,max_subgroup_deviation,DI_star,0.6997744360902255,0.17368666795123802,0.7340723787137436,0.11434755530726026,20
credit,variance_global_mag2.5,lr,max_subgroup_deviation,AOD_star,0.5881954887218044,0.17983433120788747,0.6381517848701102,0.12472901825495297,20
credit,variance_global_mag2.5,lr,max_subgroup_deviation,BalAcc,-0.28315789473684205,0.22512242509518998,-0.34247833159289937,0.2676693455663739,20
credit,variance_global_mag2.5,lr,assignment_proportion_drift,DI_star,0.24895681416062052,0.13768534958815012,0.6520386092953142,0.0569952953967898,20
credit,variance_global_mag2.5,lr,assignment_proportion_drift,AOD_star,0.19444687486177434,0.1749163987294668,0.5737205581496551,0.11455899727027216,20
credit,variance_global_mag2.5,lr,assignment_proportion_drift,BalAcc,-0.12860438364482257,0.1640625283171503,-0.2988346324293717,0.2460259186586211,20
credit,variance_global_mag2.5,lr,ks_statistic,DI_star,0.9731578947368419,0.009537616953274005,0.7777551544824108,0.02644011696301606,20
credit,variance_global_mag2.5,lr,ks_statistic,AOD_star,0.8425563909774436,0.06004332579359424,0.6792524085446972,0.09432381158141881,20
credit,variance_global_mag2.5,lr,ks_statistic,BalAcc,-0.4141353383458647,0.21103397438769111,-0.36113653007968216,0.2412651942076076,20
credit,variance_global_mag2.5,lr,kl_divergence,DI_star,0.9354135338345863,0.030223225884960143,0.8814954414192362,0.029345277701925278,20
credit,variance_global_mag2.5,lr,kl_divergence,AOD_star,0.8234586466165412,0.07328941342196311,0.7611265840476878,0.07255162309706689,20
credit,variance_global_mag2.5,lr,kl_divergence,BalAcc,-0.4175187969924812,0.20838940998176714,-0.4100374679446207,0.19256940216319382,20
credit,variance_global_mag2.5,lr,per_subgroup_ewma[min_neg],DI_star,0.9415220862016687,0.03913897845544295,0.9686395824875346,0.016598967564664883,20
credit,variance_global_mag2.5,lr,per_subgroup_ewma[min_neg],AOD_star,0.8181001426838245,0.07044747838710212,0.83894497357151,0.06383412625706995,20
credit,variance_global_mag2.5,lr,per_subgroup_ewma[min_neg],BalAcc,-0.4138455882044897,0.21171002440080963,-0.4384425923970242,0.21657366019516644,20
credit,variance_global_mag2.5,lr,per_subgroup_baseline_relative[min_neg],DI_star,0.8279854433183826,0.08689878010929392,0.8467690346285277,0.03994665067078194,20
credit,variance_global_mag2.5,lr,per_subgroup_baseline_relative[min_neg],AOD_star,0.7199766998439799,0.08984826865528253,0.7391148497918616,0.07221362758805737,20
credit,variance_global_mag2.5,lr,per_subgroup_baseline_relative[min_neg],BalAcc,-0.40626081495647093,0.24048142278570653,-0.4149518215524644,0.24756775925729035,20
credit,variance_global_mag2.5,lr,per_subgroup_ewma[min_pos],DI_star,0.9772932330827067,0.008371227464491277,0.981875580353347,0.007589507807296511,20
credit,variance_global_mag2.5,lr,per_subgroup_ewma[min_pos],AOD_star,0.8452631578947367,0.052413943154959015,0.8465958802379422,0.058406893443648036,20
credit,variance_global_mag2.5,lr,per_subgroup_ewma[min_pos],BalAcc,-0.4173684210526315,0.2053600669085195,-0.44153855579799545,0.2096169954683846,20
credit,variance_global_mag2.5,lr,per_subgroup_baseline_relative[min_pos],DI_star,0.9572180451127819,0.055338499100801235,0.9063472229433316,0.02747867265124274,20
credit,variance_global_mag2.5,lr,per_subgroup_baseline_relative[min_pos],AOD_star,0.8247368421052631,0.08873005568870229,0.7896380968776733,0.07059723562534416,20
credit,variance_global_mag2.5,lr,per_subgroup_baseline_relative[min_pos],BalAcc,-0.41466165413533823,0.20393376830022308,-0.41057613009884336,0.22145416690539096,20
credit,variance_global_mag2.5,lr,per_subgroup_ewma[maj_neg],DI_star,0.9623308270676689,0.022683725799222676,0.9524250260674855,0.022509787828404428,20
credit,variance_global_mag2.5,lr,per_subgroup_ewma[maj_neg],AOD_star,0.8400751879699246,0.05098670264351529,0.8327462077698197,0.06077561073592629,20
credit,variance_global_mag2.5,lr,per_subgroup_ewma[maj_neg],BalAcc,-0.41270676691729313,0.21275112027176163,-0.4237799763831088,0.23321914178631342,20
credit,variance_global_mag2.5,lr,per_subgroup_baseline_relative[maj_neg],DI_star,0.603615436285064,0.18309206665602026,0.6878369089772066,0.12099496635984709,20
credit,variance_global_mag2.5,lr,per_subgroup_baseline_relative[maj_neg],AOD_star,0.516903623388228,0.18861808364074198,0.6011601062766875,0.1379523401583061,20
credit,variance_global_mag2.5,lr,per_subgroup_baseline_relative[maj_neg],BalAcc,-0.2189824442708052,0.2569619756676561,-0.3253188434453748,0.26955852134096586,20
credit,variance_global_mag2.5,lr,per_subgroup_ewma[maj_pos],DI_star,0.9749624060150375,0.006610985363798285,0.9814725618593627,0.007252703723489161,20
credit,variance_global_mag2.5,lr,per_subgroup_ewma[maj_pos],AOD_star,0.8438345864661654,0.053340605483444735,0.8466596828681497,0.05659049240541643,20
credit,variance_global_mag2.5,lr,per_subgroup_ewma[maj_pos],BalAcc,-0.4140601503759398,0.2084132814356962,-0.44102556238326934,0.21038683802185282,20
credit,variance_global_mag2.5,lr,per_subgroup_baseline_relative[maj_pos],DI_star,0.9748120300751879,0.007471656734718732,0.9223663202392967,0.026851874480875976,20
credit,variance_global_mag2.5,lr,per_subgroup_baseline_relative[maj_pos],AOD_star,0.8428571428571429,0.054326104983033884,0.7972317151901994,0.07590011951793495,20
credit,variance_global_mag2.5,lr,per_subgroup_baseline_relative[maj_pos],BalAcc,-0.41691729323308274,0.20262167453858532,-0.42539159313211955,0.2273062104628119,20
credit,variance_global_mag2.5,xgb,global_mean,DI_star,0.3644360902255639,0.0929382617276745,0.444815572898805,0.09452461285743798,20
credit,variance_global_mag2.5,xgb,global_mean,AOD_star,0.391578947368421,0.16689927424247517,0.5470196726562587,0.1650795305456128,20
credit,variance_global_mag2.5,xgb,global_mean,BalAcc,-0.5062406015037595,0.10758478967448398,-0.6816196427405652,0.06850238935416125,20
credit,variance_global_mag2.5,xgb,global_ewma,DI_star,0.3635338345864661,0.09275145426698995,0.376923219055459,0.0724413895705088,20
credit,variance_global_mag2.5,xgb,global_ewma,AOD_star,0.3889473684210526,0.17069376550021775,0.43579746295883304,0.17806650697915732,20
credit,variance_global_mag2.5,xgb,global_ewma,BalAcc,-0.5060902255639097,0.10916555309678616,-0.5590687075810417,0.08586424058341442,20
credit,variance_global_mag2.5,xgb,global_std,DI_star,0.1985714285714286,0.12043833767618858,0.21254657254634549,0.13090730574727935,20
credit,variance_global_mag2.5,xgb,global_std,AOD_star,0.15954887218045113,0.1759828364682619,0.19535874081511995,0.16492383901112218,20
credit,variance_global_mag2.5,xgb,global_std,BalAcc,-0.23556390977443606,0.20102134768785698,-0.2623153138613377,0.19680248676657977,20
credit,variance_global_mag2.5,xgb,subgroup_violation_diff,DI_star,-0.09646616541353384,0.21093744764217745,-0.07782932194158683,0.26022729771027475,20
credit,variance_global_mag2.5,xgb,subgroup_violation_diff,AOD_star,-0.0806766917293233,0.2982930597673072,-0.08900912964687897,0.31411685677947254,20
credit,variance_global_mag2.5,xgb,subgroup_violation_diff,BalAcc,0.07165413533834585,0.33794036686925455,0.0883382944346743,0.36534318805356086,20
credit,variance_global_mag2.5,xgb,max_subgroup_deviation,DI_star,0.28699248120300747,0.18080433790210154,0.40701557085918605,0.17547146350493603,20
credit,variance_global_mag2.5,xgb,max_subgroup_deviation,AOD_star,0.3628571428571428,0.17955485437320848,0.54969713057413,0.1630649999904115,20
credit,variance_global_mag2.5,xgb,max_subgroup_deviation,BalAcc,-0.4681203007518796,0.1557092573695369,-0.6770250179354806,0.1126355526500024,20
credit,variance_global_mag2.5,xgb,assignment_proportion_drift,DI_star,0.28770607253326164,0.19701682408779217,0.4250826439727654,0.16076624053391306,20
credit,variance_global_mag2.5,xgb,assignment_proportion_drift,AOD_star,0.36717750214892,0.17115275481082115,0.5852475205249781,0.14601204034321,20
credit,variance_global_mag2.5,xgb,assignment_proportion_drift,BalAcc,-0.42021801300067174,0.14065252735863096,-0.6807219247117878,0.10631018191083898,20
credit,variance_global_mag2.5,xgb,ks_statistic,DI_star,0.3667669172932331,0.09397822532244403,0.45606109371964687,0.13184339364822484,20
credit,variance_global_mag2.5,xgb,ks_statistic,AOD_star,0.3875187969924812,0.1623225210048553,0.5947712064163869,0.15125216290568147,20
credit,variance_global_mag2.5,xgb,ks_statistic,BalAcc,-0.50593984962406,0.11414957760345551,-0.7134008872727203,0.08476892261394353,20
credit,variance_global_mag2.5,xgb,kl_divergence,DI_star,0.36443609022556384,0.11992353924890854,0.2739876180232249,0.13575527270272614,20
credit,variance_global_mag2.5,xgb,kl_divergence,AOD_star,0.38248120300751876,0.13418832612666215,0.33450326895946036,0.17380580295021822,20
credit,variance_global_mag2.5,xgb,kl_divergence,BalAcc,-0.4943609022556391,0.11345251780932471,-0.42047100111232716,0.11774461780791605,20
credit,variance_global_mag2.5,xgb,per_subgroup_ewma[min_neg],DI_star,0.32925683118867954,0.09985890690429382,0.3734084344413802,0.07225433310616208,20
credit,variance_global_mag2.5,xgb,per_subgroup_ewma[min_neg],AOD_star,0.32421493832396064,0.18620215625176184,0.4151905163924309,0.17979821925658918,20
credit,variance_global_mag2.5,xgb,per_subgroup_ewma[min_neg],BalAcc,-0.4317004260701841,0.15252074764021023,-0.5356389422330863,0.09935873542740568,20
credit,variance_global_mag2.5,xgb,per_subgroup_baseline_relative[min_neg],DI_star,0.30988028030585013,0.12055617756134211,0.43250157726334554,0.10351281789227858,20
credit,variance_global_mag2.5,xgb,per_subgroup_baseline_relative[min_neg],AOD_star,0.33882068327180104,0.1316210923164869,0.4948373752986751,0.17017514177250095,20
credit,variance_global_mag2.5,xgb,per_subgroup_baseline_relative[min_neg],BalAcc,-0.4152930080885099,0.1875261919074987,-0.62406049399242,0.13516799566753765,20
credit,variance_global_mag2.5,xgb,per_subgroup_ewma[min_pos],DI_star,0.3642857142857142,0.0927794871779168,0.37478539032333147,0.07207449233045986,20
credit,variance_global_mag2.5,xgb,per_subgroup_ewma[min_pos],AOD_star,0.38939849624060147,0.17224543213508284,0.4405530911153588,0.17543748264032935,20
credit,variance_global_mag2.5,xgb,per_subgroup_ewma[min_pos],BalAcc,-0.5047368421052629,0.10882717779658453,-0.5628406660797163,0.08490785415115848,20
credit,variance_global_mag2.5,xgb,per_subgroup_baseline_relative[min_pos],DI_star,0.36203007518796987,0.10372547663871684,0.43898526444625985,0.09355426899647483,20
credit,variance_global_mag2.5,xgb,per_subgroup_baseline_relative[min_pos],AOD_star,0.3815037593984962,0.17606710904301742,0.5454264480214479,0.16104013658066502,20
credit,variance_global_mag2.5,xgb,per_subgroup_baseline_relative[min_pos],BalAcc,-0.5021052631578946,0.10029173342688887,-0.6730836207387934,0.06411189585923596,20
credit,variance_global_mag2.5,xgb,per_subgroup_ewma[maj_neg],DI_star,0.34451127819548866,0.10056530812041638,0.39512588247473795,0.08980050131934185,20
credit,variance_global_mag2.5,xgb,per_subgroup_ewma[maj_neg],AOD_star,0.35541353383458646,0.1867825807968118,0.4723177245702125,0.18486271891902728,20
credit,variance_global_mag2.5,xgb,per_subgroup_ewma[maj_neg],BalAcc,-0.4813533834586467,0.10969087354079347,-0.6037041870321794,0.09762746367797082,20
credit,variance_global_mag2.5,xgb,per_subgroup_baseline_relative[maj_neg],DI_star,0.2824787776119254,0.16044581883336256,0.3844857020065673,0.17659575525288904,20
credit,variance_global_mag2.5,xgb,per_subgroup_baseline_relative[maj_neg],AOD_star,0.30236466499815184,0.15611850507316125,0.49898362676203467,0.165460765835937,20
credit,variance_global_mag2.5,xgb,per_subgroup_baseline_relative[maj_neg],BalAcc,-0.4211193738311943,0.14202477383554027,-0.6299697103264856,0.1233193938339864,20
credit,variance_global_mag2.5,xgb,per_subgroup_ewma[maj_pos],DI_star,0.3656390977443608,0.09282505305307433,0.3759225539171985,0.07412659694868426,20
credit,variance_global_mag2.5,xgb,per_subgroup_ewma[maj_pos],AOD_star,0.3896992481203007,0.16930439336652178,0.4308001315316964,0.17782936544168484,20
credit,variance_global_mag2.5,xgb,per_subgroup_ewma[maj_pos],BalAcc,-0.5045864661654136,0.10921007984586438,-0.5531802342167871,0.08903431877431504,20
credit,variance_global_mag2.5,xgb,per_subgroup_baseline_relative[maj_pos],DI_star,0.36473684210526314,0.09284721873241038,0.4454736568064385,0.09480470085895597,20
credit,variance_global_mag2.5,xgb,per_subgroup_baseline_relative[maj_pos],AOD_star,0.39676691729323305,0.16616662130000287,0.542313107087929,0.16278610576221067,20
credit,variance_global_mag2.5,xgb,per_subgroup_baseline_relative[maj_pos],BalAcc,-0.504812030075188,0.11278305763871908,-0.6734542267158174,0.07562595218739296,20
